{
"type": "FeatureCollection",
"name": "pluto_Flushing_Meadows-Corona_Park",
"crs": { "type": "name", "properties": { "name": "urn:ogc:def:crs:OGC:1.3:CRS84" } },
"features": [
{ "type": "Feature", "properties": { "Borough": "QN", "Block": 1787, "Lot": 2, "CD": 403, "BCT2020": "4038302", "BCTCB2020": "40383021010", "CT2010": "383.02", "CB2010": "1027", "SchoolDist": "25", "Council": 21, "ZipCode": 11368, "FireComp": "E316", "PolicePrct": 115, "HealthCent": 43, "HealthArea": 1200, "Sanitboro": "4", "SanitDistr": "03", "SanitSub": "3C", "Address": "123-01 ROOSEVELT AVENUE", "ZoneDist1": "R3-2", "ZoneDist2": null, "ZoneDist3": null, "ZoneDist4": null, "Overlay1": null, "Overlay2": null, "SPDist1": null, "SPDist2": null, "SPDist3": null, "LtdHeight": null, "SplitZone": "N", "BldgClass": "Q1", "LandUse": "09", "Easements": 0, "OwnerType": "C", "OwnerName": "NYC DEPARTMENT OF PARKS AND RECREATION", "LotArea": 1304823, "BldgArea": 0, "ComArea": 0, "ResArea": 0, "OfficeArea": 0, "RetailArea": 0, "GarageArea": 0, "StrgeArea": 0, "FactryArea": 0, "OtherArea": 0, "AreaSource": "7", "NumBldgs": 0, "NumFloors": 0.0, "UnitsRes": 0, "UnitsTotal": 0, "LotFront": 110.92, "LotDepth": 2377.0, "BldgFront": 0.0, "BldgDepth": 0.0, "Ext": "N", "ProxCode": "0", "IrrLotCode": "Y", "LotType": "3", "BsmtCode": "0", "AssessLand": 17622900.0, "AssessTot": 17622900.0, "ExemptTot": 17622900.0, "YearBuilt": 0, "YearAlter1": 0, "YearAlter2": 0, "HistDist": null, "Landmark": null, "BuiltFAR": 0.0, "ResidFAR": 0.75, "CommFAR": 0.0, "FacilFAR": 1.0, "BoroCode": 4, "BBL": 4017870002.0, "CondoNo": 0, "Tract2010": "038302", "XCoord": 1024797, "YCoord": 215408, "ZoneMap": "10b", "ZMCode": null, "Sanborn": "419 023", "TaxMap": "41004", "EDesigNum": null, "APPBBL": 4017870002.0, "APPDate": "06/08/2007", "PLUTOMapID": "1", "FIRM07_FLA": null, "PFIRM15_FL": null, "Version": "25v4", "DCPEdited": "t", "Latitude": 40.7578287, "Longitude": -73.8536422, "Notes": null, "Shape_Leng": 0.0, "Shape_Area": 285046.59176899999 }, "geometry": { "type": "MultiPolygon", "coordinates": [ [ [ [ -73.850613519336164, 40.758225872011188 ], [ -73.851142878030771, 40.758017674316029 ], [ -73.852505839218296, 40.757531637536381 ], [ -73.852942338955955, 40.757410297927372 ], [ -73.85348514157144, 40.757337138617658 ], [ -73.853900572920679, 40.757343846027602 ], [ -73.854376706523041, 40.757379459418765 ], [ -73.854539968525742, 40.757317194930337 ], [ -73.854843454787712, 40.757248094916399 ], [ -73.854910903207369, 40.757371804366421 ], [ -73.855019977665592, 40.757353636286723 ], [ -73.855456890483168, 40.758185602075017 ], [ -73.854713472977579, 40.758291525663083 ], [ -73.854242978553117, 40.758343855416065 ], [ -73.85397939318419, 40.758322963644844 ], [ -73.853705120018333, 40.75826550059319 ], [ -73.853284590807419, 40.758174365281931 ], [ -73.852601888715938, 40.75808133949085 ], [ -73.852088518254803, 40.75806600621798 ], [ -73.851559134650458, 40.758083093528583 ], [ -73.851044571013077, 40.758146504365257 ], [ -73.850613519336164, 40.758225872011188 ] ] ] ] } },
{ "type": "Feature", "properties": { "Borough": "QN", "Block": 1787, "Lot": 10, "CD": 481, "BCT2020": "4038302", "BCTCB2020": "40383021089", "CT2010": "383.02", "CB2010": "1041", "SchoolDist": "25", "Council": 21, "ZipCode": 11368, "FireComp": "L129", "PolicePrct": 110, "HealthCent": 43, "HealthArea": 1200, "Sanitboro": null, "SanitDistr": null, "SanitSub": null, "Address": "ROOSEVELT AVENUE", "ZoneDist1": "C8-4", "ZoneDist2": null, "ZoneDist3": null, "ZoneDist4": null, "Overlay1": null, "Overlay2": null, "SPDist1": null, "SPDist2": null, "SPDist3": null, "LtdHeight": null, "SplitZone": "N", "BldgClass": "G6", "LandUse": "10", "Easements": 0, "OwnerType": null, "OwnerName": "NYS DEPARTMENT OF TRANSPORTATION", "LotArea": 1008705, "BldgArea": 0, "ComArea": 0, "ResArea": 0, "OfficeArea": 0, "RetailArea": 0, "GarageArea": 0, "StrgeArea": 0, "FactryArea": 0, "OtherArea": 0, "AreaSource": "7", "NumBldgs": 0, "NumFloors": 0.0, "UnitsRes": 0, "UnitsTotal": 0, "LotFront": 0.0, "LotDepth": 0.0, "BldgFront": 0.0, "BldgDepth": 0.0, "Ext": null, "ProxCode": "0", "IrrLotCode": "Y", "LotType": "0", "BsmtCode": "5", "AssessLand": 296029219.0, "AssessTot": 296029219.0, "ExemptTot": 0.0, "YearBuilt": 0, "YearAlter1": 0, "YearAlter2": 0, "HistDist": null, "Landmark": null, "BuiltFAR": 0.0, "ResidFAR": 0.0, "CommFAR": 5.0, "FacilFAR": 6.5, "BoroCode": 4, "BBL": 4017870010.0000005, "CondoNo": 0, "Tract2010": "038302", "XCoord": 1025983, "YCoord": 214483, "ZoneMap": "10b", "ZMCode": null, "Sanborn": null, "TaxMap": null, "EDesigNum": null, "APPBBL": 4017870000.9999995, "APPDate": "12/24/2025", "PLUTOMapID": "1", "FIRM07_FLA": "1", "PFIRM15_FL": "1", "Version": "25v4", "DCPEdited": "t", "Latitude": 40.7552854, "Longitude": -73.849368, "Notes": null, "Shape_Leng": 0.0, "Shape_Area": 1014950.72055 }, "geometry": { "type": "MultiPolygon", "coordinates": [ [ [ [ -73.848587168636882, 40.75736087720302 ], [ -73.848594213177023, 40.757323087681968 ], [ -73.848606067601708, 40.757285995186891 ], [ -73.84862262097694, 40.757249949770085 ], [ -73.848643716405931, 40.757215290887025 ], [ -73.848663091165832, 40.757183706759925 ], [ -73.848677341611676, 40.757150593946001 ], [ -73.848686263129977, 40.757116428705793 ], [ -73.848689727768303, 40.757081699783868 ], [ -73.848687684670097, 40.757046906898907 ], [ -73.848680163516008, 40.757012548035831 ], [ -73.848667273324423, 40.75697911684761 ], [ -73.848649196629893, 40.756947093534464 ], [ -73.848568360741652, 40.756970765124784 ], [ -73.848360389654999, 40.756664155649652 ], [ -73.848228264415255, 40.756715787694752 ], [ -73.848079343116311, 40.756495380105633 ], [ -73.84828867210571, 40.756413580318323 ], [ -73.848050803126654, 40.756061627137392 ], [ -73.848038777486437, 40.756085481959346 ], [ -73.848024748441745, 40.756108701078276 ], [ -73.84800877529085, 40.756131187274171 ], [ -73.847990922385407, 40.756152847935468 ], [ -73.847924269040035, 40.756121210596504 ], [ -73.84795254650993, 40.756084532393487 ], [ -73.847975116331313, 40.756045649475844 ], [ -73.847920530697209, 40.756032403799047 ], [ -73.847933217996385, 40.756000944225271 ], [ -73.84794134207435, 40.755968629467567 ], [ -73.847944808441994, 40.755935840227679 ], [ -73.847943576190318, 40.755902958357403 ], [ -73.84780678899331, 40.755700545010562 ], [ -73.847772675670114, 40.755680812125917 ], [ -73.847735956490155, 40.755663975363632 ], [ -73.847697059521565, 40.755650229884118 ], [ -73.847656434582262, 40.75563973565194 ], [ -73.847674780071557, 40.755597363082529 ], [ -73.847619994409996, 40.75558839806088 ], [ -73.847564205351375, 40.755584314266116 ], [ -73.847569651841084, 40.755525190482899 ], [ -73.847602441844046, 40.755526949359179 ], [ -73.847635028394151, 40.755530214510777 ], [ -73.847667292916043, 40.755534974988542 ], [ -73.847699114771629, 40.755541212646257 ], [ -73.847522531469323, 40.755279903492891 ], [ -73.847439765828909, 40.75511644796277 ], [ -73.847396679945973, 40.755130982701679 ], [ -73.847354634629568, 40.755147172098738 ], [ -73.84731374032512, 40.755164973133418 ], [ -73.84727410462088, 40.755184340019923 ], [ -73.847235833245421, 40.755205221532094 ], [ -73.847199025667678, 40.755227562838932 ], [ -73.847163779281274, 40.755251303918641 ], [ -73.847130186417942, 40.755276383490312 ], [ -73.846885494893357, 40.755081468273744 ], [ -73.846995313022816, 40.755034822118439 ], [ -73.847107082109474, 40.7549909142259 ], [ -73.847220682468631, 40.754949791195102 ], [ -73.847335993321252, 40.754911496951323 ], [ -73.847273337402669, 40.754787754310797 ], [ -73.847230620571665, 40.754793226726697 ], [ -73.847224055384061, 40.7547591913684 ], [ -73.847223073179507, 40.754724803263443 ], [ -73.847227689471438, 40.754690585558997 ], [ -73.847237833199856, 40.754657057858743 ], [ -73.847253349159374, 40.754624732206835 ], [ -73.847274001778771, 40.754594099040467 ], [ -73.847299477315829, 40.754565627275333 ], [ -73.847329387525932, 40.754539746740086 ], [ -73.847407847954656, 40.754479844530486 ], [ -73.847474721219015, 40.754530495775008 ], [ -73.847727088832542, 40.754337820479606 ], [ -73.847676737506561, 40.75423836024342 ], [ -73.84866730061178, 40.753948361518411 ], [ -73.848619436947985, 40.753853820003414 ], [ -73.848617855084029, 40.753851099298288 ], [ -73.848672881219258, 40.753834955285917 ], [ -73.848673610929609, 40.753837961239455 ], [ -73.84874497817718, 40.753978927853424 ], [ -73.848911581418008, 40.753930151789461 ], [ -73.848961256403996, 40.754028272454107 ], [ -73.849433735525253, 40.753889943088758 ], [ -73.849384044605713, 40.753791794747833 ], [ -73.84950230437704, 40.753757170026667 ], [ -73.849551995437096, 40.753855321077353 ], [ -73.850123831415473, 40.753687898103941 ], [ -73.850155610577914, 40.753678593123574 ], [ -73.850199630912996, 40.753664351293985 ], [ -73.850242333352867, 40.753647968039346 ], [ -73.850324523001063, 40.753613747632535 ], [ -73.850350835510213, 40.753605142334209 ], [ -73.850378822076451, 40.753600457352135 ], [ -73.850407471968083, 40.753599859780024 ], [ -73.85043575508557, 40.753603372456197 ], [ -73.8504868272545, 40.753614371876672 ], [ -73.850537327804815, 40.753626796020633 ], [ -73.850587186923505, 40.75364062597238 ], [ -73.850636336114178, 40.753655843490812 ], [ -73.850684708868357, 40.753672427912221 ], [ -73.850732239124497, 40.753690355639314 ], [ -73.850778860596378, 40.753709604170027 ], [ -73.850824510531709, 40.753730144474687 ], [ -73.850884177535235, 40.753759135295027 ], [ -73.850942419923058, 40.753789744320237 ], [ -73.850999160892911, 40.753821929874995 ], [ -73.851054327159517, 40.753855649701038 ], [ -73.851213575544506, 40.753956507291221 ], [ -73.851233826740653, 40.753968394072722 ], [ -73.851255187853056, 40.753979108028879 ], [ -73.851285488580046, 40.754179495831117 ], [ -73.851293145670326, 40.7543061648826 ], [ -73.851294379521789, 40.75443296166366 ], [ -73.851289190400053, 40.754559701453339 ], [ -73.851277585946249, 40.754686197028853 ], [ -73.851259582935725, 40.754812261093136 ], [ -73.851235208038062, 40.754937709126359 ], [ -73.851204496944348, 40.755062356446508 ], [ -73.851167495140899, 40.755186018635904 ], [ -73.851266795498248, 40.755214866905916 ], [ -73.851239849599921, 40.755295748127118 ], [ -73.851210053415898, 40.755376052917299 ], [ -73.851177427089112, 40.75545572282315 ], [ -73.851141994494924, 40.755534702907454 ], [ -73.851104681765975, 40.755546214400056 ], [ -73.851068306838386, 40.755559332784415 ], [ -73.851032988297121, 40.755574015800583 ], [ -73.85099884473648, 40.75559021407674 ], [ -73.850955819274546, 40.755674210832524 ], [ -73.850909152572271, 40.755757083648092 ], [ -73.850858893122592, 40.755838741389901 ], [ -73.850805099306868, 40.755919096958955 ], [ -73.850747826873231, 40.755998062073374 ], [ -73.850687139929988, 40.756075548635977 ], [ -73.850623103898627, 40.756151472897685 ], [ -73.850555789918729, 40.756225752121814 ], [ -73.850556930855106, 40.756292008512766 ], [ -73.850561044879399, 40.756319943079241 ], [ -73.850569364123842, 40.756347335631432 ], [ -73.85044924208232, 40.756459032621748 ], [ -73.850402699911029, 40.756408958863112 ], [ -73.850314607301073, 40.756491074162106 ], [ -73.85030835960481, 40.756508347652897 ], [ -73.850299983902147, 40.756525097924474 ], [ -73.850289556228361, 40.756541171976949 ], [ -73.850277169315817, 40.756556427540843 ], [ -73.8502629335986, 40.756570727976388 ], [ -73.850246978526926, 40.756583945616995 ], [ -73.850229443982599, 40.756595960759022 ], [ -73.850210488849555, 40.756606666606331 ], [ -73.850190282882707, 40.756615968676961 ], [ -73.850169006150423, 40.756623781703382 ], [ -73.850146851896952, 40.756630035661864 ], [ -73.85012401321498, 40.75663467600647 ], [ -73.850100701001111, 40.756637659592052 ], [ -73.850077117854411, 40.756638961665807 ], [ -73.850053479334449, 40.756638568874571 ], [ -73.850029996117001, 40.756636485088151 ], [ -73.849921945605232, 40.756715193617737 ], [ -73.849904942811378, 40.756726616001352 ], [ -73.849889197816424, 40.756739030559764 ], [ -73.849874810259564, 40.756752356441382 ], [ -73.849861870325824, 40.756766509015627 ], [ -73.849850451574952, 40.756781410157153 ], [ -73.849840633682263, 40.756796952718112 ], [ -73.849832475935784, 40.756813045000541 ], [ -73.849826034363659, 40.756829577064067 ], [ -73.849819246354087, 40.756844834530447 ], [ -73.849809015909869, 40.75685894746583 ], [ -73.849795675875598, 40.756871457929094 ], [ -73.849779630657508, 40.756881987297938 ], [ -73.849733375507824, 40.756906852987484 ], [ -73.849687119221684, 40.756931719578262 ], [ -73.849669177148229, 40.75694214656415 ], [ -73.849652300913817, 40.756953556442987 ], [ -73.848697589346102, 40.757648984993551 ], [ -73.848672598940297, 40.757615353348108 ], [ -73.848643861487005, 40.757578680155277 ], [ -73.848620547965567, 40.757539861927711 ], [ -73.848602932156638, 40.75749935556459 ], [ -73.84859122376217, 40.757457640298547 ], [ -73.84858725200111, 40.757433567275747 ], [ -73.848585247710247, 40.757409353530015 ], [ -73.848585220030259, 40.757385092941945 ], [ -73.848587168636882, 40.75736087720302 ] ] ] ] } },
{ "type": "Feature", "properties": { "Borough": "QN", "Block": 1787, "Lot": 20, "CD": 481, "BCT2020": "4038302", "BCTCB2020": "40383021089", "CT2010": "383.02", "CB2010": "1041", "SchoolDist": "25", "Council": 21, "ZipCode": 11368, "FireComp": "L129", "PolicePrct": 110, "HealthCent": 43, "HealthArea": 1200, "Sanitboro": "4", "SanitDistr": "07", "SanitSub": "1E", "Address": "123-01 ROOSEVELT AVENUE", "ZoneDist1": "PARK", "ZoneDist2": null, "ZoneDist3": null, "ZoneDist4": null, "Overlay1": null, "Overlay2": null, "SPDist1": null, "SPDist2": null, "SPDist3": null, "LtdHeight": null, "SplitZone": "N", "BldgClass": "Q6", "LandUse": "09", "Easements": 0, "OwnerType": "C", "OwnerName": "CITIFIELD", "LotArea": 1696781, "BldgArea": 1250000, "ComArea": 1250000, "ResArea": 0, "OfficeArea": 0, "RetailArea": 0, "GarageArea": 0, "StrgeArea": 0, "FactryArea": 0, "OtherArea": 1250000, "AreaSource": "2", "NumBldgs": 1, "NumFloors": 6.0, "UnitsRes": 0, "UnitsTotal": 1, "LotFront": 1700.0, "LotDepth": 1635.0, "BldgFront": 800.0, "BldgDepth": 170.0, "Ext": "N", "ProxCode": "0", "IrrLotCode": "Y", "LotType": "5", "BsmtCode": "0", "AssessLand": 1334457900.0, "AssessTot": 1599427800.0000002, "ExemptTot": 1599427800.0000002, "YearBuilt": 2005, "YearAlter1": 0, "YearAlter2": 0, "HistDist": null, "Landmark": null, "BuiltFAR": 0.74, "ResidFAR": 0.0, "CommFAR": 0.0, "FacilFAR": 0.0, "BoroCode": 4, "BBL": 4017870020.0000005, "CondoNo": 0, "Tract2010": "038302", "XCoord": 1026548, "YCoord": 214812, "ZoneMap": "10b", "ZMCode": null, "Sanborn": "419 023", "TaxMap": "41004", "EDesigNum": "E-834", "APPBBL": 4017870000.9999995, "APPDate": "12/24/2025", "PLUTOMapID": "1", "FIRM07_FLA": "1", "PFIRM15_FL": "1", "Version": "25v4", "DCPEdited": null, "Latitude": 40.7561846, "Longitude": -73.8473255, "Notes": null, "Shape_Leng": 0.0, "Shape_Area": 1644288.1463599999 }, "geometry": { "type": "MultiPolygon", "coordinates": [ [ [ [ -73.848617855084029, 40.753851099298288 ], [ -73.848619436947985, 40.753853820003414 ], [ -73.84866730061178, 40.753948361518411 ], [ -73.847676737506561, 40.75423836024342 ], [ -73.847727088832542, 40.754337820479606 ], [ -73.847474721219015, 40.754530495775008 ], [ -73.847407847954656, 40.754479844530486 ], [ -73.847329387525932, 40.754539746740086 ], [ -73.847299477315829, 40.754565627275333 ], [ -73.847274001778771, 40.754594099040467 ], [ -73.847253349159374, 40.754624732206835 ], [ -73.847237833199856, 40.754657057858743 ], [ -73.847227689471438, 40.754690585558997 ], [ -73.847223073179507, 40.754724803263443 ], [ -73.847224055384061, 40.7547591913684 ], [ -73.847230620571665, 40.754793226726697 ], [ -73.847273337402669, 40.754787754310797 ], [ -73.847335993321252, 40.754911496951323 ], [ -73.847220682468631, 40.754949791195102 ], [ -73.847107082109474, 40.7549909142259 ], [ -73.846995313022816, 40.755034822118439 ], [ -73.846885494893357, 40.755081468273744 ], [ -73.847130186417942, 40.755276383490312 ], [ -73.847163779281274, 40.755251303918641 ], [ -73.847199025667678, 40.755227562838932 ], [ -73.847235833245421, 40.755205221532094 ], [ -73.84727410462088, 40.755184340019923 ], [ -73.84731374032512, 40.755164973133418 ], [ -73.847354634629568, 40.755147172098738 ], [ -73.847396679945973, 40.755130982701679 ], [ -73.847439765828909, 40.75511644796277 ], [ -73.847522531469323, 40.755279903492891 ], [ -73.847699114771629, 40.755541212646257 ], [ -73.847667292916043, 40.755534974988542 ], [ -73.847635028394151, 40.755530214510777 ], [ -73.847602441844046, 40.755526949359179 ], [ -73.847569651841084, 40.755525190482899 ], [ -73.847564205351375, 40.755584314266116 ], [ -73.847619994409996, 40.75558839806088 ], [ -73.847674780071557, 40.755597363082529 ], [ -73.847656434582262, 40.75563973565194 ], [ -73.847697059521565, 40.755650229884118 ], [ -73.847735956490155, 40.755663975363632 ], [ -73.847772675670114, 40.755680812125917 ], [ -73.84780678899331, 40.755700545010562 ], [ -73.847943576190318, 40.755902958357403 ], [ -73.847944808441994, 40.755935840227679 ], [ -73.84794134207435, 40.755968629467567 ], [ -73.847933217996385, 40.756000944225271 ], [ -73.847920530697209, 40.756032403799047 ], [ -73.847975116331313, 40.756045649475844 ], [ -73.84795254650993, 40.756084532393487 ], [ -73.847924269040035, 40.756121210596504 ], [ -73.847990922385407, 40.756152847935468 ], [ -73.84800877529085, 40.756131187274171 ], [ -73.848024748441745, 40.756108701078276 ], [ -73.848038777486437, 40.756085481959346 ], [ -73.848050803126654, 40.756061627137392 ], [ -73.84828867210571, 40.756413580318323 ], [ -73.848079343116311, 40.756495380105633 ], [ -73.848228264415255, 40.756715787694752 ], [ -73.848360389654999, 40.756664155649652 ], [ -73.848568360741652, 40.756970765124784 ], [ -73.848649196629893, 40.756947093534464 ], [ -73.848667273324423, 40.75697911684761 ], [ -73.848680163516008, 40.757012548035831 ], [ -73.848687684670097, 40.757046906898907 ], [ -73.848689727768303, 40.757081699783868 ], [ -73.848686263129977, 40.757116428705793 ], [ -73.848677341611676, 40.757150593946001 ], [ -73.848663091165832, 40.757183706759925 ], [ -73.848643716405931, 40.757215290887025 ], [ -73.84862262097694, 40.757249949770085 ], [ -73.848606067601708, 40.757285995186891 ], [ -73.848594213177023, 40.757323087681968 ], [ -73.848587168636882, 40.75736087720302 ], [ -73.848133489177428, 40.757495476366721 ], [ -73.848379228023717, 40.757999950528955 ], [ -73.84826105765049, 40.758154974756124 ], [ -73.848066987246654, 40.758302542532959 ], [ -73.847767497026155, 40.758467816749402 ], [ -73.846355104162271, 40.759232514307548 ], [ -73.845611314998422, 40.759607453970105 ], [ -73.843411413842148, 40.755411486103483 ], [ -73.843431278937445, 40.755372643558104 ], [ -73.848617855084029, 40.753851099298288 ] ] ] ] } },
{ "type": "Feature", "properties": { "Borough": "QN", "Block": 1833, "Lot": 1, "CD": 407, "BCT2020": "4038301", "BCTCB2020": "40383011018", "CT2010": "383.01", "CB2010": "1018", "SchoolDist": "25", "Council": 21, "ZipCode": 11368, "FireComp": "L129", "PolicePrct": 110, "HealthCent": 43, "HealthArea": 1200, "Sanitboro": "4", "SanitDistr": "07", "SanitSub": "1E", "Address": "ROOSEVELT AVENUE", "ZoneDist1": "M3-1", "ZoneDist2": null, "ZoneDist3": null, "ZoneDist4": null, "Overlay1": null, "Overlay2": null, "SPDist1": null, "SPDist2": null, "SPDist3": null, "LtdHeight": null, "SplitZone": "N", "BldgClass": "U7", "LandUse": "07", "Easements": 1, "OwnerType": "X", "OwnerName": "MTA - LIRR", "LotArea": 575696, "BldgArea": 0, "ComArea": 0, "ResArea": 0, "OfficeArea": 0, "RetailArea": 0, "GarageArea": 0, "StrgeArea": 0, "FactryArea": 0, "OtherArea": 0, "AreaSource": "7", "NumBldgs": 3, "NumFloors": 0.0, "UnitsRes": 0, "UnitsTotal": 0, "LotFront": 773.25, "LotDepth": 586.58, "BldgFront": 0.0, "BldgDepth": 0.0, "Ext": "N", "ProxCode": "0", "IrrLotCode": "N", "LotType": "5", "BsmtCode": "0", "AssessLand": 0.0, "AssessTot": 0.0, "ExemptTot": 0.0, "YearBuilt": 0, "YearAlter1": 0, "YearAlter2": 0, "HistDist": null, "Landmark": null, "BuiltFAR": 0.0, "ResidFAR": 0.0, "CommFAR": 2.0, "FacilFAR": 0.0, "BoroCode": 4, "BBL": 4018330000.9999995, "CondoNo": 0, "Tract2010": "038301", "XCoord": 1028553, "YCoord": 215519, "ZoneMap": "10b", "ZMCode": "Y", "Sanborn": "419 028", "TaxMap": "41004", "EDesigNum": null, "APPBBL": 0.0, "APPDate": null, "PLUTOMapID": "1", "FIRM07_FLA": "1", "PFIRM15_FL": "1", "Version": "25v4", "DCPEdited": "t", "Latitude": 40.7581153, "Longitude": -73.8400839, "Notes": null, "Shape_Leng": 0.0, "Shape_Area": 576109.50697500003 }, "geometry": { "type": "MultiPolygon", "coordinates": [ [ [ [ -73.839909106438313, 40.757044571531203 ], [ -73.839118181576751, 40.757073208046975 ], [ -73.839153117145784, 40.756997860902914 ], [ -73.839189619110812, 40.756918721273934 ], [ -73.838999370884665, 40.756995511777639 ], [ -73.838980167358514, 40.756969147074052 ], [ -73.838956167896683, 40.75688878692587 ], [ -73.839262472434527, 40.756764796535826 ], [ -73.840210398636927, 40.756381076283276 ], [ -73.840719955617146, 40.756175605828943 ], [ -73.841182857867011, 40.755987389106274 ], [ -73.841431256058584, 40.755893683463142 ], [ -73.84135703354093, 40.756044214522589 ], [ -73.841746252269303, 40.755887109190688 ], [ -73.841750050360147, 40.755885963581605 ], [ -73.841576803127737, 40.75624630312312 ], [ -73.841193763551459, 40.757042976964485 ], [ -73.841150598651922, 40.757132755722608 ], [ -73.840944577706793, 40.757561243505918 ], [ -73.840685338093607, 40.758100408948032 ], [ -73.839572833030161, 40.760414086188327 ], [ -73.840597615200096, 40.760094480770704 ], [ -73.840857398682886, 40.760168234262778 ], [ -73.840758235644714, 40.760374466475845 ], [ -73.840509699305798, 40.760303907102198 ], [ -73.840362748411806, 40.760349738184679 ], [ -73.839174779866838, 40.760720231858258 ], [ -73.839050713220345, 40.760758922553023 ], [ -73.839043184800786, 40.76070887894781 ], [ -73.83903419653862, 40.760627310966228 ], [ -73.839019339455277, 40.760462782818742 ], [ -73.839013240198511, 40.760372237278688 ], [ -73.839009536501337, 40.760251436187531 ], [ -73.839010074535295, 40.760142027936467 ], [ -73.839010595617253, 40.760098427881744 ], [ -73.839012514282601, 40.760033231138308 ], [ -73.839016266890482, 40.759956993139198 ], [ -73.839023309854198, 40.759877114413165 ], [ -73.839029662573765, 40.759821652047265 ], [ -73.83904778430751, 40.759678596638842 ], [ -73.839073204368944, 40.759485726322666 ], [ -73.83908831829973, 40.759372917485386 ], [ -73.839108306292843, 40.759222495790915 ], [ -73.839130464144901, 40.759056735173544 ], [ -73.83913930432405, 40.758995114025062 ], [ -73.839142380811637, 40.758974097768601 ], [ -73.839147752510641, 40.758937396080896 ], [ -73.839157435310227, 40.75885883315128 ], [ -73.839165818739701, 40.758782315235862 ], [ -73.839175162629516, 40.758686668240898 ], [ -73.839179018284696, 40.758598539985435 ], [ -73.83917868926406, 40.758563621495853 ], [ -73.839909106438313, 40.757044571531203 ] ] ] ] } },
{ "type": "Feature", "properties": { "Borough": "QN", "Block": 1833, "Lot": 102, "CD": 481, "BCT2020": "4038302", "BCTCB2020": "40383021014", "CT2010": "383.02", "CB2010": "1052", "SchoolDist": "25", "Council": 21, "ZipCode": 11368, "FireComp": "L129", "PolicePrct": 110, "HealthCent": 43, "HealthArea": 1200, "Sanitboro": "4", "SanitDistr": "07", "SanitSub": "1E", "Address": "ROOSEVELT AVENUE", "ZoneDist1": "M1-1", "ZoneDist2": "C4-4", "ZoneDist3": "M3-1", "ZoneDist4": null, "Overlay1": null, "Overlay2": null, "SPDist1": "WP", "SPDist2": null, "SPDist3": null, "LtdHeight": null, "SplitZone": "Y", "BldgClass": "V1", "LandUse": "11", "Easements": 1, "OwnerType": "C", "OwnerName": "NYC DEPARTMENT OF TRANSPORTATION", "LotArea": 20960, "BldgArea": 0, "ComArea": 0, "ResArea": 0, "OfficeArea": 0, "RetailArea": 0, "GarageArea": 0, "StrgeArea": 0, "FactryArea": 0, "OtherArea": 0, "AreaSource": "7", "NumBldgs": 0, "NumFloors": 0.0, "UnitsRes": 0, "UnitsTotal": 0, "LotFront": 180.0, "LotDepth": 180.0, "BldgFront": 0.0, "BldgDepth": 0.0, "Ext": null, "ProxCode": "0", "IrrLotCode": "Y", "LotType": "5", "BsmtCode": "0", "AssessLand": 596700.0, "AssessTot": 596700.0, "ExemptTot": 596700.0, "YearBuilt": 0, "YearAlter1": 0, "YearAlter2": 0, "HistDist": null, "Landmark": null, "BuiltFAR": 0.0, "ResidFAR": 0.0, "CommFAR": 1.0, "FacilFAR": 2.4, "BoroCode": 4, "BBL": 4018330102.0, "CondoNo": 0, "Tract2010": "038302", "XCoord": 1028062, "YCoord": 214653, "ZoneMap": "10b", "ZMCode": null, "Sanborn": "419 028", "TaxMap": "41004", "EDesigNum": null, "APPBBL": 0.0, "APPDate": null, "PLUTOMapID": "1", "FIRM07_FLA": "1", "PFIRM15_FL": "1", "Version": "25v4", "DCPEdited": "t", "Latitude": 40.7557408, "Longitude": -73.8418618, "Notes": null, "Shape_Leng": 0.0, "Shape_Area": 21603.378939300001 }, "geometry": { "type": "MultiPolygon", "coordinates": [ [ [ [ -73.841431256058584, 40.755893683463142 ], [ -73.841512046068715, 40.755722608996003 ], [ -73.841624020832455, 40.755677403612793 ], [ -73.842159225338477, 40.755518238335227 ], [ -73.842242463573598, 40.755493475902526 ], [ -73.842346987306513, 40.755705981448514 ], [ -73.842047172438825, 40.755796378521168 ], [ -73.841806322904645, 40.755868996996334 ], [ -73.841750050360147, 40.755885963581605 ], [ -73.841746252269303, 40.755887109190688 ], [ -73.84135703354093, 40.756044214522589 ], [ -73.841431256058584, 40.755893683463142 ] ] ] ] } },
{ "type": "Feature", "properties": { "Borough": "QN", "Block": 1973, "Lot": 1, "CD": 404, "BCT2020": "4043701", "BCTCB2020": "40437012000", "CT2010": "437.01", "CB2010": "2000", "SchoolDist": "24", "Council": 21, "ZipCode": 11375, "FireComp": "E324", "PolicePrct": 110, "HealthCent": 42, "HealthArea": 1500, "Sanitboro": "4", "SanitDistr": "04", "SanitSub": "3D", "Address": "CORONA AVENUE", "ZoneDist1": "R6", "ZoneDist2": null, "ZoneDist3": null, "ZoneDist4": null, "Overlay1": null, "Overlay2": null, "SPDist1": null, "SPDist2": null, "SPDist3": null, "LtdHeight": null, "SplitZone": "N", "BldgClass": "Q1", "LandUse": "09", "Easements": 0, "OwnerType": "C", "OwnerName": "NYC DEPARTMENT OF PARKS AND RECREATION", "LotArea": 31713, "BldgArea": 0, "ComArea": 0, "ResArea": 0, "OfficeArea": 0, "RetailArea": 0, "GarageArea": 0, "StrgeArea": 0, "FactryArea": 0, "OtherArea": 0, "AreaSource": "7", "NumBldgs": 0, "NumFloors": 0.0, "UnitsRes": 0, "UnitsTotal": 0, "LotFront": 315.08, "LotDepth": 210.07, "BldgFront": 0.0, "BldgDepth": 0.0, "Ext": "N", "ProxCode": "0", "IrrLotCode": "Y", "LotType": "1", "BsmtCode": "0", "AssessLand": 562950.0, "AssessTot": 562950.0, "ExemptTot": 562950.0, "YearBuilt": 0, "YearAlter1": 0, "YearAlter2": 0, "HistDist": null, "Landmark": null, "BuiltFAR": 0.0, "ResidFAR": 2.43, "CommFAR": 0.0, "FacilFAR": 4.8, "BoroCode": 4, "BBL": 4019730000.9999995, "CondoNo": 0, "Tract2010": "043701", "XCoord": 1026430, "YCoord": 208680, "ZoneMap": "10b", "ZMCode": null, "Sanborn": "419 024", "TaxMap": "41103", "EDesigNum": null, "APPBBL": 0.0, "APPDate": null, "PLUTOMapID": "1", "FIRM07_FLA": null, "PFIRM15_FL": null, "Version": "25v4", "DCPEdited": "t", "Latitude": 40.7393544, "Longitude": -73.8477899, "Notes": null, "Shape_Leng": 0.0, "Shape_Area": 29921.800941599999 }, "geometry": { "type": "MultiPolygon", "coordinates": [ [ [ [ -73.847390263211508, 40.739315893783697 ], [ -73.848126694138273, 40.738961571960857 ], [ -73.848135582962044, 40.738958412969723 ], [ -73.84814459122677, 40.738956896720616 ], [ -73.848153665983133, 40.738956849214553 ], [ -73.848163824867015, 40.738958553813411 ], [ -73.848174744868501, 40.738962867188683 ], [ -73.84818327157906, 40.738968982124412 ], [ -73.848190107006019, 40.738978033142573 ], [ -73.848192745296544, 40.73898662928422 ], [ -73.848192346767448, 40.738995233967934 ], [ -73.84819019351005, 40.739001360913292 ], [ -73.848074546661124, 40.73922720422258 ], [ -73.847777543311182, 40.739807209653144 ], [ -73.847717747707577, 40.739751486347345 ], [ -73.847661025008136, 40.739693934585141 ], [ -73.847607473429505, 40.739634649872094 ], [ -73.847557182700427, 40.739573736824774 ], [ -73.84751024002523, 40.73951129737587 ], [ -73.847466723357371, 40.739447436878656 ], [ -73.847459285327645, 40.739435321548193 ], [ -73.847426708332705, 40.739382265451141 ], [ -73.847390263211508, 40.739315893783697 ] ] ] ] } },
{ "type": "Feature", "properties": { "Borough": "QN", "Block": 2018, "Lot": 59, "CD": 481, "BCT2020": "4038302", "BCTCB2020": "40383021014", "CT2010": "383.02", "CB2010": "1052", "SchoolDist": "25", "Council": 21, "ZipCode": 11368, "FireComp": "L129", "PolicePrct": 110, "HealthCent": 43, "HealthArea": 1200, "Sanitboro": null, "SanitDistr": null, "SanitSub": null, "Address": "ROOSEVELT AVENUE", "ZoneDist1": "M1-1", "ZoneDist2": null, "ZoneDist3": null, "ZoneDist4": null, "Overlay1": null, "Overlay2": null, "SPDist1": null, "SPDist2": null, "SPDist3": null, "LtdHeight": null, "SplitZone": "N", "BldgClass": "V8", "LandUse": "11", "Easements": 0, "OwnerType": "C", "OwnerName": "NYC TRANSIT AUTHORITY", "LotArea": 30934, "BldgArea": 0, "ComArea": 0, "ResArea": 0, "OfficeArea": 0, "RetailArea": 0, "GarageArea": 0, "StrgeArea": 0, "FactryArea": 0, "OtherArea": 0, "AreaSource": "7", "NumBldgs": 0, "NumFloors": 0.0, "UnitsRes": 0, "UnitsTotal": 0, "LotFront": 37.0, "LotDepth": 821.54, "BldgFront": 0.0, "BldgDepth": 0.0, "Ext": null, "ProxCode": "0", "IrrLotCode": "Y", "LotType": "5", "BsmtCode": "5", "AssessLand": 719100.0, "AssessTot": 719100.0, "ExemptTot": 719100.0, "YearBuilt": 0, "YearAlter1": 0, "YearAlter2": 0, "HistDist": null, "Landmark": null, "BuiltFAR": 0.0, "ResidFAR": 0.0, "CommFAR": 1.0, "FacilFAR": 2.4, "BoroCode": 4, "BBL": 4020180058.9999995, "CondoNo": 0, "Tract2010": "038302", "XCoord": 1026359, "YCoord": 213294, "ZoneMap": "10b", "ZMCode": null, "Sanborn": "419 024", "TaxMap": "41104", "EDesigNum": null, "APPBBL": 0.0, "APPDate": null, "PLUTOMapID": "1", "FIRM07_FLA": "1", "PFIRM15_FL": "1", "Version": "25v4", "DCPEdited": "t", "Latitude": 40.752019, "Longitude": -73.8480172, "Notes": null, "Shape_Leng": 0.0, "Shape_Area": 23515.563798899999 }, "geometry": { "type": "MultiPolygon", "coordinates": [ [ [ [ -73.846392596164847, 40.751801600446655 ], [ -73.846419421273339, 40.751791972893699 ], [ -73.846519129802701, 40.751756191785411 ], [ -73.849409813224852, 40.752184692101913 ], [ -73.849389716410457, 40.752275083105367 ], [ -73.846392596164847, 40.751801600446655 ] ] ] ] } },
{ "type": "Feature", "properties": { "Borough": "QN", "Block": 2018, "Lot": 83, "CD": 481, "BCT2020": "4038302", "BCTCB2020": "40383021014", "CT2010": "383.02", "CB2010": "1052", "SchoolDist": "25", "Council": 21, "ZipCode": 11368, "FireComp": "L129", "PolicePrct": 110, "HealthCent": 43, "HealthArea": 1200, "Sanitboro": "4", "SanitDistr": "07", "SanitSub": "1E", "Address": "126-02 ROOSEVELT AVENUE", "ZoneDist1": "M1-1", "ZoneDist2": null, "ZoneDist3": null, "ZoneDist4": null, "Overlay1": null, "Overlay2": null, "SPDist1": null, "SPDist2": null, "SPDist3": null, "LtdHeight": null, "SplitZone": "N", "BldgClass": "G7", "LandUse": "10", "Easements": 0, "OwnerType": "X", "OwnerName": "NYC TRANSIT AUTHORITY", "LotArea": 22000, "BldgArea": 0, "ComArea": 0, "ResArea": 0, "OfficeArea": 0, "RetailArea": 0, "GarageArea": 0, "StrgeArea": 0, "FactryArea": 0, "OtherArea": 0, "AreaSource": "7", "NumBldgs": 1, "NumFloors": 0.0, "UnitsRes": 0, "UnitsTotal": 0, "LotFront": 220.0, "LotDepth": 100.0, "BldgFront": 0.0, "BldgDepth": 0.0, "Ext": null, "ProxCode": "0", "IrrLotCode": "Y", "LotType": "3", "BsmtCode": "5", "AssessLand": 546750.0, "AssessTot": 546750.0, "ExemptTot": 546750.0, "YearBuilt": 2017, "YearAlter1": 0, "YearAlter2": 0, "HistDist": null, "Landmark": null, "BuiltFAR": 0.0, "ResidFAR": 0.0, "CommFAR": 1.0, "FacilFAR": 2.4, "BoroCode": 4, "BBL": 4020180083.0, "CondoNo": 0, "Tract2010": "038302", "XCoord": 1027849, "YCoord": 214467, "ZoneMap": "10b", "ZMCode": null, "Sanborn": "419 024", "TaxMap": "41104", "EDesigNum": null, "APPBBL": 0.0, "APPDate": null, "PLUTOMapID": "1", "FIRM07_FLA": "1", "PFIRM15_FL": "1", "Version": "25v4", "DCPEdited": "t", "Latitude": 40.7552314, "Longitude": -73.8426318, "Notes": null, "Shape_Leng": 0.0, "Shape_Area": 23821.2965262 }, "geometry": { "type": "MultiPolygon", "coordinates": [ [ [ [ -73.842970282737056, 40.754982544880299 ], [ -73.843097331640294, 40.755239227934339 ], [ -73.842289124355716, 40.755479599033897 ], [ -73.842164207833946, 40.755227216232115 ], [ -73.842970282737056, 40.754982544880299 ] ] ] ] } },
{ "type": "Feature", "properties": { "Borough": "QN", "Block": 2018, "Lot": 300, "CD": 407, "BCT2020": "4087100", "BCTCB2020": "40871001002", "CT2010": "871", "CB2010": "1003", "SchoolDist": null, "Council": 20, "ZipCode": 0, "FireComp": null, "PolicePrct": 109, "HealthCent": 43, "HealthArea": 1200, "Sanitboro": "4", "SanitDistr": "07", "SanitSub": "1E", "Address": "44 AVENUE", "ZoneDist1": "M1-1", "ZoneDist2": null, "ZoneDist3": null, "ZoneDist4": null, "Overlay1": null, "Overlay2": null, "SPDist1": null, "SPDist2": null, "SPDist3": null, "LtdHeight": null, "SplitZone": "N", "BldgClass": "U7", "LandUse": "07", "Easements": 1, "OwnerType": "X", "OwnerName": "MTA - LIRR", "LotArea": 756405, "BldgArea": 0, "ComArea": 0, "ResArea": 0, "OfficeArea": 0, "RetailArea": 0, "GarageArea": 0, "StrgeArea": 0, "FactryArea": 0, "OtherArea": 0, "AreaSource": "7", "NumBldgs": 1, "NumFloors": 0.0, "UnitsRes": 0, "UnitsTotal": 0, "LotFront": 0.0, "LotDepth": 0.0, "BldgFront": 0.0, "BldgDepth": 0.0, "Ext": "N", "ProxCode": "0", "IrrLotCode": "N", "LotType": "5", "BsmtCode": "0", "AssessLand": 0.0, "AssessTot": 0.0, "ExemptTot": 0.0, "YearBuilt": 0, "YearAlter1": 0, "YearAlter2": 0, "HistDist": null, "Landmark": null, "BuiltFAR": 0.0, "ResidFAR": 0.0, "CommFAR": 1.0, "FacilFAR": 2.4, "BoroCode": 4, "BBL": 4020180300.0, "CondoNo": 0, "Tract2010": "0871", "XCoord": 1028965, "YCoord": 215116, "ZoneMap": "10b", "ZMCode": null, "Sanborn": "419 024", "TaxMap": "41104", "EDesigNum": null, "APPBBL": 0.0, "APPDate": null, "PLUTOMapID": "1", "FIRM07_FLA": "1", "PFIRM15_FL": "1", "Version": "25v4", "DCPEdited": "t", "Latitude": 40.7570071, "Longitude": -73.8385994, "Notes": null, "Shape_Leng": 0.0, "Shape_Area": 778254.05000599998 }, "geometry": { "type": "MultiPolygon", "coordinates": [ [ [ [ -73.840137944251012, 40.753899435220561 ], [ -73.840114641049297, 40.753854014544558 ], [ -73.839841776851429, 40.753950991839979 ], [ -73.840025949092734, 40.753549242976355 ], [ -73.840656658268045, 40.753373439024465 ], [ -73.840840018360694, 40.753329590360664 ], [ -73.841076496937788, 40.753273038328338 ], [ -73.841533747911498, 40.753163688782067 ], [ -73.846826051448346, 40.751312523914201 ], [ -73.849434979064881, 40.750325150438471 ], [ -73.849564144524805, 40.75027626503001 ], [ -73.849949753955684, 40.75013031868108 ], [ -73.849994445909772, 40.750203250615101 ], [ -73.85094887029598, 40.749857052280397 ], [ -73.85103316264653, 40.749826476646568 ], [ -73.85121629499875, 40.749760048232595 ], [ -73.851322780273335, 40.749718510395262 ], [ -73.851563064508937, 40.749633670464746 ], [ -73.851842696015936, 40.749540093536858 ], [ -73.852363330870787, 40.749370935257879 ], [ -73.853071972506072, 40.7491385831255 ], [ -73.85352364637518, 40.749000385421425 ], [ -73.853801046784838, 40.748917450332179 ], [ -73.854302582981845, 40.748767863018514 ], [ -73.854373570032493, 40.74874669098471 ], [ -73.854387039584353, 40.748773465714066 ], [ -73.854453906626063, 40.748906355138011 ], [ -73.854384922009373, 40.748926856206651 ], [ -73.853534957177317, 40.749179440335986 ], [ -73.852875446943386, 40.749375420976293 ], [ -73.852679357236568, 40.74943553549825 ], [ -73.852347410451429, 40.749545628363506 ], [ -73.851320734963664, 40.749937648647403 ], [ -73.85106854018062, 40.750033943388715 ], [ -73.850999327801674, 40.750058399910159 ], [ -73.850929019273849, 40.750083242149039 ], [ -73.850104278091678, 40.750374656959345 ], [ -73.850153375155415, 40.750452942719733 ], [ -73.84977334668153, 40.750589229158663 ], [ -73.849651464222447, 40.750632940050714 ], [ -73.846519129802701, 40.751756191785411 ], [ -73.846419421273339, 40.751791972893699 ], [ -73.846312128630728, 40.751769597022921 ], [ -73.843437006549436, 40.752834177903772 ], [ -73.843266079718276, 40.752893581427273 ], [ -73.843163282869114, 40.752935440207693 ], [ -73.843066172154352, 40.752979839800489 ], [ -73.842968597479867, 40.753029099592482 ], [ -73.842847353975941, 40.753096289439739 ], [ -73.842761580372482, 40.75315005596962 ], [ -73.842694280603638, 40.753192831800028 ], [ -73.842631155133802, 40.753235021736096 ], [ -73.842529650777166, 40.753306284213807 ], [ -73.842404618879073, 40.753397242745621 ], [ -73.842270897389255, 40.753505099822945 ], [ -73.84218134869009, 40.753586436185643 ], [ -73.842047393050422, 40.753725769952474 ], [ -73.841936469126296, 40.75386263542385 ], [ -73.841850982245944, 40.753981400447785 ], [ -73.8417607000369, 40.754139682949621 ], [ -73.841723176913689, 40.754207005584895 ], [ -73.841987429870144, 40.754389220050342 ], [ -73.841839542993668, 40.754647101648594 ], [ -73.841212569571852, 40.755678525236611 ], [ -73.841214896155094, 40.755842573951526 ], [ -73.841444705418994, 40.755749797113197 ], [ -73.841512046068715, 40.755722608996003 ], [ -73.841431256058584, 40.755893683463142 ], [ -73.841182857867011, 40.755987389106274 ], [ -73.840719955617146, 40.756175605828943 ], [ -73.840210398636927, 40.756381076283276 ], [ -73.839262472434527, 40.756764796535826 ], [ -73.838956167896683, 40.75688878692587 ], [ -73.838915472206367, 40.756752520940474 ], [ -73.839054911498593, 40.756688654739051 ], [ -73.839053809516784, 40.756680111903314 ], [ -73.839055512883689, 40.756671573826544 ], [ -73.839063402589446, 40.756661120130254 ], [ -73.839072966691603, 40.756653658373651 ], [ -73.839081969274233, 40.756647692429141 ], [ -73.839097713148163, 40.756640028653237 ], [ -73.839141568066111, 40.756619589002021 ], [ -73.839187678015591, 40.756596591392039 ], [ -73.839197818602059, 40.756583793993194 ], [ -73.83920906737012, 40.756576977591273 ], [ -73.839230461802259, 40.756554799104308 ], [ -73.839247357377516, 40.756536030932295 ], [ -73.839254115292917, 40.756528352744482 ], [ -73.839276621153715, 40.756511301497852 ], [ -73.839285621391099, 40.756505334699042 ], [ -73.839295745452631, 40.756499371307477 ], [ -73.839311489163393, 40.756491704741777 ], [ -73.839323865966591, 40.756483180724793 ], [ -73.83933850971475, 40.756466118491915 ], [ -73.83935203374908, 40.756447345596904 ], [ -73.839371201395167, 40.756417477270972 ], [ -73.839380213974465, 40.756406384782402 ], [ -73.839385862448509, 40.756392727428803 ], [ -73.839392644200487, 40.756375654217834 ], [ -73.839396033870216, 40.756367115894648 ], [ -73.839405049702989, 40.756355171497091 ], [ -73.839410698174049, 40.756341511464399 ], [ -73.839417468510803, 40.756328711183748 ], [ -73.839427606960356, 40.756316764754004 ], [ -73.839437744185432, 40.756304822838302 ], [ -73.839445634123635, 40.75629372794338 ], [ -73.839453519932846, 40.756284343893441 ], [ -73.839459158018215, 40.756274529037583 ], [ -73.839458067385479, 40.756261716869766 ], [ -73.839461459028399, 40.756251897960318 ], [ -73.839465975772526, 40.756242509294125 ], [ -73.839470491305633, 40.756233120543598 ], [ -73.839476120373632, 40.756228001859554 ], [ -73.83948624147078, 40.75622374570294 ], [ -73.839496928481935, 40.756216072979861 ], [ -73.839500886819565, 40.756204974354937 ], [ -73.839497541255639, 40.756194720135788 ], [ -73.839487439234929, 40.756192570033342 ], [ -73.839495326906572, 40.756181904559703 ], [ -73.839509959151087, 40.756169113479899 ], [ -73.839516721114023, 40.75615972702213 ], [ -73.839526868598199, 40.756143511244602 ], [ -73.839540387546336, 40.756127302090256 ], [ -73.839551660051214, 40.75611108879896 ], [ -73.839557299138036, 40.756100846184125 ], [ -73.83957082339542, 40.756082928773615 ], [ -73.839579834681984, 40.756071838024873 ], [ -73.839596728830713, 40.756053067958369 ], [ -73.83961362512521, 40.756033448739757 ], [ -73.839623761436513, 40.756022356878688 ], [ -73.839648535133321, 40.75599676834279 ], [ -73.83966430431424, 40.755977999376803 ], [ -73.839677817027493, 40.755964352125176 ], [ -73.839696965776866, 40.755942169585673 ], [ -73.839708223821475, 40.755931935625078 ], [ -73.83971948572362, 40.75591913714679 ], [ -73.839725120905698, 40.75591145912508 ], [ -73.839738672647059, 40.755881583834658 ], [ -73.839751053031691, 40.755870496006835 ], [ -73.839766805967727, 40.755859414629086 ], [ -73.839778050447848, 40.755854304584879 ], [ -73.839799433339124, 40.755837251755423 ], [ -73.839821932554102, 40.755822762404712 ], [ -73.839843320630152, 40.755804002153269 ], [ -73.839878175634055, 40.755788675308949 ], [ -73.839890543068805, 40.755784421405316 ], [ -73.839927676629841, 40.755757140822475 ], [ -73.840005299027553, 40.755706853636276 ], [ -73.840024422126319, 40.755695776071491 ], [ -73.840043537965215, 40.755687260421375 ], [ -73.84005366183672, 40.755681296043655 ], [ -73.840081808374421, 40.755654002001748 ], [ -73.840117849679544, 40.755613053764954 ], [ -73.84019217280408, 40.755534574126258 ], [ -73.840246211952149, 40.75548254752686 ], [ -73.840269865498627, 40.755455246282111 ], [ -73.840291271505421, 40.755427943753986 ], [ -73.840302525273302, 40.755419418072599 ], [ -73.840311521177085, 40.755415158524293 ], [ -73.840323875963918, 40.755415175664638 ], [ -73.840341858723676, 40.755410932263921 ], [ -73.840356470164764, 40.755406680501473 ], [ -73.840369966245333, 40.755399864342131 ], [ -73.840378974421526, 40.755390481869533 ], [ -73.840381835547674, 40.755368707057649 ], [ -73.840386907917207, 40.755360597789348 ], [ -73.840397028819893, 40.755356343392314 ], [ -73.840408275216461, 40.755350378698303 ], [ -73.840422923475046, 40.755330754485968 ], [ -73.840436417483772, 40.755324793742986 ], [ -73.840444291603234, 40.755319678123449 ], [ -73.84046007499073, 40.755295783367806 ], [ -73.840469101666656, 40.755278713285314 ], [ -73.840485989218251, 40.755262508603579 ], [ -73.840496122003657, 40.755252273927155 ], [ -73.840514115892546, 40.755242902054377 ], [ -73.840526490150864, 40.755235233413075 ], [ -73.84054561999838, 40.75522073916796 ], [ -73.840553505529257, 40.755211354206168 ], [ -73.84056366007222, 40.755192575579549 ], [ -73.840574919898685, 40.755181487950324 ], [ -73.840581670181137, 40.755176370680907 ], [ -73.840590687683502, 40.755163572521901 ], [ -73.840609864252826, 40.755128578298617 ], [ -73.840622278533502, 40.755104678937016 ], [ -73.84063132751325, 40.755078214743939 ], [ -73.840637019754823, 40.755046619281906 ], [ -73.840641557528144, 40.755027833707388 ], [ -73.840647235189763, 40.755001362167206 ], [ -73.840654071665313, 40.754961225151213 ], [ -73.840674458869032, 40.754890360901179 ], [ -73.840675601899349, 40.754881820182696 ], [ -73.840672288082615, 40.75485875455319 ], [ -73.840665573420907, 40.754848494780873 ], [ -73.840663352759805, 40.754838242065851 ], [ -73.840664502939276, 40.754826713597573 ], [ -73.840665675601457, 40.754805788268754 ], [ -73.840663454943794, 40.754795534717367 ], [ -73.840665732822487, 40.754781872630829 ], [ -73.840667999652965, 40.754773333551761 ], [ -73.840666898332415, 40.754763936140684 ], [ -73.840664708327054, 40.754740871982492 ], [ -73.840664757375933, 40.754720372015797 ], [ -73.840667041387832, 40.754704145332752 ], [ -73.840676080083554, 40.754681949467503 ], [ -73.840679472750566, 40.754672559195903 ], [ -73.840678415549476, 40.754645225497079 ], [ -73.840670642505017, 40.754607631104015 ], [ -73.840667307060187, 40.754593105820625 ], [ -73.84066734793187, 40.754576023198958 ], [ -73.840668514643468, 40.754558088465039 ], [ -73.840666298913362, 40.75454527299177 ], [ -73.840636212354639, 40.754445296524118 ], [ -73.840631749044263, 40.754432477016564 ], [ -73.840628410736457, 40.754419660824311 ], [ -73.840631820586424, 40.754402582029407 ], [ -73.840635209161888, 40.754394898173203 ], [ -73.840630749099347, 40.754381228598454 ], [ -73.840619574442115, 40.754357295649946 ], [ -73.840610641967444, 40.75433507582197 ], [ -73.840603981731974, 40.754302608663401 ], [ -73.840605146035799, 40.754284674009803 ], [ -73.840602932370956, 40.754271003864361 ], [ -73.840598460065266, 40.754262455451595 ], [ -73.840598476418634, 40.754255623356997 ], [ -73.840597383298672, 40.75424280759507 ], [ -73.840597413962499, 40.754229996987377 ], [ -73.840598560242228, 40.754220603606413 ], [ -73.8406036480213, 40.75420651498078 ], [ -73.840601999735298, 40.754191139197978 ], [ -73.840595290262385, 40.754178744333259 ], [ -73.840595306616052, 40.754171912237261 ], [ -73.840599824917206, 40.754161241098785 ], [ -73.840609951688265, 40.75415399349253 ], [ -73.840617826857468, 40.754148881376011 ], [ -73.840639202745777, 40.75413438938736 ], [ -73.840647085823122, 40.754125005250735 ], [ -73.840656090912532, 40.754117330089656 ], [ -73.84067185024935, 40.754102831239123 ], [ -73.840692132132659, 40.754076381665271 ], [ -73.840713563253018, 40.754038827690223 ], [ -73.840721460877447, 40.754024317952428 ], [ -73.840727110922472, 40.754009804183774 ], [ -73.84073163225348, 40.75399785345931 ], [ -73.84073844693269, 40.753966259541976 ], [ -73.840745280928999, 40.753926125272883 ], [ -73.84074763990499, 40.75388000360045 ], [ -73.840744331034443, 40.753854374122596 ], [ -73.840738755377458, 40.753837283727563 ], [ -73.840733169891152, 40.753825316340837 ], [ -73.840721973647604, 40.753809926510073 ], [ -73.840713008256927, 40.753800519050067 ], [ -73.840704036284038, 40.753795381854367 ], [ -73.84068608368311, 40.753787670297648 ], [ -73.840667007412634, 40.75377995626247 ], [ -73.840652415577992, 40.753775665872418 ], [ -73.840615363144948, 40.75376963427891 ], [ -73.840590664514835, 40.753765330721137 ], [ -73.840551347216277, 40.753766984520297 ], [ -73.840502433449942, 40.753790403791363 ], [ -73.840490617292815, 40.75379850372061 ], [ -73.840477123972889, 40.753805318979019 ], [ -73.840456889041434, 40.753812123133365 ], [ -73.840406310414863, 40.753826572759763 ], [ -73.840339992899445, 40.753846980905791 ], [ -73.840306265428353, 40.753859746522217 ], [ -73.840288280195892, 40.753865699178682 ], [ -73.840216337783843, 40.753889515883891 ], [ -73.840152265300475, 40.753909927873444 ], [ -73.840144562958486, 40.753912334624893 ], [ -73.840137944251012, 40.753899435220561 ] ], [ [ -73.840841527589916, 40.753893219780522 ], [ -73.840845621069207, 40.753897740587853 ], [ -73.841128666267167, 40.753918891013711 ], [ -73.841520660687223, 40.753799580101287 ], [ -73.841727056779163, 40.753666162899464 ], [ -73.841782552047547, 40.753630641239901 ], [ -73.841820606150364, 40.753573462618846 ], [ -73.841851378122527, 40.753526507392458 ], [ -73.841891277309855, 40.753476159803888 ], [ -73.841943504261209, 40.753420067781477 ], [ -73.842009609330759, 40.753356615026512 ], [ -73.842072294402101, 40.753302075310593 ], [ -73.842154445025628, 40.753237923252904 ], [ -73.842246768317565, 40.75317290338343 ], [ -73.840875928701664, 40.75366138642179 ], [ -73.840841527589916, 40.753893219780522 ] ] ] ] } },
{ "type": "Feature", "properties": { "Borough": "QN", "Block": 2018, "Lot": 350, "CD": 481, "BCT2020": "4038302", "BCTCB2020": "40383021014", "CT2010": "383.02", "CB2010": "1052", "SchoolDist": "25", "Council": 21, "ZipCode": 11368, "FireComp": "L129", "PolicePrct": 110, "HealthCent": 43, "HealthArea": 1200, "Sanitboro": "4", "SanitDistr": "81", "SanitSub": null, "Address": "HORACE HARDING EXPWY", "ZoneDist1": "M1-1", "ZoneDist2": null, "ZoneDist3": null, "ZoneDist4": null, "Overlay1": null, "Overlay2": null, "SPDist1": null, "SPDist2": null, "SPDist3": null, "LtdHeight": null, "SplitZone": "N", "BldgClass": "U7", "LandUse": "07", "Easements": 0, "OwnerType": "X", "OwnerName": "NYC TRANSIT AUTHORITY", "LotArea": 199324, "BldgArea": 0, "ComArea": 0, "ResArea": 0, "OfficeArea": 0, "RetailArea": 0, "GarageArea": 0, "StrgeArea": 0, "FactryArea": 0, "OtherArea": 0, "AreaSource": "7", "NumBldgs": 2, "NumFloors": 0.0, "UnitsRes": 0, "UnitsTotal": 0, "LotFront": 262.0, "LotDepth": 743.0, "BldgFront": 0.0, "BldgDepth": 0.0, "Ext": "N", "ProxCode": "0", "IrrLotCode": "Y", "LotType": "5", "BsmtCode": "0", "AssessLand": 0.0, "AssessTot": 0.0, "ExemptTot": 0.0, "YearBuilt": 0, "YearAlter1": 0, "YearAlter2": 0, "HistDist": null, "Landmark": null, "BuiltFAR": 0.0, "ResidFAR": 0.0, "CommFAR": 1.0, "FacilFAR": 2.4, "BoroCode": 4, "BBL": 4020180350.0, "CondoNo": 0, "Tract2010": "038302", "XCoord": 1027722, "YCoord": 213816, "ZoneMap": "10b", "ZMCode": null, "Sanborn": "419 024", "TaxMap": "41104", "EDesigNum": null, "APPBBL": 0.0, "APPDate": null, "PLUTOMapID": "1", "FIRM07_FLA": "1", "PFIRM15_FL": "1", "Version": "25v4", "DCPEdited": "t", "Latitude": 40.7534452, "Longitude": -73.8430944, "Notes": null, "Shape_Leng": 0.0, "Shape_Area": 199323.832215 }, "geometry": { "type": "MultiPolygon", "coordinates": [ [ [ [ -73.841987429870144, 40.754389220050342 ], [ -73.841723176913689, 40.754207005584895 ], [ -73.8417607000369, 40.754139682949621 ], [ -73.841850982245944, 40.753981400447785 ], [ -73.841936469126296, 40.75386263542385 ], [ -73.842047393050422, 40.753725769952474 ], [ -73.84218134869009, 40.753586436185643 ], [ -73.842270897389255, 40.753505099822945 ], [ -73.842404618879073, 40.753397242745621 ], [ -73.842529650777166, 40.753306284213807 ], [ -73.842631155133802, 40.753235021736096 ], [ -73.842694280603638, 40.753192831800028 ], [ -73.842761580372482, 40.75315005596962 ], [ -73.842847353975941, 40.753096289439739 ], [ -73.842968597479867, 40.753029099592482 ], [ -73.843066172154352, 40.752979839800489 ], [ -73.843163282869114, 40.752935440207693 ], [ -73.843266079718276, 40.752893581427273 ], [ -73.843437006549436, 40.752834177903772 ], [ -73.846312128630728, 40.751769597022921 ], [ -73.846419421273339, 40.751791972893699 ], [ -73.846392596164847, 40.751801600446655 ], [ -73.846042450311216, 40.751927256037739 ], [ -73.845786074975052, 40.752019259063907 ], [ -73.845506418647716, 40.752133225153024 ], [ -73.845245931468682, 40.752251772060781 ], [ -73.844958414333433, 40.752391600541699 ], [ -73.84476559563484, 40.75248834250722 ], [ -73.844643111024808, 40.752559355263543 ], [ -73.844464338960691, 40.7526632251354 ], [ -73.844328329913637, 40.752752279866343 ], [ -73.844112692002781, 40.752899022162907 ], [ -73.843970902179066, 40.752992632393436 ], [ -73.843807306603736, 40.753107495453825 ], [ -73.843687047965176, 40.753197891792787 ], [ -73.843617064547061, 40.753252660232462 ], [ -73.843469901695585, 40.753370506043552 ], [ -73.843354944279668, 40.753476208871326 ], [ -73.843277968302417, 40.753546823723305 ], [ -73.843154256027361, 40.753672025766896 ], [ -73.843014695068561, 40.75383152535494 ], [ -73.842906746158889, 40.753963461948167 ], [ -73.842854367059246, 40.754029507512101 ], [ -73.842751193721853, 40.754168269126204 ], [ -73.842674885151325, 40.754278111537673 ], [ -73.842582563088115, 40.754418793275455 ], [ -73.842486488130248, 40.75456892065182 ], [ -73.842452678103911, 40.754626134993387 ], [ -73.842422417445064, 40.754689157028153 ], [ -73.841987429870144, 40.754389220050342 ] ] ] ] } },
{ "type": "Feature", "properties": { "Borough": "QN", "Block": 2018, "Lot": 1000, "CD": 481, "BCT2020": "4038302", "BCTCB2020": "40383021014", "CT2010": "383.02", "CB2010": "1052", "SchoolDist": "25", "Council": 21, "ZipCode": 11368, "FireComp": "L129", "PolicePrct": 110, "HealthCent": 43, "HealthArea": 1200, "Sanitboro": "4", "SanitDistr": "81", "SanitSub": null, "Address": "HORACE HARDING EXPWY", "ZoneDist1": "M1-1", "ZoneDist2": null, "ZoneDist3": null, "ZoneDist4": null, "Overlay1": null, "Overlay2": null, "SPDist1": null, "SPDist2": null, "SPDist3": null, "LtdHeight": null, "SplitZone": "N", "BldgClass": "U7", "LandUse": "07", "Easements": 0, "OwnerType": "X", "OwnerName": "NYC TRANSIT AUTHORITY", "LotArea": 791652, "BldgArea": 0, "ComArea": 0, "ResArea": 0, "OfficeArea": 0, "RetailArea": 0, "GarageArea": 0, "StrgeArea": 0, "FactryArea": 0, "OtherArea": 0, "AreaSource": "7", "NumBldgs": 15, "NumFloors": 0.0, "UnitsRes": 0, "UnitsTotal": 0, "LotFront": 0.0, "LotDepth": 0.0, "BldgFront": 0.0, "BldgDepth": 0.0, "Ext": "N", "ProxCode": "0", "IrrLotCode": "Y", "LotType": "5", "BsmtCode": "0", "AssessLand": 0.0, "AssessTot": 0.0, "ExemptTot": 0.0, "YearBuilt": 0, "YearAlter1": 0, "YearAlter2": 0, "HistDist": null, "Landmark": null, "BuiltFAR": 0.0, "ResidFAR": 0.0, "CommFAR": 1.0, "FacilFAR": 2.4, "BoroCode": 4, "BBL": 4020181000.0, "CondoNo": 0, "Tract2010": "038302", "XCoord": 1026936, "YCoord": 213651, "ZoneMap": "10b", "ZMCode": null, "Sanborn": "419 024", "TaxMap": "41104", "EDesigNum": null, "APPBBL": 0.0, "APPDate": null, "PLUTOMapID": "1", "FIRM07_FLA": "1", "PFIRM15_FL": "1", "Version": "25v4", "DCPEdited": "t", "Latitude": 40.7529961, "Longitude": -73.8459324, "Notes": null, "Shape_Leng": 0.0, "Shape_Area": 791652.300621 }, "geometry": { "type": "MultiPolygon", "coordinates": [ [ [ [ -73.842422417445064, 40.754689157028153 ], [ -73.842452678103911, 40.754626134993387 ], [ -73.842486488130248, 40.75456892065182 ], [ -73.842582563088115, 40.754418793275455 ], [ -73.842674885151325, 40.754278111537673 ], [ -73.842751193721853, 40.754168269126204 ], [ -73.842854367059246, 40.754029507512101 ], [ -73.842906746158889, 40.753963461948167 ], [ -73.843014695068561, 40.75383152535494 ], [ -73.843154256027361, 40.753672025766896 ], [ -73.843277968302417, 40.753546823723305 ], [ -73.843354944279668, 40.753476208871326 ], [ -73.843469901695585, 40.753370506043552 ], [ -73.843617064547061, 40.753252660232462 ], [ -73.843687047965176, 40.753197891792787 ], [ -73.843807306603736, 40.753107495453825 ], [ -73.843970902179066, 40.752992632393436 ], [ -73.844112692002781, 40.752899022162907 ], [ -73.844328329913637, 40.752752279866343 ], [ -73.844464338960691, 40.7526632251354 ], [ -73.844643111024808, 40.752559355263543 ], [ -73.84476559563484, 40.75248834250722 ], [ -73.844958414333433, 40.752391600541699 ], [ -73.845245931468682, 40.752251772060781 ], [ -73.845506418647716, 40.752133225153024 ], [ -73.845786074975052, 40.752019259063907 ], [ -73.846042450311216, 40.751927256037739 ], [ -73.846392596164847, 40.751801600446655 ], [ -73.849389716410457, 40.752275083105367 ], [ -73.850998492177837, 40.752503958512897 ], [ -73.851287132534523, 40.752545019531603 ], [ -73.851982631593344, 40.752541963849701 ], [ -73.851323137733345, 40.752741844282859 ], [ -73.851102014659631, 40.752706498891058 ], [ -73.849292178929758, 40.752417190745753 ], [ -73.849158294517323, 40.752439681184939 ], [ -73.848582117053198, 40.752536469402209 ], [ -73.847580613516797, 40.75286084335346 ], [ -73.847702958615258, 40.753092013663206 ], [ -73.843043873798052, 40.754508013509934 ], [ -73.842775739584695, 40.754589498347251 ], [ -73.842430180204701, 40.754694509449841 ], [ -73.842422417445064, 40.754689157028153 ] ] ] ] } },
{ "type": "Feature", "properties": { "Borough": "QN", "Block": 2018, "Lot": 1500, "CD": 481, "BCT2020": "4038302", "BCTCB2020": "40383021014", "CT2010": "383.02", "CB2010": "1052", "SchoolDist": "25", "Council": 21, "ZipCode": 11368, "FireComp": "L129", "PolicePrct": 110, "HealthCent": 43, "HealthArea": 1200, "Sanitboro": null, "SanitDistr": null, "SanitSub": null, "Address": "120-20 ROOSEVELT AVENUE", "ZoneDist1": "PARK", "ZoneDist2": null, "ZoneDist3": null, "ZoneDist4": null, "Overlay1": null, "Overlay2": null, "SPDist1": null, "SPDist2": null, "SPDist3": null, "LtdHeight": null, "SplitZone": "N", "BldgClass": "G6", "LandUse": "10", "Easements": 0, "OwnerType": "C", "OwnerName": "NYC DEPARTMENT OF PARKS AND RECREATION", "LotArea": 344265, "BldgArea": 2720, "ComArea": 2720, "ResArea": 0, "OfficeArea": 2720, "RetailArea": 0, "GarageArea": 0, "StrgeArea": 0, "FactryArea": 0, "OtherArea": 0, "AreaSource": "2", "NumBldgs": 3, "NumFloors": 1.0, "UnitsRes": 0, "UnitsTotal": 1, "LotFront": 2429.25, "LotDepth": 260.0, "BldgFront": 68.0, "BldgDepth": 40.0, "Ext": "N", "ProxCode": "1", "IrrLotCode": "Y", "LotType": "5", "BsmtCode": "0", "AssessLand": 3166200.0, "AssessTot": 3166200.0, "ExemptTot": 3166200.0, "YearBuilt": 1939, "YearAlter1": 0, "YearAlter2": 0, "HistDist": null, "Landmark": null, "BuiltFAR": 0.01, "ResidFAR": 0.0, "CommFAR": 0.0, "FacilFAR": 0.0, "BoroCode": 4, "BBL": 4020181499.9999995, "CondoNo": 0, "Tract2010": "038302", "XCoord": 1026638, "YCoord": 213888, "ZoneMap": "10b", "ZMCode": null, "Sanborn": "419 024", "TaxMap": "41104", "EDesigNum": "E-834", "APPBBL": 4020181499.9999995, "APPDate": "12/22/2025", "PLUTOMapID": "1", "FIRM07_FLA": "1", "PFIRM15_FL": "1", "Version": "25v4", "DCPEdited": "t", "Latitude": 40.753648, "Longitude": -73.8470065, "Notes": null, "Shape_Leng": 0.0, "Shape_Area": 328463.55703000003 }, "geometry": { "type": "MultiPolygon", "coordinates": [ [ [ [ -73.843043873798052, 40.754508013509934 ], [ -73.847702958615258, 40.753092013663206 ], [ -73.847580613516797, 40.75286084335346 ], [ -73.848582117053198, 40.752536469402209 ], [ -73.849158294517323, 40.752439681184939 ], [ -73.849306308902769, 40.752719343336928 ], [ -73.846449711884375, 40.753586726688503 ], [ -73.846595790753625, 40.753881827120075 ], [ -73.846722950527692, 40.754138704459166 ], [ -73.843365604729868, 40.755158017201076 ], [ -73.843043873798052, 40.754508013509934 ] ] ] ] } },
{ "type": "Feature", "properties": { "Borough": "QN", "Block": 2018, "Lot": 1700, "CD": 481, "BCT2020": "4038302", "BCTCB2020": "40383021014", "CT2010": "383.02", "CB2010": "1052", "SchoolDist": "25", "Council": 21, "ZipCode": 11368, "FireComp": "L129", "PolicePrct": 110, "HealthCent": 43, "HealthArea": 1200, "Sanitboro": null, "SanitDistr": null, "SanitSub": null, "Address": "ROOSEVELT AVENUE", "ZoneDist1": "PARK", "ZoneDist2": null, "ZoneDist3": null, "ZoneDist4": null, "Overlay1": null, "Overlay2": null, "SPDist1": null, "SPDist2": null, "SPDist3": null, "LtdHeight": null, "SplitZone": "N", "BldgClass": "G6", "LandUse": "10", "Easements": 0, "OwnerType": null, "OwnerName": "NYC DEPARTMENT OF PARKS AND RECREATION", "LotArea": 271488, "BldgArea": 0, "ComArea": 0, "ResArea": 0, "OfficeArea": 0, "RetailArea": 0, "GarageArea": 0, "StrgeArea": 0, "FactryArea": 0, "OtherArea": 0, "AreaSource": "7", "NumBldgs": 0, "NumFloors": 0.0, "UnitsRes": 0, "UnitsTotal": 0, "LotFront": 0.0, "LotDepth": 0.0, "BldgFront": 0.0, "BldgDepth": 0.0, "Ext": null, "ProxCode": "0", "IrrLotCode": "Y", "LotType": "0", "BsmtCode": "5", "AssessLand": 2349900.0, "AssessTot": 2349900.0, "ExemptTot": 0.0, "YearBuilt": 0, "YearAlter1": 0, "YearAlter2": 0, "HistDist": null, "Landmark": null, "BuiltFAR": 0.0, "ResidFAR": 0.0, "CommFAR": 0.0, "FacilFAR": 0.0, "BoroCode": 4, "BBL": 4020181700.0000005, "CondoNo": 0, "Tract2010": "038302", "XCoord": 1026163, "YCoord": 213726, "ZoneMap": "10b", "ZMCode": null, "Sanborn": null, "TaxMap": null, "EDesigNum": null, "APPBBL": 4020181499.9999995, "APPDate": "12/22/2025", "PLUTOMapID": "1", "FIRM07_FLA": "1", "PFIRM15_FL": "1", "Version": "25v4", "DCPEdited": "t", "Latitude": 40.7532043, "Longitude": -73.8487215, "Notes": null, "Shape_Leng": 0.0, "Shape_Area": 264261.75280700001 }, "geometry": { "type": "MultiPolygon", "coordinates": [ [ [ [ -73.846595790753625, 40.753881827120075 ], [ -73.846449711884375, 40.753586726688503 ], [ -73.849306308902769, 40.752719343336928 ], [ -73.849158294517323, 40.752439681184939 ], [ -73.849292178929758, 40.752417190745753 ], [ -73.851102014659631, 40.752706498891058 ], [ -73.851323137733345, 40.752741844282859 ], [ -73.85114736473875, 40.752795223417898 ], [ -73.846974355109751, 40.754062371451305 ], [ -73.846847194622015, 40.753805493549208 ], [ -73.846595790753625, 40.753881827120075 ] ] ] ] } },
{ "type": "Feature", "properties": { "Borough": "QN", "Block": 2209, "Lot": 105, "CD": 408, "BCT2020": "4038302", "BCTCB2020": "40383021049", "CT2010": "383.02", "CB2010": "1242", "SchoolDist": "25", "Council": 24, "ZipCode": 11367, "FireComp": "E299", "PolicePrct": 107, "HealthCent": 43, "HealthArea": 1200, "Sanitboro": "4", "SanitDistr": "08", "SanitSub": "3C", "Address": "GRAND CENTRL PARKWAY", "ZoneDist1": "PARK", "ZoneDist2": "R3-2", "ZoneDist3": null, "ZoneDist4": null, "Overlay1": null, "Overlay2": null, "SPDist1": null, "SPDist2": null, "SPDist3": null, "LtdHeight": null, "SplitZone": "Y", "BldgClass": "Q1", "LandUse": "09", "Easements": 0, "OwnerType": "C", "OwnerName": "NYC DEPARTMENT OF PARKS AND RECREATION", "LotArea": 85000, "BldgArea": 85000, "ComArea": 85000, "ResArea": 0, "OfficeArea": 0, "RetailArea": 0, "GarageArea": 0, "StrgeArea": 0, "FactryArea": 0, "OtherArea": 85000, "AreaSource": "2", "NumBldgs": 1, "NumFloors": 0.0, "UnitsRes": 0, "UnitsTotal": 0, "LotFront": 900.0, "LotDepth": 130.0, "BldgFront": 0.0, "BldgDepth": 0.0, "Ext": "N", "ProxCode": "0", "IrrLotCode": "Y", "LotType": "5", "BsmtCode": "0", "AssessLand": 726300.0, "AssessTot": 726300.0, "ExemptTot": 726300.0, "YearBuilt": 0, "YearAlter1": 0, "YearAlter2": 0, "HistDist": null, "Landmark": null, "BuiltFAR": 1.0, "ResidFAR": 0.0, "CommFAR": 0.0, "FacilFAR": 0.0, "BoroCode": 4, "BBL": 4022090105.0, "CondoNo": 0, "Tract2010": "038302", "XCoord": 1030532, "YCoord": 204974, "ZoneMap": "14a", "ZMCode": null, "Sanborn": "419 025", "TaxMap": "41203", "EDesigNum": null, "APPBBL": 0.0, "APPDate": null, "PLUTOMapID": "1", "FIRM07_FLA": "1", "PFIRM15_FL": "1", "Version": "25v4", "DCPEdited": "t", "Latitude": 40.7291618, "Longitude": -73.833013, "Notes": null, "Shape_Leng": 0.0, "Shape_Area": 88850.773954100005 }, "geometry": { "type": "MultiPolygon", "coordinates": [ [ [ [ -73.832953340269071, 40.729391105019822 ], [ -73.832886117094517, 40.72926600771855 ], [ -73.832778864696024, 40.729078837672262 ], [ -73.832666472897486, 40.728911057964488 ], [ -73.832570619023812, 40.728782585037656 ], [ -73.832482340385013, 40.728669509296161 ], [ -73.832385605905088, 40.728563845773877 ], [ -73.832109858821909, 40.728193721495103 ], [ -73.832225036296578, 40.728162477041067 ], [ -73.832320511566763, 40.728163767988228 ], [ -73.832650792379539, 40.728147215719872 ], [ -73.832703835248523, 40.72828085194238 ], [ -73.832800694463998, 40.72850614089797 ], [ -73.832865349703837, 40.728650844951829 ], [ -73.832923579417468, 40.728737726948502 ], [ -73.83297569388472, 40.728807219254527 ], [ -73.833039486101455, 40.728879961371902 ], [ -73.833161561704117, 40.729040657845893 ], [ -73.833255682577288, 40.729165490541327 ], [ -73.833944407448286, 40.730454684257118 ], [ -73.83377917460588, 40.730361396901969 ], [ -73.83365153418147, 40.730277821674711 ], [ -73.833513940882099, 40.730170683510977 ], [ -73.833391028455125, 40.730043300548537 ], [ -73.83329345086733, 40.729923629252553 ], [ -73.833205170592052, 40.729808709708053 ], [ -73.832953340269071, 40.729391105019822 ] ] ] ] } },
{ "type": "Feature", "properties": { "Borough": "QN", "Block": 2273, "Lot": 1503, "CD": 406, "BCT2020": "4038302", "BCTCB2020": "40383021085", "CT2010": "383.02", "CB2010": "1234", "SchoolDist": "28", "Council": 29, "ZipCode": 11375, "FireComp": "L151", "PolicePrct": 112, "HealthCent": 43, "HealthArea": 1200, "Sanitboro": "4", "SanitDistr": "06", "SanitSub": "1E", "Address": "QUEENS BOULEVARD", "ZoneDist1": "R3-2", "ZoneDist2": null, "ZoneDist3": null, "ZoneDist4": null, "Overlay1": null, "Overlay2": null, "SPDist1": null, "SPDist2": null, "SPDist3": null, "LtdHeight": null, "SplitZone": "N", "BldgClass": "V0", "LandUse": "11", "Easements": 0, "OwnerType": "C", "OwnerName": "NYC DEPARTMENT OF TRANSPORTATION", "LotArea": 1316, "BldgArea": 0, "ComArea": 0, "ResArea": 0, "OfficeArea": 0, "RetailArea": 0, "GarageArea": 0, "StrgeArea": 0, "FactryArea": 0, "OtherArea": 0, "AreaSource": "7", "NumBldgs": 0, "NumFloors": 0.0, "UnitsRes": 0, "UnitsTotal": 0, "LotFront": 4.67, "LotDepth": 282.0, "BldgFront": 0.0, "BldgDepth": 0.0, "Ext": null, "ProxCode": "0", "IrrLotCode": "Y", "LotType": "8", "BsmtCode": "5", "AssessLand": 2382.0, "AssessTot": 2382.0, "ExemptTot": 2382.0, "YearBuilt": 0, "YearAlter1": 0, "YearAlter2": 0, "HistDist": null, "Landmark": null, "BuiltFAR": 0.0, "ResidFAR": 0.75, "CommFAR": 0.0, "FacilFAR": 1.0, "BoroCode": 4, "BBL": 4022731503.0000005, "CondoNo": 0, "Tract2010": "038302", "XCoord": 1031402, "YCoord": 199950, "ZoneMap": "14b", "ZMCode": null, "Sanborn": "419 090", "TaxMap": "41204", "EDesigNum": null, "APPBBL": 0.0, "APPDate": null, "PLUTOMapID": "1", "FIRM07_FLA": null, "PFIRM15_FL": null, "Version": "25v4", "DCPEdited": "t", "Latitude": 40.7153676, "Longitude": -73.8299093, "Notes": null, "Shape_Leng": 0.0, "Shape_Area": 1426.9280933 }, "geometry": { "type": "MultiPolygon", "coordinates": [ [ [ [ -73.830244088583697, 40.714756828293311 ], [ -73.830212487942674, 40.714934456113575 ], [ -73.830174731810388, 40.714999725220153 ], [ -73.830069170689569, 40.715182209192001 ], [ -73.829834117434118, 40.715466629436833 ], [ -73.829821197754384, 40.715456714616813 ], [ -73.830053738845251, 40.715173994432575 ], [ -73.83013793543175, 40.715028784426465 ], [ -73.830196340245905, 40.714928057508651 ], [ -73.830225167395326, 40.714761370407828 ], [ -73.830244088583697, 40.714756828293311 ] ] ] ] } },
{ "type": "Feature", "properties": { "Borough": "QN", "Block": 2273, "Lot": 1505, "CD": 406, "BCT2020": "4038302", "BCTCB2020": "40383021085", "CT2010": "383.02", "CB2010": "1234", "SchoolDist": "28", "Council": 29, "ZipCode": 11375, "FireComp": "L151", "PolicePrct": 112, "HealthCent": 43, "HealthArea": 1200, "Sanitboro": "4", "SanitDistr": "06", "SanitSub": "1E", "Address": "QUEENS BOULEVARD", "ZoneDist1": "R3-2", "ZoneDist2": "C4-2", "ZoneDist3": null, "ZoneDist4": null, "Overlay1": null, "Overlay2": null, "SPDist1": null, "SPDist2": null, "SPDist3": null, "LtdHeight": null, "SplitZone": "Y", "BldgClass": "V3", "LandUse": "11", "Easements": 0, "OwnerType": "C", "OwnerName": "NYC DEPARTMENT OF TRANSPORTATION", "LotArea": 15792, "BldgArea": 0, "ComArea": 0, "ResArea": 0, "OfficeArea": 0, "RetailArea": 0, "GarageArea": 0, "StrgeArea": 0, "FactryArea": 0, "OtherArea": 0, "AreaSource": "7", "NumBldgs": 0, "NumFloors": 0.0, "UnitsRes": 0, "UnitsTotal": 0, "LotFront": 56.0, "LotDepth": 282.0, "BldgFront": 0.0, "BldgDepth": 0.0, "Ext": null, "ProxCode": "0", "IrrLotCode": "Y", "LotType": "5", "BsmtCode": "5", "AssessLand": 106380.0, "AssessTot": 106380.0, "ExemptTot": 106380.0, "YearBuilt": 0, "YearAlter1": 0, "YearAlter2": 0, "HistDist": null, "Landmark": null, "BuiltFAR": 0.0, "ResidFAR": 0.75, "CommFAR": 0.0, "FacilFAR": 1.0, "BoroCode": 4, "BBL": 4022731504.9999995, "CondoNo": 0, "Tract2010": "038302", "XCoord": 1031324, "YCoord": 199843, "ZoneMap": "14b", "ZMCode": "Y", "Sanborn": "419 090", "TaxMap": "41204", "EDesigNum": null, "APPBBL": 0.0, "APPDate": null, "PLUTOMapID": "1", "FIRM07_FLA": null, "PFIRM15_FL": null, "Version": "25v4", "DCPEdited": "t", "Latitude": 40.7150743, "Longitude": -73.8301914, "Notes": null, "Shape_Leng": 0.0, "Shape_Area": 12232.072054800001 }, "geometry": { "type": "MultiPolygon", "coordinates": [ [ [ [ -73.829834117434118, 40.715466629436833 ], [ -73.830069170689569, 40.715182209192001 ], [ -73.830174731810388, 40.714999725220153 ], [ -73.830212487942674, 40.714934456113575 ], [ -73.830244088583697, 40.714756828293311 ], [ -73.830441682136396, 40.714709398929521 ], [ -73.830434004537693, 40.714754180818019 ], [ -73.830420160673171, 40.714834931757792 ], [ -73.830394377864422, 40.71498532146331 ], [ -73.830356183928671, 40.715045504842486 ], [ -73.830295523081972, 40.715091155013226 ], [ -73.830207019299365, 40.715168399040749 ], [ -73.830149176877839, 40.715223896795763 ], [ -73.830145877369389, 40.71522761373101 ], [ -73.830074548524834, 40.715307923157866 ], [ -73.830046852078269, 40.715342408699463 ], [ -73.830009935340286, 40.715389325703413 ], [ -73.829980967353762, 40.715432344483737 ], [ -73.829953753860636, 40.71547883182469 ], [ -73.829951123801422, 40.715484535342966 ], [ -73.829949552066338, 40.715490563775305 ], [ -73.829948753911637, 40.715494493302636 ], [ -73.829947622005676, 40.715503008692508 ], [ -73.829947426724786, 40.715515547114187 ], [ -73.829948435742651, 40.715525022913766 ], [ -73.829950419112308, 40.715534338019047 ], [ -73.82995388476003, 40.715544844886224 ], [ -73.829958774020753, 40.715555406144645 ], [ -73.829961864578806, 40.715560807405815 ], [ -73.829967222036757, 40.715568774122154 ], [ -73.829834117434118, 40.715466629436833 ] ] ] ] } },
{ "type": "Feature", "properties": { "Borough": "QN", "Block": 2273, "Lot": 1520, "CD": 406, "BCT2020": "4038302", "BCTCB2020": "40383021085", "CT2010": "383.02", "CB2010": "1234", "SchoolDist": "28", "Council": 29, "ZipCode": 11375, "FireComp": "L151", "PolicePrct": 112, "HealthCent": 43, "HealthArea": 1200, "Sanitboro": "4", "SanitDistr": "06", "SanitSub": "1E", "Address": "QUEENS BOULEVARD", "ZoneDist1": "R3-2", "ZoneDist2": "C4-2", "ZoneDist3": null, "ZoneDist4": null, "Overlay1": null, "Overlay2": null, "SPDist1": null, "SPDist2": null, "SPDist3": null, "LtdHeight": null, "SplitZone": "Y", "BldgClass": "V3", "LandUse": "11", "Easements": 0, "OwnerType": "C", "OwnerName": "NYC DEPARTMENT OF TRANSPORTATION", "LotArea": 20000, "BldgArea": 0, "ComArea": 0, "ResArea": 0, "OfficeArea": 0, "RetailArea": 0, "GarageArea": 0, "StrgeArea": 0, "FactryArea": 0, "OtherArea": 0, "AreaSource": "7", "NumBldgs": 0, "NumFloors": 0.0, "UnitsRes": 0, "UnitsTotal": 0, "LotFront": 100.0, "LotDepth": 200.0, "BldgFront": 0.0, "BldgDepth": 0.0, "Ext": null, "ProxCode": "0", "IrrLotCode": "Y", "LotType": "3", "BsmtCode": "5", "AssessLand": 141420.0, "AssessTot": 141420.0, "ExemptTot": 141420.0, "YearBuilt": 0, "YearAlter1": 0, "YearAlter2": 0, "HistDist": null, "Landmark": null, "BuiltFAR": 0.0, "ResidFAR": 0.75, "CommFAR": 0.0, "FacilFAR": 1.0, "BoroCode": 4, "BBL": 4022731520.0, "CondoNo": 0, "Tract2010": "038302", "XCoord": 1031181, "YCoord": 199728, "ZoneMap": "14b", "ZMCode": null, "Sanborn": "419 090", "TaxMap": "41204", "EDesigNum": null, "APPBBL": 0.0, "APPDate": null, "PLUTOMapID": "1", "FIRM07_FLA": null, "PFIRM15_FL": null, "Version": "25v4", "DCPEdited": "t", "Latitude": 40.7147594, "Longitude": -73.830708, "Notes": null, "Shape_Leng": 0.0, "Shape_Area": 13328.596025299999 }, "geometry": { "type": "MultiPolygon", "coordinates": [ [ [ [ -73.830394377864422, 40.71498532146331 ], [ -73.830420160673171, 40.714834931757792 ], [ -73.830434004537693, 40.714754180818019 ], [ -73.830441682136396, 40.714709398929521 ], [ -73.830472641942649, 40.714701966734204 ], [ -73.830963063656725, 40.714584246087682 ], [ -73.831004866811554, 40.714611152687333 ], [ -73.831150899075141, 40.714705149067953 ], [ -73.831106547452919, 40.714714350194569 ], [ -73.831031612228443, 40.714732448520273 ], [ -73.830966057146625, 40.714750121952683 ], [ -73.830889446557507, 40.714774539283674 ], [ -73.83085029063318, 40.714788280261303 ], [ -73.830820252898945, 40.714799855364511 ], [ -73.83076782627478, 40.714821175264383 ], [ -73.830694704218743, 40.714852214565141 ], [ -73.83063368330231, 40.714879941529439 ], [ -73.830574717635798, 40.714908310823269 ], [ -73.830518747613027, 40.714939787639253 ], [ -73.830391596527846, 40.715018856045653 ], [ -73.830356183928671, 40.715045504842486 ], [ -73.830394377864422, 40.71498532146331 ] ] ] ] } },
{ "type": "Feature", "properties": { "Borough": "QN", "Block": 2280, "Lot": 1, "CD": 406, "BCT2020": "4038302", "BCTCB2020": "40383021085", "CT2010": "383.02", "CB2010": "1234", "SchoolDist": "28", "Council": 29, "ZipCode": 11375, "FireComp": "L151", "PolicePrct": 112, "HealthCent": 43, "HealthArea": 1200, "Sanitboro": "4", "SanitDistr": "06", "SanitSub": "1E", "Address": "GRAND CENTRL PARKWAY", "ZoneDist1": "PARK", "ZoneDist2": "R3-2", "ZoneDist3": null, "ZoneDist4": null, "Overlay1": null, "Overlay2": null, "SPDist1": null, "SPDist2": null, "SPDist3": null, "LtdHeight": null, "SplitZone": "Y", "BldgClass": "Q1", "LandUse": "09", "Easements": 0, "OwnerType": "C", "OwnerName": "NYC DEPARTMENT OF PARKS AND RECREATION", "LotArea": 6279575, "BldgArea": 4279575, "ComArea": 4279575, "ResArea": 0, "OfficeArea": 0, "RetailArea": 0, "GarageArea": 0, "StrgeArea": 0, "FactryArea": 0, "OtherArea": 4279575, "AreaSource": "2", "NumBldgs": 3, "NumFloors": 0.0, "UnitsRes": 0, "UnitsTotal": 0, "LotFront": 1591.0, "LotDepth": 4551.0, "BldgFront": 0.0, "BldgDepth": 0.0, "Ext": "N", "ProxCode": "0", "IrrLotCode": "N", "LotType": "1", "BsmtCode": "0", "AssessLand": 31824000.0, "AssessTot": 31824000.0, "ExemptTot": 31824000.0, "YearBuilt": 0, "YearAlter1": 0, "YearAlter2": 0, "HistDist": null, "Landmark": null, "BuiltFAR": 0.68, "ResidFAR": 0.0, "CommFAR": 0.0, "FacilFAR": 0.0, "BoroCode": 4, "BBL": 4022800001.0, "CondoNo": 0, "Tract2010": "038302", "XCoord": 1030559, "YCoord": 202577, "ZoneMap": "14a", "ZMCode": null, "Sanborn": "419 026", "TaxMap": "41204", "EDesigNum": null, "APPBBL": 0.0, "APPDate": null, "PLUTOMapID": "1", "FIRM07_FLA": "1", "PFIRM15_FL": "1", "Version": "25v4", "DCPEdited": "t", "Latitude": 40.7225825, "Longitude": -73.8329321, "Notes": null, "Shape_Leng": 0.0, "Shape_Area": 5929517.2993400004 }, "geometry": { "type": "MultiPolygon", "coordinates": [ [ [ [ -73.826817093186023, 40.72105229471736 ], [ -73.830110150365542, 40.721663209225937 ], [ -73.830131929165034, 40.721627718055785 ], [ -73.830150831175203, 40.721630084612556 ], [ -73.830389688501114, 40.72165999270532 ], [ -73.830464835895967, 40.721626724284789 ], [ -73.831124200558506, 40.719477818885238 ], [ -73.82977588517079, 40.717759790190833 ], [ -73.829795136117795, 40.71767192784597 ], [ -73.829680200242507, 40.71763569860051 ], [ -73.829631831672884, 40.717620452453907 ], [ -73.829113385642643, 40.717457031321693 ], [ -73.829777282024111, 40.715723476539402 ], [ -73.829850918582522, 40.71571999779411 ], [ -73.830271704307876, 40.716055039683013 ], [ -73.833230246127727, 40.718410575176719 ], [ -73.833602204174625, 40.718638518968135 ], [ -73.834200004313942, 40.719008104382766 ], [ -73.83432784128405, 40.719094180233625 ], [ -73.834440787756051, 40.719188119260565 ], [ -73.834509689928339, 40.719258531222607 ], [ -73.83456588520248, 40.719318628350024 ], [ -73.834652080878385, 40.719436132077831 ], [ -73.834725298995338, 40.719556099802894 ], [ -73.834767107814642, 40.719633170616248 ], [ -73.834796319513728, 40.71969944776675 ], [ -73.834898074616419, 40.72001926707906 ], [ -73.835081251886123, 40.720519556255681 ], [ -73.835376832145471, 40.721117308937941 ], [ -73.835613032442325, 40.721512371029277 ], [ -73.835857556261203, 40.721846397101622 ], [ -73.836302528393077, 40.722412954129574 ], [ -73.836695370957827, 40.722927680348789 ], [ -73.837054987555788, 40.72349098124085 ], [ -73.838486937450284, 40.726185707035619 ], [ -73.834926006197435, 40.727263184852234 ], [ -73.834720942834565, 40.726883558859647 ], [ -73.834463114772205, 40.726927148275394 ], [ -73.832992526192243, 40.727175756295509 ], [ -73.832917858878403, 40.727042041011309 ], [ -73.832848035298753, 40.726909878924339 ], [ -73.832786360233229, 40.726806552164845 ], [ -73.832716743929979, 40.726702316061683 ], [ -73.83265749150091, 40.726621898056877 ], [ -73.832596112785822, 40.726552536165663 ], [ -73.83248011215565, 40.726426072602315 ], [ -73.832324752872111, 40.726283371214116 ], [ -73.832146108765642, 40.726140185379471 ], [ -73.831918138220317, 40.725980077743415 ], [ -73.831585882911043, 40.725748984746012 ], [ -73.831321314113296, 40.725578819553327 ], [ -73.830203702978025, 40.724800986235017 ], [ -73.829955180741521, 40.724622663070804 ], [ -73.829554048201643, 40.724315702408639 ], [ -73.82910016095488, 40.723941825119581 ], [ -73.828703973729347, 40.723574475222428 ], [ -73.828389192041556, 40.723227967852125 ], [ -73.828161647859943, 40.722956689869143 ], [ -73.82773790856227, 40.72237382665849 ], [ -73.826979935978059, 40.721220118531029 ], [ -73.826817093186023, 40.72105229471736 ] ] ] ] } },
{ "type": "Feature", "properties": { "Borough": "QN", "Block": 2280, "Lot": 1500, "CD": 408, "BCT2020": "4038302", "BCTCB2020": "40383021051", "CT2010": "383.02", "CB2010": "1199", "SchoolDist": "25", "Council": 24, "ZipCode": 11367, "FireComp": "E299", "PolicePrct": 107, "HealthCent": 43, "HealthArea": 1200, "Sanitboro": "4", "SanitDistr": "08", "SanitSub": "3C", "Address": "GRAND CENTRL PARKWAY", "ZoneDist1": "PARK", "ZoneDist2": null, "ZoneDist3": null, "ZoneDist4": null, "Overlay1": null, "Overlay2": null, "SPDist1": null, "SPDist2": null, "SPDist3": null, "LtdHeight": null, "SplitZone": "N", "BldgClass": "Q0", "LandUse": "09", "Easements": 0, "OwnerType": "X", "OwnerName": "NYC DEPARTMENT OF PARKS AND RECREATION", "LotArea": 228000, "BldgArea": 0, "ComArea": 0, "ResArea": 0, "OfficeArea": 0, "RetailArea": 0, "GarageArea": 0, "StrgeArea": 0, "FactryArea": 0, "OtherArea": 0, "AreaSource": "7", "NumBldgs": 0, "NumFloors": 0.0, "UnitsRes": 0, "UnitsTotal": 0, "LotFront": 304.0, "LotDepth": 1700.0, "BldgFront": 0.0, "BldgDepth": 0.0, "Ext": null, "ProxCode": "0", "IrrLotCode": "Y", "LotType": "5", "BsmtCode": "5", "AssessLand": 8283150.0, "AssessTot": 8283150.0, "ExemptTot": 8283150.0, "YearBuilt": 0, "YearAlter1": 0, "YearAlter2": 0, "HistDist": null, "Landmark": null, "BuiltFAR": 0.0, "ResidFAR": 0.0, "CommFAR": 0.0, "FacilFAR": 0.0, "BoroCode": 4, "BBL": 4022801499.9999995, "CondoNo": 0, "Tract2010": "038302", "XCoord": 1030731, "YCoord": 204487, "ZoneMap": "14a", "ZMCode": null, "Sanborn": "419 026", "TaxMap": "41204", "EDesigNum": null, "APPBBL": 0.0, "APPDate": null, "PLUTOMapID": "1", "FIRM07_FLA": "1", "PFIRM15_FL": null, "Version": "25v4", "DCPEdited": "t", "Latitude": 40.7278241, "Longitude": -73.8322984, "Notes": null, "Shape_Leng": 0.0, "Shape_Area": 220555.752874 }, "geometry": { "type": "MultiPolygon", "coordinates": [ [ [ [ -73.828150040039105, 40.724843325161785 ], [ -73.828323748387234, 40.72488947905623 ], [ -73.830031987288237, 40.725343339467756 ], [ -73.831159261888658, 40.726118448266817 ], [ -73.831902032655918, 40.727294972310474 ], [ -73.831949753412431, 40.727370558777032 ], [ -73.832061066472349, 40.727417012892737 ], [ -73.832110933047417, 40.727481067826488 ], [ -73.832199287234772, 40.727563716775173 ], [ -73.832467461677908, 40.727814575357733 ], [ -73.832366914378838, 40.727825176412807 ], [ -73.832298495734165, 40.727826666163814 ], [ -73.832226109521656, 40.7278228450987 ], [ -73.832118454774999, 40.727814329541118 ], [ -73.832014370610267, 40.727797650493038 ], [ -73.831945303948359, 40.727780564216488 ], [ -73.831887462170201, 40.727763595195825 ], [ -73.831830838137904, 40.727738824918234 ], [ -73.831758544071192, 40.727700921275407 ], [ -73.83169872777539, 40.727664847589878 ], [ -73.831653027476023, 40.727628200207597 ], [ -73.831554377548983, 40.727518124343959 ], [ -73.831438110813295, 40.727333668293831 ], [ -73.831226761183757, 40.726999063166659 ], [ -73.830980515615707, 40.726647382141067 ], [ -73.830793475128104, 40.726434321228467 ], [ -73.830553903778878, 40.726206503416385 ], [ -73.830362264831862, 40.726055322573977 ], [ -73.830130061687584, 40.725915439593514 ], [ -73.829860349615771, 40.725776213964735 ], [ -73.829581369844888, 40.725670093718399 ], [ -73.829365710144543, 40.725606535784657 ], [ -73.829180434732365, 40.725562704020355 ], [ -73.828994837449116, 40.725524491621179 ], [ -73.828830653711904, 40.725484128836683 ], [ -73.828714689207615, 40.725448423886782 ], [ -73.828545627048612, 40.725389515529535 ], [ -73.828390566831132, 40.72531821703344 ], [ -73.828229511116305, 40.725234301242224 ], [ -73.828077446619872, 40.725130757696185 ], [ -73.827926323795452, 40.725003332887276 ], [ -73.828150040039105, 40.724843325161785 ] ] ] ] } },
{ "type": "Feature", "properties": { "Borough": "QN", "Block": 2280, "Lot": 1550, "CD": 408, "BCT2020": "4038302", "BCTCB2020": "40383021051", "CT2010": "383.02", "CB2010": "1199", "SchoolDist": "25", "Council": 24, "ZipCode": 11367, "FireComp": "E299", "PolicePrct": 107, "HealthCent": 43, "HealthArea": 1200, "Sanitboro": "4", "SanitDistr": "08", "SanitSub": "3C", "Address": "GRAND CENTRL PARKWAY", "ZoneDist1": "PARK", "ZoneDist2": null, "ZoneDist3": null, "ZoneDist4": null, "Overlay1": null, "Overlay2": null, "SPDist1": null, "SPDist2": null, "SPDist3": null, "LtdHeight": null, "SplitZone": "N", "BldgClass": "Q1", "LandUse": "09", "Easements": 0, "OwnerType": "C", "OwnerName": "NYC DEPARTMENT OF PARKS AND RECREATION", "LotArea": 136800, "BldgArea": 0, "ComArea": 0, "ResArea": 0, "OfficeArea": 0, "RetailArea": 0, "GarageArea": 0, "StrgeArea": 0, "FactryArea": 0, "OtherArea": 0, "AreaSource": "7", "NumBldgs": 0, "NumFloors": 0.0, "UnitsRes": 0, "UnitsTotal": 0, "LotFront": 287.0, "LotDepth": 1729.0, "BldgFront": 0.0, "BldgDepth": 0.0, "Ext": "N", "ProxCode": "0", "IrrLotCode": "N", "LotType": "3", "BsmtCode": "0", "AssessLand": 1003050.0, "AssessTot": 1003050.0, "ExemptTot": 1003050.0, "YearBuilt": 0, "YearAlter1": 0, "YearAlter2": 0, "HistDist": null, "Landmark": null, "BuiltFAR": 0.0, "ResidFAR": 0.0, "CommFAR": 0.0, "FacilFAR": 0.0, "BoroCode": 4, "BBL": 4022801550.0, "CondoNo": 0, "Tract2010": "038302", "XCoord": 1030703, "YCoord": 204451, "ZoneMap": "14a", "ZMCode": null, "Sanborn": "419 026", "TaxMap": "41204", "EDesigNum": null, "APPBBL": 0.0, "APPDate": null, "PLUTOMapID": "1", "FIRM07_FLA": "1", "PFIRM15_FL": "1", "Version": "25v4", "DCPEdited": "t", "Latitude": 40.7277254, "Longitude": -73.8323997, "Notes": null, "Shape_Leng": 0.0, "Shape_Area": 132870.207027 }, "geometry": { "type": "MultiPolygon", "coordinates": [ [ [ [ -73.831159261888658, 40.726118448266817 ], [ -73.830031987288237, 40.725343339467756 ], [ -73.828323748387234, 40.72488947905623 ], [ -73.828150040039105, 40.724843325161785 ], [ -73.828232384657525, 40.724763026259552 ], [ -73.828283201827304, 40.724708666351795 ], [ -73.828305774240988, 40.724678336565944 ], [ -73.828336602496478, 40.724635639018764 ], [ -73.8283551465573, 40.724607248401774 ], [ -73.828376311722394, 40.724572248330389 ], [ -73.82839842657016, 40.724528310301288 ], [ -73.828424709643386, 40.724471298589059 ], [ -73.828464166879414, 40.724367805937455 ], [ -73.828494661806076, 40.724266894304783 ], [ -73.828529420424957, 40.724103351338293 ], [ -73.829245778524665, 40.724696780546523 ], [ -73.829864359481959, 40.725128978319027 ], [ -73.830851744023747, 40.725808037442285 ], [ -73.831186197204048, 40.72606490838681 ], [ -73.831543061757813, 40.726396042902799 ], [ -73.831690511385901, 40.726546780736726 ], [ -73.831847579529196, 40.726729679710175 ], [ -73.831989968983791, 40.726902976486045 ], [ -73.832141212587189, 40.727126288664941 ], [ -73.832290856108074, 40.727389406190937 ], [ -73.832322910926209, 40.727445766334604 ], [ -73.832522226099613, 40.727801853376562 ], [ -73.832467461677908, 40.727814575357733 ], [ -73.832199287234772, 40.727563716775173 ], [ -73.832110933047417, 40.727481067826488 ], [ -73.832061066472349, 40.727417012892737 ], [ -73.831949753412431, 40.727370558777032 ], [ -73.831902032655918, 40.727294972310474 ], [ -73.831159261888658, 40.726118448266817 ] ] ] ] } },
{ "type": "Feature", "properties": { "Borough": "QN", "Block": 2280, "Lot": 1575, "CD": 408, "BCT2020": "4038302", "BCTCB2020": "40383021051", "CT2010": "383.02", "CB2010": "1217", "SchoolDist": "25", "Council": 24, "ZipCode": 11367, "FireComp": "E299", "PolicePrct": 107, "HealthCent": 43, "HealthArea": 1200, "Sanitboro": "4", "SanitDistr": "08", "SanitSub": "3C", "Address": "GRAND CENTRL PARKWAY", "ZoneDist1": "PARK", "ZoneDist2": null, "ZoneDist3": null, "ZoneDist4": null, "Overlay1": null, "Overlay2": null, "SPDist1": null, "SPDist2": null, "SPDist3": null, "LtdHeight": null, "SplitZone": "N", "BldgClass": "Q1", "LandUse": "09", "Easements": 0, "OwnerType": "C", "OwnerName": "NYC DEPARTMENT OF PARKS AND RECREATION", "LotArea": 86400, "BldgArea": 0, "ComArea": 0, "ResArea": 0, "OfficeArea": 0, "RetailArea": 0, "GarageArea": 0, "StrgeArea": 0, "FactryArea": 0, "OtherArea": 0, "AreaSource": "7", "NumBldgs": 0, "NumFloors": 0.0, "UnitsRes": 0, "UnitsTotal": 0, "LotFront": 287.0, "LotDepth": 1729.0, "BldgFront": 0.0, "BldgDepth": 0.0, "Ext": "N", "ProxCode": "0", "IrrLotCode": "N", "LotType": "3", "BsmtCode": "0", "AssessLand": 713250.0, "AssessTot": 713250.0, "ExemptTot": 713250.0, "YearBuilt": 0, "YearAlter1": 0, "YearAlter2": 0, "HistDist": null, "Landmark": null, "BuiltFAR": 0.0, "ResidFAR": 0.0, "CommFAR": 0.0, "FacilFAR": 0.0, "BoroCode": 4, "BBL": 4022801575.0, "CondoNo": 0, "Tract2010": "038302", "XCoord": 1032068, "YCoord": 202903, "ZoneMap": "14a", "ZMCode": null, "Sanborn": "419 026", "TaxMap": "41204", "EDesigNum": null, "APPBBL": 0.0, "APPDate": null, "PLUTOMapID": "1", "FIRM07_FLA": null, "PFIRM15_FL": null, "Version": "25v4", "DCPEdited": "t", "Latitude": 40.7234693, "Longitude": -73.8274858, "Notes": null, "Shape_Leng": 0.0, "Shape_Area": 82396.363511799995 }, "geometry": { "type": "MultiPolygon", "coordinates": [ [ [ [ -73.827617626193614, 40.724675868515362 ], [ -73.827410575147326, 40.72322729264927 ], [ -73.826463984932047, 40.721700428304189 ], [ -73.826421473994884, 40.721522185537644 ], [ -73.826387338053465, 40.721379050972089 ], [ -73.827756815864475, 40.723469622075356 ], [ -73.82800538143924, 40.723954094719687 ], [ -73.828030610062015, 40.72401992913727 ], [ -73.828038798081408, 40.724052619072872 ], [ -73.828041999201488, 40.72407900970039 ], [ -73.828043635730111, 40.724123681984942 ], [ -73.82804294026441, 40.724153732790349 ], [ -73.828040152909139, 40.724177064455809 ], [ -73.828036703730064, 40.724230703563578 ], [ -73.828028533670278, 40.72427538636942 ], [ -73.828009561259037, 40.724342231665773 ], [ -73.82798555446395, 40.724406406686647 ], [ -73.827967674553193, 40.724438818124312 ], [ -73.827949118194852, 40.724467793950552 ], [ -73.827911834468367, 40.724517687749234 ], [ -73.827881100328824, 40.724553667555625 ], [ -73.827858997356842, 40.724575428621279 ], [ -73.827839390723696, 40.72459445588008 ], [ -73.827817387920888, 40.724611360679702 ], [ -73.827794668708421, 40.724628339949469 ], [ -73.827775729139987, 40.724640671092956 ], [ -73.827754411987399, 40.724652879874739 ], [ -73.82770686694559, 40.724678054477366 ], [ -73.82766570087108, 40.724697615796607 ], [ -73.827642569156765, 40.72470611886061 ], [ -73.827617626193614, 40.724675868515362 ] ] ] ] } },
{ "type": "Feature", "properties": { "Borough": "QN", "Block": 2280, "Lot": 1600, "CD": 408, "BCT2020": "4038302", "BCTCB2020": "40383021051", "CT2010": "383.02", "CB2010": "1217", "SchoolDist": "25", "Council": 24, "ZipCode": 11367, "FireComp": "E299", "PolicePrct": 107, "HealthCent": 43, "HealthArea": 1200, "Sanitboro": "4", "SanitDistr": "08", "SanitSub": "3C", "Address": "GRAND CENTRAL PKWY", "ZoneDist1": "PARK", "ZoneDist2": null, "ZoneDist3": null, "ZoneDist4": null, "Overlay1": null, "Overlay2": null, "SPDist1": null, "SPDist2": null, "SPDist3": null, "LtdHeight": null, "SplitZone": "N", "BldgClass": "Q1", "LandUse": "09", "Easements": 0, "OwnerType": "C", "OwnerName": "NYC DEPARTMENT OF PARKS AND RECREATION", "LotArea": 96000, "BldgArea": 100, "ComArea": 100, "ResArea": 0, "OfficeArea": 0, "RetailArea": 0, "GarageArea": 0, "StrgeArea": 0, "FactryArea": 0, "OtherArea": 100, "AreaSource": "2", "NumBldgs": 1, "NumFloors": 1.0, "UnitsRes": 0, "UnitsTotal": 0, "LotFront": 224.93, "LotDepth": 605.74, "BldgFront": 10.0, "BldgDepth": 10.0, "Ext": "N", "ProxCode": "0", "IrrLotCode": "N", "LotType": "5", "BsmtCode": "0", "AssessLand": 670500.0, "AssessTot": 805500.0, "ExemptTot": 805500.0, "YearBuilt": 1949, "YearAlter1": 0, "YearAlter2": 0, "HistDist": null, "Landmark": null, "BuiltFAR": 0.0, "ResidFAR": 0.0, "CommFAR": 0.0, "FacilFAR": 0.0, "BoroCode": 4, "BBL": 4022801600.0, "CondoNo": 0, "Tract2010": "038302", "XCoord": 1032165, "YCoord": 202829, "ZoneMap": "14a", "ZMCode": null, "Sanborn": "419 026", "TaxMap": "41204", "EDesigNum": null, "APPBBL": 0.0, "APPDate": null, "PLUTOMapID": "1", "FIRM07_FLA": null, "PFIRM15_FL": null, "Version": "25v4", "DCPEdited": "t", "Latitude": 40.7232657, "Longitude": -73.8271364, "Notes": null, "Shape_Leng": 0.0, "Shape_Area": 78442.318392700021 }, "geometry": { "type": "MultiPolygon", "coordinates": [ [ [ [ -73.826463984932047, 40.721700428304189 ], [ -73.827410575147326, 40.72322729264927 ], [ -73.827617626193614, 40.724675868515362 ], [ -73.827556948445121, 40.724602279684973 ], [ -73.827495513228484, 40.724521406455885 ], [ -73.827378476310201, 40.724339047767423 ], [ -73.827255015591078, 40.724076237672847 ], [ -73.826955428129978, 40.723234217320574 ], [ -73.82689427276199, 40.72306232959923 ], [ -73.826594601685315, 40.722184539756853 ], [ -73.826463984932047, 40.721700428304189 ] ] ] ] } },
{ "type": "Feature", "properties": { "Borough": "QN", "Block": 2280, "Lot": 2300, "CD": 481, "BCT2020": "4038302", "BCTCB2020": "40383021053", "CT2010": "383.02", "CB2010": "1197", "SchoolDist": "25", "Council": 24, "ZipCode": 11367, "FireComp": "E315", "PolicePrct": 112, "HealthCent": 43, "HealthArea": 1200, "Sanitboro": null, "SanitDistr": null, "SanitSub": null, "Address": "GRAND CENTRL PARKWAY", "ZoneDist1": "C8-1", "ZoneDist2": null, "ZoneDist3": null, "ZoneDist4": null, "Overlay1": null, "Overlay2": null, "SPDist1": null, "SPDist2": null, "SPDist3": null, "LtdHeight": null, "SplitZone": "N", "BldgClass": "U7", "LandUse": "07", "Easements": 0, "OwnerType": "C", "OwnerName": "NYC TRANSIT AUTHORITY", "LotArea": 1321489, "BldgArea": 0, "ComArea": 0, "ResArea": 0, "OfficeArea": 0, "RetailArea": 0, "GarageArea": 0, "StrgeArea": 0, "FactryArea": 0, "OtherArea": 0, "AreaSource": "7", "NumBldgs": 14, "NumFloors": 0.0, "UnitsRes": 0, "UnitsTotal": 0, "LotFront": 960.0, "LotDepth": 825.0, "BldgFront": 0.0, "BldgDepth": 0.0, "Ext": "N", "ProxCode": "0", "IrrLotCode": "Y", "LotType": "5", "BsmtCode": "0", "AssessLand": 0.0, "AssessTot": 0.0, "ExemptTot": 0.0, "YearBuilt": 0, "YearAlter1": 0, "YearAlter2": 0, "HistDist": null, "Landmark": null, "BuiltFAR": 0.0, "ResidFAR": 0.0, "CommFAR": 1.0, "FacilFAR": 2.4, "BoroCode": 4, "BBL": 4022802299.9999995, "CondoNo": 0, "Tract2010": "038302", "XCoord": 1031677, "YCoord": 201547, "ZoneMap": "14a", "ZMCode": null, "Sanborn": "419 026", "TaxMap": "41204", "EDesigNum": null, "APPBBL": 0.0, "APPDate": null, "PLUTOMapID": "1", "FIRM07_FLA": "1", "PFIRM15_FL": "1", "Version": "25v4", "DCPEdited": "t", "Latitude": 40.7197495, "Longitude": -73.828906, "Notes": null, "Shape_Leng": 0.0, "Shape_Area": 1321489.0635 }, "geometry": { "type": "MultiPolygon", "coordinates": [ [ [ [ -73.826817093186023, 40.72105229471736 ], [ -73.826644846428294, 40.720747128691492 ], [ -73.82658758144315, 40.720328664268678 ], [ -73.827070363409803, 40.718764078160461 ], [ -73.829075147746281, 40.717556873558543 ], [ -73.829113385642643, 40.717457031321693 ], [ -73.829631831672884, 40.717620452453907 ], [ -73.829680200242507, 40.71763569860051 ], [ -73.829795136117795, 40.71767192784597 ], [ -73.82977588517079, 40.717759790190833 ], [ -73.831124200558506, 40.719477818885238 ], [ -73.830464835895967, 40.721626724284789 ], [ -73.830389688501114, 40.72165999270532 ], [ -73.830150831175203, 40.721630084612556 ], [ -73.830131929165034, 40.721627718055785 ], [ -73.830110150365542, 40.721663209225937 ], [ -73.826817093186023, 40.72105229471736 ] ] ] ] } },
{ "type": "Feature", "properties": { "Borough": "QN", "Block": 1787, "Lot": 1, "CD": 481, "BCT2020": "4038302", "BCTCB2020": "40383021006", "CT2010": "383.02", "CB2010": "1046", "SchoolDist": "25", "Council": 21, "ZipCode": 11368, "FireComp": "L129", "PolicePrct": 110, "HealthCent": 43, "HealthArea": 1200, "Sanitboro": null, "SanitDistr": null, "SanitSub": null, "Address": "ROOSEVELT AVENUE", "ZoneDist1": "C8-4", "ZoneDist2": "R3-2", "ZoneDist3": null, "ZoneDist4": null, "Overlay1": null, "Overlay2": null, "SPDist1": null, "SPDist2": null, "SPDist3": null, "LtdHeight": null, "SplitZone": "Y", "BldgClass": "Q1", "LandUse": "09", "Easements": 0, "OwnerType": "C", "OwnerName": "NYS DEPARTMENT OF TRANSPORTATION", "LotArea": 1656724, "BldgArea": 0, "ComArea": 0, "ResArea": 0, "OfficeArea": 0, "RetailArea": 0, "GarageArea": 0, "StrgeArea": 0, "FactryArea": 0, "OtherArea": 0, "AreaSource": "7", "NumBldgs": 0, "NumFloors": 0.0, "UnitsRes": 0, "UnitsTotal": 0, "LotFront": 1142.0, "LotDepth": 1672.0, "BldgFront": 0.0, "BldgDepth": 0.0, "Ext": "N", "ProxCode": "0", "IrrLotCode": "Y", "LotType": "1", "BsmtCode": "0", "AssessLand": 6003727.0, "AssessTot": 6003727.0, "ExemptTot": 6003727.0, "YearBuilt": 0, "YearAlter1": 0, "YearAlter2": 0, "HistDist": null, "Landmark": null, "BuiltFAR": 0.0, "ResidFAR": 0.0, "CommFAR": 5.0, "FacilFAR": 6.5, "BoroCode": 4, "BBL": 4017870000.9999995, "CondoNo": 0, "Tract2010": "038302", "XCoord": 1025359, "YCoord": 214701, "ZoneMap": "10b", "ZMCode": null, "Sanborn": "419 023", "TaxMap": "41004", "EDesigNum": "E-834", "APPBBL": 4017870000.9999995, "APPDate": "12/24/2025", "PLUTOMapID": "1", "FIRM07_FLA": "1", "PFIRM15_FL": "1", "Version": "25v4", "DCPEdited": "t", "Latitude": 40.7558855, "Longitude": -73.8516179, "Notes": null, "Shape_Leng": 0.0, "Shape_Area": 1640245.4156500001 }, "geometry": { "type": "MultiPolygon", "coordinates": [ [ [ [ -73.845611314998422, 40.759607453970105 ], [ -73.846355104162271, 40.759232514307548 ], [ -73.847767497026155, 40.758467816749402 ], [ -73.848066987246654, 40.758302542532959 ], [ -73.84826105765049, 40.758154974756124 ], [ -73.848379228023717, 40.757999950528955 ], [ -73.848133489177428, 40.757495476366721 ], [ -73.848587168636882, 40.75736087720302 ], [ -73.848585220030259, 40.757385092941945 ], [ -73.848585247710247, 40.757409353530015 ], [ -73.84858725200111, 40.757433567275747 ], [ -73.84859122376217, 40.757457640298547 ], [ -73.848602932156638, 40.75749935556459 ], [ -73.848620547965567, 40.757539861927711 ], [ -73.848643861487005, 40.757578680155277 ], [ -73.848672598940297, 40.757615353348108 ], [ -73.848697589346102, 40.757648984993551 ], [ -73.849652300913817, 40.756953556442987 ], [ -73.849669177148229, 40.75694214656415 ], [ -73.849687119221684, 40.756931719578262 ], [ -73.849733375507824, 40.756906852987484 ], [ -73.849779630657508, 40.756881987297938 ], [ -73.849795675875598, 40.756871457929094 ], [ -73.849809015909869, 40.75685894746583 ], [ -73.849819246354087, 40.756844834530447 ], [ -73.849826034363659, 40.756829577064067 ], [ -73.849832475935784, 40.756813045000541 ], [ -73.849840633682263, 40.756796952718112 ], [ -73.849850451574952, 40.756781410157153 ], [ -73.849861870325824, 40.756766509015627 ], [ -73.849874810259564, 40.756752356441382 ], [ -73.849889197816424, 40.756739030559764 ], [ -73.849904942811378, 40.756726616001352 ], [ -73.849921945605232, 40.756715193617737 ], [ -73.850029996117001, 40.756636485088151 ], [ -73.850053479334449, 40.756638568874571 ], [ -73.850077117854411, 40.756638961665807 ], [ -73.850100701001111, 40.756637659592052 ], [ -73.85012401321498, 40.75663467600647 ], [ -73.850146851896952, 40.756630035661864 ], [ -73.850169006150423, 40.756623781703382 ], [ -73.850190282882707, 40.756615968676961 ], [ -73.850210488849555, 40.756606666606331 ], [ -73.850229443982599, 40.756595960759022 ], [ -73.850246978526926, 40.756583945616995 ], [ -73.8502629335986, 40.756570727976388 ], [ -73.850277169315817, 40.756556427540843 ], [ -73.850289556228361, 40.756541171976949 ], [ -73.850299983902147, 40.756525097924474 ], [ -73.85030835960481, 40.756508347652897 ], [ -73.850314607301073, 40.756491074162106 ], [ -73.850402699911029, 40.756408958863112 ], [ -73.85044924208232, 40.756459032621748 ], [ -73.850569364123842, 40.756347335631432 ], [ -73.850561044879399, 40.756319943079241 ], [ -73.850556930855106, 40.756292008512766 ], [ -73.850555789918729, 40.756225752121814 ], [ -73.850623103898627, 40.756151472897685 ], [ -73.850687139929988, 40.756075548635977 ], [ -73.850747826873231, 40.755998062073374 ], [ -73.850805099306868, 40.755919096958955 ], [ -73.850858893122592, 40.755838741389901 ], [ -73.850909152572271, 40.755757083648092 ], [ -73.850955819274546, 40.755674210832524 ], [ -73.85099884473648, 40.75559021407674 ], [ -73.851032988297121, 40.755574015800583 ], [ -73.851068306838386, 40.755559332784415 ], [ -73.851104681765975, 40.755546214400056 ], [ -73.851141994494924, 40.755534702907454 ], [ -73.851177427089112, 40.75545572282315 ], [ -73.851210053415898, 40.755376052917299 ], [ -73.851239849599921, 40.755295748127118 ], [ -73.851266795498248, 40.755214866905916 ], [ -73.851167495140899, 40.755186018635904 ], [ -73.851204496944348, 40.755062356446508 ], [ -73.851235208038062, 40.754937709126359 ], [ -73.851259582935725, 40.754812261093136 ], [ -73.851277585946249, 40.754686197028853 ], [ -73.851289190400053, 40.754559701453339 ], [ -73.851294379521789, 40.75443296166366 ], [ -73.851293145670326, 40.7543061648826 ], [ -73.851285488580046, 40.754179495831117 ], [ -73.851255187853056, 40.753979108028879 ], [ -73.851233826740653, 40.753968394072722 ], [ -73.851213575544506, 40.753956507291221 ], [ -73.851054327159517, 40.753855649701038 ], [ -73.850999160892911, 40.753821929874995 ], [ -73.850942419923058, 40.753789744320237 ], [ -73.850884177535235, 40.753759135295027 ], [ -73.850824510531709, 40.753730144474687 ], [ -73.850778860596378, 40.753709604170027 ], [ -73.850732239124497, 40.753690355639314 ], [ -73.850684708868357, 40.753672427912221 ], [ -73.850636336114178, 40.753655843490812 ], [ -73.850587186923505, 40.75364062597238 ], [ -73.850537327804815, 40.753626796020633 ], [ -73.8504868272545, 40.753614371876672 ], [ -73.85043575508557, 40.753603372456197 ], [ -73.850407471968083, 40.753599859780024 ], [ -73.850378822076451, 40.753600457352135 ], [ -73.850350835510213, 40.753605142334209 ], [ -73.850324523001063, 40.753613747632535 ], [ -73.850242333352867, 40.753647968039346 ], [ -73.850199630912996, 40.753664351293985 ], [ -73.850155610577914, 40.753678593123574 ], [ -73.850123831415473, 40.753687898103941 ], [ -73.849551995437096, 40.753855321077353 ], [ -73.84950230437704, 40.753757170026667 ], [ -73.849384044605713, 40.753791794747833 ], [ -73.849433735525253, 40.753889943088758 ], [ -73.848961256403996, 40.754028272454107 ], [ -73.848911581418008, 40.753930151789461 ], [ -73.84874497817718, 40.753978927853424 ], [ -73.848673610929609, 40.753837961239455 ], [ -73.848672881219258, 40.753834955285917 ], [ -73.849170250258609, 40.753689028816183 ], [ -73.851492688843194, 40.753007601482338 ], [ -73.852546150815698, 40.752698485043318 ], [ -73.853715351480659, 40.754922837493076 ], [ -73.853867079651337, 40.755211483659757 ], [ -73.853964176279376, 40.755502707901748 ], [ -73.854743438447557, 40.756994911637605 ], [ -73.853539641361664, 40.75706840552909 ], [ -73.851999487091589, 40.757559574150903 ], [ -73.850645746046666, 40.757973615058241 ], [ -73.850773484922158, 40.757739947701943 ], [ -73.8508331341082, 40.75755805755643 ], [ -73.849796418391335, 40.757905221118449 ], [ -73.849591434044854, 40.757973863028099 ], [ -73.848385167345896, 40.758432542435401 ], [ -73.847333959951584, 40.758913270286691 ], [ -73.847205084558681, 40.758988304301766 ], [ -73.846454241539377, 40.759375368019789 ], [ -73.846017084593015, 40.759647264117831 ], [ -73.845692683354144, 40.759762640357884 ], [ -73.845611314998422, 40.759607453970105 ] ] ] ] } },
{ "type": "Feature", "properties": { "Borough": "QN", "Block": 1789, "Lot": 65, "CD": 481, "BCT2020": "4038301", "BCTCB2020": "40383011005", "CT2010": "383.01", "CB2010": "1026", "SchoolDist": "25", "Council": 21, "ZipCode": 11368, "FireComp": "L129", "PolicePrct": 110, "HealthCent": 43, "HealthArea": 1200, "Sanitboro": "4", "SanitDistr": "81", "SanitSub": "3E", "Address": "FLUSHING AVENUE", "ZoneDist1": "PARK", "ZoneDist2": null, "ZoneDist3": null, "ZoneDist4": null, "Overlay1": null, "Overlay2": null, "SPDist1": null, "SPDist2": null, "SPDist3": null, "LtdHeight": null, "SplitZone": "N", "BldgClass": "T2", "LandUse": "07", "Easements": 0, "OwnerType": "C", "OwnerName": "NYC DEPARTMENT OF PARKS AND RECREATION", "LotArea": 2325232, "BldgArea": 1380, "ComArea": 1380, "ResArea": 0, "OfficeArea": 0, "RetailArea": 0, "GarageArea": 0, "StrgeArea": 0, "FactryArea": 0, "OtherArea": 1380, "AreaSource": "2", "NumBldgs": 7, "NumFloors": 1.0, "UnitsRes": 0, "UnitsTotal": 1, "LotFront": 3241.0, "LotDepth": 374.0, "BldgFront": 23.0, "BldgDepth": 60.0, "Ext": "N", "ProxCode": "0", "IrrLotCode": "Y", "LotType": "3", "BsmtCode": "0", "AssessLand": 13588650.0, "AssessTot": 16473150.0, "ExemptTot": 16473150.0, "YearBuilt": 1970, "YearAlter1": 0, "YearAlter2": 0, "HistDist": null, "Landmark": null, "BuiltFAR": 0.0, "ResidFAR": 0.0, "CommFAR": 0.0, "FacilFAR": 0.0, "BoroCode": 4, "BBL": 4017890064.9999995, "CondoNo": 0, "Tract2010": "038301", "XCoord": 1026245, "YCoord": 216553, "ZoneMap": "10a", "ZMCode": "Y", "Sanborn": "419 030", "TaxMap": "41004", "EDesigNum": null, "APPBBL": 0.0, "APPDate": null, "PLUTOMapID": "1", "FIRM07_FLA": "1", "PFIRM15_FL": "1", "Version": "25v4", "DCPEdited": "t", "Latitude": 40.7609646, "Longitude": -73.8484083, "Notes": null, "Shape_Leng": 0.0, "Shape_Area": 836915.24954899994 }, "geometry": { "type": "MultiPolygon", "coordinates": [ [ [ [ -73.842687845151119, 40.763474202091309 ], [ -73.843024961910388, 40.763355981812232 ], [ -73.843384977145661, 40.763202833962204 ], [ -73.843771540574423, 40.763015595445907 ], [ -73.844067140417565, 40.762830830338537 ], [ -73.844242699214604, 40.762679253316961 ], [ -73.844471391142591, 40.762388111607763 ], [ -73.844844016531169, 40.761966146067607 ], [ -73.845227330218236, 40.761576321029146 ], [ -73.84566896695064, 40.761212319258149 ], [ -73.84608973753906, 40.760908237446309 ], [ -73.848194970299062, 40.759529642212442 ], [ -73.848756688582185, 40.759211231910108 ], [ -73.849410989085086, 40.758907164440025 ], [ -73.849498371927268, 40.758876909068078 ], [ -73.850144064410699, 40.758653349560767 ], [ -73.851023024769077, 40.758433406985226 ], [ -73.851216392971423, 40.758400683267077 ], [ -73.851368338921773, 40.758550680841765 ], [ -73.851518790016272, 40.758729846429055 ], [ -73.851624289358952, 40.758846395518631 ], [ -73.851814124971838, 40.758988605130526 ], [ -73.851987869015616, 40.759087384786149 ], [ -73.852029664133099, 40.759597036764454 ], [ -73.852007537340526, 40.759571706455539 ], [ -73.851887452359165, 40.759522012339133 ], [ -73.851712488404686, 40.759400497725771 ], [ -73.851585657099619, 40.759355064869673 ], [ -73.851576657579173, 40.759361033464771 ], [ -73.8515665310656, 40.759367852600498 ], [ -73.851556408872867, 40.75937381890985 ], [ -73.851546285470363, 40.759379784295355 ], [ -73.85153504129606, 40.759384896407077 ], [ -73.851524920895287, 40.759390007205802 ], [ -73.851513676725645, 40.759395115717567 ], [ -73.851502434452016, 40.759399373238509 ], [ -73.85149118906547, 40.759404482584131 ], [ -73.851479948582664, 40.759407886436506 ], [ -73.851467582431255, 40.759412139743539 ], [ -73.851455219384718, 40.759415542144822 ], [ -73.851443979712897, 40.759418087808086 ], [ -73.85143161534593, 40.759421489285074 ], [ -73.851419254901387, 40.759423182424598 ], [ -73.851406892553285, 40.75942572755504 ], [ -73.851393410537128, 40.759427419327579 ], [ -73.851381051298816, 40.759429112463252 ], [ -73.851368693970741, 40.759429950260071 ], [ -73.851355209128982, 40.759430787350638 ], [ -73.851342852900132, 40.759431625144799 ], [ -73.851333892187839, 40.759419653924958 ], [ -73.851237297420539, 40.759415260689458 ], [ -73.851188324675732, 40.759414340367101 ], [ -73.851139574279017, 40.759413424243128 ], [ -73.851041845401994, 40.759414153315532 ], [ -73.850971068297525, 40.759417476453621 ], [ -73.850900292083097, 40.759422511322299 ], [ -73.850830629974936, 40.759429254176155 ], [ -73.850759843666253, 40.759437702783821 ], [ -73.850690176283436, 40.759447863818558 ], [ -73.850621625696405, 40.759460586430258 ], [ -73.850553074487664, 40.759474162585292 ], [ -73.850485640056746, 40.759490304002902 ], [ -73.850424944858148, 40.759505600385374 ], [ -73.850364249428708, 40.759522603236576 ], [ -73.850352600328506, 40.759526262782764 ], [ -73.850304672681531, 40.759541319366065 ], [ -73.850247339445204, 40.759560888455816 ], [ -73.850188879649735, 40.759582167906011 ], [ -73.850132661323769, 40.759605156662332 ], [ -73.850076442243008, 40.759629000064017 ], [ -73.850007847597865, 40.759662222268595 ], [ -73.849940370609545, 40.759697153229304 ], [ -73.849874009235009, 40.759734650291797 ], [ -73.849809897869022, 40.759772149331852 ], [ -73.849746899806448, 40.759812211715435 ], [ -73.849686146795662, 40.759853986175123 ], [ -73.849637765030664, 40.759889797402508 ], [ -73.849590501047885, 40.759927315649712 ], [ -73.849545479603378, 40.759966548665268 ], [ -73.849518282137012, 40.759990856977389 ], [ -73.849501581995625, 40.760005783047482 ], [ -73.849459925842297, 40.760046726010323 ], [ -73.849420515483246, 40.760088528241084 ], [ -73.849382227033416, 40.76013118651499 ], [ -73.84933941325653, 40.760187504079838 ], [ -73.849347257420689, 40.760195627882503 ], [ -73.8493191029862, 40.760227195262381 ], [ -73.849308974665888, 40.760235722371611 ], [ -73.849301097637877, 40.760242119176809 ], [ -73.849325729651909, 40.760277172174156 ], [ -73.849351585350192, 40.760268664729161 ], [ -73.849384064031057, 40.760312267432418 ], [ -73.849393059285788, 40.760308864527239 ], [ -73.849518281811797, 40.760496069867898 ], [ -73.849817365687073, 40.760943195119815 ], [ -73.850052336532386, 40.760856378234394 ], [ -73.850075839992257, 40.760894846114148 ], [ -73.849845360322846, 40.76098252257465 ], [ -73.849808258619731, 40.760996142069821 ], [ -73.849851928471608, 40.761058659081087 ], [ -73.849859205207295, 40.7610490575223 ], [ -73.84987115734512, 40.761041612379863 ], [ -73.849881554462883, 40.761038375992158 ], [ -73.849891293164504, 40.76103724865547 ], [ -73.849900279188432, 40.761037972657022 ], [ -73.849910382928115, 40.761040371320092 ], [ -73.849918986409634, 40.761044261024914 ], [ -73.849927745743443, 40.761051495417924 ], [ -73.849934113119247, 40.761061221102814 ], [ -73.849936151510974, 40.76107061779669 ], [ -73.849934224376682, 40.761080202993973 ], [ -73.850352599495025, 40.760924858796045 ], [ -73.850478028002698, 40.76087828670336 ], [ -73.850448925693613, 40.760832124013014 ], [ -73.850395143373134, 40.760771410344752 ], [ -73.850352599597571, 40.76070729474749 ], [ -73.850224433421133, 40.760754960261806 ], [ -73.850219957520466, 40.760747267737763 ], [ -73.850347015534183, 40.760693620504853 ], [ -73.850291029896695, 40.760613258414139 ], [ -73.850170726435579, 40.760660933259537 ], [ -73.850165133124918, 40.760649821842975 ], [ -73.850284311960593, 40.760603000130459 ], [ -73.850228331529493, 40.760520927999934 ], [ -73.850102416058562, 40.76056688712962 ], [ -73.850096825900721, 40.760554922045145 ], [ -73.850220497397189, 40.760507252580588 ], [ -73.850166773318819, 40.760420913170705 ], [ -73.850038600581101, 40.760471139560742 ], [ -73.850028525462278, 40.76045660661849 ], [ -73.850155566102018, 40.7604089389351 ], [ -73.8500995954914, 40.760322598325509 ], [ -73.849975923149032, 40.76037026950037 ], [ -73.849968087163234, 40.760357446809543 ], [ -73.85009063680215, 40.76030977518333 ], [ -73.850035784101337, 40.760225141578069 ], [ -73.849909867242829, 40.760271954165617 ], [ -73.849904277525894, 40.760260844580543 ], [ -73.850024578145039, 40.760213170008761 ], [ -73.849966367075623, 40.760124261807256 ], [ -73.849840446501048, 40.760172784413392 ], [ -73.849831487884288, 40.760159959411951 ], [ -73.849958530406937, 40.760112292866779 ], [ -73.849910388977264, 40.760040482181459 ], [ -73.84993850372976, 40.760026852693365 ], [ -73.849983275541945, 40.760097803548959 ], [ -73.850113696093061, 40.760046727313338 ], [ -73.850120412742569, 40.760056983013484 ], [ -73.849991112205615, 40.760109775165581 ], [ -73.850052686082108, 40.760202100653672 ], [ -73.850183104759282, 40.760151875412227 ], [ -73.850190943389407, 40.76016299251274 ], [ -73.850060522772409, 40.760214071427761 ], [ -73.850116503243314, 40.760296994636157 ], [ -73.85024691700643, 40.760248477575182 ], [ -73.850255881474467, 40.76025874146216 ], [ -73.850125457588135, 40.760310674199495 ], [ -73.850179194270524, 40.760391886195848 ], [ -73.850307365539621, 40.76034165964716 ], [ -73.85031857156838, 40.760353631188742 ], [ -73.850189277590502, 40.76040385980135 ], [ -73.850245251407515, 40.760489345781693 ], [ -73.850352599734293, 40.760448346833151 ], [ -73.850372296291141, 40.760440824197936 ], [ -73.850381258384147, 40.760451088155499 ], [ -73.850352599707023, 40.760462410197782 ], [ -73.850251962458628, 40.760502168747522 ], [ -73.850312425774334, 40.76058936971323 ], [ -73.850352599666536, 40.760574687214202 ], [ -73.85044283925815, 40.760541706936579 ], [ -73.850447311444114, 40.760551107789595 ], [ -73.850352599623037, 40.760588855070495 ], [ -73.850319136742115, 40.760602191754707 ], [ -73.850352599621047, 40.760652794976281 ], [ -73.850376231665805, 40.760688531874948 ], [ -73.850503280663219, 40.760638304571238 ], [ -73.850513362168002, 40.76065113005761 ], [ -73.850381821878869, 40.760700499705905 ], [ -73.850423262989949, 40.760755218818993 ], [ -73.850622263799096, 40.76067860457092 ], [ -73.850643531223326, 40.760711941061729 ], [ -73.850594063881005, 40.760730670372581 ], [ -73.85059853669614, 40.760739217551738 ], [ -73.850452370300204, 40.760799670587993 ], [ -73.850463541648296, 40.760826593151606 ], [ -73.850492651889809, 40.760869765247946 ], [ -73.851053681018385, 40.760650975106074 ], [ -73.851030169434466, 40.760615924767656 ], [ -73.851021178547811, 40.760618475977736 ], [ -73.850620368734681, 40.760020905706689 ], [ -73.850649592712244, 40.760013256930414 ], [ -73.850961959319591, 40.760476610823368 ], [ -73.851050407156222, 40.760608263339108 ], [ -73.85103916847352, 40.760610810804103 ], [ -73.851066046728903, 40.760647575428187 ], [ -73.851188323991096, 40.760599719905507 ], [ -73.851366238356519, 40.760530089756998 ], [ -73.851811458756643, 40.760356418362946 ], [ -73.851832918624481, 40.760303488995284 ], [ -73.851957722218614, 40.760252399009538 ], [ -73.85204952781487, 40.760390037118782 ], [ -73.851188323852782, 40.76072118891657 ], [ -73.851173708229638, 40.760727150218067 ], [ -73.850862276644563, 40.760847182832769 ], [ -73.850848788590696, 40.76085143461912 ], [ -73.850530608360913, 40.760974874022573 ], [ -73.85051486860884, 40.76098083294297 ], [ -73.850194440539411, 40.761104266741093 ], [ -73.850178701936699, 40.761110225616989 ], [ -73.849843655446705, 40.761239618771633 ], [ -73.849827918813958, 40.761244724853746 ], [ -73.849813300537974, 40.761250684222567 ], [ -73.84974724366144, 40.761154078903886 ], [ -73.849673037370025, 40.761183023395382 ], [ -73.849757009746213, 40.761306131515738 ], [ -73.849701919514203, 40.761326557847063 ], [ -73.849539578108931, 40.761087184580084 ], [ -73.849673363255235, 40.761038671575136 ], [ -73.849518281547191, 40.76080875131143 ], [ -73.849175152655263, 40.760300036985065 ], [ -73.849167286362601, 40.760301734014199 ], [ -73.849158296172831, 40.760303430491305 ], [ -73.849145373086287, 40.760305549566901 ], [ -73.849132452047371, 40.760306813134967 ], [ -73.849123463788175, 40.760307656862082 ], [ -73.84911054371355, 40.760308494514106 ], [ -73.849101014198837, 40.7602999398121 ], [ -73.849087533884259, 40.760300775806947 ], [ -73.849072929299709, 40.760300756657443 ], [ -73.849059450921388, 40.760300738982977 ], [ -73.849044850692181, 40.760299866167045 ], [ -73.849030248045366, 40.760298992425973 ], [ -73.849016770501422, 40.760298121079025 ], [ -73.849002170895218, 40.760296391828319 ], [ -73.848988695290217, 40.760294665890619 ], [ -73.848974098829231, 40.760292084813379 ], [ -73.848960623950234, 40.760289506041076 ], [ -73.848947151014855, 40.760286070924671 ], [ -73.84893592707698, 40.760282640599883 ], [ -73.848924700724751, 40.760279207507949 ], [ -73.848913476308155, 40.760274922590341 ], [ -73.848903376891101, 40.760270637308302 ], [ -73.848893277577176, 40.760266355705845 ], [ -73.848882055104184, 40.760261216199041 ], [ -73.848871958840832, 40.760256076328382 ], [ -73.848862982946756, 40.760250940605779 ], [ -73.848852885100015, 40.760244948904209 ], [ -73.848843912362852, 40.760238956837867 ], [ -73.848834940831054, 40.760232967533945 ], [ -73.848825967986585, 40.760226976386122 ], [ -73.848816994882512, 40.760220130648555 ], [ -73.848809149083166, 40.760213286391057 ], [ -73.848801300973264, 40.760206443886396 ], [ -73.848791203620394, 40.760201305848653 ], [ -73.848686879295855, 40.760137961199135 ], [ -73.848587933056677, 40.760178830358036 ], [ -73.848509153789735, 40.760243642422857 ], [ -73.848358420244423, 40.760335691033113 ], [ -73.848212155611265, 40.760437141215 ], [ -73.847962521065895, 40.760550414361632 ], [ -73.847828640858836, 40.760639925285759 ], [ -73.847689137241446, 40.760731986021433 ], [ -73.847563155832802, 40.760805276338694 ], [ -73.847410151573925, 40.760906718413331 ], [ -73.847251538674684, 40.761004734401318 ], [ -73.847095189217299, 40.761094212891159 ], [ -73.846971399438047, 40.761191421161286 ], [ -73.846858914181709, 40.76125789469635 ], [ -73.846709308134947, 40.761344819622678 ], [ -73.846567523835091, 40.761451397526798 ], [ -73.846399887200192, 40.761563922882146 ], [ -73.846244623702233, 40.761668775980311 ], [ -73.845954249727782, 40.761906695229861 ], [ -73.845735995657463, 40.762047337734728 ], [ -73.845580689491257, 40.762170126203472 ], [ -73.845231837157826, 40.76243358909781 ], [ -73.845029313605778, 40.762571688559547 ], [ -73.844889818760507, 40.762656061877955 ], [ -73.844842563174268, 40.762688456084355 ], [ -73.84474692572654, 40.762753668833042 ], [ -73.844689616971536, 40.762760853225679 ], [ -73.844650257026558, 40.762779591862845 ], [ -73.844515230666246, 40.762874219464827 ], [ -73.844285776871729, 40.762997759666113 ], [ -73.844115823514315, 40.763135902404898 ], [ -73.843872906022497, 40.763251737769501 ], [ -73.84377393916256, 40.763298582032419 ], [ -73.843537808405472, 40.763393070298619 ], [ -73.843478217149837, 40.763415197547637 ], [ -73.843299440529591, 40.763484140279303 ], [ -73.843143144735805, 40.763547134927634 ], [ -73.843128517306994, 40.763556509949431 ], [ -73.843070017508012, 40.763592305535163 ], [ -73.843004600239951, 40.763703255141621 ], [ -73.842984076654659, 40.763831348608861 ], [ -73.843007284951625, 40.763993670545908 ], [ -73.843051977958396, 40.764097082677786 ], [ -73.843047269916212, 40.764187615052741 ], [ -73.843042462396824, 40.764320855558573 ], [ -73.843040859228807, 40.764323709529613 ], [ -73.842700556028376, 40.764544870080108 ], [ -73.842221669714775, 40.763595641327512 ], [ -73.842687845151119, 40.763474202091309 ] ] ] ] } },
{ "type": "Feature", "properties": { "Borough": "QN", "Block": 1833, "Lot": 101, "CD": 481, "BCT2020": "4038302", "BCTCB2020": "40383021014", "CT2010": "383.02", "CB2010": "1052", "SchoolDist": "25", "Council": 21, "ZipCode": 11368, "FireComp": "L129", "PolicePrct": 110, "HealthCent": 43, "HealthArea": 1200, "Sanitboro": null, "SanitDistr": null, "SanitSub": null, "Address": "ROOSEVELT AVENUE", "ZoneDist1": "M1-1", "ZoneDist2": null, "ZoneDist3": null, "ZoneDist4": null, "Overlay1": null, "Overlay2": null, "SPDist1": null, "SPDist2": null, "SPDist3": null, "LtdHeight": null, "SplitZone": "N", "BldgClass": "V1", "LandUse": "11", "Easements": 1, "OwnerType": "X", "OwnerName": "MTA - LIRR", "LotArea": 11303, "BldgArea": 0, "ComArea": 0, "ResArea": 0, "OfficeArea": 0, "RetailArea": 0, "GarageArea": 0, "StrgeArea": 0, "FactryArea": 0, "OtherArea": 0, "AreaSource": "7", "NumBldgs": 0, "NumFloors": 0.0, "UnitsRes": 0, "UnitsTotal": 0, "LotFront": 219.0, "LotDepth": 95.0, "BldgFront": 0.0, "BldgDepth": 0.0, "Ext": null, "ProxCode": "0", "IrrLotCode": "Y", "LotType": "5", "BsmtCode": "5", "AssessLand": 415350.0, "AssessTot": 415350.0, "ExemptTot": 415350.0, "YearBuilt": 0, "YearAlter1": 0, "YearAlter2": 0, "HistDist": null, "Landmark": null, "BuiltFAR": 0.0, "ResidFAR": 0.0, "CommFAR": 1.0, "FacilFAR": 2.4, "BoroCode": 4, "BBL": 4018330101.0, "CondoNo": 0, "Tract2010": "038302", "XCoord": 1028072, "YCoord": 214578, "ZoneMap": "10b", "ZMCode": null, "Sanborn": "419 028", "TaxMap": "41004", "EDesigNum": null, "APPBBL": 0.0, "APPDate": null, "PLUTOMapID": "1", "FIRM07_FLA": "1", "PFIRM15_FL": "1", "Version": "25v4", "DCPEdited": "t", "Latitude": 40.7555349, "Longitude": -73.8418262, "Notes": null, "Shape_Leng": 0.0, "Shape_Area": 10704.9915002 }, "geometry": { "type": "MultiPolygon", "coordinates": [ [ [ [ -73.842159225338477, 40.755518238335227 ], [ -73.841624020832455, 40.755677403612793 ], [ -73.841512046068715, 40.755722608996003 ], [ -73.841444705418994, 40.755749797113197 ], [ -73.841545421926526, 40.755546835259601 ], [ -73.841970333726266, 40.755416753884461 ], [ -73.842036265394981, 40.755277883408226 ], [ -73.842159225338477, 40.755518238335227 ] ] ] ] } },
{ "type": "Feature", "properties": { "Borough": "QN", "Block": 2018, "Lot": 1, "CD": 481, "BCT2020": "4038302", "BCTCB2020": "40383021027", "CT2010": "383.02", "CB2010": "1148", "SchoolDist": "24", "Council": 21, "ZipCode": 11368, "FireComp": "L138", "PolicePrct": 110, "HealthCent": 43, "HealthArea": 1200, "Sanitboro": "4", "SanitDistr": "81", "SanitSub": "3E", "Address": "56-01 GRAND CENTRAL PKWY", "ZoneDist1": "PARK", "ZoneDist2": null, "ZoneDist3": null, "ZoneDist4": null, "Overlay1": null, "Overlay2": null, "SPDist1": null, "SPDist2": null, "SPDist3": null, "LtdHeight": null, "SplitZone": "N", "BldgClass": "Q1", "LandUse": "09", "Easements": 1, "OwnerType": "C", "OwnerName": "NYC DEPARTMENT OF PARKS AND RECREATION", "LotArea": 17870000, "BldgArea": 1407850, "ComArea": 1407850, "ResArea": 0, "OfficeArea": 36350, "RetailArea": 0, "GarageArea": 149500, "StrgeArea": 0, "FactryArea": 0, "OtherArea": 1222000, "AreaSource": "2", "NumBldgs": 85, "NumFloors": 0.0, "UnitsRes": 0, "UnitsTotal": 1, "LotFront": 2213.0, "LotDepth": 438.67, "BldgFront": 0.0, "BldgDepth": 0.0, "Ext": "N", "ProxCode": "0", "IrrLotCode": "Y", "LotType": "5", "BsmtCode": "0", "AssessLand": 112581000.0, "AssessTot": 256491630.0, "ExemptTot": 256491630.0, "YearBuilt": 1939, "YearAlter1": 2025, "YearAlter2": 0, "HistDist": null, "Landmark": "INDIVIDUAL LANDMARK", "BuiltFAR": 0.08, "ResidFAR": 0.0, "CommFAR": 0.0, "FacilFAR": 0.0, "BoroCode": 4, "BBL": 4020180001.0, "CondoNo": 0, "Tract2010": "038302", "XCoord": 1027660, "YCoord": 211563, "ZoneMap": "10b", "ZMCode": null, "Sanborn": "419 024", "TaxMap": "41104", "EDesigNum": null, "APPBBL": 0.0, "APPDate": null, "PLUTOMapID": "1", "FIRM07_FLA": "1", "PFIRM15_FL": "1", "Version": "25v4", "DCPEdited": "t", "Latitude": 40.7472615, "Longitude": -73.8433328, "Notes": null, "Shape_Leng": 0.0, "Shape_Area": 18154058.858399998 }, "geometry": { "type": "MultiPolygon", "coordinates": [ [ [ [ -73.836005876432594, 40.752083894239867 ], [ -73.836173589086414, 40.752064522681266 ], [ -73.836219977951927, 40.752059164918229 ], [ -73.835657619737361, 40.751277082796236 ], [ -73.835555858728327, 40.751293686919155 ], [ -73.832286602147605, 40.751827065928786 ], [ -73.832320568384304, 40.751668859086145 ], [ -73.833027665309942, 40.748375121285882 ], [ -73.833028106104607, 40.748373583832368 ], [ -73.833043962709723, 40.748318090613147 ], [ -73.833080157259388, 40.748253464175974 ], [ -73.83312333269933, 40.748197978103285 ], [ -73.833171478707129, 40.748156195978673 ], [ -73.833219614429197, 40.74811897932166 ], [ -73.833270731505081, 40.748089377196607 ], [ -73.833337176558473, 40.748061558625608 ], [ -73.833398510875739, 40.748042357649901 ], [ -73.833464670325199, 40.748027839054977 ], [ -73.833525849109023, 40.748019209755135 ], [ -73.833606661035589, 40.748014776340099 ], [ -73.833684788444245, 40.748020415691073 ], [ -73.833764709203706, 40.748035729029887 ], [ -73.833840981134742, 40.748056563468417 ], [ -73.833902694558688, 40.748085665981343 ], [ -73.833968025776358, 40.748121682337754 ], [ -73.834018804187338, 40.748163203256766 ], [ -73.834060505413817, 40.748201949109493 ], [ -73.834102139967854, 40.74826694565467 ], [ -73.834147355888916, 40.748364544695143 ], [ -73.834159017921337, 40.748389719871184 ], [ -73.834349379469856, 40.748343514347489 ], [ -73.834279902481228, 40.748046251551912 ], [ -73.834081910672438, 40.747571504406345 ], [ -73.834156197340221, 40.747527341604318 ], [ -73.83415793224215, 40.7475263094788 ], [ -73.834238311042469, 40.747475856376148 ], [ -73.834316621234606, 40.747417308291581 ], [ -73.83438491123789, 40.747361366223309 ], [ -73.834446801422885, 40.747306821486916 ], [ -73.834508725824094, 40.74724652437579 ], [ -73.834566249580746, 40.74718174893431 ], [ -73.834620829572458, 40.747116967475904 ], [ -73.834683199647174, 40.747027271130925 ], [ -73.834707654295102, 40.747043310031074 ], [ -73.834737144102306, 40.747067723681312 ], [ -73.834764622221741, 40.747095942730397 ], [ -73.834819994506745, 40.747156526349556 ], [ -73.834859946092692, 40.747205072456104 ], [ -73.834906949473577, 40.747283873912572 ], [ -73.834939894921376, 40.747355439413226 ], [ -73.834948868866206, 40.747398926044859 ], [ -73.834951423638302, 40.747443502180872 ], [ -73.834949102402561, 40.7474967367597 ], [ -73.83493935917015, 40.747554349006165 ], [ -73.834773092711245, 40.748136288209203 ], [ -73.835014264937428, 40.748175716206042 ], [ -73.835190412372029, 40.747540374457188 ], [ -73.835194739856263, 40.747448124641771 ], [ -73.835195870164966, 40.747387090805056 ], [ -73.835185953492697, 40.74732207532022 ], [ -73.835161182533724, 40.747246737565128 ], [ -73.835142527514478, 40.747202341080715 ], [ -73.835102972698124, 40.747138880619765 ], [ -73.835072316479, 40.747090528958132 ], [ -73.835030734347228, 40.747044426476897 ], [ -73.834988156205597, 40.746999831697337 ], [ -73.834928718245123, 40.746947665652016 ], [ -73.83486827318832, 40.746901536054061 ], [ -73.834797609999725, 40.746853946359259 ], [ -73.83556602404758, 40.74542759515694 ], [ -73.83571101057727, 40.745221528454614 ], [ -73.835796351025095, 40.745124589019163 ], [ -73.835847259693367, 40.74507050421095 ], [ -73.835922340841279, 40.744998814760713 ], [ -73.835977562566285, 40.744948625322543 ], [ -73.83604779089633, 40.744890582386049 ], [ -73.836128636697282, 40.74483420957629 ], [ -73.836253616038618, 40.744755831707735 ], [ -73.837059482703211, 40.744272862750989 ], [ -73.837122877348548, 40.744234273866638 ], [ -73.8371705264979, 40.744213864705287 ], [ -73.837247368514809, 40.744188081991069 ], [ -73.83732463813871, 40.744169414797085 ], [ -73.837401651290463, 40.744160307793699 ], [ -73.837491810242497, 40.744157511220976 ], [ -73.837942023149893, 40.744180257159726 ], [ -73.838385248073138, 40.744202648434339 ], [ -73.838477035744731, 40.74420643969534 ], [ -73.8386158347774, 40.744209479125189 ], [ -73.838697132258659, 40.744201486681234 ], [ -73.838773061601543, 40.744188546525102 ], [ -73.838859352806537, 40.744167516329512 ], [ -73.838938695758728, 40.744142246568416 ], [ -73.839015274035091, 40.744110626169551 ], [ -73.839094646185572, 40.744073721800234 ], [ -73.839150367605214, 40.744038900505174 ], [ -73.839231603972607, 40.743991367274148 ], [ -73.841154416955121, 40.74257888282024 ], [ -73.841304699360776, 40.742465255207449 ], [ -73.841458744454684, 40.74236333647881 ], [ -73.841602727933122, 40.742270317775535 ], [ -73.841767501993985, 40.742170607055485 ], [ -73.841972578261192, 40.742054146120921 ], [ -73.842148455659625, 40.741960895035675 ], [ -73.842232498641849, 40.741918627016005 ], [ -73.842330762401801, 40.741869208571885 ], [ -73.842270842836825, 40.741790477053932 ], [ -73.842390958540406, 40.741732116702025 ], [ -73.846503183590585, 40.739733944356132 ], [ -73.846558100385082, 40.739714167703312 ], [ -73.846604190102184, 40.739703507677284 ], [ -73.846654302092858, 40.739696264156272 ], [ -73.846706476162552, 40.739696333676697 ], [ -73.84674759526834, 40.739698722571092 ], [ -73.84680588946614, 40.739705800720579 ], [ -73.846861715653361, 40.739719409670741 ], [ -73.846916911115102, 40.739739552790994 ], [ -73.846965466880746, 40.739765460113304 ], [ -73.847003660574643, 40.739791614824235 ], [ -73.847043794294748, 40.739828215326348 ], [ -73.847065196729346, 40.739857315709315 ], [ -73.847091554290685, 40.739893492632895 ], [ -73.847124387646517, 40.739935964635983 ], [ -73.847162708471402, 40.739978442914527 ], [ -73.847215641181776, 40.740031373933931 ], [ -73.847258548404795, 40.740068292269399 ], [ -73.847337370052486, 40.740127465687323 ], [ -73.847400066772806, 40.74017268949202 ], [ -73.847440104779949, 40.740195475916018 ], [ -73.847509761567082, 40.740224792443328 ], [ -73.847576834866885, 40.740250106296912 ], [ -73.84950881854239, 40.740865459175751 ], [ -73.84961046633471, 40.740891993149788 ], [ -73.849742796357717, 40.740937824516465 ], [ -73.849824555723828, 40.740969929866566 ], [ -73.849895777398132, 40.741009134538558 ], [ -73.849972805518917, 40.741066123613251 ], [ -73.850034636567898, 40.741123093835448 ], [ -73.850078909558988, 40.741182810133196 ], [ -73.853018633302071, 40.746786513342315 ], [ -73.853360915681762, 40.747438908739355 ], [ -73.853572151555468, 40.74778299477493 ], [ -73.853760750010593, 40.748073276913537 ], [ -73.854033270955412, 40.748386391396195 ], [ -73.854301099903097, 40.748765445036227 ], [ -73.85379961578569, 40.748915017100593 ], [ -73.853522115216052, 40.748997780974115 ], [ -73.85352364637518, 40.749000385421425 ], [ -73.853071972506072, 40.7491385831255 ], [ -73.852363330870787, 40.749370935257879 ], [ -73.851842696015936, 40.749540093536858 ], [ -73.851563064508937, 40.749633670464746 ], [ -73.851322780273335, 40.749718510395262 ], [ -73.85121629499875, 40.749760048232595 ], [ -73.85103316264653, 40.749826476646568 ], [ -73.85094887029598, 40.749857052280397 ], [ -73.849994445909772, 40.750203250615101 ], [ -73.849949753955684, 40.75013031868108 ], [ -73.849564144524805, 40.75027626503001 ], [ -73.849434979064881, 40.750325150438471 ], [ -73.846826051448346, 40.751312523914201 ], [ -73.841533747911498, 40.753163688782067 ], [ -73.841076496937788, 40.753273038328338 ], [ -73.840840018360694, 40.753329590360664 ], [ -73.840656658268045, 40.753373439024465 ], [ -73.840025949092734, 40.753549242976355 ], [ -73.839988298157138, 40.753559738280053 ], [ -73.839309125763094, 40.754070217878727 ], [ -73.839139418932447, 40.754106078568043 ], [ -73.839092564812674, 40.754051073104989 ], [ -73.838837315093798, 40.754072318243445 ], [ -73.838134523940937, 40.754130813341426 ], [ -73.838004330378169, 40.754141649658642 ], [ -73.837984290099982, 40.754143317997901 ], [ -73.837905336738729, 40.754149888616517 ], [ -73.8378794003698, 40.754152047500426 ], [ -73.837674486531824, 40.754169101637302 ], [ -73.837601329723157, 40.754175190306675 ], [ -73.837593201103815, 40.75417586685974 ], [ -73.837496944520836, 40.754183877839736 ], [ -73.83664255198974, 40.753281810594146 ], [ -73.836208651540943, 40.75235001308819 ], [ -73.836005876432594, 40.752083894239867 ] ] ] ] } },
{ "type": "Feature", "properties": { "Borough": "QN", "Block": 2018, "Lot": 27, "CD": 481, "BCT2020": "4038302", "BCTCB2020": "40383021027", "CT2010": "383.02", "CB2010": "1148", "SchoolDist": "24", "Council": 21, "ZipCode": 11368, "FireComp": "L138", "PolicePrct": 110, "HealthCent": 43, "HealthArea": 1200, "Sanitboro": null, "SanitDistr": null, "SanitSub": null, "Address": "45 AVENUE", "ZoneDist1": "R5", "ZoneDist2": null, "ZoneDist3": null, "ZoneDist4": null, "Overlay1": null, "Overlay2": null, "SPDist1": null, "SPDist2": null, "SPDist3": null, "LtdHeight": null, "SplitZone": "N", "BldgClass": "V0", "LandUse": "11", "Easements": 0, "OwnerType": "C", "OwnerName": "NYC TRANSIT AUTHORITY", "LotArea": 150, "BldgArea": 0, "ComArea": 0, "ResArea": 0, "OfficeArea": 0, "RetailArea": 0, "GarageArea": 0, "StrgeArea": 0, "FactryArea": 0, "OtherArea": 0, "AreaSource": "7", "NumBldgs": 0, "NumFloors": 0.0, "UnitsRes": 0, "UnitsTotal": 0, "LotFront": 1.0, "LotDepth": 150.0, "BldgFront": 0.0, "BldgDepth": 0.0, "Ext": null, "ProxCode": "0", "IrrLotCode": "N", "LotType": "8", "BsmtCode": "5", "AssessLand": 822.0, "AssessTot": 822.0, "ExemptTot": 822.0, "YearBuilt": 0, "YearAlter1": 0, "YearAlter2": 0, "HistDist": null, "Landmark": null, "BuiltFAR": 0.0, "ResidFAR": 1.5, "CommFAR": 0.0, "FacilFAR": 2.0, "BoroCode": 4, "BBL": 4020180026.9999995, "CondoNo": 0, "Tract2010": "038302", "XCoord": 1024689, "YCoord": 212133, "ZoneMap": "10b", "ZMCode": null, "Sanborn": "419 024", "TaxMap": "41104", "EDesigNum": null, "APPBBL": 0.0, "APPDate": null, "PLUTOMapID": "1", "FIRM07_FLA": null, "PFIRM15_FL": null, "Version": "25v4", "DCPEdited": "t", "Latitude": 40.7488401, "Longitude": -73.8540517, "Notes": null, "Shape_Leng": 0.0, "Shape_Area": 144.7991899 }, "geometry": { "type": "MultiPolygon", "coordinates": [ [ [ [ -73.85379961578569, 40.748915017100593 ], [ -73.854301099903097, 40.748765445036227 ], [ -73.854302582981845, 40.748767863018514 ], [ -73.853801046784838, 40.748917450332179 ], [ -73.85379961578569, 40.748915017100593 ] ] ] ] } },
{ "type": "Feature", "properties": { "Borough": "QN", "Block": 2018, "Lot": 75, "CD": 481, "BCT2020": "4038302", "BCTCB2020": "40383021014", "CT2010": "383.02", "CB2010": "1052", "SchoolDist": "25", "Council": 21, "ZipCode": 11368, "FireComp": "L129", "PolicePrct": 110, "HealthCent": 43, "HealthArea": 1200, "Sanitboro": null, "SanitDistr": null, "SanitSub": null, "Address": "40-15 126 STREET", "ZoneDist1": "M1-1", "ZoneDist2": null, "ZoneDist3": null, "ZoneDist4": null, "Overlay1": null, "Overlay2": null, "SPDist1": null, "SPDist2": null, "SPDist3": null, "LtdHeight": null, "SplitZone": "N", "BldgClass": "G7", "LandUse": "10", "Easements": 0, "OwnerType": "X", "OwnerName": "NYC TRANSIT AUTHORITY", "LotArea": 98600, "BldgArea": 0, "ComArea": 0, "ResArea": 0, "OfficeArea": 0, "RetailArea": 0, "GarageArea": 0, "StrgeArea": 0, "FactryArea": 0, "OtherArea": 0, "AreaSource": "0", "NumBldgs": 0, "NumFloors": 0.0, "UnitsRes": 0, "UnitsTotal": 0, "LotFront": 160.0, "LotDepth": 546.0, "BldgFront": 0.0, "BldgDepth": 0.0, "Ext": null, "ProxCode": "0", "IrrLotCode": "Y", "LotType": "5", "BsmtCode": "5", "AssessLand": 2292750.0, "AssessTot": 2292750.0, "ExemptTot": 2292750.0, "YearBuilt": 0, "YearAlter1": 0, "YearAlter2": 0, "HistDist": null, "Landmark": null, "BuiltFAR": 0.0, "ResidFAR": 0.0, "CommFAR": 1.0, "FacilFAR": 2.4, "BoroCode": 4, "BBL": 4020180075.0, "CondoNo": 0, "Tract2010": "038302", "XCoord": 1028007, "YCoord": 214399, "ZoneMap": "10b", "ZMCode": null, "Sanborn": "419 024", "TaxMap": "41104", "EDesigNum": null, "APPBBL": 0.0, "APPDate": null, "PLUTOMapID": "1", "FIRM07_FLA": "1", "PFIRM15_FL": "1", "Version": "25v4", "DCPEdited": "t", "Latitude": 40.7550439, "Longitude": -73.842062, "Notes": null, "Shape_Leng": 0.0, "Shape_Area": 97825.931758699997 }, "geometry": { "type": "MultiPolygon", "coordinates": [ [ [ [ -73.841987429870144, 40.754389220050342 ], [ -73.842422417445064, 40.754689157028153 ], [ -73.842430180204701, 40.754694509449841 ], [ -73.842775739584695, 40.754589498347251 ], [ -73.842970282737056, 40.754982544880299 ], [ -73.842164207833946, 40.755227216232115 ], [ -73.842289124355716, 40.755479599033897 ], [ -73.842242463573598, 40.755493475902526 ], [ -73.842159225338477, 40.755518238335227 ], [ -73.842036265394981, 40.755277883408226 ], [ -73.841970333726266, 40.755416753884461 ], [ -73.841545421926526, 40.755546835259601 ], [ -73.841444705418994, 40.755749797113197 ], [ -73.841214896155094, 40.755842573951526 ], [ -73.841212569571852, 40.755678525236611 ], [ -73.841839542993668, 40.754647101648594 ], [ -73.841987429870144, 40.754389220050342 ] ] ] ] } },
{ "type": "Feature", "properties": { "Borough": "QN", "Block": 2018, "Lot": 500, "CD": 481, "BCT2020": "4038302", "BCTCB2020": "40383021014", "CT2010": "383.02", "CB2010": "1052", "SchoolDist": "25", "Council": 21, "ZipCode": 11368, "FireComp": "L129", "PolicePrct": 110, "HealthCent": 43, "HealthArea": 1200, "Sanitboro": "4", "SanitDistr": "81", "SanitSub": null, "Address": "6 OLMSTED DRIVE", "ZoneDist1": "PARK", "ZoneDist2": "R3-2", "ZoneDist3": null, "ZoneDist4": null, "Overlay1": null, "Overlay2": null, "SPDist1": null, "SPDist2": null, "SPDist3": null, "LtdHeight": null, "SplitZone": "Y", "BldgClass": "T9", "LandUse": "07", "Easements": 0, "OwnerType": "C", "OwnerName": "NYC DEPARTMENT OF PARKS AND RECREATION", "LotArea": 781650, "BldgArea": 44616, "ComArea": 44616, "ResArea": 0, "OfficeArea": 9416, "RetailArea": 35200, "GarageArea": 0, "StrgeArea": 0, "FactryArea": 0, "OtherArea": 0, "AreaSource": "2", "NumBldgs": 11, "NumFloors": 1.0, "UnitsRes": 0, "UnitsTotal": 0, "LotFront": 971.54, "LotDepth": 1552.74, "BldgFront": 220.0, "BldgDepth": 160.0, "Ext": "N", "ProxCode": "0", "IrrLotCode": "Y", "LotType": "5", "BsmtCode": "0", "AssessLand": 10552500.0, "AssessTot": 17760600.0, "ExemptTot": 17760600.0, "YearBuilt": 1939, "YearAlter1": 2014, "YearAlter2": 2017, "HistDist": null, "Landmark": null, "BuiltFAR": 0.06, "ResidFAR": 0.0, "CommFAR": 0.0, "FacilFAR": 0.0, "BoroCode": 4, "BBL": 4020180500.0, "CondoNo": 0, "Tract2010": "038302", "XCoord": 1025807, "YCoord": 213103, "ZoneMap": "10b", "ZMCode": null, "Sanborn": "419 024", "TaxMap": "41104", "EDesigNum": null, "APPBBL": 0.0, "APPDate": null, "PLUTOMapID": "1", "FIRM07_FLA": "1", "PFIRM15_FL": "1", "Version": "25v4", "DCPEdited": "t", "Latitude": 40.7514974, "Longitude": -73.8500107, "Notes": null, "Shape_Leng": 0.0, "Shape_Area": 711184.48875300004 }, "geometry": { "type": "MultiPolygon", "coordinates": [ [ [ [ -73.849389716410457, 40.752275083105367 ], [ -73.849409813224852, 40.752184692101913 ], [ -73.846519129802701, 40.751756191785411 ], [ -73.849651464222447, 40.750632940050714 ], [ -73.84977334668153, 40.750589229158663 ], [ -73.850153375155415, 40.750452942719733 ], [ -73.850104278091678, 40.750374656959345 ], [ -73.850929019273849, 40.750083242149039 ], [ -73.850999327801674, 40.750058399910159 ], [ -73.85106854018062, 40.750033943388715 ], [ -73.852284643831766, 40.752450260458531 ], [ -73.851982631593344, 40.752541963849701 ], [ -73.851287132534523, 40.752545019531603 ], [ -73.850998492177837, 40.752503958512897 ], [ -73.849389716410457, 40.752275083105367 ] ] ] ] } },
{ "type": "Feature", "properties": { "Borough": "QN", "Block": 2018, "Lot": 1600, "CD": 481, "BCT2020": "4038302", "BCTCB2020": "40383021014", "CT2010": "383.02", "CB2010": "1052", "SchoolDist": "25", "Council": 21, "ZipCode": 11368, "FireComp": "L129", "PolicePrct": 110, "HealthCent": 43, "HealthArea": 1200, "Sanitboro": null, "SanitDistr": null, "SanitSub": null, "Address": "ROOSEVELT AVENUE", "ZoneDist1": "M1-1", "ZoneDist2": "PARK", "ZoneDist3": null, "ZoneDist4": null, "Overlay1": null, "Overlay2": null, "SPDist1": null, "SPDist2": null, "SPDist3": null, "LtdHeight": null, "SplitZone": "Y", "BldgClass": "U9", "LandUse": "07", "Easements": 0, "OwnerType": null, "OwnerName": "NYC DEPARTMENT OF PARKS AND RECREATION", "LotArea": 7500, "BldgArea": 2720, "ComArea": 2720, "ResArea": 0, "OfficeArea": 0, "RetailArea": 0, "GarageArea": 0, "StrgeArea": 0, "FactryArea": 0, "OtherArea": 2720, "AreaSource": "2", "NumBldgs": 0, "NumFloors": 2.0, "UnitsRes": 0, "UnitsTotal": 1, "LotFront": 75.0, "LotDepth": 100.0, "BldgFront": 0.0, "BldgDepth": 0.0, "Ext": "N", "ProxCode": "1", "IrrLotCode": "N", "LotType": "6", "BsmtCode": "0", "AssessLand": 64907.0, "AssessTot": 2607857.0, "ExemptTot": 0.0, "YearBuilt": 0, "YearAlter1": 0, "YearAlter2": 0, "HistDist": null, "Landmark": null, "BuiltFAR": 0.36, "ResidFAR": 0.0, "CommFAR": 1.0, "FacilFAR": 2.4, "BoroCode": 4, "BBL": 4020181600.0, "CondoNo": 0, "Tract2010": "038302", "XCoord": 1026699, "YCoord": 214006, "ZoneMap": "10b", "ZMCode": null, "Sanborn": null, "TaxMap": null, "EDesigNum": null, "APPBBL": 4020181499.9999995, "APPDate": "12/22/2025", "PLUTOMapID": "1", "FIRM07_FLA": "1", "PFIRM15_FL": "1", "Version": "25v4", "DCPEdited": "t", "Latitude": 40.7539728, "Longitude": -73.846785, "Notes": null, "Shape_Leng": 0.0, "Shape_Area": 7498.5452507 }, "geometry": { "type": "MultiPolygon", "coordinates": [ [ [ [ -73.846595790753625, 40.753881827120075 ], [ -73.846847194622015, 40.753805493549208 ], [ -73.846974355109751, 40.754062371451305 ], [ -73.846722950527692, 40.754138704459166 ], [ -73.846595790753625, 40.753881827120075 ] ] ] ] } },
{ "type": "Feature", "properties": { "Borough": "QN", "Block": 2209, "Lot": 10, "CD": 481, "BCT2020": "4038302", "BCTCB2020": "40383021055", "CT2010": "383.02", "CB2010": "1171", "SchoolDist": "25", "Council": 24, "ZipCode": 11355, "FireComp": "E299", "PolicePrct": 110, "HealthCent": 43, "HealthArea": 1200, "Sanitboro": "4", "SanitDistr": "81", "SanitSub": null, "Address": "GRAND CENTRAL PKWY", "ZoneDist1": "PARK", "ZoneDist2": "R3-2", "ZoneDist3": null, "ZoneDist4": null, "Overlay1": null, "Overlay2": null, "SPDist1": null, "SPDist2": null, "SPDist3": null, "LtdHeight": null, "SplitZone": "Y", "BldgClass": "Q1", "LandUse": "09", "Easements": 0, "OwnerType": "C", "OwnerName": "NYC DEPARTMENT OF PARKS AND RECREATION", "LotArea": 11119570, "BldgArea": 15000, "ComArea": 15000, "ResArea": 0, "OfficeArea": 0, "RetailArea": 0, "GarageArea": 0, "StrgeArea": 0, "FactryArea": 0, "OtherArea": 15000, "AreaSource": "2", "NumBldgs": 8, "NumFloors": 1.0, "UnitsRes": 0, "UnitsTotal": 1, "LotFront": 9999.0, "LotDepth": 9999.0, "BldgFront": 200.0, "BldgDepth": 200.0, "Ext": "N", "ProxCode": "0", "IrrLotCode": "Y", "LotType": "1", "BsmtCode": "0", "AssessLand": 54557452.0, "AssessTot": 76877100.0, "ExemptTot": 76877100.0, "YearBuilt": 1939, "YearAlter1": 0, "YearAlter2": 0, "HistDist": null, "Landmark": null, "BuiltFAR": 0.0, "ResidFAR": 0.0, "CommFAR": 0.0, "FacilFAR": 0.0, "BoroCode": 4, "BBL": 4022090010.0000005, "CondoNo": 0, "Tract2010": "038302", "XCoord": 1028541, "YCoord": 206913, "ZoneMap": "14a", "ZMCode": "Y", "Sanborn": "419 025", "TaxMap": "41203", "EDesigNum": null, "APPBBL": 0.0, "APPDate": null, "PLUTOMapID": "1", "FIRM07_FLA": "1", "PFIRM15_FL": "1", "Version": "25v4", "DCPEdited": "t", "Latitude": 40.7344941, "Longitude": -73.8401839, "Notes": null, "Shape_Leng": 0.0, "Shape_Area": 11102499.427300001 }, "geometry": { "type": "MultiPolygon", "coordinates": [ [ [ [ -73.837487921922659, 40.738766148524689 ], [ -73.837356669905773, 40.738354426282442 ], [ -73.83724599090192, 40.737834151616134 ], [ -73.837165999590212, 40.737274704804655 ], [ -73.837130279885372, 40.736958499308287 ], [ -73.837082188628059, 40.736505517775115 ], [ -73.837019215930042, 40.73593348774186 ], [ -73.837010236503247, 40.735588528992338 ], [ -73.836951934840783, 40.735246004547371 ], [ -73.836906350067494, 40.735026890365233 ], [ -73.836817760542601, 40.734709208487828 ], [ -73.836721085537647, 40.734456050882805 ], [ -73.836609425626975, 40.734219628652738 ], [ -73.836515340328361, 40.734019374050028 ], [ -73.836439845032643, 40.733873591437543 ], [ -73.835017699215314, 40.731214348142522 ], [ -73.833854114969085, 40.728855554507035 ], [ -73.833724344925741, 40.728604333780737 ], [ -73.834688560896225, 40.727654171095864 ], [ -73.834987822378878, 40.727554266879018 ], [ -73.834937037993029, 40.727466311521802 ], [ -73.838678945948132, 40.726332806345575 ], [ -73.839172164579963, 40.727212777912101 ], [ -73.839559479200631, 40.727842316458897 ], [ -73.839929447214672, 40.728376052238815 ], [ -73.84039687062841, 40.728971480924294 ], [ -73.840616259986859, 40.729223628681865 ], [ -73.840823244290831, 40.729453989078259 ], [ -73.841162801806277, 40.729798149436995 ], [ -73.84138762896275, 40.73001607932558 ], [ -73.841546626243627, 40.730148558941899 ], [ -73.841755892561537, 40.730325273806478 ], [ -73.842102587563886, 40.730615175528257 ], [ -73.8423092616232, 40.730802569490891 ], [ -73.842633760346473, 40.731084307625068 ], [ -73.842879570477763, 40.731329878271794 ], [ -73.843174143145177, 40.731633858837618 ], [ -73.843618741264549, 40.732132152717554 ], [ -73.84398683760034, 40.732607591614723 ], [ -73.844271961363773, 40.733026455163262 ], [ -73.844534750090091, 40.733436240267473 ], [ -73.844733292030568, 40.733730536177248 ], [ -73.844886902983816, 40.733995235388278 ], [ -73.845063623431599, 40.734327588221333 ], [ -73.845184698521393, 40.734581439716514 ], [ -73.845378621624718, 40.735025102791298 ], [ -73.845596539863891, 40.735602715844514 ], [ -73.845727767412583, 40.736033368173842 ], [ -73.845840960503281, 40.736426697059379 ], [ -73.845888780106023, 40.736647772851327 ], [ -73.845918859916779, 40.736808896994347 ], [ -73.845966445890696, 40.73704471370489 ], [ -73.846014689486537, 40.737207183123317 ], [ -73.84615400692195, 40.737497777057136 ], [ -73.846904956939284, 40.738918257520389 ], [ -73.842366448655895, 40.741240793172324 ], [ -73.842234777774536, 40.741298440602733 ], [ -73.842148117341324, 40.741181629445556 ], [ -73.841405663166114, 40.741531350933315 ], [ -73.841228033026795, 40.741615919390767 ], [ -73.841069256439056, 40.741679382295665 ], [ -73.840951147903269, 40.741717814923504 ], [ -73.84077717276601, 40.741768713238443 ], [ -73.840615915899178, 40.741808051082955 ], [ -73.840481133626582, 40.741838834587419 ], [ -73.840302659976601, 40.741861602223132 ], [ -73.84017245756138, 40.741874437398963 ], [ -73.840034261927869, 40.741878488536273 ], [ -73.839916631194114, 40.741878324955429 ], [ -73.83981559471755, 40.741876231223493 ], [ -73.839712354713612, 40.741869303875447 ], [ -73.839595881177146, 40.741854646103796 ], [ -73.839474730940026, 40.741830739828245 ], [ -73.839330737741207, 40.741799392081596 ], [ -73.839195237013129, 40.741756317987353 ], [ -73.83910686567728, 40.741725299825134 ], [ -73.839023514598452, 40.741694117531353 ], [ -73.838889316499845, 40.741631083313585 ], [ -73.838752782995485, 40.74155517286539 ], [ -73.838609553767483, 40.741456151258269 ], [ -73.83850532259207, 40.741387143192554 ], [ -73.838420390331251, 40.741318004515392 ], [ -73.838359048987712, 40.741266666845206 ], [ -73.838297356110999, 40.741205084535331 ], [ -73.838248744168197, 40.74113207150544 ], [ -73.838227718685957, 40.741079343271181 ], [ -73.838214601738272, 40.741038415722308 ], [ -73.837487921922659, 40.738766148524689 ] ] ] ] } },
{ "type": "Feature", "properties": { "Borough": "QN", "Block": 2280, "Lot": 2000, "CD": 481, "BCT2020": "4038302", "BCTCB2020": "40383021053", "CT2010": "383.02", "CB2010": "1197", "SchoolDist": "25", "Council": 24, "ZipCode": 11367, "FireComp": "E315", "PolicePrct": 112, "HealthCent": 43, "HealthArea": 1200, "Sanitboro": null, "SanitDistr": null, "SanitSub": null, "Address": "GRAND CENTRL PARKWAY", "ZoneDist1": "R3-2", "ZoneDist2": null, "ZoneDist3": null, "ZoneDist4": null, "Overlay1": null, "Overlay2": null, "SPDist1": null, "SPDist2": null, "SPDist3": null, "LtdHeight": null, "SplitZone": "N", "BldgClass": "Q1", "LandUse": "09", "Easements": 0, "OwnerType": "C", "OwnerName": "NYC DEPARTMENT OF PARKS AND RECREATION", "LotArea": 208000, "BldgArea": 0, "ComArea": 0, "ResArea": 0, "OfficeArea": 0, "RetailArea": 0, "GarageArea": 0, "StrgeArea": 0, "FactryArea": 0, "OtherArea": 0, "AreaSource": "7", "NumBldgs": 0, "NumFloors": 0.0, "UnitsRes": 0, "UnitsTotal": 0, "LotFront": 324.0, "LotDepth": 1217.0, "BldgFront": 0.0, "BldgDepth": 0.0, "Ext": "N", "ProxCode": "0", "IrrLotCode": "N", "LotType": "3", "BsmtCode": "0", "AssessLand": 1518300.0, "AssessTot": 1518300.0, "ExemptTot": 1518300.0, "YearBuilt": 0, "YearAlter1": 0, "YearAlter2": 0, "HistDist": null, "Landmark": null, "BuiltFAR": 0.0, "ResidFAR": 0.75, "CommFAR": 0.0, "FacilFAR": 1.0, "BoroCode": 4, "BBL": 4022801999.9999995, "CondoNo": 0, "Tract2010": "038302", "XCoord": 1032023, "YCoord": 200927, "ZoneMap": "14a", "ZMCode": null, "Sanborn": "419 026", "TaxMap": "41204", "EDesigNum": null, "APPBBL": 0.0, "APPDate": null, "PLUTOMapID": "1", "FIRM07_FLA": null, "PFIRM15_FL": null, "Version": "25v4", "DCPEdited": "t", "Latitude": 40.7180459, "Longitude": -73.8276622, "Notes": null, "Shape_Leng": 0.0, "Shape_Area": 205885.41597900001 }, "geometry": { "type": "MultiPolygon", "coordinates": [ [ [ [ -73.829075147746281, 40.717556873558543 ], [ -73.827070363409803, 40.718764078160461 ], [ -73.82658758144315, 40.720328664268678 ], [ -73.826887827524573, 40.71785152124604 ], [ -73.828115227523597, 40.717142390437822 ], [ -73.829041715895698, 40.717434439964499 ], [ -73.829113385642643, 40.717457031321693 ], [ -73.829075147746281, 40.717556873558543 ] ] ] ] } },
{ "type": "Feature", "properties": { "Borough": "QN", "Block": 5066, "Lot": 250, "CD": 407, "BCT2020": "4038302", "BCTCB2020": "40383021019", "CT2010": "383.02", "CB2010": "1056", "SchoolDist": "25", "Council": 21, "ZipCode": 11368, "FireComp": "L129", "PolicePrct": 110, "HealthCent": 43, "HealthArea": 1200, "Sanitboro": "4", "SanitDistr": "07", "SanitSub": "1E", "Address": null, "ZoneDist1": "M3-1", "ZoneDist2": "C4-2", "ZoneDist3": "M1-2", "ZoneDist4": null, "Overlay1": null, "Overlay2": null, "SPDist1": null, "SPDist2": null, "SPDist3": null, "LtdHeight": null, "SplitZone": "Y", "BldgClass": "U1", "LandUse": "07", "Easements": 2, "OwnerType": "X", "OwnerName": "MTA - LIRR", "LotArea": 117485, "BldgArea": 0, "ComArea": 0, "ResArea": 0, "OfficeArea": 0, "RetailArea": 0, "GarageArea": 0, "StrgeArea": 0, "FactryArea": 0, "OtherArea": 0, "AreaSource": "7", "NumBldgs": 0, "NumFloors": 0.0, "UnitsRes": 0, "UnitsTotal": 0, "LotFront": 216.0, "LotDepth": 1171.0, "BldgFront": 0.0, "BldgDepth": 0.0, "Ext": "N", "ProxCode": "0", "IrrLotCode": "Y", "LotType": "5", "BsmtCode": "0", "AssessLand": 0.0, "AssessTot": 0.0, "ExemptTot": 0.0, "YearBuilt": 0, "YearAlter1": 0, "YearAlter2": 0, "HistDist": null, "Landmark": null, "BuiltFAR": 0.0, "ResidFAR": 0.0, "CommFAR": 2.0, "FacilFAR": 0.0, "BoroCode": 4, "BBL": 4050660250.0000005, "CondoNo": 0, "Tract2010": "038302", "XCoord": 1029089, "YCoord": 214229, "ZoneMap": "10b", "ZMCode": null, "Sanborn": "411 009", "TaxMap": "42503", "EDesigNum": null, "APPBBL": 0.0, "APPDate": null, "PLUTOMapID": "1", "FIRM07_FLA": "1", "PFIRM15_FL": "1", "Version": "25v4", "DCPEdited": "t", "Latitude": 40.7545719, "Longitude": -73.8381577, "Notes": null, "Shape_Leng": 0.0, "Shape_Area": 115032.03395500001 }, "geometry": { "type": "MultiPolygon", "coordinates": [ [ [ [ -73.836229009204516, 40.755277282608901 ], [ -73.836578523289802, 40.75510242883481 ], [ -73.837760412280687, 40.7545202823202 ], [ -73.837790825270716, 40.754509778466357 ], [ -73.837813183682854, 40.754502054831001 ], [ -73.838066713768171, 40.754414479809768 ], [ -73.838147205108569, 40.754386676419585 ], [ -73.838161505475185, 40.754381737396585 ], [ -73.838912715227693, 40.754122246181737 ], [ -73.838837315093798, 40.754072318243445 ], [ -73.839092564812674, 40.754051073104989 ], [ -73.839139418932447, 40.754106078568043 ], [ -73.839309125763094, 40.754070217878727 ], [ -73.839988298157138, 40.753559738280053 ], [ -73.840025949092734, 40.753549242976355 ], [ -73.839841776851429, 40.753950991839979 ], [ -73.840114641049297, 40.753854014544558 ], [ -73.840137944251012, 40.753899435220561 ], [ -73.840144562958486, 40.753912334624893 ], [ -73.840100559854804, 40.753926084144794 ], [ -73.840037606617841, 40.753947350458638 ], [ -73.839980282432407, 40.753964354292819 ], [ -73.839934194267045, 40.753979664544438 ], [ -73.839888379973772, 40.753997325594042 ], [ -73.839876850443574, 40.754004355090743 ], [ -73.839870097330319, 40.754011179654704 ], [ -73.839863338533192, 40.754018857879885 ], [ -73.839853194361595, 40.754033361756726 ], [ -73.839850929503029, 40.754041047154011 ], [ -73.839848665491402, 40.754047877042744 ], [ -73.839838330178907, 40.7540945094687 ], [ -73.839761632291115, 40.754121130425212 ], [ -73.839325071557397, 40.754263721565025 ], [ -73.838802873183511, 40.754453972051635 ], [ -73.83832941333597, 40.754638183276285 ], [ -73.837957355949015, 40.754786212482877 ], [ -73.837751637185761, 40.754858217220097 ], [ -73.837225936703334, 40.755071036865004 ], [ -73.837135635505206, 40.755114302799484 ], [ -73.836299309711947, 40.75551500602856 ], [ -73.836293122140503, 40.755517970682753 ], [ -73.836224271932821, 40.755550958289589 ], [ -73.836223209482526, 40.755547208880969 ], [ -73.836156987554588, 40.755313312991177 ], [ -73.836229009204516, 40.755277282608901 ] ] ] ] } },
{ "type": "Feature", "properties": { "Borough": "QN", "Block": 5066, "Lot": 105, "CD": 407, "BCT2020": "4038302", "BCTCB2020": "40383021016", "CT2010": "383.02", "CB2010": "1055", "SchoolDist": null, "Council": 21, "ZipCode": 0, "FireComp": null, "PolicePrct": 110, "HealthCent": 43, "HealthArea": 1200, "Sanitboro": "4", "SanitDistr": "07", "SanitSub": "1E", "Address": "DELONG STREET", "ZoneDist1": "PARK", "ZoneDist2": null, "ZoneDist3": null, "ZoneDist4": null, "Overlay1": null, "Overlay2": null, "SPDist1": null, "SPDist2": null, "SPDist3": null, "LtdHeight": null, "SplitZone": "N", "BldgClass": "Q0", "LandUse": "09", "Easements": 0, "OwnerType": "C", "OwnerName": "NYC DEPARTMENT OF PARKS AND RECREATION", "LotArea": 1683, "BldgArea": 0, "ComArea": 0, "ResArea": 0, "OfficeArea": 0, "RetailArea": 0, "GarageArea": 0, "StrgeArea": 0, "FactryArea": 0, "OtherArea": 0, "AreaSource": "7", "NumBldgs": 0, "NumFloors": 0.0, "UnitsRes": 0, "UnitsTotal": 0, "LotFront": 1.06, "LotDepth": 1024.0, "BldgFront": 0.0, "BldgDepth": 0.0, "Ext": null, "ProxCode": "0", "IrrLotCode": "Y", "LotType": "2", "BsmtCode": "5", "AssessLand": 96750.0, "AssessTot": 96750.0, "ExemptTot": 96750.0, "YearBuilt": 0, "YearAlter1": 0, "YearAlter2": 0, "HistDist": null, "Landmark": null, "BuiltFAR": 0.0, "ResidFAR": 0.0, "CommFAR": 0.0, "FacilFAR": 0.0, "BoroCode": 4, "BBL": 4050660105.0, "CondoNo": 0, "Tract2010": "038302", "XCoord": 1028859, "YCoord": 214897, "ZoneMap": "10b", "ZMCode": null, "Sanborn": "411 009", "TaxMap": "42503", "EDesigNum": null, "APPBBL": 0.0, "APPDate": null, "PLUTOMapID": "1", "FIRM07_FLA": "1", "PFIRM15_FL": "1", "Version": "25v4", "DCPEdited": "t", "Latitude": 40.7564066, "Longitude": -73.8389835, "Notes": null, "Shape_Leng": 0.0, "Shape_Area": 508.9391776 }, "geometry": { "type": "MultiPolygon", "coordinates": [ [ [ [ -73.838330980109376, 40.754640609617482 ], [ -73.83832941333597, 40.754638183276285 ], [ -73.838802873183511, 40.754453972051635 ], [ -73.839325071557397, 40.754263721565025 ], [ -73.839761632291115, 40.754121130425212 ], [ -73.83964773595207, 40.754362290685847 ], [ -73.839642879826457, 40.754363924666102 ], [ -73.839755285982804, 40.754125213499009 ], [ -73.839327072024815, 40.754266015228197 ], [ -73.838804297988659, 40.754456333434646 ], [ -73.838330980109376, 40.754640609617482 ] ] ] ] } },
{ "type": "Feature", "properties": { "Borough": "QN", "Block": 5066, "Lot": 190, "CD": 407, "BCT2020": "4038302", "BCTCB2020": "40383021016", "CT2010": "383.02", "CB2010": "1055", "SchoolDist": null, "Council": 21, "ZipCode": 0, "FireComp": null, "PolicePrct": 110, "HealthCent": 43, "HealthArea": 1200, "Sanitboro": "4", "SanitDistr": "07", "SanitSub": "1E", "Address": "DELONG STREET", "ZoneDist1": null, "ZoneDist2": null, "ZoneDist3": null, "ZoneDist4": null, "Overlay1": null, "Overlay2": null, "SPDist1": null, "SPDist2": null, "SPDist3": null, "LtdHeight": null, "SplitZone": null, "BldgClass": "V1", "LandUse": "11", "Easements": 0, "OwnerType": "C", "OwnerName": "NYC DEPARTMENT OF CITYWIDE ADMINISTRATIVE SERVICES", "LotArea": 10000, "BldgArea": 0, "ComArea": 0, "ResArea": 0, "OfficeArea": 0, "RetailArea": 0, "GarageArea": 0, "StrgeArea": 0, "FactryArea": 0, "OtherArea": 0, "AreaSource": "7", "NumBldgs": 0, "NumFloors": 0.0, "UnitsRes": 0, "UnitsTotal": 0, "LotFront": 247.0, "LotDepth": 111.0, "BldgFront": 0.0, "BldgDepth": 0.0, "Ext": null, "ProxCode": "0", "IrrLotCode": "Y", "LotType": "5", "BsmtCode": "5", "AssessLand": 720900.0, "AssessTot": 720900.0, "ExemptTot": 720900.0, "YearBuilt": 0, "YearAlter1": 0, "YearAlter2": 0, "HistDist": null, "Landmark": null, "BuiltFAR": 0.0, "ResidFAR": 0.0, "CommFAR": 0.0, "FacilFAR": 0.0, "BoroCode": 4, "BBL": 4050660190.0, "CondoNo": 0, "Tract2010": "038302", "XCoord": 1028637, "YCoord": 214110, "ZoneMap": "10b", "ZMCode": null, "Sanborn": "411 009", "TaxMap": "42503", "EDesigNum": null, "APPBBL": 0.0, "APPDate": null, "PLUTOMapID": "1", "FIRM07_FLA": "1", "PFIRM15_FL": "1", "Version": "25v4", "DCPEdited": "t", "Latitude": 40.7542476, "Longitude": -73.83979, "Notes": null, "Shape_Leng": 0.0, "Shape_Area": 1668.1197375 }, "geometry": { "type": "MultiPolygon", "coordinates": [ [ [ [ -73.839838330178907, 40.7540945094687 ], [ -73.839837310281965, 40.754099111039082 ], [ -73.83982594900769, 40.75415290511517 ], [ -73.839819165902085, 40.754171687451588 ], [ -73.839805618654026, 40.754199854505671 ], [ -73.839792082765115, 40.754223752220007 ], [ -73.839776296491934, 40.754249355144161 ], [ -73.839760515163377, 40.75427239522304 ], [ -73.839739120431304, 40.754294573730554 ], [ -73.839714351513621, 40.754318454957918 ], [ -73.839687346730997, 40.754338917384004 ], [ -73.839661471643566, 40.754355964940601 ], [ -73.839651349885983, 40.75436107469821 ], [ -73.83964773595207, 40.754362290685847 ], [ -73.839761632291115, 40.754121130425212 ], [ -73.839838330178907, 40.7540945094687 ] ] ] ] } },
{ "type": "Feature", "properties": { "Borough": "QN", "Block": 2018, "Lot": 26, "CD": 481, "BCT2020": "4038302", "BCTCB2020": "40383021027", "CT2010": "383.02", "CB2010": "1148", "SchoolDist": "24", "Council": 21, "ZipCode": 11368, "FireComp": "L138", "PolicePrct": 110, "HealthCent": 43, "HealthArea": 1200, "Sanitboro": null, "SanitDistr": null, "SanitSub": null, "Address": "45 AVENUE", "ZoneDist1": "R5", "ZoneDist2": "PARK", "ZoneDist3": "R4", "ZoneDist4": null, "Overlay1": null, "Overlay2": null, "SPDist1": null, "SPDist2": null, "SPDist3": null, "LtdHeight": null, "SplitZone": "Y", "BldgClass": "V8", "LandUse": "11", "Easements": 0, "OwnerType": "C", "OwnerName": "NYC DEPARTMENT OF CITYWIDE ADMINISTRATIVE SERVICES", "LotArea": 75, "BldgArea": 0, "ComArea": 0, "ResArea": 0, "OfficeArea": 0, "RetailArea": 0, "GarageArea": 0, "StrgeArea": 0, "FactryArea": 0, "OtherArea": 0, "AreaSource": "7", "NumBldgs": 0, "NumFloors": 0.0, "UnitsRes": 0, "UnitsTotal": 0, "LotFront": 1.0, "LotDepth": 75.25, "BldgFront": 0.0, "BldgDepth": 0.0, "Ext": null, "ProxCode": "0", "IrrLotCode": "N", "LotType": "8", "BsmtCode": "5", "AssessLand": 3240.0, "AssessTot": 3240.0, "ExemptTot": 3240.0, "YearBuilt": 0, "YearAlter1": 0, "YearAlter2": 0, "HistDist": null, "Landmark": null, "BuiltFAR": 0.0, "ResidFAR": 1.5, "CommFAR": 0.0, "FacilFAR": 2.0, "BoroCode": 4, "BBL": 4020180026.0000005, "CondoNo": 0, "Tract2010": "038302", "XCoord": 1024797, "YCoord": 212176, "ZoneMap": "10b", "ZMCode": null, "Sanborn": "419 024", "TaxMap": "41104", "EDesigNum": null, "APPBBL": 0.0, "APPDate": null, "PLUTOMapID": "1", "FIRM07_FLA": null, "PFIRM15_FL": null, "Version": "25v4", "DCPEdited": "t", "Latitude": 40.7489577, "Longitude": -73.8536617, "Notes": null, "Shape_Leng": 0.0, "Shape_Area": 82.9341034 }, "geometry": { "type": "MultiPolygon", "coordinates": [ [ [ [ -73.853522115216052, 40.748997780974115 ], [ -73.85379961578569, 40.748915017100593 ], [ -73.853801046784838, 40.748917450332179 ], [ -73.85352364637518, 40.749000385421425 ], [ -73.853522115216052, 40.748997780974115 ] ] ] ] } },
{ "type": "Feature", "properties": { "Borough": "QN", "Block": 2018, "Lot": 200, "CD": 481, "BCT2020": "4038302", "BCTCB2020": "40383021014", "CT2010": "383.02", "CB2010": "1052", "SchoolDist": "25", "Council": 21, "ZipCode": 11368, "FireComp": "L129", "PolicePrct": 110, "HealthCent": 43, "HealthArea": 1200, "Sanitboro": null, "SanitDistr": null, "SanitSub": null, "Address": "HORACE HARDING EXPWY", "ZoneDist1": "M1-1", "ZoneDist2": null, "ZoneDist3": null, "ZoneDist4": null, "Overlay1": null, "Overlay2": null, "SPDist1": null, "SPDist2": null, "SPDist3": null, "LtdHeight": null, "SplitZone": "N", "BldgClass": "V8", "LandUse": "11", "Easements": 0, "OwnerType": "X", "OwnerName": "CNY/NYCTA", "LotArea": 3728, "BldgArea": 0, "ComArea": 0, "ResArea": 0, "OfficeArea": 0, "RetailArea": 0, "GarageArea": 0, "StrgeArea": 0, "FactryArea": 0, "OtherArea": 0, "AreaSource": "7", "NumBldgs": 0, "NumFloors": 0.0, "UnitsRes": 0, "UnitsTotal": 0, "LotFront": 40.08, "LotDepth": 93.0, "BldgFront": 0.0, "BldgDepth": 0.0, "Ext": null, "ProxCode": "0", "IrrLotCode": "Y", "LotType": "5", "BsmtCode": "5", "AssessLand": 96300.0, "AssessTot": 96300.0, "ExemptTot": 96300.0, "YearBuilt": 0, "YearAlter1": 0, "YearAlter2": 0, "HistDist": null, "Landmark": null, "BuiltFAR": 0.0, "ResidFAR": 0.0, "CommFAR": 1.0, "FacilFAR": 2.4, "BoroCode": 4, "BBL": 4020180200.0, "CondoNo": 0, "Tract2010": "038302", "XCoord": 1028185, "YCoord": 213881, "ZoneMap": "10b", "ZMCode": null, "Sanborn": "419 024", "TaxMap": "41104", "EDesigNum": null, "APPBBL": 0.0, "APPDate": null, "PLUTOMapID": "1", "FIRM07_FLA": "1", "PFIRM15_FL": "1", "Version": "25v4", "DCPEdited": null, "Latitude": 40.7536213, "Longitude": -73.8414229, "Notes": null, "Shape_Leng": 0.0, "Shape_Area": 36030.121519200002 }, "geometry": { "type": "MultiPolygon", "coordinates": [ [ [ [ -73.840875928701664, 40.75366138642179 ], [ -73.842246768317565, 40.75317290338343 ], [ -73.842154445025628, 40.753237923252904 ], [ -73.842072294402101, 40.753302075310593 ], [ -73.842009609330759, 40.753356615026512 ], [ -73.841943504261209, 40.753420067781477 ], [ -73.841891277309855, 40.753476159803888 ], [ -73.841851378122527, 40.753526507392458 ], [ -73.841820606150364, 40.753573462618846 ], [ -73.841782552047547, 40.753630641239901 ], [ -73.841727056779163, 40.753666162899464 ], [ -73.841520660687223, 40.753799580101287 ], [ -73.841128666267167, 40.753918891013711 ], [ -73.840845621069207, 40.753897740587853 ], [ -73.840841527589916, 40.753893219780522 ], [ -73.840875928701664, 40.75366138642179 ] ] ] ] } },
{ "type": "Feature", "properties": { "Borough": "QN", "Block": 2209, "Lot": 95, "CD": 408, "BCT2020": "4079300", "BCTCB2020": "40793001000", "CT2010": "793", "CB2010": "1000", "SchoolDist": "25", "Council": 24, "ZipCode": 11367, "FireComp": "E299", "PolicePrct": 107, "HealthCent": 43, "HealthArea": 2012, "Sanitboro": "4", "SanitDistr": "08", "SanitSub": "3C", "Address": "GRAND CENTRL PARKWAY", "ZoneDist1": "R3-2", "ZoneDist2": null, "ZoneDist3": null, "ZoneDist4": null, "Overlay1": null, "Overlay2": null, "SPDist1": null, "SPDist2": null, "SPDist3": null, "LtdHeight": null, "SplitZone": "N", "BldgClass": "Q1", "LandUse": "09", "Easements": 0, "OwnerType": "C", "OwnerName": "NYC DEPARTMENT OF PARKS AND RECREATION", "LotArea": 364800, "BldgArea": 364800, "ComArea": 364800, "ResArea": 0, "OfficeArea": 0, "RetailArea": 0, "GarageArea": 0, "StrgeArea": 0, "FactryArea": 0, "OtherArea": 364800, "AreaSource": "2", "NumBldgs": 1, "NumFloors": 0.0, "UnitsRes": 0, "UnitsTotal": 0, "LotFront": 9999.0, "LotDepth": 50.0, "BldgFront": 0.0, "BldgDepth": 0.0, "Ext": "N", "ProxCode": "0", "IrrLotCode": "Y", "LotType": "5", "BsmtCode": "0", "AssessLand": 2470500.0, "AssessTot": 2470500.0, "ExemptTot": 2470500.0, "YearBuilt": 0, "YearAlter1": 0, "YearAlter2": 0, "HistDist": null, "Landmark": null, "BuiltFAR": 1.0, "ResidFAR": 0.75, "CommFAR": 0.0, "FacilFAR": 1.0, "BoroCode": 4, "BBL": 4022090095.0000005, "CondoNo": 0, "Tract2010": "0793", "XCoord": 1029411, "YCoord": 209539, "ZoneMap": "14a", "ZMCode": "Y", "Sanborn": "419 025", "TaxMap": "41203", "EDesigNum": null, "APPBBL": 0.0, "APPDate": null, "PLUTOMapID": "1", "FIRM07_FLA": "1", "PFIRM15_FL": "1", "Version": "25v4", "DCPEdited": "t", "Latitude": 40.7416974, "Longitude": -73.837027, "Notes": null, "Shape_Leng": 0.0, "Shape_Area": 354168.06374100002 }, "geometry": { "type": "MultiPolygon", "coordinates": [ [ [ [ -73.835452629160287, 40.733810558362407 ], [ -73.835246101979706, 40.733459185954267 ], [ -73.835142748090391, 40.733491724593598 ], [ -73.834888272688147, 40.733100600950337 ], [ -73.834871414289935, 40.733107201820303 ], [ -73.83444453833755, 40.732512709040762 ], [ -73.834494160942498, 40.732434468566822 ], [ -73.834522208605847, 40.73242632600558 ], [ -73.834503503580976, 40.732401548603029 ], [ -73.834574017072953, 40.732327282308376 ], [ -73.834710487168152, 40.7321835483244 ], [ -73.83465379755269, 40.732021612095551 ], [ -73.834618234372229, 40.731920023151368 ], [ -73.834610590393737, 40.731898185676521 ], [ -73.834603535683414, 40.731905575880958 ], [ -73.834466589558318, 40.732049021850692 ], [ -73.834273035134331, 40.731962270941246 ], [ -73.833995624764242, 40.731943772520303 ], [ -73.833788590457814, 40.731786286162425 ], [ -73.833861025526488, 40.731697727609259 ], [ -73.83408081429323, 40.731437785900745 ], [ -73.834113666081691, 40.731398933961358 ], [ -73.833692837444033, 40.730642979312634 ], [ -73.833874479807591, 40.730772493674152 ], [ -73.833985483310897, 40.730859521482564 ], [ -73.834053073599321, 40.730914755364665 ], [ -73.83412213668575, 40.730974671290419 ], [ -73.834171028840714, 40.73102973675617 ], [ -73.834243089589521, 40.731109611349233 ], [ -73.834303845268892, 40.731188649159712 ], [ -73.834381692151183, 40.731309633919743 ], [ -73.835577910280549, 40.733613431493374 ], [ -73.835918356594263, 40.734269067377568 ], [ -73.835979841741917, 40.734387474680645 ], [ -73.836031959143128, 40.734508894259314 ], [ -73.836059086523619, 40.734582952981199 ], [ -73.836089288254087, 40.73468164944186 ], [ -73.836126007633737, 40.734803181225686 ], [ -73.836148322287883, 40.734911219154966 ], [ -73.836165039507065, 40.735061259559593 ], [ -73.836181167334104, 40.735220851788142 ], [ -73.836182955682517, 40.735365934382003 ], [ -73.836171573598634, 40.735465293753329 ], [ -73.836151490450121, 40.735585759522358 ], [ -73.836123997694841, 40.735728723793315 ], [ -73.836091252536974, 40.7358566268204 ], [ -73.836033794229479, 40.736026841045216 ], [ -73.835972143585252, 40.736186017144611 ], [ -73.835809299398306, 40.736639661805221 ], [ -73.835766802016636, 40.73676068447292 ], [ -73.835711418512304, 40.73693188298391 ], [ -73.835686068550089, 40.737039717794218 ], [ -73.835663914002438, 40.737178189715799 ], [ -73.835659344766412, 40.73730605000965 ], [ -73.835658897625322, 40.737409071089509 ], [ -73.835666819367404, 40.737525510931924 ], [ -73.835681429710775, 40.737631054284279 ], [ -73.835713801591211, 40.737797187525075 ], [ -73.83576078100316, 40.737942475137146 ], [ -73.835808096991968, 40.738053132281074 ], [ -73.835876539163294, 40.7381866365427 ], [ -73.83593751885617, 40.738297307762714 ], [ -73.836036068059329, 40.73847691769739 ], [ -73.836526825752429, 40.739338124401989 ], [ -73.836585628918868, 40.73945416549607 ], [ -73.836618862740281, 40.739524627027869 ], [ -73.836678017328552, 40.739655868135841 ], [ -73.836687627113733, 40.739675718210698 ], [ -73.836749669151502, 40.739954423378983 ], [ -73.837048994349047, 40.741316283203979 ], [ -73.837024470668851, 40.741889750414948 ], [ -73.837000797318481, 40.741891733097127 ], [ -73.836818323511025, 40.741183198138692 ], [ -73.836807170334438, 40.741139893078575 ], [ -73.83670223347174, 40.740732419253142 ], [ -73.8366555244518, 40.740551042023995 ], [ -73.836627850242934, 40.740194769901876 ], [ -73.836588653754674, 40.739690161442198 ], [ -73.836239617766111, 40.739248415373524 ], [ -73.835774924772238, 40.738660279586767 ], [ -73.835756090062915, 40.738556117069407 ], [ -73.835752724035373, 40.738537496931386 ], [ -73.835652168237274, 40.738146982158327 ], [ -73.835624478401513, 40.738039445325022 ], [ -73.835580073434102, 40.737885798405067 ], [ -73.835302006174345, 40.737198903581891 ], [ -73.835399922939388, 40.736179798715014 ], [ -73.835755180349551, 40.735379460713688 ], [ -73.835669257708773, 40.734957895469073 ], [ -73.835794524765106, 40.734931286857957 ], [ -73.835915495648365, 40.734905590575607 ], [ -73.835853164823632, 40.734725733111318 ], [ -73.835843544701802, 40.734693198442145 ], [ -73.835712975303849, 40.734251583614089 ], [ -73.835630564616523, 40.734076502452908 ], [ -73.835452629160287, 40.733810558362407 ] ] ] ] } },
{ "type": "Feature", "properties": { "Borough": "QN", "Block": 5066, "Lot": 622, "CD": 407, "BCT2020": "4084901", "BCTCB2020": "40849012000", "CT2010": "849", "CB2010": "4000", "SchoolDist": "25", "Council": 20, "ZipCode": 11355, "FireComp": "L129", "PolicePrct": 109, "HealthCent": 43, "HealthArea": 1200, "Sanitboro": "4", "SanitDistr": "07", "SanitSub": "1E", "Address": "131-33 AVERY AVENUE", "ZoneDist1": "M1-2", "ZoneDist2": null, "ZoneDist3": null, "ZoneDist4": null, "Overlay1": null, "Overlay2": null, "SPDist1": null, "SPDist2": null, "SPDist3": null, "LtdHeight": null, "SplitZone": "N", "BldgClass": "K8", "LandUse": "05", "Easements": 0, "OwnerType": null, "OwnerName": "HOME DEPOT U S A INC", "LotArea": 376492, "BldgArea": 155246, "ComArea": 155246, "ResArea": 0, "OfficeArea": 0, "RetailArea": 155246, "GarageArea": 0, "StrgeArea": 0, "FactryArea": 0, "OtherArea": 0, "AreaSource": "2", "NumBldgs": 1, "NumFloors": 1.0, "UnitsRes": 0, "UnitsTotal": 1, "LotFront": 778.0, "LotDepth": 784.0, "BldgFront": 710.0, "BldgDepth": 273.0, "Ext": "N", "ProxCode": "1", "IrrLotCode": "Y", "LotType": "5", "BsmtCode": "0", "AssessLand": 9318150.0, "AssessTot": 12224250.0, "ExemptTot": 0.0, "YearBuilt": 1962, "YearAlter1": 0, "YearAlter2": 1994, "HistDist": null, "Landmark": null, "BuiltFAR": 0.41, "ResidFAR": 0.0, "CommFAR": 2.0, "FacilFAR": 4.8, "BoroCode": 4, "BBL": 4050660622.0, "CondoNo": 0, "Tract2010": "0849", "XCoord": 1029741, "YCoord": 213742, "ZoneMap": "10b", "ZMCode": null, "Sanborn": "411 009", "TaxMap": "42503", "EDesigNum": null, "APPBBL": 0.0, "APPDate": null, "PLUTOMapID": "1", "FIRM07_FLA": "1", "PFIRM15_FL": "1", "Version": "25v4", "DCPEdited": null, "Latitude": 40.7532319, "Longitude": -73.8358077, "Notes": null, "Shape_Leng": 0.0, "Shape_Area": 452302.66675099998 }, "geometry": { "type": "MultiPolygon", "coordinates": [ [ [ [ -73.835877531619346, 40.754088737726249 ], [ -73.83587394730867, 40.754076617180736 ], [ -73.835869025488691, 40.754059972302421 ], [ -73.835989124613107, 40.753918149539089 ], [ -73.835950585919676, 40.753904116986959 ], [ -73.83591678873951, 40.753891016799706 ], [ -73.835869963276082, 40.75387163504702 ], [ -73.835827005255695, 40.75385377254208 ], [ -73.835784091178027, 40.753834427789052 ], [ -73.835732977744811, 40.753809890738488 ], [ -73.835678409052946, 40.75378093623555 ], [ -73.835616849972638, 40.753750715564529 ], [ -73.833557051629029, 40.752742562675792 ], [ -73.83324092800342, 40.75258783261468 ], [ -73.836005876432594, 40.752083894239867 ], [ -73.836208651540943, 40.75235001308819 ], [ -73.83664255198974, 40.753281810594146 ], [ -73.837496944520836, 40.754183877839736 ], [ -73.837593201103815, 40.75417586685974 ], [ -73.837601329723157, 40.754175190306675 ], [ -73.837674486531824, 40.754169101637302 ], [ -73.8378794003698, 40.754152047500426 ], [ -73.837905336738729, 40.754149888616517 ], [ -73.837984290099982, 40.754143317997901 ], [ -73.838004330378169, 40.754141649658642 ], [ -73.838134523940937, 40.754130813341426 ], [ -73.838837315093798, 40.754072318243445 ], [ -73.838912715227693, 40.754122246181737 ], [ -73.838161505475185, 40.754381737396585 ], [ -73.838147205108569, 40.754386676419585 ], [ -73.838066713768171, 40.754414479809768 ], [ -73.837813183682854, 40.754502054831001 ], [ -73.837790825270716, 40.754509778466357 ], [ -73.837760412280687, 40.7545202823202 ], [ -73.837742066096808, 40.754425374386784 ], [ -73.837497088814942, 40.754426585777644 ], [ -73.837244366158302, 40.754415554979985 ], [ -73.837053442252639, 40.754397353014873 ], [ -73.83684919228017, 40.754367788176744 ], [ -73.836698249766243, 40.754339580046512 ], [ -73.836514665544357, 40.754297882485403 ], [ -73.836348778212155, 40.754256017125712 ], [ -73.836242290880534, 40.754223728318422 ], [ -73.836125204801846, 40.754184406729507 ], [ -73.835984740244939, 40.754130410235163 ], [ -73.835877531619346, 40.754088737726249 ] ] ] ] } },
{ "type": "Feature", "properties": { "Borough": "QN", "Block": 6453, "Lot": 1000, "CD": 408, "BCT2020": "4080302", "BCTCB2020": "40803022007", "CT2010": "803.02", "CB2010": "2007", "SchoolDist": "25", "Council": 20, "ZipCode": 11367, "FireComp": "E299", "PolicePrct": 109, "HealthCent": 43, "HealthArea": 2012, "Sanitboro": "4", "SanitDistr": "08", "SanitSub": "2C", "Address": "134-16 HORACE HARDING EXPWY", "ZoneDist1": "R3-2", "ZoneDist2": null, "ZoneDist3": null, "ZoneDist4": null, "Overlay1": null, "Overlay2": null, "SPDist1": null, "SPDist2": null, "SPDist3": null, "LtdHeight": null, "SplitZone": "N", "BldgClass": "Z8", "LandUse": "09", "Easements": 0, "OwnerType": "X", "OwnerName": "JACK L TRUCTON", "LotArea": 8875000, "BldgArea": 18264, "ComArea": 18264, "ResArea": 0, "OfficeArea": 18264, "RetailArea": 0, "GarageArea": 0, "StrgeArea": 0, "FactryArea": 0, "OtherArea": 0, "AreaSource": "2", "NumBldgs": 10, "NumFloors": 2.0, "UnitsRes": 0, "UnitsTotal": 1, "LotFront": 232.83, "LotDepth": 261.58, "BldgFront": 37.0, "BldgDepth": 57.0, "Ext": "N", "ProxCode": "0", "IrrLotCode": "Y", "LotType": "5", "BsmtCode": "0", "AssessLand": 19968750.0, "AssessTot": 23670000.0, "ExemptTot": 23670000.0, "YearBuilt": 0, "YearAlter1": 2018, "YearAlter2": 0, "HistDist": null, "Landmark": null, "BuiltFAR": 0.0, "ResidFAR": 0.75, "CommFAR": 0.0, "FacilFAR": 1.0, "BoroCode": 4, "BBL": 4064531000.0, "CondoNo": 0, "Tract2010": "080302", "XCoord": 1030986, "YCoord": 207628, "ZoneMap": "14a", "ZMCode": "Y", "Sanborn": "424 093", "TaxMap": "43003", "EDesigNum": null, "APPBBL": 0.0, "APPDate": null, "PLUTOMapID": "1", "FIRM07_FLA": "1", "PFIRM15_FL": null, "Version": "25v4", "DCPEdited": null, "Latitude": 40.736444, "Longitude": -73.8313566, "Notes": null, "Shape_Leng": 0.0, "Shape_Area": 8950352.8595599998 }, "geometry": { "type": "MultiPolygon", "coordinates": [ [ [ [ -73.834799632505892, 40.742966628938547 ], [ -73.834799381593399, 40.7429665898444 ], [ -73.834576205991027, 40.742920935023577 ], [ -73.834430463727443, 40.74289111941026 ], [ -73.834294366039913, 40.742863277911319 ], [ -73.833946630453937, 40.742792138149781 ], [ -73.833732023582286, 40.742748234772442 ], [ -73.83339586247186, 40.742679461253381 ], [ -73.833314313049371, 40.74266277835153 ], [ -73.833221102672141, 40.742643709234414 ], [ -73.833116759287876, 40.742622361807776 ], [ -73.833044120750046, 40.742609392681175 ], [ -73.832858502435698, 40.742576250199093 ], [ -73.832524118808195, 40.7425165457351 ], [ -73.832469178770566, 40.742506736666492 ], [ -73.832178261589306, 40.742458353545516 ], [ -73.832001063654531, 40.742428883433483 ], [ -73.831652460013174, 40.742370905428103 ], [ -73.83162120241478, 40.742503264003858 ], [ -73.831594985631696, 40.742614278093214 ], [ -73.831572119816798, 40.742711095168076 ], [ -73.83120980398904, 40.742676707942422 ], [ -73.831267791099066, 40.742304007010347 ], [ -73.831166878774525, 40.742286412581315 ], [ -73.831169319400658, 40.742239052161665 ], [ -73.831182347925079, 40.741986306795354 ], [ -73.831195915564152, 40.741723093885128 ], [ -73.831196476007491, 40.741712192186903 ], [ -73.831197462561732, 40.74157007008008 ], [ -73.831214139368896, 40.741295562140138 ], [ -73.831230829516471, 40.741020856936693 ], [ -73.831238945446444, 40.740887250509999 ], [ -73.831239790468487, 40.740873337122373 ], [ -73.831255836864827, 40.740609214648245 ], [ -73.831271698933818, 40.740348117548855 ], [ -73.831272551347439, 40.740334103276659 ], [ -73.83128081779148, 40.740198024307674 ], [ -73.831297523513385, 40.739923032790266 ], [ -73.831314172286866, 40.739648975829283 ], [ -73.831323192159203, 40.739500497905716 ], [ -73.830459024921424, 40.739427735713853 ], [ -73.830503629295919, 40.739160592721412 ], [ -73.830915886145021, 40.739136427991582 ], [ -73.831346844217336, 40.739111164552284 ], [ -73.83134697023165, 40.739109092639318 ], [ -73.831445135791753, 40.739103337250349 ], [ -73.831155288892091, 40.738570758746029 ], [ -73.831116442576487, 40.738499380585587 ], [ -73.831077397203316, 40.73842763652371 ], [ -73.831012328085905, 40.73830807232212 ], [ -73.83095757250409, 40.738207460076687 ], [ -73.830913733798255, 40.738126909105482 ], [ -73.830875857860264, 40.738057310818235 ], [ -73.830841723358773, 40.737994588870883 ], [ -73.830809266976317, 40.737934950003719 ], [ -73.83077238332902, 40.737867174758854 ], [ -73.830740142733006, 40.737807934244465 ], [ -73.830705023425878, 40.737743400815617 ], [ -73.830661965347389, 40.737664281814915 ], [ -73.830601238848431, 40.737552694158346 ], [ -73.830581530492452, 40.737516478210821 ], [ -73.830491232921801, 40.737474818259464 ], [ -73.830353280934787, 40.737411170577118 ], [ -73.830278875062504, 40.737376842450267 ], [ -73.83019624986072, 40.737338720867307 ], [ -73.830125240276871, 40.737305958167561 ], [ -73.830042635355866, 40.73726784553957 ], [ -73.829964499063436, 40.737231796243215 ], [ -73.829887477905928, 40.737196260042609 ], [ -73.829811627571786, 40.737161263958789 ], [ -73.82973386284803, 40.737125384299532 ], [ -73.829651114018631, 40.737087206339233 ], [ -73.829529503205762, 40.737031096557516 ], [ -73.829480403212884, 40.737008441796419 ], [ -73.829396692575372, 40.736999223420689 ], [ -73.8292698989043, 40.736985261193816 ], [ -73.829256366423095, 40.736985105165381 ], [ -73.829112151393289, 40.736983353908037 ], [ -73.829084147775333, 40.736983013314315 ], [ -73.829008978460564, 40.736987349271004 ], [ -73.828913412757302, 40.73699285973202 ], [ -73.828828400314904, 40.736997762625741 ], [ -73.828733859910471, 40.737003214141666 ], [ -73.828647830471681, 40.737008175708503 ], [ -73.828551950868203, 40.737013705227952 ], [ -73.828394209380619, 40.737022802065695 ], [ -73.828188003470373, 40.737034692620121 ], [ -73.828098222871716, 40.737039869707168 ], [ -73.828036713705771, 40.737131946711223 ], [ -73.82799528439989, 40.737191848741958 ], [ -73.827979742464052, 40.737292686054111 ], [ -73.827959016956399, 40.737427146891278 ], [ -73.827946857155723, 40.737506042140922 ], [ -73.827947448150269, 40.737537576102568 ], [ -73.82794946807563, 40.737645198914194 ], [ -73.827951506518176, 40.737753873529485 ], [ -73.827953668869142, 40.73786912561787 ], [ -73.827955816679207, 40.73798362306573 ], [ -73.827957895728602, 40.738094468888576 ], [ -73.827959984354521, 40.738205740638051 ], [ -73.827962163328806, 40.738321934676293 ], [ -73.827964217550729, 40.738431414366538 ], [ -73.827965566160614, 40.738503313880052 ], [ -73.827866167820758, 40.738505771255305 ], [ -73.827774834663231, 40.738508030877881 ], [ -73.827679303199389, 40.738510392147404 ], [ -73.827591524423511, 40.738512563331327 ], [ -73.827498385679263, 40.73851486495537 ], [ -73.82745520729776, 40.738515932228431 ], [ -73.827409542074136, 40.738521329776198 ], [ -73.827313660543552, 40.738532661111563 ], [ -73.82722784645054, 40.7385428026071 ], [ -73.827138979212279, 40.738553305048995 ], [ -73.827053081011584, 40.738563455322691 ], [ -73.827012344609471, 40.738568270317188 ], [ -73.826958368691692, 40.738589035052158 ], [ -73.826872038599262, 40.738622245588097 ], [ -73.826695262540099, 40.73869025249207 ], [ -73.82657275022369, 40.738737383343135 ], [ -73.826468080415253, 40.73877764845021 ], [ -73.826391769857295, 40.738807005200208 ], [ -73.826338003292165, 40.738827688893188 ], [ -73.826309303091051, 40.738841319770188 ], [ -73.826238145011331, 40.738875115598674 ], [ -73.826140504296191, 40.738921489271128 ], [ -73.826025971914476, 40.738975885195593 ], [ -73.825975925118726, 40.738999654968048 ], [ -73.825916856340868, 40.739044956692418 ], [ -73.825822019586766, 40.739117685909953 ], [ -73.825813762474851, 40.739128321026385 ], [ -73.825689860451917, 40.739287902499385 ], [ -73.825641635654364, 40.739350013137944 ], [ -73.825606538448781, 40.739395214988761 ], [ -73.825560848508729, 40.739454063336758 ], [ -73.825410926077296, 40.739480525201017 ], [ -73.825218043436749, 40.739462001655696 ], [ -73.824981754099255, 40.739439308992949 ], [ -73.825390916328359, 40.735546632021936 ], [ -73.825480486543256, 40.735105123263651 ], [ -73.825451905156029, 40.735102373833428 ], [ -73.825504906139571, 40.73445376991522 ], [ -73.825585869021566, 40.73346295090461 ], [ -73.825646745811426, 40.732717942142038 ], [ -73.82568350717915, 40.732268029573838 ], [ -73.826082563837787, 40.732192286499313 ], [ -73.826551681298113, 40.73210324177272 ], [ -73.82822538487143, 40.731794906766659 ], [ -73.828624089079284, 40.731721452431934 ], [ -73.828991117621712, 40.731684133927871 ], [ -73.829734201958388, 40.731608577473182 ], [ -73.830450057774144, 40.731467035327441 ], [ -73.831230103676305, 40.731264447419044 ], [ -73.833652199125737, 40.730635357245951 ], [ -73.833692837444033, 40.730642979312634 ], [ -73.834113666081691, 40.731398933961358 ], [ -73.83408081429323, 40.731437785900745 ], [ -73.833861025526488, 40.731697727609259 ], [ -73.833788590457814, 40.731786286162425 ], [ -73.833995624764242, 40.731943772520303 ], [ -73.834273035134331, 40.731962270941246 ], [ -73.834466589558318, 40.732049021850692 ], [ -73.834603535683414, 40.731905575880958 ], [ -73.834610590393737, 40.731898185676521 ], [ -73.834618234372229, 40.731920023151368 ], [ -73.83465379755269, 40.732021612095551 ], [ -73.834710487168152, 40.7321835483244 ], [ -73.834574017072953, 40.732327282308376 ], [ -73.834503503580976, 40.732401548603029 ], [ -73.834522208605847, 40.73242632600558 ], [ -73.834494160942498, 40.732434468566822 ], [ -73.83444453833755, 40.732512709040762 ], [ -73.834871414289935, 40.733107201820303 ], [ -73.834888272688147, 40.733100600950337 ], [ -73.835142748090391, 40.733491724593598 ], [ -73.835246101979706, 40.733459185954267 ], [ -73.835452629160287, 40.733810558362407 ], [ -73.835630564616523, 40.734076502452908 ], [ -73.835712975303849, 40.734251583614089 ], [ -73.835843544701802, 40.734693198442145 ], [ -73.835853164823632, 40.734725733111318 ], [ -73.835915495648365, 40.734905590575607 ], [ -73.835794524765106, 40.734931286857957 ], [ -73.835669257708773, 40.734957895469073 ], [ -73.835755180349551, 40.735379460713688 ], [ -73.835399922939388, 40.736179798715014 ], [ -73.835302006174345, 40.737198903581891 ], [ -73.835580073434102, 40.737885798405067 ], [ -73.835624478401513, 40.738039445325022 ], [ -73.835652168237274, 40.738146982158327 ], [ -73.835752724035373, 40.738537496931386 ], [ -73.835756090062915, 40.738556117069407 ], [ -73.835774924772238, 40.738660279586767 ], [ -73.836239617766111, 40.739248415373524 ], [ -73.836588653754674, 40.739690161442198 ], [ -73.836627850242934, 40.740194769901876 ], [ -73.8366555244518, 40.740551042023995 ], [ -73.83670223347174, 40.740732419253142 ], [ -73.836807170334438, 40.741139893078575 ], [ -73.836818323511025, 40.741183198138692 ], [ -73.837000797318481, 40.741891733097127 ], [ -73.836800593827832, 40.741954741578844 ], [ -73.836727737660382, 40.741999137699644 ], [ -73.836646948894867, 40.742052700461379 ], [ -73.836572584743422, 40.742106497502306 ], [ -73.836508402799481, 40.742156829365676 ], [ -73.836448183145862, 40.742207764744684 ], [ -73.83639564819174, 40.742255513355623 ], [ -73.83631996803436, 40.742330582826767 ], [ -73.836265764968246, 40.742389723112346 ], [ -73.836217148004351, 40.742447344019546 ], [ -73.836192309209466, 40.742478723754274 ], [ -73.836170037487335, 40.742508122464457 ], [ -73.83615011606399, 40.742535531647206 ], [ -73.836126392755787, 40.742569690140684 ], [ -73.836092188627163, 40.742622268903133 ], [ -73.836063092972765, 40.742670639711392 ], [ -73.836029125466851, 40.742732369715505 ], [ -73.836006374032863, 40.742777658972607 ], [ -73.835981853949349, 40.742830987209082 ], [ -73.835963162658473, 40.742875630195762 ], [ -73.83593824592343, 40.742942371854006 ], [ -73.835919250013688, 40.743001068648873 ], [ -73.835903716590451, 40.743056657379555 ], [ -73.835888411749124, 40.743123210943054 ], [ -73.835859267590649, 40.743119577257787 ], [ -73.835478796038302, 40.743072152680021 ], [ -73.834799632505892, 40.742966628938547 ] ] ] ] } }
]
}
