{
"type": "FeatureCollection",
"name": "pluto_Co-op_City",
"crs": { "type": "name", "properties": { "name": "urn:ogc:def:crs:OGC:1.3:CRS84" } },
"features": [
{ "type": "Feature", "properties": { "Borough": "BX", "Block": 4411, "Lot": 1, "CD": 210, "BCT2020": "2027600", "BCTCB2020": "20276001008", "CT2010": "276", "CB2010": "1011", "SchoolDist": "11", "Council": 13, "ZipCode": 10469, "FireComp": "E089", "PolicePrct": 45, "HealthCent": 24, "HealthArea": 710, "Sanitboro": "2", "SanitDistr": "10", "SanitSub": "1C", "Address": null, "ZoneDist1": "R3-2", "ZoneDist2": null, "ZoneDist3": null, "ZoneDist4": null, "Overlay1": null, "Overlay2": null, "SPDist1": null, "SPDist2": null, "SPDist3": null, "LtdHeight": null, "SplitZone": "N", "BldgClass": "U1", "LandUse": "07", "Easements": 1, "OwnerType": "X", "OwnerName": "STATE OF NEW YORK", "LotArea": 270520, "BldgArea": 0, "ComArea": 0, "ResArea": 0, "OfficeArea": 0, "RetailArea": 0, "GarageArea": 0, "StrgeArea": 0, "FactryArea": 0, "OtherArea": 0, "AreaSource": "7", "NumBldgs": 0, "NumFloors": 0.0, "UnitsRes": 0, "UnitsTotal": 0, "LotFront": 131.0, "LotDepth": 1.0, "BldgFront": 0.0, "BldgDepth": 0.0, "Ext": "N", "ProxCode": "0", "IrrLotCode": "N", "LotType": "5", "BsmtCode": "0", "AssessLand": 0.0, "AssessTot": 0.0, "ExemptTot": 0.0, "YearBuilt": 0, "YearAlter1": 0, "YearAlter2": 0, "HistDist": null, "Landmark": null, "BuiltFAR": 0.0, "ResidFAR": 0.75, "CommFAR": 0.0, "FacilFAR": 1.0, "BoroCode": 2, "BBL": 2044110001.0, "CondoNo": 0, "Tract2010": "0276", "XCoord": 1031145, "YCoord": 251922, "ZoneMap": "4a", "ZMCode": null, "Sanborn": "220 077", "TaxMap": "21601", "EDesigNum": null, "APPBBL": 0.0, "APPDate": null, "PLUTOMapID": "1", "FIRM07_FLA": "1", "PFIRM15_FL": "1", "Version": "25v4", "DCPEdited": "t", "Latitude": 40.8580179, "Longitude": -73.8304735, "Notes": null, "Shape_Leng": 0.0, "Shape_Area": 270519.70721399999 }, "geometry": { "type": "MultiPolygon", "coordinates": [ [ [ [ -73.82700443739364, 40.859289086416915 ], [ -73.82696987063737, 40.859229113921558 ], [ -73.82686846135897, 40.859053162816792 ], [ -73.826825545979034, 40.858978702233387 ], [ -73.82678444555242, 40.85890738801082 ], [ -73.826782010935148, 40.858903167357205 ], [ -73.82681965659576, 40.858890653089055 ], [ -73.826939302660065, 40.858850881492131 ], [ -73.827248081636043, 40.858748240049017 ], [ -73.827269499824311, 40.858741120400474 ], [ -73.827380474845512, 40.858933667187479 ], [ -73.827467718395212, 40.858904666867765 ], [ -73.827464605947085, 40.858899266460419 ], [ -73.827535492855688, 40.858875703022676 ], [ -73.827538306611658, 40.85888058521757 ], [ -73.827634840001068, 40.858848495595048 ], [ -73.827648864715684, 40.858872830775361 ], [ -73.827823750346795, 40.858814696070084 ], [ -73.828299322745806, 40.858656606197727 ], [ -73.828134313480973, 40.858535148447956 ], [ -73.830248985032497, 40.857837787676601 ], [ -73.830106531307891, 40.858020350007976 ], [ -73.830559300459853, 40.857873053786314 ], [ -73.830539977948106, 40.857927871745993 ], [ -73.831180802666182, 40.85771939250683 ], [ -73.831217108696265, 40.857672862219928 ], [ -73.831673266767311, 40.85752445718488 ], [ -73.831765413239353, 40.857406359668332 ], [ -73.833802185019522, 40.856743686179399 ], [ -73.834562702792198, 40.856869931907504 ], [ -73.833720297058392, 40.857144024779629 ], [ -73.833736429451349, 40.857173793989503 ], [ -73.833668203639334, 40.857195299289153 ], [ -73.833652443477874, 40.85716610149548 ], [ -73.832881227044368, 40.857417023077737 ], [ -73.832897543279387, 40.85744713040102 ], [ -73.832769127391558, 40.857487607727563 ], [ -73.832753412012863, 40.857458607981918 ], [ -73.832020431583246, 40.857697081312118 ], [ -73.832036101732982, 40.857725998352329 ], [ -73.831964007622673, 40.857748721604651 ], [ -73.831948675077939, 40.857720427386084 ], [ -73.831374714408469, 40.857907159118248 ], [ -73.831165942563018, 40.857975080249652 ], [ -73.831182372653203, 40.8580053996372 ], [ -73.831114130933827, 40.858026908840031 ], [ -73.831098019572707, 40.857997177948498 ], [ -73.83032574394106, 40.858248420369307 ], [ -73.830341521062493, 40.858277538576289 ], [ -73.830268465501064, 40.858300562868124 ], [ -73.830253029585279, 40.858272075524795 ], [ -73.829510365275965, 40.858513678512935 ], [ -73.829524541282922, 40.85853984080083 ], [ -73.829390151761558, 40.858582195632913 ], [ -73.829376603751712, 40.858557193185185 ], [ -73.828587980458281, 40.858813737034239 ], [ -73.828603002573573, 40.858841459425427 ], [ -73.828559813232943, 40.858855070158562 ], [ -73.828518199191308, 40.858836438232125 ], [ -73.827774731563323, 40.85907828643014 ], [ -73.82781299793028, 40.859148912568088 ], [ -73.827405582733704, 40.859284797208744 ], [ -73.827365769263267, 40.859211318611266 ], [ -73.827177763710793, 40.859272473029044 ], [ -73.827176613473497, 40.859272847685681 ], [ -73.827023738646517, 40.859322575936751 ], [ -73.82700443739364, 40.859289086416915 ] ] ] ] } },
{ "type": "Feature", "properties": { "Borough": "BX", "Block": 4816, "Lot": 32, "CD": 210, "BCT2020": "2046205", "BCTCB2020": "20462055008", "CT2010": "462.01", "CB2010": "1032", "SchoolDist": "11", "Council": 12, "ZipCode": 10475, "FireComp": "E066", "PolicePrct": 45, "HealthCent": 24, "HealthArea": 710, "Sanitboro": null, "SanitDistr": null, "SanitSub": null, "Address": "BAYCHESTER AVENUE", "ZoneDist1": "M1-1", "ZoneDist2": null, "ZoneDist3": null, "ZoneDist4": null, "Overlay1": null, "Overlay2": null, "SPDist1": null, "SPDist2": null, "SPDist3": null, "LtdHeight": null, "SplitZone": "N", "BldgClass": "V9", "LandUse": "11", "Easements": 0, "OwnerType": "C", "OwnerName": "NYC DEPARTMENT OF PARKS AND RECREATION", "LotArea": 5760, "BldgArea": 0, "ComArea": 0, "ResArea": 0, "OfficeArea": 0, "RetailArea": 0, "GarageArea": 0, "StrgeArea": 0, "FactryArea": 0, "OtherArea": 0, "AreaSource": "7", "NumBldgs": 0, "NumFloors": 0.0, "UnitsRes": 0, "UnitsTotal": 0, "LotFront": 63.0, "LotDepth": 190.0, "BldgFront": 0.0, "BldgDepth": 0.0, "Ext": null, "ProxCode": "0", "IrrLotCode": "Y", "LotType": "5", "BsmtCode": "5", "AssessLand": 108000.0, "AssessTot": 108000.0, "ExemptTot": 108000.0, "YearBuilt": 0, "YearAlter1": 0, "YearAlter2": 0, "HistDist": null, "Landmark": null, "BuiltFAR": 0.0, "ResidFAR": 0.0, "CommFAR": 1.0, "FacilFAR": 2.4, "BoroCode": 2, "BBL": 2048160032.0, "CondoNo": 0, "Tract2010": "046201", "XCoord": 1031389, "YCoord": 253955, "ZoneMap": "4a", "ZMCode": null, "Sanborn": "218 050", "TaxMap": "21610", "EDesigNum": null, "APPBBL": 0.0, "APPDate": null, "PLUTOMapID": "1", "FIRM07_FLA": null, "PFIRM15_FL": null, "Version": "25v4", "DCPEdited": "t", "Latitude": 40.8635966, "Longitude": -73.8295771, "Notes": null, "Shape_Leng": 0.0, "Shape_Area": 6202.5986591000001 }, "geometry": { "type": "MultiPolygon", "coordinates": [ [ [ [ -73.829423833204729, 40.86346220184533 ], [ -73.82964424133273, 40.863384448859435 ], [ -73.829652962493924, 40.863946602355561 ], [ -73.829439868099143, 40.863489619494267 ], [ -73.829423833204729, 40.86346220184533 ] ] ] ] } },
{ "type": "Feature", "properties": { "Borough": "BX", "Block": 5131, "Lot": 17, "CD": 210, "BCT2020": "2030201", "BCTCB2020": "20302011005", "CT2010": "302", "CB2010": "3009", "SchoolDist": "11", "Council": 12, "ZipCode": 10475, "FireComp": "E066", "PolicePrct": 45, "HealthCent": 24, "HealthArea": 710, "Sanitboro": "2", "SanitDistr": "10", "SanitSub": "1D", "Address": "2195 PALMER AVENUE", "ZoneDist1": "R3-2", "ZoneDist2": null, "ZoneDist3": null, "ZoneDist4": null, "Overlay1": null, "Overlay2": null, "SPDist1": null, "SPDist2": null, "SPDist3": null, "LtdHeight": null, "SplitZone": "N", "BldgClass": "V0", "LandUse": "11", "Easements": 0, "OwnerType": "C", "OwnerName": "NYC DEPARTMENT OF CITYWIDE ADMINISTRATIVE SERVICES", "LotArea": 45500, "BldgArea": 0, "ComArea": 0, "ResArea": 0, "OfficeArea": 0, "RetailArea": 0, "GarageArea": 0, "StrgeArea": 0, "FactryArea": 0, "OtherArea": 0, "AreaSource": "7", "NumBldgs": 0, "NumFloors": 0.0, "UnitsRes": 0, "UnitsTotal": 0, "LotFront": 100.0, "LotDepth": 455.0, "BldgFront": 0.0, "BldgDepth": 0.0, "Ext": null, "ProxCode": "0", "IrrLotCode": "N", "LotType": "5", "BsmtCode": "5", "AssessLand": 163680.0, "AssessTot": 163680.0, "ExemptTot": 163680.0, "YearBuilt": 0, "YearAlter1": 0, "YearAlter2": 0, "HistDist": null, "Landmark": null, "BuiltFAR": 0.0, "ResidFAR": 0.75, "CommFAR": 0.0, "FacilFAR": 1.0, "BoroCode": 2, "BBL": 2051310017.0, "CondoNo": 0, "Tract2010": "0302", "XCoord": 1032344, "YCoord": 252525, "ZoneMap": "4a", "ZMCode": null, "Sanborn": "218 056", "TaxMap": "21710", "EDesigNum": null, "APPBBL": 0.0, "APPDate": null, "PLUTOMapID": "1", "FIRM07_FLA": "1", "PFIRM15_FL": "1", "Version": "25v4", "DCPEdited": "t", "Latitude": 40.8596665, "Longitude": -73.8261348, "Notes": null, "Shape_Leng": 0.0, "Shape_Area": 303.254972 }, "geometry": { "type": "MultiPolygon", "coordinates": [ [ [ [ -73.826876066640565, 40.859428349461503 ], [ -73.825394018080232, 40.859908920525115 ], [ -73.825392920694824, 40.859907246605331 ], [ -73.826875121084612, 40.859426625420653 ], [ -73.826876066640565, 40.859428349461503 ] ] ] ] } },
{ "type": "Feature", "properties": { "Borough": "BX", "Block": 5131, "Lot": 18, "CD": 210, "BCT2020": "2030201", "BCTCB2020": "20302011004", "CT2010": "302", "CB2010": "3007", "SchoolDist": "11", "Council": 12, "ZipCode": 10475, "FireComp": "E066", "PolicePrct": 45, "HealthCent": 24, "HealthArea": 710, "Sanitboro": "2", "SanitDistr": "10", "SanitSub": "1D", "Address": "PALMER AVENUE", "ZoneDist1": "R3-2", "ZoneDist2": null, "ZoneDist3": null, "ZoneDist4": null, "Overlay1": null, "Overlay2": null, "SPDist1": null, "SPDist2": null, "SPDist3": null, "LtdHeight": null, "SplitZone": "N", "BldgClass": "V0", "LandUse": "11", "Easements": 0, "OwnerType": "C", "OwnerName": "NYC DEPARTMENT OF CITYWIDE ADMINISTRATIVE SERVICES", "LotArea": 10050, "BldgArea": 0, "ComArea": 0, "ResArea": 0, "OfficeArea": 0, "RetailArea": 0, "GarageArea": 0, "StrgeArea": 0, "FactryArea": 0, "OtherArea": 0, "AreaSource": "7", "NumBldgs": 0, "NumFloors": 0.0, "UnitsRes": 0, "UnitsTotal": 0, "LotFront": 100.0, "LotDepth": 100.5, "BldgFront": 0.0, "BldgDepth": 0.0, "Ext": null, "ProxCode": "0", "IrrLotCode": "N", "LotType": "5", "BsmtCode": "5", "AssessLand": 36180.0, "AssessTot": 36180.0, "ExemptTot": 36180.0, "YearBuilt": 0, "YearAlter1": 0, "YearAlter2": 0, "HistDist": null, "Landmark": null, "BuiltFAR": 0.0, "ResidFAR": 0.75, "CommFAR": 0.0, "FacilFAR": 1.0, "BoroCode": 2, "BBL": 2051310018.0000002, "CondoNo": 0, "Tract2010": "0302", "XCoord": 1032594, "YCoord": 252633, "ZoneMap": "4a", "ZMCode": null, "Sanborn": "218 056", "TaxMap": "21710", "EDesigNum": null, "APPBBL": 0.0, "APPDate": null, "PLUTOMapID": "1", "FIRM07_FLA": "1", "PFIRM15_FL": "1", "Version": "25v4", "DCPEdited": "t", "Latitude": 40.8599616, "Longitude": -73.8252302, "Notes": null, "Shape_Leng": 0.0, "Shape_Area": 67.9141845 }, "geometry": { "type": "MultiPolygon", "coordinates": [ [ [ [ -73.825394018080232, 40.859908920525115 ], [ -73.825062034816995, 40.860016567246866 ], [ -73.825061075073407, 40.860014847603864 ], [ -73.825392920694824, 40.859907246605331 ], [ -73.825394018080232, 40.859908920525115 ] ] ] ] } },
{ "type": "Feature", "properties": { "Borough": "BX", "Block": 5131, "Lot": 27, "CD": 210, "BCT2020": "2030201", "BCTCB2020": "20302011005", "CT2010": "302", "CB2010": "3009", "SchoolDist": "11", "Council": 12, "ZipCode": 10475, "FireComp": "E066", "PolicePrct": 45, "HealthCent": 24, "HealthArea": 710, "Sanitboro": "2", "SanitDistr": "10", "SanitSub": "1D", "Address": "2207 ERSKINE PLACE", "ZoneDist1": "R3-2", "ZoneDist2": null, "ZoneDist3": null, "ZoneDist4": null, "Overlay1": null, "Overlay2": null, "SPDist1": null, "SPDist2": null, "SPDist3": null, "LtdHeight": null, "SplitZone": "N", "BldgClass": "V0", "LandUse": "11", "Easements": 0, "OwnerType": "C", "OwnerName": "NYC DEPARTMENT OF CITYWIDE ADMINISTRATIVE SERVICES", "LotArea": 3177, "BldgArea": 0, "ComArea": 0, "ResArea": 0, "OfficeArea": 0, "RetailArea": 0, "GarageArea": 0, "StrgeArea": 0, "FactryArea": 0, "OtherArea": 0, "AreaSource": "7", "NumBldgs": 0, "NumFloors": 0.0, "UnitsRes": 0, "UnitsTotal": 0, "LotFront": 125.0, "LotDepth": 25.42, "BldgFront": 0.0, "BldgDepth": 0.0, "Ext": null, "ProxCode": "0", "IrrLotCode": "N", "LotType": "5", "BsmtCode": "5", "AssessLand": 9660.0, "AssessTot": 9660.0, "ExemptTot": 9660.0, "YearBuilt": 0, "YearAlter1": 0, "YearAlter2": 0, "HistDist": null, "Landmark": null, "BuiltFAR": 0.0, "ResidFAR": 0.75, "CommFAR": 0.0, "FacilFAR": 1.0, "BoroCode": 2, "BBL": 2051310027.0, "CondoNo": 0, "Tract2010": "0302", "XCoord": 1032696, "YCoord": 252677, "ZoneMap": "4a", "ZMCode": null, "Sanborn": "218 056", "TaxMap": "21710", "EDesigNum": null, "APPBBL": 0.0, "APPDate": null, "PLUTOMapID": "1", "FIRM07_FLA": null, "PFIRM15_FL": "1", "Version": "25v4", "DCPEdited": "t", "Latitude": 40.8600818, "Longitude": -73.8248612, "Notes": null, "Shape_Leng": 0.0, "Shape_Area": 77.4396074 }, "geometry": { "type": "MultiPolygon", "coordinates": [ [ [ [ -73.824635718588368, 40.860153219378581 ], [ -73.825061075073407, 40.860014847603864 ], [ -73.825062034816995, 40.860016567246866 ], [ -73.824653544349999, 40.860149019633987 ], [ -73.824636398183415, 40.860154577443851 ], [ -73.824635718588368, 40.860153219378581 ] ] ] ] } },
{ "type": "Feature", "properties": { "Borough": "BX", "Block": 5132, "Lot": 6, "CD": 210, "BCT2020": "2030201", "BCTCB2020": "20302011003", "CT2010": "302", "CB2010": "3010", "SchoolDist": "11", "Council": 12, "ZipCode": 10475, "FireComp": "E066", "PolicePrct": 45, "HealthCent": 24, "HealthArea": 710, "Sanitboro": "2", "SanitDistr": "10", "SanitSub": "1D", "Address": "2226 BAYCHESTER AVENUE", "ZoneDist1": "R3A", "ZoneDist2": null, "ZoneDist3": null, "ZoneDist4": null, "Overlay1": null, "Overlay2": null, "SPDist1": null, "SPDist2": null, "SPDist3": null, "LtdHeight": null, "SplitZone": "N", "BldgClass": "V0", "LandUse": "11", "Easements": 0, "OwnerType": "X", "OwnerName": "NEW YORK STATE DEPARTMENT", "LotArea": 10125, "BldgArea": 0, "ComArea": 0, "ResArea": 0, "OfficeArea": 0, "RetailArea": 0, "GarageArea": 0, "StrgeArea": 0, "FactryArea": 0, "OtherArea": 0, "AreaSource": "7", "NumBldgs": 0, "NumFloors": 0.0, "UnitsRes": 0, "UnitsTotal": 0, "LotFront": 25.0, "LotDepth": 155.0, "BldgFront": 0.0, "BldgDepth": 0.0, "Ext": null, "ProxCode": "0", "IrrLotCode": "Y", "LotType": "4", "BsmtCode": "5", "AssessLand": 36420.0, "AssessTot": 36420.0, "ExemptTot": 36420.0, "YearBuilt": 0, "YearAlter1": 0, "YearAlter2": 0, "HistDist": null, "Landmark": null, "BuiltFAR": 0.0, "ResidFAR": 0.75, "CommFAR": 0.0, "FacilFAR": 1.0, "BoroCode": 2, "BBL": 2051320006.0, "CondoNo": 0, "Tract2010": "0302", "XCoord": 1032107, "YCoord": 252780, "ZoneMap": "4a", "ZMCode": null, "Sanborn": "218 054", "TaxMap": "21710", "EDesigNum": null, "APPBBL": 0.0, "APPDate": null, "PLUTOMapID": "1", "FIRM07_FLA": null, "PFIRM15_FL": null, "Version": "25v4", "DCPEdited": null, "Latitude": 40.8603677, "Longitude": -73.8269897, "Notes": null, "Shape_Leng": 0.0, "Shape_Area": 10404.930863600001 }, "geometry": { "type": "MultiPolygon", "coordinates": [ [ [ [ -73.826806863778458, 40.860529835110931 ], [ -73.826863560119534, 40.860368723001152 ], [ -73.826958253040232, 40.860099636591613 ], [ -73.826993703924799, 40.860162755898777 ], [ -73.827058627679691, 40.860141901550371 ], [ -73.827160176914703, 40.860109284940599 ], [ -73.827199061155795, 40.860178516431404 ], [ -73.827032571576069, 40.860231955881346 ], [ -73.827071475999531, 40.860301199156268 ], [ -73.827104391066044, 40.860359831008132 ], [ -73.827136941571965, 40.86041778424697 ], [ -73.827175560429694, 40.860486542587822 ], [ -73.826842245344679, 40.860593667463455 ], [ -73.826825997951659, 40.860598889301798 ], [ -73.82679929519594, 40.860551344567639 ], [ -73.826806863778458, 40.860529835110931 ] ] ] ] } },
{ "type": "Feature", "properties": { "Borough": "BX", "Block": 5132, "Lot": 7, "CD": 210, "BCT2020": "2030201", "BCTCB2020": "20302011003", "CT2010": "302", "CB2010": "3010", "SchoolDist": "11", "Council": 12, "ZipCode": 10475, "FireComp": "E066", "PolicePrct": 45, "HealthCent": 24, "HealthArea": 710, "Sanitboro": "2", "SanitDistr": "10", "SanitSub": "1D", "Address": "BAYCHESTER AVENUE", "ZoneDist1": "R3A", "ZoneDist2": null, "ZoneDist3": null, "ZoneDist4": null, "Overlay1": null, "Overlay2": null, "SPDist1": null, "SPDist2": null, "SPDist3": null, "LtdHeight": null, "SplitZone": "N", "BldgClass": "V0", "LandUse": "11", "Easements": 0, "OwnerType": "C", "OwnerName": "NYC DEPARTMENT OF CITYWIDE ADMINISTRATIVE SERVICES", "LotArea": 1375, "BldgArea": 0, "ComArea": 0, "ResArea": 0, "OfficeArea": 0, "RetailArea": 0, "GarageArea": 0, "StrgeArea": 0, "FactryArea": 0, "OtherArea": 0, "AreaSource": "7", "NumBldgs": 0, "NumFloors": 0.0, "UnitsRes": 0, "UnitsTotal": 0, "LotFront": 25.0, "LotDepth": 55.0, "BldgFront": 0.0, "BldgDepth": 0.0, "Ext": null, "ProxCode": "0", "IrrLotCode": "N", "LotType": "5", "BsmtCode": "5", "AssessLand": 3840.0, "AssessTot": 3840.0, "ExemptTot": 3840.0, "YearBuilt": 0, "YearAlter1": 0, "YearAlter2": 0, "HistDist": null, "Landmark": null, "BuiltFAR": 0.0, "ResidFAR": 0.75, "CommFAR": 0.0, "FacilFAR": 1.0, "BoroCode": 2, "BBL": 2051320007.0, "CondoNo": 0, "Tract2010": "0302", "XCoord": 1032066, "YCoord": 252733, "ZoneMap": "4a", "ZMCode": null, "Sanborn": "218 054", "TaxMap": "21710", "EDesigNum": null, "APPBBL": 0.0, "APPDate": null, "PLUTOMapID": "1", "FIRM07_FLA": null, "PFIRM15_FL": null, "Version": "25v4", "DCPEdited": "t", "Latitude": 40.8602389, "Longitude": -73.8271383, "Notes": null, "Shape_Leng": 0.0, "Shape_Area": 1371.3712541 }, "geometry": { "type": "MultiPolygon", "coordinates": [ [ [ [ -73.827199061155795, 40.860178516431404 ], [ -73.827237966934945, 40.860247759654023 ], [ -73.827071475999531, 40.860301199156268 ], [ -73.827032571576069, 40.860231955881346 ], [ -73.827199061155795, 40.860178516431404 ] ] ] ] } },
{ "type": "Feature", "properties": { "Borough": "BX", "Block": 5132, "Lot": 9, "CD": 210, "BCT2020": "2030201", "BCTCB2020": "20302011003", "CT2010": "302", "CB2010": "3010", "SchoolDist": "11", "Council": 12, "ZipCode": 10475, "FireComp": "E066", "PolicePrct": 45, "HealthCent": 24, "HealthArea": 710, "Sanitboro": "2", "SanitDistr": "10", "SanitSub": "1D", "Address": "BAYCHESTER AVENUE", "ZoneDist1": "R3A", "ZoneDist2": null, "ZoneDist3": null, "ZoneDist4": null, "Overlay1": null, "Overlay2": null, "SPDist1": null, "SPDist2": null, "SPDist3": null, "LtdHeight": null, "SplitZone": "N", "BldgClass": "V0", "LandUse": "11", "Easements": 0, "OwnerType": "C", "OwnerName": "NYC DEPARTMENT OF CITYWIDE ADMINISTRATIVE SERVICES", "LotArea": 1375, "BldgArea": 0, "ComArea": 0, "ResArea": 0, "OfficeArea": 0, "RetailArea": 0, "GarageArea": 0, "StrgeArea": 0, "FactryArea": 0, "OtherArea": 0, "AreaSource": "7", "NumBldgs": 0, "NumFloors": 0.0, "UnitsRes": 0, "UnitsTotal": 0, "LotFront": 25.0, "LotDepth": 55.0, "BldgFront": 0.0, "BldgDepth": 0.0, "Ext": null, "ProxCode": "0", "IrrLotCode": "N", "LotType": "5", "BsmtCode": "5", "AssessLand": 3240.0, "AssessTot": 3240.0, "ExemptTot": 3240.0, "YearBuilt": 0, "YearAlter1": 0, "YearAlter2": 0, "HistDist": null, "Landmark": null, "BuiltFAR": 0.0, "ResidFAR": 0.75, "CommFAR": 0.0, "FacilFAR": 1.0, "BoroCode": 2, "BBL": 2051320009.0, "CondoNo": 0, "Tract2010": "0302", "XCoord": 1032047, "YCoord": 252778, "ZoneMap": "4a", "ZMCode": null, "Sanborn": "218 054", "TaxMap": "21710", "EDesigNum": null, "APPBBL": 0.0, "APPDate": null, "PLUTOMapID": "1", "FIRM07_FLA": null, "PFIRM15_FL": null, "Version": "25v4", "DCPEdited": "t", "Latitude": 40.8603625, "Longitude": -73.8272067, "Notes": null, "Shape_Leng": 0.0, "Shape_Area": 1147.7071656000001 }, "geometry": { "type": "MultiPolygon", "coordinates": [ [ [ [ -73.827303431533139, 40.860364344648268 ], [ -73.827136941571965, 40.86041778424697 ], [ -73.827104391066044, 40.860359831008132 ], [ -73.827270881018578, 40.860306391455993 ], [ -73.827303431533139, 40.860364344648268 ] ] ] ] } },
{ "type": "Feature", "properties": { "Borough": "BX", "Block": 5132, "Lot": 11, "CD": 210, "BCT2020": "2030201", "BCTCB2020": "20302011003", "CT2010": "302", "CB2010": "3010", "SchoolDist": "11", "Council": 12, "ZipCode": 10475, "FireComp": "E066", "PolicePrct": 45, "HealthCent": 24, "HealthArea": 710, "Sanitboro": "2", "SanitDistr": "10", "SanitSub": "1D", "Address": "BAYCHESTER AVENUE", "ZoneDist1": "R3A", "ZoneDist2": null, "ZoneDist3": null, "ZoneDist4": null, "Overlay1": null, "Overlay2": null, "SPDist1": null, "SPDist2": null, "SPDist3": null, "LtdHeight": null, "SplitZone": "N", "BldgClass": "V0", "LandUse": "11", "Easements": 0, "OwnerType": "C", "OwnerName": "NYC DEPARTMENT OF CITYWIDE ADMINISTRATIVE SERVICES", "LotArea": 1375, "BldgArea": 0, "ComArea": 0, "ResArea": 0, "OfficeArea": 0, "RetailArea": 0, "GarageArea": 0, "StrgeArea": 0, "FactryArea": 0, "OtherArea": 0, "AreaSource": "7", "NumBldgs": 0, "NumFloors": 0.0, "UnitsRes": 0, "UnitsTotal": 0, "LotFront": 25.0, "LotDepth": 55.0, "BldgFront": 0.0, "BldgDepth": 0.0, "Ext": null, "ProxCode": "0", "IrrLotCode": "N", "LotType": "3", "BsmtCode": "5", "AssessLand": 2880.0, "AssessTot": 2880.0, "ExemptTot": 2880.0, "YearBuilt": 0, "YearAlter1": 0, "YearAlter2": 0, "HistDist": null, "Landmark": null, "BuiltFAR": 0.0, "ResidFAR": 0.75, "CommFAR": 0.0, "FacilFAR": 1.0, "BoroCode": 2, "BBL": 2051320011.0, "CondoNo": 0, "Tract2010": "0302", "XCoord": 1032037, "YCoord": 252801, "ZoneMap": "4a", "ZMCode": null, "Sanborn": "218 054", "TaxMap": "21710", "EDesigNum": null, "APPBBL": 0.0, "APPDate": null, "PLUTOMapID": "1", "FIRM07_FLA": null, "PFIRM15_FL": null, "Version": "25v4", "DCPEdited": "t", "Latitude": 40.8604257, "Longitude": -73.8272426, "Notes": null, "Shape_Leng": 0.0, "Shape_Area": 1362.9264068 }, "geometry": { "type": "MultiPolygon", "coordinates": [ [ [ [ -73.827136941571965, 40.86041778424697 ], [ -73.827303431533139, 40.860364344648268 ], [ -73.827342121391595, 40.860433227273475 ], [ -73.827175560429694, 40.860486542587822 ], [ -73.827136941571965, 40.86041778424697 ] ] ] ] } },
{ "type": "Feature", "properties": { "Borough": "BX", "Block": 5134, "Lot": 202, "CD": 210, "BCT2020": "2030201", "BCTCB2020": "20302011004", "CT2010": "302", "CB2010": "3007", "SchoolDist": "11", "Council": 12, "ZipCode": 10475, "FireComp": "E066", "PolicePrct": 45, "HealthCent": 24, "HealthArea": 710, "Sanitboro": "2", "SanitDistr": "10", "SanitSub": "1D", "Address": "BOLLER AVENUE", "ZoneDist1": "R3A", "ZoneDist2": null, "ZoneDist3": null, "ZoneDist4": null, "Overlay1": null, "Overlay2": null, "SPDist1": null, "SPDist2": null, "SPDist3": null, "LtdHeight": null, "SplitZone": "N", "BldgClass": "V0", "LandUse": "11", "Easements": 0, "OwnerType": "C", "OwnerName": "NYC DEPARTMENT OF TRANSPORTATION", "LotArea": 878, "BldgArea": 0, "ComArea": 0, "ResArea": 0, "OfficeArea": 0, "RetailArea": 0, "GarageArea": 0, "StrgeArea": 0, "FactryArea": 0, "OtherArea": 0, "AreaSource": "7", "NumBldgs": 0, "NumFloors": 0.0, "UnitsRes": 0, "UnitsTotal": 0, "LotFront": 7.32, "LotDepth": 120.0, "BldgFront": 0.0, "BldgDepth": 0.0, "Ext": null, "ProxCode": "0", "IrrLotCode": "N", "LotType": "8", "BsmtCode": "5", "AssessLand": 1824.0, "AssessTot": 1824.0, "ExemptTot": 1824.0, "YearBuilt": 0, "YearAlter1": 0, "YearAlter2": 0, "HistDist": null, "Landmark": null, "BuiltFAR": 0.0, "ResidFAR": 0.75, "CommFAR": 0.0, "FacilFAR": 1.0, "BoroCode": 2, "BBL": 2051340202.0, "CondoNo": 0, "Tract2010": "0302", "XCoord": 1032675, "YCoord": 252743, "ZoneMap": "4a", "ZMCode": null, "Sanborn": "218 056", "TaxMap": "21710", "EDesigNum": null, "APPBBL": 0.0, "APPDate": null, "PLUTOMapID": "1", "FIRM07_FLA": null, "PFIRM15_FL": null, "Version": "25v4", "DCPEdited": "t", "Latitude": 40.8602631, "Longitude": -73.8249366, "Notes": null, "Shape_Leng": 0.0, "Shape_Area": 895.9298233 }, "geometry": { "type": "MultiPolygon", "coordinates": [ [ [ [ -73.825129621285441, 40.860191169212669 ], [ -73.825140538413365, 40.86021036717122 ], [ -73.824739142708694, 40.860338470402688 ], [ -73.824728895931429, 40.860320118967877 ], [ -73.825129621285441, 40.860191169212669 ] ] ] ] } },
{ "type": "Feature", "properties": { "Borough": "BX", "Block": 5135, "Lot": 200, "CD": 210, "BCT2020": "2030201", "BCTCB2020": "20302013001", "CT2010": "302", "CB2010": "6001", "SchoolDist": "11", "Council": 12, "ZipCode": 10475, "FireComp": "E066", "PolicePrct": 45, "HealthCent": 24, "HealthArea": 710, "Sanitboro": "2", "SanitDistr": "10", "SanitSub": "1D", "Address": "4140 HUTCHINSON RVR PY E", "ZoneDist1": "R6", "ZoneDist2": null, "ZoneDist3": null, "ZoneDist4": null, "Overlay1": null, "Overlay2": null, "SPDist1": null, "SPDist2": null, "SPDist3": null, "LtdHeight": null, "SplitZone": "N", "BldgClass": "W1", "LandUse": "08", "Easements": 0, "OwnerType": "C", "OwnerName": "NYC DEPARTMENT OF EDUCATION", "LotArea": 115000, "BldgArea": 112800, "ComArea": 112800, "ResArea": 0, "OfficeArea": 112800, "RetailArea": 0, "GarageArea": 0, "StrgeArea": 0, "FactryArea": 0, "OtherArea": 0, "AreaSource": "2", "NumBldgs": 1, "NumFloors": 3.0, "UnitsRes": 0, "UnitsTotal": 0, "LotFront": 282.08, "LotDepth": 444.58, "BldgFront": 246.0, "BldgDepth": 255.0, "Ext": "N", "ProxCode": "0", "IrrLotCode": "Y", "LotType": "5", "BsmtCode": "0", "AssessLand": 1075500.0, "AssessTot": 13776750.0, "ExemptTot": 13776750.0, "YearBuilt": 1972, "YearAlter1": 0, "YearAlter2": 0, "HistDist": null, "Landmark": null, "BuiltFAR": 0.98, "ResidFAR": 2.43, "CommFAR": 0.0, "FacilFAR": 4.8, "BoroCode": 2, "BBL": 2051350200.0000002, "CondoNo": 0, "Tract2010": "0302", "XCoord": 1032975, "YCoord": 254124, "ZoneMap": "4a", "ZMCode": "Y", "Sanborn": "218 055", "TaxMap": "21710", "EDesigNum": null, "APPBBL": 0.0, "APPDate": null, "PLUTOMapID": "1", "FIRM07_FLA": null, "PFIRM15_FL": null, "Version": "25v4", "DCPEdited": "t", "Latitude": 40.8640518, "Longitude": -73.823842, "Notes": null, "Shape_Leng": 0.0, "Shape_Area": 106535.54118499999 }, "geometry": { "type": "MultiPolygon", "coordinates": [ [ [ [ -73.824144441736891, 40.863851797768348 ], [ -73.824234868499445, 40.863731702795569 ], [ -73.824727373900345, 40.863941669629305 ], [ -73.824797877913909, 40.863971727183831 ], [ -73.824230051156476, 40.864605387593059 ], [ -73.824227275701688, 40.864608484676822 ], [ -73.822838850292513, 40.864016083401708 ], [ -73.822835465667481, 40.864013171473516 ], [ -73.822834821296297, 40.864010628342157 ], [ -73.822835052215126, 40.864007215835038 ], [ -73.823018759262595, 40.863761841889136 ], [ -73.823019881301363, 40.863760962014851 ], [ -73.823021064488003, 40.863760293807665 ], [ -73.823022152095049, 40.86375984706654 ], [ -73.823023201540849, 40.86375953713231 ], [ -73.823024624417826, 40.863759277213141 ], [ -73.823026325515997, 40.863759190728551 ], [ -73.823027781790103, 40.863759300131136 ], [ -73.823029311037871, 40.863759607750303 ], [ -73.823030592124454, 40.86376003922161 ], [ -73.823031661880222, 40.863760545159884 ], [ -73.823110788522285, 40.863793583193079 ], [ -73.823127764264825, 40.86379855657605 ], [ -73.823148206283037, 40.863800231335787 ], [ -73.823173442404538, 40.863796256520274 ], [ -73.823192263336225, 40.863787986518084 ], [ -73.8232084366431, 40.863774475992976 ], [ -73.823216934297548, 40.863760996026109 ], [ -73.823387205607361, 40.863536020413342 ], [ -73.824144441736891, 40.863851797768348 ] ] ] ] } },
{ "type": "Feature", "properties": { "Borough": "BX", "Block": 5141, "Lot": 3, "CD": 210, "BCT2020": "2046205", "BCTCB2020": "20462055006", "CT2010": "462.01", "CB2010": "1034", "SchoolDist": "11", "Council": 12, "ZipCode": 10475, "FireComp": "E066", "PolicePrct": 45, "HealthCent": 24, "HealthArea": 710, "Sanitboro": "2", "SanitDistr": "10", "SanitSub": null, "Address": "100 BAYCHESTER AVENUE", "ZoneDist1": "C4-3", "ZoneDist2": null, "ZoneDist3": null, "ZoneDist4": null, "Overlay1": null, "Overlay2": null, "SPDist1": null, "SPDist2": null, "SPDist3": null, "LtdHeight": null, "SplitZone": "N", "BldgClass": "K3", "LandUse": "05", "Easements": 1, "OwnerType": null, "OwnerName": "BAY PLAZA MALL, LLC", "LotArea": 168030, "BldgArea": 170513, "ComArea": 170513, "ResArea": 0, "OfficeArea": 0, "RetailArea": 170513, "GarageArea": 0, "StrgeArea": 0, "FactryArea": 0, "OtherArea": 0, "AreaSource": "2", "NumBldgs": 1, "NumFloors": 3.0, "UnitsRes": 0, "UnitsTotal": 1, "LotFront": 252.0, "LotDepth": 222.9, "BldgFront": 250.0, "BldgDepth": 225.0, "Ext": "N", "ProxCode": "1", "IrrLotCode": "Y", "LotType": "5", "BsmtCode": "0", "AssessLand": 804600.0, "AssessTot": 18710550.0, "ExemptTot": 0.0, "YearBuilt": 1996, "YearAlter1": 0, "YearAlter2": 0, "HistDist": null, "Landmark": null, "BuiltFAR": 1.01, "ResidFAR": 2.43, "CommFAR": 3.4, "FacilFAR": 4.8, "BoroCode": 2, "BBL": 2051410002.9999998, "CondoNo": 0, "Tract2010": "046201", "XCoord": 1032258, "YCoord": 254363, "ZoneMap": "4a", "ZMCode": null, "Sanborn": "222 081", "TaxMap": "21710", "EDesigNum": null, "APPBBL": 2051410002.9999998, "APPDate": "12/02/1996", "PLUTOMapID": "1", "FIRM07_FLA": null, "PFIRM15_FL": null, "Version": "25v4", "DCPEdited": null, "Latitude": 40.8647117, "Longitude": -73.8264325, "Notes": null, "Shape_Leng": 0.0, "Shape_Area": 59029.3305034 }, "geometry": { "type": "MultiPolygon", "coordinates": [ [ [ [ -73.826307310101825, 40.864254515114062 ], [ -73.82705119180055, 40.864653854885525 ], [ -73.827051150135802, 40.864653900751954 ], [ -73.826869789241997, 40.864852616601183 ], [ -73.826881596256527, 40.86485895484175 ], [ -73.826725973732806, 40.865029468824623 ], [ -73.826714165491126, 40.86502313048144 ], [ -73.826598179358598, 40.865150214586322 ], [ -73.826491170758842, 40.865092769601745 ], [ -73.826482934275305, 40.86510179360976 ], [ -73.826259829149222, 40.864982022525332 ], [ -73.826268064436263, 40.864972998531236 ], [ -73.826144083924035, 40.864906441706438 ], [ -73.826119375602175, 40.864933514663498 ], [ -73.826096262722515, 40.864921106152892 ], [ -73.826051312678402, 40.864970355536379 ], [ -73.825941353163302, 40.864911325271635 ], [ -73.825949939474853, 40.864901918169721 ], [ -73.825787083468057, 40.864814489190678 ], [ -73.825842513578209, 40.864753756420171 ], [ -73.825848653950388, 40.864757052485807 ], [ -73.826307310101825, 40.864254515114062 ] ] ] ] } },
{ "type": "Feature", "properties": { "Borough": "BX", "Block": 5141, "Lot": 8, "CD": 210, "BCT2020": "2046205", "BCTCB2020": "20462055006", "CT2010": "462.01", "CB2010": "1034", "SchoolDist": "11", "Council": 12, "ZipCode": 10475, "FireComp": "E066", "PolicePrct": 45, "HealthCent": 24, "HealthArea": 710, "Sanitboro": "2", "SanitDistr": "10", "SanitSub": null, "Address": "150 BAYCHESTER AVENUE", "ZoneDist1": "C4-3", "ZoneDist2": "M1-1", "ZoneDist3": null, "ZoneDist4": null, "Overlay1": null, "Overlay2": null, "SPDist1": null, "SPDist2": null, "SPDist3": null, "LtdHeight": null, "SplitZone": "Y", "BldgClass": "G7", "LandUse": "10", "Easements": 0, "OwnerType": null, "OwnerName": "MALL 1 BAY PLAZA, LLC", "LotArea": 217115, "BldgArea": 0, "ComArea": 0, "ResArea": 0, "OfficeArea": 0, "RetailArea": 0, "GarageArea": 0, "StrgeArea": 0, "FactryArea": 0, "OtherArea": 0, "AreaSource": "7", "NumBldgs": 4, "NumFloors": 0.0, "UnitsRes": 0, "UnitsTotal": 0, "LotFront": 1136.0, "LotDepth": 550.0, "BldgFront": 0.0, "BldgDepth": 0.0, "Ext": null, "ProxCode": "0", "IrrLotCode": "Y", "LotType": "5", "BsmtCode": "5", "AssessLand": 11338650.0, "AssessTot": 11338650.0, "ExemptTot": 0.0, "YearBuilt": 0, "YearAlter1": 0, "YearAlter2": 0, "HistDist": null, "Landmark": null, "BuiltFAR": 0.0, "ResidFAR": 2.43, "CommFAR": 3.4, "FacilFAR": 4.8, "BoroCode": 2, "BBL": 2051410008.0000002, "CondoNo": 0, "Tract2010": "046201", "XCoord": 1032053, "YCoord": 254867, "ZoneMap": "4a", "ZMCode": null, "Sanborn": "222 081", "TaxMap": "21710", "EDesigNum": null, "APPBBL": 2051410002.9999998, "APPDate": "08/07/2012", "PLUTOMapID": "1", "FIRM07_FLA": "1", "PFIRM15_FL": null, "Version": "25v4", "DCPEdited": null, "Latitude": 40.8660962, "Longitude": -73.8271701, "Notes": null, "Shape_Leng": 0.0, "Shape_Area": 237076.21179100001 }, "geometry": { "type": "MultiPolygon", "coordinates": [ [ [ [ -73.827053031262409, 40.866180997242807 ], [ -73.827320545254466, 40.865887888261348 ], [ -73.827276265644187, 40.865864118199106 ], [ -73.82761920749769, 40.865488360865669 ], [ -73.827706814762109, 40.865392369716922 ], [ -73.828094897609844, 40.864967143271976 ], [ -73.828433087702066, 40.864596577619714 ], [ -73.828614792984155, 40.864397477083813 ], [ -73.8286590720964, 40.864421246554748 ], [ -73.829264424798424, 40.863757927112445 ], [ -73.82928480053873, 40.863735600808418 ], [ -73.829076287410203, 40.863288425927379 ], [ -73.828699029801612, 40.863067309946381 ], [ -73.827851602767765, 40.86399587540128 ], [ -73.827718266216237, 40.863924295955705 ], [ -73.828249240255701, 40.86334248672199 ], [ -73.828636169453119, 40.862918505543448 ], [ -73.828555141325879, 40.862763910904889 ], [ -73.828176889427496, 40.862462114793033 ], [ -73.828081259275052, 40.862568180874042 ], [ -73.827642379752547, 40.86270177177839 ], [ -73.827451044145462, 40.862913981996499 ], [ -73.827428403128621, 40.862901828359753 ], [ -73.826240891714562, 40.864218859920058 ], [ -73.826307310101825, 40.864254515114062 ], [ -73.825848653950388, 40.864757052485807 ], [ -73.825842513578209, 40.864753756420171 ], [ -73.825787083468057, 40.864814489190678 ], [ -73.825949939474853, 40.864901918169721 ], [ -73.825941353163302, 40.864911325271635 ], [ -73.826051312678402, 40.864970355536379 ], [ -73.826096262722515, 40.864921106152892 ], [ -73.826119375602175, 40.864933514663498 ], [ -73.826144083924035, 40.864906441706438 ], [ -73.826268064436263, 40.864972998531236 ], [ -73.826259829149222, 40.864982022525332 ], [ -73.826482934275305, 40.86510179360976 ], [ -73.826491170758842, 40.865092769601745 ], [ -73.826598179358598, 40.865150214586322 ], [ -73.826714165491126, 40.86502313048144 ], [ -73.826725973732806, 40.865029468824623 ], [ -73.826881596256527, 40.86485895484175 ], [ -73.826869789241997, 40.864852616601183 ], [ -73.827051150135802, 40.864653900751954 ], [ -73.82705119180055, 40.864653854885525 ], [ -73.827202487411071, 40.8644880795989 ], [ -73.8273358257523, 40.864559658715194 ], [ -73.826637174659737, 40.865325163253956 ], [ -73.826550712741138, 40.865419899179464 ], [ -73.82651718977462, 40.865456628407628 ], [ -73.826249672759957, 40.865749736466917 ], [ -73.825506848504844, 40.86535096226244 ], [ -73.825337168107922, 40.8652598708696 ], [ -73.825205391694013, 40.865189126484275 ], [ -73.827507177408265, 40.862636331511432 ], [ -73.827973892855582, 40.862494267618963 ], [ -73.827864326274636, 40.862265626429661 ], [ -73.828448916239196, 40.862089247723745 ], [ -73.829191301535985, 40.863505644854449 ], [ -73.829331132459359, 40.863816737175171 ], [ -73.828353173458268, 40.864888334313335 ], [ -73.827883062473518, 40.865403442585823 ], [ -73.827795495897718, 40.865499388919829 ], [ -73.827133828569842, 40.866224369960456 ], [ -73.827053031262409, 40.866180997242807 ] ] ] ] } },
{ "type": "Feature", "properties": { "Borough": "BX", "Block": 5141, "Lot": 17, "CD": 210, "BCT2020": "2046205", "BCTCB2020": "20462055006", "CT2010": "462.01", "CB2010": "1034", "SchoolDist": "11", "Council": 12, "ZipCode": 10475, "FireComp": "E066", "PolicePrct": 45, "HealthCent": 24, "HealthArea": 710, "Sanitboro": "2", "SanitDistr": "10", "SanitSub": null, "Address": "282 BAYCHESTER AVENUE", "ZoneDist1": "C4-3", "ZoneDist2": null, "ZoneDist3": null, "ZoneDist4": null, "Overlay1": null, "Overlay2": null, "SPDist1": null, "SPDist2": null, "SPDist3": null, "LtdHeight": null, "SplitZone": "N", "BldgClass": "G7", "LandUse": "10", "Easements": 0, "OwnerType": null, "OwnerName": "MALL 1 BAY PLAZA, LLC", "LotArea": 35575, "BldgArea": 0, "ComArea": 0, "ResArea": 0, "OfficeArea": 0, "RetailArea": 0, "GarageArea": 0, "StrgeArea": 0, "FactryArea": 0, "OtherArea": 0, "AreaSource": "7", "NumBldgs": 0, "NumFloors": 0.0, "UnitsRes": 0, "UnitsTotal": 0, "LotFront": 129.11, "LotDepth": 273.1, "BldgFront": 0.0, "BldgDepth": 0.0, "Ext": null, "ProxCode": "0", "IrrLotCode": "N", "LotType": "5", "BsmtCode": "5", "AssessLand": 1731600.0, "AssessTot": 1731600.0, "ExemptTot": 0.0, "YearBuilt": 0, "YearAlter1": 0, "YearAlter2": 0, "HistDist": null, "Landmark": null, "BuiltFAR": 0.0, "ResidFAR": 2.43, "CommFAR": 3.4, "FacilFAR": 4.8, "BoroCode": 2, "BBL": 2051410017.0, "CondoNo": 0, "Tract2010": "046201", "XCoord": 1032159, "YCoord": 254766, "ZoneMap": "4a", "ZMCode": null, "Sanborn": "222 081", "TaxMap": "21710", "EDesigNum": null, "APPBBL": 2051410002.9999998, "APPDate": "08/07/2012", "PLUTOMapID": "1", "FIRM07_FLA": null, "PFIRM15_FL": null, "Version": "25v4", "DCPEdited": null, "Latitude": 40.8658184, "Longitude": -73.8267876, "Notes": null, "Shape_Leng": 0.0, "Shape_Area": 35355.1481546 }, "geometry": { "type": "MultiPolygon", "coordinates": [ [ [ [ -73.82651718977462, 40.865456628407628 ], [ -73.827276265644187, 40.865864118199106 ], [ -73.827320545254466, 40.865887888261348 ], [ -73.827053031262409, 40.866180997242807 ], [ -73.826249672759957, 40.865749736466917 ], [ -73.82651718977462, 40.865456628407628 ] ] ] ] } },
{ "type": "Feature", "properties": { "Borough": "BX", "Block": 5141, "Lot": 250, "CD": 210, "BCT2020": "2046203", "BCTCB2020": "20462033016", "CT2010": "462.01", "CB2010": "1020", "SchoolDist": "11", "Council": 12, "ZipCode": 10475, "FireComp": "E066", "PolicePrct": 45, "HealthCent": 24, "HealthArea": 710, "Sanitboro": "2", "SanitDistr": "10", "SanitSub": "1D", "Address": "765 CO-OP CITY BOULEVARD", "ZoneDist1": "C4-1", "ZoneDist2": null, "ZoneDist3": null, "ZoneDist4": null, "Overlay1": null, "Overlay2": null, "SPDist1": null, "SPDist2": null, "SPDist3": null, "LtdHeight": null, "SplitZone": "N", "BldgClass": "M1", "LandUse": "08", "Easements": 0, "OwnerType": "X", "OwnerName": "ST MICHAEL'S ROMAN CHURCH", "LotArea": 57400, "BldgArea": 11364, "ComArea": 11364, "ResArea": 0, "OfficeArea": 0, "RetailArea": 0, "GarageArea": 0, "StrgeArea": 0, "FactryArea": 0, "OtherArea": 11364, "AreaSource": "2", "NumBldgs": 1, "NumFloors": 2.0, "UnitsRes": 0, "UnitsTotal": 1, "LotFront": 208.25, "LotDepth": 305.33, "BldgFront": 70.0, "BldgDepth": 80.0, "Ext": "N", "ProxCode": "0", "IrrLotCode": "Y", "LotType": "5", "BsmtCode": "0", "AssessLand": 439650.0, "AssessTot": 2626650.0, "ExemptTot": 2626650.0, "YearBuilt": 1992, "YearAlter1": 0, "YearAlter2": 0, "HistDist": null, "Landmark": null, "BuiltFAR": 0.2, "ResidFAR": 1.5, "CommFAR": 1.0, "FacilFAR": 2.0, "BoroCode": 2, "BBL": 2051410250.0, "CondoNo": 0, "Tract2010": "046201", "XCoord": 1031941, "YCoord": 259674, "ZoneMap": "2b", "ZMCode": null, "Sanborn": "222 071", "TaxMap": "21710", "EDesigNum": null, "APPBBL": 2051410250.0, "APPDate": "08/24/1993", "PLUTOMapID": "1", "FIRM07_FLA": null, "PFIRM15_FL": null, "Version": "25v4", "DCPEdited": null, "Latitude": 40.8792905, "Longitude": -73.8275408, "Notes": null, "Shape_Leng": 0.0, "Shape_Area": 55534.554651600003 }, "geometry": { "type": "MultiPolygon", "coordinates": [ [ [ [ -73.827670819404233, 40.878836366941528 ], [ -73.828073495512683, 40.879556858731121 ], [ -73.828049852375514, 40.879564320953065 ], [ -73.827476131591041, 40.87974538260778 ], [ -73.826965707944836, 40.879066864667635 ], [ -73.827670819404233, 40.878836366941528 ] ] ] ] } },
{ "type": "Feature", "properties": { "Borough": "BX", "Block": 5141, "Lot": 265, "CD": 210, "BCT2020": "2046203", "BCTCB2020": "20462033016", "CT2010": "462.01", "CB2010": "1020", "SchoolDist": "11", "Council": 12, "ZipCode": 10475, "FireComp": "E066", "PolicePrct": 45, "HealthCent": 24, "HealthArea": 710, "Sanitboro": "2", "SanitDistr": "10", "SanitSub": "1D", "Address": "777 CO-OP CITY BOULEVARD", "ZoneDist1": "C4-1", "ZoneDist2": null, "ZoneDist3": null, "ZoneDist4": null, "Overlay1": null, "Overlay2": null, "SPDist1": null, "SPDist2": null, "SPDist3": null, "LtdHeight": null, "SplitZone": "N", "BldgClass": "N2", "LandUse": "08", "Easements": 0, "OwnerType": "X", "OwnerName": "COUNCIL TOWERS HOUSING DEVELOPMENT FUND", "LotArea": 53813, "BldgArea": 100296, "ComArea": 100296, "ResArea": 0, "OfficeArea": 1000, "RetailArea": 0, "GarageArea": 0, "StrgeArea": 0, "FactryArea": 0, "OtherArea": 99296, "AreaSource": "2", "NumBldgs": 1, "NumFloors": 12.0, "UnitsRes": 0, "UnitsTotal": 1, "LotFront": 177.46, "LotDepth": 303.24, "BldgFront": 150.0, "BldgDepth": 100.0, "Ext": "N", "ProxCode": "1", "IrrLotCode": "N", "LotType": "5", "BsmtCode": "0", "AssessLand": 526500.0, "AssessTot": 7567200.0, "ExemptTot": 7567200.0, "YearBuilt": 1994, "YearAlter1": 0, "YearAlter2": 0, "HistDist": null, "Landmark": null, "BuiltFAR": 1.86, "ResidFAR": 1.5, "CommFAR": 1.0, "FacilFAR": 2.0, "BoroCode": 2, "BBL": 2051410265.0, "CondoNo": 0, "Tract2010": "046201", "XCoord": 1031767, "YCoord": 259604, "ZoneMap": "2b", "ZMCode": null, "Sanborn": "222 071", "TaxMap": "21710", "EDesigNum": null, "APPBBL": 2051410260.0, "APPDate": "05/07/1996", "PLUTOMapID": "1", "FIRM07_FLA": null, "PFIRM15_FL": null, "Version": "25v4", "DCPEdited": null, "Latitude": 40.8790993, "Longitude": -73.8281705, "Notes": null, "Shape_Leng": 0.0, "Shape_Area": 50935.088005700003 }, "geometry": { "type": "MultiPolygon", "coordinates": [ [ [ [ -73.828073495512683, 40.879556858731121 ], [ -73.827670819404233, 40.878836366941528 ], [ -73.828261760019956, 40.878643186822657 ], [ -73.828667615762114, 40.879369355271223 ], [ -73.828073495512683, 40.879556858731121 ] ] ] ] } },
{ "type": "Feature", "properties": { "Borough": "BX", "Block": 5141, "Lot": 390, "CD": 210, "BCT2020": "2046203", "BCTCB2020": "20462033015", "CT2010": "462.01", "CB2010": "1010", "SchoolDist": "11", "Council": 12, "ZipCode": 10475, "FireComp": "E066", "PolicePrct": 45, "HealthCent": 24, "HealthArea": 710, "Sanitboro": "2", "SanitDistr": "10", "SanitSub": null, "Address": "755 CO-OP CITY BOULEVARD", "ZoneDist1": "C4-1", "ZoneDist2": null, "ZoneDist3": null, "ZoneDist4": null, "Overlay1": null, "Overlay2": null, "SPDist1": null, "SPDist2": null, "SPDist3": null, "LtdHeight": null, "SplitZone": "N", "BldgClass": "W9", "LandUse": "08", "Easements": 0, "OwnerType": null, "OwnerName": "755 COOP CITY, LLC", "LotArea": 117500, "BldgArea": 76422, "ComArea": 76422, "ResArea": 0, "OfficeArea": 38211, "RetailArea": 0, "GarageArea": 0, "StrgeArea": 0, "FactryArea": 0, "OtherArea": 38211, "AreaSource": "2", "NumBldgs": 1, "NumFloors": 1.0, "UnitsRes": 0, "UnitsTotal": 3, "LotFront": 210.5, "LotDepth": 488.25, "BldgFront": 158.0, "BldgDepth": 268.0, "Ext": "N", "ProxCode": "0", "IrrLotCode": "Y", "LotType": "3", "BsmtCode": "0", "AssessLand": 603000.0, "AssessTot": 3763350.0, "ExemptTot": 0.0, "YearBuilt": 1972, "YearAlter1": 1995, "YearAlter2": 0, "HistDist": null, "Landmark": null, "BuiltFAR": 0.65, "ResidFAR": 1.5, "CommFAR": 1.0, "FacilFAR": 2.0, "BoroCode": 2, "BBL": 2051410390.0, "CondoNo": 0, "Tract2010": "046201", "XCoord": 1032148, "YCoord": 259879, "ZoneMap": "2b", "ZMCode": null, "Sanborn": "222 071", "TaxMap": "21710", "EDesigNum": null, "APPBBL": 0.0, "APPDate": null, "PLUTOMapID": "1", "FIRM07_FLA": null, "PFIRM15_FL": null, "Version": "25v4", "DCPEdited": null, "Latitude": 40.879852, "Longitude": -73.8267908, "Notes": null, "Shape_Leng": 0.0, "Shape_Area": 115658.762737 }, "geometry": { "type": "MultiPolygon", "coordinates": [ [ [ [ -73.826026125221205, 40.87937400077162 ], [ -73.826756303692946, 40.879135316966149 ], [ -73.827431616847292, 40.880025668228022 ], [ -73.827612692068925, 40.880264396983144 ], [ -73.826709308953042, 40.880556037746871 ], [ -73.826026125221205, 40.87937400077162 ] ] ] ] } },
{ "type": "Feature", "properties": { "Borough": "BX", "Block": 5141, "Lot": 445, "CD": 210, "BCT2020": "2046203", "BCTCB2020": "20462033001", "CT2010": "462.01", "CB2010": "1008", "SchoolDist": "11", "Council": 12, "ZipCode": 10475, "FireComp": "E066", "PolicePrct": 45, "HealthCent": 24, "HealthArea": 710, "Sanitboro": "2", "SanitDistr": "10", "SanitSub": null, "Address": "3200 PEARTREE AVENUE", "ZoneDist1": "R6", "ZoneDist2": "M1-1", "ZoneDist3": null, "ZoneDist4": null, "Overlay1": null, "Overlay2": null, "SPDist1": null, "SPDist2": null, "SPDist3": null, "LtdHeight": null, "SplitZone": "Y", "BldgClass": "G2", "LandUse": "07", "Easements": 0, "OwnerType": "X", "OwnerName": "RIVERBAY CORPORATION", "LotArea": 67465, "BldgArea": 2400, "ComArea": 2400, "ResArea": 0, "OfficeArea": 0, "RetailArea": 0, "GarageArea": 2400, "StrgeArea": 0, "FactryArea": 0, "OtherArea": 0, "AreaSource": "2", "NumBldgs": 2, "NumFloors": 1.0, "UnitsRes": 0, "UnitsTotal": 1, "LotFront": 533.62, "LotDepth": 129.33, "BldgFront": 60.0, "BldgDepth": 40.0, "Ext": "N", "ProxCode": "1", "IrrLotCode": "Y", "LotType": "5", "BsmtCode": "0", "AssessLand": 226800.0, "AssessTot": 389250.0, "ExemptTot": 389250.0, "YearBuilt": 2003, "YearAlter1": 0, "YearAlter2": 0, "HistDist": null, "Landmark": null, "BuiltFAR": 0.04, "ResidFAR": 2.43, "CommFAR": 0.0, "FacilFAR": 4.8, "BoroCode": 2, "BBL": 2051410445.0000002, "CondoNo": 0, "Tract2010": "046201", "XCoord": 1033260, "YCoord": 260169, "ZoneMap": "2d", "ZMCode": "Y", "Sanborn": "222 074", "TaxMap": "21710", "EDesigNum": null, "APPBBL": 2051410439.9999998, "APPDate": "12/12/2002", "PLUTOMapID": "1", "FIRM07_FLA": null, "PFIRM15_FL": null, "Version": "25v4", "DCPEdited": null, "Latitude": 40.8806419, "Longitude": -73.8227674, "Notes": null, "Shape_Leng": 0.0, "Shape_Area": 67145.709301700001 }, "geometry": { "type": "MultiPolygon", "coordinates": [ [ [ [ -73.822537395926645, 40.881257250512924 ], [ -73.822507002933406, 40.880888444973415 ], [ -73.822502410310889, 40.880867075599454 ], [ -73.822495785225286, 40.880843990352723 ], [ -73.822480561452863, 40.88080337191839 ], [ -73.822466645395053, 40.880771047233011 ], [ -73.82244422123901, 40.880724630204178 ], [ -73.822441076287504, 40.880719201689629 ], [ -73.822405621019968, 40.880713402914466 ], [ -73.822648643938379, 40.880009107541134 ], [ -73.822682339026898, 40.879911453486464 ], [ -73.822705006803716, 40.879925670154726 ], [ -73.822745555019068, 40.879949255126462 ], [ -73.822789559334879, 40.879972409534979 ], [ -73.822831372736033, 40.87999227470192 ], [ -73.82287548811108, 40.880011166341617 ], [ -73.822915797940354, 40.880025847687364 ], [ -73.822966871951337, 40.880044194402807 ], [ -73.82303923795223, 40.880065052751306 ], [ -73.823103370727068, 40.880079480635047 ], [ -73.823134247726514, 40.880087392920856 ], [ -73.823140867514809, 40.880092433216248 ], [ -73.823142881767552, 40.88010057762591 ], [ -73.823141670019581, 40.880112327206511 ], [ -73.822812510337698, 40.881518616639546 ], [ -73.822537395926645, 40.881257250512924 ] ] ] ] } },
{ "type": "Feature", "properties": { "Borough": "BX", "Block": 5141, "Lot": 450, "CD": 210, "BCT2020": "2046203", "BCTCB2020": "20462033001", "CT2010": "462.01", "CB2010": "1008", "SchoolDist": "11", "Council": 12, "ZipCode": 10475, "FireComp": "E066", "PolicePrct": 45, "HealthCent": 24, "HealthArea": 710, "Sanitboro": null, "SanitDistr": null, "SanitSub": null, "Address": "CONNER STREET", "ZoneDist1": "M1-1", "ZoneDist2": null, "ZoneDist3": null, "ZoneDist4": null, "Overlay1": null, "Overlay2": null, "SPDist1": null, "SPDist2": null, "SPDist3": null, "LtdHeight": null, "SplitZone": "N", "BldgClass": "V1", "LandUse": "11", "Easements": 0, "OwnerType": "P", "OwnerName": "MIU REALTY, LLC", "LotArea": 5568, "BldgArea": 0, "ComArea": 0, "ResArea": 0, "OfficeArea": 0, "RetailArea": 0, "GarageArea": 0, "StrgeArea": 0, "FactryArea": 0, "OtherArea": 0, "AreaSource": "7", "NumBldgs": 0, "NumFloors": 0.0, "UnitsRes": 0, "UnitsTotal": 0, "LotFront": 70.25, "LotDepth": 213.0, "BldgFront": 0.0, "BldgDepth": 0.0, "Ext": null, "ProxCode": "0", "IrrLotCode": "Y", "LotType": "5", "BsmtCode": "5", "AssessLand": 101700.0, "AssessTot": 101700.0, "ExemptTot": 101700.0, "YearBuilt": 0, "YearAlter1": 0, "YearAlter2": 0, "HistDist": null, "Landmark": null, "BuiltFAR": 0.0, "ResidFAR": 0.0, "CommFAR": 1.0, "FacilFAR": 2.4, "BoroCode": 2, "BBL": 2051410450.0000002, "CondoNo": 0, "Tract2010": "046201", "XCoord": 1033347, "YCoord": 260291, "ZoneMap": "2d", "ZMCode": null, "Sanborn": "222 073", "TaxMap": "21710", "EDesigNum": null, "APPBBL": 0.0, "APPDate": null, "PLUTOMapID": "1", "FIRM07_FLA": null, "PFIRM15_FL": null, "Version": "25v4", "DCPEdited": null, "Latitude": 40.8809762, "Longitude": -73.8224519, "Notes": null, "Shape_Leng": 0.0, "Shape_Area": 5660.279884 }, "geometry": { "type": "MultiPolygon", "coordinates": [ [ [ [ -73.82238737849714, 40.881114729471207 ], [ -73.822375922371251, 40.880799472803723 ], [ -73.822405621019968, 40.880713402914466 ], [ -73.822441076287504, 40.880719201689629 ], [ -73.82244422123901, 40.880724630204178 ], [ -73.822466645395053, 40.880771047233011 ], [ -73.822480561452863, 40.88080337191839 ], [ -73.822495785225286, 40.880843990352723 ], [ -73.822502410310889, 40.880867075599454 ], [ -73.822507002933406, 40.880888444973415 ], [ -73.822537395926645, 40.881257250512924 ], [ -73.82238737849714, 40.881114729471207 ] ] ] ] } },
{ "type": "Feature", "properties": { "Borough": "BX", "Block": 5141, "Lot": 700, "CD": 210, "BCT2020": "2046204", "BCTCB2020": "20462043001", "CT2010": "462.01", "CB2010": "5003", "SchoolDist": "11", "Council": 12, "ZipCode": 10475, "FireComp": "E066", "PolicePrct": 45, "HealthCent": 24, "HealthArea": 710, "Sanitboro": "2", "SanitDistr": "10", "SanitSub": null, "Address": "150 CO-OP CITY BOULEVARD", "ZoneDist1": "R6", "ZoneDist2": null, "ZoneDist3": null, "ZoneDist4": null, "Overlay1": null, "Overlay2": null, "SPDist1": null, "SPDist2": null, "SPDist3": null, "LtdHeight": null, "SplitZone": "N", "BldgClass": "G1", "LandUse": "10", "Easements": 0, "OwnerType": "X", "OwnerName": "RIVERBAY CORPORATION", "LotArea": 162900, "BldgArea": 296715, "ComArea": 296715, "ResArea": 0, "OfficeArea": 0, "RetailArea": 0, "GarageArea": 296715, "StrgeArea": 0, "FactryArea": 0, "OtherArea": 0, "AreaSource": "2", "NumBldgs": 1, "NumFloors": 6.0, "UnitsRes": 0, "UnitsTotal": 1, "LotFront": 376.6, "LotDepth": 245.0, "BldgFront": 239.25, "BldgDepth": 255.0, "Ext": "N", "ProxCode": "0", "IrrLotCode": "Y", "LotType": "5", "BsmtCode": "0", "AssessLand": 733050.0, "AssessTot": 8454150.0, "ExemptTot": 8454150.0, "YearBuilt": 1969, "YearAlter1": 2007, "YearAlter2": 2018, "HistDist": null, "Landmark": null, "BuiltFAR": 1.82, "ResidFAR": 2.43, "CommFAR": 0.0, "FacilFAR": 4.8, "BoroCode": 2, "BBL": 2051410700.0, "CondoNo": 0, "Tract2010": "046201", "XCoord": 1032551, "YCoord": 257412, "ZoneMap": "2b", "ZMCode": null, "Sanborn": "222 082", "TaxMap": "21710", "EDesigNum": null, "APPBBL": 0.0, "APPDate": null, "PLUTOMapID": "1", "FIRM07_FLA": "1", "PFIRM15_FL": null, "Version": "25v4", "DCPEdited": null, "Latitude": 40.8730787, "Longitude": -73.8253512, "Notes": null, "Shape_Leng": 0.0, "Shape_Area": 148144.311651 }, "geometry": { "type": "MultiPolygon", "coordinates": [ [ [ [ -73.82601010039393, 40.873602477578864 ], [ -73.825953630671904, 40.873587663971442 ], [ -73.825934850724323, 40.873581627499014 ], [ -73.82593544266922, 40.873581628392827 ], [ -73.825918115972016, 40.87357643613791 ], [ -73.82589634833991, 40.873570173620088 ], [ -73.825874438772985, 40.873564157675709 ], [ -73.825853022770261, 40.873558550394698 ], [ -73.825829512492092, 40.873552704026892 ], [ -73.825806660610795, 40.873547325045898 ], [ -73.825789264078452, 40.873543428455143 ], [ -73.82576585711503, 40.87353845119361 ], [ -73.825745919930952, 40.873534449862689 ], [ -73.825721644672441, 40.873529871084571 ], [ -73.825692466650764, 40.873524786951229 ], [ -73.825664973565011, 40.873520411354313 ], [ -73.825642684389962, 40.873517155696696 ], [ -73.825612388328508, 40.87351314587012 ], [ -73.82558299715123, 40.873509707455192 ], [ -73.825553909699266, 40.873506739570693 ], [ -73.825522826044164, 40.873504043225701 ], [ -73.82548493763332, 40.873501413201204 ], [ -73.825444444851115, 40.873499397794085 ], [ -73.825401661718246, 40.873498154336644 ], [ -73.825354469011671, 40.873497835136305 ], [ -73.82531572755596, 40.873498398689101 ], [ -73.825272077047202, 40.873499927322776 ], [ -73.825039530269279, 40.873509480892146 ], [ -73.824904153573044, 40.873516371278427 ], [ -73.824802583404662, 40.873522183581692 ], [ -73.824718611300241, 40.873527404817743 ], [ -73.824622371905207, 40.873533854599494 ], [ -73.824618766350284, 40.8735335527942 ], [ -73.824614871418447, 40.873532776958719 ], [ -73.824610582909017, 40.873531420600429 ], [ -73.824603125939618, 40.873528219767572 ], [ -73.824596104118868, 40.873524212707117 ], [ -73.824590650458902, 40.873520222422364 ], [ -73.824585405670504, 40.873515347263194 ], [ -73.824580421592245, 40.873509197456777 ], [ -73.824577936306838, 40.873505150450725 ], [ -73.824575778618183, 40.873500584338096 ], [ -73.824574811084659, 40.873497696807711 ], [ -73.824569857447486, 40.873477757836056 ], [ -73.824565265751005, 40.873418270686805 ], [ -73.824555764579699, 40.873310386369006 ], [ -73.824550301675529, 40.87321737267056 ], [ -73.824557864876255, 40.873075578416483 ], [ -73.824558206143223, 40.872985818921357 ], [ -73.824559307858891, 40.872939197602655 ], [ -73.824560812060184, 40.872897880856996 ], [ -73.824562770735866, 40.872857369851879 ], [ -73.824564966547555, 40.872820505303466 ], [ -73.824566093839124, 40.872803779460916 ], [ -73.824567281998853, 40.872787332963235 ], [ -73.824568396314916, 40.872772808831527 ], [ -73.824569725445116, 40.872756441688644 ], [ -73.82457098484663, 40.872741773716712 ], [ -73.82457232058978, 40.872726950925362 ], [ -73.824573287301206, 40.872716656184259 ], [ -73.824574177576878, 40.872707428394378 ], [ -73.824575154986292, 40.872697590279323 ], [ -73.824575456442574, 40.872688098653647 ], [ -73.824575320870224, 40.872676994426939 ], [ -73.824576710154105, 40.872666564383586 ], [ -73.824576918751532, 40.87265316985485 ], [ -73.824578984297531, 40.872633296525031 ], [ -73.824579497324805, 40.872614670610602 ], [ -73.82458079281875, 40.87259668077283 ], [ -73.824582400347268, 40.872579097489087 ], [ -73.824584015187, 40.872558742603793 ], [ -73.824586463842806, 40.872541157001997 ], [ -73.824588661041744, 40.872522636382314 ], [ -73.824589601061078, 40.872516190236148 ], [ -73.824590432327113, 40.872509985363592 ], [ -73.82459140907487, 40.872505783333871 ], [ -73.824592243804432, 40.872500981339996 ], [ -73.82459581363598, 40.87249550285906 ], [ -73.824596325644549, 40.872495220871777 ], [ -73.824600034618541, 40.872493187751907 ], [ -73.824607918259204, 40.872490186695245 ], [ -73.824611214616382, 40.872488985101235 ], [ -73.824617097222131, 40.872487677513845 ], [ -73.824622309279064, 40.872486965978915 ], [ -73.824628744543517, 40.872486636281657 ], [ -73.82463813705435, 40.872487733866535 ], [ -73.825153316341684, 40.87256304913344 ], [ -73.825184738736723, 40.872568482653584 ], [ -73.825216156971564, 40.872575457736339 ], [ -73.825249599803655, 40.872583973110693 ], [ -73.825312424292562, 40.872602538248451 ], [ -73.825385375074987, 40.872626504639143 ], [ -73.826386476745697, 40.872970954312457 ], [ -73.826390804347398, 40.872973673128541 ], [ -73.826392868372778, 40.872975531284546 ], [ -73.826396030840257, 40.872978793967974 ], [ -73.826399385296909, 40.872983025959613 ], [ -73.826402176755821, 40.872987527235999 ], [ -73.82640444978604, 40.872992491453289 ], [ -73.826406113754985, 40.872998102187893 ], [ -73.826406726749255, 40.873001858214877 ], [ -73.826406954482366, 40.873005937756552 ], [ -73.826406675655207, 40.873010492886728 ], [ -73.826405976237339, 40.873014425214905 ], [ -73.826404847285374, 40.873018331630327 ], [ -73.826068065909681, 40.87358836432464 ], [ -73.826065237977858, 40.873590977821863 ], [ -73.826062722578243, 40.873592970373252 ], [ -73.826059721751662, 40.873595025271214 ], [ -73.826055179783452, 40.873597604643003 ], [ -73.826051051259441, 40.873599494871648 ], [ -73.826047006743522, 40.873600995294112 ], [ -73.826043366684772, 40.873602082969505 ], [ -73.826040175920852, 40.873602848065566 ], [ -73.826036582041468, 40.87360351442252 ], [ -73.826032898503442, 40.873603991490548 ], [ -73.826028718374332, 40.873604290452896 ], [ -73.826025091705731, 40.873604346217284 ], [ -73.826022591075812, 40.873604274010063 ], [ -73.826019378000694, 40.873604047633499 ], [ -73.826015943545997, 40.873603638127271 ], [ -73.826013360849586, 40.873603213760127 ], [ -73.826011646401284, 40.873602873442863 ], [ -73.82601010039393, 40.873602477578864 ] ] ] ] } },
{ "type": "Feature", "properties": { "Borough": "BX", "Block": 5141, "Lot": 800, "CD": 210, "BCT2020": "2046205", "BCTCB2020": "20462055005", "CT2010": "462.01", "CB2010": "1023", "SchoolDist": "11", "Council": 12, "ZipCode": 10475, "FireComp": "E066", "PolicePrct": 45, "HealthCent": 24, "HealthArea": 710, "Sanitboro": "2", "SanitDistr": "10", "SanitSub": null, "Address": "2090 BARTOW AVENUE", "ZoneDist1": "C4-3", "ZoneDist2": null, "ZoneDist3": null, "ZoneDist4": null, "Overlay1": null, "Overlay2": null, "SPDist1": null, "SPDist2": null, "SPDist3": null, "LtdHeight": null, "SplitZone": "N", "BldgClass": "K1", "LandUse": "05", "Easements": 0, "OwnerType": null, "OwnerName": "BAY PLAZA WEST LLC", "LotArea": 92850, "BldgArea": 22056, "ComArea": 22056, "ResArea": 0, "OfficeArea": 0, "RetailArea": 22056, "GarageArea": 0, "StrgeArea": 0, "FactryArea": 0, "OtherArea": 0, "AreaSource": "2", "NumBldgs": 1, "NumFloors": 1.0, "UnitsRes": 0, "UnitsTotal": 5, "LotFront": 321.0, "LotDepth": 539.35, "BldgFront": 90.0, "BldgDepth": 265.0, "Ext": "N", "ProxCode": "0", "IrrLotCode": "Y", "LotType": "5", "BsmtCode": "0", "AssessLand": 1762650.0, "AssessTot": 5110200.0, "ExemptTot": 0.0, "YearBuilt": 1991, "YearAlter1": 0, "YearAlter2": 0, "HistDist": null, "Landmark": null, "BuiltFAR": 0.24, "ResidFAR": 2.43, "CommFAR": 3.4, "FacilFAR": 4.8, "BoroCode": 2, "BBL": 2051410800.0, "CondoNo": 0, "Tract2010": "046201", "XCoord": 1032112, "YCoord": 255864, "ZoneMap": "4a", "ZMCode": null, "Sanborn": "222 081", "TaxMap": "21710", "EDesigNum": null, "APPBBL": 2051410002.9999998, "APPDate": "12/27/1991", "PLUTOMapID": "1", "FIRM07_FLA": null, "PFIRM15_FL": null, "Version": "25v4", "DCPEdited": null, "Latitude": 40.8688323, "Longitude": -73.8269496, "Notes": null, "Shape_Leng": 0.0, "Shape_Area": 98463.454583500003 }, "geometry": { "type": "MultiPolygon", "coordinates": [ [ [ [ -73.82617978539696, 40.869318226985769 ], [ -73.827112526357567, 40.867997226841027 ], [ -73.827133560598796, 40.867997531282043 ], [ -73.827140799671497, 40.867997625881557 ], [ -73.827148038868046, 40.867997715961572 ], [ -73.82715527929119, 40.867997799768666 ], [ -73.827169758967287, 40.867997951988585 ], [ -73.827176998107277, 40.867998021403729 ], [ -73.827184238588984, 40.86799808270468 ], [ -73.827191477867629, 40.86799814124317 ], [ -73.827205958783395, 40.867998240419588 ], [ -73.827213198104687, 40.867998281891651 ], [ -73.827220438653839, 40.867998317925803 ], [ -73.827227680316199, 40.867998349528342 ], [ -73.827234919677309, 40.867998375687691 ], [ -73.827242161370108, 40.867998395577139 ], [ -73.827249400759499, 40.867998410859691 ], [ -73.827256641376295, 40.867998420874478 ], [ -73.827263880793723, 40.867998425365329 ], [ -73.827271121438784, 40.867998424503313 ], [ -73.827278361983304, 40.867998419206558 ], [ -73.827285602654229, 40.867998408389134 ], [ -73.827315517860015, 40.867998305551517 ], [ -73.827331116719449, 40.867998216314604 ], [ -73.827382139769895, 40.869369806635035 ], [ -73.82716960066837, 40.869371058687804 ], [ -73.826913092370219, 40.86936066027512 ], [ -73.826269821385168, 40.869326875999491 ], [ -73.82617978539696, 40.869318226985769 ] ] ] ] } },
{ "type": "Feature", "properties": { "Borough": "BX", "Block": 5245, "Lot": 25, "CD": 210, "BCT2020": "2046203", "BCTCB2020": "20462033009", "CT2010": "462.01", "CB2010": "1021", "SchoolDist": "11", "Council": 12, "ZipCode": 10475, "FireComp": "E066", "PolicePrct": 45, "HealthCent": 24, "HealthArea": 710, "Sanitboro": "2", "SanitDistr": "10", "SanitSub": "1D", "Address": "3311 DE LAVALL AVENUE", "ZoneDist1": "M1-1", "ZoneDist2": null, "ZoneDist3": null, "ZoneDist4": null, "Overlay1": null, "Overlay2": null, "SPDist1": null, "SPDist2": null, "SPDist3": null, "LtdHeight": null, "SplitZone": "N", "BldgClass": "A1", "LandUse": "01", "Easements": 0, "OwnerType": null, "OwnerName": "GARCIA, CARMEN I", "LotArea": 5000, "BldgArea": 1844, "ComArea": 0, "ResArea": 1328, "OfficeArea": 0, "RetailArea": 0, "GarageArea": 0, "StrgeArea": 0, "FactryArea": 0, "OtherArea": 0, "AreaSource": "2", "NumBldgs": 1, "NumFloors": 2.0, "UnitsRes": 1, "UnitsTotal": 1, "LotFront": 50.0, "LotDepth": 100.0, "BldgFront": 20.0, "BldgDepth": 32.0, "Ext": "N", "ProxCode": "1", "IrrLotCode": "N", "LotType": "5", "BsmtCode": "1", "AssessLand": 12360.0, "AssessTot": 52680.0, "ExemptTot": 0.0, "YearBuilt": 1930, "YearAlter1": 1995, "YearAlter2": 0, "HistDist": null, "Landmark": null, "BuiltFAR": 0.37, "ResidFAR": 0.0, "CommFAR": 1.0, "FacilFAR": 2.4, "BoroCode": 2, "BBL": 2052450025.0, "CondoNo": 0, "Tract2010": "046201", "XCoord": 1031979, "YCoord": 260275, "ZoneMap": "2b", "ZMCode": null, "Sanborn": "222 071", "TaxMap": "21710", "EDesigNum": null, "APPBBL": 0.0, "APPDate": null, "PLUTOMapID": "1", "FIRM07_FLA": null, "PFIRM15_FL": null, "Version": "25v4", "DCPEdited": null, "Latitude": 40.8809398, "Longitude": -73.8273991, "Notes": null, "Shape_Leng": 0.0, "Shape_Area": 4957.2224397 }, "geometry": { "type": "MultiPolygon", "coordinates": [ [ [ [ -73.82760269831418, 40.880945675531613 ], [ -73.827261087958703, 40.881058254022776 ], [ -73.827193774486844, 40.880936264606866 ], [ -73.827534725396291, 40.880823905097245 ], [ -73.827567429268257, 40.880882492182572 ], [ -73.82760269831418, 40.880945675531613 ] ] ] ] } },
{ "type": "Feature", "properties": { "Borough": "BX", "Block": 5245, "Lot": 27, "CD": 210, "BCT2020": "2046203", "BCTCB2020": "20462033009", "CT2010": "462.01", "CB2010": "1021", "SchoolDist": "11", "Council": 12, "ZipCode": 10475, "FireComp": "E066", "PolicePrct": 45, "HealthCent": 24, "HealthArea": 710, "Sanitboro": "2", "SanitDistr": "10", "SanitSub": "1D", "Address": "3309 DE LAVALL AVENUE", "ZoneDist1": "M1-1", "ZoneDist2": null, "ZoneDist3": null, "ZoneDist4": null, "Overlay1": null, "Overlay2": null, "SPDist1": null, "SPDist2": null, "SPDist3": null, "LtdHeight": null, "SplitZone": "N", "BldgClass": "G7", "LandUse": "10", "Easements": 0, "OwnerType": null, "OwnerName": "PUCCIO PROPERTIES OF NEW YORK, INC", "LotArea": 5250, "BldgArea": 0, "ComArea": 0, "ResArea": 0, "OfficeArea": 0, "RetailArea": 0, "GarageArea": 0, "StrgeArea": 0, "FactryArea": 0, "OtherArea": 0, "AreaSource": "7", "NumBldgs": 1, "NumFloors": 0.0, "UnitsRes": 0, "UnitsTotal": 0, "LotFront": 52.5, "LotDepth": 100.0, "BldgFront": 0.0, "BldgDepth": 0.0, "Ext": null, "ProxCode": "0", "IrrLotCode": "N", "LotType": "5", "BsmtCode": "5", "AssessLand": 87300.0, "AssessTot": 87300.0, "ExemptTot": 0.0, "YearBuilt": 0, "YearAlter1": 0, "YearAlter2": 0, "HistDist": null, "Landmark": null, "BuiltFAR": 0.0, "ResidFAR": 0.0, "CommFAR": 1.0, "FacilFAR": 2.4, "BoroCode": 2, "BBL": 2052450027.0, "CondoNo": 0, "Tract2010": "046201", "XCoord": 1031999, "YCoord": 260229, "ZoneMap": "2b", "ZMCode": null, "Sanborn": "222 071", "TaxMap": "21710", "EDesigNum": null, "APPBBL": 0.0, "APPDate": null, "PLUTOMapID": "1", "FIRM07_FLA": null, "PFIRM15_FL": null, "Version": "25v4", "DCPEdited": null, "Latitude": 40.8808135, "Longitude": -73.8273271, "Notes": null, "Shape_Leng": 0.0, "Shape_Area": 5441.9069597999996 }, "geometry": { "type": "MultiPolygon", "coordinates": [ [ [ [ -73.827534725396291, 40.880823905097245 ], [ -73.827193774486844, 40.880936264606866 ], [ -73.827119730316141, 40.880802077003771 ], [ -73.827459953891875, 40.880689955217051 ], [ -73.82746418762909, 40.880697537339557 ], [ -73.827496039989299, 40.8807546031802 ], [ -73.827524289304208, 40.880805209695247 ], [ -73.827534725396291, 40.880823905097245 ] ] ] ] } },
{ "type": "Feature", "properties": { "Borough": "BX", "Block": 5245, "Lot": 31, "CD": 210, "BCT2020": "2046203", "BCTCB2020": "20462033009", "CT2010": "462.01", "CB2010": "1021", "SchoolDist": "11", "Council": 12, "ZipCode": 10475, "FireComp": "E066", "PolicePrct": 45, "HealthCent": 24, "HealthArea": 710, "Sanitboro": "2", "SanitDistr": "10", "SanitSub": "1D", "Address": "2255 GIVAN AVENUE", "ZoneDist1": "M1-1", "ZoneDist2": null, "ZoneDist3": null, "ZoneDist4": null, "Overlay1": null, "Overlay2": null, "SPDist1": null, "SPDist2": null, "SPDist3": null, "LtdHeight": null, "SplitZone": "N", "BldgClass": "G2", "LandUse": "07", "Easements": 0, "OwnerType": null, "OwnerName": "GIVAN AVENUE REALTY LLC", "LotArea": 4750, "BldgArea": 4700, "ComArea": 4700, "ResArea": 0, "OfficeArea": 250, "RetailArea": 0, "GarageArea": 0, "StrgeArea": 0, "FactryArea": 0, "OtherArea": 4450, "AreaSource": "2", "NumBldgs": 1, "NumFloors": 1.0, "UnitsRes": 0, "UnitsTotal": 4, "LotFront": 100.0, "LotDepth": 47.42, "BldgFront": 100.0, "BldgDepth": 47.42, "Ext": "N", "ProxCode": "0", "IrrLotCode": "N", "LotType": "5", "BsmtCode": "0", "AssessLand": 42750.0, "AssessTot": 137250.0, "ExemptTot": 0.0, "YearBuilt": 1953, "YearAlter1": 0, "YearAlter2": 0, "HistDist": null, "Landmark": null, "BuiltFAR": 0.99, "ResidFAR": 0.0, "CommFAR": 1.0, "FacilFAR": 2.4, "BoroCode": 2, "BBL": 2052450031.0, "CondoNo": 0, "Tract2010": "046201", "XCoord": 1032019, "YCoord": 260181, "ZoneMap": "2b", "ZMCode": null, "Sanborn": "222 071", "TaxMap": "21710", "EDesigNum": null, "APPBBL": 0.0, "APPDate": null, "PLUTOMapID": "1", "FIRM07_FLA": null, "PFIRM15_FL": null, "Version": "25v4", "DCPEdited": null, "Latitude": 40.8806816, "Longitude": -73.8272551, "Notes": null, "Shape_Leng": 0.0, "Shape_Area": 5108.974605 }, "geometry": { "type": "MultiPolygon", "coordinates": [ [ [ [ -73.827389613673944, 40.880563940745269 ], [ -73.827459953891875, 40.880689955217051 ], [ -73.827119730316141, 40.880802077003771 ], [ -73.827050072174217, 40.880675836384768 ], [ -73.827389613673944, 40.880563940745269 ] ] ] ] } },
{ "type": "Feature", "properties": { "Borough": "BX", "Block": 5246, "Lot": 10, "CD": 210, "BCT2020": "2046203", "BCTCB2020": "20462033008", "CT2010": "462.01", "CB2010": "1015", "SchoolDist": "11", "Council": 12, "ZipCode": 10475, "FireComp": "E066", "PolicePrct": 45, "HealthCent": 24, "HealthArea": 710, "Sanitboro": "2", "SanitDistr": "10", "SanitSub": "1D", "Address": "3327 MERRITT AVENUE", "ZoneDist1": "M1-1", "ZoneDist2": null, "ZoneDist3": null, "ZoneDist4": null, "Overlay1": null, "Overlay2": null, "SPDist1": null, "SPDist2": null, "SPDist3": null, "LtdHeight": null, "SplitZone": "N", "BldgClass": "G2", "LandUse": "07", "Easements": 0, "OwnerType": null, "OwnerName": "MERR-TILL, LLC", "LotArea": 9880, "BldgArea": 11056, "ComArea": 11056, "ResArea": 0, "OfficeArea": 1176, "RetailArea": 0, "GarageArea": 4940, "StrgeArea": 4940, "FactryArea": 0, "OtherArea": 0, "AreaSource": "2", "NumBldgs": 1, "NumFloors": 1.0, "UnitsRes": 0, "UnitsTotal": 2, "LotFront": 98.67, "LotDepth": 100.0, "BldgFront": 98.8, "BldgDepth": 100.0, "Ext": "N", "ProxCode": "0", "IrrLotCode": "N", "LotType": "5", "BsmtCode": "0", "AssessLand": 72900.0, "AssessTot": 310950.0, "ExemptTot": 0.0, "YearBuilt": 1959, "YearAlter1": 0, "YearAlter2": 0, "HistDist": null, "Landmark": null, "BuiltFAR": 1.12, "ResidFAR": 0.0, "CommFAR": 1.0, "FacilFAR": 2.4, "BoroCode": 2, "BBL": 2052460010.0, "CondoNo": 0, "Tract2010": "046201", "XCoord": 1032100, "YCoord": 260653, "ZoneMap": "2b", "ZMCode": null, "Sanborn": "222 071", "TaxMap": "21710", "EDesigNum": null, "APPBBL": 0.0, "APPDate": null, "PLUTOMapID": "1", "FIRM07_FLA": null, "PFIRM15_FL": null, "Version": "25v4", "DCPEdited": null, "Latitude": 40.8819767, "Longitude": -73.8269588, "Notes": null, "Shape_Leng": 0.0, "Shape_Area": 9774.7859112999995 }, "geometry": { "type": "MultiPolygon", "coordinates": [ [ [ [ -73.826723657808657, 40.88191080208653 ], [ -73.827054095402644, 40.881799826559771 ], [ -73.82712352877536, 40.881923054686744 ], [ -73.827193209274455, 40.882046721676709 ], [ -73.827028134421781, 40.882102160361285 ], [ -73.826862770690283, 40.882157695671303 ], [ -73.826723657808657, 40.88191080208653 ] ] ] ] } },
{ "type": "Feature", "properties": { "Borough": "BX", "Block": 5246, "Lot": 22, "CD": 210, "BCT2020": "2046203", "BCTCB2020": "20462033008", "CT2010": "462.01", "CB2010": "1015", "SchoolDist": "11", "Council": 12, "ZipCode": 10475, "FireComp": "E066", "PolicePrct": 45, "HealthCent": 24, "HealthArea": 710, "Sanitboro": "2", "SanitDistr": "10", "SanitSub": "1D", "Address": "3301 MERRITT AVENUE", "ZoneDist1": "M1-1", "ZoneDist2": null, "ZoneDist3": null, "ZoneDist4": null, "Overlay1": null, "Overlay2": null, "SPDist1": null, "SPDist2": null, "SPDist3": null, "LtdHeight": null, "SplitZone": "N", "BldgClass": "E1", "LandUse": "06", "Easements": 0, "OwnerType": null, "OwnerName": "JOSEPH DEDONA III, TRUSTEE", "LotArea": 7500, "BldgArea": 9000, "ComArea": 1500, "ResArea": 0, "OfficeArea": 1500, "RetailArea": 0, "GarageArea": 0, "StrgeArea": 0, "FactryArea": 0, "OtherArea": 0, "AreaSource": "2", "NumBldgs": 1, "NumFloors": 1.0, "UnitsRes": 0, "UnitsTotal": 1, "LotFront": 75.0, "LotDepth": 100.0, "BldgFront": 75.0, "BldgDepth": 100.0, "Ext": "N", "ProxCode": "0", "IrrLotCode": "N", "LotType": "5", "BsmtCode": "0", "AssessLand": 67500.0, "AssessTot": 369450.0, "ExemptTot": 0.0, "YearBuilt": 1985, "YearAlter1": 0, "YearAlter2": 0, "HistDist": null, "Landmark": null, "BuiltFAR": 1.2, "ResidFAR": 0.0, "CommFAR": 1.0, "FacilFAR": 2.4, "BoroCode": 2, "BBL": 2052460022.0, "CondoNo": 0, "Tract2010": "046201", "XCoord": 1032215, "YCoord": 260386, "ZoneMap": "2b", "ZMCode": null, "Sanborn": "222 071", "TaxMap": "21710", "EDesigNum": null, "APPBBL": 0.0, "APPDate": null, "PLUTOMapID": "1", "FIRM07_FLA": null, "PFIRM15_FL": null, "Version": "25v4", "DCPEdited": null, "Latitude": 40.8812432, "Longitude": -73.8265449, "Notes": null, "Shape_Leng": 0.0, "Shape_Area": 7828.3125249000004 }, "geometry": { "type": "MultiPolygon", "coordinates": [ [ [ [ -73.826323775216736, 40.881201083573764 ], [ -73.826654211155741, 40.881090111019908 ], [ -73.826765619781085, 40.881287840545589 ], [ -73.826435184253185, 40.881398814336052 ], [ -73.826323775216736, 40.881201083573764 ] ] ] ] } },
{ "type": "Feature", "properties": { "Borough": "BX", "Block": 5246, "Lot": 30, "CD": 210, "BCT2020": "2046203", "BCTCB2020": "20462033008", "CT2010": "462.01", "CB2010": "1015", "SchoolDist": "11", "Council": 12, "ZipCode": 10475, "FireComp": "E066", "PolicePrct": 45, "HealthCent": 24, "HealthArea": 710, "Sanitboro": "2", "SanitDistr": "10", "SanitSub": "1D", "Address": "2267 GIVAN AVENUE", "ZoneDist1": "M1-1", "ZoneDist2": null, "ZoneDist3": null, "ZoneDist4": null, "Overlay1": null, "Overlay2": null, "SPDist1": null, "SPDist2": null, "SPDist3": null, "LtdHeight": null, "SplitZone": "N", "BldgClass": "G2", "LandUse": "07", "Easements": 0, "OwnerType": null, "OwnerName": "LIVINGSTON SATCHELL", "LotArea": 7500, "BldgArea": 4155, "ComArea": 2625, "ResArea": 1530, "OfficeArea": 0, "RetailArea": 0, "GarageArea": 2625, "StrgeArea": 0, "FactryArea": 0, "OtherArea": 0, "AreaSource": "2", "NumBldgs": 2, "NumFloors": 1.0, "UnitsRes": 1, "UnitsTotal": 3, "LotFront": 75.0, "LotDepth": 100.0, "BldgFront": 35.0, "BldgDepth": 75.0, "Ext": "N", "ProxCode": "0", "IrrLotCode": "N", "LotType": "3", "BsmtCode": "0", "AssessLand": 44100.0, "AssessTot": 142650.0, "ExemptTot": 0.0, "YearBuilt": 1978, "YearAlter1": 0, "YearAlter2": 0, "HistDist": null, "Landmark": null, "BuiltFAR": 0.55, "ResidFAR": 0.0, "CommFAR": 1.0, "FacilFAR": 2.4, "BoroCode": 2, "BBL": 2052460029.9999998, "CondoNo": 0, "Tract2010": "046201", "XCoord": 1032161, "YCoord": 260257, "ZoneMap": "2b", "ZMCode": null, "Sanborn": "222 071", "TaxMap": "21710", "EDesigNum": null, "APPBBL": 0.0, "APPDate": null, "PLUTOMapID": "1", "FIRM07_FLA": null, "PFIRM15_FL": null, "Version": "25v4", "DCPEdited": null, "Latitude": 40.8808894, "Longitude": -73.8267411, "Notes": null, "Shape_Leng": 0.0, "Shape_Area": 7740.3169215999997 }, "geometry": { "type": "MultiPolygon", "coordinates": [ [ [ [ -73.826516997832641, 40.880846581474771 ], [ -73.826849781672806, 40.88073661780026 ], [ -73.82695885920684, 40.880930603025156 ], [ -73.826627112521052, 40.881042017454696 ], [ -73.826516997832641, 40.880846581474771 ] ] ] ] } },
{ "type": "Feature", "properties": { "Borough": "BX", "Block": 5246, "Lot": 45, "CD": 210, "BCT2020": "2046203", "BCTCB2020": "20462033008", "CT2010": "462.01", "CB2010": "1015", "SchoolDist": "11", "Council": 12, "ZipCode": 10475, "FireComp": "E066", "PolicePrct": 45, "HealthCent": 24, "HealthArea": 710, "Sanitboro": "2", "SanitDistr": "10", "SanitSub": "1D", "Address": "3330 DE LAVALL AVENUE", "ZoneDist1": "M1-1", "ZoneDist2": null, "ZoneDist3": null, "ZoneDist4": null, "Overlay1": null, "Overlay2": null, "SPDist1": null, "SPDist2": null, "SPDist3": null, "LtdHeight": null, "SplitZone": "N", "BldgClass": "E1", "LandUse": "06", "Easements": 0, "OwnerType": null, "OwnerName": "DRC MANAGEMENT LLC", "LotArea": 8117, "BldgArea": 5900, "ComArea": 3550, "ResArea": 0, "OfficeArea": 0, "RetailArea": 2350, "GarageArea": 1200, "StrgeArea": 0, "FactryArea": 0, "OtherArea": 0, "AreaSource": "2", "NumBldgs": 2, "NumFloors": 1.0, "UnitsRes": 0, "UnitsTotal": 2, "LotFront": 81.17, "LotDepth": 100.0, "BldgFront": 30.0, "BldgDepth": 40.0, "Ext": "N", "ProxCode": "0", "IrrLotCode": "N", "LotType": "5", "BsmtCode": "0", "AssessLand": 43650.0, "AssessTot": 426150.0, "ExemptTot": 0.0, "YearBuilt": 1953, "YearAlter1": 1972, "YearAlter2": 0, "HistDist": null, "Landmark": null, "BuiltFAR": 0.73, "ResidFAR": 0.0, "CommFAR": 1.0, "FacilFAR": 2.4, "BoroCode": 2, "BBL": 2052460045.0000002, "CondoNo": 0, "Tract2010": "046201", "XCoord": 1032024, "YCoord": 260575, "ZoneMap": "2b", "ZMCode": null, "Sanborn": "222 071", "TaxMap": "21710", "EDesigNum": null, "APPBBL": 0.0, "APPDate": null, "PLUTOMapID": "1", "FIRM07_FLA": null, "PFIRM15_FL": null, "Version": "25v4", "DCPEdited": null, "Latitude": 40.881763, "Longitude": -73.8272342, "Notes": null, "Shape_Leng": 0.0, "Shape_Area": 8248.2214212 }, "geometry": { "type": "MultiPolygon", "coordinates": [ [ [ [ -73.827054095402644, 40.881799826559771 ], [ -73.827006765729578, 40.881715827269716 ], [ -73.827337864468191, 40.881604629557039 ], [ -73.827455276789706, 40.881813434410574 ], [ -73.82712352877536, 40.881923054686744 ], [ -73.827054095402644, 40.881799826559771 ] ] ] ] } },
{ "type": "Feature", "properties": { "Borough": "BX", "Block": 5250, "Lot": 1, "CD": 210, "BCT2020": "2046203", "BCTCB2020": "20462033006", "CT2010": "462.01", "CB2010": "1011", "SchoolDist": "11", "Council": 12, "ZipCode": 10475, "FireComp": "E066", "PolicePrct": 45, "HealthCent": 24, "HealthArea": 710, "Sanitboro": "2", "SanitDistr": "10", "SanitSub": "1D", "Address": "2284 TILLOTSON AVENUE", "ZoneDist1": "M1-1", "ZoneDist2": null, "ZoneDist3": null, "ZoneDist4": null, "Overlay1": null, "Overlay2": null, "SPDist1": null, "SPDist2": null, "SPDist3": null, "LtdHeight": null, "SplitZone": "N", "BldgClass": "G3", "LandUse": "07", "Easements": 0, "OwnerType": null, "OwnerName": "ROSEANNA FRANGELICACORP.", "LotArea": 15000, "BldgArea": 2305, "ComArea": 2305, "ResArea": 0, "OfficeArea": 209, "RetailArea": 1226, "GarageArea": 870, "StrgeArea": 0, "FactryArea": 0, "OtherArea": 0, "AreaSource": "2", "NumBldgs": 1, "NumFloors": 1.0, "UnitsRes": 0, "UnitsTotal": 1, "LotFront": 150.0, "LotDepth": 100.0, "BldgFront": 63.0, "BldgDepth": 29.0, "Ext": "E", "ProxCode": "0", "IrrLotCode": "N", "LotType": "3", "BsmtCode": "0", "AssessLand": 76500.0, "AssessTot": 656100.0, "ExemptTot": 0.0, "YearBuilt": 1954, "YearAlter1": 0, "YearAlter2": 2022, "HistDist": null, "Landmark": null, "BuiltFAR": 0.15, "ResidFAR": 0.0, "CommFAR": 1.0, "FacilFAR": 2.4, "BoroCode": 2, "BBL": 2052500001.0, "CondoNo": 0, "Tract2010": "046201", "XCoord": 1032231, "YCoord": 260814, "ZoneMap": "2b", "ZMCode": null, "Sanborn": "222 072", "TaxMap": "21710", "EDesigNum": null, "APPBBL": 0.0, "APPDate": null, "PLUTOMapID": "1", "FIRM07_FLA": null, "PFIRM15_FL": null, "Version": "25v4", "DCPEdited": null, "Latitude": 40.8824179, "Longitude": -73.8264839, "Notes": null, "Shape_Leng": 0.0, "Shape_Area": 15367.7365226 }, "geometry": { "type": "MultiPolygon", "coordinates": [ [ [ [ -73.826666331216231, 40.882208140419408 ], [ -73.826810404395005, 40.882459889774616 ], [ -73.826301487890092, 40.88262936529793 ], [ -73.826157415170357, 40.882377614392631 ], [ -73.826329523704516, 40.882320301886914 ], [ -73.826666331216231, 40.882208140419408 ] ] ] ] } },
{ "type": "Feature", "properties": { "Borough": "BX", "Block": 5250, "Lot": 8, "CD": 210, "BCT2020": "2046203", "BCTCB2020": "20462033006", "CT2010": "462.01", "CB2010": "1011", "SchoolDist": "11", "Council": 12, "ZipCode": 10475, "FireComp": "E066", "PolicePrct": 45, "HealthCent": 24, "HealthArea": 710, "Sanitboro": "2", "SanitDistr": "10", "SanitSub": "1D", "Address": "2300 TILLOTSON AVENUE", "ZoneDist1": "M1-1", "ZoneDist2": null, "ZoneDist3": null, "ZoneDist4": null, "Overlay1": null, "Overlay2": null, "SPDist1": null, "SPDist2": null, "SPDist3": null, "LtdHeight": null, "SplitZone": "N", "BldgClass": "S1", "LandUse": "04", "Easements": 0, "OwnerType": null, "OwnerName": "PENNY, EDWARD J", "LotArea": 5000, "BldgArea": 1650, "ComArea": 700, "ResArea": 950, "OfficeArea": 0, "RetailArea": 0, "GarageArea": 0, "StrgeArea": 0, "FactryArea": 700, "OtherArea": 0, "AreaSource": "2", "NumBldgs": 2, "NumFloors": 1.0, "UnitsRes": 1, "UnitsTotal": 2, "LotFront": 50.0, "LotDepth": 100.0, "BldgFront": 20.0, "BldgDepth": 45.0, "Ext": "G", "ProxCode": "0", "IrrLotCode": "N", "LotType": "3", "BsmtCode": "5", "AssessLand": 9600.0, "AssessTot": 47700.0, "ExemptTot": 13833.0, "YearBuilt": 1931, "YearAlter1": 0, "YearAlter2": 0, "HistDist": null, "Landmark": null, "BuiltFAR": 0.33, "ResidFAR": 0.0, "CommFAR": 1.0, "FacilFAR": 2.4, "BoroCode": 2, "BBL": 2052500007.9999998, "CondoNo": 0, "Tract2010": "046201", "XCoord": 1032324, "YCoord": 260855, "ZoneMap": "2b", "ZMCode": null, "Sanborn": "222 072", "TaxMap": "21710", "EDesigNum": null, "APPBBL": 0.0, "APPDate": null, "PLUTOMapID": "1", "FIRM07_FLA": null, "PFIRM15_FL": null, "Version": "25v4", "DCPEdited": null, "Latitude": 40.8825299, "Longitude": -73.8261473, "Notes": null, "Shape_Leng": 0.0, "Shape_Area": 5000.0385712999996 }, "geometry": { "type": "MultiPolygon", "coordinates": [ [ [ [ -73.825991835127013, 40.882432753761265 ], [ -73.826157415170357, 40.882377614392631 ], [ -73.826301487890092, 40.88262936529793 ], [ -73.826135906235464, 40.882684504867555 ], [ -73.825991835127013, 40.882432753761265 ] ] ] ] } },
{ "type": "Feature", "properties": { "Borough": "BX", "Block": 5250, "Lot": 11, "CD": 210, "BCT2020": "2046203", "BCTCB2020": "20462033006", "CT2010": "462.01", "CB2010": "1011", "SchoolDist": "11", "Council": 12, "ZipCode": 10475, "FireComp": "E066", "PolicePrct": 45, "HealthCent": 24, "HealthArea": 710, "Sanitboro": "2", "SanitDistr": "10", "SanitSub": "1D", "Address": "3343 PROVOST AVENUE", "ZoneDist1": "M1-1", "ZoneDist2": null, "ZoneDist3": null, "ZoneDist4": null, "Overlay1": null, "Overlay2": null, "SPDist1": null, "SPDist2": null, "SPDist3": null, "LtdHeight": null, "SplitZone": "N", "BldgClass": "V1", "LandUse": "11", "Easements": 0, "OwnerType": null, "OwnerName": "PROVOST, LLC", "LotArea": 5000, "BldgArea": 0, "ComArea": 0, "ResArea": 0, "OfficeArea": 0, "RetailArea": 0, "GarageArea": 0, "StrgeArea": 0, "FactryArea": 0, "OtherArea": 0, "AreaSource": "7", "NumBldgs": 1, "NumFloors": 0.0, "UnitsRes": 0, "UnitsTotal": 0, "LotFront": 50.0, "LotDepth": 100.0, "BldgFront": 0.0, "BldgDepth": 0.0, "Ext": null, "ProxCode": "0", "IrrLotCode": "N", "LotType": "5", "BsmtCode": "5", "AssessLand": 87750.0, "AssessTot": 87750.0, "ExemptTot": 0.0, "YearBuilt": 0, "YearAlter1": 0, "YearAlter2": 0, "HistDist": null, "Landmark": null, "BuiltFAR": 0.0, "ResidFAR": 0.0, "CommFAR": 1.0, "FacilFAR": 2.4, "BoroCode": 2, "BBL": 2052500011.0, "CondoNo": 0, "Tract2010": "046201", "XCoord": 1032330, "YCoord": 260776, "ZoneMap": "2b", "ZMCode": null, "Sanborn": "222 072", "TaxMap": "21710", "EDesigNum": null, "APPBBL": 0.0, "APPDate": null, "PLUTOMapID": "1", "FIRM07_FLA": null, "PFIRM15_FL": null, "Version": "25v4", "DCPEdited": null, "Latitude": 40.882313, "Longitude": -73.8261262, "Notes": null, "Shape_Leng": 0.0, "Shape_Area": 5098.5509444999998 }, "geometry": { "type": "MultiPolygon", "coordinates": [ [ [ [ -73.82625748804179, 40.88219442651134 ], [ -73.826329523704516, 40.882320301886914 ], [ -73.826157415170357, 40.882377614392631 ], [ -73.825991835127013, 40.882432753761265 ], [ -73.825919801190295, 40.882306879015758 ], [ -73.82625748804179, 40.88219442651134 ] ] ] ] } },
{ "type": "Feature", "properties": { "Borough": "BX", "Block": 5250, "Lot": 15, "CD": 210, "BCT2020": "2046203", "BCTCB2020": "20462033006", "CT2010": "462.01", "CB2010": "1011", "SchoolDist": "11", "Council": 12, "ZipCode": 10475, "FireComp": "E066", "PolicePrct": 45, "HealthCent": 24, "HealthArea": 710, "Sanitboro": "2", "SanitDistr": "10", "SanitSub": "1D", "Address": "PROVOST AVENUE", "ZoneDist1": "M1-1", "ZoneDist2": null, "ZoneDist3": null, "ZoneDist4": null, "Overlay1": null, "Overlay2": null, "SPDist1": null, "SPDist2": null, "SPDist3": null, "LtdHeight": null, "SplitZone": "N", "BldgClass": "V1", "LandUse": "11", "Easements": 0, "OwnerType": null, "OwnerName": "PROVOST, LLC", "LotArea": 5000, "BldgArea": 0, "ComArea": 0, "ResArea": 0, "OfficeArea": 0, "RetailArea": 0, "GarageArea": 0, "StrgeArea": 0, "FactryArea": 0, "OtherArea": 0, "AreaSource": "7", "NumBldgs": 0, "NumFloors": 0.0, "UnitsRes": 0, "UnitsTotal": 0, "LotFront": 50.0, "LotDepth": 100.0, "BldgFront": 0.0, "BldgDepth": 0.0, "Ext": null, "ProxCode": "0", "IrrLotCode": "N", "LotType": "5", "BsmtCode": "5", "AssessLand": 87750.0, "AssessTot": 87750.0, "ExemptTot": 0.0, "YearBuilt": 0, "YearAlter1": 0, "YearAlter2": 0, "HistDist": null, "Landmark": null, "BuiltFAR": 0.0, "ResidFAR": 0.0, "CommFAR": 1.0, "FacilFAR": 2.4, "BoroCode": 2, "BBL": 2052500015.0, "CondoNo": 0, "Tract2010": "046201", "XCoord": 1032370, "YCoord": 260684, "ZoneMap": "2b", "ZMCode": null, "Sanborn": "222 072", "TaxMap": "21710", "EDesigNum": null, "APPBBL": 0.0, "APPDate": null, "PLUTOMapID": "1", "FIRM07_FLA": null, "PFIRM15_FL": null, "Version": "25v4", "DCPEdited": null, "Latitude": 40.8820603, "Longitude": -73.8259822, "Notes": null, "Shape_Leng": 0.0, "Shape_Area": 5098.5667567 }, "geometry": { "type": "MultiPolygon", "coordinates": [ [ [ [ -73.826185451546124, 40.882068551922558 ], [ -73.825847765213993, 40.882181004220278 ], [ -73.825775730614609, 40.882055128541069 ], [ -73.826113417639149, 40.881942677290795 ], [ -73.826182557894995, 40.882063493997492 ], [ -73.826185451546124, 40.882068551922558 ] ] ] ] } },
{ "type": "Feature", "properties": { "Borough": "BX", "Block": 5250, "Lot": 17, "CD": 210, "BCT2020": "2046203", "BCTCB2020": "20462033006", "CT2010": "462.01", "CB2010": "1011", "SchoolDist": "11", "Council": 12, "ZipCode": 10475, "FireComp": "E066", "PolicePrct": 45, "HealthCent": 24, "HealthArea": 710, "Sanitboro": "2", "SanitDistr": "10", "SanitSub": "1D", "Address": "3329 PROVOST AVENUE", "ZoneDist1": "M1-1", "ZoneDist2": null, "ZoneDist3": null, "ZoneDist4": null, "Overlay1": null, "Overlay2": null, "SPDist1": null, "SPDist2": null, "SPDist3": null, "LtdHeight": null, "SplitZone": "N", "BldgClass": "V1", "LandUse": "11", "Easements": 0, "OwnerType": null, "OwnerName": "G.B. RUSSO CORP.", "LotArea": 10000, "BldgArea": 0, "ComArea": 0, "ResArea": 0, "OfficeArea": 0, "RetailArea": 0, "GarageArea": 0, "StrgeArea": 0, "FactryArea": 0, "OtherArea": 0, "AreaSource": "7", "NumBldgs": 1, "NumFloors": 0.0, "UnitsRes": 0, "UnitsTotal": 0, "LotFront": 100.0, "LotDepth": 100.0, "BldgFront": 0.0, "BldgDepth": 0.0, "Ext": null, "ProxCode": "0", "IrrLotCode": "N", "LotType": "5", "BsmtCode": "5", "AssessLand": 182250.0, "AssessTot": 182250.0, "ExemptTot": 0.0, "YearBuilt": 0, "YearAlter1": 0, "YearAlter2": 0, "HistDist": null, "Landmark": null, "BuiltFAR": 0.0, "ResidFAR": 0.0, "CommFAR": 1.0, "FacilFAR": 2.4, "BoroCode": 2, "BBL": 2052500017.0, "CondoNo": 0, "Tract2010": "046201", "XCoord": 1032400, "YCoord": 260616, "ZoneMap": "2b", "ZMCode": null, "Sanborn": "222 072", "TaxMap": "21710", "EDesigNum": null, "APPBBL": 0.0, "APPDate": null, "PLUTOMapID": "1", "FIRM07_FLA": null, "PFIRM15_FL": null, "Version": "25v4", "DCPEdited": null, "Latitude": 40.8818735, "Longitude": -73.8258742, "Notes": null, "Shape_Leng": 0.0, "Shape_Area": 10197.1811179 }, "geometry": { "type": "MultiPolygon", "coordinates": [ [ [ [ -73.826113417639149, 40.881942677290795 ], [ -73.825775730614609, 40.882055128541069 ], [ -73.82563166223072, 40.881803377793062 ], [ -73.825969348222159, 40.881690926121259 ], [ -73.826041384007226, 40.881816801773631 ], [ -73.826113417639149, 40.881942677290795 ] ] ] ] } },
{ "type": "Feature", "properties": { "Borough": "BX", "Block": 5250, "Lot": 46, "CD": 210, "BCT2020": "2046203", "BCTCB2020": "20462033006", "CT2010": "462.01", "CB2010": "1011", "SchoolDist": "11", "Council": 12, "ZipCode": 10475, "FireComp": "E066", "PolicePrct": 45, "HealthCent": 24, "HealthArea": 710, "Sanitboro": "2", "SanitDistr": "10", "SanitSub": "1D", "Address": "MERRITT AVENUE", "ZoneDist1": "M1-1", "ZoneDist2": null, "ZoneDist3": null, "ZoneDist4": null, "Overlay1": null, "Overlay2": null, "SPDist1": null, "SPDist2": null, "SPDist3": null, "LtdHeight": null, "SplitZone": "N", "BldgClass": "V1", "LandUse": "11", "Easements": 0, "OwnerType": null, "OwnerName": "G.B. RUSSO CORP.", "LotArea": 10000, "BldgArea": 0, "ComArea": 0, "ResArea": 0, "OfficeArea": 0, "RetailArea": 0, "GarageArea": 0, "StrgeArea": 0, "FactryArea": 0, "OtherArea": 0, "AreaSource": "7", "NumBldgs": 0, "NumFloors": 0.0, "UnitsRes": 0, "UnitsTotal": 0, "LotFront": 100.0, "LotDepth": 100.0, "BldgFront": 0.0, "BldgDepth": 0.0, "Ext": null, "ProxCode": "0", "IrrLotCode": "N", "LotType": "5", "BsmtCode": "5", "AssessLand": 185850.0, "AssessTot": 185850.0, "ExemptTot": 0.0, "YearBuilt": 0, "YearAlter1": 0, "YearAlter2": 0, "HistDist": null, "Landmark": null, "BuiltFAR": 0.0, "ResidFAR": 0.0, "CommFAR": 1.0, "FacilFAR": 2.4, "BoroCode": 2, "BBL": 2052500045.9999998, "CondoNo": 0, "Tract2010": "046201", "XCoord": 1032326, "YCoord": 260530, "ZoneMap": "2b", "ZMCode": null, "Sanborn": "222 072", "TaxMap": "21710", "EDesigNum": null, "APPBBL": 0.0, "APPDate": null, "PLUTOMapID": "1", "FIRM07_FLA": null, "PFIRM15_FL": null, "Version": "25v4", "DCPEdited": null, "Latitude": 40.8816378, "Longitude": -73.8261424, "Notes": null, "Shape_Leng": 0.0, "Shape_Area": 9768.945602 }, "geometry": { "type": "MultiPolygon", "coordinates": [ [ [ [ -73.826378189449869, 40.881704641972348 ], [ -73.826041384007226, 40.881816801773631 ], [ -73.825969348222159, 40.881690926121259 ], [ -73.825903004261079, 40.881574994140166 ], [ -73.826239809817679, 40.881462833904131 ], [ -73.826378189449869, 40.881704641972348 ] ] ] ] } },
{ "type": "Feature", "properties": { "Borough": "BX", "Block": 5250, "Lot": 51, "CD": 210, "BCT2020": "2046203", "BCTCB2020": "20462033006", "CT2010": "462.01", "CB2010": "1011", "SchoolDist": "11", "Council": 12, "ZipCode": 10475, "FireComp": "E066", "PolicePrct": 45, "HealthCent": 24, "HealthArea": 710, "Sanitboro": "2", "SanitDistr": "10", "SanitSub": "1D", "Address": "3324 MERRITT AVENUE", "ZoneDist1": "M1-1", "ZoneDist2": null, "ZoneDist3": null, "ZoneDist4": null, "Overlay1": null, "Overlay2": null, "SPDist1": null, "SPDist2": null, "SPDist3": null, "LtdHeight": null, "SplitZone": "N", "BldgClass": "G7", "LandUse": "10", "Easements": 0, "OwnerType": null, "OwnerName": "G.B. RUSSO CORP.", "LotArea": 10000, "BldgArea": 0, "ComArea": 0, "ResArea": 0, "OfficeArea": 0, "RetailArea": 0, "GarageArea": 0, "StrgeArea": 0, "FactryArea": 0, "OtherArea": 0, "AreaSource": "7", "NumBldgs": 1, "NumFloors": 0.0, "UnitsRes": 0, "UnitsTotal": 0, "LotFront": 100.0, "LotDepth": 100.0, "BldgFront": 0.0, "BldgDepth": 0.0, "Ext": null, "ProxCode": "0", "IrrLotCode": "N", "LotType": "5", "BsmtCode": "5", "AssessLand": 182250.0, "AssessTot": 182250.0, "ExemptTot": 0.0, "YearBuilt": 0, "YearAlter1": 0, "YearAlter2": 0, "HistDist": null, "Landmark": null, "BuiltFAR": 0.0, "ResidFAR": 0.0, "CommFAR": 1.0, "FacilFAR": 2.4, "BoroCode": 2, "BBL": 2052500050.9999998, "CondoNo": 0, "Tract2010": "046201", "XCoord": 1032287, "YCoord": 260619, "ZoneMap": "2b", "ZMCode": null, "Sanborn": "222 072", "TaxMap": "21710", "EDesigNum": null, "APPBBL": 2052500050.9999998, "APPDate": "09/06/2005", "PLUTOMapID": "1", "FIRM07_FLA": null, "PFIRM15_FL": null, "Version": "25v4", "DCPEdited": null, "Latitude": 40.8818823, "Longitude": -73.8262828, "Notes": null, "Shape_Leng": 0.0, "Shape_Area": 9966.2698330999992 }, "geometry": { "type": "MultiPolygon", "coordinates": [ [ [ [ -73.826113417639149, 40.881942677290795 ], [ -73.826041384007226, 40.881816801773631 ], [ -73.826378189449869, 40.881704641972348 ], [ -73.826519365561055, 40.881951334712774 ], [ -73.826182557894995, 40.882063493997492 ], [ -73.826113417639149, 40.881942677290795 ] ] ] ] } },
{ "type": "Feature", "properties": { "Borough": "BX", "Block": 5251, "Lot": 8, "CD": 210, "BCT2020": "2046203", "BCTCB2020": "20462033006", "CT2010": "462.01", "CB2010": "1011", "SchoolDist": "11", "Council": 12, "ZipCode": 10475, "FireComp": "E066", "PolicePrct": 45, "HealthCent": 24, "HealthArea": 710, "Sanitboro": "2", "SanitDistr": "10", "SanitSub": "1D", "Address": "2310 TILLOTSON AVENUE", "ZoneDist1": "M1-1", "ZoneDist2": null, "ZoneDist3": null, "ZoneDist4": null, "Overlay1": null, "Overlay2": null, "SPDist1": null, "SPDist2": null, "SPDist3": null, "LtdHeight": null, "SplitZone": "N", "BldgClass": "GU", "LandUse": "05", "Easements": 0, "OwnerType": null, "OwnerName": "BANEL REALTY, LLC", "LotArea": 15000, "BldgArea": 1830, "ComArea": 1830, "ResArea": 0, "OfficeArea": 0, "RetailArea": 0, "GarageArea": 1830, "StrgeArea": 0, "FactryArea": 0, "OtherArea": 0, "AreaSource": "2", "NumBldgs": 1, "NumFloors": 1.0, "UnitsRes": 0, "UnitsTotal": 2, "LotFront": 150.0, "LotDepth": 100.0, "BldgFront": 61.0, "BldgDepth": 30.0, "Ext": "N", "ProxCode": "0", "IrrLotCode": "N", "LotType": "5", "BsmtCode": "0", "AssessLand": 135000.0, "AssessTot": 324450.0, "ExemptTot": 0.0, "YearBuilt": 1969, "YearAlter1": 0, "YearAlter2": 0, "HistDist": null, "Landmark": null, "BuiltFAR": 0.12, "ResidFAR": 0.0, "CommFAR": 1.0, "FacilFAR": 2.4, "BoroCode": 2, "BBL": 2052510008.0000002, "CondoNo": 0, "Tract2010": "046201", "XCoord": 1032486, "YCoord": 260926, "ZoneMap": "2b", "ZMCode": null, "Sanborn": "222 072", "TaxMap": "21710", "EDesigNum": null, "APPBBL": 0.0, "APPDate": null, "PLUTOMapID": "1", "FIRM07_FLA": null, "PFIRM15_FL": null, "Version": "25v4", "DCPEdited": null, "Latitude": 40.8827239, "Longitude": -73.825561, "Notes": null, "Shape_Leng": 0.0, "Shape_Area": 14595.8441239 }, "geometry": { "type": "MultiPolygon", "coordinates": [ [ [ [ -73.825382161160235, 40.882928177333909 ], [ -73.825241975686211, 40.882683211793186 ], [ -73.825407889993031, 40.882628653092866 ], [ -73.82573971899474, 40.882519537653081 ], [ -73.825879905955844, 40.882764503433293 ], [ -73.825382161160235, 40.882928177333909 ] ] ] ] } },
{ "type": "Feature", "properties": { "Borough": "BX", "Block": 5251, "Lot": 10, "CD": 210, "BCT2020": "2046203", "BCTCB2020": "20462033006", "CT2010": "462.01", "CB2010": "1011", "SchoolDist": "11", "Council": 12, "ZipCode": 10475, "FireComp": "E066", "PolicePrct": 45, "HealthCent": 24, "HealthArea": 710, "Sanitboro": "2", "SanitDistr": "10", "SanitSub": "1D", "Address": "3353 NOELL AVENUE", "ZoneDist1": "M1-1", "ZoneDist2": null, "ZoneDist3": null, "ZoneDist4": null, "Overlay1": null, "Overlay2": null, "SPDist1": null, "SPDist2": null, "SPDist3": null, "LtdHeight": null, "SplitZone": "N", "BldgClass": "E1", "LandUse": "06", "Easements": 0, "OwnerType": null, "OwnerName": "3353 REALTY LLC", "LotArea": 15000, "BldgArea": 8750, "ComArea": 8750, "ResArea": 0, "OfficeArea": 0, "RetailArea": 0, "GarageArea": 0, "StrgeArea": 8750, "FactryArea": 0, "OtherArea": 0, "AreaSource": "2", "NumBldgs": 1, "NumFloors": 1.0, "UnitsRes": 0, "UnitsTotal": 1, "LotFront": 200.0, "LotDepth": 50.0, "BldgFront": 125.0, "BldgDepth": 50.0, "Ext": "N", "ProxCode": "0", "IrrLotCode": "Y", "LotType": "3", "BsmtCode": "0", "AssessLand": 135000.0, "AssessTot": 531900.0, "ExemptTot": 0.0, "YearBuilt": 1976, "YearAlter1": 0, "YearAlter2": 0, "HistDist": null, "Landmark": null, "BuiltFAR": 0.58, "ResidFAR": 0.0, "CommFAR": 1.0, "FacilFAR": 2.4, "BoroCode": 2, "BBL": 2052510010.0, "CondoNo": 0, "Tract2010": "046201", "XCoord": 1032591, "YCoord": 260898, "ZoneMap": "2b", "ZMCode": null, "Sanborn": "222 072", "TaxMap": "21710", "EDesigNum": null, "APPBBL": 2052510010.0, "APPDate": "08/11/2017", "PLUTOMapID": "1", "FIRM07_FLA": null, "PFIRM15_FL": null, "Version": "25v4", "DCPEdited": null, "Latitude": 40.8826464, "Longitude": -73.8251814, "Notes": null, "Shape_Leng": 0.0, "Shape_Area": 15992.7234709 }, "geometry": { "type": "MultiPolygon", "coordinates": [ [ [ [ -73.824992348307035, 40.882618456293315 ], [ -73.824914570967195, 40.882481398014185 ], [ -73.82525883894138, 40.882368193032896 ], [ -73.825330871801654, 40.882494068105586 ], [ -73.825407889993031, 40.882628653092866 ], [ -73.825241975686211, 40.882683211793186 ], [ -73.825382161160235, 40.882928177333909 ], [ -73.825203256009075, 40.88298700714784 ], [ -73.824992348307035, 40.882618456293315 ] ] ] ] } },
{ "type": "Feature", "properties": { "Borough": "BX", "Block": 5251, "Lot": 57, "CD": 210, "BCT2020": "2046203", "BCTCB2020": "20462033006", "CT2010": "462.01", "CB2010": "1011", "SchoolDist": "11", "Council": 12, "ZipCode": 10475, "FireComp": "E066", "PolicePrct": 45, "HealthCent": 24, "HealthArea": 710, "Sanitboro": "2", "SanitDistr": "10", "SanitSub": "1D", "Address": "PROVOST AVENUE", "ZoneDist1": "M1-1", "ZoneDist2": null, "ZoneDist3": null, "ZoneDist4": null, "Overlay1": null, "Overlay2": null, "SPDist1": null, "SPDist2": null, "SPDist3": null, "LtdHeight": null, "SplitZone": "N", "BldgClass": "V1", "LandUse": "11", "Easements": 0, "OwnerType": null, "OwnerName": "BARICH REALTY LLC", "LotArea": 8814, "BldgArea": 0, "ComArea": 0, "ResArea": 0, "OfficeArea": 0, "RetailArea": 0, "GarageArea": 0, "StrgeArea": 0, "FactryArea": 0, "OtherArea": 0, "AreaSource": "7", "NumBldgs": 0, "NumFloors": 0.0, "UnitsRes": 0, "UnitsTotal": 0, "LotFront": 55.0, "LotDepth": 130.0, "BldgFront": 0.0, "BldgDepth": 0.0, "Ext": null, "ProxCode": "0", "IrrLotCode": "Y", "LotType": "5", "BsmtCode": "5", "AssessLand": 166050.0, "AssessTot": 166050.0, "ExemptTot": 0.0, "YearBuilt": 0, "YearAlter1": 0, "YearAlter2": 0, "HistDist": null, "Landmark": null, "BuiltFAR": 0.0, "ResidFAR": 0.0, "CommFAR": 1.0, "FacilFAR": 2.4, "BoroCode": 2, "BBL": 2052510057.0, "CondoNo": 0, "Tract2010": "046201", "XCoord": 1032644, "YCoord": 260818, "ZoneMap": "2b", "ZMCode": null, "Sanborn": "222 072", "TaxMap": "21710", "EDesigNum": null, "APPBBL": 2052510010.0, "APPDate": "08/11/2017", "PLUTOMapID": "1", "FIRM07_FLA": null, "PFIRM15_FL": null, "Version": "25v4", "DCPEdited": null, "Latitude": 40.8824266, "Longitude": -73.8249904, "Notes": null, "Shape_Leng": 0.0, "Shape_Area": 8517.5692055 }, "geometry": { "type": "MultiPolygon", "coordinates": [ [ [ [ -73.824754453247095, 40.882384487194784 ], [ -73.824843044957063, 40.882355355882858 ], [ -73.825186805360218, 40.882242318748524 ], [ -73.82525883894138, 40.882368193032896 ], [ -73.824914570967195, 40.882481398014185 ], [ -73.824992348307035, 40.882618456293315 ], [ -73.824966432413788, 40.882754913161193 ], [ -73.824754453247095, 40.882384487194784 ] ] ] ] } },
{ "type": "Feature", "properties": { "Borough": "BX", "Block": 5255, "Lot": 1, "CD": 210, "BCT2020": "2046203", "BCTCB2020": "20462033001", "CT2010": "462.01", "CB2010": "1007", "SchoolDist": "11", "Council": 12, "ZipCode": 10475, "FireComp": "E066", "PolicePrct": 45, "HealthCent": 24, "HealthArea": 710, "Sanitboro": "2", "SanitDistr": "10", "SanitSub": "1D", "Address": "2375 PEARTREE AVENUE", "ZoneDist1": "M1-1", "ZoneDist2": null, "ZoneDist3": null, "ZoneDist4": null, "Overlay1": null, "Overlay2": null, "SPDist1": null, "SPDist2": null, "SPDist3": null, "LtdHeight": null, "SplitZone": "N", "BldgClass": "Z3", "LandUse": "08", "Easements": 0, "OwnerType": "X", "OwnerName": "UNITED STATES POSTAL SERVICE", "LotArea": 110000, "BldgArea": 9200, "ComArea": 9200, "ResArea": 0, "OfficeArea": 8000, "RetailArea": 0, "GarageArea": 0, "StrgeArea": 1200, "FactryArea": 0, "OtherArea": 0, "AreaSource": "2", "NumBldgs": 1, "NumFloors": 1.0, "UnitsRes": 0, "UnitsTotal": 1, "LotFront": 298.0, "LotDepth": 439.08, "BldgFront": 82.0, "BldgDepth": 110.0, "Ext": "N", "ProxCode": "0", "IrrLotCode": "Y", "LotType": "3", "BsmtCode": "0", "AssessLand": 697500.0, "AssessTot": 1933650.0, "ExemptTot": 1933650.0, "YearBuilt": 1976, "YearAlter1": 0, "YearAlter2": 0, "HistDist": null, "Landmark": null, "BuiltFAR": 0.08, "ResidFAR": 0.0, "CommFAR": 1.0, "FacilFAR": 2.4, "BoroCode": 2, "BBL": 2052550001.0, "CondoNo": 0, "Tract2010": "046201", "XCoord": 1033284, "YCoord": 260853, "ZoneMap": "2d", "ZMCode": "Y", "Sanborn": "222 073", "TaxMap": "21710", "EDesigNum": null, "APPBBL": 2052540025.0, "APPDate": "12/23/1986", "PLUTOMapID": "1", "FIRM07_FLA": null, "PFIRM15_FL": null, "Version": "25v4", "DCPEdited": null, "Latitude": 40.8825191, "Longitude": -73.8226756, "Notes": null, "Shape_Leng": 0.0, "Shape_Area": 120511.253155 }, "geometry": { "type": "MultiPolygon", "coordinates": [ [ [ [ -73.8219338142233, 40.882631486572123 ], [ -73.821934741792504, 40.882625846406292 ], [ -73.82200035115288, 40.882226645395576 ], [ -73.822900368127165, 40.881939801797607 ], [ -73.822980632927354, 40.882010669343934 ], [ -73.823672754453497, 40.88263865801283 ], [ -73.822204971511866, 40.883113336527522 ], [ -73.8219338142233, 40.882631486572123 ] ] ] ] } },
{ "type": "Feature", "properties": { "Borough": "BX", "Block": 5255, "Lot": 20, "CD": 210, "BCT2020": "2046203", "BCTCB2020": "20462033001", "CT2010": "462.01", "CB2010": "1007", "SchoolDist": "11", "Council": 12, "ZipCode": 10475, "FireComp": "E066", "PolicePrct": 45, "HealthCent": 24, "HealthArea": 710, "Sanitboro": "2", "SanitDistr": "10", "SanitSub": "1D", "Address": "2340 TILLOTSON AVENUE", "ZoneDist1": "M1-1", "ZoneDist2": null, "ZoneDist3": null, "ZoneDist4": null, "Overlay1": null, "Overlay2": null, "SPDist1": null, "SPDist2": null, "SPDist3": null, "LtdHeight": null, "SplitZone": "N", "BldgClass": "G7", "LandUse": "10", "Easements": 0, "OwnerType": "P", "OwnerName": "MIU REALTY, LLC", "LotArea": 145662, "BldgArea": 0, "ComArea": 0, "ResArea": 0, "OfficeArea": 0, "RetailArea": 0, "GarageArea": 0, "StrgeArea": 0, "FactryArea": 0, "OtherArea": 0, "AreaSource": "7", "NumBldgs": 0, "NumFloors": 0.0, "UnitsRes": 0, "UnitsTotal": 0, "LotFront": 460.0, "LotDepth": 289.42, "BldgFront": 0.0, "BldgDepth": 0.0, "Ext": null, "ProxCode": "0", "IrrLotCode": "Y", "LotType": "5", "BsmtCode": "5", "AssessLand": 2681550.0, "AssessTot": 2681550.0, "ExemptTot": 2681550.0, "YearBuilt": 0, "YearAlter1": 0, "YearAlter2": 0, "HistDist": null, "Landmark": null, "BuiltFAR": 0.0, "ResidFAR": 0.0, "CommFAR": 1.0, "FacilFAR": 2.4, "BoroCode": 2, "BBL": 2052550020.0, "CondoNo": 0, "Tract2010": "046201", "XCoord": 1033123, "YCoord": 261108, "ZoneMap": "2b", "ZMCode": "Y", "Sanborn": "222 073", "TaxMap": "21710", "EDesigNum": null, "APPBBL": 2052540199.9999998, "APPDate": "01/05/1987", "PLUTOMapID": "1", "FIRM07_FLA": null, "PFIRM15_FL": null, "Version": "25v4", "DCPEdited": null, "Latitude": 40.8832199, "Longitude": -73.823256, "Notes": null, "Shape_Leng": 0.0, "Shape_Area": 143183.99674199999 }, "geometry": { "type": "MultiPolygon", "coordinates": [ [ [ [ -73.822204971511866, 40.883113336527522 ], [ -73.823672754453497, 40.88263865801283 ], [ -73.823836170723538, 40.88278976687203 ], [ -73.824290931917687, 40.883077361316488 ], [ -73.824511289798423, 40.883216348014486 ], [ -73.82261252158888, 40.883837841611005 ], [ -73.822204971511866, 40.883113336527522 ] ] ] ] } },
{ "type": "Feature", "properties": { "Borough": "BX", "Block": 5256, "Lot": 40, "CD": 210, "BCT2020": "2046203", "BCTCB2020": "20462033001", "CT2010": "462.01", "CB2010": "1007", "SchoolDist": "11", "Council": 12, "ZipCode": 10475, "FireComp": "E066", "PolicePrct": 45, "HealthCent": 24, "HealthArea": 710, "Sanitboro": "2", "SanitDistr": "10", "SanitSub": "1D", "Address": "2350 TILLOTSON AVENUE", "ZoneDist1": "M1-1", "ZoneDist2": null, "ZoneDist3": null, "ZoneDist4": null, "Overlay1": null, "Overlay2": null, "SPDist1": null, "SPDist2": null, "SPDist3": null, "LtdHeight": null, "SplitZone": "N", "BldgClass": "G1", "LandUse": "10", "Easements": 2, "OwnerType": "P", "OwnerName": "MIU REALTY, LLC", "LotArea": 308650, "BldgArea": 25000, "ComArea": 25000, "ResArea": 0, "OfficeArea": 2500, "RetailArea": 0, "GarageArea": 22500, "StrgeArea": 0, "FactryArea": 0, "OtherArea": 0, "AreaSource": "2", "NumBldgs": 1, "NumFloors": 1.0, "UnitsRes": 0, "UnitsTotal": 1, "LotFront": 635.0, "LotDepth": 145.67, "BldgFront": 180.0, "BldgDepth": 125.0, "Ext": "N", "ProxCode": "0", "IrrLotCode": "Y", "LotType": "5", "BsmtCode": "0", "AssessLand": 1389150.0, "AssessTot": 2435400.0, "ExemptTot": 2435400.0, "YearBuilt": 1968, "YearAlter1": 0, "YearAlter2": 0, "HistDist": null, "Landmark": null, "BuiltFAR": 0.08, "ResidFAR": 0.0, "CommFAR": 1.0, "FacilFAR": 2.4, "BoroCode": 2, "BBL": 2052560039.9999998, "CondoNo": 0, "Tract2010": "046201", "XCoord": 1033650, "YCoord": 261220, "ZoneMap": "2d", "ZMCode": null, "Sanborn": "222 073", "TaxMap": "21710", "EDesigNum": null, "APPBBL": 2052560001.0, "APPDate": "12/22/1986", "PLUTOMapID": "1", "FIRM07_FLA": "1", "PFIRM15_FL": "1", "Version": "25v4", "DCPEdited": null, "Latitude": 40.8835244, "Longitude": -73.8213493, "Notes": null, "Shape_Leng": 0.0, "Shape_Area": 302900.49615999998 }, "geometry": { "type": "MultiPolygon", "coordinates": [ [ [ [ -73.821688456938034, 40.882579946895589 ], [ -73.821873512684277, 40.882614435415178 ], [ -73.821934741792504, 40.882625846406292 ], [ -73.8219338142233, 40.882631486572123 ], [ -73.822204971511866, 40.883113336527522 ], [ -73.82261252158888, 40.883837841611005 ], [ -73.821432813718516, 40.88422632510575 ], [ -73.821382736180595, 40.884247587322811 ], [ -73.821331548100119, 40.884269321472402 ], [ -73.821256636088137, 40.884305544621853 ], [ -73.82120028945188, 40.884337254441022 ], [ -73.82115418253268, 40.884366228170236 ], [ -73.821126551518233, 40.884384677774193 ], [ -73.821100757681535, 40.884402966334868 ], [ -73.821055172269794, 40.884437348269614 ], [ -73.82102549392107, 40.884462216049926 ], [ -73.82099750579502, 40.884487214360952 ], [ -73.820966984212106, 40.884515411680873 ], [ -73.820930827781837, 40.884553376912955 ], [ -73.820900955009492, 40.884587362720076 ], [ -73.82087565612126, 40.884619171886996 ], [ -73.820859015515524, 40.884641106314234 ], [ -73.820841688125981, 40.884666121066481 ], [ -73.820828946713689, 40.884684851235278 ], [ -73.820805323227873, 40.88472321228214 ], [ -73.820790186776478, 40.884751441662914 ], [ -73.820775899964715, 40.884778773619722 ], [ -73.820755471908782, 40.884824075165497 ], [ -73.820743442282605, 40.884855158445063 ], [ -73.820728243450645, 40.884899914379865 ], [ -73.820717387765228, 40.884938307891026 ], [ -73.820709818638505, 40.884973622271893 ], [ -73.820703984001156, 40.885005089802995 ], [ -73.820700539224816, 40.885029384152894 ], [ -73.820698082118412, 40.885050898474923 ], [ -73.820696024247212, 40.885076996818036 ], [ -73.820695404394982, 40.885088609498304 ], [ -73.820695139194399, 40.885094569420538 ], [ -73.820517423543649, 40.884525990485578 ], [ -73.820517302459493, 40.884525601285098 ], [ -73.820444217906399, 40.884156937589054 ], [ -73.820445413686514, 40.884137837780997 ], [ -73.820447151828475, 40.884110075474126 ], [ -73.82045028877053, 40.884070973253806 ], [ -73.820820107732658, 40.882418110900971 ], [ -73.821688456938034, 40.882579946895589 ] ] ] ] } },
{ "type": "Feature", "properties": { "Borough": "BX", "Block": 5256, "Lot": 210, "CD": 210, "BCT2020": "2046203", "BCTCB2020": "20462033001", "CT2010": "462.01", "CB2010": "1001", "SchoolDist": "11", "Council": 12, "ZipCode": 10475, "FireComp": "E066", "PolicePrct": 45, "HealthCent": 24, "HealthArea": 710, "Sanitboro": "2", "SanitDistr": "10", "SanitSub": null, "Address": "3320 HUTCHINSON AVENUE", "ZoneDist1": "M1-1", "ZoneDist2": null, "ZoneDist3": null, "ZoneDist4": null, "Overlay1": null, "Overlay2": null, "SPDist1": null, "SPDist2": null, "SPDist3": null, "LtdHeight": null, "SplitZone": "N", "BldgClass": "G1", "LandUse": "10", "Easements": 2, "OwnerType": "P", "OwnerName": "MIU REALTY, LLC", "LotArea": 136525, "BldgArea": 27795, "ComArea": 27795, "ResArea": 0, "OfficeArea": 5486, "RetailArea": 0, "GarageArea": 22309, "StrgeArea": 0, "FactryArea": 0, "OtherArea": 0, "AreaSource": "2", "NumBldgs": 3, "NumFloors": 1.0, "UnitsRes": 0, "UnitsTotal": 1, "LotFront": 250.0, "LotDepth": 320.85, "BldgFront": 198.0, "BldgDepth": 112.0, "Ext": "N", "ProxCode": "0", "IrrLotCode": "Y", "LotType": "5", "BsmtCode": "0", "AssessLand": 768150.0, "AssessTot": 2311650.0, "ExemptTot": 2311650.0, "YearBuilt": 1980, "YearAlter1": 0, "YearAlter2": 0, "HistDist": null, "Landmark": null, "BuiltFAR": 0.2, "ResidFAR": 0.0, "CommFAR": 1.0, "FacilFAR": 2.4, "BoroCode": 2, "BBL": 2052560210.0000002, "CondoNo": 0, "Tract2010": "046201", "XCoord": 1033531, "YCoord": 260659, "ZoneMap": "2d", "ZMCode": "Y", "Sanborn": "222 076", "TaxMap": "21710", "EDesigNum": null, "APPBBL": 0.0, "APPDate": null, "PLUTOMapID": "1", "FIRM07_FLA": "1", "PFIRM15_FL": "1", "Version": "25v4", "DCPEdited": null, "Latitude": 40.8819853, "Longitude": -73.8217838, "Notes": null, "Shape_Leng": 0.0, "Shape_Area": 140803.292651 }, "geometry": { "type": "MultiPolygon", "coordinates": [ [ [ [ -73.820820107732658, 40.882418110900971 ], [ -73.820967320350704, 40.881726703152793 ], [ -73.821707665614639, 40.881872358311099 ], [ -73.821823527559445, 40.881463426914323 ], [ -73.821899990144516, 40.881247926361169 ], [ -73.821997348521805, 40.881267403940633 ], [ -73.822139277892916, 40.881295800196824 ], [ -73.822245394806089, 40.881317030842254 ], [ -73.82278068148247, 40.881837697736977 ], [ -73.822900368127165, 40.881939801797607 ], [ -73.82200035115288, 40.882226645395576 ], [ -73.821934741792504, 40.882625846406292 ], [ -73.821873512684277, 40.882614435415178 ], [ -73.821688456938034, 40.882579946895589 ], [ -73.820820107732658, 40.882418110900971 ] ] ] ] } },
{ "type": "Feature", "properties": { "Borough": "BX", "Block": 5278, "Lot": 60, "CD": 210, "BCT2020": "2046203", "BCTCB2020": "20462033002", "CT2010": "462.01", "CB2010": "1002", "SchoolDist": "11", "Council": 12, "ZipCode": 10475, "FireComp": "E066", "PolicePrct": 45, "HealthCent": 24, "HealthArea": 710, "Sanitboro": "2", "SanitDistr": "10", "SanitSub": "1D", "Address": "2375 TILLOTSON AVENUE", "ZoneDist1": "M1-1", "ZoneDist2": null, "ZoneDist3": null, "ZoneDist4": null, "Overlay1": null, "Overlay2": null, "SPDist1": null, "SPDist2": null, "SPDist3": null, "LtdHeight": null, "SplitZone": "N", "BldgClass": "Z9", "LandUse": null, "Easements": 1, "OwnerType": "P", "OwnerName": "JLK CAPITAL, LLC", "LotArea": 241120, "BldgArea": 0, "ComArea": 0, "ResArea": 0, "OfficeArea": 0, "RetailArea": 0, "GarageArea": 0, "StrgeArea": 0, "FactryArea": 0, "OtherArea": 0, "AreaSource": "7", "NumBldgs": 1, "NumFloors": 0.0, "UnitsRes": 0, "UnitsTotal": 0, "LotFront": 812.0, "LotDepth": 198.0, "BldgFront": 0.0, "BldgDepth": 0.0, "Ext": "N", "ProxCode": "0", "IrrLotCode": "Y", "LotType": "5", "BsmtCode": "0", "AssessLand": 1185750.0, "AssessTot": 1595250.0, "ExemptTot": 1595250.0, "YearBuilt": 0, "YearAlter1": 0, "YearAlter2": 0, "HistDist": null, "Landmark": null, "BuiltFAR": 0.0, "ResidFAR": 0.0, "CommFAR": 1.0, "FacilFAR": 2.4, "BoroCode": 2, "BBL": 2052780060.0, "CondoNo": 0, "Tract2010": "046201", "XCoord": 1033159, "YCoord": 261497, "ZoneMap": "2b", "ZMCode": "Y", "Sanborn": "222 076", "TaxMap": "21710", "EDesigNum": null, "APPBBL": 0.0, "APPDate": null, "PLUTOMapID": "1", "FIRM07_FLA": "1", "PFIRM15_FL": "1", "Version": "25v4", "DCPEdited": null, "Latitude": 40.8842874, "Longitude": -73.823123, "Notes": null, "Shape_Leng": 0.0, "Shape_Area": 246653.789452 }, "geometry": { "type": "MultiPolygon", "coordinates": [ [ [ [ -73.822203132297304, 40.884885280688636 ], [ -73.8213036520917, 40.885128634967813 ], [ -73.821281385608629, 40.885093025755786 ], [ -73.820936745489689, 40.885204931512952 ], [ -73.820942452141864, 40.885135053385 ], [ -73.820945831111189, 40.885110932768029 ], [ -73.820950542143507, 40.885084302708144 ], [ -73.820960591609548, 40.88504385929474 ], [ -73.820974387527883, 40.884997054364248 ], [ -73.820986754473353, 40.884967122474812 ], [ -73.821006565294965, 40.884926710441881 ], [ -73.821032550657492, 40.884879667760153 ], [ -73.821061757686252, 40.884835615260087 ], [ -73.821105369856383, 40.884780613455959 ], [ -73.821138319306684, 40.884742634245093 ], [ -73.821181909024048, 40.884699905249249 ], [ -73.821219583891079, 40.884668221369232 ], [ -73.821263217678407, 40.884632472042021 ], [ -73.821335864357621, 40.884586746122295 ], [ -73.821409771121196, 40.884545847865219 ], [ -73.82148338259276, 40.884513733334785 ], [ -73.821561230447429, 40.884482240370616 ], [ -73.82264625678792, 40.884126513041764 ], [ -73.822715131340487, 40.88410393110685 ], [ -73.824284231868958, 40.883589473000377 ], [ -73.824293888301568, 40.883606660055264 ], [ -73.824680145848959, 40.883478985880444 ], [ -73.824715437731683, 40.88347000676108 ], [ -73.824761713860084, 40.883463824133393 ], [ -73.824791946321696, 40.883462133914101 ], [ -73.824820504742775, 40.883462200734598 ], [ -73.824867953835493, 40.883468301589524 ], [ -73.824899547662397, 40.883476802436938 ], [ -73.824909547400026, 40.883479922526838 ], [ -73.824921874803366, 40.883487194693522 ], [ -73.825055105506749, 40.883584362538123 ], [ -73.825171418010086, 40.883680791383419 ], [ -73.825259576231502, 40.883759354074499 ], [ -73.825371065412526, 40.883866052688887 ], [ -73.823014025599136, 40.884624400373724 ], [ -73.822942548735597, 40.884647396278375 ], [ -73.822203132297304, 40.884885280688636 ] ] ] ] } },
{ "type": "Feature", "properties": { "Borough": "BX", "Block": 5284, "Lot": 1, "CD": 212, "BCT2020": "2046203", "BCTCB2020": "20462033013", "CT2010": "462.01", "CB2010": "1004", "SchoolDist": "11", "Council": 12, "ZipCode": 10475, "FireComp": "L061", "PolicePrct": 47, "HealthCent": 24, "HealthArea": 710, "Sanitboro": "2", "SanitDistr": "12", "SanitSub": "5E", "Address": "HOLLERS AVENUE", "ZoneDist1": "M1-1", "ZoneDist2": null, "ZoneDist3": null, "ZoneDist4": null, "Overlay1": null, "Overlay2": null, "SPDist1": null, "SPDist2": null, "SPDist3": null, "LtdHeight": null, "SplitZone": "N", "BldgClass": "Z9", "LandUse": null, "Easements": 0, "OwnerType": null, "OwnerName": "NY BUS SERVICE ADVERTISING", "LotArea": 2164, "BldgArea": 0, "ComArea": 0, "ResArea": 0, "OfficeArea": 0, "RetailArea": 0, "GarageArea": 0, "StrgeArea": 0, "FactryArea": 0, "OtherArea": 0, "AreaSource": "7", "NumBldgs": 0, "NumFloors": 0.0, "UnitsRes": 0, "UnitsTotal": 0, "LotFront": 29.1, "LotDepth": 75.08, "BldgFront": 0.0, "BldgDepth": 0.0, "Ext": "N", "ProxCode": "0", "IrrLotCode": "Y", "LotType": "3", "BsmtCode": "0", "AssessLand": 11250.0, "AssessTot": 133650.0, "ExemptTot": 0.0, "YearBuilt": 0, "YearAlter1": 0, "YearAlter2": 0, "HistDist": null, "Landmark": null, "BuiltFAR": 0.0, "ResidFAR": 0.0, "CommFAR": 1.0, "FacilFAR": 2.4, "BoroCode": 2, "BBL": 2052840001.0, "CondoNo": 0, "Tract2010": "046201", "XCoord": 1032596, "YCoord": 261612, "ZoneMap": "2b", "ZMCode": null, "Sanborn": "222 069", "TaxMap": "21710", "EDesigNum": null, "APPBBL": 2052840001.0, "APPDate": "02/26/2016", "PLUTOMapID": "1", "FIRM07_FLA": null, "PFIRM15_FL": null, "Version": "25v4", "DCPEdited": null, "Latitude": 40.8846061, "Longitude": -73.8251582, "Notes": null, "Shape_Leng": 0.0, "Shape_Area": 2126.2079724 }, "geometry": { "type": "MultiPolygon", "coordinates": [ [ [ [ -73.82514871491594, 40.884489317175387 ], [ -73.825249658614922, 40.88467937615787 ], [ -73.825162820264524, 40.884724689488465 ], [ -73.825061624026489, 40.884534155452947 ], [ -73.82514871491594, 40.884489317175387 ] ] ] ] } },
{ "type": "Feature", "properties": { "Borough": "BX", "Block": 5284, "Lot": 2, "CD": 212, "BCT2020": "2046203", "BCTCB2020": "20462033013", "CT2010": "462.01", "CB2010": "1004", "SchoolDist": "11", "Council": 12, "ZipCode": 10475, "FireComp": "L061", "PolicePrct": 47, "HealthCent": 24, "HealthArea": 710, "Sanitboro": "2", "SanitDistr": "12", "SanitSub": "5E", "Address": "HOLLERS AVENUE", "ZoneDist1": "M1-1", "ZoneDist2": null, "ZoneDist3": null, "ZoneDist4": null, "Overlay1": null, "Overlay2": null, "SPDist1": null, "SPDist2": null, "SPDist3": null, "LtdHeight": null, "SplitZone": "N", "BldgClass": "V1", "LandUse": "11", "Easements": 0, "OwnerType": null, "OwnerName": "UNAVAILABLE OWNER", "LotArea": 50089, "BldgArea": 0, "ComArea": 0, "ResArea": 0, "OfficeArea": 0, "RetailArea": 0, "GarageArea": 0, "StrgeArea": 0, "FactryArea": 0, "OtherArea": 0, "AreaSource": "7", "NumBldgs": 0, "NumFloors": 0.0, "UnitsRes": 0, "UnitsTotal": 0, "LotFront": 249.37, "LotDepth": 332.57, "BldgFront": 0.0, "BldgDepth": 0.0, "Ext": null, "ProxCode": "0", "IrrLotCode": "Y", "LotType": "3", "BsmtCode": "5", "AssessLand": 867150.0, "AssessTot": 867150.0, "ExemptTot": 0.0, "YearBuilt": 0, "YearAlter1": 0, "YearAlter2": 0, "HistDist": null, "Landmark": null, "BuiltFAR": 0.0, "ResidFAR": 0.0, "CommFAR": 1.0, "FacilFAR": 2.4, "BoroCode": 2, "BBL": 2052840002.0000002, "CondoNo": 0, "Tract2010": "046201", "XCoord": 1032446, "YCoord": 261594, "ZoneMap": "2b", "ZMCode": null, "Sanborn": "222 069", "TaxMap": "21710", "EDesigNum": null, "APPBBL": 2052840001.0, "APPDate": "02/26/2016", "PLUTOMapID": "1", "FIRM07_FLA": null, "PFIRM15_FL": null, "Version": "25v4", "DCPEdited": null, "Latitude": 40.8845575, "Longitude": -73.8257008, "Notes": null, "Shape_Leng": 0.0, "Shape_Area": 50308.074558300003 }, "geometry": { "type": "MultiPolygon", "coordinates": [ [ [ [ -73.825162820264524, 40.884724689488465 ], [ -73.825249658614922, 40.88467937615787 ], [ -73.82514871491594, 40.884489317175387 ], [ -73.825327632162598, 40.88439720175581 ], [ -73.825703297059746, 40.884203865207667 ], [ -73.825903010295832, 40.884236979001344 ], [ -73.826364093740906, 40.884646919708693 ], [ -73.825900486823144, 40.884794921082687 ], [ -73.825233551128562, 40.884857862966889 ], [ -73.825162820264524, 40.884724689488465 ] ] ] ] } },
{ "type": "Feature", "properties": { "Borough": "BX", "Block": 5285, "Lot": 1, "CD": 212, "BCT2020": "2046203", "BCTCB2020": "20462033013", "CT2010": "462.01", "CB2010": "1005", "SchoolDist": "11", "Council": 12, "ZipCode": 10475, "FireComp": "L061", "PolicePrct": 47, "HealthCent": 24, "HealthArea": 710, "Sanitboro": "2", "SanitDistr": "12", "SanitSub": "5E", "Address": "2370 HOLLERS AVENUE", "ZoneDist1": "M1-1", "ZoneDist2": null, "ZoneDist3": null, "ZoneDist4": null, "Overlay1": null, "Overlay2": null, "SPDist1": null, "SPDist2": null, "SPDist3": null, "LtdHeight": null, "SplitZone": "N", "BldgClass": "Z9", "LandUse": null, "Easements": 0, "OwnerType": null, "OwnerName": "NY BUS SERVICE ADVERTISING", "LotArea": 2777, "BldgArea": 0, "ComArea": 0, "ResArea": 0, "OfficeArea": 0, "RetailArea": 0, "GarageArea": 0, "StrgeArea": 0, "FactryArea": 0, "OtherArea": 0, "AreaSource": "7", "NumBldgs": 0, "NumFloors": 0.0, "UnitsRes": 0, "UnitsTotal": 0, "LotFront": 35.83, "LotDepth": 77.93, "BldgFront": 0.0, "BldgDepth": 0.0, "Ext": "N", "ProxCode": "0", "IrrLotCode": "Y", "LotType": "5", "BsmtCode": "0", "AssessLand": 14850.0, "AssessTot": 29619.0, "ExemptTot": 0.0, "YearBuilt": 0, "YearAlter1": 0, "YearAlter2": 0, "HistDist": null, "Landmark": null, "BuiltFAR": 0.0, "ResidFAR": 0.0, "CommFAR": 1.0, "FacilFAR": 2.4, "BoroCode": 2, "BBL": 2052850001.0, "CondoNo": 0, "Tract2010": "046201", "XCoord": 1033561, "YCoord": 261945, "ZoneMap": "2d", "ZMCode": null, "Sanborn": "222 070", "TaxMap": "21710", "EDesigNum": null, "APPBBL": 2052850001.0, "APPDate": "03/13/2017", "PLUTOMapID": "1", "FIRM07_FLA": null, "PFIRM15_FL": null, "Version": "25v4", "DCPEdited": null, "Latitude": 40.8855148, "Longitude": -73.8216659, "Notes": null, "Shape_Leng": 0.0, "Shape_Area": 2693.4902052000002 }, "geometry": { "type": "MultiPolygon", "coordinates": [ [ [ [ -73.821663611793539, 40.885408824831522 ], [ -73.82179116152713, 40.885594564255072 ], [ -73.821667761408563, 40.885624482241639 ], [ -73.821540213177201, 40.885438741763316 ], [ -73.821663611793539, 40.885408824831522 ] ] ] ] } },
{ "type": "Feature", "properties": { "Borough": "BX", "Block": 5285, "Lot": 2, "CD": 212, "BCT2020": "2046203", "BCTCB2020": "20462033013", "CT2010": "462.01", "CB2010": "1005", "SchoolDist": "11", "Council": 12, "ZipCode": 10475, "FireComp": "L061", "PolicePrct": 47, "HealthCent": 24, "HealthArea": 710, "Sanitboro": "2", "SanitDistr": "12", "SanitSub": "5E", "Address": "2370 HOLLERS AVENUE", "ZoneDist1": "M1-1", "ZoneDist2": null, "ZoneDist3": null, "ZoneDist4": null, "Overlay1": null, "Overlay2": null, "SPDist1": null, "SPDist2": null, "SPDist3": null, "LtdHeight": null, "SplitZone": "N", "BldgClass": "V1", "LandUse": "11", "Easements": 0, "OwnerType": "X", "OwnerName": "GABRIELLI HOLLERS AVE REALTY LLC", "LotArea": 34255, "BldgArea": 0, "ComArea": 0, "ResArea": 0, "OfficeArea": 0, "RetailArea": 0, "GarageArea": 0, "StrgeArea": 0, "FactryArea": 0, "OtherArea": 0, "AreaSource": "7", "NumBldgs": 0, "NumFloors": 0.0, "UnitsRes": 0, "UnitsTotal": 0, "LotFront": 148.49, "LotDepth": 226.66, "BldgFront": 0.0, "BldgDepth": 0.0, "Ext": null, "ProxCode": "0", "IrrLotCode": "Y", "LotType": "3", "BsmtCode": "5", "AssessLand": 630450.0, "AssessTot": 630450.0, "ExemptTot": 630450.0, "YearBuilt": 0, "YearAlter1": 0, "YearAlter2": 0, "HistDist": null, "Landmark": null, "BuiltFAR": 0.0, "ResidFAR": 0.0, "CommFAR": 1.0, "FacilFAR": 2.4, "BoroCode": 2, "BBL": 2052850002.0000002, "CondoNo": 0, "Tract2010": "046201", "XCoord": 1033144, "YCoord": 261888, "ZoneMap": "2b", "ZMCode": "Y", "Sanborn": "222 070", "TaxMap": "21710", "EDesigNum": null, "APPBBL": 2052850001.0, "APPDate": "03/13/2017", "PLUTOMapID": "1", "FIRM07_FLA": null, "PFIRM15_FL": null, "Version": "25v4", "DCPEdited": null, "Latitude": 40.8853606, "Longitude": -73.8231744, "Notes": null, "Shape_Leng": 0.0, "Shape_Area": 155383.59896800001 }, "geometry": { "type": "MultiPolygon", "coordinates": [ [ [ [ -73.82179116152713, 40.885594564255072 ], [ -73.821663611793539, 40.885408824831522 ], [ -73.821973529710007, 40.885333687019646 ], [ -73.822240387647128, 40.885253430192314 ], [ -73.822521332843564, 40.88518104227262 ], [ -73.822811851349101, 40.885118855561799 ], [ -73.82313887901698, 40.885060430621294 ], [ -73.823368743968956, 40.885027458546553 ], [ -73.823590249702121, 40.885001658320668 ], [ -73.823759334757881, 40.884985892702282 ], [ -73.823952681303709, 40.884971956686435 ], [ -73.824109941753676, 40.884964143650841 ], [ -73.824261268144454, 40.884958694999888 ], [ -73.824468364601557, 40.884957060985009 ], [ -73.824721088774965, 40.884960138771156 ], [ -73.824873965609683, 40.884966487273736 ], [ -73.824977711273974, 40.884972051325413 ], [ -73.825159298707447, 40.884984912928864 ], [ -73.825265084888542, 40.884994172754681 ], [ -73.823633778825538, 40.885516888456308 ], [ -73.823276731220801, 40.885611144317984 ], [ -73.823131832346547, 40.885651208222768 ], [ -73.822939138437377, 40.885710157415687 ], [ -73.822822386747845, 40.885759209590859 ], [ -73.82214653748926, 40.885970570129629 ], [ -73.821874460722199, 40.885574368976457 ], [ -73.82179116152713, 40.885594564255072 ] ] ] ] } },
{ "type": "Feature", "properties": { "Borough": "BX", "Block": 5285, "Lot": 3, "CD": 212, "BCT2020": "2046203", "BCTCB2020": "20462033013", "CT2010": "462.01", "CB2010": "1006", "SchoolDist": "11", "Council": 12, "ZipCode": 10475, "FireComp": "L061", "PolicePrct": 47, "HealthCent": 24, "HealthArea": 710, "Sanitboro": "2", "SanitDistr": "12", "SanitSub": "5E", "Address": "2370 HOLLERS AVENUE", "ZoneDist1": "M1-1", "ZoneDist2": null, "ZoneDist3": null, "ZoneDist4": null, "Overlay1": null, "Overlay2": null, "SPDist1": null, "SPDist2": null, "SPDist3": null, "LtdHeight": null, "SplitZone": "N", "BldgClass": "V1", "LandUse": "11", "Easements": 0, "OwnerType": "X", "OwnerName": "GABRIELLI HOLLERS AVE REALTY LLC", "LotArea": 139589, "BldgArea": 0, "ComArea": 0, "ResArea": 0, "OfficeArea": 0, "RetailArea": 0, "GarageArea": 0, "StrgeArea": 0, "FactryArea": 0, "OtherArea": 0, "AreaSource": "7", "NumBldgs": 0, "NumFloors": 0.0, "UnitsRes": 0, "UnitsTotal": 0, "LotFront": 973.63, "LotDepth": 226.66, "BldgFront": 0.0, "BldgDepth": 0.0, "Ext": null, "ProxCode": "0", "IrrLotCode": "Y", "LotType": "3", "BsmtCode": "5", "AssessLand": 2415600.0, "AssessTot": 2415600.0, "ExemptTot": 2415600.0, "YearBuilt": 0, "YearAlter1": 0, "YearAlter2": 0, "HistDist": null, "Landmark": null, "BuiltFAR": 0.0, "ResidFAR": 0.0, "CommFAR": 1.0, "FacilFAR": 2.4, "BoroCode": 2, "BBL": 2052850002.9999998, "CondoNo": 0, "Tract2010": "046201", "XCoord": 1033576, "YCoord": 262040, "ZoneMap": "2d", "ZMCode": null, "Sanborn": "222 070", "TaxMap": "21710", "EDesigNum": null, "APPBBL": 2052850001.0, "APPDate": "03/13/2017", "PLUTOMapID": "1", "FIRM07_FLA": null, "PFIRM15_FL": "1", "Version": "25v4", "DCPEdited": null, "Latitude": 40.8857754, "Longitude": -73.8216109, "Notes": null, "Shape_Leng": 0.0, "Shape_Area": 37514.60927790001 }, "geometry": { "type": "MultiPolygon", "coordinates": [ [ [ [ -73.821540213177201, 40.885438741763316 ], [ -73.821667761408563, 40.885624482241639 ], [ -73.82179116152713, 40.885594564255072 ], [ -73.821874460722199, 40.885574368976457 ], [ -73.82214653748926, 40.885970570129629 ], [ -73.822091251207368, 40.885987858866237 ], [ -73.822004082932011, 40.886010448156654 ], [ -73.821900189908376, 40.886029289831711 ], [ -73.821802054985881, 40.886039313754274 ], [ -73.821723001608362, 40.886039191547688 ], [ -73.821649914094309, 40.886032057391141 ], [ -73.821585309486395, 40.886019850380784 ], [ -73.821525469252848, 40.886003541736059 ], [ -73.82146692044536, 40.88598394109119 ], [ -73.82138934015299, 40.885948755054628 ], [ -73.821316140509239, 40.88590568014709 ], [ -73.821252357738288, 40.885860199384808 ], [ -73.821202072609864, 40.885816168489775 ], [ -73.821157646367269, 40.885768661864496 ], [ -73.821111116577342, 40.885700902583075 ], [ -73.821079603516253, 40.885645439372766 ], [ -73.821529798334595, 40.88544126685369 ], [ -73.821540213177201, 40.885438741763316 ] ] ] ] } },
{ "type": "Feature", "properties": { "Borough": "BX", "Block": 5650, "Lot": 100, "CD": 228, "BCT2020": "2050400", "BCTCB2020": "20504001003", "CT2010": "504", "CB2010": "1005", "SchoolDist": "11", "Council": 13, "ZipCode": 10464, "FireComp": "L053", "PolicePrct": 45, "HealthCent": 24, "HealthArea": 710, "Sanitboro": null, "SanitDistr": null, "SanitSub": null, "Address": "PELHAM BAY PARK", "ZoneDist1": "PARK", "ZoneDist2": null, "ZoneDist3": null, "ZoneDist4": null, "Overlay1": null, "Overlay2": null, "SPDist1": null, "SPDist2": null, "SPDist3": null, "LtdHeight": null, "SplitZone": "N", "BldgClass": "U0", "LandUse": "07", "Easements": 0, "OwnerType": "X", "OwnerName": "PENN CENTRAL COMPANY", "LotArea": 1222120, "BldgArea": 0, "ComArea": 0, "ResArea": 0, "OfficeArea": 0, "RetailArea": 0, "GarageArea": 0, "StrgeArea": 0, "FactryArea": 0, "OtherArea": 0, "AreaSource": "7", "NumBldgs": 1, "NumFloors": 0.0, "UnitsRes": 0, "UnitsTotal": 0, "LotFront": 99.0, "LotDepth": 8000.0, "BldgFront": 0.0, "BldgDepth": 0.0, "Ext": "N", "ProxCode": "0", "IrrLotCode": "N", "LotType": "5", "BsmtCode": "0", "AssessLand": 0.0, "AssessTot": 0.0, "ExemptTot": 0.0, "YearBuilt": 0, "YearAlter1": 0, "YearAlter2": 0, "HistDist": null, "Landmark": null, "BuiltFAR": 0.0, "ResidFAR": 0.0, "CommFAR": 0.0, "FacilFAR": 0.0, "BoroCode": 2, "BBL": 2056500100.0, "CondoNo": 0, "Tract2010": "0504", "XCoord": 1036497, "YCoord": 257618, "ZoneMap": "2d", "ZMCode": "Y", "Sanborn": "218 075", "TaxMap": "21810", "EDesigNum": null, "APPBBL": 0.0, "APPDate": null, "PLUTOMapID": "1", "FIRM07_FLA": "1", "PFIRM15_FL": "1", "Version": "25v4", "DCPEdited": "t", "Latitude": 40.8736216, "Longitude": -73.8110816, "Notes": null, "Shape_Leng": 0.0, "Shape_Area": 1095466.6902600001 }, "geometry": { "type": "MultiPolygon", "coordinates": [ [ [ [ -73.812341935479168, 40.871034311768341 ], [ -73.812094189756223, 40.870913821349497 ], [ -73.813511598323998, 40.86856049109084 ], [ -73.813728764397666, 40.868609376009189 ], [ -73.814498571921547, 40.867547516093182 ], [ -73.81452922313423, 40.867169182162193 ], [ -73.81538509067164, 40.865702591331221 ], [ -73.815730733837228, 40.865118698592291 ], [ -73.816274030221692, 40.864630068820098 ], [ -73.816439540251025, 40.864506819088163 ], [ -73.816675078730299, 40.864367911152009 ], [ -73.816794624198408, 40.864322207560825 ], [ -73.816833800294816, 40.864314802932988 ], [ -73.816862953733803, 40.864311178888819 ], [ -73.816880071819142, 40.864310002066887 ], [ -73.81691962673618, 40.864311487683686 ], [ -73.816920502270847, 40.864311519358111 ], [ -73.816939713636373, 40.864325394237383 ], [ -73.816959921041772, 40.864340802236704 ], [ -73.81698124702875, 40.864359625792055 ], [ -73.81700256486549, 40.864381013892206 ], [ -73.817019381203664, 40.864402394005104 ], [ -73.817031699715002, 40.864422911482677 ], [ -73.81703951935458, 40.864443423573256 ], [ -73.817041728241094, 40.864458802988715 ], [ -73.817041688284164, 40.864473322503592 ], [ -73.817038277273269, 40.864486128437193 ], [ -73.817034315792057, 40.864494663299865 ], [ -73.817025850621278, 40.864504899241581 ], [ -73.817019080300994, 40.86451172233452 ], [ -73.816997668407396, 40.864524927438787 ], [ -73.816821656538323, 40.864706151163865 ], [ -73.816693031484704, 40.864838337056987 ], [ -73.816605029478012, 40.864927028043027 ], [ -73.816519865652651, 40.865006754498154 ], [ -73.816371551688832, 40.865139336433174 ], [ -73.816222687936616, 40.865266365867164 ], [ -73.816188847476795, 40.865297912863412 ], [ -73.816159517781941, 40.86532605242423 ], [ -73.81611100108627, 40.865375516543864 ], [ -73.816009442439594, 40.865483827781333 ], [ -73.815893229678366, 40.865602368583673 ], [ -73.815845834745275, 40.865653539932765 ], [ -73.815798430324932, 40.865707274051715 ], [ -73.81577704500495, 40.86573305238965 ], [ -73.81575101856221, 40.865764425434627 ], [ -73.815703597354897, 40.865824994161784 ], [ -73.815655040963279, 40.865888123021989 ], [ -73.815606467733531, 40.865958083832538 ], [ -73.815553376410691, 40.866034016655192 ], [ -73.81549236857326, 40.866125311850645 ], [ -73.815287844506912, 40.866441866680226 ], [ -73.815137561530221, 40.866673097333589 ], [ -73.814840387319919, 40.867127874230228 ], [ -73.814610995194045, 40.867483679895336 ], [ -73.814518357748639, 40.867619338643806 ], [ -73.814488977553353, 40.867664559980405 ], [ -73.814458453637215, 40.86771661338723 ], [ -73.814435816837303, 40.867764407447055 ], [ -73.814429008987119, 40.867784895319332 ], [ -73.814423285095359, 40.867819907184305 ], [ -73.814398146354094, 40.86795823543347 ], [ -73.814384507910162, 40.868006899463005 ], [ -73.814383351192589, 40.868018001548677 ], [ -73.814382200456151, 40.868027395414316 ], [ -73.814383298725303, 40.868036792986302 ], [ -73.814386095716173, 40.868042775830361 ], [ -73.814391139329885, 40.868049616867182 ], [ -73.814398439147141, 40.868054752386684 ], [ -73.814428779675481, 40.868068468904276 ], [ -73.814519243754873, 40.868107903928099 ], [ -73.81459658215249, 40.86814100303944 ], [ -73.814567445975101, 40.868188916002907 ], [ -73.807230658290749, 40.880658055480268 ], [ -73.807120270111042, 40.880624579761268 ], [ -73.804158594114952, 40.885650440622427 ], [ -73.803828800025641, 40.885563749121765 ], [ -73.812341935479168, 40.871034311768341 ] ] ] ] } },
{ "type": "Feature", "properties": { "Borough": "BX", "Block": 5132, "Lot": 1, "CD": 210, "BCT2020": "2030201", "BCTCB2020": "20302011003", "CT2010": "302", "CB2010": "3010", "SchoolDist": "11", "Council": 12, "ZipCode": 10475, "FireComp": "E066", "PolicePrct": 45, "HealthCent": 24, "HealthArea": 710, "Sanitboro": "2", "SanitDistr": "10", "SanitSub": "1D", "Address": "2003 BASSETT AVENUE", "ZoneDist1": "R3A", "ZoneDist2": null, "ZoneDist3": null, "ZoneDist4": null, "Overlay1": null, "Overlay2": null, "SPDist1": null, "SPDist2": null, "SPDist3": null, "LtdHeight": null, "SplitZone": "N", "BldgClass": "V0", "LandUse": "11", "Easements": 0, "OwnerType": null, "OwnerName": "2211 DE REIMER AVENUE LLC", "LotArea": 3055, "BldgArea": 0, "ComArea": 0, "ResArea": 0, "OfficeArea": 0, "RetailArea": 0, "GarageArea": 0, "StrgeArea": 0, "FactryArea": 0, "OtherArea": 0, "AreaSource": "7", "NumBldgs": 0, "NumFloors": 0.0, "UnitsRes": 0, "UnitsTotal": 0, "LotFront": 33.4, "LotDepth": 100.0, "BldgFront": 0.0, "BldgDepth": 0.0, "Ext": null, "ProxCode": "0", "IrrLotCode": "N", "LotType": "5", "BsmtCode": "5", "AssessLand": 3840.0, "AssessTot": 3840.0, "ExemptTot": 0.0, "YearBuilt": 0, "YearAlter1": 0, "YearAlter2": 0, "HistDist": null, "Landmark": null, "BuiltFAR": 0.0, "ResidFAR": 0.75, "CommFAR": 0.0, "FacilFAR": 1.0, "BoroCode": 2, "BBL": 2051320001.0, "CondoNo": 0, "Tract2010": "0302", "XCoord": 1032124, "YCoord": 252653, "ZoneMap": "4a", "ZMCode": null, "Sanborn": "218 054", "TaxMap": "21710", "EDesigNum": null, "APPBBL": 2051320001.0, "APPDate": "09/26/2025", "PLUTOMapID": "1", "FIRM07_FLA": "1", "PFIRM15_FL": null, "Version": "25v4", "DCPEdited": null, "Latitude": 40.860019, "Longitude": -73.8269292, "Notes": null, "Shape_Leng": 0.0, "Shape_Area": 3047.0232723 }, "geometry": { "type": "MultiPolygon", "coordinates": [ [ [ [ -73.826958253040232, 40.860099636591613 ], [ -73.826911964859022, 40.860114489156757 ], [ -73.826857638769837, 40.860017760373495 ], [ -73.82680329517126, 40.859921004430383 ], [ -73.826849579614148, 40.859906148305022 ], [ -73.826914504339129, 40.859885309347263 ], [ -73.827058627679691, 40.860141901550371 ], [ -73.826993703924799, 40.860162755898777 ], [ -73.826958253040232, 40.860099636591613 ] ] ] ] } },
{ "type": "Feature", "properties": { "Borough": "BX", "Block": 5132, "Lot": 21, "CD": 210, "BCT2020": "2030201", "BCTCB2020": "20302011003", "CT2010": "302", "CB2010": "3010", "SchoolDist": "11", "Council": 12, "ZipCode": 10475, "FireComp": "E066", "PolicePrct": 45, "HealthCent": 24, "HealthArea": 710, "Sanitboro": "2", "SanitDistr": "10", "SanitSub": "1D", "Address": "2209 DE REIMER AVENUE", "ZoneDist1": "R3A", "ZoneDist2": null, "ZoneDist3": null, "ZoneDist4": null, "Overlay1": null, "Overlay2": null, "SPDist1": null, "SPDist2": null, "SPDist3": null, "LtdHeight": null, "SplitZone": "N", "BldgClass": "V0", "LandUse": "11", "Easements": 0, "OwnerType": null, "OwnerName": "2211 DE REIMER AVENUE LLC", "LotArea": 3135, "BldgArea": 0, "ComArea": 0, "ResArea": 0, "OfficeArea": 0, "RetailArea": 0, "GarageArea": 0, "StrgeArea": 0, "FactryArea": 0, "OtherArea": 0, "AreaSource": "7", "NumBldgs": 0, "NumFloors": 0.0, "UnitsRes": 0, "UnitsTotal": 0, "LotFront": 37.5, "LotDepth": 83.6, "BldgFront": 0.0, "BldgDepth": 0.0, "Ext": null, "ProxCode": "0", "IrrLotCode": "N", "LotType": "0", "BsmtCode": "5", "AssessLand": 35220.0, "AssessTot": 35220.0, "ExemptTot": 0.0, "YearBuilt": 0, "YearAlter1": 0, "YearAlter2": 0, "HistDist": null, "Landmark": null, "BuiltFAR": 0.0, "ResidFAR": 0.75, "CommFAR": 0.0, "FacilFAR": 1.0, "BoroCode": 2, "BBL": 2051320021.0, "CondoNo": 0, "Tract2010": "0302", "XCoord": 1032175, "YCoord": 252687, "ZoneMap": "4a", "ZMCode": null, "Sanborn": "2", "TaxMap": "2", "EDesigNum": null, "APPBBL": 2051320022.0, "APPDate": "09/26/2025", "PLUTOMapID": "1", "FIRM07_FLA": "1", "PFIRM15_FL": null, "Version": "25v4", "DCPEdited": null, "Latitude": 40.8601121, "Longitude": -73.8267446, "Notes": null, "Shape_Leng": 0.0, "Shape_Area": 3298.6601511 }, "geometry": { "type": "MultiPolygon", "coordinates": [ [ [ [ -73.826570928783511, 40.860109754154067 ], [ -73.826857638769837, 40.860017760373495 ], [ -73.826911964859022, 40.860114489156757 ], [ -73.82662525574257, 40.86020648307381 ], [ -73.826570928783511, 40.860109754154067 ] ] ] ] } },
{ "type": "Feature", "properties": { "Borough": "BX", "Block": 5134, "Lot": 3, "CD": 210, "BCT2020": "2030201", "BCTCB2020": "20302011004", "CT2010": "302", "CB2010": "3007", "SchoolDist": "11", "Council": 12, "ZipCode": 10475, "FireComp": "E066", "PolicePrct": 45, "HealthCent": 24, "HealthArea": 710, "Sanitboro": "2", "SanitDistr": "10", "SanitSub": "1D", "Address": "2220 PALMER AVENUE", "ZoneDist1": "R3A", "ZoneDist2": null, "ZoneDist3": null, "ZoneDist4": null, "Overlay1": null, "Overlay2": null, "SPDist1": null, "SPDist2": null, "SPDist3": null, "LtdHeight": null, "SplitZone": "N", "BldgClass": "B2", "LandUse": "01", "Easements": 0, "OwnerType": null, "OwnerName": "ROBERT WASHINGTON", "LotArea": 4750, "BldgArea": 1070, "ComArea": 0, "ResArea": 526, "OfficeArea": 0, "RetailArea": 0, "GarageArea": 0, "StrgeArea": 0, "FactryArea": 0, "OtherArea": 0, "AreaSource": "2", "NumBldgs": 1, "NumFloors": 1.0, "UnitsRes": 2, "UnitsTotal": 2, "LotFront": 50.0, "LotDepth": 95.0, "BldgFront": 25.0, "BldgDepth": 48.5, "Ext": "G", "ProxCode": "1", "IrrLotCode": "N", "LotType": "5", "BsmtCode": "1", "AssessLand": 9300.0, "AssessTot": 46260.0, "ExemptTot": 0.0, "YearBuilt": 1966, "YearAlter1": 0, "YearAlter2": 0, "HistDist": null, "Landmark": null, "BuiltFAR": 0.23, "ResidFAR": 0.75, "CommFAR": 0.0, "FacilFAR": 1.0, "BoroCode": 2, "BBL": 2051340002.9999998, "CondoNo": 0, "Tract2010": "0302", "XCoord": 1032535, "YCoord": 252859, "ZoneMap": "4a", "ZMCode": null, "Sanborn": "218 056", "TaxMap": "21710", "EDesigNum": null, "APPBBL": 0.0, "APPDate": null, "PLUTOMapID": "1", "FIRM07_FLA": null, "PFIRM15_FL": null, "Version": "25v4", "DCPEdited": null, "Latitude": 40.8605822, "Longitude": -73.8254419, "Notes": null, "Shape_Leng": 0.0, "Shape_Area": 4671.4550651 }, "geometry": { "type": "MultiPolygon", "coordinates": [ [ [ [ -73.825279244861107, 40.8606271717711 ], [ -73.825247228825759, 40.860570866731322 ], [ -73.82556372843186, 40.860469857893222 ], [ -73.825634214170378, 40.860593816510743 ], [ -73.825317715292925, 40.860694825625444 ], [ -73.825279244861107, 40.8606271717711 ] ] ] ] } },
{ "type": "Feature", "properties": { "Borough": "BX", "Block": 5134, "Lot": 15, "CD": 210, "BCT2020": "2030201", "BCTCB2020": "20302011004", "CT2010": "302", "CB2010": "3007", "SchoolDist": "11", "Council": 12, "ZipCode": 10475, "FireComp": "E066", "PolicePrct": 45, "HealthCent": 24, "HealthArea": 710, "Sanitboro": "2", "SanitDistr": "10", "SanitSub": "1D", "Address": "2231 BOLLER AVENUE", "ZoneDist1": "R3A", "ZoneDist2": null, "ZoneDist3": null, "ZoneDist4": null, "Overlay1": null, "Overlay2": null, "SPDist1": null, "SPDist2": null, "SPDist3": null, "LtdHeight": null, "SplitZone": "N", "BldgClass": "B1", "LandUse": "01", "Easements": 0, "OwnerType": null, "OwnerName": "ALMANZAR, ELIZABETH", "LotArea": 3325, "BldgArea": 2290, "ComArea": 0, "ResArea": 2290, "OfficeArea": 0, "RetailArea": 0, "GarageArea": 0, "StrgeArea": 0, "FactryArea": 0, "OtherArea": 0, "AreaSource": "2", "NumBldgs": 1, "NumFloors": 2.0, "UnitsRes": 2, "UnitsTotal": 2, "LotFront": 35.0, "LotDepth": 95.0, "BldgFront": 20.0, "BldgDepth": 57.0, "Ext": null, "ProxCode": "1", "IrrLotCode": "N", "LotType": "5", "BsmtCode": "2", "AssessLand": 11220.0, "AssessTot": 62700.0, "ExemptTot": 0.0, "YearBuilt": 2015, "YearAlter1": 0, "YearAlter2": 0, "HistDist": null, "Landmark": null, "BuiltFAR": 0.69, "ResidFAR": 0.75, "CommFAR": 0.0, "FacilFAR": 1.0, "BoroCode": 2, "BBL": 2051340015.0, "CondoNo": 0, "Tract2010": "0302", "XCoord": 1032586, "YCoord": 252981, "ZoneMap": "4a", "ZMCode": null, "Sanborn": "218 056", "TaxMap": "21710", "EDesigNum": null, "APPBBL": 2051340015.0, "APPDate": "02/16/2017", "PLUTOMapID": "1", "FIRM07_FLA": null, "PFIRM15_FL": null, "Version": "25v4", "DCPEdited": null, "Latitude": 40.8609168, "Longitude": -73.8252566, "Notes": null, "Shape_Leng": 0.0, "Shape_Area": 3342.475614 }, "geometry": { "type": "MultiPolygon", "coordinates": [ [ [ [ -73.82543983796738, 40.860909597188083 ], [ -73.825115783968968, 40.861013015724787 ], [ -73.825067223286027, 40.86092604714235 ], [ -73.825390523152038, 40.86082286895428 ], [ -73.82542657953438, 40.860886282291268 ], [ -73.82543983796738, 40.860909597188083 ] ] ] ] } },
{ "type": "Feature", "properties": { "Borough": "BX", "Block": 5134, "Lot": 20, "CD": 210, "BCT2020": "2030201", "BCTCB2020": "20302011004", "CT2010": "302", "CB2010": "3007", "SchoolDist": "11", "Council": 12, "ZipCode": 10475, "FireComp": "E066", "PolicePrct": 45, "HealthCent": 24, "HealthArea": 710, "Sanitboro": "2", "SanitDistr": "10", "SanitSub": "1D", "Address": "2225 BOLLER AVENUE", "ZoneDist1": "R3A", "ZoneDist2": null, "ZoneDist3": null, "ZoneDist4": null, "Overlay1": null, "Overlay2": null, "SPDist1": null, "SPDist2": null, "SPDist3": null, "LtdHeight": null, "SplitZone": "N", "BldgClass": "V0", "LandUse": "11", "Easements": 0, "OwnerType": null, "OwnerName": "MER DC LLC", "LotArea": 2375, "BldgArea": 0, "ComArea": 0, "ResArea": 0, "OfficeArea": 0, "RetailArea": 0, "GarageArea": 0, "StrgeArea": 0, "FactryArea": 0, "OtherArea": 0, "AreaSource": "7", "NumBldgs": 0, "NumFloors": 0.0, "UnitsRes": 0, "UnitsTotal": 0, "LotFront": 25.0, "LotDepth": 95.0, "BldgFront": 0.0, "BldgDepth": 0.0, "Ext": null, "ProxCode": "0", "IrrLotCode": "N", "LotType": "5", "BsmtCode": "5", "AssessLand": 5580.0, "AssessTot": 5580.0, "ExemptTot": 0.0, "YearBuilt": 0, "YearAlter1": 0, "YearAlter2": 0, "HistDist": null, "Landmark": null, "BuiltFAR": 0.0, "ResidFAR": 0.75, "CommFAR": 0.0, "FacilFAR": 1.0, "BoroCode": 2, "BBL": 2051340020.0, "CondoNo": 0, "Tract2010": "0302", "XCoord": 1032619, "YCoord": 252906, "ZoneMap": "4a", "ZMCode": null, "Sanborn": "218 056", "TaxMap": "21710", "EDesigNum": null, "APPBBL": 0.0, "APPDate": null, "PLUTOMapID": "1", "FIRM07_FLA": null, "PFIRM15_FL": null, "Version": "25v4", "DCPEdited": null, "Latitude": 40.8607107, "Longitude": -73.8251379, "Notes": null, "Shape_Leng": 0.0, "Shape_Area": 2592.9686562000002 }, "geometry": { "type": "MultiPolygon", "coordinates": [ [ [ [ -73.824957649208102, 40.860729806447132 ], [ -73.825279244861107, 40.8606271717711 ], [ -73.825317715292925, 40.860694825625444 ], [ -73.824995529471678, 40.860797646824174 ], [ -73.824957649208102, 40.860729806447132 ] ] ] ] } },
{ "type": "Feature", "properties": { "Borough": "BX", "Block": 5134, "Lot": 38, "CD": 210, "BCT2020": "2030201", "BCTCB2020": "20302011002", "CT2010": "302", "CB2010": "3002", "SchoolDist": "11", "Council": 12, "ZipCode": 10475, "FireComp": "E066", "PolicePrct": 45, "HealthCent": 24, "HealthArea": 710, "Sanitboro": "2", "SanitDistr": "10", "SanitSub": "1D", "Address": "2324 PALMER AVENUE", "ZoneDist1": "R3A", "ZoneDist2": null, "ZoneDist3": null, "ZoneDist4": null, "Overlay1": null, "Overlay2": null, "SPDist1": null, "SPDist2": null, "SPDist3": null, "LtdHeight": null, "SplitZone": "N", "BldgClass": "A2", "LandUse": "01", "Easements": 0, "OwnerType": null, "OwnerName": "COTTES, ERIC", "LotArea": 4750, "BldgArea": 600, "ComArea": 0, "ResArea": 600, "OfficeArea": 0, "RetailArea": 0, "GarageArea": 0, "StrgeArea": 0, "FactryArea": 0, "OtherArea": 0, "AreaSource": "2", "NumBldgs": 2, "NumFloors": 1.0, "UnitsRes": 1, "UnitsTotal": 1, "LotFront": 50.0, "LotDepth": 95.0, "BldgFront": 15.0, "BldgDepth": 20.0, "Ext": "N", "ProxCode": "1", "IrrLotCode": "N", "LotType": "5", "BsmtCode": "5", "AssessLand": 13140.0, "AssessTot": 22200.0, "ExemptTot": 12540.0, "YearBuilt": 1938, "YearAlter1": 0, "YearAlter2": 0, "HistDist": null, "Landmark": null, "BuiltFAR": 0.13, "ResidFAR": 0.75, "CommFAR": 0.0, "FacilFAR": 1.0, "BoroCode": 2, "BBL": 2051340038.0, "CondoNo": 0, "Tract2010": "0302", "XCoord": 1032338, "YCoord": 253318, "ZoneMap": "4a", "ZMCode": null, "Sanborn": "218 056", "TaxMap": "21710", "EDesigNum": null, "APPBBL": 2051340038.0, "APPDate": "02/06/2014", "PLUTOMapID": "1", "FIRM07_FLA": "1", "PFIRM15_FL": null, "Version": "25v4", "DCPEdited": null, "Latitude": 40.8618431, "Longitude": -73.8261508, "Notes": null, "Shape_Leng": 0.0, "Shape_Area": 5012.452023 }, "geometry": { "type": "MultiPolygon", "coordinates": [ [ [ [ -73.825950243261289, 40.861831807574717 ], [ -73.826276025244709, 40.861726273242901 ], [ -73.826313540112736, 40.861792187295983 ], [ -73.826349388978926, 40.861855176790307 ], [ -73.82602360758122, 40.86196071224844 ], [ -73.826007365054593, 40.86193217361005 ], [ -73.825987757753154, 40.861897722653637 ], [ -73.825959783038698, 40.861848568477043 ], [ -73.825950243261289, 40.861831807574717 ] ] ] ] } },
{ "type": "Feature", "properties": { "Borough": "BX", "Block": 5134, "Lot": 69, "CD": 210, "BCT2020": "2030201", "BCTCB2020": "20302011002", "CT2010": "302", "CB2010": "3002", "SchoolDist": "11", "Council": 12, "ZipCode": 10475, "FireComp": "E066", "PolicePrct": 45, "HealthCent": 24, "HealthArea": 710, "Sanitboro": "2", "SanitDistr": "10", "SanitSub": "1D", "Address": "BOLLER AVENUE", "ZoneDist1": "R3A", "ZoneDist2": null, "ZoneDist3": null, "ZoneDist4": null, "Overlay1": null, "Overlay2": null, "SPDist1": null, "SPDist2": null, "SPDist3": null, "LtdHeight": null, "SplitZone": "N", "BldgClass": "V0", "LandUse": "11", "Easements": 0, "OwnerType": null, "OwnerName": "TORRES, OMAR", "LotArea": 2375, "BldgArea": 0, "ComArea": 0, "ResArea": 0, "OfficeArea": 0, "RetailArea": 0, "GarageArea": 0, "StrgeArea": 0, "FactryArea": 0, "OtherArea": 0, "AreaSource": "7", "NumBldgs": 0, "NumFloors": 0.0, "UnitsRes": 0, "UnitsTotal": 0, "LotFront": 25.0, "LotDepth": 95.0, "BldgFront": 0.0, "BldgDepth": 0.0, "Ext": null, "ProxCode": "0", "IrrLotCode": "N", "LotType": "5", "BsmtCode": "5", "AssessLand": 5580.0, "AssessTot": 5580.0, "ExemptTot": 0.0, "YearBuilt": 0, "YearAlter1": 0, "YearAlter2": 0, "HistDist": null, "Landmark": null, "BuiltFAR": 0.0, "ResidFAR": 0.75, "CommFAR": 0.0, "FacilFAR": 1.0, "BoroCode": 2, "BBL": 2051340069.0, "CondoNo": 0, "Tract2010": "0302", "XCoord": 1032452, "YCoord": 253300, "ZoneMap": "4a", "ZMCode": null, "Sanborn": "218 056", "TaxMap": "21710", "EDesigNum": null, "APPBBL": 0.0, "APPDate": null, "PLUTOMapID": "1", "FIRM07_FLA": "1", "PFIRM15_FL": null, "Version": "25v4", "DCPEdited": null, "Latitude": 40.8617931, "Longitude": -73.8257388, "Notes": null, "Shape_Leng": 0.0, "Shape_Area": 2566.9235985 }, "geometry": { "type": "MultiPolygon", "coordinates": [ [ [ [ -73.825556408430259, 40.861813645418287 ], [ -73.825880210992011, 40.861708753045285 ], [ -73.825917954369871, 40.86177507189786 ], [ -73.825593193598721, 40.861880274470295 ], [ -73.825556408430259, 40.861813645418287 ] ] ] ] } },
{ "type": "Feature", "properties": { "Borough": "BX", "Block": 5134, "Lot": 76, "CD": 210, "BCT2020": "2030201", "BCTCB2020": "20302011002", "CT2010": "302", "CB2010": "3002", "SchoolDist": "11", "Council": 12, "ZipCode": 10475, "FireComp": "E066", "PolicePrct": 45, "HealthCent": 24, "HealthArea": 710, "Sanitboro": "2", "SanitDistr": "10", "SanitSub": "1D", "Address": "2301 BOLLER AVENUE", "ZoneDist1": "R3A", "ZoneDist2": null, "ZoneDist3": null, "ZoneDist4": null, "Overlay1": null, "Overlay2": null, "SPDist1": null, "SPDist2": null, "SPDist3": null, "LtdHeight": null, "SplitZone": "N", "BldgClass": "B3", "LandUse": "01", "Easements": 0, "OwnerType": null, "OwnerName": "MANNO CAROL", "LotArea": 6650, "BldgArea": 1532, "ComArea": 0, "ResArea": 1107, "OfficeArea": 0, "RetailArea": 0, "GarageArea": 0, "StrgeArea": 0, "FactryArea": 0, "OtherArea": 0, "AreaSource": "2", "NumBldgs": 2, "NumFloors": 1.5, "UnitsRes": 2, "UnitsTotal": 2, "LotFront": 70.0, "LotDepth": 95.0, "BldgFront": 26.0, "BldgDepth": 30.0, "Ext": "G", "ProxCode": "1", "IrrLotCode": "N", "LotType": "3", "BsmtCode": "1", "AssessLand": 13860.0, "AssessTot": 49320.0, "ExemptTot": 0.0, "YearBuilt": 1925, "YearAlter1": 0, "YearAlter2": 0, "HistDist": null, "Landmark": null, "BuiltFAR": 0.23, "ResidFAR": 0.75, "CommFAR": 0.0, "FacilFAR": 1.0, "BoroCode": 2, "BBL": 2051340076.0, "CondoNo": 0, "Tract2010": "0302", "XCoord": 1032531, "YCoord": 253116, "ZoneMap": "4a", "ZMCode": null, "Sanborn": "218 056", "TaxMap": "21710", "EDesigNum": null, "APPBBL": 0.0, "APPDate": null, "PLUTOMapID": "1", "FIRM07_FLA": null, "PFIRM15_FL": null, "Version": "25v4", "DCPEdited": null, "Latitude": 40.8612876, "Longitude": -73.8254545, "Notes": null, "Shape_Leng": 0.0, "Shape_Area": 6672.5638362 }, "geometry": { "type": "MultiPolygon", "coordinates": [ [ [ [ -73.825560799982668, 40.861147523132765 ], [ -73.825631063613642, 40.861270982625939 ], [ -73.825661175955076, 40.861323893391521 ], [ -73.825342938938832, 40.861426982708672 ], [ -73.825245111141982, 40.861249784887086 ], [ -73.825560799982668, 40.861147523132765 ] ] ] ] } },
{ "type": "Feature", "properties": { "Borough": "BX", "Block": 5134, "Lot": 105, "CD": 210, "BCT2020": "2030201", "BCTCB2020": "20302011004", "CT2010": "302", "CB2010": "3007", "SchoolDist": "11", "Council": 12, "ZipCode": 10475, "FireComp": "E066", "PolicePrct": 45, "HealthCent": 24, "HealthArea": 710, "Sanitboro": "2", "SanitDistr": "10", "SanitSub": "1D", "Address": "2230 PALMER AVENUE", "ZoneDist1": "R3A", "ZoneDist2": null, "ZoneDist3": null, "ZoneDist4": null, "Overlay1": null, "Overlay2": null, "SPDist1": null, "SPDist2": null, "SPDist3": null, "LtdHeight": null, "SplitZone": "N", "BldgClass": "B1", "LandUse": "01", "Easements": 0, "OwnerType": null, "OwnerName": "VASQUEZ, FAUSTO", "LotArea": 3800, "BldgArea": 2280, "ComArea": 0, "ResArea": 2280, "OfficeArea": 0, "RetailArea": 0, "GarageArea": 0, "StrgeArea": 0, "FactryArea": 0, "OtherArea": 0, "AreaSource": "2", "NumBldgs": 1, "NumFloors": 2.0, "UnitsRes": 2, "UnitsTotal": 2, "LotFront": 40.0, "LotDepth": 95.0, "BldgFront": 26.0, "BldgDepth": 44.0, "Ext": "N", "ProxCode": "1", "IrrLotCode": "N", "LotType": "5", "BsmtCode": "2", "AssessLand": 13080.0, "AssessTot": 70020.0, "ExemptTot": 1420.0, "YearBuilt": 2005, "YearAlter1": 0, "YearAlter2": 0, "HistDist": null, "Landmark": null, "BuiltFAR": 0.6, "ResidFAR": 0.75, "CommFAR": 0.0, "FacilFAR": 1.0, "BoroCode": 2, "BBL": 2051340105.0, "CondoNo": 0, "Tract2010": "0302", "XCoord": 1032517, "YCoord": 252899, "ZoneMap": "4a", "ZMCode": null, "Sanborn": "218 056", "TaxMap": "21710", "EDesigNum": null, "APPBBL": 2051340007.0, "APPDate": "02/08/2006", "PLUTOMapID": "1", "FIRM07_FLA": null, "PFIRM15_FL": null, "Version": "25v4", "DCPEdited": null, "Latitude": 40.8606921, "Longitude": -73.8255067, "Notes": null, "Shape_Leng": 0.0, "Shape_Area": 3643.5154486000001 }, "geometry": { "type": "MultiPolygon", "coordinates": [ [ [ [ -73.825353567311808, 40.860757877522161 ], [ -73.825317715292925, 40.860694825625444 ], [ -73.825634214170378, 40.860593816510743 ], [ -73.825689190299101, 40.860690498323201 ], [ -73.825372689830857, 40.86079150842135 ], [ -73.825353567311808, 40.860757877522161 ] ] ] ] } },
{ "type": "Feature", "properties": { "Borough": "BX", "Block": 5134, "Lot": 123, "CD": 210, "BCT2020": "2030201", "BCTCB2020": "20302011004", "CT2010": "302", "CB2010": "3007", "SchoolDist": "11", "Council": 12, "ZipCode": 10475, "FireComp": "E066", "PolicePrct": 45, "HealthCent": 24, "HealthArea": 710, "Sanitboro": "2", "SanitDistr": "10", "SanitSub": "1D", "Address": "2221 BOLLER AVENUE", "ZoneDist1": "R3A", "ZoneDist2": null, "ZoneDist3": null, "ZoneDist4": null, "Overlay1": null, "Overlay2": null, "SPDist1": null, "SPDist2": null, "SPDist3": null, "LtdHeight": null, "SplitZone": "N", "BldgClass": "B2", "LandUse": "01", "Easements": 0, "OwnerType": null, "OwnerName": "FRANCIS, DONALD", "LotArea": 2138, "BldgArea": 1800, "ComArea": 0, "ResArea": 1800, "OfficeArea": 0, "RetailArea": 0, "GarageArea": 0, "StrgeArea": 0, "FactryArea": 0, "OtherArea": 0, "AreaSource": "2", "NumBldgs": 1, "NumFloors": 2.0, "UnitsRes": 2, "UnitsTotal": 2, "LotFront": 22.5, "LotDepth": 95.0, "BldgFront": 22.5, "BldgDepth": 40.0, "Ext": "N", "ProxCode": "3", "IrrLotCode": "N", "LotType": "5", "BsmtCode": "2", "AssessLand": 9420.0, "AssessTot": 44700.0, "ExemptTot": 0.0, "YearBuilt": 2001, "YearAlter1": 0, "YearAlter2": 0, "HistDist": null, "Landmark": null, "BuiltFAR": 0.84, "ResidFAR": 0.75, "CommFAR": 0.0, "FacilFAR": 1.0, "BoroCode": 2, "BBL": 2051340123.0, "CondoNo": 0, "Tract2010": "0302", "XCoord": 1032642, "YCoord": 252852, "ZoneMap": "4a", "ZMCode": null, "Sanborn": "218 056", "TaxMap": "21710", "EDesigNum": null, "APPBBL": 2051340024.0000002, "APPDate": "11/30/2001", "PLUTOMapID": "1", "FIRM07_FLA": null, "PFIRM15_FL": null, "Version": "25v4", "DCPEdited": null, "Latitude": 40.8605624, "Longitude": -73.8250551, "Notes": null, "Shape_Leng": 0.0, "Shape_Area": 2103.0225403 }, "geometry": { "type": "MultiPolygon", "coordinates": [ [ [ [ -73.82522873447752, 40.86053834080785 ], [ -73.824907911928307, 40.860640728889862 ], [ -73.824877064186225, 40.860585481798246 ], [ -73.82519740810811, 40.860483247008766 ], [ -73.825212534059304, 40.860509848878671 ], [ -73.82522873447752, 40.86053834080785 ] ] ] ] } },
{ "type": "Feature", "properties": { "Borough": "BX", "Block": 5134, "Lot": 200, "CD": 210, "BCT2020": "2030201", "BCTCB2020": "20302011004", "CT2010": "302", "CB2010": "3007", "SchoolDist": "11", "Council": 12, "ZipCode": 10475, "FireComp": "E066", "PolicePrct": 45, "HealthCent": 24, "HealthArea": 710, "Sanitboro": "2", "SanitDistr": "10", "SanitSub": "1D", "Address": "BOLLER AVENUE", "ZoneDist1": "R3A", "ZoneDist2": null, "ZoneDist3": null, "ZoneDist4": null, "Overlay1": null, "Overlay2": null, "SPDist1": null, "SPDist2": null, "SPDist3": null, "LtdHeight": null, "SplitZone": "N", "BldgClass": "Z0", "LandUse": "01", "Easements": 0, "OwnerType": null, "OwnerName": "FRANCO MR DISTRIBUTION LLC", "LotArea": 3840, "BldgArea": 0, "ComArea": 0, "ResArea": 0, "OfficeArea": 0, "RetailArea": 0, "GarageArea": 0, "StrgeArea": 0, "FactryArea": 0, "OtherArea": 0, "AreaSource": "7", "NumBldgs": 0, "NumFloors": 0.0, "UnitsRes": 0, "UnitsTotal": 0, "LotFront": 32.0, "LotDepth": 120.0, "BldgFront": 0.0, "BldgDepth": 0.0, "Ext": null, "ProxCode": "0", "IrrLotCode": "N", "LotType": "5", "BsmtCode": "5", "AssessLand": 15240.0, "AssessTot": 29820.0, "ExemptTot": 0.0, "YearBuilt": 0, "YearAlter1": 0, "YearAlter2": 0, "HistDist": null, "Landmark": null, "BuiltFAR": 0.0, "ResidFAR": 0.75, "CommFAR": 0.0, "FacilFAR": 1.0, "BoroCode": 2, "BBL": 2051340199.9999998, "CondoNo": 0, "Tract2010": "0302", "XCoord": 1032667, "YCoord": 252762, "ZoneMap": "4a", "ZMCode": null, "Sanborn": "218 056", "TaxMap": "21710", "EDesigNum": null, "APPBBL": 0.0, "APPDate": null, "PLUTOMapID": "1", "FIRM07_FLA": null, "PFIRM15_FL": null, "Version": "25v4", "DCPEdited": null, "Latitude": 40.8603152, "Longitude": -73.8249654, "Notes": null, "Shape_Leng": 0.0, "Shape_Area": 3857.5445417000001 }, "geometry": { "type": "MultiPolygon", "coordinates": [ [ [ [ -73.824739142708694, 40.860338470402688 ], [ -73.825140538413365, 40.86021036717122 ], [ -73.825186390865412, 40.860291007433197 ], [ -73.825103195342464, 40.860317561044674 ], [ -73.824784295567142, 40.860419334886359 ], [ -73.824739142708694, 40.860338470402688 ] ] ] ] } },
{ "type": "Feature", "properties": { "Borough": "BX", "Block": 5135, "Lot": 45, "CD": 210, "BCT2020": "2030201", "BCTCB2020": "20302011001", "CT2010": "302", "CB2010": "3001", "SchoolDist": "11", "Council": 12, "ZipCode": 10475, "FireComp": "E066", "PolicePrct": 45, "HealthCent": 24, "HealthArea": 710, "Sanitboro": "2", "SanitDistr": "10", "SanitSub": "1D", "Address": "2310 BOLLER AVENUE", "ZoneDist1": "R3A", "ZoneDist2": null, "ZoneDist3": null, "ZoneDist4": null, "Overlay1": null, "Overlay2": null, "SPDist1": null, "SPDist2": null, "SPDist3": null, "LtdHeight": null, "SplitZone": "N", "BldgClass": "A1", "LandUse": "01", "Easements": 0, "OwnerType": null, "OwnerName": "BANNISTER, DARREN", "LotArea": 4750, "BldgArea": 960, "ComArea": 0, "ResArea": 960, "OfficeArea": 0, "RetailArea": 0, "GarageArea": 0, "StrgeArea": 0, "FactryArea": 0, "OtherArea": 0, "AreaSource": "2", "NumBldgs": 1, "NumFloors": 2.0, "UnitsRes": 1, "UnitsTotal": 1, "LotFront": 50.0, "LotDepth": 95.0, "BldgFront": 20.0, "BldgDepth": 25.0, "Ext": "N", "ProxCode": "1", "IrrLotCode": "N", "LotType": "5", "BsmtCode": "2", "AssessLand": 10020.0, "AssessTot": 36420.0, "ExemptTot": 1420.0, "YearBuilt": 1931, "YearAlter1": 0, "YearAlter2": 0, "HistDist": null, "Landmark": null, "BuiltFAR": 0.2, "ResidFAR": 0.75, "CommFAR": 0.0, "FacilFAR": 1.0, "BoroCode": 2, "BBL": 2051350045.0000002, "CondoNo": 0, "Tract2010": "0302", "XCoord": 1032628, "YCoord": 253280, "ZoneMap": "4a", "ZMCode": null, "Sanborn": "218 056", "TaxMap": "21710", "EDesigNum": null, "APPBBL": 0.0, "APPDate": null, "PLUTOMapID": "1", "FIRM07_FLA": "1", "PFIRM15_FL": null, "Version": "25v4", "DCPEdited": null, "Latitude": 40.8617372, "Longitude": -73.8251026, "Notes": null, "Shape_Leng": 0.0, "Shape_Area": 4624.4904941000004 }, "geometry": { "type": "MultiPolygon", "coordinates": [ [ [ [ -73.824905642033514, 40.861730108697472 ], [ -73.825225207456171, 40.861626514711091 ], [ -73.825293699666915, 40.861747905004968 ], [ -73.824974132558069, 40.861851498256783 ], [ -73.824905642033514, 40.861730108697472 ] ] ] ] } },
{ "type": "Feature", "properties": { "Borough": "BX", "Block": 5135, "Lot": 76, "CD": 210, "BCT2020": "2030201", "BCTCB2020": "20302011001", "CT2010": "302", "CB2010": "3001", "SchoolDist": "11", "Council": 12, "ZipCode": 10475, "FireComp": "E066", "PolicePrct": 45, "HealthCent": 24, "HealthArea": 710, "Sanitboro": "2", "SanitDistr": "10", "SanitSub": "1D", "Address": "HUNTER AVENUE", "ZoneDist1": "R6", "ZoneDist2": "R3A", "ZoneDist3": null, "ZoneDist4": null, "Overlay1": null, "Overlay2": null, "SPDist1": null, "SPDist2": null, "SPDist3": null, "LtdHeight": null, "SplitZone": "Y", "BldgClass": "V0", "LandUse": "11", "Easements": 0, "OwnerType": "X", "OwnerName": "RIVERBAY CORPORATION", "LotArea": 14980, "BldgArea": 0, "ComArea": 0, "ResArea": 0, "OfficeArea": 0, "RetailArea": 0, "GarageArea": 0, "StrgeArea": 0, "FactryArea": 0, "OtherArea": 0, "AreaSource": "7", "NumBldgs": 0, "NumFloors": 0.0, "UnitsRes": 0, "UnitsTotal": 0, "LotFront": 308.67, "LotDepth": 125.42, "BldgFront": 0.0, "BldgDepth": 0.0, "Ext": null, "ProxCode": "0", "IrrLotCode": "Y", "LotType": "3", "BsmtCode": "5", "AssessLand": 58920.0, "AssessTot": 58920.0, "ExemptTot": 58920.0, "YearBuilt": 0, "YearAlter1": 0, "YearAlter2": 0, "HistDist": null, "Landmark": null, "BuiltFAR": 0.0, "ResidFAR": 2.43, "CommFAR": 0.0, "FacilFAR": 4.8, "BoroCode": 2, "BBL": 2051350076.0, "CondoNo": 0, "Tract2010": "0302", "XCoord": 1032531, "YCoord": 253465, "ZoneMap": "4a", "ZMCode": null, "Sanborn": "218 056", "TaxMap": "21710", "EDesigNum": null, "APPBBL": 0.0, "APPDate": null, "PLUTOMapID": "1", "FIRM07_FLA": "1", "PFIRM15_FL": null, "Version": "25v4", "DCPEdited": null, "Latitude": 40.8622455, "Longitude": -73.825452, "Notes": null, "Shape_Leng": 0.0, "Shape_Area": 15602.2582231 }, "geometry": { "type": "MultiPolygon", "coordinates": [ [ [ [ -73.824575648005833, 40.861837081640893 ], [ -73.824905642033514, 40.861730108697472 ], [ -73.824974132558069, 40.861851498256783 ], [ -73.825086444609141, 40.862050548968149 ], [ -73.825110705904535, 40.862093553646154 ], [ -73.825120814145123, 40.862111471729563 ], [ -73.825139379396091, 40.862105453953291 ], [ -73.825440384593264, 40.862007876238593 ], [ -73.825604317145135, 40.862298413623733 ], [ -73.825622935451506, 40.862331409742794 ], [ -73.824617032043548, 40.861910408706606 ], [ -73.824587396017264, 40.861857896362473 ], [ -73.824575648005833, 40.861837081640893 ] ] ] ] } },
{ "type": "Feature", "properties": { "Borough": "BX", "Block": 5135, "Lot": 100, "CD": 210, "BCT2020": "2030201", "BCTCB2020": "20302012002", "CT2010": "302", "CB2010": "1001", "SchoolDist": "11", "Council": 12, "ZipCode": 10475, "FireComp": "E066", "PolicePrct": 45, "HealthCent": 24, "HealthArea": 710, "Sanitboro": "2", "SanitDistr": "10", "SanitSub": "1D", "Address": "BOLLER AVENUE", "ZoneDist1": "R3-2", "ZoneDist2": "PARK", "ZoneDist3": null, "ZoneDist4": null, "Overlay1": null, "Overlay2": null, "SPDist1": null, "SPDist2": null, "SPDist3": null, "LtdHeight": null, "SplitZone": "Y", "BldgClass": "U6", "LandUse": "07", "Easements": 0, "OwnerType": "X", "OwnerName": "PENN CENTRAL COMPANY", "LotArea": 287729, "BldgArea": 0, "ComArea": 0, "ResArea": 0, "OfficeArea": 0, "RetailArea": 0, "GarageArea": 0, "StrgeArea": 0, "FactryArea": 0, "OtherArea": 0, "AreaSource": "7", "NumBldgs": 3, "NumFloors": 0.0, "UnitsRes": 0, "UnitsTotal": 0, "LotFront": 1461.0, "LotDepth": 149.5, "BldgFront": 0.0, "BldgDepth": 0.0, "Ext": "N", "ProxCode": "0", "IrrLotCode": "Y", "LotType": "5", "BsmtCode": "0", "AssessLand": 0.0, "AssessTot": 0.0, "ExemptTot": 0.0, "YearBuilt": 0, "YearAlter1": 0, "YearAlter2": 0, "HistDist": null, "Landmark": null, "BuiltFAR": 0.0, "ResidFAR": 0.75, "CommFAR": 0.0, "FacilFAR": 1.0, "BoroCode": 2, "BBL": 2051350100.0, "CondoNo": 0, "Tract2010": "0302", "XCoord": 1033736, "YCoord": 253122, "ZoneMap": "4c", "ZMCode": "Y", "Sanborn": "218 055", "TaxMap": "21710", "EDesigNum": null, "APPBBL": 0.0, "APPDate": null, "PLUTOMapID": "1", "FIRM07_FLA": "1", "PFIRM15_FL": "1", "Version": "25v4", "DCPEdited": "t", "Latitude": 40.8612974, "Longitude": -73.8210981, "Notes": null, "Shape_Leng": 0.0, "Shape_Area": 280543.48920200003 }, "geometry": { "type": "MultiPolygon", "coordinates": [ [ [ [ -73.819190631562421, 40.861868797881002 ], [ -73.819539786354127, 40.861656499961683 ], [ -73.819510215133676, 40.861631844146324 ], [ -73.819621116088015, 40.861568438421969 ], [ -73.819959214286683, 40.86137513859078 ], [ -73.820366646957311, 40.861184782378317 ], [ -73.82084609977592, 40.861007191266133 ], [ -73.821693549510357, 40.860736871629619 ], [ -73.82266419235367, 40.860429967286876 ], [ -73.823687349372534, 40.860108028409776 ], [ -73.824312018669943, 40.859846127354473 ], [ -73.824511837589782, 40.860194965939932 ], [ -73.82421558215114, 40.86030203876178 ], [ -73.823935446114746, 40.860382940092592 ], [ -73.823562111222614, 40.860490756242143 ], [ -73.822134416579061, 40.860965665736856 ], [ -73.821635390432661, 40.861149728861108 ], [ -73.82142436931295, 40.861240759881682 ], [ -73.820972967703526, 40.861448162708754 ], [ -73.820518179290715, 40.861688580492789 ], [ -73.82012627534084, 40.861915485420361 ], [ -73.820175374180366, 40.861962290448005 ], [ -73.819971515462498, 40.862108730054956 ], [ -73.819484472927087, 40.862501345063428 ], [ -73.819281617805999, 40.862694429517546 ], [ -73.81925957785495, 40.862686555288121 ], [ -73.819217988591546, 40.862672824223985 ], [ -73.819169651562888, 40.862658227064081 ], [ -73.819058350510531, 40.862629010559594 ], [ -73.81902012651959, 40.862619129835771 ], [ -73.81897740237541, 40.862608385533129 ], [ -73.818968410420823, 40.862605809525121 ], [ -73.818925692105694, 40.862592931158346 ], [ -73.818904338322298, 40.862585209194279 ], [ -73.8188874763093, 40.862580057088827 ], [ -73.818873993598217, 40.862574058393903 ], [ -73.818852641947046, 40.862564628192423 ], [ -73.818833543978144, 40.862554349715673 ], [ -73.81882231010691, 40.862548351871425 ], [ -73.818807712216199, 40.862538079542226 ], [ -73.818797608512597, 40.86253037699862 ], [ -73.818787508365503, 40.862520966313582 ], [ -73.818779660570343, 40.862511558247398 ], [ -73.818748267137366, 40.86247136400771 ], [ -73.818743785704058, 40.862464523954827 ], [ -73.818731462376348, 40.862445713120358 ], [ -73.818721397140195, 40.862423061626508 ], [ -73.818715810986873, 40.862408961006132 ], [ -73.818713593566329, 40.862396998985325 ], [ -73.818712508746799, 40.862382478617342 ], [ -73.818713675079863, 40.862367104535785 ], [ -73.81871709963508, 40.862349172957259 ], [ -73.818722783528656, 40.862327828555713 ], [ -73.818737559563047, 40.862272333672628 ], [ -73.818748888858124, 40.862243308808218 ], [ -73.818755678505568, 40.862228800822265 ], [ -73.818763586787114, 40.862216855643339 ], [ -73.818772617258844, 40.86220576404174 ], [ -73.818781645276374, 40.862195530609675 ], [ -73.818834644849446, 40.862150345268368 ], [ -73.818921470392539, 40.862077879433883 ], [ -73.819052271711385, 40.861968755994155 ], [ -73.819090676585574, 40.861938267400731 ], [ -73.819190631562421, 40.861868797881002 ] ] ] ] } },
{ "type": "Feature", "properties": { "Borough": "BX", "Block": 5141, "Lot": 103, "CD": 210, "BCT2020": "2046205", "BCTCB2020": "20462055004", "CT2010": "462.01", "CB2010": "9003", "SchoolDist": "11", "Council": 12, "ZipCode": 10475, "FireComp": "E066", "PolicePrct": 45, "HealthCent": 24, "HealthArea": 710, "Sanitboro": "2", "SanitDistr": "10", "SanitSub": null, "Address": "21 ASCH LOOP", "ZoneDist1": "R6", "ZoneDist2": "C7", "ZoneDist3": null, "ZoneDist4": null, "Overlay1": null, "Overlay2": null, "SPDist1": null, "SPDist2": null, "SPDist3": null, "LtdHeight": null, "SplitZone": "Y", "BldgClass": "Y1", "LandUse": "08", "Easements": 0, "OwnerType": "C", "OwnerName": "FIRE DEPARTMENT OF NEW YORK", "LotArea": 10625, "BldgArea": 8320, "ComArea": 8320, "ResArea": 0, "OfficeArea": 0, "RetailArea": 0, "GarageArea": 8320, "StrgeArea": 0, "FactryArea": 0, "OtherArea": 0, "AreaSource": "2", "NumBldgs": 1, "NumFloors": 2.0, "UnitsRes": 0, "UnitsTotal": 0, "LotFront": 85.0, "LotDepth": 125.0, "BldgFront": 80.0, "BldgDepth": 52.0, "Ext": "N", "ProxCode": "0", "IrrLotCode": "N", "LotType": "5", "BsmtCode": "0", "AssessLand": 95400.0, "AssessTot": 1234350.0, "ExemptTot": 1234350.0, "YearBuilt": 1973, "YearAlter1": 0, "YearAlter2": 0, "HistDist": null, "Landmark": null, "BuiltFAR": 0.78, "ResidFAR": 2.43, "CommFAR": 0.0, "FacilFAR": 4.8, "BoroCode": 2, "BBL": 2051410103.0, "CondoNo": 0, "Tract2010": "046201", "XCoord": 1030955, "YCoord": 256195, "ZoneMap": "4a", "ZMCode": null, "Sanborn": "222 082", "TaxMap": "21710", "EDesigNum": null, "APPBBL": 0.0, "APPDate": null, "PLUTOMapID": "1", "FIRM07_FLA": null, "PFIRM15_FL": null, "Version": "25v4", "DCPEdited": "t", "Latitude": 40.869747, "Longitude": -73.8311306, "Notes": null, "Shape_Leng": 0.0, "Shape_Area": 10991.2500642 }, "geometry": { "type": "MultiPolygon", "coordinates": [ [ [ [ -73.830867243918163, 40.869684557492697 ], [ -73.830912724626472, 40.869672754882252 ], [ -73.831281065733819, 40.86957717071644 ], [ -73.831394756621776, 40.869807816989898 ], [ -73.830970015317561, 40.869918037324283 ], [ -73.830867243918163, 40.869684557492697 ] ] ] ] } },
{ "type": "Feature", "properties": { "Borough": "BX", "Block": 5141, "Lot": 150, "CD": 210, "BCT2020": "2046205", "BCTCB2020": "20462053000", "CT2010": "462.01", "CB2010": "8005", "SchoolDist": "11", "Council": 12, "ZipCode": 10475, "FireComp": "E066", "PolicePrct": 45, "HealthCent": 24, "HealthArea": 710, "Sanitboro": "2", "SanitDistr": "10", "SanitSub": null, "Address": "750 BAYCHESTER AVENUE", "ZoneDist1": "R6", "ZoneDist2": null, "ZoneDist3": null, "ZoneDist4": null, "Overlay1": null, "Overlay2": null, "SPDist1": null, "SPDist2": null, "SPDist3": null, "LtdHeight": null, "SplitZone": "N", "BldgClass": "W1", "LandUse": "08", "Easements": 1, "OwnerType": "C", "OwnerName": "NYC DEPARTMENT OF EDUCATION", "LotArea": 2720000, "BldgArea": 1132500, "ComArea": 1132500, "ResArea": 0, "OfficeArea": 1132500, "RetailArea": 0, "GarageArea": 0, "StrgeArea": 0, "FactryArea": 0, "OtherArea": 0, "AreaSource": "2", "NumBldgs": 5, "NumFloors": 2.0, "UnitsRes": 0, "UnitsTotal": 0, "LotFront": 431.08, "LotDepth": 360.58, "BldgFront": 0.0, "BldgDepth": 0.0, "Ext": "N", "ProxCode": "0", "IrrLotCode": "Y", "LotType": "5", "BsmtCode": "0", "AssessLand": 14455350.0, "AssessTot": 126801900.0, "ExemptTot": 126801900.0, "YearBuilt": 1970, "YearAlter1": 0, "YearAlter2": 0, "HistDist": null, "Landmark": null, "BuiltFAR": 0.42, "ResidFAR": 2.43, "CommFAR": 0.0, "FacilFAR": 4.8, "BoroCode": 2, "BBL": 2051410150.0, "CondoNo": 0, "Tract2010": "046201", "XCoord": 1030726, "YCoord": 257765, "ZoneMap": "2b", "ZMCode": null, "Sanborn": "222 082", "TaxMap": "21710", "EDesigNum": null, "APPBBL": 0.0, "APPDate": null, "PLUTOMapID": "1", "FIRM07_FLA": null, "PFIRM15_FL": null, "Version": "25v4", "DCPEdited": "t", "Latitude": 40.8740574, "Longitude": -73.8319477, "Notes": null, "Shape_Leng": 0.0, "Shape_Area": 1167177.69196 }, "geometry": { "type": "MultiPolygon", "coordinates": [ [ [ [ -73.833223053554079, 40.87178859883813 ], [ -73.833242438446376, 40.87182311752894 ], [ -73.83327144725007, 40.871876222703214 ], [ -73.833297877790883, 40.871926238222009 ], [ -73.833321057993174, 40.871971498893849 ], [ -73.833340793176717, 40.872011140076474 ], [ -73.833365117259319, 40.872061516282443 ], [ -73.833396253639563, 40.872128692880516 ], [ -73.833434614549986, 40.872216185131499 ], [ -73.833470773630509, 40.872304270255 ], [ -73.833505047623078, 40.872393824115562 ], [ -73.833537295794287, 40.872507421726645 ], [ -73.833578905175258, 40.872646615755841 ], [ -73.83360555309909, 40.872733195044631 ], [ -73.83362978514711, 40.872827664538356 ], [ -73.833640801475354, 40.872869674843024 ], [ -73.833653797993676, 40.872960871865892 ], [ -73.8336712225817, 40.873076479520634 ], [ -73.833687339886183, 40.873193944847948 ], [ -73.833698509568265, 40.873281393240887 ], [ -73.833707112131066, 40.873354608338012 ], [ -73.833714439971189, 40.873426207066515 ], [ -73.833722047868179, 40.87351719468186 ], [ -73.833728464889475, 40.873593929322631 ], [ -73.833735370465263, 40.87368067819154 ], [ -73.833740905036237, 40.87378390132249 ], [ -73.833747198930823, 40.873901336228379 ], [ -73.83375041231173, 40.873983510664004 ], [ -73.833753768777981, 40.874106219939257 ], [ -73.833756683018777, 40.874280030635028 ], [ -73.83375737940132, 40.874378239136313 ], [ -73.833723418510843, 40.874998135736448 ], [ -73.833718831527747, 40.875081839646285 ], [ -73.833676139551272, 40.875861096878104 ], [ -73.833673504838615, 40.875861012011043 ], [ -73.833517996982337, 40.875855993304036 ], [ -73.833351780693633, 40.875850630212305 ], [ -73.833315888967221, 40.875848744940271 ], [ -73.833272417461586, 40.875845072035851 ], [ -73.83322624223149, 40.875839477999484 ], [ -73.833192226254482, 40.875834218521568 ], [ -73.83314877196517, 40.87582606383441 ], [ -73.833110722265701, 40.875817538735085 ], [ -73.833073508220721, 40.875807919907864 ], [ -73.833043899261796, 40.875799492508563 ], [ -73.833004267042909, 40.875787223532889 ], [ -73.832182468471871, 40.875532794190455 ], [ -73.832128953163078, 40.875635936825539 ], [ -73.832100497114837, 40.875628611307107 ], [ -73.832048832236538, 40.875616721604715 ], [ -73.831999241839753, 40.875606928542616 ], [ -73.831942797740382, 40.875597652266684 ], [ -73.831868794619581, 40.875588417866453 ], [ -73.831772285706094, 40.875580920041592 ], [ -73.831275663970359, 40.875577275716715 ], [ -73.831204565382876, 40.875576753840491 ], [ -73.831169637650063, 40.875573758074125 ], [ -73.831141494203536, 40.875569508823105 ], [ -73.831118469013447, 40.875564619711866 ], [ -73.830359662870521, 40.875318196543397 ], [ -73.830332611047155, 40.875307380575926 ], [ -73.830306482491309, 40.875295100845882 ], [ -73.830268230106299, 40.875273326492035 ], [ -73.830238969046306, 40.875252936865273 ], [ -73.830208202725146, 40.875226881741938 ], [ -73.830184497148664, 40.87520236244324 ], [ -73.830164317180646, 40.875177003715521 ], [ -73.830144161210114, 40.875145020174365 ], [ -73.829762063782539, 40.874369834492093 ], [ -73.829721240254145, 40.874259096698559 ], [ -73.829697750810354, 40.874184232073652 ], [ -73.829677036047102, 40.874107552551003 ], [ -73.829662805034204, 40.874045967688048 ], [ -73.829652258072386, 40.873993004105621 ], [ -73.829639043857512, 40.873911491987478 ], [ -73.829618197466544, 40.873571947217059 ], [ -73.829614223140268, 40.873507226663811 ], [ -73.829610620560928, 40.873481721250222 ], [ -73.829601007909588, 40.873413698382834 ], [ -73.829585226142939, 40.873307863710657 ], [ -73.82958871220066, 40.873305729292888 ], [ -73.829876649872517, 40.873292800323419 ], [ -73.829907032065734, 40.873290990194178 ], [ -73.829936615895122, 40.873287798342993 ], [ -73.829981760958376, 40.87328161287143 ], [ -73.830008960954274, 40.873276334635499 ], [ -73.830046336415108, 40.873268000786013 ], [ -73.830088517896328, 40.873257277773128 ], [ -73.830128893141023, 40.873245378770655 ], [ -73.830173489257248, 40.873230713356691 ], [ -73.83021202351523, 40.873216436122931 ], [ -73.830266564143614, 40.873193451241022 ], [ -73.830310583486565, 40.873172817381231 ], [ -73.830362221243632, 40.873147956065708 ], [ -73.830465117123964, 40.873091214428605 ], [ -73.831003828748166, 40.872724487128608 ], [ -73.831350857899452, 40.872452821915942 ], [ -73.831355516911003, 40.872449349200274 ], [ -73.83136044690491, 40.872446623449989 ], [ -73.831365121609267, 40.872444479925086 ], [ -73.831368339620852, 40.872443223060223 ], [ -73.831372888058297, 40.872441717750398 ], [ -73.831377699311616, 40.872440443387973 ], [ -73.831383249181584, 40.872439346625697 ], [ -73.831387651838412, 40.872438742524217 ], [ -73.831393265284234, 40.872438303161083 ], [ -73.831398696306366, 40.872438222008583 ], [ -73.831402631967123, 40.872438370904504 ], [ -73.831408542980952, 40.872438930693768 ], [ -73.831418799425052, 40.872440896113268 ], [ -73.832425358019435, 40.872633747019293 ], [ -73.833223053554079, 40.87178859883813 ] ] ] ] } },
{ "type": "Feature", "properties": { "Borough": "BX", "Block": 5141, "Lot": 260, "CD": 210, "BCT2020": "2046203", "BCTCB2020": "20462033016", "CT2010": "462.01", "CB2010": "1020", "SchoolDist": "11", "Council": 12, "ZipCode": 10475, "FireComp": "E066", "PolicePrct": 45, "HealthCent": 24, "HealthArea": 710, "Sanitboro": "2", "SanitDistr": "10", "SanitSub": "1D", "Address": "789 CO-OP CITY BOULEVARD", "ZoneDist1": "C4-1", "ZoneDist2": null, "ZoneDist3": null, "ZoneDist4": null, "Overlay1": null, "Overlay2": null, "SPDist1": null, "SPDist2": null, "SPDist3": null, "LtdHeight": null, "SplitZone": "N", "BldgClass": "N2", "LandUse": "08", "Easements": 0, "OwnerType": "X", "OwnerName": "COUNCIL TOWERS V HOUSING DEVELOPMENT FUND CORPORATION", "LotArea": 32396, "BldgArea": 70825, "ComArea": 14755, "ResArea": 56070, "OfficeArea": 0, "RetailArea": 0, "GarageArea": 0, "StrgeArea": 0, "FactryArea": 0, "OtherArea": 14755, "AreaSource": "2", "NumBldgs": 1, "NumFloors": 11.0, "UnitsRes": 70, "UnitsTotal": 70, "LotFront": 183.03, "LotDepth": 349.82, "BldgFront": 98.0, "BldgDepth": 60.0, "Ext": null, "ProxCode": "1", "IrrLotCode": "N", "LotType": "5", "BsmtCode": "2", "AssessLand": 702000.0, "AssessTot": 5711850.0, "ExemptTot": 5711850.0, "YearBuilt": 2010, "YearAlter1": 0, "YearAlter2": 0, "HistDist": null, "Landmark": null, "BuiltFAR": 2.19, "ResidFAR": 1.5, "CommFAR": 1.0, "FacilFAR": 2.0, "BoroCode": 2, "BBL": 2051410260.0, "CondoNo": 0, "Tract2010": "046201", "XCoord": 1031678, "YCoord": 259823, "ZoneMap": "2b", "ZMCode": null, "Sanborn": "222 071", "TaxMap": "21710", "EDesigNum": null, "APPBBL": 2051410260.0, "APPDate": "12/16/1999", "PLUTOMapID": "1", "FIRM07_FLA": null, "PFIRM15_FL": null, "Version": "25v4", "DCPEdited": null, "Latitude": 40.8797009, "Longitude": -73.8284908, "Notes": null, "Shape_Leng": 0.0, "Shape_Area": 34213.913264700001 }, "geometry": { "type": "MultiPolygon", "coordinates": [ [ [ [ -73.828174058861975, 40.879786553457159 ], [ -73.828049852375514, 40.879564320953065 ], [ -73.828073495512683, 40.879556858731121 ], [ -73.828667615762114, 40.879369355271223 ], [ -73.828926634576831, 40.879832791678069 ], [ -73.82876793239781, 40.879885214967757 ], [ -73.828478571069795, 40.879980798612166 ], [ -73.828313161586948, 40.880035438205084 ], [ -73.828174058861975, 40.879786553457159 ] ] ] ] } },
{ "type": "Feature", "properties": { "Borough": "BX", "Block": 5141, "Lot": 300, "CD": 210, "BCT2020": "2046203", "BCTCB2020": "20462033016", "CT2010": "462.01", "CB2010": "1020", "SchoolDist": "11", "Council": 12, "ZipCode": 10475, "FireComp": "E066", "PolicePrct": 45, "HealthCent": 24, "HealthArea": 710, "Sanitboro": null, "SanitDistr": null, "SanitSub": null, "Address": "BAYCHESTER AVENUE", "ZoneDist1": "C4-1", "ZoneDist2": null, "ZoneDist3": null, "ZoneDist4": null, "Overlay1": null, "Overlay2": null, "SPDist1": null, "SPDist2": null, "SPDist3": null, "LtdHeight": null, "SplitZone": "N", "BldgClass": "V1", "LandUse": "11", "Easements": 1, "OwnerType": "C", "OwnerName": "NYC DEPARTMENT OF PARKS AND RECREATION", "LotArea": 339000, "BldgArea": 0, "ComArea": 0, "ResArea": 0, "OfficeArea": 0, "RetailArea": 0, "GarageArea": 0, "StrgeArea": 0, "FactryArea": 0, "OtherArea": 0, "AreaSource": "7", "NumBldgs": 0, "NumFloors": 0.0, "UnitsRes": 0, "UnitsTotal": 0, "LotFront": 488.0, "LotDepth": 549.75, "BldgFront": 0.0, "BldgDepth": 0.0, "Ext": null, "ProxCode": "0", "IrrLotCode": "Y", "LotType": "5", "BsmtCode": "5", "AssessLand": 6856200.0, "AssessTot": 6856200.0, "ExemptTot": 6856200.0, "YearBuilt": 0, "YearAlter1": 0, "YearAlter2": 0, "HistDist": null, "Landmark": null, "BuiltFAR": 0.0, "ResidFAR": 1.5, "CommFAR": 1.0, "FacilFAR": 2.0, "BoroCode": 2, "BBL": 2051410300.0, "CondoNo": 0, "Tract2010": "046201", "XCoord": 1031213, "YCoord": 259842, "ZoneMap": "2b", "ZMCode": null, "Sanborn": "222 066", "TaxMap": "21710", "EDesigNum": null, "APPBBL": 0.0, "APPDate": null, "PLUTOMapID": "1", "FIRM07_FLA": null, "PFIRM15_FL": null, "Version": "25v4", "DCPEdited": "t", "Latitude": 40.8797555, "Longitude": -73.8301722, "Notes": null, "Shape_Leng": 0.0, "Shape_Area": 332213.91753500002 }, "geometry": { "type": "MultiPolygon", "coordinates": [ [ [ [ -73.829465907902758, 40.88138037295613 ], [ -73.829483452456245, 40.881374114392486 ], [ -73.829256388963117, 40.880984513656415 ], [ -73.830156727117028, 40.880443994594422 ], [ -73.829854128272956, 40.879905985595748 ], [ -73.829786003497091, 40.879784860080889 ], [ -73.829785938184202, 40.87978488432897 ], [ -73.829029608986119, 40.878440115038281 ], [ -73.829091335421467, 40.87843240832769 ], [ -73.829214133587968, 40.878420624538499 ], [ -73.829315218286794, 40.878414420374206 ], [ -73.829383519536506, 40.878415545377173 ], [ -73.829445672504832, 40.878419160963091 ], [ -73.829560411839935, 40.878430337370609 ], [ -73.829675886588888, 40.878447626345249 ], [ -73.829750767540816, 40.878462187976638 ], [ -73.82981477518257, 40.878476804700256 ], [ -73.829920816052422, 40.878505623805317 ], [ -73.8299966343791, 40.878529946271634 ], [ -73.830099873248443, 40.878568439462249 ], [ -73.830144525328535, 40.878587145486321 ], [ -73.830284703282175, 40.878655669398661 ], [ -73.830408492158313, 40.878724812030441 ], [ -73.830540884117667, 40.878811116017758 ], [ -73.830636489670525, 40.878883943207931 ], [ -73.830751201593685, 40.878976619018182 ], [ -73.830888609606632, 40.879108086034279 ], [ -73.831398803576022, 40.879618942032394 ], [ -73.831083660238889, 40.879941480997402 ], [ -73.831017995738591, 40.879875603096906 ], [ -73.830645938788336, 40.880183289418675 ], [ -73.830970855706695, 40.880490052634187 ], [ -73.830950941058703, 40.880505154342984 ], [ -73.830390071134246, 40.880930454029674 ], [ -73.830208609900509, 40.88105927301487 ], [ -73.829926462470894, 40.881243471010535 ], [ -73.829700749239592, 40.881385005509657 ], [ -73.829524475254971, 40.881480864161659 ], [ -73.829435753611946, 40.881529112599011 ], [ -73.829432655117472, 40.881530728062437 ], [ -73.829362127213841, 40.881567511349481 ], [ -73.829288758884204, 40.88144355743583 ], [ -73.829365829813781, 40.881416067969852 ], [ -73.829465907902758, 40.88138037295613 ] ] ] ] } },
{ "type": "Feature", "properties": { "Borough": "BX", "Block": 5141, "Lot": 328, "CD": 210, "BCT2020": "2046203", "BCTCB2020": "20462033016", "CT2010": "462.01", "CB2010": "1020", "SchoolDist": "11", "Council": 12, "ZipCode": 10475, "FireComp": "E066", "PolicePrct": 45, "HealthCent": 24, "HealthArea": 710, "Sanitboro": "2", "SanitDistr": "10", "SanitSub": "1D", "Address": "BAYCHESTER AVENUE", "ZoneDist1": "C4-1", "ZoneDist2": null, "ZoneDist3": null, "ZoneDist4": null, "Overlay1": null, "Overlay2": null, "SPDist1": null, "SPDist2": null, "SPDist3": null, "LtdHeight": null, "SplitZone": "N", "BldgClass": "V1", "LandUse": "11", "Easements": 0, "OwnerType": "C", "OwnerName": "NYC DEPARTMENT OF PARKS AND RECREATION", "LotArea": 112100, "BldgArea": 0, "ComArea": 0, "ResArea": 0, "OfficeArea": 0, "RetailArea": 0, "GarageArea": 0, "StrgeArea": 0, "FactryArea": 0, "OtherArea": 0, "AreaSource": "7", "NumBldgs": 0, "NumFloors": 0.0, "UnitsRes": 0, "UnitsTotal": 0, "LotFront": 201.08, "LotDepth": 444.17, "BldgFront": 0.0, "BldgDepth": 0.0, "Ext": null, "ProxCode": "0", "IrrLotCode": "Y", "LotType": "3", "BsmtCode": "5", "AssessLand": 2000700.0, "AssessTot": 2000700.0, "ExemptTot": 2000700.0, "YearBuilt": 0, "YearAlter1": 0, "YearAlter2": 0, "HistDist": null, "Landmark": null, "BuiltFAR": 0.0, "ResidFAR": 1.5, "CommFAR": 1.0, "FacilFAR": 2.0, "BoroCode": 2, "BBL": 2051410328.0000002, "CondoNo": 0, "Tract2010": "046201", "XCoord": 1031582, "YCoord": 260315, "ZoneMap": "2b", "ZMCode": null, "Sanborn": "222 071", "TaxMap": "21710", "EDesigNum": null, "APPBBL": 0.0, "APPDate": null, "PLUTOMapID": "1", "FIRM07_FLA": null, "PFIRM15_FL": null, "Version": "25v4", "DCPEdited": "t", "Latitude": 40.8810518, "Longitude": -73.8288345, "Notes": null, "Shape_Leng": 0.0, "Shape_Area": 108224.165934 }, "geometry": { "type": "MultiPolygon", "coordinates": [ [ [ [ -73.828439199093339, 40.88131679867864 ], [ -73.828427382551183, 40.881009147691259 ], [ -73.828422813984673, 40.880889929513124 ], [ -73.828419302331099, 40.880768505823617 ], [ -73.828421191730357, 40.880654308567678 ], [ -73.82842133661488, 40.880596346939562 ], [ -73.82842147640217, 40.880540359144305 ], [ -73.828421643311543, 40.880473864539432 ], [ -73.828437921028367, 40.880402189091235 ], [ -73.828456246450287, 40.880214683928195 ], [ -73.828589142605352, 40.880170528828685 ], [ -73.828598601653539, 40.880167385784333 ], [ -73.828836321701459, 40.880300100156532 ], [ -73.829465907902758, 40.88138037295613 ], [ -73.829365829813781, 40.881416067969852 ], [ -73.829288758884204, 40.88144355743583 ], [ -73.829362127213841, 40.881567511349481 ], [ -73.828736490598317, 40.881849728139485 ], [ -73.828439199093339, 40.88131679867864 ] ] ] ] } },
{ "type": "Feature", "properties": { "Borough": "BX", "Block": 5141, "Lot": 356, "CD": 210, "BCT2020": "2046203", "BCTCB2020": "20462033016", "CT2010": "462.01", "CB2010": "1020", "SchoolDist": "11", "Council": 12, "ZipCode": 10475, "FireComp": "E066", "PolicePrct": 45, "HealthCent": 24, "HealthArea": 710, "Sanitboro": "2", "SanitDistr": "10", "SanitSub": "1D", "Address": "3321 ROMBOUTS AVENUE", "ZoneDist1": "C4-1", "ZoneDist2": null, "ZoneDist3": null, "ZoneDist4": null, "Overlay1": null, "Overlay2": null, "SPDist1": null, "SPDist2": null, "SPDist3": null, "LtdHeight": null, "SplitZone": "N", "BldgClass": "A2", "LandUse": "01", "Easements": 0, "OwnerType": null, "OwnerName": "BRONX HOSPITALITY GROUP LLC", "LotArea": 2115, "BldgArea": 720, "ComArea": 0, "ResArea": 720, "OfficeArea": 0, "RetailArea": 0, "GarageArea": 0, "StrgeArea": 0, "FactryArea": 0, "OtherArea": 0, "AreaSource": "2", "NumBldgs": 1, "NumFloors": 1.0, "UnitsRes": 1, "UnitsTotal": 1, "LotFront": 44.75, "LotDepth": 55.78, "BldgFront": 20.0, "BldgDepth": 36.0, "Ext": "G", "ProxCode": "1", "IrrLotCode": "Y", "LotType": "5", "BsmtCode": "2", "AssessLand": 9600.0, "AssessTot": 30900.0, "ExemptTot": 0.0, "YearBuilt": 1920, "YearAlter1": 0, "YearAlter2": 0, "HistDist": null, "Landmark": null, "BuiltFAR": 0.34, "ResidFAR": 1.5, "CommFAR": 1.0, "FacilFAR": 2.0, "BoroCode": 2, "BBL": 2051410356.0, "CondoNo": 0, "Tract2010": "046201", "XCoord": 1031717, "YCoord": 260286, "ZoneMap": "2b", "ZMCode": null, "Sanborn": "222 071", "TaxMap": "21710", "EDesigNum": null, "APPBBL": 0.0, "APPDate": null, "PLUTOMapID": "1", "FIRM07_FLA": null, "PFIRM15_FL": null, "Version": "25v4", "DCPEdited": null, "Latitude": 40.8809714, "Longitude": -73.8283465, "Notes": null, "Shape_Leng": 0.0, "Shape_Area": 1957.7222585 }, "geometry": { "type": "MultiPolygon", "coordinates": [ [ [ [ -73.828235747005948, 40.88095208192177 ], [ -73.828422813984673, 40.880889929513124 ], [ -73.828427382551183, 40.881009147691259 ], [ -73.828292566829234, 40.881053939896397 ], [ -73.828235747005948, 40.88095208192177 ] ] ] ] } },
{ "type": "Feature", "properties": { "Borough": "BX", "Block": 5141, "Lot": 361, "CD": 210, "BCT2020": "2046203", "BCTCB2020": "20462033016", "CT2010": "462.01", "CB2010": "1020", "SchoolDist": "11", "Council": 12, "ZipCode": 10475, "FireComp": "E066", "PolicePrct": 45, "HealthCent": 24, "HealthArea": 710, "Sanitboro": "2", "SanitDistr": "10", "SanitSub": "1D", "Address": "3311 ROMBOUTS AVENUE", "ZoneDist1": "C4-1", "ZoneDist2": null, "ZoneDist3": null, "ZoneDist4": null, "Overlay1": null, "Overlay2": null, "SPDist1": null, "SPDist2": null, "SPDist3": null, "LtdHeight": null, "SplitZone": "N", "BldgClass": "B1", "LandUse": "01", "Easements": 0, "OwnerType": "X", "OwnerName": "SUS DEVELOPMENTAL DISABILITIES SERVICES,  INC.", "LotArea": 1908, "BldgArea": 1678, "ComArea": 0, "ResArea": 1678, "OfficeArea": 0, "RetailArea": 0, "GarageArea": 0, "StrgeArea": 0, "FactryArea": 0, "OtherArea": 0, "AreaSource": "2", "NumBldgs": 1, "NumFloors": 2.0, "UnitsRes": 2, "UnitsTotal": 2, "LotFront": 18.75, "LotDepth": 105.75, "BldgFront": 18.75, "BldgDepth": 44.75, "Ext": null, "ProxCode": "2", "IrrLotCode": "Y", "LotType": "5", "BsmtCode": "2", "AssessLand": 8280.0, "AssessTot": 46560.0, "ExemptTot": 46560.0, "YearBuilt": 2011, "YearAlter1": 0, "YearAlter2": 0, "HistDist": null, "Landmark": null, "BuiltFAR": 0.88, "ResidFAR": 1.5, "CommFAR": 1.0, "FacilFAR": 2.0, "BoroCode": 2, "BBL": 2051410361.0, "CondoNo": 0, "Tract2010": "046201", "XCoord": 1031743, "YCoord": 260160, "ZoneMap": "2b", "ZMCode": null, "Sanborn": "222 071", "TaxMap": "21710", "EDesigNum": null, "APPBBL": 2051410361.0, "APPDate": "10/24/2011", "PLUTOMapID": "1", "FIRM07_FLA": null, "PFIRM15_FL": null, "Version": "25v4", "DCPEdited": null, "Latitude": 40.8806255, "Longitude": -73.8282533, "Notes": null, "Shape_Leng": 0.0, "Shape_Area": 1942.6821161 }, "geometry": { "type": "MultiPolygon", "coordinates": [ [ [ [ -73.82842133661488, 40.880596346939562 ], [ -73.828098566426632, 40.880706165268457 ], [ -73.828071025339838, 40.880656796339629 ], [ -73.828398705878399, 40.880547924547635 ], [ -73.82842147640217, 40.880540359144305 ], [ -73.82842133661488, 40.880596346939562 ] ] ] ] } },
{ "type": "Feature", "properties": { "Borough": "BX", "Block": 5141, "Lot": 366, "CD": 210, "BCT2020": "2046203", "BCTCB2020": "20462033016", "CT2010": "462.01", "CB2010": "1020", "SchoolDist": "11", "Council": 12, "ZipCode": 10475, "FireComp": "E066", "PolicePrct": 45, "HealthCent": 24, "HealthArea": 710, "Sanitboro": "2", "SanitDistr": "10", "SanitSub": "1D", "Address": "3303 ROMBOUTS AVENUE", "ZoneDist1": "C4-1", "ZoneDist2": null, "ZoneDist3": null, "ZoneDist4": null, "Overlay1": null, "Overlay2": null, "SPDist1": null, "SPDist2": null, "SPDist3": null, "LtdHeight": null, "SplitZone": "N", "BldgClass": "A2", "LandUse": "01", "Easements": 0, "OwnerType": null, "OwnerName": "DEBORAH MARTES", "LotArea": 5000, "BldgArea": 612, "ComArea": 0, "ResArea": 612, "OfficeArea": 0, "RetailArea": 0, "GarageArea": 0, "StrgeArea": 0, "FactryArea": 0, "OtherArea": 0, "AreaSource": "2", "NumBldgs": 2, "NumFloors": 1.0, "UnitsRes": 1, "UnitsTotal": 1, "LotFront": 50.0, "LotDepth": 100.0, "BldgFront": 24.0, "BldgDepth": 26.0, "Ext": "N", "ProxCode": "1", "IrrLotCode": "N", "LotType": "3", "BsmtCode": "5", "AssessLand": 11760.0, "AssessTot": 23880.0, "ExemptTot": 0.0, "YearBuilt": 1938, "YearAlter1": 0, "YearAlter2": 0, "HistDist": null, "Landmark": null, "BuiltFAR": 0.12, "ResidFAR": 1.5, "CommFAR": 1.0, "FacilFAR": 2.0, "BoroCode": 2, "BBL": 2051410365.9999998, "CondoNo": 0, "Tract2010": "046201", "XCoord": 1031778, "YCoord": 260079, "ZoneMap": "2b", "ZMCode": null, "Sanborn": "222 071", "TaxMap": "21710", "EDesigNum": null, "APPBBL": 0.0, "APPDate": null, "PLUTOMapID": "1", "FIRM07_FLA": null, "PFIRM15_FL": null, "Version": "25v4", "DCPEdited": null, "Latitude": 40.880403, "Longitude": -73.8281273, "Notes": null, "Shape_Leng": 0.0, "Shape_Area": 5242.5294943999997 }, "geometry": { "type": "MultiPolygon", "coordinates": [ [ [ [ -73.828250878046958, 40.880282918050625 ], [ -73.828325610187676, 40.880416885354869 ], [ -73.827997930177133, 40.880525756942085 ], [ -73.827923199674572, 40.880391789430114 ], [ -73.828250878046958, 40.880282918050625 ] ] ] ] } },
{ "type": "Feature", "properties": { "Borough": "BX", "Block": 5141, "Lot": 372, "CD": 210, "BCT2020": "2046203", "BCTCB2020": "20462033016", "CT2010": "462.01", "CB2010": "1020", "SchoolDist": "11", "Council": 12, "ZipCode": 10475, "FireComp": "E066", "PolicePrct": 45, "HealthCent": 24, "HealthArea": 710, "Sanitboro": "2", "SanitDistr": "10", "SanitSub": "1D", "Address": "2227 GIVAN AVENUE", "ZoneDist1": "C4-1", "ZoneDist2": null, "ZoneDist3": null, "ZoneDist4": null, "Overlay1": null, "Overlay2": null, "SPDist1": null, "SPDist2": null, "SPDist3": null, "LtdHeight": null, "SplitZone": "N", "BldgClass": "A2", "LandUse": "01", "Easements": 0, "OwnerType": null, "OwnerName": "GARY KIEFFER T", "LotArea": 3275, "BldgArea": 806, "ComArea": 0, "ResArea": 806, "OfficeArea": 0, "RetailArea": 0, "GarageArea": 0, "StrgeArea": 0, "FactryArea": 0, "OtherArea": 0, "AreaSource": "2", "NumBldgs": 1, "NumFloors": 1.5, "UnitsRes": 1, "UnitsTotal": 1, "LotFront": 59.54, "LotDepth": 100.0, "BldgFront": 30.0, "BldgDepth": 20.0, "Ext": "EG", "ProxCode": "1", "IrrLotCode": "Y", "LotType": "5", "BsmtCode": "2", "AssessLand": 10260.0, "AssessTot": 27960.0, "ExemptTot": 0.0, "YearBuilt": 1930, "YearAlter1": 0, "YearAlter2": 0, "HistDist": null, "Landmark": null, "BuiltFAR": 0.25, "ResidFAR": 1.5, "CommFAR": 1.0, "FacilFAR": 2.0, "BoroCode": 2, "BBL": 2051410372.0, "CondoNo": 0, "Tract2010": "046201", "XCoord": 1031709, "YCoord": 260061, "ZoneMap": "2b", "ZMCode": null, "Sanborn": "222 071", "TaxMap": "21710", "EDesigNum": null, "APPBBL": 0.0, "APPDate": null, "PLUTOMapID": "1", "FIRM07_FLA": null, "PFIRM15_FL": null, "Version": "25v4", "DCPEdited": null, "Latitude": 40.8803539, "Longitude": -73.828377, "Notes": null, "Shape_Leng": 0.0, "Shape_Area": 3583.9316693000001 }, "geometry": { "type": "MultiPolygon", "coordinates": [ [ [ [ -73.82842147640217, 40.880540359144305 ], [ -73.828398705878399, 40.880547924547635 ], [ -73.828325610187676, 40.880416885354869 ], [ -73.828250878046958, 40.880282918050625 ], [ -73.828456246450287, 40.880214683928195 ], [ -73.828437921028367, 40.880402189091235 ], [ -73.828421643311543, 40.880473864539432 ], [ -73.82842147640217, 40.880540359144305 ] ] ] ] } },
{ "type": "Feature", "properties": { "Borough": "BX", "Block": 5141, "Lot": 388, "CD": 210, "BCT2020": "2046203", "BCTCB2020": "20462033015", "CT2010": "462.01", "CB2010": "1010", "SchoolDist": "11", "Council": 12, "ZipCode": 10475, "FireComp": "E066", "PolicePrct": 45, "HealthCent": 24, "HealthArea": 710, "Sanitboro": "2", "SanitDistr": "10", "SanitSub": "1D", "Address": "2242 GIVAN AVENUE", "ZoneDist1": "C4-1", "ZoneDist2": null, "ZoneDist3": null, "ZoneDist4": null, "Overlay1": null, "Overlay2": null, "SPDist1": null, "SPDist2": null, "SPDist3": null, "LtdHeight": null, "SplitZone": "N", "BldgClass": "V9", "LandUse": "11", "Easements": 0, "OwnerType": "C", "OwnerName": "NYC DEPARTMENT OF TRANSPORTATION", "LotArea": 590, "BldgArea": 0, "ComArea": 0, "ResArea": 0, "OfficeArea": 0, "RetailArea": 0, "GarageArea": 0, "StrgeArea": 0, "FactryArea": 0, "OtherArea": 0, "AreaSource": "7", "NumBldgs": 0, "NumFloors": 0.0, "UnitsRes": 0, "UnitsTotal": 0, "LotFront": 11.8, "LotDepth": 100.0, "BldgFront": 0.0, "BldgDepth": 0.0, "Ext": null, "ProxCode": "0", "IrrLotCode": "Y", "LotType": "8", "BsmtCode": "5", "AssessLand": 4005.0, "AssessTot": 4005.0, "ExemptTot": 4005.0, "YearBuilt": 0, "YearAlter1": 0, "YearAlter2": 0, "HistDist": null, "Landmark": null, "BuiltFAR": 0.0, "ResidFAR": 1.5, "CommFAR": 1.0, "FacilFAR": 2.0, "BoroCode": 2, "BBL": 2051410388.0, "CondoNo": 0, "Tract2010": "046201", "XCoord": 1031950, "YCoord": 259969, "ZoneMap": "2b", "ZMCode": null, "Sanborn": "222 071", "TaxMap": "21710", "EDesigNum": null, "APPBBL": 0.0, "APPDate": null, "PLUTOMapID": "1", "FIRM07_FLA": null, "PFIRM15_FL": null, "Version": "25v4", "DCPEdited": "t", "Latitude": 40.8801001, "Longitude": -73.8275061, "Notes": null, "Shape_Leng": 0.0, "Shape_Area": 534.229938 }, "geometry": { "type": "MultiPolygon", "coordinates": [ [ [ [ -73.827431616847292, 40.880025668228022 ], [ -73.827466896645319, 40.880013614797591 ], [ -73.827612692068925, 40.880264396983144 ], [ -73.827431616847292, 40.880025668228022 ] ] ] ] } },
{ "type": "Feature", "properties": { "Borough": "BX", "Block": 5141, "Lot": 438, "CD": 210, "BCT2020": "2046203", "BCTCB2020": "20462033015", "CT2010": "462.01", "CB2010": "1010", "SchoolDist": "11", "Council": 12, "ZipCode": 10475, "FireComp": "E066", "PolicePrct": 45, "HealthCent": 24, "HealthArea": 710, "Sanitboro": "2", "SanitDistr": "10", "SanitSub": null, "Address": "3203 PEARTREE AVENUE", "ZoneDist1": "C4-1", "ZoneDist2": null, "ZoneDist3": null, "ZoneDist4": null, "Overlay1": null, "Overlay2": null, "SPDist1": null, "SPDist2": null, "SPDist3": null, "LtdHeight": null, "SplitZone": "N", "BldgClass": "K7", "LandUse": "05", "Easements": 0, "OwnerType": null, "OwnerName": "APPLE SQUARE LLC", "LotArea": 15000, "BldgArea": 3033, "ComArea": 3033, "ResArea": 0, "OfficeArea": 0, "RetailArea": 3033, "GarageArea": 0, "StrgeArea": 0, "FactryArea": 0, "OtherArea": 0, "AreaSource": "2", "NumBldgs": 1, "NumFloors": 1.0, "UnitsRes": 0, "UnitsTotal": 1, "LotFront": 130.0, "LotDepth": 100.25, "BldgFront": 50.0, "BldgDepth": 61.0, "Ext": "N", "ProxCode": "1", "IrrLotCode": "Y", "LotType": "3", "BsmtCode": "0", "AssessLand": 168750.0, "AssessTot": 906750.0, "ExemptTot": 345600.0, "YearBuilt": 2008, "YearAlter1": 0, "YearAlter2": 0, "HistDist": null, "Landmark": null, "BuiltFAR": 0.2, "ResidFAR": 1.5, "CommFAR": 1.0, "FacilFAR": 2.0, "BoroCode": 2, "BBL": 2051410438.0, "CondoNo": 0, "Tract2010": "046201", "XCoord": 1033012, "YCoord": 260041, "ZoneMap": "2b", "ZMCode": null, "Sanborn": "222 072", "TaxMap": "21710", "EDesigNum": null, "APPBBL": 0.0, "APPDate": null, "PLUTOMapID": "1", "FIRM07_FLA": null, "PFIRM15_FL": null, "Version": "25v4", "DCPEdited": null, "Latitude": 40.8802919, "Longitude": -73.8236652, "Notes": null, "Shape_Leng": 0.0, "Shape_Area": 12748.209740599999 }, "geometry": { "type": "MultiPolygon", "coordinates": [ [ [ [ -73.823528380975745, 40.880127479815137 ], [ -73.823545462446688, 40.880121031370287 ], [ -73.82356572258611, 40.880120743638528 ], [ -73.823612256716132, 40.880123786480091 ], [ -73.823684370609968, 40.880120788287336 ], [ -73.823763884635824, 40.880107852763523 ], [ -73.823883256786729, 40.880073250103422 ], [ -73.823773098778872, 40.88050014458473 ], [ -73.823446248891216, 40.88045963303378 ], [ -73.823518990183246, 40.880136543233931 ], [ -73.823528380975745, 40.880127479815137 ] ] ] ] } },
{ "type": "Feature", "properties": { "Borough": "BX", "Block": 5141, "Lot": 441, "CD": 210, "BCT2020": "2046203", "BCTCB2020": "20462033001", "CT2010": "462.01", "CB2010": "1008", "SchoolDist": "11", "Council": 12, "ZipCode": 10475, "FireComp": "E066", "PolicePrct": 45, "HealthCent": 24, "HealthArea": 710, "Sanitboro": "2", "SanitDistr": "10", "SanitSub": null, "Address": "CO-OP CITY BOULEVARD", "ZoneDist1": "PARK", "ZoneDist2": null, "ZoneDist3": null, "ZoneDist4": null, "Overlay1": null, "Overlay2": null, "SPDist1": null, "SPDist2": null, "SPDist3": null, "LtdHeight": null, "SplitZone": "N", "BldgClass": "Q1", "LandUse": "09", "Easements": 0, "OwnerType": "C", "OwnerName": "NYC DEPARTMENT OF PARKS AND RECREATION", "LotArea": 150587, "BldgArea": 0, "ComArea": 0, "ResArea": 0, "OfficeArea": 0, "RetailArea": 0, "GarageArea": 0, "StrgeArea": 0, "FactryArea": 0, "OtherArea": 0, "AreaSource": "7", "NumBldgs": 1, "NumFloors": 0.0, "UnitsRes": 0, "UnitsTotal": 0, "LotFront": 506.06, "LotDepth": 286.67, "BldgFront": 0.0, "BldgDepth": 0.0, "Ext": "N", "ProxCode": "0", "IrrLotCode": "Y", "LotType": "5", "BsmtCode": "0", "AssessLand": 714150.0, "AssessTot": 847350.0, "ExemptTot": 847350.0, "YearBuilt": 0, "YearAlter1": 0, "YearAlter2": 0, "HistDist": null, "Landmark": null, "BuiltFAR": 0.0, "ResidFAR": 0.0, "CommFAR": 0.0, "FacilFAR": 0.0, "BoroCode": 2, "BBL": 2051410441.0, "CondoNo": 0, "Tract2010": "046201", "XCoord": 1033023, "YCoord": 258410, "ZoneMap": "2b", "ZMCode": null, "Sanborn": "222 074", "TaxMap": "21710", "EDesigNum": null, "APPBBL": 2051410439.9999998, "APPDate": "12/12/2002", "PLUTOMapID": "1", "FIRM07_FLA": "1", "PFIRM15_FL": "1", "Version": "25v4", "DCPEdited": "t", "Latitude": 40.8758153, "Longitude": -73.8236373, "Notes": null, "Shape_Leng": 0.0, "Shape_Area": 142585.95200399999 }, "geometry": { "type": "MultiPolygon", "coordinates": [ [ [ [ -73.822924600332485, 40.876272606742603 ], [ -73.822941747227006, 40.876249936735903 ], [ -73.822956439763288, 40.876226044135379 ], [ -73.822972282063702, 40.876192757510317 ], [ -73.823006238574408, 40.876118499344813 ], [ -73.823023206567981, 40.876085213520362 ], [ -73.823027722366604, 40.876079242120611 ], [ -73.823037884291566, 40.876066446400415 ], [ -73.823041275343073, 40.87606047143349 ], [ -73.823067378334329, 40.875977661902574 ], [ -73.823087789695066, 40.875918756955485 ], [ -73.823095714739623, 40.875900832281339 ], [ -73.823104757594351, 40.875885472037865 ], [ -73.823139769155063, 40.875836839844489 ], [ -73.823167432966486, 40.87580186402019 ], [ -73.823171109046001, 40.875793969688019 ], [ -73.823171415845451, 40.875784786947676 ], [ -73.823170310491761, 40.875777952263213 ], [ -73.823164720038051, 40.875764276957469 ], [ -73.823146804814598, 40.875730939439535 ], [ -73.823143452271907, 40.875721539512654 ], [ -73.823142346880218, 40.875713850254918 ], [ -73.823140212303869, 40.875670284909475 ], [ -73.823140292229724, 40.87566804047016 ], [ -73.82318270576603, 40.8755375129318 ], [ -73.823192368863829, 40.875522600619298 ], [ -73.823203671209399, 40.875503825623255 ], [ -73.823248932967871, 40.875409087754313 ], [ -73.823319079173203, 40.87526655482457 ], [ -73.82332699393811, 40.875252901142737 ], [ -73.823337155529018, 40.875239249063341 ], [ -73.823369882223062, 40.87520428178194 ], [ -73.823428541824498, 40.875148851901024 ], [ -73.823449983163201, 40.87512582313915 ], [ -73.823457887598721, 40.87511558588524 ], [ -73.823464110688946, 40.875102783255954 ], [ -73.823481656381418, 40.875063519911429 ], [ -73.823482689563278, 40.875060602307094 ], [ -73.824309256637719, 40.875228955431979 ], [ -73.824305915607894, 40.875267687651174 ], [ -73.824297327962469, 40.875322370432201 ], [ -73.824290548959141, 40.875365534079975 ], [ -73.824275157294053, 40.875458484511419 ], [ -73.82426275226571, 40.875525603522384 ], [ -73.824245245464212, 40.875610394922894 ], [ -73.824216816956707, 40.875733355914385 ], [ -73.824180434140132, 40.875866127295701 ], [ -73.824155014110161, 40.875951411823465 ], [ -73.824068089930918, 40.876188255065458 ], [ -73.823985446203011, 40.876364315294254 ], [ -73.823913221932386, 40.876506798578554 ], [ -73.823854539064968, 40.876610970446507 ], [ -73.822893546989079, 40.876348307185239 ], [ -73.822924600332485, 40.876272606742603 ] ] ] ] } },
{ "type": "Feature", "properties": { "Borough": "BX", "Block": 5141, "Lot": 448, "CD": 210, "BCT2020": "2046203", "BCTCB2020": "20462033015", "CT2010": "462.01", "CB2010": "1010", "SchoolDist": "11", "Council": 12, "ZipCode": 10475, "FireComp": "E066", "PolicePrct": 45, "HealthCent": 24, "HealthArea": 710, "Sanitboro": "2", "SanitDistr": "10", "SanitSub": null, "Address": "725 CO-OP CITY BOULEVARD", "ZoneDist1": "C4-1", "ZoneDist2": null, "ZoneDist3": null, "ZoneDist4": null, "Overlay1": null, "Overlay2": null, "SPDist1": null, "SPDist2": null, "SPDist3": null, "LtdHeight": null, "SplitZone": "N", "BldgClass": "K7", "LandUse": "05", "Easements": 0, "OwnerType": null, "OwnerName": "C CITY PLAZA LLC", "LotArea": 15000, "BldgArea": 5000, "ComArea": 5000, "ResArea": 0, "OfficeArea": 0, "RetailArea": 5000, "GarageArea": 0, "StrgeArea": 0, "FactryArea": 0, "OtherArea": 0, "AreaSource": "2", "NumBldgs": 1, "NumFloors": 1.0, "UnitsRes": 0, "UnitsTotal": 1, "LotFront": 115.0, "LotDepth": 130.0, "BldgFront": 80.0, "BldgDepth": 50.0, "Ext": "N", "ProxCode": "1", "IrrLotCode": "N", "LotType": "5", "BsmtCode": "0", "AssessLand": 236250.0, "AssessTot": 805050.0, "ExemptTot": 0.0, "YearBuilt": 1969, "YearAlter1": 2014, "YearAlter2": 0, "HistDist": null, "Landmark": null, "BuiltFAR": 0.33, "ResidFAR": 1.5, "CommFAR": 1.0, "FacilFAR": 2.0, "BoroCode": 2, "BBL": 2051410448.0, "CondoNo": 0, "Tract2010": "046201", "XCoord": 1032506, "YCoord": 259839, "ZoneMap": "2b", "ZMCode": null, "Sanborn": "222 072", "TaxMap": "21710", "EDesigNum": null, "APPBBL": 0.0, "APPDate": null, "PLUTOMapID": "1", "FIRM07_FLA": null, "PFIRM15_FL": null, "Version": "25v4", "DCPEdited": null, "Latitude": 40.8797403, "Longitude": -73.8254965, "Notes": null, "Shape_Leng": 0.0, "Shape_Area": 14950.3259734 }, "geometry": { "type": "MultiPolygon", "coordinates": [ [ [ [ -73.825209130650137, 40.879641056115688 ], [ -73.825591086099351, 40.879516205323135 ], [ -73.825779940474277, 40.879842966298924 ], [ -73.825397984599789, 40.879967818630362 ], [ -73.825209130650137, 40.879641056115688 ] ] ] ] } },
{ "type": "Feature", "properties": { "Borough": "BX", "Block": 5141, "Lot": 500, "CD": 210, "BCT2020": "2046207", "BCTCB2020": "20462072000", "CT2010": "462.01", "CB2010": "3000", "SchoolDist": "11", "Council": 12, "ZipCode": 10475, "FireComp": "E066", "PolicePrct": 45, "HealthCent": 24, "HealthArea": 710, "Sanitboro": "2", "SanitDistr": "10", "SanitSub": null, "Address": "99 DREISER LOOP", "ZoneDist1": "C4-3", "ZoneDist2": null, "ZoneDist3": null, "ZoneDist4": null, "Overlay1": null, "Overlay2": null, "SPDist1": null, "SPDist2": null, "SPDist3": null, "LtdHeight": null, "SplitZone": "N", "BldgClass": "K6", "LandUse": "05", "Easements": 0, "OwnerType": "X", "OwnerName": "RIVERBAY CORPORATION", "LotArea": 282700, "BldgArea": 537765, "ComArea": 537765, "ResArea": 0, "OfficeArea": 0, "RetailArea": 240000, "GarageArea": 297765, "StrgeArea": 0, "FactryArea": 0, "OtherArea": 0, "AreaSource": "2", "NumBldgs": 3, "NumFloors": 2.0, "UnitsRes": 0, "UnitsTotal": 27, "LotFront": 278.33, "LotDepth": 676.0, "BldgFront": 438.0, "BldgDepth": 292.0, "Ext": "N", "ProxCode": "0", "IrrLotCode": "Y", "LotType": "5", "BsmtCode": "0", "AssessLand": 1908450.0, "AssessTot": 34090200.0, "ExemptTot": 34090200.0, "YearBuilt": 1969, "YearAlter1": 2001, "YearAlter2": 0, "HistDist": null, "Landmark": null, "BuiltFAR": 1.9, "ResidFAR": 2.43, "CommFAR": 3.4, "FacilFAR": 4.8, "BoroCode": 2, "BBL": 2051410500.0, "CondoNo": 0, "Tract2010": "046201", "XCoord": 1031546, "YCoord": 258879, "ZoneMap": "2b", "ZMCode": null, "Sanborn": "222 066", "TaxMap": "21710", "EDesigNum": null, "APPBBL": 0.0, "APPDate": null, "PLUTOMapID": "1", "FIRM07_FLA": null, "PFIRM15_FL": null, "Version": "25v4", "DCPEdited": null, "Latitude": 40.8771106, "Longitude": -73.8289748, "Notes": null, "Shape_Leng": 0.0, "Shape_Area": 240545.911658 }, "geometry": { "type": "MultiPolygon", "coordinates": [ [ [ [ -73.829906932042732, 40.876244882657716 ], [ -73.82991058561629, 40.876247331967789 ], [ -73.82991389906924, 40.876250123860871 ], [ -73.829916302447785, 40.876252965777951 ], [ -73.829919769979213, 40.8762581711987 ], [ -73.829922445610976, 40.87626402112874 ], [ -73.829923982591453, 40.876269788313273 ], [ -73.829924505347535, 40.876275043433836 ], [ -73.829924338037841, 40.876279265606243 ], [ -73.829922716022807, 40.876286788642297 ], [ -73.829920677098912, 40.876291711288445 ], [ -73.829918448687124, 40.876295610759421 ], [ -73.829490445701396, 40.877023387075418 ], [ -73.829483333514901, 40.87703492797236 ], [ -73.829476915719226, 40.87704581535138 ], [ -73.829469562227544, 40.877058916542005 ], [ -73.829462326064899, 40.877072551816561 ], [ -73.829456302869659, 40.877084545576608 ], [ -73.829450687214504, 40.877096340916417 ], [ -73.829443641151713, 40.8771093821588 ], [ -73.829436170947119, 40.877124965829253 ], [ -73.829427696413703, 40.877144938751989 ], [ -73.829421672050856, 40.877162493047415 ], [ -73.829415314269184, 40.877183314639275 ], [ -73.829407326607594, 40.877204512122901 ], [ -73.829402042501329, 40.877228577074462 ], [ -73.829397359907901, 40.877255840600164 ], [ -73.829394544280902, 40.877278170359105 ], [ -73.82939258564106, 40.877301256071696 ], [ -73.82939146207805, 40.877334106065675 ], [ -73.829391903740273, 40.877358919784086 ], [ -73.829394983609419, 40.877399139296386 ], [ -73.82939844777755, 40.877424558073848 ], [ -73.829444799146302, 40.878042391884961 ], [ -73.829444649110343, 40.878047686500217 ], [ -73.829443174209345, 40.878052863038228 ], [ -73.829440425966695, 40.878057730664224 ], [ -73.829436509103743, 40.878062112010774 ], [ -73.82943156290726, 40.878065847160499 ], [ -73.829425769371127, 40.878068798513631 ], [ -73.829419340947368, 40.8780708573778 ], [ -73.829412928023942, 40.878071085645793 ], [ -73.829405605974245, 40.878070941543527 ], [ -73.829398668774488, 40.878071112231453 ], [ -73.829253782906974, 40.878074652829433 ], [ -73.829181233209539, 40.878076427336147 ], [ -73.829036822533809, 40.878090357261165 ], [ -73.82888821944627, 40.87811749374081 ], [ -73.82874359111598, 40.878151845133033 ], [ -73.82867580814397, 40.878170661054313 ], [ -73.828482273451883, 40.878235668742839 ], [ -73.828406811421189, 40.878263923660292 ], [ -73.82839725249255, 40.878267219636257 ], [ -73.828392821242076, 40.878268193686772 ], [ -73.828384934583298, 40.878268920316806 ], [ -73.828376994668702, 40.878268673499761 ], [ -73.828369722173221, 40.878267727955048 ], [ -73.828362607694174, 40.878266242377634 ], [ -73.82835571997326, 40.878264231259884 ], [ -73.828349126628908, 40.878261715365461 ], [ -73.828342892738775, 40.878258719135843 ], [ -73.82833714442468, 40.878254207233965 ], [ -73.828331797907126, 40.878249421277154 ], [ -73.828327254011583, 40.878244848089253 ], [ -73.828323054590655, 40.878240089942445 ], [ -73.828319211616204, 40.878235162164614 ], [ -73.828315736738944, 40.878230078241771 ], [ -73.828312641815131, 40.878224856179386 ], [ -73.828309179356026, 40.878215007750626 ], [ -73.828306821917735, 40.878206753910092 ], [ -73.82830213185612, 40.878173344214403 ], [ -73.828295564119273, 40.878131478686321 ], [ -73.828286926087117, 40.878074061367393 ], [ -73.828240286810043, 40.877636081660292 ], [ -73.828241029933778, 40.877565690558704 ], [ -73.828244676893362, 40.87749221953905 ], [ -73.828250696015672, 40.877424016355342 ], [ -73.828259264548961, 40.877348487887005 ], [ -73.828277242151955, 40.877241304122691 ], [ -73.828290566067437, 40.877185368390357 ], [ -73.828315903926182, 40.877087779429822 ], [ -73.828332905522373, 40.877033677193225 ], [ -73.82834790272463, 40.876990823553633 ], [ -73.828390401773788, 40.876905419489262 ], [ -73.828410645261926, 40.876864740241153 ], [ -73.8289358514686, 40.875946811504029 ], [ -73.82893885537429, 40.875943566074596 ], [ -73.828943574792646, 40.875939805426043 ], [ -73.828947869997748, 40.875937284136604 ], [ -73.828954520535589, 40.875934539376566 ], [ -73.828962166505605, 40.875932708306877 ], [ -73.828970255604091, 40.875932053046157 ], [ -73.82897391040926, 40.875932162038339 ], [ -73.828977115146401, 40.875932463947635 ], [ -73.828983656977428, 40.875933716319139 ], [ -73.828991322717059, 40.87593619595502 ], [ -73.829906932042732, 40.876244882657716 ] ] ] ] } },
{ "type": "Feature", "properties": { "Borough": "BX", "Block": 5141, "Lot": 1085, "CD": 210, "BCT2020": "2046205", "BCTCB2020": "20462055005", "CT2010": "462.01", "CB2010": "1023", "SchoolDist": "11", "Council": 12, "ZipCode": 10475, "FireComp": "E066", "PolicePrct": 45, "HealthCent": 24, "HealthArea": 710, "Sanitboro": "2", "SanitDistr": "10", "SanitSub": null, "Address": "BARTOW AVENUE", "ZoneDist1": "C4-3", "ZoneDist2": null, "ZoneDist3": null, "ZoneDist4": null, "Overlay1": null, "Overlay2": null, "SPDist1": null, "SPDist2": null, "SPDist3": null, "LtdHeight": null, "SplitZone": "N", "BldgClass": "O7", "LandUse": "05", "Easements": 0, "OwnerType": "C", "OwnerName": "NYC DEPARTMENT OF HEALTH AND MENTAL HYGIENE", "LotArea": 99311, "BldgArea": 48091, "ComArea": 48091, "ResArea": 0, "OfficeArea": 48091, "RetailArea": 0, "GarageArea": 0, "StrgeArea": 0, "FactryArea": 0, "OtherArea": 0, "AreaSource": "2", "NumBldgs": 1, "NumFloors": 2.0, "UnitsRes": 0, "UnitsTotal": 1, "LotFront": 153.78, "LotDepth": 500.0, "BldgFront": 86.0, "BldgDepth": 360.0, "Ext": null, "ProxCode": "1", "IrrLotCode": "Y", "LotType": "5", "BsmtCode": "0", "AssessLand": 1068750.0, "AssessTot": 1694250.0, "ExemptTot": 1694250.0, "YearBuilt": 0, "YearAlter1": 0, "YearAlter2": 0, "HistDist": null, "Landmark": null, "BuiltFAR": 0.48, "ResidFAR": 2.43, "CommFAR": 3.4, "FacilFAR": 4.8, "BoroCode": 2, "BBL": 2051411085.0000002, "CondoNo": 0, "Tract2010": "046201", "XCoord": 1031898, "YCoord": 255791, "ZoneMap": "4a", "ZMCode": null, "Sanborn": "222 081", "TaxMap": "21710", "EDesigNum": null, "APPBBL": 2051411085.0000002, "APPDate": "02/20/2018", "PLUTOMapID": "1", "FIRM07_FLA": null, "PFIRM15_FL": null, "Version": "25v4", "DCPEdited": "t", "Latitude": 40.8686331, "Longitude": -73.8277239, "Notes": null, "Shape_Leng": 0.0, "Shape_Area": 99401.887764500003 }, "geometry": { "type": "MultiPolygon", "coordinates": [ [ [ [ -73.828211195061058, 40.868774946661532 ], [ -73.82792542378273, 40.86902295798518 ], [ -73.827937787690416, 40.869355253456696 ], [ -73.827887925434027, 40.869358089338078 ], [ -73.827667981511823, 40.869366392886704 ], [ -73.827415549258234, 40.869369595562532 ], [ -73.827382139769895, 40.869369806635035 ], [ -73.827331116719449, 40.867998216314604 ], [ -73.827517248456132, 40.86799525412669 ], [ -73.827741431880838, 40.867987032914669 ], [ -73.827983682344055, 40.867972406877684 ], [ -73.828053208867928, 40.867967101404133 ], [ -73.828211195061058, 40.868774946661532 ] ] ] ] } },
{ "type": "Feature", "properties": { "Borough": "BX", "Block": 5141, "Lot": 7501, "CD": 210, "BCT2020": "2046203", "BCTCB2020": "20462033016", "CT2010": "462.01", "CB2010": "1020", "SchoolDist": "11", "Council": 12, "ZipCode": 10475, "FireComp": "E066", "PolicePrct": 45, "HealthCent": 24, "HealthArea": 710, "Sanitboro": "2", "SanitDistr": "10", "SanitSub": "1D", "Address": "2219 GIVAN AVENUE", "ZoneDist1": "C4-1", "ZoneDist2": null, "ZoneDist3": null, "ZoneDist4": null, "Overlay1": null, "Overlay2": null, "SPDist1": null, "SPDist2": null, "SPDist3": null, "LtdHeight": null, "SplitZone": "N", "BldgClass": "RR", "LandUse": "04", "Easements": 0, "OwnerType": "X", "OwnerName": "UNAVAILABLE OWNER", "LotArea": 89965, "BldgArea": 165411, "ComArea": 0, "ResArea": 165411, "OfficeArea": 0, "RetailArea": 0, "GarageArea": 0, "StrgeArea": 0, "FactryArea": 0, "OtherArea": 0, "AreaSource": "2", "NumBldgs": 2, "NumFloors": 11.0, "UnitsRes": 180, "UnitsTotal": 180, "LotFront": 224.91, "LotDepth": 204.66, "BldgFront": 0.0, "BldgDepth": 0.0, "Ext": null, "ProxCode": "0", "IrrLotCode": "Y", "LotType": "0", "BsmtCode": "5", "AssessLand": 482850.0, "AssessTot": 8818650.0, "ExemptTot": 8818650.0, "YearBuilt": 2013, "YearAlter1": 0, "YearAlter2": 0, "HistDist": null, "Landmark": null, "BuiltFAR": 1.84, "ResidFAR": 1.5, "CommFAR": 1.0, "FacilFAR": 2.0, "BoroCode": 2, "BBL": 2051417501.0000002, "CondoNo": 173, "Tract2010": "046201", "XCoord": 1031426, "YCoord": 260073, "ZoneMap": "2b", "ZMCode": null, "Sanborn": "222 071", "TaxMap": "21710", "EDesigNum": null, "APPBBL": 2051410326.0, "APPDate": "02/05/2013", "PLUTOMapID": "1", "FIRM07_FLA": null, "PFIRM15_FL": null, "Version": "25v4", "DCPEdited": null, "Latitude": 40.8803884, "Longitude": -73.8294003, "Notes": null, "Shape_Leng": 0.0, "Shape_Area": 88561.414040400021 }, "geometry": { "type": "MultiPolygon", "coordinates": [ [ [ [ -73.82876793239781, 40.879885214967757 ], [ -73.828884961030809, 40.880086022357929 ], [ -73.829126163264092, 40.88022068009144 ], [ -73.829854128272956, 40.879905985595748 ], [ -73.830156727117028, 40.880443994594422 ], [ -73.829256388963117, 40.880984513656415 ], [ -73.829483452456245, 40.881374114392486 ], [ -73.829465907902758, 40.88138037295613 ], [ -73.828836321701459, 40.880300100156532 ], [ -73.828598601653539, 40.880167385784333 ], [ -73.828589142605352, 40.880170528828685 ], [ -73.828478571069795, 40.879980798612166 ], [ -73.82876793239781, 40.879885214967757 ] ] ] ] } },
{ "type": "Feature", "properties": { "Borough": "BX", "Block": 5245, "Lot": 20, "CD": 210, "BCT2020": "2046203", "BCTCB2020": "20462033009", "CT2010": "462.01", "CB2010": "1021", "SchoolDist": "11", "Council": 12, "ZipCode": 10475, "FireComp": "E066", "PolicePrct": 45, "HealthCent": 24, "HealthArea": 710, "Sanitboro": "2", "SanitDistr": "10", "SanitSub": "1D", "Address": "3319 DE LAVALL AVENUE", "ZoneDist1": "M1-1", "ZoneDist2": null, "ZoneDist3": null, "ZoneDist4": null, "Overlay1": null, "Overlay2": null, "SPDist1": null, "SPDist2": null, "SPDist3": null, "LtdHeight": null, "SplitZone": "N", "BldgClass": "E9", "LandUse": "06", "Easements": 0, "OwnerType": null, "OwnerName": "JOSEPH DEDONA F/IRR T", "LotArea": 3742, "BldgArea": 3700, "ComArea": 3700, "ResArea": 0, "OfficeArea": 0, "RetailArea": 0, "GarageArea": 0, "StrgeArea": 3700, "FactryArea": 0, "OtherArea": 0, "AreaSource": "2", "NumBldgs": 1, "NumFloors": 1.0, "UnitsRes": 0, "UnitsTotal": 1, "LotFront": 37.42, "LotDepth": 100.0, "BldgFront": 37.0, "BldgDepth": 100.0, "Ext": "N", "ProxCode": "0", "IrrLotCode": "N", "LotType": "5", "BsmtCode": "0", "AssessLand": 25200.0, "AssessTot": 108450.0, "ExemptTot": 0.0, "YearBuilt": 1973, "YearAlter1": 0, "YearAlter2": 0, "HistDist": null, "Landmark": null, "BuiltFAR": 0.99, "ResidFAR": 0.0, "CommFAR": 1.0, "FacilFAR": 2.4, "BoroCode": 2, "BBL": 2052450020.0, "CondoNo": 0, "Tract2010": "046201", "XCoord": 1031933, "YCoord": 260384, "ZoneMap": "2b", "ZMCode": null, "Sanborn": "222 071", "TaxMap": "21710", "EDesigNum": null, "APPBBL": 0.0, "APPDate": null, "PLUTOMapID": "1", "FIRM07_FLA": null, "PFIRM15_FL": null, "Version": "25v4", "DCPEdited": null, "Latitude": 40.8812393, "Longitude": -73.8275647, "Notes": null, "Shape_Leng": 0.0, "Shape_Area": 4083.9049931 }, "geometry": { "type": "MultiPolygon", "coordinates": [ [ [ [ -73.827707095801671, 40.881132699423631 ], [ -73.827762829947744, 40.881232547140243 ], [ -73.8274196663114, 40.881345636101976 ], [ -73.827364471715114, 40.881245610835585 ], [ -73.827707095801671, 40.881132699423631 ] ] ] ] } },
{ "type": "Feature", "properties": { "Borough": "BX", "Block": 5245, "Lot": 39, "CD": 210, "BCT2020": "2046203", "BCTCB2020": "20462033009", "CT2010": "462.01", "CB2010": "1021", "SchoolDist": "11", "Council": 12, "ZipCode": 10475, "FireComp": "E066", "PolicePrct": 45, "HealthCent": 24, "HealthArea": 710, "Sanitboro": "2", "SanitDistr": "10", "SanitSub": "1D", "Address": "3304 ROMBOUTS AVENUE", "ZoneDist1": "M1-1", "ZoneDist2": null, "ZoneDist3": null, "ZoneDist4": null, "Overlay1": null, "Overlay2": null, "SPDist1": null, "SPDist2": null, "SPDist3": null, "LtdHeight": null, "SplitZone": "N", "BldgClass": "C0", "LandUse": "02", "Easements": 0, "OwnerType": null, "OwnerName": "3304 ROMBOUTS AVE LLC", "LotArea": 2258, "BldgArea": 4977, "ComArea": 0, "ResArea": 4977, "OfficeArea": 0, "RetailArea": 0, "GarageArea": 0, "StrgeArea": 0, "FactryArea": 0, "OtherArea": 0, "AreaSource": "2", "NumBldgs": 1, "NumFloors": 4.0, "UnitsRes": 3, "UnitsTotal": 3, "LotFront": 22.58, "LotDepth": 100.0, "BldgFront": 22.0, "BldgDepth": 56.0, "Ext": "N", "ProxCode": "3", "IrrLotCode": "N", "LotType": "5", "BsmtCode": "2", "AssessLand": 6600.0, "AssessTot": 83760.0, "ExemptTot": 0.0, "YearBuilt": 2006, "YearAlter1": 0, "YearAlter2": 0, "HistDist": null, "Landmark": null, "BuiltFAR": 2.2, "ResidFAR": 0.0, "CommFAR": 1.0, "FacilFAR": 2.4, "BoroCode": 2, "BBL": 2052450039.0, "CondoNo": 0, "Tract2010": "046201", "XCoord": 1031910, "YCoord": 260177, "ZoneMap": "2b", "ZMCode": null, "Sanborn": "222 071", "TaxMap": "21710", "EDesigNum": null, "APPBBL": 2052450039.0, "APPDate": "03/06/2018", "PLUTOMapID": "1", "FIRM07_FLA": null, "PFIRM15_FL": null, "Version": "25v4", "DCPEdited": null, "Latitude": 40.8806712, "Longitude": -73.8276493, "Notes": null, "Shape_Leng": 0.0, "Shape_Area": 2254.3241369000002 }, "geometry": { "type": "MultiPolygon", "coordinates": [ [ [ [ -73.827827219056275, 40.880645461754106 ], [ -73.827496039989299, 40.8807546031802 ], [ -73.82746418762909, 40.880697537339557 ], [ -73.827795365359563, 40.880588397005859 ], [ -73.827827219056275, 40.880645461754106 ] ] ] ] } },
{ "type": "Feature", "properties": { "Borough": "BX", "Block": 5245, "Lot": 43, "CD": 210, "BCT2020": "2046203", "BCTCB2020": "20462033009", "CT2010": "462.01", "CB2010": "1021", "SchoolDist": "11", "Council": 12, "ZipCode": 10475, "FireComp": "E066", "PolicePrct": 45, "HealthCent": 24, "HealthArea": 710, "Sanitboro": "2", "SanitDistr": "10", "SanitSub": "1D", "Address": "3312 ROMBOUTS AVENUE", "ZoneDist1": "M1-1", "ZoneDist2": null, "ZoneDist3": null, "ZoneDist4": null, "Overlay1": null, "Overlay2": null, "SPDist1": null, "SPDist2": null, "SPDist3": null, "LtdHeight": null, "SplitZone": "N", "BldgClass": "A2", "LandUse": "01", "Easements": 0, "OwnerType": null, "OwnerName": "MACKAY, JOAN", "LotArea": 2500, "BldgArea": 1208, "ComArea": 0, "ResArea": 604, "OfficeArea": 0, "RetailArea": 0, "GarageArea": 0, "StrgeArea": 0, "FactryArea": 0, "OtherArea": 0, "AreaSource": "2", "NumBldgs": 1, "NumFloors": 1.0, "UnitsRes": 1, "UnitsTotal": 1, "LotFront": 25.0, "LotDepth": 100.0, "BldgFront": 16.0, "BldgDepth": 32.0, "Ext": "E", "ProxCode": "1", "IrrLotCode": "N", "LotType": "5", "BsmtCode": "1", "AssessLand": 8460.0, "AssessTot": 34500.0, "ExemptTot": 0.0, "YearBuilt": 1920, "YearAlter1": 1999, "YearAlter2": 0, "HistDist": null, "Landmark": null, "BuiltFAR": 0.48, "ResidFAR": 0.0, "CommFAR": 1.0, "FacilFAR": 2.4, "BoroCode": 2, "BBL": 2052450043.0, "CondoNo": 0, "Tract2010": "046201", "XCoord": 1031881, "YCoord": 260245, "ZoneMap": "2b", "ZMCode": null, "Sanborn": "222 071", "TaxMap": "21710", "EDesigNum": null, "APPBBL": 0.0, "APPDate": null, "PLUTOMapID": "1", "FIRM07_FLA": null, "PFIRM15_FL": null, "Version": "25v4", "DCPEdited": null, "Latitude": 40.880858, "Longitude": -73.8277537, "Notes": null, "Shape_Leng": 0.0, "Shape_Area": 2496.0187582 }, "geometry": { "type": "MultiPolygon", "coordinates": [ [ [ [ -73.82760269831418, 40.880945675531613 ], [ -73.827567429268257, 40.880882492182572 ], [ -73.827898607749262, 40.880773351472747 ], [ -73.82793387705361, 40.880836534805674 ], [ -73.82760269831418, 40.880945675531613 ] ] ] ] } },
{ "type": "Feature", "properties": { "Borough": "BX", "Block": 5245, "Lot": 44, "CD": 210, "BCT2020": "2046203", "BCTCB2020": "20462033009", "CT2010": "462.01", "CB2010": "1021", "SchoolDist": "11", "Council": 12, "ZipCode": 10475, "FireComp": "E066", "PolicePrct": 45, "HealthCent": 24, "HealthArea": 710, "Sanitboro": "2", "SanitDistr": "10", "SanitSub": "1D", "Address": "3316 ROMBOUTS AVENUE", "ZoneDist1": "M1-1", "ZoneDist2": null, "ZoneDist3": null, "ZoneDist4": null, "Overlay1": null, "Overlay2": null, "SPDist1": null, "SPDist2": null, "SPDist3": null, "LtdHeight": null, "SplitZone": "N", "BldgClass": "V1", "LandUse": "11", "Easements": 0, "OwnerType": null, "OwnerName": "3316 ROMBOUTS LLC", "LotArea": 5000, "BldgArea": 0, "ComArea": 0, "ResArea": 0, "OfficeArea": 0, "RetailArea": 0, "GarageArea": 0, "StrgeArea": 0, "FactryArea": 0, "OtherArea": 0, "AreaSource": "7", "NumBldgs": 0, "NumFloors": 0.0, "UnitsRes": 0, "UnitsTotal": 0, "LotFront": 50.0, "LotDepth": 100.0, "BldgFront": 0.0, "BldgDepth": 0.0, "Ext": null, "ProxCode": "0", "IrrLotCode": "N", "LotType": "5", "BsmtCode": "5", "AssessLand": 80550.0, "AssessTot": 80550.0, "ExemptTot": 0.0, "YearBuilt": 0, "YearAlter1": 0, "YearAlter2": 0, "HistDist": null, "Landmark": null, "BuiltFAR": 0.0, "ResidFAR": 0.0, "CommFAR": 1.0, "FacilFAR": 2.4, "BoroCode": 2, "BBL": 2052450044.0, "CondoNo": 0, "Tract2010": "046201", "XCoord": 1031867, "YCoord": 260279, "ZoneMap": "2b", "ZMCode": null, "Sanborn": "222 071", "TaxMap": "21710", "EDesigNum": null, "APPBBL": 0.0, "APPDate": null, "PLUTOMapID": "1", "FIRM07_FLA": null, "PFIRM15_FL": null, "Version": "25v4", "DCPEdited": null, "Latitude": 40.8809514, "Longitude": -73.8278041, "Notes": null, "Shape_Leng": 0.0, "Shape_Area": 4925.9076198000002 }, "geometry": { "type": "MultiPolygon", "coordinates": [ [ [ [ -73.827654895273255, 40.881039188407051 ], [ -73.82760269831418, 40.880945675531613 ], [ -73.82793387705361, 40.880836534805674 ], [ -73.82800348053523, 40.88096122678558 ], [ -73.827672301286213, 40.88107036871375 ], [ -73.827654895273255, 40.881039188407051 ] ] ] ] } },
{ "type": "Feature", "properties": { "Borough": "BX", "Block": 5246, "Lot": 14, "CD": 210, "BCT2020": "2046203", "BCTCB2020": "20462033008", "CT2010": "462.01", "CB2010": "1015", "SchoolDist": "11", "Council": 12, "ZipCode": 10475, "FireComp": "E066", "PolicePrct": 45, "HealthCent": 24, "HealthArea": 710, "Sanitboro": "2", "SanitDistr": "10", "SanitSub": "1D", "Address": "3323 MERRITT AVENUE", "ZoneDist1": "M1-1", "ZoneDist2": null, "ZoneDist3": null, "ZoneDist4": null, "Overlay1": null, "Overlay2": null, "SPDist1": null, "SPDist2": null, "SPDist3": null, "LtdHeight": null, "SplitZone": "N", "BldgClass": "E9", "LandUse": "06", "Easements": 0, "OwnerType": null, "OwnerName": "KRISTYS REALTY HOLDING LLC", "LotArea": 5097, "BldgArea": 5588, "ComArea": 588, "ResArea": 0, "OfficeArea": 588, "RetailArea": 0, "GarageArea": 0, "StrgeArea": 0, "FactryArea": 0, "OtherArea": 0, "AreaSource": "2", "NumBldgs": 1, "NumFloors": 1.0, "UnitsRes": 0, "UnitsTotal": 2, "LotFront": 50.93, "LotDepth": 100.0, "BldgFront": 50.93, "BldgDepth": 100.0, "Ext": "N", "ProxCode": "0", "IrrLotCode": "N", "LotType": "5", "BsmtCode": "0", "AssessLand": 45900.0, "AssessTot": 374850.0, "ExemptTot": 0.0, "YearBuilt": 1959, "YearAlter1": 0, "YearAlter2": 0, "HistDist": null, "Landmark": null, "BuiltFAR": 1.1, "ResidFAR": 0.0, "CommFAR": 1.0, "FacilFAR": 2.4, "BoroCode": 2, "BBL": 2052460013.9999998, "CondoNo": 0, "Tract2010": "046201", "XCoord": 1032128, "YCoord": 260586, "ZoneMap": "2b", "ZMCode": null, "Sanborn": "222 071", "TaxMap": "21710", "EDesigNum": null, "APPBBL": 2052460013.9999998, "APPDate": "01/07/1991", "PLUTOMapID": "1", "FIRM07_FLA": null, "PFIRM15_FL": null, "Version": "25v4", "DCPEdited": null, "Latitude": 40.8817926, "Longitude": -73.826858, "Notes": null, "Shape_Leng": 0.0, "Shape_Area": 4772.104927 }, "geometry": { "type": "MultiPolygon", "coordinates": [ [ [ [ -73.826656404073347, 40.881791440096798 ], [ -73.826922703635958, 40.881702004606311 ], [ -73.826980029209039, 40.881668375412353 ], [ -73.827006765729578, 40.881715827269716 ], [ -73.827054095402644, 40.881799826559771 ], [ -73.826723657808657, 40.88191080208653 ], [ -73.826656404073347, 40.881791440096798 ] ] ] ] } },
{ "type": "Feature", "properties": { "Borough": "BX", "Block": 5246, "Lot": 26, "CD": 210, "BCT2020": "2046203", "BCTCB2020": "20462033008", "CT2010": "462.01", "CB2010": "1015", "SchoolDist": "11", "Council": 12, "ZipCode": 10475, "FireComp": "E066", "PolicePrct": 45, "HealthCent": 24, "HealthArea": 710, "Sanitboro": "2", "SanitDistr": "10", "SanitSub": "1D", "Address": "3295 MERRITT AVENUE", "ZoneDist1": "M1-1", "ZoneDist2": null, "ZoneDist3": null, "ZoneDist4": null, "Overlay1": null, "Overlay2": null, "SPDist1": null, "SPDist2": null, "SPDist3": null, "LtdHeight": null, "SplitZone": "N", "BldgClass": "E1", "LandUse": "06", "Easements": 0, "OwnerType": null, "OwnerName": "JOSEPH DEDONA III, TRUSTEE", "LotArea": 10000, "BldgArea": 9900, "ComArea": 9900, "ResArea": 0, "OfficeArea": 0, "RetailArea": 0, "GarageArea": 0, "StrgeArea": 0, "FactryArea": 9900, "OtherArea": 0, "AreaSource": "2", "NumBldgs": 1, "NumFloors": 1.0, "UnitsRes": 0, "UnitsTotal": 1, "LotFront": 100.0, "LotDepth": 100.0, "BldgFront": 99.5, "BldgDepth": 99.5, "Ext": "N", "ProxCode": "0", "IrrLotCode": "N", "LotType": "3", "BsmtCode": "0", "AssessLand": 58500.0, "AssessTot": 447750.0, "ExemptTot": 0.0, "YearBuilt": 1999, "YearAlter1": 0, "YearAlter2": 0, "HistDist": null, "Landmark": null, "BuiltFAR": 0.99, "ResidFAR": 0.0, "CommFAR": 1.0, "FacilFAR": 2.4, "BoroCode": 2, "BBL": 2052460026.0, "CondoNo": 0, "Tract2010": "046201", "XCoord": 1032249, "YCoord": 260306, "ZoneMap": "2b", "ZMCode": null, "Sanborn": "222 071", "TaxMap": "21710", "EDesigNum": null, "APPBBL": 0.0, "APPDate": null, "PLUTOMapID": "1", "FIRM07_FLA": null, "PFIRM15_FL": null, "Version": "25v4", "DCPEdited": null, "Latitude": 40.8810235, "Longitude": -73.8264225, "Notes": null, "Shape_Leng": 0.0, "Shape_Area": 9671.3790599000004 }, "geometry": { "type": "MultiPolygon", "coordinates": [ [ [ [ -73.826516997832641, 40.880846581474771 ], [ -73.826627112521052, 40.881042017454696 ], [ -73.826654211155741, 40.881090111019908 ], [ -73.826323775216736, 40.881201083573764 ], [ -73.82618571390033, 40.880956046757589 ], [ -73.826516997832641, 40.880846581474771 ] ] ] ] } },
{ "type": "Feature", "properties": { "Borough": "BX", "Block": 5250, "Lot": 13, "CD": 210, "BCT2020": "2046203", "BCTCB2020": "20462033006", "CT2010": "462.01", "CB2010": "1011", "SchoolDist": "11", "Council": 12, "ZipCode": 10475, "FireComp": "E066", "PolicePrct": 45, "HealthCent": 24, "HealthArea": 710, "Sanitboro": "2", "SanitDistr": "10", "SanitSub": "1D", "Address": "3341 PROVOST AVENUE", "ZoneDist1": "M1-1", "ZoneDist2": null, "ZoneDist3": null, "ZoneDist4": null, "Overlay1": null, "Overlay2": null, "SPDist1": null, "SPDist2": null, "SPDist3": null, "LtdHeight": null, "SplitZone": "N", "BldgClass": "V1", "LandUse": "11", "Easements": 0, "OwnerType": null, "OwnerName": "PROVOST, LLC", "LotArea": 5000, "BldgArea": 0, "ComArea": 0, "ResArea": 0, "OfficeArea": 0, "RetailArea": 0, "GarageArea": 0, "StrgeArea": 0, "FactryArea": 0, "OtherArea": 0, "AreaSource": "7", "NumBldgs": 0, "NumFloors": 0.0, "UnitsRes": 0, "UnitsTotal": 0, "LotFront": 50.0, "LotDepth": 100.0, "BldgFront": 0.0, "BldgDepth": 0.0, "Ext": null, "ProxCode": "0", "IrrLotCode": "N", "LotType": "5", "BsmtCode": "5", "AssessLand": 87750.0, "AssessTot": 87750.0, "ExemptTot": 0.0, "YearBuilt": 0, "YearAlter1": 0, "YearAlter2": 0, "HistDist": null, "Landmark": null, "BuiltFAR": 0.0, "ResidFAR": 0.0, "CommFAR": 1.0, "FacilFAR": 2.4, "BoroCode": 2, "BBL": 2052500013.0000002, "CondoNo": 0, "Tract2010": "046201", "XCoord": 1032350, "YCoord": 260730, "ZoneMap": "2b", "ZMCode": null, "Sanborn": "222 072", "TaxMap": "21710", "EDesigNum": null, "APPBBL": 0.0, "APPDate": null, "PLUTOMapID": "1", "FIRM07_FLA": null, "PFIRM15_FL": null, "Version": "25v4", "DCPEdited": null, "Latitude": 40.8821867, "Longitude": -73.8260542, "Notes": null, "Shape_Leng": 0.0, "Shape_Area": 5098.5618376000002 }, "geometry": { "type": "MultiPolygon", "coordinates": [ [ [ [ -73.826185451546124, 40.882068551922558 ], [ -73.82625748804179, 40.88219442651134 ], [ -73.825919801190295, 40.882306879015758 ], [ -73.825847765213993, 40.882181004220278 ], [ -73.826185451546124, 40.882068551922558 ] ] ] ] } },
{ "type": "Feature", "properties": { "Borough": "BX", "Block": 5250, "Lot": 27, "CD": 210, "BCT2020": "2046203", "BCTCB2020": "20462033006", "CT2010": "462.01", "CB2010": "1011", "SchoolDist": "11", "Council": 12, "ZipCode": 10475, "FireComp": "E066", "PolicePrct": 45, "HealthCent": 24, "HealthArea": 710, "Sanitboro": "2", "SanitDistr": "10", "SanitSub": "1D", "Address": "MERRITT AVENUE", "ZoneDist1": "M1-1", "ZoneDist2": null, "ZoneDist3": null, "ZoneDist4": null, "Overlay1": null, "Overlay2": null, "SPDist1": null, "SPDist2": null, "SPDist3": null, "LtdHeight": null, "SplitZone": "N", "BldgClass": "V1", "LandUse": "11", "Easements": 0, "OwnerType": null, "OwnerName": "MERRITT AVENUE, LLC", "LotArea": 25000, "BldgArea": 0, "ComArea": 0, "ResArea": 0, "OfficeArea": 0, "RetailArea": 0, "GarageArea": 0, "StrgeArea": 0, "FactryArea": 0, "OtherArea": 0, "AreaSource": "7", "NumBldgs": 2, "NumFloors": 0.0, "UnitsRes": 0, "UnitsTotal": 0, "LotFront": 125.0, "LotDepth": 200.0, "BldgFront": 0.0, "BldgDepth": 0.0, "Ext": null, "ProxCode": "0", "IrrLotCode": "N", "LotType": "4", "BsmtCode": "5", "AssessLand": 465300.0, "AssessTot": 465300.0, "ExemptTot": 0.0, "YearBuilt": 0, "YearAlter1": 0, "YearAlter2": 0, "HistDist": null, "Landmark": null, "BuiltFAR": 0.0, "ResidFAR": 0.0, "CommFAR": 1.0, "FacilFAR": 2.4, "BoroCode": 2, "BBL": 2052500027.0, "CondoNo": 0, "Tract2010": "046201", "XCoord": 1032439, "YCoord": 260399, "ZoneMap": "2b", "ZMCode": null, "Sanborn": "222 072", "TaxMap": "21710", "EDesigNum": null, "APPBBL": 0.0, "APPDate": null, "PLUTOMapID": "1", "FIRM07_FLA": null, "PFIRM15_FL": null, "Version": "25v4", "DCPEdited": null, "Latitude": 40.8812777, "Longitude": -73.8257347, "Notes": null, "Shape_Leng": 0.0, "Shape_Area": 25863.213671500002 }, "geometry": { "type": "MultiPolygon", "coordinates": [ [ [ [ -73.826162109935069, 40.881327008428102 ], [ -73.825487655611653, 40.88155160812164 ], [ -73.825304681743148, 40.881231923663762 ], [ -73.825979130020855, 40.881007325940502 ], [ -73.826162109935069, 40.881327008428102 ] ] ] ] } },
{ "type": "Feature", "properties": { "Borough": "BX", "Block": 5250, "Lot": 75, "CD": 210, "BCT2020": "2046203", "BCTCB2020": "20462033006", "CT2010": "462.01", "CB2010": "1011", "SchoolDist": "11", "Council": 12, "ZipCode": 10475, "FireComp": "E066", "PolicePrct": 45, "HealthCent": 24, "HealthArea": 710, "Sanitboro": "2", "SanitDistr": "10", "SanitSub": "1D", "Address": "3326 MERRITT AVENUE", "ZoneDist1": "M1-1", "ZoneDist2": null, "ZoneDist3": null, "ZoneDist4": null, "Overlay1": null, "Overlay2": null, "SPDist1": null, "SPDist2": null, "SPDist3": null, "LtdHeight": null, "SplitZone": "N", "BldgClass": "E1", "LandUse": "06", "Easements": 0, "OwnerType": null, "OwnerName": "JCB3326 LLC", "LotArea": 10100, "BldgArea": 10000, "ComArea": 0, "ResArea": 0, "OfficeArea": 0, "RetailArea": 0, "GarageArea": 0, "StrgeArea": 0, "FactryArea": 0, "OtherArea": 0, "AreaSource": "2", "NumBldgs": 1, "NumFloors": 1.0, "UnitsRes": 0, "UnitsTotal": 1, "LotFront": 100.0, "LotDepth": 100.0, "BldgFront": 100.0, "BldgDepth": 100.0, "Ext": "N", "ProxCode": "0", "IrrLotCode": "N", "LotType": "5", "BsmtCode": "0", "AssessLand": 68400.0, "AssessTot": 578700.0, "ExemptTot": 136620.0, "YearBuilt": 2003, "YearAlter1": 0, "YearAlter2": 0, "HistDist": null, "Landmark": null, "BuiltFAR": 0.99, "ResidFAR": 0.0, "CommFAR": 1.0, "FacilFAR": 2.4, "BoroCode": 2, "BBL": 2052500075.0, "CondoNo": 0, "Tract2010": "046201", "XCoord": 1032247, "YCoord": 260711, "ZoneMap": "2b", "ZMCode": null, "Sanborn": "222 072", "TaxMap": "21710", "EDesigNum": null, "APPBBL": 2052500050.9999998, "APPDate": "09/06/2005", "PLUTOMapID": "1", "FIRM07_FLA": null, "PFIRM15_FL": null, "Version": "25v4", "DCPEdited": null, "Latitude": 40.8821351, "Longitude": -73.8264268, "Notes": null, "Shape_Leng": 0.0, "Shape_Area": 10374.9039335 }, "geometry": { "type": "MultiPolygon", "coordinates": [ [ [ [ -73.82625748804179, 40.88219442651134 ], [ -73.826185451546124, 40.882068551922558 ], [ -73.826182557894995, 40.882063493997492 ], [ -73.826519365561055, 40.881951334712774 ], [ -73.826666331216231, 40.882208140419408 ], [ -73.826329523704516, 40.882320301886914 ], [ -73.82625748804179, 40.88219442651134 ] ] ] ] } },
{ "type": "Feature", "properties": { "Borough": "BX", "Block": 5251, "Lot": 24, "CD": 210, "BCT2020": "2046203", "BCTCB2020": "20462033006", "CT2010": "462.01", "CB2010": "1011", "SchoolDist": "11", "Council": 12, "ZipCode": 10475, "FireComp": "E066", "PolicePrct": 45, "HealthCent": 24, "HealthArea": 710, "Sanitboro": "2", "SanitDistr": "10", "SanitSub": "1D", "Address": "PROVOST AVENUE", "ZoneDist1": "M1-1", "ZoneDist2": null, "ZoneDist3": null, "ZoneDist4": null, "Overlay1": null, "Overlay2": null, "SPDist1": null, "SPDist2": null, "SPDist3": null, "LtdHeight": null, "SplitZone": "N", "BldgClass": "V1", "LandUse": "11", "Easements": 0, "OwnerType": null, "OwnerName": "ESPLANADE PROPERTIES, LLC", "LotArea": 51750, "BldgArea": 0, "ComArea": 0, "ResArea": 0, "OfficeArea": 0, "RetailArea": 0, "GarageArea": 0, "StrgeArea": 0, "FactryArea": 0, "OtherArea": 0, "AreaSource": "7", "NumBldgs": 0, "NumFloors": 0.0, "UnitsRes": 0, "UnitsTotal": 0, "LotFront": 225.0, "LotDepth": 200.0, "BldgFront": 0.0, "BldgDepth": 0.0, "Ext": null, "ProxCode": "0", "IrrLotCode": "Y", "LotType": "3", "BsmtCode": "5", "AssessLand": 915300.0, "AssessTot": 915300.0, "ExemptTot": 0.0, "YearBuilt": 0, "YearAlter1": 0, "YearAlter2": 0, "HistDist": null, "Landmark": null, "BuiltFAR": 0.0, "ResidFAR": 0.0, "CommFAR": 1.0, "FacilFAR": 2.4, "BoroCode": 2, "BBL": 2052510023.9999998, "CondoNo": 0, "Tract2010": "046201", "XCoord": 1032688, "YCoord": 260563, "ZoneMap": "2b", "ZMCode": null, "Sanborn": "222 072", "TaxMap": "21710", "EDesigNum": null, "APPBBL": 0.0, "APPDate": null, "PLUTOMapID": "1", "FIRM07_FLA": null, "PFIRM15_FL": null, "Version": "25v4", "DCPEdited": null, "Latitude": 40.8817264, "Longitude": -73.8248331, "Notes": null, "Shape_Leng": 0.0, "Shape_Area": 51979.717253199997 }, "geometry": { "type": "MultiPolygon", "coordinates": [ [ [ [ -73.824701720134073, 40.882106313336031 ], [ -73.824612126530937, 40.88213577430367 ], [ -73.824286964558908, 40.881567548384297 ], [ -73.824376557652528, 40.88153808758225 ], [ -73.825051135275586, 40.881316266255617 ], [ -73.825376304863497, 40.881884490136933 ], [ -73.824946389832746, 40.882025860713064 ], [ -73.824701720134073, 40.882106313336031 ] ] ] ] } },
{ "type": "Feature", "properties": { "Borough": "BX", "Block": 5251, "Lot": 59, "CD": 210, "BCT2020": "2046203", "BCTCB2020": "20462033006", "CT2010": "462.01", "CB2010": "1011", "SchoolDist": "11", "Council": 12, "ZipCode": 10475, "FireComp": "E066", "PolicePrct": 45, "HealthCent": 24, "HealthArea": 710, "Sanitboro": "2", "SanitDistr": "10", "SanitSub": "1D", "Address": "3346 PROVOST AVENUE", "ZoneDist1": "M1-1", "ZoneDist2": null, "ZoneDist3": null, "ZoneDist4": null, "Overlay1": null, "Overlay2": null, "SPDist1": null, "SPDist2": null, "SPDist3": null, "LtdHeight": null, "SplitZone": "N", "BldgClass": "A2", "LandUse": "01", "Easements": 0, "OwnerType": null, "OwnerName": "OUR KIDS REALTY LLC", "LotArea": 5000, "BldgArea": 1680, "ComArea": 0, "ResArea": 840, "OfficeArea": 0, "RetailArea": 0, "GarageArea": 0, "StrgeArea": 0, "FactryArea": 0, "OtherArea": 0, "AreaSource": "2", "NumBldgs": 1, "NumFloors": 1.0, "UnitsRes": 1, "UnitsTotal": 1, "LotFront": 50.0, "LotDepth": 100.0, "BldgFront": 21.0, "BldgDepth": 40.0, "Ext": "N", "ProxCode": "1", "IrrLotCode": "N", "LotType": "2", "BsmtCode": "1", "AssessLand": 9480.0, "AssessTot": 59220.0, "ExemptTot": 0.0, "YearBuilt": 1930, "YearAlter1": 1999, "YearAlter2": 0, "HistDist": null, "Landmark": null, "BuiltFAR": 0.34, "ResidFAR": 0.0, "CommFAR": 1.0, "FacilFAR": 2.4, "BoroCode": 2, "BBL": 2052510059.0, "CondoNo": 0, "Tract2010": "046201", "XCoord": 1032493, "YCoord": 260847, "ZoneMap": "2b", "ZMCode": null, "Sanborn": "222 072", "TaxMap": "21710", "EDesigNum": null, "APPBBL": 0.0, "APPDate": null, "PLUTOMapID": "1", "FIRM07_FLA": null, "PFIRM15_FL": null, "Version": "25v4", "DCPEdited": null, "Latitude": 40.882507, "Longitude": -73.8255362, "Notes": null, "Shape_Leng": 0.0, "Shape_Area": 5345.9920843 }, "geometry": { "type": "MultiPolygon", "coordinates": [ [ [ [ -73.825330871801654, 40.882494068105586 ], [ -73.825662700147504, 40.882384952884223 ], [ -73.82573971899474, 40.882519537653081 ], [ -73.825407889993031, 40.882628653092866 ], [ -73.825330871801654, 40.882494068105586 ] ] ] ] } },
{ "type": "Feature", "properties": { "Borough": "BX", "Block": 5252, "Lot": 14, "CD": 210, "BCT2020": "2046203", "BCTCB2020": "20462033006", "CT2010": "462.01", "CB2010": "1011", "SchoolDist": "11", "Council": 12, "ZipCode": 10475, "FireComp": "E066", "PolicePrct": 45, "HealthCent": 24, "HealthArea": 710, "Sanitboro": "2", "SanitDistr": "10", "SanitSub": "1D", "Address": "3321 PEARTREE AVENUE", "ZoneDist1": "M1-1", "ZoneDist2": null, "ZoneDist3": null, "ZoneDist4": null, "Overlay1": null, "Overlay2": null, "SPDist1": null, "SPDist2": null, "SPDist3": null, "LtdHeight": null, "SplitZone": "N", "BldgClass": "G8", "LandUse": "05", "Easements": 0, "OwnerType": null, "OwnerName": "GABRIELLI CONNER STREET    ,", "LotArea": 53915, "BldgArea": 29332, "ComArea": 29332, "ResArea": 0, "OfficeArea": 0, "RetailArea": 0, "GarageArea": 29332, "StrgeArea": 0, "FactryArea": 0, "OtherArea": 0, "AreaSource": "2", "NumBldgs": 1, "NumFloors": 1.0, "UnitsRes": 0, "UnitsTotal": 1, "LotFront": 336.08, "LotDepth": 230.0, "BldgFront": 82.0, "BldgDepth": 310.0, "Ext": "N", "ProxCode": "0", "IrrLotCode": "Y", "LotType": "5", "BsmtCode": "0", "AssessLand": 289800.0, "AssessTot": 1997100.0, "ExemptTot": 0.0, "YearBuilt": 1983, "YearAlter1": 1989, "YearAlter2": 0, "HistDist": null, "Landmark": null, "BuiltFAR": 0.54, "ResidFAR": 0.0, "CommFAR": 1.0, "FacilFAR": 2.4, "BoroCode": 2, "BBL": 2052520013.9999998, "CondoNo": 0, "Tract2010": "046201", "XCoord": 1032866, "YCoord": 260715, "ZoneMap": "2b", "ZMCode": null, "Sanborn": "222 072", "TaxMap": "21710", "EDesigNum": null, "APPBBL": 0.0, "APPDate": null, "PLUTOMapID": "1", "FIRM07_FLA": null, "PFIRM15_FL": null, "Version": "25v4", "DCPEdited": null, "Latitude": 40.8821427, "Longitude": -73.8241883, "Notes": null, "Shape_Leng": 0.0, "Shape_Area": 81827.407299 }, "geometry": { "type": "MultiPolygon", "coordinates": [ [ [ [ -73.824786107560286, 40.882642588659522 ], [ -73.824673606756932, 40.882445998298671 ], [ -73.82407154062787, 40.882643969587896 ], [ -73.824066522705607, 40.882640079002762 ], [ -73.824061538023329, 40.882636165126137 ], [ -73.824056585483746, 40.882632226871408 ], [ -73.824051666186577, 40.882628264406428 ], [ -73.824046780129393, 40.882624278649978 ], [ -73.824041928635253, 40.882620269439208 ], [ -73.824037110387678, 40.882616235096847 ], [ -73.824032325485803, 40.882612179222171 ], [ -73.824027576140239, 40.882608099892067 ], [ -73.824022860144979, 40.882603997273293 ], [ -73.824018178599061, 40.882599873122615 ], [ -73.824013531508015, 40.882595724679824 ], [ -73.8240089211765, 40.882591555544963 ], [ -73.824004344197022, 40.882587363121473 ], [ -73.823999802989704, 40.882583149083025 ], [ -73.823995297223931, 40.882578912595449 ], [ -73.823990827230062, 40.882574654578015 ], [ -73.823986394108488, 40.882570374949935 ], [ -73.823981994223743, 40.882566073871864 ], [ -73.823977633522517, 40.882561752941754 ], [ -73.823973308483531, 40.882557409562899 ], [ -73.823969019103671, 40.882553045574078 ], [ -73.823964766592937, 40.882548661814766 ], [ -73.82396055084412, 40.88254425644336 ], [ -73.823956371966659, 40.88253983046387 ], [ -73.823952233481592, 40.882535386560747 ], [ -73.82394812944672, 40.88253092012063 ], [ -73.823944063486408, 40.882526435837093 ], [ -73.823940034289222, 40.88252193077777 ], [ -73.823936045484928, 40.882517406957234 ], [ -73.823932092338168, 40.882512862442987 ], [ -73.823928179689986, 40.882508300925359 ], [ -73.823924303692124, 40.882503719551885 ], [ -73.823920466983495, 40.882499119415485 ], [ -73.823916668349113, 40.882494502186923 ], [ -73.823912908899473, 40.882489865273939 ], [ -73.823909187412013, 40.88248521126993 ], [ -73.823905507419454, 40.882480538421326 ], [ -73.823901866830369, 40.882475846642464 ], [ -73.823898264087973, 40.882471139696328 ], [ -73.823894700635989, 40.882466414823597 ], [ -73.823891177464475, 40.882461671940746 ], [ -73.823887694791438, 40.882456912054536 ], [ -73.823884252501884, 40.882452136919873 ], [ -73.823880850492756, 40.882447343776377 ], [ -73.823877486552732, 40.882442535464669 ], [ -73.82387416542484, 40.882437710989457 ], [ -73.823870883473035, 40.882432869422502 ], [ -73.823867643006565, 40.882428012610127 ], [ -73.823864442925753, 40.882423139714291 ], [ -73.823861284550503, 40.882418252407064 ], [ -73.823858166450506, 40.882413349016211 ], [ -73.823855089944018, 40.882408431216398 ], [ -73.823852056136786, 40.882403498171705 ], [ -73.823849061608627, 40.882398550798264 ], [ -73.823846109777833, 40.882393588263724 ], [ -73.823843199537492, 40.882388613076607 ], [ -73.823519090301602, 40.881820039857097 ], [ -73.824189297867989, 40.881599663088451 ], [ -73.824286964558908, 40.881567548384297 ], [ -73.824612126530937, 40.88213577430367 ], [ -73.824754453247095, 40.882384487194784 ], [ -73.824966432413788, 40.882754913161193 ], [ -73.824941439198128, 40.882914025905819 ], [ -73.824786107560286, 40.882642588659522 ] ] ] ] } },
{ "type": "Feature", "properties": { "Borough": "BX", "Block": 5256, "Lot": 133, "CD": 210, "BCT2020": "2046203", "BCTCB2020": "20462033001", "CT2010": "462.01", "CB2010": "1001", "SchoolDist": "11", "Council": 12, "ZipCode": 10475, "FireComp": "E066", "PolicePrct": 45, "HealthCent": 24, "HealthArea": 710, "Sanitboro": null, "SanitDistr": null, "SanitSub": null, "Address": "HUTCHINSON AVENUE", "ZoneDist1": "M1-1", "ZoneDist2": null, "ZoneDist3": null, "ZoneDist4": null, "Overlay1": null, "Overlay2": null, "SPDist1": null, "SPDist2": null, "SPDist3": null, "LtdHeight": null, "SplitZone": "N", "BldgClass": "V1", "LandUse": "11", "Easements": 0, "OwnerType": "X", "OwnerName": "CITY OF NEW YORK", "LotArea": 8496, "BldgArea": 0, "ComArea": 0, "ResArea": 0, "OfficeArea": 0, "RetailArea": 0, "GarageArea": 0, "StrgeArea": 0, "FactryArea": 0, "OtherArea": 0, "AreaSource": "7", "NumBldgs": 0, "NumFloors": 0.0, "UnitsRes": 0, "UnitsTotal": 0, "LotFront": 288.58, "LotDepth": 58.33, "BldgFront": 0.0, "BldgDepth": 0.0, "Ext": null, "ProxCode": "0", "IrrLotCode": "Y", "LotType": "5", "BsmtCode": "5", "AssessLand": 159750.0, "AssessTot": 159750.0, "ExemptTot": 159750.0, "YearBuilt": 0, "YearAlter1": 0, "YearAlter2": 0, "HistDist": null, "Landmark": null, "BuiltFAR": 0.0, "ResidFAR": 0.0, "CommFAR": 1.0, "FacilFAR": 2.4, "BoroCode": 2, "BBL": 2052560133.0, "CondoNo": 0, "Tract2010": "046201", "XCoord": 1033629, "YCoord": 260130, "ZoneMap": "2d", "ZMCode": null, "Sanborn": "222 073", "TaxMap": "21710", "EDesigNum": null, "APPBBL": 0.0, "APPDate": null, "PLUTOMapID": "1", "FIRM07_FLA": "1", "PFIRM15_FL": "1", "Version": "25v4", "DCPEdited": "t", "Latitude": 40.8805328, "Longitude": -73.8214333, "Notes": null, "Shape_Leng": 0.0, "Shape_Area": 7532.3141757000003 }, "geometry": { "type": "MultiPolygon", "coordinates": [ [ [ [ -73.821307597196139, 40.880488716903692 ], [ -73.821309952424855, 40.880487331988832 ], [ -73.821342629919926, 40.880472437189525 ], [ -73.821353890054496, 40.880469465014798 ], [ -73.821383161067246, 40.880465239345249 ], [ -73.821398078938415, 40.880462274673143 ], [ -73.821409630597771, 40.880456312400113 ], [ -73.821414712657472, 40.880449914199374 ], [ -73.821420363896166, 40.880440526335548 ], [ -73.821422637483963, 40.880431988649541 ], [ -73.821423785144162, 40.880423449303265 ], [ -73.821422710915755, 40.880404657082117 ], [ -73.821414954768983, 40.880359803392054 ], [ -73.821412718916719, 40.880353394775732 ], [ -73.821402095865992, 40.880328606674667 ], [ -73.821402119962841, 40.880319638761215 ], [ -73.821406081823895, 40.880311104694457 ], [ -73.821413984897475, 40.880301721155284 ], [ -73.821444272003177, 40.880278489142228 ], [ -73.821452324953313, 40.880272312048717 ], [ -73.821457968201244, 40.880266343298075 ], [ -73.821463607943514, 40.880261227356257 ], [ -73.821485055008978, 40.880237344498362 ], [ -73.821492269539419, 40.880227535738619 ], [ -73.821501714530967, 40.880540086326867 ], [ -73.821498797840377, 40.880539824309736 ], [ -73.821297436325096, 40.880519317020486 ], [ -73.821307597196139, 40.880488716903692 ] ] ], [ [ [ -73.821537978246667, 40.879794914011285 ], [ -73.821735642262965, 40.879833036766151 ], [ -73.821680391404811, 40.879847817539137 ], [ -73.821711895700489, 40.879936694213924 ], [ -73.821699541088577, 40.880039006810449 ], [ -73.821486368749362, 40.880032269941097 ], [ -73.821488556552197, 40.880104667130936 ], [ -73.821479930219454, 40.880050281288661 ], [ -73.82147057601135, 40.879997898945867 ], [ -73.821537978246667, 40.879794914011285 ] ] ] ] } },
{ "type": "Feature", "properties": { "Borough": "BX", "Block": 5256, "Lot": 195, "CD": 210, "BCT2020": "2046203", "BCTCB2020": "20462033001", "CT2010": "462.01", "CB2010": "1001", "SchoolDist": "11", "Council": 12, "ZipCode": 10475, "FireComp": "E066", "PolicePrct": 45, "HealthCent": 24, "HealthArea": 710, "Sanitboro": "2", "SanitDistr": "10", "SanitSub": null, "Address": "3200 CONNER STREET", "ZoneDist1": "M1-1", "ZoneDist2": null, "ZoneDist3": null, "ZoneDist4": null, "Overlay1": null, "Overlay2": null, "SPDist1": null, "SPDist2": null, "SPDist3": null, "LtdHeight": null, "SplitZone": "N", "BldgClass": "G1", "LandUse": "10", "Easements": 0, "OwnerType": "C", "OwnerName": "NYC DEPARTMENT OF TRANSPORTATION", "LotArea": 38100, "BldgArea": 2700, "ComArea": 2700, "ResArea": 0, "OfficeArea": 0, "RetailArea": 0, "GarageArea": 2700, "StrgeArea": 0, "FactryArea": 0, "OtherArea": 0, "AreaSource": "2", "NumBldgs": 1, "NumFloors": 1.0, "UnitsRes": 0, "UnitsTotal": 1, "LotFront": 94.0, "LotDepth": 225.0, "BldgFront": 30.0, "BldgDepth": 90.0, "Ext": "N", "ProxCode": "1", "IrrLotCode": "Y", "LotType": "5", "BsmtCode": "0", "AssessLand": 166500.0, "AssessTot": 313200.0, "ExemptTot": 313200.0, "YearBuilt": 1960, "YearAlter1": 0, "YearAlter2": 0, "HistDist": null, "Landmark": null, "BuiltFAR": 0.07, "ResidFAR": 0.0, "CommFAR": 1.0, "FacilFAR": 2.4, "BoroCode": 2, "BBL": 2052560194.9999998, "CondoNo": 0, "Tract2010": "046201", "XCoord": 1033602, "YCoord": 260271, "ZoneMap": "2d", "ZMCode": null, "Sanborn": "222 073", "TaxMap": "21710", "EDesigNum": null, "APPBBL": 0.0, "APPDate": null, "PLUTOMapID": "1", "FIRM07_FLA": "1", "PFIRM15_FL": "1", "Version": "25v4", "DCPEdited": "t", "Latitude": 40.8809199, "Longitude": -73.8215299, "Notes": null, "Shape_Leng": 0.0, "Shape_Area": 38203.5521 }, "geometry": { "type": "MultiPolygon", "coordinates": [ [ [ [ -73.821107511924708, 40.881091280276991 ], [ -73.821297436325096, 40.880519317020486 ], [ -73.821498797840377, 40.880539824309736 ], [ -73.821501714530967, 40.880540086326867 ], [ -73.821549899124705, 40.880546701179689 ], [ -73.821585435567982, 40.880557101901815 ], [ -73.821524472875382, 40.880712340299297 ], [ -73.82173143410337, 40.880760168538565 ], [ -73.821745870458315, 40.880765546934065 ], [ -73.821982185174704, 40.88099297418394 ], [ -73.82189716061059, 40.881247416775778 ], [ -73.821107511924708, 40.881091280276991 ] ] ] ] } },
{ "type": "Feature", "properties": { "Borough": "BX", "Block": 5256, "Lot": 200, "CD": 210, "BCT2020": "2046203", "BCTCB2020": "20462033001", "CT2010": "462.01", "CB2010": "1001", "SchoolDist": "11", "Council": 12, "ZipCode": 10475, "FireComp": "E066", "PolicePrct": 45, "HealthCent": 24, "HealthArea": 710, "Sanitboro": null, "SanitDistr": null, "SanitSub": null, "Address": "HUTCHINSON AVENUE", "ZoneDist1": "M1-1", "ZoneDist2": null, "ZoneDist3": null, "ZoneDist4": null, "Overlay1": null, "Overlay2": null, "SPDist1": null, "SPDist2": null, "SPDist3": null, "LtdHeight": null, "SplitZone": "N", "BldgClass": "V1", "LandUse": "11", "Easements": 0, "OwnerType": "C", "OwnerName": "NYS DEPARTMENT OF TRANSPORTATION", "LotArea": 51000, "BldgArea": 0, "ComArea": 0, "ResArea": 0, "OfficeArea": 0, "RetailArea": 0, "GarageArea": 0, "StrgeArea": 0, "FactryArea": 0, "OtherArea": 0, "AreaSource": "7", "NumBldgs": 2, "NumFloors": 0.0, "UnitsRes": 0, "UnitsTotal": 0, "LotFront": 238.58, "LotDepth": 225.0, "BldgFront": 0.0, "BldgDepth": 0.0, "Ext": null, "ProxCode": "0", "IrrLotCode": "Y", "LotType": "5", "BsmtCode": "5", "AssessLand": 959850.0, "AssessTot": 959850.0, "ExemptTot": 959850.0, "YearBuilt": 0, "YearAlter1": 0, "YearAlter2": 0, "HistDist": null, "Landmark": null, "BuiltFAR": 0.0, "ResidFAR": 0.0, "CommFAR": 1.0, "FacilFAR": 2.4, "BoroCode": 2, "BBL": 2052560199.9999998, "CondoNo": 0, "Tract2010": "046201", "XCoord": 1033632, "YCoord": 260475, "ZoneMap": "2d", "ZMCode": null, "Sanborn": "222 076", "TaxMap": "21710", "EDesigNum": null, "APPBBL": 0.0, "APPDate": null, "PLUTOMapID": "1", "FIRM07_FLA": "1", "PFIRM15_FL": "1", "Version": "25v4", "DCPEdited": "t", "Latitude": 40.8814797, "Longitude": -73.8214199, "Notes": null, "Shape_Leng": 0.0, "Shape_Area": 50852.723548200003 }, "geometry": { "type": "MultiPolygon", "coordinates": [ [ [ [ -73.820967320350704, 40.881726703152793 ], [ -73.821107511924708, 40.881091280276991 ], [ -73.82189716061059, 40.881247416775778 ], [ -73.821899990144516, 40.881247926361169 ], [ -73.821823527559445, 40.881463426914323 ], [ -73.821707665614639, 40.881872358311099 ], [ -73.820967320350704, 40.881726703152793 ] ] ] ] } },
{ "type": "Feature", "properties": { "Borough": "BX", "Block": 5650, "Lot": 99, "CD": 228, "BCT2020": "2030202", "BCTCB2020": "20302022000", "CT2010": "302", "CB2010": "4001", "SchoolDist": "11", "Council": 12, "ZipCode": 0, "FireComp": "E066", "PolicePrct": 45, "HealthCent": 24, "HealthArea": 710, "Sanitboro": "2", "SanitDistr": "10", "SanitSub": "1D", "Address": "PELHAM BAY PARK", "ZoneDist1": "R3-2", "ZoneDist2": null, "ZoneDist3": null, "ZoneDist4": null, "Overlay1": null, "Overlay2": null, "SPDist1": null, "SPDist2": null, "SPDist3": null, "LtdHeight": null, "SplitZone": "N", "BldgClass": "V0", "LandUse": "11", "Easements": 0, "OwnerType": "C", "OwnerName": "NYC DEPARTMENT OF PARKS AND RECREATION", "LotArea": 66440, "BldgArea": 0, "ComArea": 0, "ResArea": 0, "OfficeArea": 0, "RetailArea": 0, "GarageArea": 0, "StrgeArea": 0, "FactryArea": 0, "OtherArea": 0, "AreaSource": "7", "NumBldgs": 0, "NumFloors": 0.0, "UnitsRes": 0, "UnitsTotal": 0, "LotFront": 100.0, "LotDepth": 200.0, "BldgFront": 0.0, "BldgDepth": 0.0, "Ext": null, "ProxCode": "0", "IrrLotCode": "Y", "LotType": "7", "BsmtCode": "5", "AssessLand": 10020.0, "AssessTot": 10020.0, "ExemptTot": 10020.0, "YearBuilt": 0, "YearAlter1": 0, "YearAlter2": 0, "HistDist": null, "Landmark": null, "BuiltFAR": 0.0, "ResidFAR": 0.75, "CommFAR": 0.0, "FacilFAR": 1.0, "BoroCode": 2, "BBL": 2056500098.9999998, "CondoNo": 0, "Tract2010": "0302", "XCoord": 1034397, "YCoord": 254738, "ZoneMap": "4c", "ZMCode": null, "Sanborn": "218 075", "TaxMap": "21810", "EDesigNum": null, "APPBBL": 0.0, "APPDate": null, "PLUTOMapID": "1", "FIRM07_FLA": "1", "PFIRM15_FL": "1", "Version": "25v4", "DCPEdited": "t", "Latitude": 40.8657291, "Longitude": -73.8186964, "Notes": null, "Shape_Leng": 0.0, "Shape_Area": 43814.939746800002 }, "geometry": { "type": "MultiPolygon", "coordinates": [ [ [ [ -73.818646709109501, 40.866156142893963 ], [ -73.818624115619585, 40.866167589518241 ], [ -73.818605716984379, 40.866176247614909 ], [ -73.818600019011001, 40.866178304435216 ], [ -73.818594231382576, 40.8661796973661 ], [ -73.818589473136711, 40.86618076505988 ], [ -73.818584545911847, 40.866181565032193 ], [ -73.818580718344109, 40.86618193003509 ], [ -73.818577332665086, 40.866182057054054 ], [ -73.818572217840426, 40.866182064313996 ], [ -73.818566750279984, 40.866181783817638 ], [ -73.818560951377833, 40.866181250567863 ], [ -73.818555431942599, 40.86618043507346 ], [ -73.818555375108261, 40.866180424191803 ], [ -73.818555312224191, 40.86618040962037 ], [ -73.818555236343187, 40.866180392434472 ], [ -73.818415279884334, 40.866138623317831 ], [ -73.818414374713427, 40.866138257223206 ], [ -73.818413708093658, 40.866137821230851 ], [ -73.818413191909613, 40.866137462023268 ], [ -73.81841273649907, 40.866137002019023 ], [ -73.818319401186642, 40.866032414948201 ], [ -73.818313730007219, 40.866027653185043 ], [ -73.818256602960048, 40.865989407514689 ], [ -73.818250178588158, 40.86598641494875 ], [ -73.818245910921689, 40.865985036716012 ], [ -73.818240960104461, 40.86598366736311 ], [ -73.818112206768191, 40.865956925857184 ], [ -73.81810859926874, 40.865955763999494 ], [ -73.81810488012934, 40.865954202076274 ], [ -73.818101112026099, 40.865952331207978 ], [ -73.818098831341516, 40.865950921889848 ], [ -73.818096734850542, 40.865949373404163 ], [ -73.81808838867687, 40.865942129266159 ], [ -73.818087262439136, 40.865941042350862 ], [ -73.81808608815669, 40.865939713166462 ], [ -73.818078884014966, 40.865928630305959 ], [ -73.818075144205636, 40.865919924721979 ], [ -73.818073627602956, 40.865911482910221 ], [ -73.818073419183179, 40.865902273252125 ], [ -73.818076209313588, 40.865887414075516 ], [ -73.818105865936943, 40.865833664574552 ], [ -73.818170167592143, 40.865764013889631 ], [ -73.818251135188305, 40.865707244879999 ], [ -73.818346186014963, 40.865671257024779 ], [ -73.818424269100007, 40.865633821419138 ], [ -73.818441584171282, 40.865623616381555 ], [ -73.818455919753006, 40.86561161107997 ], [ -73.818479872220593, 40.865590659220011 ], [ -73.81874975995035, 40.865328766802257 ], [ -73.818765208629785, 40.865316521019999 ], [ -73.818787630486213, 40.865303928639911 ], [ -73.818858796077578, 40.865275312973907 ], [ -73.818924374551173, 40.865257343191502 ], [ -73.818927410035258, 40.865267227063647 ], [ -73.818932963837653, 40.865293715730665 ], [ -73.818937394301983, 40.865319347054431 ], [ -73.818938453626544, 40.865343264936172 ], [ -73.81893721751436, 40.865384259668559 ], [ -73.818927991345745, 40.865467095940446 ], [ -73.818925645827989, 40.865502113262941 ], [ -73.818926358522347, 40.865653297170766 ], [ -73.81892397578217, 40.865701978596114 ], [ -73.818920501144248, 40.865738699694468 ], [ -73.818914783237517, 40.86577200265085 ], [ -73.818907952594699, 40.865801885559478 ], [ -73.818893213143511, 40.865843715488019 ], [ -73.818876089011283, 40.865881281258631 ], [ -73.818868312614796, 40.865898340792192 ], [ -73.818833247203159, 40.865966617708743 ], [ -73.818795929245198, 40.866035742969672 ], [ -73.818781236349807, 40.86606048974101 ], [ -73.818763167603251, 40.866085232040383 ], [ -73.818759113680173, 40.866090815749061 ], [ -73.818646709109501, 40.866156142893963 ] ] ] ] } },
{ "type": "Feature", "properties": { "Borough": "BX", "Block": 5131, "Lot": 1, "CD": 210, "BCT2020": "2030201", "BCTCB2020": "20302011003", "CT2010": "302", "CB2010": "3012", "SchoolDist": "11", "Council": 12, "ZipCode": 10475, "FireComp": "E066", "PolicePrct": 45, "HealthCent": 24, "HealthArea": 710, "Sanitboro": "2", "SanitDistr": "10", "SanitSub": "1D", "Address": "BRADLEY STREET", "ZoneDist1": "R3-2", "ZoneDist2": null, "ZoneDist3": null, "ZoneDist4": null, "Overlay1": null, "Overlay2": null, "SPDist1": null, "SPDist2": null, "SPDist3": null, "LtdHeight": null, "SplitZone": "N", "BldgClass": "U1", "LandUse": "07", "Easements": 2, "OwnerType": "X", "OwnerName": "PENN CENTRAL COMPANY", "LotArea": 134225, "BldgArea": 0, "ComArea": 0, "ResArea": 0, "OfficeArea": 0, "RetailArea": 0, "GarageArea": 0, "StrgeArea": 0, "FactryArea": 0, "OtherArea": 0, "AreaSource": "7", "NumBldgs": 4, "NumFloors": 0.0, "UnitsRes": 0, "UnitsTotal": 0, "LotFront": 196.0, "LotDepth": 680.0, "BldgFront": 0.0, "BldgDepth": 0.0, "Ext": "N", "ProxCode": "0", "IrrLotCode": "Y", "LotType": "5", "BsmtCode": "0", "AssessLand": 0.0, "AssessTot": 0.0, "ExemptTot": 0.0, "YearBuilt": 0, "YearAlter1": 0, "YearAlter2": 0, "HistDist": null, "Landmark": null, "BuiltFAR": 0.0, "ResidFAR": 0.75, "CommFAR": 0.0, "FacilFAR": 1.0, "BoroCode": 2, "BBL": 2051310001.0, "CondoNo": 0, "Tract2010": "0302", "XCoord": 1032462, "YCoord": 252482, "ZoneMap": "4a", "ZMCode": null, "Sanborn": "218 056", "TaxMap": "21710", "EDesigNum": null, "APPBBL": 0.0, "APPDate": null, "PLUTOMapID": "1", "FIRM07_FLA": "1", "PFIRM15_FL": "1", "Version": "25v4", "DCPEdited": null, "Latitude": 40.8595479, "Longitude": -73.8257085, "Notes": null, "Shape_Leng": 0.0, "Shape_Area": 129918.054363 }, "geometry": { "type": "MultiPolygon", "coordinates": [ [ [ [ -73.824312018669943, 40.859846127354473 ], [ -73.824738713163072, 40.859667226731197 ], [ -73.825413550405713, 40.859360933275838 ], [ -73.826634562789266, 40.858956976185453 ], [ -73.826782010935148, 40.858903167357205 ], [ -73.82678444555242, 40.85890738801082 ], [ -73.826825545979034, 40.858978702233387 ], [ -73.82686846135897, 40.859053162816792 ], [ -73.82696987063737, 40.859229113921558 ], [ -73.82700443739364, 40.859289086416915 ], [ -73.826937303195834, 40.859310533488369 ], [ -73.826912598615991, 40.859318426166929 ], [ -73.82695917950592, 40.859401397316162 ], [ -73.826876066640565, 40.859428349461503 ], [ -73.826875121084612, 40.859426625420653 ], [ -73.825392920694824, 40.859907246605331 ], [ -73.825061075073407, 40.860014847603864 ], [ -73.824635718588368, 40.860153219378581 ], [ -73.824636398183415, 40.860154577443851 ], [ -73.824511837589782, 40.860194965939932 ], [ -73.824312018669943, 40.859846127354473 ] ] ] ] } },
{ "type": "Feature", "properties": { "Borough": "BX", "Block": 5132, "Lot": 5, "CD": 210, "BCT2020": "2030201", "BCTCB2020": "20302011003", "CT2010": "302", "CB2010": "3010", "SchoolDist": "11", "Council": 12, "ZipCode": 10475, "FireComp": "E066", "PolicePrct": 45, "HealthCent": 24, "HealthArea": 710, "Sanitboro": "2", "SanitDistr": "10", "SanitSub": "1D", "Address": "2001 BASSETT AVENUE", "ZoneDist1": "R3A", "ZoneDist2": null, "ZoneDist3": null, "ZoneDist4": null, "Overlay1": null, "Overlay2": null, "SPDist1": null, "SPDist2": null, "SPDist3": null, "LtdHeight": null, "SplitZone": "N", "BldgClass": "V0", "LandUse": "11", "Easements": 0, "OwnerType": null, "OwnerName": "2211 DE REIMER AVENUE LLC", "LotArea": 3300, "BldgArea": 0, "ComArea": 0, "ResArea": 0, "OfficeArea": 0, "RetailArea": 0, "GarageArea": 0, "StrgeArea": 0, "FactryArea": 0, "OtherArea": 0, "AreaSource": "7", "NumBldgs": 0, "NumFloors": 0.0, "UnitsRes": 0, "UnitsTotal": 0, "LotFront": 33.0, "LotDepth": 100.0, "BldgFront": 0.0, "BldgDepth": 0.0, "Ext": null, "ProxCode": "0", "IrrLotCode": "N", "LotType": "5", "BsmtCode": "5", "AssessLand": 3840.0, "AssessTot": 3840.0, "ExemptTot": 0.0, "YearBuilt": 0, "YearAlter1": 0, "YearAlter2": 0, "HistDist": null, "Landmark": null, "BuiltFAR": 0.0, "ResidFAR": 0.75, "CommFAR": 0.0, "FacilFAR": 1.0, "BoroCode": 2, "BBL": 2051320005.0, "CondoNo": 0, "Tract2010": "0302", "XCoord": 1032094, "YCoord": 252645, "ZoneMap": "4a", "ZMCode": null, "Sanborn": "218 054", "TaxMap": "21710", "EDesigNum": null, "APPBBL": 2051320001.0, "APPDate": "09/26/2025", "PLUTOMapID": "1", "FIRM07_FLA": null, "PFIRM15_FL": null, "Version": "25v4", "DCPEdited": null, "Latitude": 40.8599972, "Longitude": -73.8270377, "Notes": null, "Shape_Leng": 0.0, "Shape_Area": 3099.788107 }, "geometry": { "type": "MultiPolygon", "coordinates": [ [ [ [ -73.826914504339129, 40.859885309347263 ], [ -73.827016070952908, 40.859852708199448 ], [ -73.827053823964903, 40.859919928140904 ], [ -73.827089274842635, 40.859983047419412 ], [ -73.827124725789631, 40.860046166603858 ], [ -73.827160176914703, 40.860109284940599 ], [ -73.827058627679691, 40.860141901550371 ], [ -73.826914504339129, 40.859885309347263 ] ] ] ] } },
{ "type": "Feature", "properties": { "Borough": "BX", "Block": 5132, "Lot": 8, "CD": 210, "BCT2020": "2030201", "BCTCB2020": "20302011003", "CT2010": "302", "CB2010": "3010", "SchoolDist": "11", "Council": 12, "ZipCode": 10475, "FireComp": "E066", "PolicePrct": 45, "HealthCent": 24, "HealthArea": 710, "Sanitboro": "2", "SanitDistr": "10", "SanitSub": "1D", "Address": "BAYCHESTER AVENUE", "ZoneDist1": "R3A", "ZoneDist2": null, "ZoneDist3": null, "ZoneDist4": null, "Overlay1": null, "Overlay2": null, "SPDist1": null, "SPDist2": null, "SPDist3": null, "LtdHeight": null, "SplitZone": "N", "BldgClass": "V0", "LandUse": "11", "Easements": 0, "OwnerType": "C", "OwnerName": "NYC DEPARTMENT OF CITYWIDE ADMINISTRATIVE SERVICES", "LotArea": 1375, "BldgArea": 0, "ComArea": 0, "ResArea": 0, "OfficeArea": 0, "RetailArea": 0, "GarageArea": 0, "StrgeArea": 0, "FactryArea": 0, "OtherArea": 0, "AreaSource": "7", "NumBldgs": 0, "NumFloors": 0.0, "UnitsRes": 0, "UnitsTotal": 0, "LotFront": 25.0, "LotDepth": 55.0, "BldgFront": 0.0, "BldgDepth": 0.0, "Ext": null, "ProxCode": "0", "IrrLotCode": "N", "LotType": "5", "BsmtCode": "5", "AssessLand": 3840.0, "AssessTot": 3840.0, "ExemptTot": 3840.0, "YearBuilt": 0, "YearAlter1": 0, "YearAlter2": 0, "HistDist": null, "Landmark": null, "BuiltFAR": 0.0, "ResidFAR": 0.75, "CommFAR": 0.0, "FacilFAR": 1.0, "BoroCode": 2, "BBL": 2051320007.9999998, "CondoNo": 0, "Tract2010": "0302", "XCoord": 1032056, "YCoord": 252756, "ZoneMap": "4a", "ZMCode": null, "Sanborn": "218 054", "TaxMap": "21710", "EDesigNum": null, "APPBBL": 0.0, "APPDate": null, "PLUTOMapID": "1", "FIRM07_FLA": null, "PFIRM15_FL": null, "Version": "25v4", "DCPEdited": "t", "Latitude": 40.8603021, "Longitude": -73.8271743, "Notes": null, "Shape_Leng": 0.0, "Shape_Area": 1161.0583634 }, "geometry": { "type": "MultiPolygon", "coordinates": [ [ [ [ -73.827237966934945, 40.860247759654023 ], [ -73.827270881018578, 40.860306391455993 ], [ -73.827104391066044, 40.860359831008132 ], [ -73.827071475999531, 40.860301199156268 ], [ -73.827237966934945, 40.860247759654023 ] ] ] ] } },
{ "type": "Feature", "properties": { "Borough": "BX", "Block": 5132, "Lot": 16, "CD": 210, "BCT2020": "2030201", "BCTCB2020": "20302011003", "CT2010": "302", "CB2010": "3010", "SchoolDist": "11", "Council": 12, "ZipCode": 10475, "FireComp": "E066", "PolicePrct": 45, "HealthCent": 24, "HealthArea": 710, "Sanitboro": "2", "SanitDistr": "10", "SanitSub": "1D", "Address": "DE REIMER AVENUE", "ZoneDist1": "R3A", "ZoneDist2": null, "ZoneDist3": null, "ZoneDist4": null, "Overlay1": null, "Overlay2": null, "SPDist1": null, "SPDist2": null, "SPDist3": null, "LtdHeight": null, "SplitZone": "N", "BldgClass": "V0", "LandUse": "11", "Easements": 0, "OwnerType": null, "OwnerName": "CLIFFORD AKPAN, TRUSTEE", "LotArea": 792, "BldgArea": 0, "ComArea": 0, "ResArea": 0, "OfficeArea": 0, "RetailArea": 0, "GarageArea": 0, "StrgeArea": 0, "FactryArea": 0, "OtherArea": 0, "AreaSource": "7", "NumBldgs": 0, "NumFloors": 0.0, "UnitsRes": 0, "UnitsTotal": 0, "LotFront": 44.0, "LotDepth": 36.0, "BldgFront": 0.0, "BldgDepth": 0.0, "Ext": null, "ProxCode": "0", "IrrLotCode": "Y", "LotType": "5", "BsmtCode": "5", "AssessLand": 1860.0, "AssessTot": 1860.0, "ExemptTot": 0.0, "YearBuilt": 0, "YearAlter1": 0, "YearAlter2": 0, "HistDist": null, "Landmark": null, "BuiltFAR": 0.0, "ResidFAR": 0.75, "CommFAR": 0.0, "FacilFAR": 1.0, "BoroCode": 2, "BBL": 2051320016.0, "CondoNo": 0, "Tract2010": "0302", "XCoord": 1032158, "YCoord": 252805, "ZoneMap": "4a", "ZMCode": null, "Sanborn": "218 054", "TaxMap": "21710", "EDesigNum": null, "APPBBL": 0.0, "APPDate": null, "PLUTOMapID": "1", "FIRM07_FLA": null, "PFIRM15_FL": null, "Version": "25v4", "DCPEdited": null, "Latitude": 40.860436, "Longitude": -73.8268052, "Notes": null, "Shape_Leng": 0.0, "Shape_Area": 898.0747689 }, "geometry": { "type": "MultiPolygon", "coordinates": [ [ [ [ -73.826806863778458, 40.860529835110931 ], [ -73.826738855656558, 40.860408745332052 ], [ -73.826863560119534, 40.860368723001152 ], [ -73.826806863778458, 40.860529835110931 ] ] ] ] } },
{ "type": "Feature", "properties": { "Borough": "BX", "Block": 5132, "Lot": 19, "CD": 210, "BCT2020": "2030201", "BCTCB2020": "20302011003", "CT2010": "302", "CB2010": "3010", "SchoolDist": "11", "Council": 12, "ZipCode": 10475, "FireComp": "E066", "PolicePrct": 45, "HealthCent": 24, "HealthArea": 710, "Sanitboro": "2", "SanitDistr": "10", "SanitSub": "1D", "Address": "2211 DE REIMER AVENUE", "ZoneDist1": "R3A", "ZoneDist2": null, "ZoneDist3": null, "ZoneDist4": null, "Overlay1": null, "Overlay2": null, "SPDist1": null, "SPDist2": null, "SPDist3": null, "LtdHeight": null, "SplitZone": "N", "BldgClass": "B9", "LandUse": "01", "Easements": 0, "OwnerType": null, "OwnerName": "CLIFFORD AKPAN, TRUSTEE", "LotArea": 4912, "BldgArea": 2640, "ComArea": 0, "ResArea": 1720, "OfficeArea": 0, "RetailArea": 0, "GarageArea": 0, "StrgeArea": 0, "FactryArea": 0, "OtherArea": 0, "AreaSource": "2", "NumBldgs": 2, "NumFloors": 2.0, "UnitsRes": 2, "UnitsTotal": 2, "LotFront": 75.0, "LotDepth": 95.0, "BldgFront": 20.0, "BldgDepth": 44.0, "Ext": "G", "ProxCode": "1", "IrrLotCode": "Y", "LotType": "5", "BsmtCode": "1", "AssessLand": 14520.0, "AssessTot": 58140.0, "ExemptTot": 0.0, "YearBuilt": 1925, "YearAlter1": 0, "YearAlter2": 0, "HistDist": null, "Landmark": null, "BuiltFAR": 0.54, "ResidFAR": 0.75, "CommFAR": 0.0, "FacilFAR": 1.0, "BoroCode": 2, "BBL": 2051320018.9999998, "CondoNo": 0, "Tract2010": "0302", "XCoord": 1032160, "YCoord": 252738, "ZoneMap": "4a", "ZMCode": null, "Sanborn": "218 054", "TaxMap": "21710", "EDesigNum": null, "APPBBL": 0.0, "APPDate": null, "PLUTOMapID": "1", "FIRM07_FLA": "1", "PFIRM15_FL": null, "Version": "25v4", "DCPEdited": null, "Latitude": 40.8602521, "Longitude": -73.8267984, "Notes": null, "Shape_Leng": 0.0, "Shape_Area": 5505.5230352 }, "geometry": { "type": "MultiPolygon", "coordinates": [ [ [ [ -73.82662525574257, 40.86020648307381 ], [ -73.826911964859022, 40.860114489156757 ], [ -73.826958253040232, 40.860099636591613 ], [ -73.826863560119534, 40.860368723001152 ], [ -73.826738855656558, 40.860408745332052 ], [ -73.82662525574257, 40.86020648307381 ] ] ] ] } },
{ "type": "Feature", "properties": { "Borough": "BX", "Block": 5132, "Lot": 22, "CD": 210, "BCT2020": "2030201", "BCTCB2020": "20302011003", "CT2010": "302", "CB2010": "3010", "SchoolDist": "11", "Council": 12, "ZipCode": 10475, "FireComp": "E066", "PolicePrct": 45, "HealthCent": 24, "HealthArea": 710, "Sanitboro": "2", "SanitDistr": "10", "SanitSub": "1D", "Address": "2207 DE REIMER AVENUE", "ZoneDist1": "R3A", "ZoneDist2": null, "ZoneDist3": null, "ZoneDist4": null, "Overlay1": null, "Overlay2": null, "SPDist1": null, "SPDist2": null, "SPDist3": null, "LtdHeight": null, "SplitZone": "N", "BldgClass": "O2", "LandUse": "05", "Easements": 0, "OwnerType": null, "OwnerName": "2211 DE REIMER AVENUE LLC", "LotArea": 3135, "BldgArea": 2108, "ComArea": 2108, "ResArea": 0, "OfficeArea": 2108, "RetailArea": 0, "GarageArea": 0, "StrgeArea": 0, "FactryArea": 0, "OtherArea": 0, "AreaSource": "2", "NumBldgs": 1, "NumFloors": 2.0, "UnitsRes": 0, "UnitsTotal": 1, "LotFront": 37.5, "LotDepth": 83.6, "BldgFront": 20.67, "BldgDepth": 51.0, "Ext": "G", "ProxCode": "0", "IrrLotCode": "N", "LotType": "5", "BsmtCode": "0", "AssessLand": 35100.0, "AssessTot": 150750.0, "ExemptTot": 0.0, "YearBuilt": 1970, "YearAlter1": 0, "YearAlter2": 0, "HistDist": null, "Landmark": null, "BuiltFAR": 0.67, "ResidFAR": 0.75, "CommFAR": 0.0, "FacilFAR": 1.0, "BoroCode": 2, "BBL": 2051320022.0, "CondoNo": 0, "Tract2010": "0302", "XCoord": 1032190, "YCoord": 252652, "ZoneMap": "4a", "ZMCode": null, "Sanborn": "218 054", "TaxMap": "21710", "EDesigNum": null, "APPBBL": 2051320022.0, "APPDate": "09/26/2025", "PLUTOMapID": "1", "FIRM07_FLA": "1", "PFIRM15_FL": null, "Version": "25v4", "DCPEdited": null, "Latitude": 40.8600159, "Longitude": -73.8266906, "Notes": null, "Shape_Leng": 0.0, "Shape_Area": 3299.1427066000001 }, "geometry": { "type": "MultiPolygon", "coordinates": [ [ [ [ -73.82680329517126, 40.859921004430383 ], [ -73.826857638769837, 40.860017760373495 ], [ -73.826570928783511, 40.860109754154067 ], [ -73.826516601986853, 40.860013024204662 ], [ -73.82680329517126, 40.859921004430383 ] ] ] ] } },
{ "type": "Feature", "properties": { "Borough": "BX", "Block": 5132, "Lot": 200, "CD": 210, "BCT2020": "2030201", "BCTCB2020": "20302011005", "CT2010": "302", "CB2010": "3009", "SchoolDist": "11", "Council": 12, "ZipCode": 10475, "FireComp": "E066", "PolicePrct": 45, "HealthCent": 24, "HealthArea": 710, "Sanitboro": "2", "SanitDistr": "10", "SanitSub": "1D", "Address": "BASSETT AVENUE", "ZoneDist1": "R3A", "ZoneDist2": null, "ZoneDist3": null, "ZoneDist4": null, "Overlay1": null, "Overlay2": null, "SPDist1": null, "SPDist2": null, "SPDist3": null, "LtdHeight": null, "SplitZone": "N", "BldgClass": "V0", "LandUse": "11", "Easements": 0, "OwnerType": null, "OwnerName": "LAJQI, UKE", "LotArea": 6881, "BldgArea": 0, "ComArea": 0, "ResArea": 0, "OfficeArea": 0, "RetailArea": 0, "GarageArea": 0, "StrgeArea": 0, "FactryArea": 0, "OtherArea": 0, "AreaSource": "7", "NumBldgs": 0, "NumFloors": 0.0, "UnitsRes": 0, "UnitsTotal": 0, "LotFront": 175.0, "LotDepth": 39.25, "BldgFront": 0.0, "BldgDepth": 0.0, "Ext": null, "ProxCode": "0", "IrrLotCode": "N", "LotType": "4", "BsmtCode": "5", "AssessLand": 21780.0, "AssessTot": 21780.0, "ExemptTot": 0.0, "YearBuilt": 0, "YearAlter1": 0, "YearAlter2": 0, "HistDist": null, "Landmark": null, "BuiltFAR": 0.0, "ResidFAR": 0.75, "CommFAR": 0.0, "FacilFAR": 1.0, "BoroCode": 2, "BBL": 2051320199.9999998, "CondoNo": 0, "Tract2010": "0302", "XCoord": 1032186, "YCoord": 252549, "ZoneMap": "4a", "ZMCode": null, "Sanborn": "218 054", "TaxMap": "21710", "EDesigNum": null, "APPBBL": 0.0, "APPDate": null, "PLUTOMapID": "1", "FIRM07_FLA": "1", "PFIRM15_FL": null, "Version": "25v4", "DCPEdited": null, "Latitude": 40.8597333, "Longitude": -73.8267058, "Notes": null, "Shape_Leng": 0.0, "Shape_Area": 6881.0081925000004 }, "geometry": { "type": "MultiPolygon", "coordinates": [ [ [ [ -73.826967452973847, 40.859591133819613 ], [ -73.827023188494508, 40.859690413092281 ], [ -73.826441002663145, 40.859878385714048 ], [ -73.826385266755125, 40.859779105241898 ], [ -73.826967452973847, 40.859591133819613 ] ] ] ] } },
{ "type": "Feature", "properties": { "Borough": "BX", "Block": 5133, "Lot": 1, "CD": 210, "BCT2020": "2030201", "BCTCB2020": "20302011005", "CT2010": "302", "CB2010": "3009", "SchoolDist": "11", "Council": 12, "ZipCode": 10475, "FireComp": "E066", "PolicePrct": 45, "HealthCent": 24, "HealthArea": 710, "Sanitboro": "2", "SanitDistr": "10", "SanitSub": "1D", "Address": "2208 DE REIMER AVENUE", "ZoneDist1": "R3A", "ZoneDist2": null, "ZoneDist3": null, "ZoneDist4": null, "Overlay1": null, "Overlay2": null, "SPDist1": null, "SPDist2": null, "SPDist3": null, "LtdHeight": null, "SplitZone": "N", "BldgClass": "B1", "LandUse": "01", "Easements": 0, "OwnerType": null, "OwnerName": "NKRUMAH, WALTER", "LotArea": 2375, "BldgArea": 2366, "ComArea": 0, "ResArea": 2366, "OfficeArea": 0, "RetailArea": 0, "GarageArea": 0, "StrgeArea": 0, "FactryArea": 0, "OtherArea": 0, "AreaSource": "2", "NumBldgs": 1, "NumFloors": 2.0, "UnitsRes": 2, "UnitsTotal": 2, "LotFront": 50.0, "LotDepth": 95.0, "BldgFront": 28.0, "BldgDepth": 42.25, "Ext": "G", "ProxCode": "1", "IrrLotCode": "Y", "LotType": "5", "BsmtCode": "1", "AssessLand": 13500.0, "AssessTot": 54540.0, "ExemptTot": 1420.0, "YearBuilt": 1990, "YearAlter1": 0, "YearAlter2": 0, "HistDist": null, "Landmark": null, "BuiltFAR": 1.0, "ResidFAR": 0.75, "CommFAR": 0.0, "FacilFAR": 1.0, "BoroCode": 2, "BBL": 2051330001.0, "CondoNo": 0, "Tract2010": "0302", "XCoord": 1032324, "YCoord": 252715, "ZoneMap": "4a", "ZMCode": null, "Sanborn": "218 054", "TaxMap": "21710", "EDesigNum": null, "APPBBL": 0.0, "APPDate": null, "PLUTOMapID": "1", "FIRM07_FLA": "1", "PFIRM15_FL": null, "Version": "25v4", "DCPEdited": null, "Latitude": 40.8601881, "Longitude": -73.8262057, "Notes": null, "Shape_Leng": 0.0, "Shape_Area": 4935.2392757999996 }, "geometry": { "type": "MultiPolygon", "coordinates": [ [ [ [ -73.826331513786698, 40.860072302315679 ], [ -73.826402174651122, 40.860198617406873 ], [ -73.826073191865703, 40.860303723133441 ], [ -73.826002701237854, 40.860177353219761 ], [ -73.826331513786698, 40.860072302315679 ] ] ] ] } },
{ "type": "Feature", "properties": { "Borough": "BX", "Block": 5133, "Lot": 3, "CD": 210, "BCT2020": "2030201", "BCTCB2020": "20302011005", "CT2010": "302", "CB2010": "3009", "SchoolDist": "11", "Council": 12, "ZipCode": 10475, "FireComp": "E066", "PolicePrct": 45, "HealthCent": 24, "HealthArea": 710, "Sanitboro": "2", "SanitDistr": "10", "SanitSub": "1D", "Address": "2210 DE REIMER AVENUE", "ZoneDist1": "R3A", "ZoneDist2": null, "ZoneDist3": null, "ZoneDist4": null, "Overlay1": null, "Overlay2": null, "SPDist1": null, "SPDist2": null, "SPDist3": null, "LtdHeight": null, "SplitZone": "N", "BldgClass": "B1", "LandUse": "01", "Easements": 0, "OwnerType": null, "OwnerName": "MILTON HAUGHTON", "LotArea": 2375, "BldgArea": 2366, "ComArea": 0, "ResArea": 2366, "OfficeArea": 0, "RetailArea": 0, "GarageArea": 0, "StrgeArea": 0, "FactryArea": 0, "OtherArea": 0, "AreaSource": "2", "NumBldgs": 1, "NumFloors": 2.0, "UnitsRes": 2, "UnitsTotal": 2, "LotFront": 50.0, "LotDepth": 95.0, "BldgFront": 28.0, "BldgDepth": 42.25, "Ext": "G", "ProxCode": "1", "IrrLotCode": "Y", "LotType": "5", "BsmtCode": "1", "AssessLand": 14280.0, "AssessTot": 54540.0, "ExemptTot": 0.0, "YearBuilt": 1990, "YearAlter1": 0, "YearAlter2": 0, "HistDist": null, "Landmark": null, "BuiltFAR": 1.0, "ResidFAR": 0.75, "CommFAR": 0.0, "FacilFAR": 1.0, "BoroCode": 2, "BBL": 2051330002.9999998, "CondoNo": 0, "Tract2010": "0302", "XCoord": 1032305, "YCoord": 252761, "ZoneMap": "4a", "ZMCode": null, "Sanborn": "218 054", "TaxMap": "21710", "EDesigNum": null, "APPBBL": 2051330004.0, "APPDate": "11/15/1989", "PLUTOMapID": "1", "FIRM07_FLA": "1", "PFIRM15_FL": null, "Version": "25v4", "DCPEdited": null, "Latitude": 40.8603145, "Longitude": -73.8262741, "Notes": null, "Shape_Leng": 0.0, "Shape_Area": 4937.6869253000004 }, "geometry": { "type": "MultiPolygon", "coordinates": [ [ [ [ -73.826073191865703, 40.860303723133441 ], [ -73.826402174651122, 40.860198617406873 ], [ -73.82647283588976, 40.860324934208585 ], [ -73.826143699412228, 40.860430087672206 ], [ -73.826073191865703, 40.860303723133441 ] ] ] ] } },
{ "type": "Feature", "properties": { "Borough": "BX", "Block": 5133, "Lot": 5, "CD": 210, "BCT2020": "2030201", "BCTCB2020": "20302011005", "CT2010": "302", "CB2010": "3009", "SchoolDist": "11", "Council": 12, "ZipCode": 10475, "FireComp": "E066", "PolicePrct": 45, "HealthCent": 24, "HealthArea": 710, "Sanitboro": "2", "SanitDistr": "10", "SanitSub": "1D", "Address": "2212 DE REIMER AVENUE", "ZoneDist1": "R3A", "ZoneDist2": null, "ZoneDist3": null, "ZoneDist4": null, "Overlay1": null, "Overlay2": null, "SPDist1": null, "SPDist2": null, "SPDist3": null, "LtdHeight": null, "SplitZone": "N", "BldgClass": "B1", "LandUse": "01", "Easements": 0, "OwnerType": null, "OwnerName": "TANYA IQBAL/TRUST", "LotArea": 4750, "BldgArea": 2366, "ComArea": 0, "ResArea": 2366, "OfficeArea": 0, "RetailArea": 0, "GarageArea": 0, "StrgeArea": 0, "FactryArea": 0, "OtherArea": 0, "AreaSource": "2", "NumBldgs": 1, "NumFloors": 2.0, "UnitsRes": 2, "UnitsTotal": 2, "LotFront": 50.0, "LotDepth": 95.0, "BldgFront": 28.0, "BldgDepth": 42.25, "Ext": "G", "ProxCode": "1", "IrrLotCode": "N", "LotType": "5", "BsmtCode": "1", "AssessLand": 13920.0, "AssessTot": 54960.0, "ExemptTot": 1420.0, "YearBuilt": 1990, "YearAlter1": 0, "YearAlter2": 0, "HistDist": null, "Landmark": null, "BuiltFAR": 0.5, "ResidFAR": 0.75, "CommFAR": 0.0, "FacilFAR": 1.0, "BoroCode": 2, "BBL": 2051330005.0, "CondoNo": 0, "Tract2010": "0302", "XCoord": 1032285, "YCoord": 252807, "ZoneMap": "4a", "ZMCode": null, "Sanborn": "218 054", "TaxMap": "21710", "EDesigNum": null, "APPBBL": 0.0, "APPDate": null, "PLUTOMapID": "1", "FIRM07_FLA": "1", "PFIRM15_FL": null, "Version": "25v4", "DCPEdited": null, "Latitude": 40.8604408, "Longitude": -73.826346, "Notes": null, "Shape_Leng": 0.0, "Shape_Area": 4940.1746616 }, "geometry": { "type": "MultiPolygon", "coordinates": [ [ [ [ -73.826143699412228, 40.860430087672206 ], [ -73.82647283588976, 40.860324934208585 ], [ -73.826543498503, 40.860451249209532 ], [ -73.826214179987232, 40.86055646115986 ], [ -73.826143699412228, 40.860430087672206 ] ] ] ] } },
{ "type": "Feature", "properties": { "Borough": "BX", "Block": 5133, "Lot": 11, "CD": 210, "BCT2020": "2030201", "BCTCB2020": "20302011005", "CT2010": "302", "CB2010": "3009", "SchoolDist": "11", "Council": 12, "ZipCode": 10475, "FireComp": "E066", "PolicePrct": 45, "HealthCent": 24, "HealthArea": 710, "Sanitboro": "2", "SanitDistr": "10", "SanitSub": "1D", "Address": "2024 STILLWELL AVENUE", "ZoneDist1": "R3A", "ZoneDist2": null, "ZoneDist3": null, "ZoneDist4": null, "Overlay1": null, "Overlay2": null, "SPDist1": null, "SPDist2": null, "SPDist3": null, "LtdHeight": null, "SplitZone": "N", "BldgClass": "B3", "LandUse": "01", "Easements": 0, "OwnerType": null, "OwnerName": "EROSA, EDWIN X.", "LotArea": 7125, "BldgArea": 2955, "ComArea": 0, "ResArea": 1836, "OfficeArea": 0, "RetailArea": 0, "GarageArea": 0, "StrgeArea": 0, "FactryArea": 0, "OtherArea": 0, "AreaSource": "2", "NumBldgs": 2, "NumFloors": 1.5, "UnitsRes": 2, "UnitsTotal": 2, "LotFront": 95.0, "LotDepth": 75.0, "BldgFront": 71.48, "BldgDepth": 19.29, "Ext": "G", "ProxCode": "1", "IrrLotCode": "N", "LotType": "3", "BsmtCode": "1", "AssessLand": 15540.0, "AssessTot": 61860.0, "ExemptTot": 1420.0, "YearBuilt": 1920, "YearAlter1": 1997, "YearAlter2": 0, "HistDist": null, "Landmark": null, "BuiltFAR": 0.41, "ResidFAR": 0.75, "CommFAR": 0.0, "FacilFAR": 1.0, "BoroCode": 2, "BBL": 2051330011.0, "CondoNo": 0, "Tract2010": "0302", "XCoord": 1032260, "YCoord": 252865, "ZoneMap": "4a", "ZMCode": null, "Sanborn": "218 054", "TaxMap": "21710", "EDesigNum": null, "APPBBL": 0.0, "APPDate": null, "PLUTOMapID": "1", "FIRM07_FLA": "1", "PFIRM15_FL": null, "Version": "25v4", "DCPEdited": null, "Latitude": 40.8606002, "Longitude": -73.826436, "Notes": null, "Shape_Leng": 0.0, "Shape_Area": 7612.3806704999997 }, "geometry": { "type": "MultiPolygon", "coordinates": [ [ [ [ -73.826214179987232, 40.86055646115986 ], [ -73.826543498503, 40.860451249209532 ], [ -73.826652306899305, 40.860645757351868 ], [ -73.826322718064375, 40.860751053782671 ], [ -73.82628747284248, 40.860687871590009 ], [ -73.826214179987232, 40.86055646115986 ] ] ] ] } },
{ "type": "Feature", "properties": { "Borough": "BX", "Block": 5133, "Lot": 14, "CD": 210, "BCT2020": "2030201", "BCTCB2020": "20302011005", "CT2010": "302", "CB2010": "3009", "SchoolDist": "11", "Council": 12, "ZipCode": 10475, "FireComp": "E066", "PolicePrct": 45, "HealthCent": 24, "HealthArea": 710, "Sanitboro": "2", "SanitDistr": "10", "SanitSub": "1D", "Address": "PALMER AVENUE", "ZoneDist1": "R3A", "ZoneDist2": null, "ZoneDist3": null, "ZoneDist4": null, "Overlay1": null, "Overlay2": null, "SPDist1": null, "SPDist2": null, "SPDist3": null, "LtdHeight": null, "SplitZone": "N", "BldgClass": "V0", "LandUse": "11", "Easements": 0, "OwnerType": null, "OwnerName": "EROSA EDWIN L", "LotArea": 2375, "BldgArea": 0, "ComArea": 0, "ResArea": 0, "OfficeArea": 0, "RetailArea": 0, "GarageArea": 0, "StrgeArea": 0, "FactryArea": 0, "OtherArea": 0, "AreaSource": "7", "NumBldgs": 0, "NumFloors": 0.0, "UnitsRes": 0, "UnitsTotal": 0, "LotFront": 25.0, "LotDepth": 95.0, "BldgFront": 0.0, "BldgDepth": 0.0, "Ext": null, "ProxCode": "0", "IrrLotCode": "N", "LotType": "3", "BsmtCode": "5", "AssessLand": 5040.0, "AssessTot": 5040.0, "ExemptTot": 0.0, "YearBuilt": 0, "YearAlter1": 0, "YearAlter2": 0, "HistDist": null, "Landmark": null, "BuiltFAR": 0.0, "ResidFAR": 0.75, "CommFAR": 0.0, "FacilFAR": 1.0, "BoroCode": 2, "BBL": 2051330013.9999998, "CondoNo": 0, "Tract2010": "0302", "XCoord": 1032339, "YCoord": 252927, "ZoneMap": "4a", "ZMCode": null, "Sanborn": "218 054", "TaxMap": "21710", "EDesigNum": null, "APPBBL": 0.0, "APPDate": null, "PLUTOMapID": "1", "FIRM07_FLA": null, "PFIRM15_FL": null, "Version": "25v4", "DCPEdited": null, "Latitude": 40.8607699, "Longitude": -73.82615, "Notes": null, "Shape_Leng": 0.0, "Shape_Area": 2374.9562162000002 }, "geometry": { "type": "MultiPolygon", "coordinates": [ [ [ [ -73.82628747284248, 40.860687871590009 ], [ -73.826322718064375, 40.860751053782671 ], [ -73.826006162189046, 40.860852189850107 ], [ -73.825970917221596, 40.860789004801767 ], [ -73.82628747284248, 40.860687871590009 ] ] ] ] } },
{ "type": "Feature", "properties": { "Borough": "BX", "Block": 5133, "Lot": 15, "CD": 210, "BCT2020": "2030201", "BCTCB2020": "20302011005", "CT2010": "302", "CB2010": "3009", "SchoolDist": "11", "Council": 12, "ZipCode": 10475, "FireComp": "E066", "PolicePrct": 45, "HealthCent": 24, "HealthArea": 710, "Sanitboro": "2", "SanitDistr": "10", "SanitSub": "1D", "Address": "2215 PALMER AVENUE", "ZoneDist1": "R3A", "ZoneDist2": null, "ZoneDist3": null, "ZoneDist4": null, "Overlay1": null, "Overlay2": null, "SPDist1": null, "SPDist2": null, "SPDist3": null, "LtdHeight": null, "SplitZone": "N", "BldgClass": "C0", "LandUse": "02", "Easements": 0, "OwnerType": null, "OwnerName": "EROSA, EDWIN X", "LotArea": 4750, "BldgArea": 3276, "ComArea": 0, "ResArea": 2100, "OfficeArea": 0, "RetailArea": 0, "GarageArea": 0, "StrgeArea": 0, "FactryArea": 0, "OtherArea": 0, "AreaSource": "2", "NumBldgs": 1, "NumFloors": 2.0, "UnitsRes": 3, "UnitsTotal": 3, "LotFront": 50.0, "LotDepth": 95.0, "BldgFront": 21.5, "BldgDepth": 50.33, "Ext": "G", "ProxCode": "1", "IrrLotCode": "N", "LotType": "5", "BsmtCode": "1", "AssessLand": 13680.0, "AssessTot": 65100.0, "ExemptTot": 0.0, "YearBuilt": 1950, "YearAlter1": 0, "YearAlter2": 0, "HistDist": null, "Landmark": null, "BuiltFAR": 0.69, "ResidFAR": 0.75, "CommFAR": 0.0, "FacilFAR": 1.0, "BoroCode": 2, "BBL": 2051330015.0, "CondoNo": 0, "Tract2010": "0302", "XCoord": 1032354, "YCoord": 252891, "ZoneMap": "4a", "ZMCode": null, "Sanborn": "218 054", "TaxMap": "21710", "EDesigNum": null, "APPBBL": 0.0, "APPDate": null, "PLUTOMapID": "1", "FIRM07_FLA": null, "PFIRM15_FL": null, "Version": "25v4", "DCPEdited": null, "Latitude": 40.860671, "Longitude": -73.826096, "Notes": null, "Shape_Leng": 0.0, "Shape_Area": 4939.4290368000002 }, "geometry": { "type": "MultiPolygon", "coordinates": [ [ [ [ -73.82628747284248, 40.860687871590009 ], [ -73.825970917221596, 40.860789004801767 ], [ -73.825897616609453, 40.860657596837008 ], [ -73.826214179987232, 40.86055646115986 ], [ -73.82628747284248, 40.860687871590009 ] ] ] ] } },
{ "type": "Feature", "properties": { "Borough": "BX", "Block": 5133, "Lot": 17, "CD": 210, "BCT2020": "2030201", "BCTCB2020": "20302011005", "CT2010": "302", "CB2010": "3009", "SchoolDist": "11", "Council": 12, "ZipCode": 10475, "FireComp": "E066", "PolicePrct": 45, "HealthCent": 24, "HealthArea": 710, "Sanitboro": "2", "SanitDistr": "10", "SanitSub": "1D", "Address": "2211 PALMER AVENUE", "ZoneDist1": "R3A", "ZoneDist2": null, "ZoneDist3": null, "ZoneDist4": null, "Overlay1": null, "Overlay2": null, "SPDist1": null, "SPDist2": null, "SPDist3": null, "LtdHeight": null, "SplitZone": "N", "BldgClass": "B1", "LandUse": "01", "Easements": 0, "OwnerType": null, "OwnerName": "HUSSEY, DEHLIA", "LotArea": 2375, "BldgArea": 2366, "ComArea": 0, "ResArea": 2366, "OfficeArea": 0, "RetailArea": 0, "GarageArea": 0, "StrgeArea": 0, "FactryArea": 0, "OtherArea": 0, "AreaSource": "2", "NumBldgs": 1, "NumFloors": 2.0, "UnitsRes": 2, "UnitsTotal": 2, "LotFront": 50.0, "LotDepth": 95.0, "BldgFront": 28.0, "BldgDepth": 42.25, "Ext": "G", "ProxCode": "1", "IrrLotCode": "Y", "LotType": "5", "BsmtCode": "1", "AssessLand": 13800.0, "AssessTot": 55860.0, "ExemptTot": 0.0, "YearBuilt": 1990, "YearAlter1": 0, "YearAlter2": 0, "HistDist": null, "Landmark": null, "BuiltFAR": 1.0, "ResidFAR": 0.75, "CommFAR": 0.0, "FacilFAR": 1.0, "BoroCode": 2, "BBL": 2051330017.0, "CondoNo": 0, "Tract2010": "0302", "XCoord": 1032374, "YCoord": 252844, "ZoneMap": "4a", "ZMCode": null, "Sanborn": "218 054", "TaxMap": "21710", "EDesigNum": null, "APPBBL": 2051330018.0000002, "APPDate": "09/28/1989", "PLUTOMapID": "1", "FIRM07_FLA": "1", "PFIRM15_FL": null, "Version": "25v4", "DCPEdited": null, "Latitude": 40.8605419, "Longitude": -73.826024, "Notes": null, "Shape_Leng": 0.0, "Shape_Area": 4750.198362 }, "geometry": { "type": "MultiPolygon", "coordinates": [ [ [ [ -73.826143699412228, 40.860430087672206 ], [ -73.826214179987232, 40.86055646115986 ], [ -73.825897616609453, 40.860657596837008 ], [ -73.82582712593792, 40.860531227660232 ], [ -73.826143699412228, 40.860430087672206 ] ] ] ] } },
{ "type": "Feature", "properties": { "Borough": "BX", "Block": 5133, "Lot": 19, "CD": 210, "BCT2020": "2030201", "BCTCB2020": "20302011005", "CT2010": "302", "CB2010": "3009", "SchoolDist": "11", "Council": 12, "ZipCode": 10475, "FireComp": "E066", "PolicePrct": 45, "HealthCent": 24, "HealthArea": 710, "Sanitboro": "2", "SanitDistr": "10", "SanitSub": "1D", "Address": "2209 PALMER AVENUE", "ZoneDist1": "R3A", "ZoneDist2": null, "ZoneDist3": null, "ZoneDist4": null, "Overlay1": null, "Overlay2": null, "SPDist1": null, "SPDist2": null, "SPDist3": null, "LtdHeight": null, "SplitZone": "N", "BldgClass": "B1", "LandUse": "01", "Easements": 0, "OwnerType": null, "OwnerName": "MARFO, KWAKU", "LotArea": 2375, "BldgArea": 2366, "ComArea": 0, "ResArea": 2366, "OfficeArea": 0, "RetailArea": 0, "GarageArea": 0, "StrgeArea": 0, "FactryArea": 0, "OtherArea": 0, "AreaSource": "2", "NumBldgs": 1, "NumFloors": 2.0, "UnitsRes": 2, "UnitsTotal": 2, "LotFront": 50.0, "LotDepth": 95.0, "BldgFront": 28.0, "BldgDepth": 42.25, "Ext": "G", "ProxCode": "1", "IrrLotCode": "Y", "LotType": "5", "BsmtCode": "1", "AssessLand": 15240.0, "AssessTot": 55860.0, "ExemptTot": 0.0, "YearBuilt": 1990, "YearAlter1": 0, "YearAlter2": 0, "HistDist": null, "Landmark": null, "BuiltFAR": 1.0, "ResidFAR": 0.75, "CommFAR": 0.0, "FacilFAR": 1.0, "BoroCode": 2, "BBL": 2051330018.9999998, "CondoNo": 0, "Tract2010": "0302", "XCoord": 1032394, "YCoord": 252798, "ZoneMap": "4a", "ZMCode": null, "Sanborn": "218 054", "TaxMap": "21710", "EDesigNum": null, "APPBBL": 2051330020.0, "APPDate": "10/26/1989", "PLUTOMapID": "1", "FIRM07_FLA": "1", "PFIRM15_FL": null, "Version": "25v4", "DCPEdited": null, "Latitude": 40.8604155, "Longitude": -73.8259521, "Notes": null, "Shape_Leng": 0.0, "Shape_Area": 4750.165447 }, "geometry": { "type": "MultiPolygon", "coordinates": [ [ [ [ -73.826073191865703, 40.860303723133441 ], [ -73.826143699412228, 40.860430087672206 ], [ -73.82582712593792, 40.860531227660232 ], [ -73.825756636642211, 40.860404856681676 ], [ -73.826073191865703, 40.860303723133441 ] ] ] ] } },
{ "type": "Feature", "properties": { "Borough": "BX", "Block": 5133, "Lot": 21, "CD": 210, "BCT2020": "2030201", "BCTCB2020": "20302011005", "CT2010": "302", "CB2010": "3009", "SchoolDist": "11", "Council": 12, "ZipCode": 10475, "FireComp": "E066", "PolicePrct": 45, "HealthCent": 24, "HealthArea": 710, "Sanitboro": "2", "SanitDistr": "10", "SanitSub": "1D", "Address": "2205 PALMER AVENUE", "ZoneDist1": "R3A", "ZoneDist2": null, "ZoneDist3": null, "ZoneDist4": null, "Overlay1": null, "Overlay2": null, "SPDist1": null, "SPDist2": null, "SPDist3": null, "LtdHeight": null, "SplitZone": "N", "BldgClass": "A1", "LandUse": "01", "Easements": 0, "OwnerType": null, "OwnerName": "JACKSON DOMINGO", "LotArea": 4750, "BldgArea": 1280, "ComArea": 0, "ResArea": 1280, "OfficeArea": 0, "RetailArea": 0, "GarageArea": 0, "StrgeArea": 0, "FactryArea": 0, "OtherArea": 0, "AreaSource": "2", "NumBldgs": 2, "NumFloors": 2.0, "UnitsRes": 1, "UnitsTotal": 1, "LotFront": 50.0, "LotDepth": 95.0, "BldgFront": 20.0, "BldgDepth": 25.0, "Ext": "G", "ProxCode": "1", "IrrLotCode": "N", "LotType": "5", "BsmtCode": "5", "AssessLand": 12060.0, "AssessTot": 41760.0, "ExemptTot": 0.0, "YearBuilt": 1938, "YearAlter1": 0, "YearAlter2": 0, "HistDist": null, "Landmark": null, "BuiltFAR": 0.27, "ResidFAR": 0.75, "CommFAR": 0.0, "FacilFAR": 1.0, "BoroCode": 2, "BBL": 2051330021.0, "CondoNo": 0, "Tract2010": "0302", "XCoord": 1032414, "YCoord": 252752, "ZoneMap": "4a", "ZMCode": null, "Sanborn": "218 054", "TaxMap": "21710", "EDesigNum": null, "APPBBL": 0.0, "APPDate": null, "PLUTOMapID": "1", "FIRM07_FLA": "1", "PFIRM15_FL": null, "Version": "25v4", "DCPEdited": null, "Latitude": 40.8602892, "Longitude": -73.8258801, "Notes": null, "Shape_Leng": 0.0, "Shape_Area": 4750.0089475000004 }, "geometry": { "type": "MultiPolygon", "coordinates": [ [ [ [ -73.826002701237854, 40.860177353219761 ], [ -73.826073191865703, 40.860303723133441 ], [ -73.825756636642211, 40.860404856681676 ], [ -73.825686147612032, 40.860278486578643 ], [ -73.826002701237854, 40.860177353219761 ] ] ] ] } },
{ "type": "Feature", "properties": { "Borough": "BX", "Block": 5133, "Lot": 24, "CD": 210, "BCT2020": "2030201", "BCTCB2020": "20302011005", "CT2010": "302", "CB2010": "3009", "SchoolDist": "11", "Council": 12, "ZipCode": 10475, "FireComp": "E066", "PolicePrct": 45, "HealthCent": 24, "HealthArea": 710, "Sanitboro": "2", "SanitDistr": "10", "SanitSub": "1D", "Address": "2190 DE REIMER AVENUE", "ZoneDist1": "R3A", "ZoneDist2": null, "ZoneDist3": null, "ZoneDist4": null, "Overlay1": null, "Overlay2": null, "SPDist1": null, "SPDist2": null, "SPDist3": null, "LtdHeight": null, "SplitZone": "N", "BldgClass": "C0", "LandUse": "02", "Easements": 0, "OwnerType": null, "OwnerName": "STEWART, ALVARO", "LotArea": 7125, "BldgArea": 4091, "ComArea": 0, "ResArea": 4091, "OfficeArea": 0, "RetailArea": 0, "GarageArea": 0, "StrgeArea": 0, "FactryArea": 0, "OtherArea": 0, "AreaSource": "2", "NumBldgs": 1, "NumFloors": 3.0, "UnitsRes": 3, "UnitsTotal": 3, "LotFront": 50.0, "LotDepth": 190.0, "BldgFront": 31.5, "BldgDepth": 45.0, "Ext": "G", "ProxCode": "1", "IrrLotCode": "Y", "LotType": "5", "BsmtCode": "2", "AssessLand": 15420.0, "AssessTot": 76620.0, "ExemptTot": 0.0, "YearBuilt": 1989, "YearAlter1": 0, "YearAlter2": 0, "HistDist": null, "Landmark": null, "BuiltFAR": 0.57, "ResidFAR": 0.75, "CommFAR": 0.0, "FacilFAR": 1.0, "BoroCode": 2, "BBL": 2051330023.9999998, "CondoNo": 0, "Tract2010": "0302", "XCoord": 1032370, "YCoord": 252685, "ZoneMap": "4a", "ZMCode": null, "Sanborn": "218 054", "TaxMap": "21710", "EDesigNum": null, "APPBBL": 0.0, "APPDate": null, "PLUTOMapID": "1", "FIRM07_FLA": "1", "PFIRM15_FL": null, "Version": "25v4", "DCPEdited": null, "Latitude": 40.8601055, "Longitude": -73.8260396, "Notes": null, "Shape_Leng": 0.0, "Shape_Area": 6900.5713576999997 }, "geometry": { "type": "MultiPolygon", "coordinates": [ [ [ [ -73.825654371580924, 40.860221521943174 ], [ -73.825970430357572, 40.860119499130342 ], [ -73.825935184600411, 40.860056314144892 ], [ -73.825941223237749, 40.860054364642302 ], [ -73.826263318070886, 40.859950393444016 ], [ -73.826331513786698, 40.860072302315679 ], [ -73.826002701237854, 40.860177353219761 ], [ -73.825686147612032, 40.860278486578643 ], [ -73.825654371580924, 40.860221521943174 ] ] ] ] } },
{ "type": "Feature", "properties": { "Borough": "BX", "Block": 5133, "Lot": 25, "CD": 210, "BCT2020": "2030201", "BCTCB2020": "20302011005", "CT2010": "302", "CB2010": "3009", "SchoolDist": "11", "Council": 12, "ZipCode": 10475, "FireComp": "E066", "PolicePrct": 45, "HealthCent": 24, "HealthArea": 710, "Sanitboro": "2", "SanitDistr": "10", "SanitSub": "1D", "Address": "2201 PALMER AVENUE", "ZoneDist1": "R3A", "ZoneDist2": null, "ZoneDist3": null, "ZoneDist4": null, "Overlay1": null, "Overlay2": null, "SPDist1": null, "SPDist2": null, "SPDist3": null, "LtdHeight": null, "SplitZone": "N", "BldgClass": "A2", "LandUse": "01", "Easements": 0, "OwnerType": null, "OwnerName": "MARTINEZ  REINALDO", "LotArea": 2375, "BldgArea": 950, "ComArea": 0, "ResArea": 950, "OfficeArea": 0, "RetailArea": 0, "GarageArea": 0, "StrgeArea": 0, "FactryArea": 0, "OtherArea": 0, "AreaSource": "2", "NumBldgs": 1, "NumFloors": 1.5, "UnitsRes": 1, "UnitsTotal": 1, "LotFront": 25.0, "LotDepth": 95.0, "BldgFront": 20.0, "BldgDepth": 38.0, "Ext": "N", "ProxCode": "1", "IrrLotCode": "N", "LotType": "5", "BsmtCode": "2", "AssessLand": 8940.0, "AssessTot": 37860.0, "ExemptTot": 1420.0, "YearBuilt": 1925, "YearAlter1": 0, "YearAlter2": 0, "HistDist": null, "Landmark": null, "BuiltFAR": 0.4, "ResidFAR": 0.75, "CommFAR": 0.0, "FacilFAR": 1.0, "BoroCode": 2, "BBL": 2051330025.0, "CondoNo": 0, "Tract2010": "0302", "XCoord": 1032437, "YCoord": 252697, "ZoneMap": "4a", "ZMCode": null, "Sanborn": "218 054", "TaxMap": "21710", "EDesigNum": null, "APPBBL": 0.0, "APPDate": null, "PLUTOMapID": "1", "FIRM07_FLA": "1", "PFIRM15_FL": null, "Version": "25v4", "DCPEdited": null, "Latitude": 40.8601381, "Longitude": -73.8257973, "Notes": null, "Shape_Leng": 0.0, "Shape_Area": 2375.009882 }, "geometry": { "type": "MultiPolygon", "coordinates": [ [ [ [ -73.825654371580924, 40.860221521943174 ], [ -73.825619127282081, 40.860158336780493 ], [ -73.825935184600411, 40.860056314144892 ], [ -73.825970430357572, 40.860119499130342 ], [ -73.825654371580924, 40.860221521943174 ] ] ] ] } },
{ "type": "Feature", "properties": { "Borough": "BX", "Block": 5133, "Lot": 28, "CD": 210, "BCT2020": "2030201", "BCTCB2020": "20302011005", "CT2010": "302", "CB2010": "3009", "SchoolDist": "11", "Council": 12, "ZipCode": 10475, "FireComp": "E066", "PolicePrct": 45, "HealthCent": 24, "HealthArea": 710, "Sanitboro": "2", "SanitDistr": "10", "SanitSub": "1D", "Address": "2035 ERSKINE PLACE", "ZoneDist1": "R3A", "ZoneDist2": null, "ZoneDist3": null, "ZoneDist4": null, "Overlay1": null, "Overlay2": null, "SPDist1": null, "SPDist2": null, "SPDist3": null, "LtdHeight": null, "SplitZone": "N", "BldgClass": "B2", "LandUse": "01", "Easements": 0, "OwnerType": null, "OwnerName": "SCOTT, A. DIANE C", "LotArea": 3735, "BldgArea": 2828, "ComArea": 0, "ResArea": 2828, "OfficeArea": 0, "RetailArea": 0, "GarageArea": 0, "StrgeArea": 0, "FactryArea": 0, "OtherArea": 0, "AreaSource": "2", "NumBldgs": 1, "NumFloors": 2.0, "UnitsRes": 2, "UnitsTotal": 2, "LotFront": 95.0, "LotDepth": 39.32, "BldgFront": 56.0, "BldgDepth": 23.9, "Ext": "N", "ProxCode": "1", "IrrLotCode": "N", "LotType": "3", "BsmtCode": "2", "AssessLand": 9000.0, "AssessTot": 65940.0, "ExemptTot": 0.0, "YearBuilt": 1999, "YearAlter1": 0, "YearAlter2": 0, "HistDist": null, "Landmark": null, "BuiltFAR": 0.76, "ResidFAR": 0.75, "CommFAR": 0.0, "FacilFAR": 1.0, "BoroCode": 2, "BBL": 2051330028.0, "CondoNo": 0, "Tract2010": "0302", "XCoord": 1032449, "YCoord": 252667, "ZoneMap": "4a", "ZMCode": null, "Sanborn": "218 054", "TaxMap": "21710", "EDesigNum": null, "APPBBL": 2051330200.0000002, "APPDate": "09/27/2007", "PLUTOMapID": "1", "FIRM07_FLA": "1", "PFIRM15_FL": null, "Version": "25v4", "DCPEdited": null, "Latitude": 40.8600557, "Longitude": -73.8257542, "Notes": null, "Shape_Leng": 0.0, "Shape_Area": 3806.3667176 }, "geometry": { "type": "MultiPolygon", "coordinates": [ [ [ [ -73.82588572414781, 40.859955009581086 ], [ -73.825941223237749, 40.860054364642302 ], [ -73.825935184600411, 40.860056314144892 ], [ -73.825619127282081, 40.860158336780493 ], [ -73.82556369509048, 40.86005895916248 ], [ -73.82588572414781, 40.859955009581086 ] ] ] ] } },
{ "type": "Feature", "properties": { "Borough": "BX", "Block": 5133, "Lot": 200, "CD": 210, "BCT2020": "2030201", "BCTCB2020": "20302011005", "CT2010": "302", "CB2010": "3009", "SchoolDist": "11", "Council": 12, "ZipCode": 10475, "FireComp": "E066", "PolicePrct": 45, "HealthCent": 24, "HealthArea": 710, "Sanitboro": "2", "SanitDistr": "10", "SanitSub": "1D", "Address": "2180 DE REIMER AVENUE", "ZoneDist1": "R3A", "ZoneDist2": null, "ZoneDist3": null, "ZoneDist4": null, "Overlay1": null, "Overlay2": null, "SPDist1": null, "SPDist2": null, "SPDist3": null, "LtdHeight": null, "SplitZone": "N", "BldgClass": "B3", "LandUse": "01", "Easements": 0, "OwnerType": null, "OwnerName": "SMITH , TASHA", "LotArea": 3735, "BldgArea": 2200, "ComArea": 0, "ResArea": 2200, "OfficeArea": 0, "RetailArea": 0, "GarageArea": 0, "StrgeArea": 0, "FactryArea": 0, "OtherArea": 0, "AreaSource": "2", "NumBldgs": 1, "NumFloors": 2.0, "UnitsRes": 2, "UnitsTotal": 2, "LotFront": 39.25, "LotDepth": 95.0, "BldgFront": 24.0, "BldgDepth": 50.0, "Ext": "N", "ProxCode": "1", "IrrLotCode": "N", "LotType": "3", "BsmtCode": "5", "AssessLand": 8100.0, "AssessTot": 57000.0, "ExemptTot": 0.0, "YearBuilt": 1989, "YearAlter1": 0, "YearAlter2": 0, "HistDist": null, "Landmark": null, "BuiltFAR": 0.59, "ResidFAR": 0.75, "CommFAR": 0.0, "FacilFAR": 1.0, "BoroCode": 2, "BBL": 2051330200.0000002, "CondoNo": 0, "Tract2010": "0302", "XCoord": 1032360, "YCoord": 252629, "ZoneMap": "4a", "ZMCode": null, "Sanborn": "218 054", "TaxMap": "21710", "EDesigNum": null, "APPBBL": 2051330200.0000002, "APPDate": "09/27/2007", "PLUTOMapID": "1", "FIRM07_FLA": "1", "PFIRM15_FL": null, "Version": "25v4", "DCPEdited": null, "Latitude": 40.8599519, "Longitude": -73.8260762, "Notes": null, "Shape_Leng": 0.0, "Shape_Area": 3806.3572392000001 }, "geometry": { "type": "MultiPolygon", "coordinates": [ [ [ [ -73.82588572414781, 40.859955009581086 ], [ -73.826207750986356, 40.859851059096883 ], [ -73.826263318070886, 40.859950393444016 ], [ -73.825941223237749, 40.860054364642302 ], [ -73.82588572414781, 40.859955009581086 ] ] ] ] } },
{ "type": "Feature", "properties": { "Borough": "BX", "Block": 5134, "Lot": 1, "CD": 210, "BCT2020": "2030201", "BCTCB2020": "20302011004", "CT2010": "302", "CB2010": "3007", "SchoolDist": "11", "Council": 12, "ZipCode": 10475, "FireComp": "E066", "PolicePrct": 45, "HealthCent": 24, "HealthArea": 710, "Sanitboro": "2", "SanitDistr": "10", "SanitSub": "1D", "Address": "2204 PALMER AVENUE", "ZoneDist1": "R3A", "ZoneDist2": null, "ZoneDist3": null, "ZoneDist4": null, "Overlay1": null, "Overlay2": null, "SPDist1": null, "SPDist2": null, "SPDist3": null, "LtdHeight": null, "SplitZone": "N", "BldgClass": "A1", "LandUse": "01", "Easements": 0, "OwnerType": null, "OwnerName": "DONYINA, TWUM-BARIMA", "LotArea": 2375, "BldgArea": 1422, "ComArea": 0, "ResArea": 1422, "OfficeArea": 0, "RetailArea": 0, "GarageArea": 0, "StrgeArea": 0, "FactryArea": 0, "OtherArea": 0, "AreaSource": "2", "NumBldgs": 1, "NumFloors": 2.0, "UnitsRes": 1, "UnitsTotal": 1, "LotFront": 25.0, "LotDepth": 95.0, "BldgFront": 17.0, "BldgDepth": 41.83, "Ext": null, "ProxCode": "1", "IrrLotCode": "N", "LotType": "5", "BsmtCode": "2", "AssessLand": 10020.0, "AssessTot": 48600.0, "ExemptTot": 0.0, "YearBuilt": 2011, "YearAlter1": 0, "YearAlter2": 0, "HistDist": null, "Landmark": null, "BuiltFAR": 0.6, "ResidFAR": 0.75, "CommFAR": 0.0, "FacilFAR": 1.0, "BoroCode": 2, "BBL": 2051340001.0, "CondoNo": 0, "Tract2010": "0302", "XCoord": 1032559, "YCoord": 252803, "ZoneMap": "4a", "ZMCode": null, "Sanborn": "218 056", "TaxMap": "21710", "EDesigNum": null, "APPBBL": 0.0, "APPDate": null, "PLUTOMapID": "1", "FIRM07_FLA": null, "PFIRM15_FL": null, "Version": "25v4", "DCPEdited": null, "Latitude": 40.8604284, "Longitude": -73.8253555, "Notes": null, "Shape_Leng": 0.0, "Shape_Area": 2374.2271083000001 }, "geometry": { "type": "MultiPolygon", "coordinates": [ [ [ [ -73.825176709613515, 40.860446847422416 ], [ -73.825493208626042, 40.860345838776553 ], [ -73.825529032218, 40.860408839296454 ], [ -73.825212534059304, 40.860509848878671 ], [ -73.82519740810811, 40.860483247008766 ], [ -73.825176709613515, 40.860446847422416 ] ] ] ] } },
{ "type": "Feature", "properties": { "Borough": "BX", "Block": 5134, "Lot": 2, "CD": 210, "BCT2020": "2030201", "BCTCB2020": "20302011004", "CT2010": "302", "CB2010": "3007", "SchoolDist": "11", "Council": 12, "ZipCode": 10475, "FireComp": "E066", "PolicePrct": 45, "HealthCent": 24, "HealthArea": 710, "Sanitboro": "2", "SanitDistr": "10", "SanitSub": "1D", "Address": "2206 PALMER AVENUE", "ZoneDist1": "R3A", "ZoneDist2": null, "ZoneDist3": null, "ZoneDist4": null, "Overlay1": null, "Overlay2": null, "SPDist1": null, "SPDist2": null, "SPDist3": null, "LtdHeight": null, "SplitZone": "N", "BldgClass": "A1", "LandUse": "01", "Easements": 0, "OwnerType": null, "OwnerName": "CRUZ, YUDELKA", "LotArea": 2375, "BldgArea": 1422, "ComArea": 0, "ResArea": 1422, "OfficeArea": 0, "RetailArea": 0, "GarageArea": 0, "StrgeArea": 0, "FactryArea": 0, "OtherArea": 0, "AreaSource": "2", "NumBldgs": 1, "NumFloors": 2.0, "UnitsRes": 1, "UnitsTotal": 1, "LotFront": 25.0, "LotDepth": 95.0, "BldgFront": 17.0, "BldgDepth": 41.83, "Ext": "N", "ProxCode": "1", "IrrLotCode": "N", "LotType": "5", "BsmtCode": "2", "AssessLand": 10020.0, "AssessTot": 43260.0, "ExemptTot": 0.0, "YearBuilt": 2011, "YearAlter1": 0, "YearAlter2": 0, "HistDist": null, "Landmark": null, "BuiltFAR": 0.6, "ResidFAR": 0.75, "CommFAR": 0.0, "FacilFAR": 1.0, "BoroCode": 2, "BBL": 2051340002.0000002, "CondoNo": 0, "Tract2010": "0302", "XCoord": 1032549, "YCoord": 252825, "ZoneMap": "4a", "ZMCode": null, "Sanborn": "218 056", "TaxMap": "21710", "EDesigNum": null, "APPBBL": 0.0, "APPDate": null, "PLUTOMapID": "1", "FIRM07_FLA": null, "PFIRM15_FL": null, "Version": "25v4", "DCPEdited": null, "Latitude": 40.8604888, "Longitude": -73.8253915, "Notes": null, "Shape_Leng": 0.0, "Shape_Area": 2299.4942522000001 }, "geometry": { "type": "MultiPolygon", "coordinates": [ [ [ [ -73.825212534059304, 40.860509848878671 ], [ -73.825529032218, 40.860408839296454 ], [ -73.82556372843186, 40.860469857893222 ], [ -73.825247228825759, 40.860570866731322 ], [ -73.82522873447752, 40.86053834080785 ], [ -73.825212534059304, 40.860509848878671 ] ] ] ] } },
{ "type": "Feature", "properties": { "Borough": "BX", "Block": 5134, "Lot": 14, "CD": 210, "BCT2020": "2030201", "BCTCB2020": "20302011004", "CT2010": "302", "CB2010": "3007", "SchoolDist": "11", "Council": 12, "ZipCode": 10475, "FireComp": "E066", "PolicePrct": 45, "HealthCent": 24, "HealthArea": 710, "Sanitboro": "2", "SanitDistr": "10", "SanitSub": "1D", "Address": "2233 BOLLER AVENUE", "ZoneDist1": "R3A", "ZoneDist2": null, "ZoneDist3": null, "ZoneDist4": null, "Overlay1": null, "Overlay2": null, "SPDist1": null, "SPDist2": null, "SPDist3": null, "LtdHeight": null, "SplitZone": "N", "BldgClass": "B1", "LandUse": "01", "Easements": 0, "OwnerType": null, "OwnerName": "LU, DAVID", "LotArea": 3325, "BldgArea": 2290, "ComArea": 0, "ResArea": 2290, "OfficeArea": 0, "RetailArea": 0, "GarageArea": 0, "StrgeArea": 0, "FactryArea": 0, "OtherArea": 0, "AreaSource": "2", "NumBldgs": 1, "NumFloors": 2.0, "UnitsRes": 2, "UnitsTotal": 2, "LotFront": 35.0, "LotDepth": 95.0, "BldgFront": 20.0, "BldgDepth": 57.0, "Ext": null, "ProxCode": "1", "IrrLotCode": "N", "LotType": "3", "BsmtCode": "2", "AssessLand": 11220.0, "AssessTot": 62700.0, "ExemptTot": 0.0, "YearBuilt": 2015, "YearAlter1": 2014, "YearAlter2": 0, "HistDist": null, "Landmark": null, "BuiltFAR": 0.69, "ResidFAR": 0.75, "CommFAR": 0.0, "FacilFAR": 1.0, "BoroCode": 2, "BBL": 2051340013.9999998, "CondoNo": 0, "Tract2010": "0302", "XCoord": 1032573, "YCoord": 253013, "ZoneMap": "4a", "ZMCode": null, "Sanborn": "218 056", "TaxMap": "21710", "EDesigNum": null, "APPBBL": 2051340015.0, "APPDate": "02/16/2017", "PLUTOMapID": "1", "FIRM07_FLA": null, "PFIRM15_FL": null, "Version": "25v4", "DCPEdited": null, "Latitude": 40.8610047, "Longitude": -73.8253034, "Notes": null, "Shape_Leng": 0.0, "Shape_Area": 3348.7284023000002 }, "geometry": { "type": "MultiPolygon", "coordinates": [ [ [ [ -73.825115783968968, 40.861013015724787 ], [ -73.82543983796738, 40.860909597188083 ], [ -73.825463338420803, 40.86095092496123 ], [ -73.82548913164193, 40.860996284877629 ], [ -73.825164323507494, 40.861099944599864 ], [ -73.825138925725298, 40.861054458134198 ], [ -73.825115783968968, 40.861013015724787 ] ] ] ] } },
{ "type": "Feature", "properties": { "Borough": "BX", "Block": 5134, "Lot": 18, "CD": 210, "BCT2020": "2030201", "BCTCB2020": "20302011004", "CT2010": "302", "CB2010": "3007", "SchoolDist": "11", "Council": 12, "ZipCode": 10475, "FireComp": "E066", "PolicePrct": 45, "HealthCent": 24, "HealthArea": 710, "Sanitboro": "2", "SanitDistr": "10", "SanitSub": "1D", "Address": "2229 BOLLER AVENUE", "ZoneDist1": "R3A", "ZoneDist2": null, "ZoneDist3": null, "ZoneDist4": null, "Overlay1": null, "Overlay2": null, "SPDist1": null, "SPDist2": null, "SPDist3": null, "LtdHeight": null, "SplitZone": "N", "BldgClass": "A2", "LandUse": "01", "Easements": 0, "OwnerType": null, "OwnerName": "COLON, ANNETTE", "LotArea": 2375, "BldgArea": 911, "ComArea": 0, "ResArea": 506, "OfficeArea": 0, "RetailArea": 0, "GarageArea": 0, "StrgeArea": 0, "FactryArea": 0, "OtherArea": 0, "AreaSource": "2", "NumBldgs": 1, "NumFloors": 1.5, "UnitsRes": 1, "UnitsTotal": 1, "LotFront": 25.0, "LotDepth": 95.0, "BldgFront": 15.0, "BldgDepth": 27.0, "Ext": "N", "ProxCode": "1", "IrrLotCode": "N", "LotType": "5", "BsmtCode": "1", "AssessLand": 8640.0, "AssessTot": 33060.0, "ExemptTot": 0.0, "YearBuilt": 1925, "YearAlter1": 0, "YearAlter2": 0, "HistDist": null, "Landmark": null, "BuiltFAR": 0.38, "ResidFAR": 0.75, "CommFAR": 0.0, "FacilFAR": 1.0, "BoroCode": 2, "BBL": 2051340018.0000002, "CondoNo": 0, "Tract2010": "0302", "XCoord": 1032598, "YCoord": 252953, "ZoneMap": "4a", "ZMCode": null, "Sanborn": "218 056", "TaxMap": "21710", "EDesigNum": null, "APPBBL": 0.0, "APPDate": null, "PLUTOMapID": "1", "FIRM07_FLA": null, "PFIRM15_FL": null, "Version": "25v4", "DCPEdited": null, "Latitude": 40.8608399, "Longitude": -73.8252135, "Notes": null, "Shape_Leng": 0.0, "Shape_Area": 2499.6613216000001 }, "geometry": { "type": "MultiPolygon", "coordinates": [ [ [ [ -73.825030833900442, 40.860860874509221 ], [ -73.825353567311808, 40.860757877522161 ], [ -73.825372689830857, 40.86079150842135 ], [ -73.825390523152038, 40.86082286895428 ], [ -73.825067223286027, 40.86092604714235 ], [ -73.825030833900442, 40.860860874509221 ] ] ] ] } },
{ "type": "Feature", "properties": { "Borough": "BX", "Block": 5134, "Lot": 19, "CD": 210, "BCT2020": "2030201", "BCTCB2020": "20302011004", "CT2010": "302", "CB2010": "3007", "SchoolDist": "11", "Council": 12, "ZipCode": 10475, "FireComp": "E066", "PolicePrct": 45, "HealthCent": 24, "HealthArea": 710, "Sanitboro": "2", "SanitDistr": "10", "SanitSub": "1D", "Address": "2227 BOLLER AVENUE", "ZoneDist1": "R3A", "ZoneDist2": null, "ZoneDist3": null, "ZoneDist4": null, "Overlay1": null, "Overlay2": null, "SPDist1": null, "SPDist2": null, "SPDist3": null, "LtdHeight": null, "SplitZone": "N", "BldgClass": "B2", "LandUse": "01", "Easements": 0, "OwnerType": null, "OwnerName": "ROSA, ANGEL", "LotArea": 2375, "BldgArea": 520, "ComArea": 0, "ResArea": 520, "OfficeArea": 0, "RetailArea": 0, "GarageArea": 0, "StrgeArea": 0, "FactryArea": 0, "OtherArea": 0, "AreaSource": "2", "NumBldgs": 1, "NumFloors": 1.5, "UnitsRes": 2, "UnitsTotal": 2, "LotFront": 25.0, "LotDepth": 95.0, "BldgFront": 19.0, "BldgDepth": 28.0, "Ext": "N", "ProxCode": "1", "IrrLotCode": "N", "LotType": "5", "BsmtCode": "1", "AssessLand": 8400.0, "AssessTot": 23820.0, "ExemptTot": 0.0, "YearBuilt": 1925, "YearAlter1": 0, "YearAlter2": 0, "HistDist": null, "Landmark": null, "BuiltFAR": 0.22, "ResidFAR": 0.75, "CommFAR": 0.0, "FacilFAR": 1.0, "BoroCode": 2, "BBL": 2051340018.9999998, "CondoNo": 0, "Tract2010": "0302", "XCoord": 1032608, "YCoord": 252930, "ZoneMap": "4a", "ZMCode": null, "Sanborn": "218 056", "TaxMap": "21710", "EDesigNum": null, "APPBBL": 0.0, "APPDate": null, "PLUTOMapID": "1", "FIRM07_FLA": null, "PFIRM15_FL": null, "Version": "25v4", "DCPEdited": null, "Latitude": 40.8607767, "Longitude": -73.8251775, "Notes": null, "Shape_Leng": 0.0, "Shape_Area": 2420.8854889 }, "geometry": { "type": "MultiPolygon", "coordinates": [ [ [ [ -73.824995529471678, 40.860797646824174 ], [ -73.825317715292925, 40.860694825625444 ], [ -73.825353567311808, 40.860757877522161 ], [ -73.825030833900442, 40.860860874509221 ], [ -73.824995529471678, 40.860797646824174 ] ] ] ] } },
{ "type": "Feature", "properties": { "Borough": "BX", "Block": 5134, "Lot": 26, "CD": 210, "BCT2020": "2030201", "BCTCB2020": "20302011004", "CT2010": "302", "CB2010": "3007", "SchoolDist": "11", "Council": 12, "ZipCode": 10475, "FireComp": "E066", "PolicePrct": 45, "HealthCent": 24, "HealthArea": 710, "Sanitboro": "2", "SanitDistr": "10", "SanitSub": "1D", "Address": "2211 BOLLER AVENUE", "ZoneDist1": "R3A", "ZoneDist2": null, "ZoneDist3": null, "ZoneDist4": null, "Overlay1": null, "Overlay2": null, "SPDist1": null, "SPDist2": null, "SPDist3": null, "LtdHeight": null, "SplitZone": "N", "BldgClass": "B3", "LandUse": "01", "Easements": 0, "OwnerType": null, "OwnerName": "AIDE MACIAS AVILES, SOFIA", "LotArea": 2375, "BldgArea": 1080, "ComArea": 0, "ResArea": 1080, "OfficeArea": 0, "RetailArea": 0, "GarageArea": 0, "StrgeArea": 0, "FactryArea": 0, "OtherArea": 0, "AreaSource": "2", "NumBldgs": 1, "NumFloors": 2.0, "UnitsRes": 2, "UnitsTotal": 2, "LotFront": 25.0, "LotDepth": 95.0, "BldgFront": 22.0, "BldgDepth": 40.0, "Ext": "N", "ProxCode": "1", "IrrLotCode": "N", "LotType": "5", "BsmtCode": "2", "AssessLand": 8040.0, "AssessTot": 42180.0, "ExemptTot": 0.0, "YearBuilt": 1910, "YearAlter1": 0, "YearAlter2": 0, "HistDist": null, "Landmark": null, "BuiltFAR": 0.45, "ResidFAR": 0.75, "CommFAR": 0.0, "FacilFAR": 1.0, "BoroCode": 2, "BBL": 2051340026.0, "CondoNo": 0, "Tract2010": "0302", "XCoord": 1032667, "YCoord": 252793, "ZoneMap": "4a", "ZMCode": null, "Sanborn": "218 056", "TaxMap": "21710", "EDesigNum": null, "APPBBL": 0.0, "APPDate": null, "PLUTOMapID": "1", "FIRM07_FLA": null, "PFIRM15_FL": null, "Version": "25v4", "DCPEdited": null, "Latitude": 40.8604003, "Longitude": -73.8249652, "Notes": null, "Shape_Leng": 0.0, "Shape_Area": 2521.6858828 }, "geometry": { "type": "MultiPolygon", "coordinates": [ [ [ [ -73.8248214447203, 40.860485869385407 ], [ -73.824784295567142, 40.860419334886359 ], [ -73.825103195342464, 40.860317561044674 ], [ -73.825140922857884, 40.860383911684636 ], [ -73.8248214447203, 40.860485869385407 ] ] ] ] } },
{ "type": "Feature", "properties": { "Borough": "BX", "Block": 5134, "Lot": 27, "CD": 210, "BCT2020": "2030201", "BCTCB2020": "20302011002", "CT2010": "302", "CB2010": "3002", "SchoolDist": "11", "Council": 12, "ZipCode": 10475, "FireComp": "E066", "PolicePrct": 45, "HealthCent": 24, "HealthArea": 710, "Sanitboro": "2", "SanitDistr": "10", "SanitSub": "1D", "Address": "2059 STILLWELL AVENUE", "ZoneDist1": "R3A", "ZoneDist2": null, "ZoneDist3": null, "ZoneDist4": null, "Overlay1": null, "Overlay2": null, "SPDist1": null, "SPDist2": null, "SPDist3": null, "LtdHeight": null, "SplitZone": "N", "BldgClass": "B2", "LandUse": "01", "Easements": 0, "OwnerType": null, "OwnerName": "DIAZ, SONYA", "LotArea": 4275, "BldgArea": 2860, "ComArea": 0, "ResArea": 2860, "OfficeArea": 0, "RetailArea": 0, "GarageArea": 0, "StrgeArea": 0, "FactryArea": 0, "OtherArea": 0, "AreaSource": "2", "NumBldgs": 1, "NumFloors": 2.0, "UnitsRes": 2, "UnitsTotal": 2, "LotFront": 45.0, "LotDepth": 95.0, "BldgFront": 25.0, "BldgDepth": 57.0, "Ext": "N", "ProxCode": "1", "IrrLotCode": "N", "LotType": "3", "BsmtCode": "2", "AssessLand": 15300.0, "AssessTot": 76980.0, "ExemptTot": 0.0, "YearBuilt": 2000, "YearAlter1": 0, "YearAlter2": 0, "HistDist": null, "Landmark": null, "BuiltFAR": 0.67, "ResidFAR": 0.75, "CommFAR": 0.0, "FacilFAR": 1.0, "BoroCode": 2, "BBL": 2051340027.0, "CondoNo": 0, "Tract2010": "0302", "XCoord": 1032446, "YCoord": 253068, "ZoneMap": "4a", "ZMCode": null, "Sanborn": "218 056", "TaxMap": "21710", "EDesigNum": null, "APPBBL": 0.0, "APPDate": null, "PLUTOMapID": "1", "FIRM07_FLA": null, "PFIRM15_FL": null, "Version": "25v4", "DCPEdited": null, "Latitude": 40.8611563, "Longitude": -73.8257621, "Notes": null, "Shape_Leng": 0.0, "Shape_Area": 4800.7135403000002 }, "geometry": { "type": "MultiPolygon", "coordinates": [ [ [ [ -73.825560799982668, 40.861147523132765 ], [ -73.82588657812974, 40.861041989884065 ], [ -73.82595684346839, 40.861165448264352 ], [ -73.825631063613642, 40.861270982625939 ], [ -73.825560799982668, 40.861147523132765 ] ] ] ] } },
{ "type": "Feature", "properties": { "Borough": "BX", "Block": 5134, "Lot": 29, "CD": 210, "BCT2020": "2030201", "BCTCB2020": "20302011002", "CT2010": "302", "CB2010": "3002", "SchoolDist": "11", "Council": 12, "ZipCode": 10475, "FireComp": "E066", "PolicePrct": 45, "HealthCent": 24, "HealthArea": 710, "Sanitboro": "2", "SanitDistr": "10", "SanitSub": "1D", "Address": "2306 PALMER AVENUE", "ZoneDist1": "R3A", "ZoneDist2": null, "ZoneDist3": null, "ZoneDist4": null, "Overlay1": null, "Overlay2": null, "SPDist1": null, "SPDist2": null, "SPDist3": null, "LtdHeight": null, "SplitZone": "N", "BldgClass": "B1", "LandUse": "01", "Easements": 0, "OwnerType": null, "OwnerName": "GIBBS, RODEL CHRISTOPHER", "LotArea": 4750, "BldgArea": 2016, "ComArea": 0, "ResArea": 2016, "OfficeArea": 0, "RetailArea": 0, "GarageArea": 0, "StrgeArea": 0, "FactryArea": 0, "OtherArea": 0, "AreaSource": "2", "NumBldgs": 1, "NumFloors": 2.0, "UnitsRes": 2, "UnitsTotal": 2, "LotFront": 50.0, "LotDepth": 95.0, "BldgFront": 37.0, "BldgDepth": 25.0, "Ext": "N", "ProxCode": "1", "IrrLotCode": "N", "LotType": "5", "BsmtCode": "2", "AssessLand": 14760.0, "AssessTot": 46500.0, "ExemptTot": 0.0, "YearBuilt": 1963, "YearAlter1": 0, "YearAlter2": 0, "HistDist": null, "Landmark": null, "BuiltFAR": 0.42, "ResidFAR": 0.75, "CommFAR": 0.0, "FacilFAR": 1.0, "BoroCode": 2, "BBL": 2051340029.0000002, "CondoNo": 0, "Tract2010": "0302", "XCoord": 1032427, "YCoord": 253113, "ZoneMap": "4a", "ZMCode": null, "Sanborn": "218 056", "TaxMap": "21710", "EDesigNum": null, "APPBBL": 0.0, "APPDate": null, "PLUTOMapID": "1", "FIRM07_FLA": null, "PFIRM15_FL": null, "Version": "25v4", "DCPEdited": null, "Latitude": 40.8612799, "Longitude": -73.8258305, "Notes": null, "Shape_Leng": 0.0, "Shape_Area": 4898.7452985999998 }, "geometry": { "type": "MultiPolygon", "coordinates": [ [ [ [ -73.825661175955076, 40.861323893391521 ], [ -73.825631063613642, 40.861270982625939 ], [ -73.82595684346839, 40.861165448264352 ], [ -73.826028539916479, 40.861291428311446 ], [ -73.825702761979556, 40.861396963798029 ], [ -73.825661175955076, 40.861323893391521 ] ] ] ] } },
{ "type": "Feature", "properties": { "Borough": "BX", "Block": 5134, "Lot": 31, "CD": 210, "BCT2020": "2030201", "BCTCB2020": "20302011002", "CT2010": "302", "CB2010": "3002", "SchoolDist": "11", "Council": 12, "ZipCode": 10475, "FireComp": "E066", "PolicePrct": 45, "HealthCent": 24, "HealthArea": 710, "Sanitboro": "2", "SanitDistr": "10", "SanitSub": "1D", "Address": "2310 PALMER AVENUE", "ZoneDist1": "R3A", "ZoneDist2": null, "ZoneDist3": null, "ZoneDist4": null, "Overlay1": null, "Overlay2": null, "SPDist1": null, "SPDist2": null, "SPDist3": null, "LtdHeight": null, "SplitZone": "N", "BldgClass": "A2", "LandUse": "01", "Easements": 0, "OwnerType": null, "OwnerName": "AMALIA SEGARRA", "LotArea": 4750, "BldgArea": 1638, "ComArea": 0, "ResArea": 1638, "OfficeArea": 0, "RetailArea": 0, "GarageArea": 0, "StrgeArea": 0, "FactryArea": 0, "OtherArea": 0, "AreaSource": "2", "NumBldgs": 2, "NumFloors": 1.75, "UnitsRes": 1, "UnitsTotal": 1, "LotFront": 50.0, "LotDepth": 95.0, "BldgFront": 28.0, "BldgDepth": 32.0, "Ext": "EG", "ProxCode": "1", "IrrLotCode": "N", "LotType": "5", "BsmtCode": "2", "AssessLand": 10740.0, "AssessTot": 39840.0, "ExemptTot": 0.0, "YearBuilt": 1920, "YearAlter1": 0, "YearAlter2": 0, "HistDist": null, "Landmark": null, "BuiltFAR": 0.34, "ResidFAR": 0.75, "CommFAR": 0.0, "FacilFAR": 1.0, "BoroCode": 2, "BBL": 2051340031.0, "CondoNo": 0, "Tract2010": "0302", "XCoord": 1032407, "YCoord": 253159, "ZoneMap": "4a", "ZMCode": null, "Sanborn": "218 056", "TaxMap": "21710", "EDesigNum": null, "APPBBL": 0.0, "APPDate": null, "PLUTOMapID": "1", "FIRM07_FLA": null, "PFIRM15_FL": null, "Version": "25v4", "DCPEdited": null, "Latitude": 40.8614063, "Longitude": -73.8259025, "Notes": null, "Shape_Leng": 0.0, "Shape_Area": 4898.6659828000002 }, "geometry": { "type": "MultiPolygon", "coordinates": [ [ [ [ -73.825702761979556, 40.861396963798029 ], [ -73.826028539916479, 40.861291428311446 ], [ -73.826100239174494, 40.861417407395002 ], [ -73.825774459416706, 40.8615229412394 ], [ -73.825702761979556, 40.861396963798029 ] ] ] ] } },
{ "type": "Feature", "properties": { "Borough": "BX", "Block": 5134, "Lot": 33, "CD": 210, "BCT2020": "2030201", "BCTCB2020": "20302011002", "CT2010": "302", "CB2010": "3002", "SchoolDist": "11", "Council": 12, "ZipCode": 10475, "FireComp": "E066", "PolicePrct": 45, "HealthCent": 24, "HealthArea": 710, "Sanitboro": "2", "SanitDistr": "10", "SanitSub": "1D", "Address": "2312 PALMER AVENUE", "ZoneDist1": "R3A", "ZoneDist2": null, "ZoneDist3": null, "ZoneDist4": null, "Overlay1": null, "Overlay2": null, "SPDist1": null, "SPDist2": null, "SPDist3": null, "LtdHeight": null, "SplitZone": "N", "BldgClass": "A2", "LandUse": "01", "Easements": 0, "OwnerType": null, "OwnerName": "CAMARILLO, NARCISO", "LotArea": 4750, "BldgArea": 890, "ComArea": 0, "ResArea": 890, "OfficeArea": 0, "RetailArea": 0, "GarageArea": 0, "StrgeArea": 0, "FactryArea": 0, "OtherArea": 0, "AreaSource": "2", "NumBldgs": 1, "NumFloors": 1.5, "UnitsRes": 1, "UnitsTotal": 1, "LotFront": 50.0, "LotDepth": 95.0, "BldgFront": 41.0, "BldgDepth": 44.0, "Ext": "G", "ProxCode": "1", "IrrLotCode": "N", "LotType": "5", "BsmtCode": "2", "AssessLand": 10920.0, "AssessTot": 31680.0, "ExemptTot": 0.0, "YearBuilt": 1948, "YearAlter1": 0, "YearAlter2": 0, "HistDist": null, "Landmark": null, "BuiltFAR": 0.19, "ResidFAR": 0.75, "CommFAR": 0.0, "FacilFAR": 1.0, "BoroCode": 2, "BBL": 2051340033.0, "CondoNo": 0, "Tract2010": "0302", "XCoord": 1032387, "YCoord": 253204, "ZoneMap": "4a", "ZMCode": null, "Sanborn": "218 056", "TaxMap": "21710", "EDesigNum": null, "APPBBL": 0.0, "APPDate": null, "PLUTOMapID": "1", "FIRM07_FLA": null, "PFIRM15_FL": null, "Version": "25v4", "DCPEdited": null, "Latitude": 40.8615299, "Longitude": -73.8259745, "Notes": null, "Shape_Leng": 0.0, "Shape_Area": 4775.9370265999996 }, "geometry": { "type": "MultiPolygon", "coordinates": [ [ [ [ -73.825844360223812, 40.861645763401349 ], [ -73.825774459416706, 40.8615229412394 ], [ -73.826100239174494, 40.861417407395002 ], [ -73.826170141573996, 40.861540229363676 ], [ -73.825844360223812, 40.861645763401349 ] ] ] ] } },
{ "type": "Feature", "properties": { "Borough": "BX", "Block": 5134, "Lot": 35, "CD": 210, "BCT2020": "2030201", "BCTCB2020": "20302011002", "CT2010": "302", "CB2010": "3002", "SchoolDist": "11", "Council": 12, "ZipCode": 10475, "FireComp": "E066", "PolicePrct": 45, "HealthCent": 24, "HealthArea": 710, "Sanitboro": "2", "SanitDistr": "10", "SanitSub": "1D", "Address": "2313 PALMER AVENUE", "ZoneDist1": "R3A", "ZoneDist2": null, "ZoneDist3": null, "ZoneDist4": null, "Overlay1": null, "Overlay2": null, "SPDist1": null, "SPDist2": null, "SPDist3": null, "LtdHeight": null, "SplitZone": "N", "BldgClass": "G0", "LandUse": "10", "Easements": 0, "OwnerType": null, "OwnerName": "AYALA, ROBERTO JR.", "LotArea": 2375, "BldgArea": 0, "ComArea": 0, "ResArea": 0, "OfficeArea": 0, "RetailArea": 0, "GarageArea": 0, "StrgeArea": 0, "FactryArea": 0, "OtherArea": 0, "AreaSource": "7", "NumBldgs": 1, "NumFloors": 0.0, "UnitsRes": 0, "UnitsTotal": 0, "LotFront": 25.0, "LotDepth": 95.0, "BldgFront": 0.0, "BldgDepth": 0.0, "Ext": "N", "ProxCode": "0", "IrrLotCode": "N", "LotType": "5", "BsmtCode": "5", "AssessLand": 7800.0, "AssessTot": 18300.0, "ExemptTot": 0.0, "YearBuilt": 1948, "YearAlter1": 0, "YearAlter2": 0, "HistDist": null, "Landmark": null, "BuiltFAR": 0.0, "ResidFAR": 0.75, "CommFAR": 0.0, "FacilFAR": 1.0, "BoroCode": 2, "BBL": 2051340034.9999998, "CondoNo": 0, "Tract2010": "0302", "XCoord": 1032372, "YCoord": 253238, "ZoneMap": "4a", "ZMCode": null, "Sanborn": "218 056", "TaxMap": "21710", "EDesigNum": null, "APPBBL": 0.0, "APPDate": null, "PLUTOMapID": "1", "FIRM07_FLA": null, "PFIRM15_FL": null, "Version": "25v4", "DCPEdited": null, "Latitude": 40.8616233, "Longitude": -73.8260284, "Notes": null, "Shape_Leng": 0.0, "Shape_Area": 2449.3746579 }, "geometry": { "type": "MultiPolygon", "coordinates": [ [ [ [ -73.825880210992011, 40.861708753045285 ], [ -73.825844360223812, 40.861645763401349 ], [ -73.826170141573996, 40.861540229363676 ], [ -73.826205991379879, 40.861603219743408 ], [ -73.825880210992011, 40.861708753045285 ] ] ] ] } },
{ "type": "Feature", "properties": { "Borough": "BX", "Block": 5134, "Lot": 36, "CD": 210, "BCT2020": "2030201", "BCTCB2020": "20302011002", "CT2010": "302", "CB2010": "3002", "SchoolDist": "11", "Council": 12, "ZipCode": 10475, "FireComp": "E066", "PolicePrct": 45, "HealthCent": 24, "HealthArea": 710, "Sanitboro": "2", "SanitDistr": "10", "SanitSub": "1D", "Address": "2314 PALMER AVENUE", "ZoneDist1": "R3A", "ZoneDist2": null, "ZoneDist3": null, "ZoneDist4": null, "Overlay1": null, "Overlay2": null, "SPDist1": null, "SPDist2": null, "SPDist3": null, "LtdHeight": null, "SplitZone": "N", "BldgClass": "A2", "LandUse": "01", "Easements": 0, "OwnerType": null, "OwnerName": "AYALA, ROBERTO JR.", "LotArea": 2375, "BldgArea": 1256, "ComArea": 0, "ResArea": 628, "OfficeArea": 0, "RetailArea": 0, "GarageArea": 0, "StrgeArea": 0, "FactryArea": 0, "OtherArea": 0, "AreaSource": "2", "NumBldgs": 1, "NumFloors": 1.5, "UnitsRes": 1, "UnitsTotal": 1, "LotFront": 25.0, "LotDepth": 95.0, "BldgFront": 20.0, "BldgDepth": 29.0, "Ext": "N", "ProxCode": "1", "IrrLotCode": "N", "LotType": "5", "BsmtCode": "1", "AssessLand": 9420.0, "AssessTot": 41160.0, "ExemptTot": 0.0, "YearBuilt": 1931, "YearAlter1": 0, "YearAlter2": 0, "HistDist": null, "Landmark": null, "BuiltFAR": 0.53, "ResidFAR": 0.75, "CommFAR": 0.0, "FacilFAR": 1.0, "BoroCode": 2, "BBL": 2051340036.0, "CondoNo": 0, "Tract2010": "0302", "XCoord": 1032362, "YCoord": 253262, "ZoneMap": "4a", "ZMCode": null, "Sanborn": "218 056", "TaxMap": "21710", "EDesigNum": null, "APPBBL": 0.0, "APPDate": null, "PLUTOMapID": "1", "FIRM07_FLA": null, "PFIRM15_FL": null, "Version": "25v4", "DCPEdited": null, "Latitude": 40.8616893, "Longitude": -73.8260644, "Notes": null, "Shape_Leng": 0.0, "Shape_Area": 2578.7700215999998 }, "geometry": { "type": "MultiPolygon", "coordinates": [ [ [ [ -73.825880210992011, 40.861708753045285 ], [ -73.826205991379879, 40.861603219743408 ], [ -73.82624373502739, 40.861669536733075 ], [ -73.825917954369871, 40.86177507189786 ], [ -73.825880210992011, 40.861708753045285 ] ] ] ] } },
{ "type": "Feature", "properties": { "Borough": "BX", "Block": 5134, "Lot": 37, "CD": 210, "BCT2020": "2030201", "BCTCB2020": "20302011002", "CT2010": "302", "CB2010": "3002", "SchoolDist": "11", "Council": 12, "ZipCode": 10475, "FireComp": "E066", "PolicePrct": 45, "HealthCent": 24, "HealthArea": 710, "Sanitboro": "2", "SanitDistr": "10", "SanitSub": "1D", "Address": "PALMER AVENUE", "ZoneDist1": "R3A", "ZoneDist2": null, "ZoneDist3": null, "ZoneDist4": null, "Overlay1": null, "Overlay2": null, "SPDist1": null, "SPDist2": null, "SPDist3": null, "LtdHeight": null, "SplitZone": "N", "BldgClass": "V0", "LandUse": "11", "Easements": 0, "OwnerType": null, "OwnerName": "AYALA, ROBERTO JR.", "LotArea": 2375, "BldgArea": 0, "ComArea": 0, "ResArea": 0, "OfficeArea": 0, "RetailArea": 0, "GarageArea": 0, "StrgeArea": 0, "FactryArea": 0, "OtherArea": 0, "AreaSource": "7", "NumBldgs": 0, "NumFloors": 0.0, "UnitsRes": 0, "UnitsTotal": 0, "LotFront": 25.0, "LotDepth": 95.0, "BldgFront": 0.0, "BldgDepth": 0.0, "Ext": null, "ProxCode": "0", "IrrLotCode": "N", "LotType": "5", "BsmtCode": "5", "AssessLand": 5580.0, "AssessTot": 5580.0, "ExemptTot": 0.0, "YearBuilt": 0, "YearAlter1": 0, "YearAlter2": 0, "HistDist": null, "Landmark": null, "BuiltFAR": 0.0, "ResidFAR": 0.75, "CommFAR": 0.0, "FacilFAR": 1.0, "BoroCode": 2, "BBL": 2051340037.0, "CondoNo": 0, "Tract2010": "0302", "XCoord": 1032352, "YCoord": 253284, "ZoneMap": "4a", "ZMCode": null, "Sanborn": "218 056", "TaxMap": "21710", "EDesigNum": null, "APPBBL": 0.0, "APPDate": null, "PLUTOMapID": "1", "FIRM07_FLA": null, "PFIRM15_FL": null, "Version": "25v4", "DCPEdited": null, "Latitude": 40.8617497, "Longitude": -73.8261004, "Notes": null, "Shape_Leng": 0.0, "Shape_Area": 2206.1777738000001 }, "geometry": { "type": "MultiPolygon", "coordinates": [ [ [ [ -73.825917954369871, 40.86177507189786 ], [ -73.82624373502739, 40.861669536733075 ], [ -73.826276025244709, 40.861726273242901 ], [ -73.825950243261289, 40.861831807574717 ], [ -73.825917954369871, 40.86177507189786 ] ] ] ] } },
{ "type": "Feature", "properties": { "Borough": "BX", "Block": 5134, "Lot": 40, "CD": 210, "BCT2020": "2030201", "BCTCB2020": "20302011002", "CT2010": "302", "CB2010": "3002", "SchoolDist": "11", "Council": 12, "ZipCode": 10475, "FireComp": "E066", "PolicePrct": 45, "HealthCent": 24, "HealthArea": 710, "Sanitboro": "2", "SanitDistr": "10", "SanitSub": "1D", "Address": "2336 PALMER AVENUE", "ZoneDist1": "R3A", "ZoneDist2": null, "ZoneDist3": null, "ZoneDist4": null, "Overlay1": null, "Overlay2": null, "SPDist1": null, "SPDist2": null, "SPDist3": null, "LtdHeight": null, "SplitZone": "N", "BldgClass": "A1", "LandUse": "01", "Easements": 0, "OwnerType": null, "OwnerName": "LARRY, HASHIMU", "LotArea": 2375, "BldgArea": 2300, "ComArea": 0, "ResArea": 1600, "OfficeArea": 0, "RetailArea": 0, "GarageArea": 0, "StrgeArea": 0, "FactryArea": 0, "OtherArea": 0, "AreaSource": "2", "NumBldgs": 1, "NumFloors": 2.0, "UnitsRes": 1, "UnitsTotal": 1, "LotFront": 25.0, "LotDepth": 95.0, "BldgFront": 15.0, "BldgDepth": 20.0, "Ext": "N", "ProxCode": "1", "IrrLotCode": "N", "LotType": "5", "BsmtCode": "1", "AssessLand": 7800.0, "AssessTot": 49560.0, "ExemptTot": 0.0, "YearBuilt": 1934, "YearAlter1": 0, "YearAlter2": 0, "HistDist": null, "Landmark": null, "BuiltFAR": 0.97, "ResidFAR": 0.75, "CommFAR": 0.0, "FacilFAR": 1.0, "BoroCode": 2, "BBL": 2051340039.9999998, "CondoNo": 0, "Tract2010": "0302", "XCoord": 1032322, "YCoord": 253353, "ZoneMap": "4a", "ZMCode": null, "Sanborn": "218 056", "TaxMap": "21710", "EDesigNum": null, "APPBBL": 0.0, "APPDate": null, "PLUTOMapID": "1", "FIRM07_FLA": "1", "PFIRM15_FL": null, "Version": "25v4", "DCPEdited": null, "Latitude": 40.8619392, "Longitude": -73.8262084, "Notes": null, "Shape_Leng": 0.0, "Shape_Area": 2520.1522212 }, "geometry": { "type": "MultiPolygon", "coordinates": [ [ [ [ -73.82602360758122, 40.86196071224844 ], [ -73.826349388978926, 40.861855176790307 ], [ -73.826386274589026, 40.861919987748728 ], [ -73.826060492932953, 40.862025522389672 ], [ -73.826052059315629, 40.862010703716734 ], [ -73.82602360758122, 40.86196071224844 ] ] ] ] } },
{ "type": "Feature", "properties": { "Borough": "BX", "Block": 5134, "Lot": 41, "CD": 210, "BCT2020": "2030201", "BCTCB2020": "20302011002", "CT2010": "302", "CB2010": "3002", "SchoolDist": "11", "Council": 12, "ZipCode": 10475, "FireComp": "E066", "PolicePrct": 45, "HealthCent": 24, "HealthArea": 710, "Sanitboro": "2", "SanitDistr": "10", "SanitSub": "1D", "Address": "2338 PALMER AVENUE", "ZoneDist1": "R3A", "ZoneDist2": null, "ZoneDist3": null, "ZoneDist4": null, "Overlay1": null, "Overlay2": null, "SPDist1": null, "SPDist2": null, "SPDist3": null, "LtdHeight": null, "SplitZone": "N", "BldgClass": "A2", "LandUse": "01", "Easements": 0, "OwnerType": null, "OwnerName": "K.ASIEDU, HENRY", "LotArea": 2375, "BldgArea": 1804, "ComArea": 0, "ResArea": 1804, "OfficeArea": 0, "RetailArea": 0, "GarageArea": 0, "StrgeArea": 0, "FactryArea": 0, "OtherArea": 0, "AreaSource": "2", "NumBldgs": 1, "NumFloors": 1.0, "UnitsRes": 1, "UnitsTotal": 1, "LotFront": 25.0, "LotDepth": 95.0, "BldgFront": 15.0, "BldgDepth": 33.0, "Ext": "EG", "ProxCode": "1", "IrrLotCode": "N", "LotType": "5", "BsmtCode": "2", "AssessLand": 8940.0, "AssessTot": 41760.0, "ExemptTot": 12480.0, "YearBuilt": 1934, "YearAlter1": 0, "YearAlter2": 0, "HistDist": null, "Landmark": null, "BuiltFAR": 0.76, "ResidFAR": 0.75, "CommFAR": 0.0, "FacilFAR": 1.0, "BoroCode": 2, "BBL": 2051340041.0, "CondoNo": 0, "Tract2010": "0302", "XCoord": 1032312, "YCoord": 253376, "ZoneMap": "4a", "ZMCode": null, "Sanborn": "218 056", "TaxMap": "21710", "EDesigNum": null, "APPBBL": 0.0, "APPDate": null, "PLUTOMapID": "1", "FIRM07_FLA": "1", "PFIRM15_FL": null, "Version": "25v4", "DCPEdited": null, "Latitude": 40.8620024, "Longitude": -73.8262444, "Notes": null, "Shape_Leng": 0.0, "Shape_Area": 2378.5637812 }, "geometry": { "type": "MultiPolygon", "coordinates": [ [ [ [ -73.826060492932953, 40.862025522389672 ], [ -73.826386274589026, 40.861919987748728 ], [ -73.826421089340116, 40.861981156582075 ], [ -73.826095306227472, 40.86208669140337 ], [ -73.826060492932953, 40.862025522389672 ] ] ] ] } },
{ "type": "Feature", "properties": { "Borough": "BX", "Block": 5134, "Lot": 42, "CD": 210, "BCT2020": "2030201", "BCTCB2020": "20302011002", "CT2010": "302", "CB2010": "3002", "SchoolDist": "11", "Council": 12, "ZipCode": 10475, "FireComp": "E066", "PolicePrct": 45, "HealthCent": 24, "HealthArea": 710, "Sanitboro": "2", "SanitDistr": "10", "SanitSub": "1D", "Address": "2350 PALMER AVENUE", "ZoneDist1": "R3A", "ZoneDist2": null, "ZoneDist3": null, "ZoneDist4": null, "Overlay1": null, "Overlay2": null, "SPDist1": null, "SPDist2": null, "SPDist3": null, "LtdHeight": null, "SplitZone": "N", "BldgClass": "M1", "LandUse": "08", "Easements": 0, "OwnerType": "X", "OwnerName": "IGLESIA EVANGELICA COOP", "LotArea": 18086, "BldgArea": 16389, "ComArea": 16389, "ResArea": 0, "OfficeArea": 0, "RetailArea": 0, "GarageArea": 0, "StrgeArea": 0, "FactryArea": 0, "OtherArea": 16389, "AreaSource": "2", "NumBldgs": 1, "NumFloors": 1.0, "UnitsRes": 0, "UnitsTotal": 1, "LotFront": 50.0, "LotDepth": 190.0, "BldgFront": 65.0, "BldgDepth": 80.0, "Ext": "N", "ProxCode": "1", "IrrLotCode": "Y", "LotType": "3", "BsmtCode": "0", "AssessLand": 138600.0, "AssessTot": 1477350.0, "ExemptTot": 1477350.0, "YearBuilt": 2002, "YearAlter1": 0, "YearAlter2": 0, "HistDist": null, "Landmark": null, "BuiltFAR": 0.91, "ResidFAR": 0.75, "CommFAR": 0.0, "FacilFAR": 1.0, "BoroCode": 2, "BBL": 2051340042.0, "CondoNo": 0, "Tract2010": "0302", "XCoord": 1032353, "YCoord": 253471, "ZoneMap": "4a", "ZMCode": null, "Sanborn": "218 056", "TaxMap": "21710", "EDesigNum": null, "APPBBL": 0.0, "APPDate": null, "PLUTOMapID": "1", "FIRM07_FLA": "1", "PFIRM15_FL": null, "Version": "25v4", "DCPEdited": null, "Latitude": 40.8622629, "Longitude": -73.8260955, "Notes": null, "Shape_Leng": 0.0, "Shape_Area": 18991.679568899999 }, "geometry": { "type": "MultiPolygon", "coordinates": [ [ [ [ -73.825766041545279, 40.862193352780046 ], [ -73.826095306227472, 40.86208669140337 ], [ -73.826421089340116, 40.861981156582075 ], [ -73.826494571664441, 40.862110267349642 ], [ -73.826168818913416, 40.862215793386596 ], [ -73.826256554190266, 40.862369945063691 ], [ -73.826097080926232, 40.862543683368614 ], [ -73.825980336430291, 40.862581499835862 ], [ -73.825766041545279, 40.862193352780046 ] ] ] ] } },
{ "type": "Feature", "properties": { "Borough": "BX", "Block": 5134, "Lot": 64, "CD": 210, "BCT2020": "2030201", "BCTCB2020": "20302011002", "CT2010": "302", "CB2010": "3002", "SchoolDist": "11", "Council": 12, "ZipCode": 10475, "FireComp": "E066", "PolicePrct": 45, "HealthCent": 24, "HealthArea": 710, "Sanitboro": "2", "SanitDistr": "10", "SanitSub": "1D", "Address": "2331 BOLLER AVENUE", "ZoneDist1": "R3A", "ZoneDist2": null, "ZoneDist3": null, "ZoneDist4": null, "Overlay1": null, "Overlay2": null, "SPDist1": null, "SPDist2": null, "SPDist3": null, "LtdHeight": null, "SplitZone": "N", "BldgClass": "A2", "LandUse": "01", "Easements": 0, "OwnerType": null, "OwnerName": "RODRIGUEZ, ANIBAL", "LotArea": 2961, "BldgArea": 1653, "ComArea": 0, "ResArea": 909, "OfficeArea": 0, "RetailArea": 0, "GarageArea": 0, "StrgeArea": 0, "FactryArea": 0, "OtherArea": 0, "AreaSource": "2", "NumBldgs": 2, "NumFloors": 1.5, "UnitsRes": 1, "UnitsTotal": 1, "LotFront": 31.17, "LotDepth": 95.0, "BldgFront": 25.0, "BldgDepth": 30.0, "Ext": "G", "ProxCode": "1", "IrrLotCode": "N", "LotType": "5", "BsmtCode": "1", "AssessLand": 10500.0, "AssessTot": 44280.0, "ExemptTot": 1420.0, "YearBuilt": 1925, "YearAlter1": 0, "YearAlter2": 0, "HistDist": null, "Landmark": null, "BuiltFAR": 0.56, "ResidFAR": 0.75, "CommFAR": 0.0, "FacilFAR": 1.0, "BoroCode": 2, "BBL": 2051340064.0, "CondoNo": 0, "Tract2010": "0302", "XCoord": 1032404, "YCoord": 253412, "ZoneMap": "4a", "ZMCode": null, "Sanborn": "218 056", "TaxMap": "21710", "EDesigNum": null, "APPBBL": 0.0, "APPDate": null, "PLUTOMapID": "1", "FIRM07_FLA": "1", "PFIRM15_FL": null, "Version": "25v4", "DCPEdited": null, "Latitude": 40.8621007, "Longitude": -73.8259115, "Notes": null, "Shape_Leng": 0.0, "Shape_Area": 2981.34837 }, "geometry": { "type": "MultiPolygon", "coordinates": [ [ [ [ -73.825723894163261, 40.862117010080354 ], [ -73.826052059315629, 40.862010703716734 ], [ -73.826060492932953, 40.862025522389672 ], [ -73.826095306227472, 40.86208669140337 ], [ -73.825766041545279, 40.862193352780046 ], [ -73.825723894163261, 40.862117010080354 ] ] ] ] } },
{ "type": "Feature", "properties": { "Borough": "BX", "Block": 5134, "Lot": 65, "CD": 210, "BCT2020": "2030201", "BCTCB2020": "20302011002", "CT2010": "302", "CB2010": "3002", "SchoolDist": "11", "Council": 12, "ZipCode": 10475, "FireComp": "E066", "PolicePrct": 45, "HealthCent": 24, "HealthArea": 710, "Sanitboro": "2", "SanitDistr": "10", "SanitSub": "1D", "Address": "2329 BOLLER AVENUE", "ZoneDist1": "R3A", "ZoneDist2": null, "ZoneDist3": null, "ZoneDist4": null, "Overlay1": null, "Overlay2": null, "SPDist1": null, "SPDist2": null, "SPDist3": null, "LtdHeight": null, "SplitZone": "N", "BldgClass": "A2", "LandUse": "01", "Easements": 0, "OwnerType": null, "OwnerName": "IMAFIDON, EDGAL A", "LotArea": 2961, "BldgArea": 1653, "ComArea": 0, "ResArea": 909, "OfficeArea": 0, "RetailArea": 0, "GarageArea": 0, "StrgeArea": 0, "FactryArea": 0, "OtherArea": 0, "AreaSource": "2", "NumBldgs": 2, "NumFloors": 1.5, "UnitsRes": 1, "UnitsTotal": 1, "LotFront": 31.17, "LotDepth": 95.0, "BldgFront": 25.0, "BldgDepth": 30.0, "Ext": "G", "ProxCode": "1", "IrrLotCode": "N", "LotType": "5", "BsmtCode": "1", "AssessLand": 10500.0, "AssessTot": 44280.0, "ExemptTot": 0.0, "YearBuilt": 1925, "YearAlter1": 0, "YearAlter2": 0, "HistDist": null, "Landmark": null, "BuiltFAR": 0.56, "ResidFAR": 0.75, "CommFAR": 0.0, "FacilFAR": 1.0, "BoroCode": 2, "BBL": 2051340065.0, "CondoNo": 0, "Tract2010": "0302", "XCoord": 1032416, "YCoord": 253384, "ZoneMap": "4a", "ZMCode": null, "Sanborn": "218 056", "TaxMap": "21710", "EDesigNum": null, "APPBBL": 0.0, "APPDate": null, "PLUTOMapID": "1", "FIRM07_FLA": "1", "PFIRM15_FL": null, "Version": "25v4", "DCPEdited": null, "Latitude": 40.8620238, "Longitude": -73.8258683, "Notes": null, "Shape_Leng": 0.0, "Shape_Area": 3070.6580605 }, "geometry": { "type": "MultiPolygon", "coordinates": [ [ [ [ -73.825723894163261, 40.862117010080354 ], [ -73.825680335064419, 40.862038112378912 ], [ -73.826007365054593, 40.86193217361005 ], [ -73.82602360758122, 40.86196071224844 ], [ -73.826052059315629, 40.862010703716734 ], [ -73.825723894163261, 40.862117010080354 ] ] ] ] } },
{ "type": "Feature", "properties": { "Borough": "BX", "Block": 5134, "Lot": 67, "CD": 210, "BCT2020": "2030201", "BCTCB2020": "20302011002", "CT2010": "302", "CB2010": "3002", "SchoolDist": "11", "Council": 12, "ZipCode": 10475, "FireComp": "E066", "PolicePrct": 45, "HealthCent": 24, "HealthArea": 710, "Sanitboro": "2", "SanitDistr": "10", "SanitSub": "1D", "Address": "2327 BOLLER AVENUE", "ZoneDist1": "R3A", "ZoneDist2": null, "ZoneDist3": null, "ZoneDist4": null, "Overlay1": null, "Overlay2": null, "SPDist1": null, "SPDist2": null, "SPDist3": null, "LtdHeight": null, "SplitZone": "N", "BldgClass": "B3", "LandUse": "01", "Easements": 0, "OwnerType": null, "OwnerName": "JONES, STEVEN", "LotArea": 2961, "BldgArea": 1653, "ComArea": 0, "ResArea": 909, "OfficeArea": 0, "RetailArea": 0, "GarageArea": 0, "StrgeArea": 0, "FactryArea": 0, "OtherArea": 0, "AreaSource": "2", "NumBldgs": 2, "NumFloors": 1.5, "UnitsRes": 2, "UnitsTotal": 2, "LotFront": 31.17, "LotDepth": 95.0, "BldgFront": 25.0, "BldgDepth": 30.0, "Ext": "EG", "ProxCode": "1", "IrrLotCode": "N", "LotType": "5", "BsmtCode": "1", "AssessLand": 9960.0, "AssessTot": 38880.0, "ExemptTot": 1420.0, "YearBuilt": 1925, "YearAlter1": 0, "YearAlter2": 0, "HistDist": null, "Landmark": null, "BuiltFAR": 0.56, "ResidFAR": 0.75, "CommFAR": 0.0, "FacilFAR": 1.0, "BoroCode": 2, "BBL": 2051340066.9999998, "CondoNo": 0, "Tract2010": "0302", "XCoord": 1032429, "YCoord": 253354, "ZoneMap": "4a", "ZMCode": null, "Sanborn": "218 056", "TaxMap": "21710", "EDesigNum": null, "APPBBL": 0.0, "APPDate": null, "PLUTOMapID": "1", "FIRM07_FLA": "1", "PFIRM15_FL": null, "Version": "25v4", "DCPEdited": null, "Latitude": 40.8619414, "Longitude": -73.8258215, "Notes": null, "Shape_Leng": 0.0, "Shape_Area": 3257.4311905 }, "geometry": { "type": "MultiPolygon", "coordinates": [ [ [ [ -73.825959783038698, 40.861848568477043 ], [ -73.825987757753154, 40.861897722653637 ], [ -73.826007365054593, 40.86193217361005 ], [ -73.825680335064419, 40.862038112378912 ], [ -73.825633960582181, 40.861954114487418 ], [ -73.825959783038698, 40.861848568477043 ] ] ] ] } },
{ "type": "Feature", "properties": { "Borough": "BX", "Block": 5134, "Lot": 68, "CD": 210, "BCT2020": "2030201", "BCTCB2020": "20302011002", "CT2010": "302", "CB2010": "3002", "SchoolDist": "11", "Council": 12, "ZipCode": 10475, "FireComp": "E066", "PolicePrct": 45, "HealthCent": 24, "HealthArea": 710, "Sanitboro": "2", "SanitDistr": "10", "SanitSub": "1D", "Address": "2325 BOLLER AVENUE", "ZoneDist1": "R3A", "ZoneDist2": null, "ZoneDist3": null, "ZoneDist4": null, "Overlay1": null, "Overlay2": null, "SPDist1": null, "SPDist2": null, "SPDist3": null, "LtdHeight": null, "SplitZone": "N", "BldgClass": "A2", "LandUse": "01", "Easements": 0, "OwnerType": null, "OwnerName": "TORRES, OMAR", "LotArea": 2961, "BldgArea": 1859, "ComArea": 0, "ResArea": 1115, "OfficeArea": 0, "RetailArea": 0, "GarageArea": 0, "StrgeArea": 0, "FactryArea": 0, "OtherArea": 0, "AreaSource": "2", "NumBldgs": 2, "NumFloors": 1.75, "UnitsRes": 1, "UnitsTotal": 1, "LotFront": 31.17, "LotDepth": 95.0, "BldgFront": 25.0, "BldgDepth": 30.0, "Ext": "EG", "ProxCode": "1", "IrrLotCode": "N", "LotType": "5", "BsmtCode": "1", "AssessLand": 9840.0, "AssessTot": 42120.0, "ExemptTot": 0.0, "YearBuilt": 1925, "YearAlter1": 0, "YearAlter2": 0, "HistDist": null, "Landmark": null, "BuiltFAR": 0.63, "ResidFAR": 0.75, "CommFAR": 0.0, "FacilFAR": 1.0, "BoroCode": 2, "BBL": 2051340068.0, "CondoNo": 0, "Tract2010": "0302", "XCoord": 1032441, "YCoord": 253326, "ZoneMap": "4a", "ZMCode": null, "Sanborn": "218 056", "TaxMap": "21710", "EDesigNum": null, "APPBBL": 0.0, "APPDate": null, "PLUTOMapID": "1", "FIRM07_FLA": "1", "PFIRM15_FL": null, "Version": "25v4", "DCPEdited": null, "Latitude": 40.8618645, "Longitude": -73.8257784, "Notes": null, "Shape_Leng": 0.0, "Shape_Area": 2853.5912927 }, "geometry": { "type": "MultiPolygon", "coordinates": [ [ [ [ -73.825593193598721, 40.861880274470295 ], [ -73.825917954369871, 40.86177507189786 ], [ -73.825950243261289, 40.861831807574717 ], [ -73.825959783038698, 40.861848568477043 ], [ -73.825633960582181, 40.861954114487418 ], [ -73.825593193598721, 40.861880274470295 ] ] ] ] } },
{ "type": "Feature", "properties": { "Borough": "BX", "Block": 5134, "Lot": 70, "CD": 210, "BCT2020": "2030201", "BCTCB2020": "20302011002", "CT2010": "302", "CB2010": "3002", "SchoolDist": "11", "Council": 12, "ZipCode": 10475, "FireComp": "E066", "PolicePrct": 45, "HealthCent": 24, "HealthArea": 710, "Sanitboro": "2", "SanitDistr": "10", "SanitSub": "1D", "Address": "2319 BOLLER AVENUE", "ZoneDist1": "R3A", "ZoneDist2": null, "ZoneDist3": null, "ZoneDist4": null, "Overlay1": null, "Overlay2": null, "SPDist1": null, "SPDist2": null, "SPDist3": null, "LtdHeight": null, "SplitZone": "N", "BldgClass": "A2", "LandUse": "01", "Easements": 0, "OwnerType": null, "OwnerName": "CHOI, HARRY K", "LotArea": 7125, "BldgArea": 1480, "ComArea": 0, "ResArea": 1480, "OfficeArea": 0, "RetailArea": 0, "GarageArea": 0, "StrgeArea": 0, "FactryArea": 0, "OtherArea": 0, "AreaSource": "2", "NumBldgs": 1, "NumFloors": 1.5, "UnitsRes": 1, "UnitsTotal": 1, "LotFront": 75.0, "LotDepth": 95.0, "BldgFront": 36.0, "BldgDepth": 24.0, "Ext": "N", "ProxCode": "1", "IrrLotCode": "N", "LotType": "5", "BsmtCode": "2", "AssessLand": 12840.0, "AssessTot": 49680.0, "ExemptTot": 0.0, "YearBuilt": 1947, "YearAlter1": 0, "YearAlter2": 0, "HistDist": null, "Landmark": null, "BuiltFAR": 0.21, "ResidFAR": 0.75, "CommFAR": 0.0, "FacilFAR": 1.0, "BoroCode": 2, "BBL": 2051340070.0, "CondoNo": 0, "Tract2010": "0302", "XCoord": 1032472, "YCoord": 253254, "ZoneMap": "4a", "ZMCode": null, "Sanborn": "218 056", "TaxMap": "21710", "EDesigNum": null, "APPBBL": 0.0, "APPDate": null, "PLUTOMapID": "1", "FIRM07_FLA": null, "PFIRM15_FL": null, "Version": "25v4", "DCPEdited": null, "Latitude": 40.8616667, "Longitude": -73.8256668, "Notes": null, "Shape_Leng": 0.0, "Shape_Area": 7151.6098530999998 }, "geometry": { "type": "MultiPolygon", "coordinates": [ [ [ [ -73.825774459416706, 40.8615229412394 ], [ -73.825844360223812, 40.861645763401349 ], [ -73.825880210992011, 40.861708753045285 ], [ -73.825556408430259, 40.861813645418287 ], [ -73.825453344049365, 40.861626962148264 ], [ -73.825774459416706, 40.8615229412394 ] ] ] ] } },
{ "type": "Feature", "properties": { "Borough": "BX", "Block": 5134, "Lot": 73, "CD": 210, "BCT2020": "2030201", "BCTCB2020": "20302011002", "CT2010": "302", "CB2010": "3002", "SchoolDist": "11", "Council": 12, "ZipCode": 10475, "FireComp": "E066", "PolicePrct": 45, "HealthCent": 24, "HealthArea": 710, "Sanitboro": "2", "SanitDistr": "10", "SanitSub": "1D", "Address": "2305 BOLLER AVENUE", "ZoneDist1": "R3A", "ZoneDist2": null, "ZoneDist3": null, "ZoneDist4": null, "Overlay1": null, "Overlay2": null, "SPDist1": null, "SPDist2": null, "SPDist3": null, "LtdHeight": null, "SplitZone": "N", "BldgClass": "B3", "LandUse": "01", "Easements": 0, "OwnerType": null, "OwnerName": "OCASIO, ANTONIO", "LotArea": 7125, "BldgArea": 1584, "ComArea": 0, "ResArea": 1584, "OfficeArea": 0, "RetailArea": 0, "GarageArea": 0, "StrgeArea": 0, "FactryArea": 0, "OtherArea": 0, "AreaSource": "2", "NumBldgs": 2, "NumFloors": 2.0, "UnitsRes": 2, "UnitsTotal": 2, "LotFront": 75.0, "LotDepth": 95.0, "BldgFront": 18.0, "BldgDepth": 38.0, "Ext": "G", "ProxCode": "1", "IrrLotCode": "N", "LotType": "5", "BsmtCode": "2", "AssessLand": 16200.0, "AssessTot": 55080.0, "ExemptTot": 28960.0, "YearBuilt": 1925, "YearAlter1": 0, "YearAlter2": 0, "HistDist": null, "Landmark": null, "BuiltFAR": 0.22, "ResidFAR": 0.75, "CommFAR": 0.0, "FacilFAR": 1.0, "BoroCode": 2, "BBL": 2051340073.0, "CondoNo": 0, "Tract2010": "0302", "XCoord": 1032502, "YCoord": 253184, "ZoneMap": "4a", "ZMCode": null, "Sanborn": "218 056", "TaxMap": "21710", "EDesigNum": null, "APPBBL": 0.0, "APPDate": null, "PLUTOMapID": "1", "FIRM07_FLA": null, "PFIRM15_FL": null, "Version": "25v4", "DCPEdited": null, "Latitude": 40.8614744, "Longitude": -73.8255588, "Notes": null, "Shape_Leng": 0.0, "Shape_Area": 7594.9229120999998 }, "geometry": { "type": "MultiPolygon", "coordinates": [ [ [ [ -73.825342938938832, 40.861426982708672 ], [ -73.825661175955076, 40.861323893391521 ], [ -73.825702761979556, 40.861396963798029 ], [ -73.825774459416706, 40.8615229412394 ], [ -73.825453344049365, 40.861626962148264 ], [ -73.825342938938832, 40.861426982708672 ] ] ] ] } },
{ "type": "Feature", "properties": { "Borough": "BX", "Block": 5134, "Lot": 80, "CD": 210, "BCT2020": "2030201", "BCTCB2020": "20302011004", "CT2010": "302", "CB2010": "3007", "SchoolDist": "11", "Council": 12, "ZipCode": 10475, "FireComp": "E066", "PolicePrct": 45, "HealthCent": 24, "HealthArea": 710, "Sanitboro": "2", "SanitDistr": "10", "SanitSub": "1D", "Address": "2200 PALMER AVENUE", "ZoneDist1": "R3A", "ZoneDist2": null, "ZoneDist3": null, "ZoneDist4": null, "Overlay1": null, "Overlay2": null, "SPDist1": null, "SPDist2": null, "SPDist3": null, "LtdHeight": null, "SplitZone": "N", "BldgClass": "A2", "LandUse": "01", "Easements": 0, "OwnerType": null, "OwnerName": "CONSTANTINI, ALEXIS R", "LotArea": 2375, "BldgArea": 600, "ComArea": 0, "ResArea": 600, "OfficeArea": 0, "RetailArea": 0, "GarageArea": 0, "StrgeArea": 0, "FactryArea": 0, "OtherArea": 0, "AreaSource": "2", "NumBldgs": 1, "NumFloors": 1.0, "UnitsRes": 1, "UnitsTotal": 1, "LotFront": 25.0, "LotDepth": 95.0, "BldgFront": 20.0, "BldgDepth": 30.0, "Ext": "N", "ProxCode": "1", "IrrLotCode": "N", "LotType": "5", "BsmtCode": "2", "AssessLand": 8880.0, "AssessTot": 26460.0, "ExemptTot": 0.0, "YearBuilt": 1915, "YearAlter1": 0, "YearAlter2": 0, "HistDist": null, "Landmark": null, "BuiltFAR": 0.25, "ResidFAR": 0.75, "CommFAR": 0.0, "FacilFAR": 1.0, "BoroCode": 2, "BBL": 2051340080.0, "CondoNo": 0, "Tract2010": "0302", "XCoord": 1032579, "YCoord": 252756, "ZoneMap": "4a", "ZMCode": null, "Sanborn": "218 056", "TaxMap": "21710", "EDesigNum": null, "APPBBL": 0.0, "APPDate": null, "PLUTOMapID": "1", "FIRM07_FLA": null, "PFIRM15_FL": null, "Version": "25v4", "DCPEdited": null, "Latitude": 40.8602993, "Longitude": -73.8252836, "Notes": null, "Shape_Leng": 0.0, "Shape_Area": 2501.2877125999998 }, "geometry": { "type": "MultiPolygon", "coordinates": [ [ [ [ -73.825140922857884, 40.860383911684636 ], [ -73.825103195342464, 40.860317561044674 ], [ -73.825186390865412, 40.860291007433197 ], [ -73.82541969154515, 40.860216549833019 ], [ -73.825457444107968, 40.860282943659513 ], [ -73.825140922857884, 40.860383911684636 ] ] ] ] } },
{ "type": "Feature", "properties": { "Borough": "BX", "Block": 5134, "Lot": 81, "CD": 210, "BCT2020": "2030201", "BCTCB2020": "20302011004", "CT2010": "302", "CB2010": "3007", "SchoolDist": "11", "Council": 12, "ZipCode": 10475, "FireComp": "E066", "PolicePrct": 45, "HealthCent": 24, "HealthArea": 710, "Sanitboro": "2", "SanitDistr": "10", "SanitSub": "1D", "Address": "2202 PALMER AVENUE", "ZoneDist1": "R3A", "ZoneDist2": null, "ZoneDist3": null, "ZoneDist4": null, "Overlay1": null, "Overlay2": null, "SPDist1": null, "SPDist2": null, "SPDist3": null, "LtdHeight": null, "SplitZone": "N", "BldgClass": "A2", "LandUse": "01", "Easements": 0, "OwnerType": null, "OwnerName": "TORRES, JASMIN G", "LotArea": 2375, "BldgArea": 1140, "ComArea": 0, "ResArea": 1140, "OfficeArea": 0, "RetailArea": 0, "GarageArea": 0, "StrgeArea": 0, "FactryArea": 0, "OtherArea": 0, "AreaSource": "2", "NumBldgs": 1, "NumFloors": 1.75, "UnitsRes": 1, "UnitsTotal": 1, "LotFront": 25.0, "LotDepth": 95.0, "BldgFront": 20.0, "BldgDepth": 33.0, "Ext": "E", "ProxCode": "1", "IrrLotCode": "N", "LotType": "5", "BsmtCode": "2", "AssessLand": 8940.0, "AssessTot": 38940.0, "ExemptTot": 1420.0, "YearBuilt": 1915, "YearAlter1": 0, "YearAlter2": 0, "HistDist": null, "Landmark": null, "BuiltFAR": 0.48, "ResidFAR": 0.75, "CommFAR": 0.0, "FacilFAR": 1.0, "BoroCode": 2, "BBL": 2051340081.0, "CondoNo": 0, "Tract2010": "0302", "XCoord": 1032569, "YCoord": 252780, "ZoneMap": "4a", "ZMCode": null, "Sanborn": "218 056", "TaxMap": "21710", "EDesigNum": null, "APPBBL": 0.0, "APPDate": null, "PLUTOMapID": "1", "FIRM07_FLA": null, "PFIRM15_FL": null, "Version": "25v4", "DCPEdited": null, "Latitude": 40.8603652, "Longitude": -73.8253195, "Notes": null, "Shape_Leng": 0.0, "Shape_Area": 2371.0054034999998 }, "geometry": { "type": "MultiPolygon", "coordinates": [ [ [ [ -73.825176709613515, 40.860446847422416 ], [ -73.825140922857884, 40.860383911684636 ], [ -73.825457444107968, 40.860282943659513 ], [ -73.825493208626042, 40.860345838776553 ], [ -73.825176709613515, 40.860446847422416 ] ] ] ] } },
{ "type": "Feature", "properties": { "Borough": "BX", "Block": 5134, "Lot": 107, "CD": 210, "BCT2020": "2030201", "BCTCB2020": "20302011004", "CT2010": "302", "CB2010": "3007", "SchoolDist": "11", "Council": 12, "ZipCode": 10475, "FireComp": "E066", "PolicePrct": 45, "HealthCent": 24, "HealthArea": 710, "Sanitboro": "2", "SanitDistr": "10", "SanitSub": "1D", "Address": "2232 PALMER AVENUE", "ZoneDist1": "R3A", "ZoneDist2": null, "ZoneDist3": null, "ZoneDist4": null, "Overlay1": null, "Overlay2": null, "SPDist1": null, "SPDist2": null, "SPDist3": null, "LtdHeight": null, "SplitZone": "N", "BldgClass": "B1", "LandUse": "01", "Easements": 0, "OwnerType": null, "OwnerName": "ROBLES, YOLANDA", "LotArea": 3800, "BldgArea": 2280, "ComArea": 0, "ResArea": 2280, "OfficeArea": 0, "RetailArea": 0, "GarageArea": 0, "StrgeArea": 0, "FactryArea": 0, "OtherArea": 0, "AreaSource": "2", "NumBldgs": 1, "NumFloors": 2.0, "UnitsRes": 2, "UnitsTotal": 2, "LotFront": 40.0, "LotDepth": 95.0, "BldgFront": 26.0, "BldgDepth": 44.0, "Ext": "N", "ProxCode": "2", "IrrLotCode": "N", "LotType": "5", "BsmtCode": "2", "AssessLand": 13020.0, "AssessTot": 68280.0, "ExemptTot": 0.0, "YearBuilt": 2005, "YearAlter1": 0, "YearAlter2": 0, "HistDist": null, "Landmark": null, "BuiltFAR": 0.6, "ResidFAR": 0.75, "CommFAR": 0.0, "FacilFAR": 1.0, "BoroCode": 2, "BBL": 2051340107.0, "CondoNo": 0, "Tract2010": "0302", "XCoord": 1032502, "YCoord": 252934, "ZoneMap": "4a", "ZMCode": null, "Sanborn": "215 056", "TaxMap": "21710", "EDesigNum": null, "APPBBL": 2051340009.0, "APPDate": "02/08/2006", "PLUTOMapID": "1", "FIRM07_FLA": null, "PFIRM15_FL": null, "Version": "25v4", "DCPEdited": null, "Latitude": 40.8607882, "Longitude": -73.8255606, "Notes": null, "Shape_Leng": 0.0, "Shape_Area": 3571.6053521 }, "geometry": { "type": "MultiPolygon", "coordinates": [ [ [ [ -73.825390523152038, 40.86082286895428 ], [ -73.825372689830857, 40.86079150842135 ], [ -73.825689190299101, 40.860690498323201 ], [ -73.825743081473448, 40.860785272048737 ], [ -73.82542657953438, 40.860886282291268 ], [ -73.825390523152038, 40.86082286895428 ] ] ] ] } },
{ "type": "Feature", "properties": { "Borough": "BX", "Block": 5134, "Lot": 109, "CD": 210, "BCT2020": "2030201", "BCTCB2020": "20302011004", "CT2010": "302", "CB2010": "3007", "SchoolDist": "11", "Council": 12, "ZipCode": 10475, "FireComp": "E066", "PolicePrct": 45, "HealthCent": 24, "HealthArea": 710, "Sanitboro": "2", "SanitDistr": "10", "SanitSub": "1D", "Address": "2234 PALMER AVENUE", "ZoneDist1": "R3A", "ZoneDist2": null, "ZoneDist3": null, "ZoneDist4": null, "Overlay1": null, "Overlay2": null, "SPDist1": null, "SPDist2": null, "SPDist3": null, "LtdHeight": null, "SplitZone": "N", "BldgClass": "B1", "LandUse": "01", "Easements": 0, "OwnerType": null, "OwnerName": "2234 PALMER AVE LLC", "LotArea": 3800, "BldgArea": 2280, "ComArea": 0, "ResArea": 2280, "OfficeArea": 0, "RetailArea": 0, "GarageArea": 0, "StrgeArea": 0, "FactryArea": 0, "OtherArea": 0, "AreaSource": "2", "NumBldgs": 2, "NumFloors": 2.0, "UnitsRes": 2, "UnitsTotal": 2, "LotFront": 40.0, "LotDepth": 95.0, "BldgFront": 26.0, "BldgDepth": 44.0, "Ext": "N", "ProxCode": "2", "IrrLotCode": "N", "LotType": "5", "BsmtCode": "2", "AssessLand": 13140.0, "AssessTot": 68280.0, "ExemptTot": 0.0, "YearBuilt": 2005, "YearAlter1": 0, "YearAlter2": 0, "HistDist": null, "Landmark": null, "BuiltFAR": 0.6, "ResidFAR": 0.75, "CommFAR": 0.0, "FacilFAR": 1.0, "BoroCode": 2, "BBL": 2051340109.0000002, "CondoNo": 0, "Tract2010": "0302", "XCoord": 1032486, "YCoord": 252971, "ZoneMap": "4a", "ZMCode": null, "Sanborn": "218 056", "TaxMap": "21710", "EDesigNum": null, "APPBBL": 2051340009.0, "APPDate": "02/08/2006", "PLUTOMapID": "1", "FIRM07_FLA": null, "PFIRM15_FL": null, "Version": "25v4", "DCPEdited": null, "Latitude": 40.8608899, "Longitude": -73.8256182, "Notes": null, "Shape_Leng": 0.0, "Shape_Area": 4145.5291675999997 }, "geometry": { "type": "MultiPolygon", "coordinates": [ [ [ [ -73.825463338420803, 40.86095092496123 ], [ -73.82543983796738, 40.860909597188083 ], [ -73.82542657953438, 40.860886282291268 ], [ -73.825743081473448, 40.860785272048737 ], [ -73.825805631693783, 40.860895275382163 ], [ -73.82548913164193, 40.860996284877629 ], [ -73.825463338420803, 40.86095092496123 ] ] ] ] } },
{ "type": "Feature", "properties": { "Borough": "BX", "Block": 5134, "Lot": 122, "CD": 210, "BCT2020": "2030201", "BCTCB2020": "20302011004", "CT2010": "302", "CB2010": "3007", "SchoolDist": "11", "Council": 12, "ZipCode": 10475, "FireComp": "E066", "PolicePrct": 45, "HealthCent": 24, "HealthArea": 710, "Sanitboro": "2", "SanitDistr": "10", "SanitSub": "1D", "Address": "2223 BOLLER AVENUE", "ZoneDist1": "R3A", "ZoneDist2": null, "ZoneDist3": null, "ZoneDist4": null, "Overlay1": null, "Overlay2": null, "SPDist1": null, "SPDist2": null, "SPDist3": null, "LtdHeight": null, "SplitZone": "N", "BldgClass": "B1", "LandUse": "01", "Easements": 0, "OwnerType": null, "OwnerName": "GIL, FRANKLIN", "LotArea": 3681, "BldgArea": 1800, "ComArea": 0, "ResArea": 1800, "OfficeArea": 0, "RetailArea": 0, "GarageArea": 0, "StrgeArea": 0, "FactryArea": 0, "OtherArea": 0, "AreaSource": "2", "NumBldgs": 1, "NumFloors": 2.0, "UnitsRes": 2, "UnitsTotal": 2, "LotFront": 38.5, "LotDepth": 95.0, "BldgFront": 22.5, "BldgDepth": 40.0, "Ext": "N", "ProxCode": "2", "IrrLotCode": "N", "LotType": "5", "BsmtCode": "2", "AssessLand": 11580.0, "AssessTot": 43320.0, "ExemptTot": 23080.0, "YearBuilt": 2001, "YearAlter1": 0, "YearAlter2": 0, "HistDist": null, "Landmark": null, "BuiltFAR": 0.49, "ResidFAR": 0.75, "CommFAR": 0.0, "FacilFAR": 1.0, "BoroCode": 2, "BBL": 2051340122.0, "CondoNo": 0, "Tract2010": "0302", "XCoord": 1032631, "YCoord": 252878, "ZoneMap": "4a", "ZMCode": null, "Sanborn": "218 056", "TaxMap": "21710", "EDesigNum": null, "APPBBL": 2051340024.0000002, "APPDate": "11/30/2001", "PLUTOMapID": "1", "FIRM07_FLA": null, "PFIRM15_FL": null, "Version": "25v4", "DCPEdited": null, "Latitude": 40.8606338, "Longitude": -73.8250947, "Notes": null, "Shape_Leng": 0.0, "Shape_Area": 3397.436855 }, "geometry": { "type": "MultiPolygon", "coordinates": [ [ [ [ -73.825279244861107, 40.8606271717711 ], [ -73.824957649208102, 40.860729806447132 ], [ -73.824907911928307, 40.860640728889862 ], [ -73.82522873447752, 40.86053834080785 ], [ -73.825247228825759, 40.860570866731322 ], [ -73.825279244861107, 40.8606271717711 ] ] ] ] } },
{ "type": "Feature", "properties": { "Borough": "BX", "Block": 5134, "Lot": 124, "CD": 210, "BCT2020": "2030201", "BCTCB2020": "20302011004", "CT2010": "302", "CB2010": "3007", "SchoolDist": "11", "Council": 12, "ZipCode": 10475, "FireComp": "E066", "PolicePrct": 45, "HealthCent": 24, "HealthArea": 710, "Sanitboro": "2", "SanitDistr": "10", "SanitSub": "1D", "Address": "2219 BOLLER AVENUE", "ZoneDist1": "R3A", "ZoneDist2": null, "ZoneDist3": null, "ZoneDist4": null, "Overlay1": null, "Overlay2": null, "SPDist1": null, "SPDist2": null, "SPDist3": null, "LtdHeight": null, "SplitZone": "N", "BldgClass": "B2", "LandUse": "01", "Easements": 0, "OwnerType": null, "OwnerName": "DOCE, ABEL G. JR.", "LotArea": 3681, "BldgArea": 1800, "ComArea": 0, "ResArea": 1800, "OfficeArea": 0, "RetailArea": 0, "GarageArea": 0, "StrgeArea": 0, "FactryArea": 0, "OtherArea": 0, "AreaSource": "2", "NumBldgs": 1, "NumFloors": 2.0, "UnitsRes": 2, "UnitsTotal": 2, "LotFront": 38.75, "LotDepth": 95.0, "BldgFront": 22.5, "BldgDepth": 40.0, "Ext": "N", "ProxCode": "2", "IrrLotCode": "N", "LotType": "5", "BsmtCode": "2", "AssessLand": 11640.0, "AssessTot": 43320.0, "ExemptTot": 0.0, "YearBuilt": 2001, "YearAlter1": 0, "YearAlter2": 0, "HistDist": null, "Landmark": null, "BuiltFAR": 0.49, "ResidFAR": 0.75, "CommFAR": 0.0, "FacilFAR": 1.0, "BoroCode": 2, "BBL": 2051340124.0, "CondoNo": 0, "Tract2010": "0302", "XCoord": 1032654, "YCoord": 252823, "ZoneMap": "4a", "ZMCode": null, "Sanborn": "218 056", "TaxMap": "21710", "EDesigNum": null, "APPBBL": 2051340023.0, "APPDate": "11/30/2001", "PLUTOMapID": "1", "FIRM07_FLA": null, "PFIRM15_FL": null, "Version": "25v4", "DCPEdited": null, "Latitude": 40.8604827, "Longitude": -73.8250119, "Notes": null, "Shape_Leng": 0.0, "Shape_Area": 3783.8712142999998 }, "geometry": { "type": "MultiPolygon", "coordinates": [ [ [ [ -73.825140922857884, 40.860383911684636 ], [ -73.825176709613515, 40.860446847422416 ], [ -73.82519740810811, 40.860483247008766 ], [ -73.824877064186225, 40.860585481798246 ], [ -73.8248214447203, 40.860485869385407 ], [ -73.825140922857884, 40.860383911684636 ] ] ] ] } },
{ "type": "Feature", "properties": { "Borough": "BX", "Block": 5134, "Lot": 215, "CD": 210, "BCT2020": "2030201", "BCTCB2020": "20302011004", "CT2010": "302", "CB2010": "3007", "SchoolDist": "11", "Council": 12, "ZipCode": 10475, "FireComp": "E066", "PolicePrct": 45, "HealthCent": 24, "HealthArea": 710, "Sanitboro": "2", "SanitDistr": "10", "SanitSub": "1D", "Address": "2198 PALMER AVENUE", "ZoneDist1": "R3A", "ZoneDist2": null, "ZoneDist3": null, "ZoneDist4": null, "Overlay1": null, "Overlay2": null, "SPDist1": null, "SPDist2": null, "SPDist3": null, "LtdHeight": null, "SplitZone": "N", "BldgClass": "B3", "LandUse": "01", "Easements": 0, "OwnerType": null, "OwnerName": "BOATENG, KENRICK", "LotArea": 2748, "BldgArea": 1649, "ComArea": 0, "ResArea": 1649, "OfficeArea": 0, "RetailArea": 0, "GarageArea": 0, "StrgeArea": 0, "FactryArea": 0, "OtherArea": 0, "AreaSource": "2", "NumBldgs": 1, "NumFloors": 2.0, "UnitsRes": 2, "UnitsTotal": 2, "LotFront": 39.25, "LotDepth": 70.0, "BldgFront": 22.09, "BldgDepth": 42.0, "Ext": "N", "ProxCode": "1", "IrrLotCode": "N", "LotType": "3", "BsmtCode": "2", "AssessLand": 7680.0, "AssessTot": 47880.0, "ExemptTot": 0.0, "YearBuilt": 1915, "YearAlter1": 2017, "YearAlter2": 0, "HistDist": null, "Landmark": null, "BuiltFAR": 0.6, "ResidFAR": 0.75, "CommFAR": 0.0, "FacilFAR": 1.0, "BoroCode": 2, "BBL": 2051340215.0, "CondoNo": 0, "Tract2010": "0302", "XCoord": 1032581, "YCoord": 252721, "ZoneMap": "4a", "ZMCode": null, "Sanborn": "218 056", "TaxMap": "21710", "EDesigNum": null, "APPBBL": 0.0, "APPDate": null, "PLUTOMapID": "1", "FIRM07_FLA": null, "PFIRM15_FL": null, "Version": "25v4", "DCPEdited": null, "Latitude": 40.8602032, "Longitude": -73.8252766, "Notes": null, "Shape_Leng": 0.0, "Shape_Area": 2780.6843448 }, "geometry": { "type": "MultiPolygon", "coordinates": [ [ [ [ -73.825140538413365, 40.86021036717122 ], [ -73.825129621285441, 40.860191169212669 ], [ -73.825362625428582, 40.860116188995597 ], [ -73.82541969154515, 40.860216549833019 ], [ -73.825186390865412, 40.860291007433197 ], [ -73.825140538413365, 40.86021036717122 ] ] ] ] } },
{ "type": "Feature", "properties": { "Borough": "BX", "Block": 5135, "Lot": 1, "CD": 210, "BCT2020": "2030201", "BCTCB2020": "20302011007", "CT2010": "302", "CB2010": "3008", "SchoolDist": "11", "Council": 12, "ZipCode": 10475, "FireComp": "E066", "PolicePrct": 45, "HealthCent": 24, "HealthArea": 710, "Sanitboro": "2", "SanitDistr": "10", "SanitSub": "1D", "Address": "2208 BOLLER AVENUE", "ZoneDist1": "R3A", "ZoneDist2": null, "ZoneDist3": null, "ZoneDist4": null, "Overlay1": null, "Overlay2": null, "SPDist1": null, "SPDist2": null, "SPDist3": null, "LtdHeight": null, "SplitZone": "N", "BldgClass": "V0", "LandUse": "11", "Easements": 0, "OwnerType": null, "OwnerName": "CO-OP CITY BAPTIST CHURCH", "LotArea": 7660, "BldgArea": 0, "ComArea": 0, "ResArea": 0, "OfficeArea": 0, "RetailArea": 0, "GarageArea": 0, "StrgeArea": 0, "FactryArea": 0, "OtherArea": 0, "AreaSource": "7", "NumBldgs": 0, "NumFloors": 0.0, "UnitsRes": 0, "UnitsTotal": 0, "LotFront": 40.25, "LotDepth": 190.0, "BldgFront": 0.0, "BldgDepth": 0.0, "Ext": null, "ProxCode": "0", "IrrLotCode": "N", "LotType": "3", "BsmtCode": "5", "AssessLand": 18240.0, "AssessTot": 18240.0, "ExemptTot": 0.0, "YearBuilt": 0, "YearAlter1": 0, "YearAlter2": 0, "HistDist": null, "Landmark": null, "BuiltFAR": 0.0, "ResidFAR": 0.75, "CommFAR": 0.0, "FacilFAR": 1.0, "BoroCode": 2, "BBL": 2051350001.0, "CondoNo": 0, "Tract2010": "0302", "XCoord": 1032868, "YCoord": 252848, "ZoneMap": "4a", "ZMCode": null, "Sanborn": "218 056", "TaxMap": "21710", "EDesigNum": null, "APPBBL": 2051350006.0, "APPDate": "12/05/1988", "PLUTOMapID": "1", "FIRM07_FLA": "1", "PFIRM15_FL": null, "Version": "25v4", "DCPEdited": null, "Latitude": 40.8605502, "Longitude": -73.8242381, "Notes": null, "Shape_Leng": 0.0, "Shape_Area": 7288.5486246 }, "geometry": { "type": "MultiPolygon", "coordinates": [ [ [ [ -73.824526482446402, 40.860393873868851 ], [ -73.824580160490967, 40.860489607723572 ], [ -73.824310511795503, 40.860583355347259 ], [ -73.823947763470912, 40.860709489511152 ], [ -73.823894464798968, 40.860613621673082 ], [ -73.824526482446402, 40.860393873868851 ] ] ] ] } },
{ "type": "Feature", "properties": { "Borough": "BX", "Block": 5135, "Lot": 7, "CD": 210, "BCT2020": "2030201", "BCTCB2020": "20302011007", "CT2010": "302", "CB2010": "3008", "SchoolDist": "11", "Council": 12, "ZipCode": 10475, "FireComp": "E066", "PolicePrct": 45, "HealthCent": 24, "HealthArea": 710, "Sanitboro": "2", "SanitDistr": "10", "SanitSub": "1D", "Address": "2212 BOLLER AVENUE", "ZoneDist1": "R3A", "ZoneDist2": null, "ZoneDist3": null, "ZoneDist4": null, "Overlay1": null, "Overlay2": null, "SPDist1": null, "SPDist2": null, "SPDist3": null, "LtdHeight": null, "SplitZone": "N", "BldgClass": "C0", "LandUse": "02", "Easements": 0, "OwnerType": null, "OwnerName": "BEMJAMIN, BERYL", "LotArea": 6068, "BldgArea": 3232, "ComArea": 0, "ResArea": 3232, "OfficeArea": 0, "RetailArea": 0, "GarageArea": 0, "StrgeArea": 0, "FactryArea": 0, "OtherArea": 0, "AreaSource": "2", "NumBldgs": 1, "NumFloors": 3.0, "UnitsRes": 3, "UnitsTotal": 3, "LotFront": 74.0, "LotDepth": 82.0, "BldgFront": 22.0, "BldgDepth": 52.0, "Ext": "G", "ProxCode": "1", "IrrLotCode": "N", "LotType": "5", "BsmtCode": "2", "AssessLand": 14700.0, "AssessTot": 57000.0, "ExemptTot": 0.0, "YearBuilt": 1988, "YearAlter1": 0, "YearAlter2": 0, "HistDist": null, "Landmark": null, "BuiltFAR": 0.53, "ResidFAR": 0.75, "CommFAR": 0.0, "FacilFAR": 1.0, "BoroCode": 2, "BBL": 2051350007.0, "CondoNo": 0, "Tract2010": "0302", "XCoord": 1032796, "YCoord": 252876, "ZoneMap": "4a", "ZMCode": null, "Sanborn": "218 056", "TaxMap": "21710", "EDesigNum": null, "APPBBL": 0.0, "APPDate": null, "PLUTOMapID": "1", "FIRM07_FLA": "1", "PFIRM15_FL": null, "Version": "25v4", "DCPEdited": null, "Latitude": 40.8606274, "Longitude": -73.8244982, "Notes": null, "Shape_Leng": 0.0, "Shape_Area": 6022.4604387999998 }, "geometry": { "type": "MultiPolygon", "coordinates": [ [ [ [ -73.824685523159829, 40.860677518154326 ], [ -73.824413381552574, 40.860766469742323 ], [ -73.824381469916688, 40.860709522622585 ], [ -73.824310511795503, 40.860583355347259 ], [ -73.824580160490967, 40.860489607723572 ], [ -73.824685523159829, 40.860677518154326 ] ] ] ] } },
{ "type": "Feature", "properties": { "Borough": "BX", "Block": 5135, "Lot": 11, "CD": 210, "BCT2020": "2030201", "BCTCB2020": "20302011007", "CT2010": "302", "CB2010": "3008", "SchoolDist": "11", "Council": 12, "ZipCode": 10475, "FireComp": "E066", "PolicePrct": 45, "HealthCent": 24, "HealthArea": 710, "Sanitboro": "2", "SanitDistr": "10", "SanitSub": "1D", "Address": "2222 BOLLER AVENUE", "ZoneDist1": "R3A", "ZoneDist2": null, "ZoneDist3": null, "ZoneDist4": null, "Overlay1": null, "Overlay2": null, "SPDist1": null, "SPDist2": null, "SPDist3": null, "LtdHeight": null, "SplitZone": "N", "BldgClass": "B2", "LandUse": "01", "Easements": 0, "OwnerType": null, "OwnerName": "TOMASICCHIO, CAROL A", "LotArea": 2375, "BldgArea": 2068, "ComArea": 0, "ResArea": 1600, "OfficeArea": 0, "RetailArea": 0, "GarageArea": 0, "StrgeArea": 0, "FactryArea": 0, "OtherArea": 0, "AreaSource": "2", "NumBldgs": 2, "NumFloors": 1.75, "UnitsRes": 2, "UnitsTotal": 2, "LotFront": 25.0, "LotDepth": 95.0, "BldgFront": 18.0, "BldgDepth": 26.0, "Ext": "N", "ProxCode": "1", "IrrLotCode": "N", "LotType": "5", "BsmtCode": "1", "AssessLand": 14940.0, "AssessTot": 56880.0, "ExemptTot": 4080.0, "YearBuilt": 1932, "YearAlter1": 0, "YearAlter2": 0, "HistDist": null, "Landmark": null, "BuiltFAR": 0.87, "ResidFAR": 0.75, "CommFAR": 0.0, "FacilFAR": 1.0, "BoroCode": 2, "BBL": 2051350011.0, "CondoNo": 0, "Tract2010": "0302", "XCoord": 1032782, "YCoord": 252924, "ZoneMap": "4a", "ZMCode": null, "Sanborn": "218 056", "TaxMap": "21710", "EDesigNum": null, "APPBBL": 0.0, "APPDate": null, "PLUTOMapID": "1", "FIRM07_FLA": "1", "PFIRM15_FL": null, "Version": "25v4", "DCPEdited": null, "Latitude": 40.8607593, "Longitude": -73.8245485, "Notes": null, "Shape_Leng": 0.0, "Shape_Area": 2361.2325178000001 }, "geometry": { "type": "MultiPolygon", "coordinates": [ [ [ [ -73.824372029982669, 40.860779986167181 ], [ -73.824413381552574, 40.860766469742323 ], [ -73.824685523159829, 40.860677518154326 ], [ -73.824720924775477, 40.860740652470767 ], [ -73.824407176151126, 40.860843204850781 ], [ -73.824372029982669, 40.860779986167181 ] ] ] ] } },
{ "type": "Feature", "properties": { "Borough": "BX", "Block": 5135, "Lot": 12, "CD": 210, "BCT2020": "2030201", "BCTCB2020": "20302011007", "CT2010": "302", "CB2010": "3008", "SchoolDist": "11", "Council": 12, "ZipCode": 10475, "FireComp": "E066", "PolicePrct": 45, "HealthCent": 24, "HealthArea": 710, "Sanitboro": "2", "SanitDistr": "10", "SanitSub": "1D", "Address": "2224 BOLLER AVENUE", "ZoneDist1": "R3A", "ZoneDist2": null, "ZoneDist3": null, "ZoneDist4": null, "Overlay1": null, "Overlay2": null, "SPDist1": null, "SPDist2": null, "SPDist3": null, "LtdHeight": null, "SplitZone": "N", "BldgClass": "B2", "LandUse": "01", "Easements": 0, "OwnerType": null, "OwnerName": "SIMPSON, CASSANDRA", "LotArea": 4750, "BldgArea": 2257, "ComArea": 0, "ResArea": 2257, "OfficeArea": 0, "RetailArea": 0, "GarageArea": 0, "StrgeArea": 0, "FactryArea": 0, "OtherArea": 0, "AreaSource": "2", "NumBldgs": 2, "NumFloors": 2.0, "UnitsRes": 2, "UnitsTotal": 2, "LotFront": 50.0, "LotDepth": 95.0, "BldgFront": 37.0, "BldgDepth": 29.6, "Ext": "N", "ProxCode": "1", "IrrLotCode": "N", "LotType": "5", "BsmtCode": "2", "AssessLand": 10440.0, "AssessTot": 43680.0, "ExemptTot": 0.0, "YearBuilt": 1930, "YearAlter1": 2017, "YearAlter2": 0, "HistDist": null, "Landmark": null, "BuiltFAR": 0.48, "ResidFAR": 0.75, "CommFAR": 0.0, "FacilFAR": 1.0, "BoroCode": 2, "BBL": 2051350012.0, "CondoNo": 0, "Tract2010": "0302", "XCoord": 1032767, "YCoord": 252960, "ZoneMap": "4a", "ZMCode": null, "Sanborn": "218 056", "TaxMap": "21710", "EDesigNum": null, "APPBBL": 0.0, "APPDate": null, "PLUTOMapID": "1", "FIRM07_FLA": "1", "PFIRM15_FL": null, "Version": "25v4", "DCPEdited": null, "Latitude": 40.8608581, "Longitude": -73.8246024, "Notes": null, "Shape_Leng": 0.0, "Shape_Area": 4932.6479342000002 }, "geometry": { "type": "MultiPolygon", "coordinates": [ [ [ [ -73.824407176151126, 40.860843204850781 ], [ -73.824720924775477, 40.860740652470767 ], [ -73.824794784512378, 40.860872378179927 ], [ -73.824480507219519, 40.86097510371534 ], [ -73.824407176151126, 40.860843204850781 ] ] ] ] } },
{ "type": "Feature", "properties": { "Borough": "BX", "Block": 5135, "Lot": 14, "CD": 210, "BCT2020": "2030201", "BCTCB2020": "20302011007", "CT2010": "302", "CB2010": "3008", "SchoolDist": "11", "Council": 12, "ZipCode": 10475, "FireComp": "E066", "PolicePrct": 45, "HealthCent": 24, "HealthArea": 710, "Sanitboro": "2", "SanitDistr": "10", "SanitSub": "1D", "Address": "2228 BOLLER AVENUE", "ZoneDist1": "R3A", "ZoneDist2": null, "ZoneDist3": null, "ZoneDist4": null, "Overlay1": null, "Overlay2": null, "SPDist1": null, "SPDist2": null, "SPDist3": null, "LtdHeight": null, "SplitZone": "N", "BldgClass": "B1", "LandUse": "01", "Easements": 0, "OwnerType": null, "OwnerName": "RAJI, MOHAMMED N", "LotArea": 3563, "BldgArea": 2100, "ComArea": 0, "ResArea": 2100, "OfficeArea": 0, "RetailArea": 0, "GarageArea": 0, "StrgeArea": 0, "FactryArea": 0, "OtherArea": 0, "AreaSource": "2", "NumBldgs": 1, "NumFloors": 2.0, "UnitsRes": 2, "UnitsTotal": 2, "LotFront": 37.5, "LotDepth": 95.0, "BldgFront": 21.0, "BldgDepth": 50.0, "Ext": "N", "ProxCode": "2", "IrrLotCode": "N", "LotType": "5", "BsmtCode": "1", "AssessLand": 14940.0, "AssessTot": 46320.0, "ExemptTot": 0.0, "YearBuilt": 1994, "YearAlter1": 0, "YearAlter2": 0, "HistDist": null, "Landmark": null, "BuiltFAR": 0.59, "ResidFAR": 0.75, "CommFAR": 0.0, "FacilFAR": 1.0, "BoroCode": 2, "BBL": 2051350013.9999998, "CondoNo": 0, "Tract2010": "0302", "XCoord": 1032750, "YCoord": 253000, "ZoneMap": "4a", "ZMCode": null, "Sanborn": "218 056", "TaxMap": "21710", "EDesigNum": null, "APPBBL": 2051350013.9999998, "APPDate": "02/17/1998", "PLUTOMapID": "1", "FIRM07_FLA": "1", "PFIRM15_FL": null, "Version": "25v4", "DCPEdited": null, "Latitude": 40.860968, "Longitude": -73.8246636, "Notes": null, "Shape_Leng": 0.0, "Shape_Area": 3369.9243536 }, "geometry": { "type": "MultiPolygon", "coordinates": [ [ [ [ -73.824530535772752, 40.861065087837453 ], [ -73.824480507219519, 40.86097510371534 ], [ -73.824794784512378, 40.860872378179927 ], [ -73.824845173167219, 40.860962244672791 ], [ -73.824530535772752, 40.861065087837453 ] ] ] ] } },
{ "type": "Feature", "properties": { "Borough": "BX", "Block": 5135, "Lot": 15, "CD": 210, "BCT2020": "2030201", "BCTCB2020": "20302011007", "CT2010": "302", "CB2010": "3008", "SchoolDist": "11", "Council": 12, "ZipCode": 10475, "FireComp": "E066", "PolicePrct": 45, "HealthCent": 24, "HealthArea": 710, "Sanitboro": "2", "SanitDistr": "10", "SanitSub": "1D", "Address": "2230 BOLLER AVENUE", "ZoneDist1": "R3A", "ZoneDist2": null, "ZoneDist3": null, "ZoneDist4": null, "Overlay1": null, "Overlay2": null, "SPDist1": null, "SPDist2": null, "SPDist3": null, "LtdHeight": null, "SplitZone": "N", "BldgClass": "B1", "LandUse": "01", "Easements": 0, "OwnerType": null, "OwnerName": "YARTEY CAROLINE R", "LotArea": 3563, "BldgArea": 2100, "ComArea": 0, "ResArea": 2100, "OfficeArea": 0, "RetailArea": 0, "GarageArea": 0, "StrgeArea": 0, "FactryArea": 0, "OtherArea": 0, "AreaSource": "2", "NumBldgs": 1, "NumFloors": 2.0, "UnitsRes": 2, "UnitsTotal": 2, "LotFront": 37.5, "LotDepth": 95.0, "BldgFront": 21.0, "BldgDepth": 50.0, "Ext": "N", "ProxCode": "2", "IrrLotCode": "N", "LotType": "5", "BsmtCode": "1", "AssessLand": 10980.0, "AssessTot": 46320.0, "ExemptTot": 1420.0, "YearBuilt": 1994, "YearAlter1": 0, "YearAlter2": 0, "HistDist": null, "Landmark": null, "BuiltFAR": 0.59, "ResidFAR": 0.75, "CommFAR": 0.0, "FacilFAR": 1.0, "BoroCode": 2, "BBL": 2051350015.0, "CondoNo": 0, "Tract2010": "0302", "XCoord": 1032735, "YCoord": 253034, "ZoneMap": "4a", "ZMCode": null, "Sanborn": "218 056", "TaxMap": "21710", "EDesigNum": null, "APPBBL": 2051350013.9999998, "APPDate": "02/17/1998", "PLUTOMapID": "1", "FIRM07_FLA": "1", "PFIRM15_FL": null, "Version": "25v4", "DCPEdited": null, "Latitude": 40.8610614, "Longitude": -73.8247176, "Notes": null, "Shape_Leng": 0.0, "Shape_Area": 3668.7981966000002 }, "geometry": { "type": "MultiPolygon", "coordinates": [ [ [ [ -73.824845173167219, 40.860962244672791 ], [ -73.824899966551257, 40.861059963949302 ], [ -73.824584935941147, 40.861162935331024 ], [ -73.824582944425302, 40.861159354628477 ], [ -73.824545880874936, 40.861092689682224 ], [ -73.824530535772752, 40.861065087837453 ], [ -73.824845173167219, 40.860962244672791 ] ] ] ] } },
{ "type": "Feature", "properties": { "Borough": "BX", "Block": 5135, "Lot": 17, "CD": 210, "BCT2020": "2030201", "BCTCB2020": "20302011007", "CT2010": "302", "CB2010": "3008", "SchoolDist": "11", "Council": 12, "ZipCode": 10475, "FireComp": "E066", "PolicePrct": 45, "HealthCent": 24, "HealthArea": 710, "Sanitboro": "2", "SanitDistr": "10", "SanitSub": "1D", "Address": "2232 BOLLER AVENUE", "ZoneDist1": "R3A", "ZoneDist2": null, "ZoneDist3": null, "ZoneDist4": null, "Overlay1": null, "Overlay2": null, "SPDist1": null, "SPDist2": null, "SPDist3": null, "LtdHeight": null, "SplitZone": "N", "BldgClass": "B2", "LandUse": "01", "Easements": 0, "OwnerType": null, "OwnerName": "ACEVEDO, LUIS A", "LotArea": 4275, "BldgArea": 1103, "ComArea": 0, "ResArea": 788, "OfficeArea": 0, "RetailArea": 0, "GarageArea": 0, "StrgeArea": 0, "FactryArea": 0, "OtherArea": 0, "AreaSource": "2", "NumBldgs": 2, "NumFloors": 1.5, "UnitsRes": 2, "UnitsTotal": 2, "LotFront": 45.0, "LotDepth": 95.0, "BldgFront": 23.0, "BldgDepth": 26.0, "Ext": "EG", "ProxCode": "1", "IrrLotCode": "N", "LotType": "3", "BsmtCode": "1", "AssessLand": 10500.0, "AssessTot": 35520.0, "ExemptTot": 0.0, "YearBuilt": 1915, "YearAlter1": 0, "YearAlter2": 0, "HistDist": null, "Landmark": null, "BuiltFAR": 0.26, "ResidFAR": 0.75, "CommFAR": 0.0, "FacilFAR": 1.0, "BoroCode": 2, "BBL": 2051350017.0, "CondoNo": 0, "Tract2010": "0302", "XCoord": 1032719, "YCoord": 253071, "ZoneMap": "4a", "ZMCode": null, "Sanborn": "218 056", "TaxMap": "21710", "EDesigNum": null, "APPBBL": 0.0, "APPDate": null, "PLUTOMapID": "1", "FIRM07_FLA": "1", "PFIRM15_FL": null, "Version": "25v4", "DCPEdited": null, "Latitude": 40.8611631, "Longitude": -73.8247752, "Notes": null, "Shape_Leng": 0.0, "Shape_Area": 3947.537979 }, "geometry": { "type": "MultiPolygon", "coordinates": [ [ [ [ -73.824584935941147, 40.861162935331024 ], [ -73.824899966551257, 40.861059963949302 ], [ -73.824958847185215, 40.861164972495644 ], [ -73.824643393444376, 40.861268080342292 ], [ -73.824584935941147, 40.861162935331024 ] ] ] ] } },
{ "type": "Feature", "properties": { "Borough": "BX", "Block": 5135, "Lot": 20, "CD": 210, "BCT2020": "2030201", "BCTCB2020": "20302011007", "CT2010": "302", "CB2010": "3008", "SchoolDist": "11", "Council": 12, "ZipCode": 10475, "FireComp": "E066", "PolicePrct": 45, "HealthCent": 24, "HealthArea": 710, "Sanitboro": "2", "SanitDistr": "10", "SanitSub": "1D", "Address": "2237 HUNTER AVENUE", "ZoneDist1": "R3A", "ZoneDist2": null, "ZoneDist3": null, "ZoneDist4": null, "Overlay1": null, "Overlay2": null, "SPDist1": null, "SPDist2": null, "SPDist3": null, "LtdHeight": null, "SplitZone": "N", "BldgClass": "B1", "LandUse": "01", "Easements": 0, "OwnerType": null, "OwnerName": "VALERA, CARLOS", "LotArea": 4418, "BldgArea": 1900, "ComArea": 0, "ResArea": 1900, "OfficeArea": 0, "RetailArea": 0, "GarageArea": 0, "StrgeArea": 0, "FactryArea": 0, "OtherArea": 0, "AreaSource": "2", "NumBldgs": 2, "NumFloors": 2.0, "UnitsRes": 2, "UnitsTotal": 2, "LotFront": 46.5, "LotDepth": 95.0, "BldgFront": 25.0, "BldgDepth": 38.0, "Ext": "N", "ProxCode": "2", "IrrLotCode": "N", "LotType": "3", "BsmtCode": "2", "AssessLand": 12600.0, "AssessTot": 40500.0, "ExemptTot": 0.0, "YearBuilt": 2001, "YearAlter1": 0, "YearAlter2": 0, "HistDist": null, "Landmark": null, "BuiltFAR": 0.43, "ResidFAR": 0.75, "CommFAR": 0.0, "FacilFAR": 1.0, "BoroCode": 2, "BBL": 2051350020.0, "CondoNo": 0, "Tract2010": "0302", "XCoord": 1032808, "YCoord": 253109, "ZoneMap": "4a", "ZMCode": null, "Sanborn": "218 056", "TaxMap": "21710", "EDesigNum": null, "APPBBL": 2051350020.0, "APPDate": "01/30/2003", "PLUTOMapID": "1", "FIRM07_FLA": "1", "PFIRM15_FL": null, "Version": "25v4", "DCPEdited": null, "Latitude": 40.8612669, "Longitude": -73.8244531, "Notes": null, "Shape_Leng": 0.0, "Shape_Area": 4219.4507918999998 }, "geometry": { "type": "MultiPolygon", "coordinates": [ [ [ [ -73.824257083910183, 40.861265863882629 ], [ -73.824582944425302, 40.861159354628477 ], [ -73.824584935941147, 40.861162935331024 ], [ -73.824643393444376, 40.861268080342292 ], [ -73.824317531389454, 40.861374590600938 ], [ -73.824257083910183, 40.861265863882629 ] ] ] ] } },
{ "type": "Feature", "properties": { "Borough": "BX", "Block": 5135, "Lot": 21, "CD": 210, "BCT2020": "2030201", "BCTCB2020": "20302011007", "CT2010": "302", "CB2010": "3008", "SchoolDist": "11", "Council": 12, "ZipCode": 10475, "FireComp": "E066", "PolicePrct": 45, "HealthCent": 24, "HealthArea": 710, "Sanitboro": "2", "SanitDistr": "10", "SanitSub": "1D", "Address": "2235 HUNTER AVENUE", "ZoneDist1": "R3A", "ZoneDist2": null, "ZoneDist3": null, "ZoneDist4": null, "Overlay1": null, "Overlay2": null, "SPDist1": null, "SPDist2": null, "SPDist3": null, "LtdHeight": null, "SplitZone": "N", "BldgClass": "B1", "LandUse": "01", "Easements": 0, "OwnerType": null, "OwnerName": "ROBINSON, FERN J", "LotArea": 2565, "BldgArea": 1900, "ComArea": 0, "ResArea": 1900, "OfficeArea": 0, "RetailArea": 0, "GarageArea": 0, "StrgeArea": 0, "FactryArea": 0, "OtherArea": 0, "AreaSource": "2", "NumBldgs": 1, "NumFloors": 2.0, "UnitsRes": 2, "UnitsTotal": 2, "LotFront": 27.0, "LotDepth": 95.0, "BldgFront": 25.0, "BldgDepth": 38.0, "Ext": "N", "ProxCode": "3", "IrrLotCode": "N", "LotType": "5", "BsmtCode": "2", "AssessLand": 11460.0, "AssessTot": 39780.0, "ExemptTot": 1420.0, "YearBuilt": 2001, "YearAlter1": 0, "YearAlter2": 0, "HistDist": null, "Landmark": null, "BuiltFAR": 0.74, "ResidFAR": 0.75, "CommFAR": 0.0, "FacilFAR": 1.0, "BoroCode": 2, "BBL": 2051350021.0, "CondoNo": 0, "Tract2010": "0302", "XCoord": 1032822, "YCoord": 253077, "ZoneMap": "4a", "ZMCode": null, "Sanborn": "218 056", "TaxMap": "21710", "EDesigNum": null, "APPBBL": 2051350020.0, "APPDate": "01/30/2003", "PLUTOMapID": "1", "FIRM07_FLA": "1", "PFIRM15_FL": null, "Version": "25v4", "DCPEdited": null, "Latitude": 40.861179, "Longitude": -73.8244028, "Notes": null, "Shape_Leng": 0.0, "Shape_Area": 2587.1198074 }, "geometry": { "type": "MultiPolygon", "coordinates": [ [ [ [ -73.824220021840986, 40.861199198752431 ], [ -73.824545880874936, 40.861092689682224 ], [ -73.824582944425302, 40.861159354628477 ], [ -73.824257083910183, 40.861265863882629 ], [ -73.824220021840986, 40.861199198752431 ] ] ] ] } },
{ "type": "Feature", "properties": { "Borough": "BX", "Block": 5135, "Lot": 25, "CD": 210, "BCT2020": "2030201", "BCTCB2020": "20302011007", "CT2010": "302", "CB2010": "3008", "SchoolDist": "11", "Council": 12, "ZipCode": 10475, "FireComp": "E066", "PolicePrct": 45, "HealthCent": 24, "HealthArea": 710, "Sanitboro": "2", "SanitDistr": "10", "SanitSub": "1D", "Address": "2211 HUNTER AVENUE", "ZoneDist1": "R3A", "ZoneDist2": null, "ZoneDist3": null, "ZoneDist4": null, "Overlay1": null, "Overlay2": null, "SPDist1": null, "SPDist2": null, "SPDist3": null, "LtdHeight": null, "SplitZone": "N", "BldgClass": "V0", "LandUse": "11", "Easements": 0, "OwnerType": null, "OwnerName": "GO HUNTER LLC", "LotArea": 4750, "BldgArea": 0, "ComArea": 0, "ResArea": 0, "OfficeArea": 0, "RetailArea": 0, "GarageArea": 0, "StrgeArea": 0, "FactryArea": 0, "OtherArea": 0, "AreaSource": "7", "NumBldgs": 0, "NumFloors": 0.0, "UnitsRes": 0, "UnitsTotal": 0, "LotFront": 50.0, "LotDepth": 95.0, "BldgFront": 0.0, "BldgDepth": 0.0, "Ext": null, "ProxCode": "0", "IrrLotCode": "N", "LotType": "5", "BsmtCode": "5", "AssessLand": 10980.0, "AssessTot": 10980.0, "ExemptTot": 0.0, "YearBuilt": 0, "YearAlter1": 0, "YearAlter2": 0, "HistDist": null, "Landmark": null, "BuiltFAR": 0.0, "ResidFAR": 0.75, "CommFAR": 0.0, "FacilFAR": 1.0, "BoroCode": 2, "BBL": 2051350025.0, "CondoNo": 0, "Tract2010": "0302", "XCoord": 1032855, "YCoord": 252998, "ZoneMap": "4a", "ZMCode": null, "Sanborn": "218 056", "TaxMap": "21710", "EDesigNum": null, "APPBBL": 0.0, "APPDate": null, "PLUTOMapID": "1", "FIRM07_FLA": "1", "PFIRM15_FL": null, "Version": "25v4", "DCPEdited": null, "Latitude": 40.860962, "Longitude": -73.824284, "Notes": null, "Shape_Leng": 0.0, "Shape_Area": 5118.698304 }, "geometry": { "type": "MultiPolygon", "coordinates": [ [ [ [ -73.824154647445994, 40.861081611680021 ], [ -73.824081318118431, 40.860949712614165 ], [ -73.824407176151126, 40.860843204850781 ], [ -73.824480507219519, 40.86097510371534 ], [ -73.824154647445994, 40.861081611680021 ] ] ] ] } },
{ "type": "Feature", "properties": { "Borough": "BX", "Block": 5135, "Lot": 30, "CD": 210, "BCT2020": "2030201", "BCTCB2020": "20302011007", "CT2010": "302", "CB2010": "3008", "SchoolDist": "11", "Council": 12, "ZipCode": 10475, "FireComp": "E066", "PolicePrct": 45, "HealthCent": 24, "HealthArea": 710, "Sanitboro": "2", "SanitDistr": "10", "SanitSub": "1D", "Address": "2205 HUNTER AVENUE", "ZoneDist1": "R3A", "ZoneDist2": null, "ZoneDist3": null, "ZoneDist4": null, "Overlay1": null, "Overlay2": null, "SPDist1": null, "SPDist2": null, "SPDist3": null, "LtdHeight": null, "SplitZone": "N", "BldgClass": "C0", "LandUse": "02", "Easements": 0, "OwnerType": null, "OwnerName": "RICHARDS, MARIO T", "LotArea": 5200, "BldgArea": 3232, "ComArea": 0, "ResArea": 3232, "OfficeArea": 0, "RetailArea": 0, "GarageArea": 0, "StrgeArea": 0, "FactryArea": 0, "OtherArea": 0, "AreaSource": "2", "NumBldgs": 1, "NumFloors": 3.0, "UnitsRes": 3, "UnitsTotal": 3, "LotFront": 51.5, "LotDepth": 95.0, "BldgFront": 22.0, "BldgDepth": 52.0, "Ext": "G", "ProxCode": "2", "IrrLotCode": "Y", "LotType": "5", "BsmtCode": "2", "AssessLand": 12420.0, "AssessTot": 70380.0, "ExemptTot": 0.0, "YearBuilt": 1988, "YearAlter1": 0, "YearAlter2": 0, "HistDist": null, "Landmark": null, "BuiltFAR": 0.62, "ResidFAR": 0.75, "CommFAR": 0.0, "FacilFAR": 1.0, "BoroCode": 2, "BBL": 2051350029.9999998, "CondoNo": 0, "Tract2010": "0302", "XCoord": 1032873, "YCoord": 252949, "ZoneMap": "4a", "ZMCode": null, "Sanborn": "218 056", "TaxMap": "21710", "EDesigNum": null, "APPBBL": 0.0, "APPDate": null, "PLUTOMapID": "1", "FIRM07_FLA": "1", "PFIRM15_FL": null, "Version": "25v4", "DCPEdited": null, "Latitude": 40.8608274, "Longitude": -73.8242193, "Notes": null, "Shape_Leng": 0.0, "Shape_Area": 5285.5271001000001 }, "geometry": { "type": "MultiPolygon", "coordinates": [ [ [ [ -73.824265093491647, 40.860734582453802 ], [ -73.824381469916688, 40.860709522622585 ], [ -73.824413381552574, 40.860766469742323 ], [ -73.824372029982669, 40.860779986167181 ], [ -73.824407176151126, 40.860843204850781 ], [ -73.824081318118431, 40.860949712614165 ], [ -73.824010857670842, 40.86082297770745 ], [ -73.824265093491647, 40.860734582453802 ] ] ] ] } },
{ "type": "Feature", "properties": { "Borough": "BX", "Block": 5135, "Lot": 31, "CD": 210, "BCT2020": "2030201", "BCTCB2020": "20302011007", "CT2010": "302", "CB2010": "3008", "SchoolDist": "11", "Council": 12, "ZipCode": 10475, "FireComp": "E066", "PolicePrct": 45, "HealthCent": 24, "HealthArea": 710, "Sanitboro": "2", "SanitDistr": "10", "SanitSub": "1D", "Address": "2203 HUNTER AVENUE", "ZoneDist1": "R3A", "ZoneDist2": null, "ZoneDist3": null, "ZoneDist4": null, "Overlay1": null, "Overlay2": null, "SPDist1": null, "SPDist2": null, "SPDist3": null, "LtdHeight": null, "SplitZone": "N", "BldgClass": "C0", "LandUse": "02", "Easements": 0, "OwnerType": null, "OwnerName": "AHMED, NAVEED", "LotArea": 4825, "BldgArea": 3232, "ComArea": 0, "ResArea": 3232, "OfficeArea": 0, "RetailArea": 0, "GarageArea": 0, "StrgeArea": 0, "FactryArea": 0, "OtherArea": 0, "AreaSource": "2", "NumBldgs": 1, "NumFloors": 3.0, "UnitsRes": 3, "UnitsTotal": 3, "LotFront": 47.5, "LotDepth": 108.0, "BldgFront": 22.0, "BldgDepth": 52.0, "Ext": "G", "ProxCode": "2", "IrrLotCode": "Y", "LotType": "5", "BsmtCode": "2", "AssessLand": 12720.0, "AssessTot": 69480.0, "ExemptTot": 0.0, "YearBuilt": 1988, "YearAlter1": 0, "YearAlter2": 0, "HistDist": null, "Landmark": null, "BuiltFAR": 0.67, "ResidFAR": 0.75, "CommFAR": 0.0, "FacilFAR": 1.0, "BoroCode": 2, "BBL": 2051350031.0, "CondoNo": 0, "Tract2010": "0302", "XCoord": 1032888, "YCoord": 252904, "ZoneMap": "4a", "ZMCode": null, "Sanborn": "218 056", "TaxMap": "21710", "EDesigNum": null, "APPBBL": 0.0, "APPDate": null, "PLUTOMapID": "1", "FIRM07_FLA": "1", "PFIRM15_FL": null, "Version": "25v4", "DCPEdited": null, "Latitude": 40.8607038, "Longitude": -73.8241654, "Notes": null, "Shape_Leng": 0.0, "Shape_Area": 5040.0213961 }, "geometry": { "type": "MultiPolygon", "coordinates": [ [ [ [ -73.824310511795503, 40.860583355347259 ], [ -73.824381469916688, 40.860709522622585 ], [ -73.824265093491647, 40.860734582453802 ], [ -73.824010857670842, 40.86082297770745 ], [ -73.823947763470912, 40.860709489511152 ], [ -73.824310511795503, 40.860583355347259 ] ] ] ] } },
{ "type": "Feature", "properties": { "Borough": "BX", "Block": 5135, "Lot": 41, "CD": 210, "BCT2020": "2030201", "BCTCB2020": "20302011001", "CT2010": "302", "CB2010": "3001", "SchoolDist": "11", "Council": 12, "ZipCode": 10475, "FireComp": "E066", "PolicePrct": 45, "HealthCent": 24, "HealthArea": 710, "Sanitboro": "2", "SanitDistr": "10", "SanitSub": "1D", "Address": "2302 BOLLER AVENUE", "ZoneDist1": "R3A", "ZoneDist2": null, "ZoneDist3": null, "ZoneDist4": null, "Overlay1": null, "Overlay2": null, "SPDist1": null, "SPDist2": null, "SPDist3": null, "LtdHeight": null, "SplitZone": "N", "BldgClass": "A2", "LandUse": "01", "Easements": 0, "OwnerType": null, "OwnerName": "FRANCISCO PATCHECO", "LotArea": 4275, "BldgArea": 632, "ComArea": 0, "ResArea": 632, "OfficeArea": 0, "RetailArea": 0, "GarageArea": 0, "StrgeArea": 0, "FactryArea": 0, "OtherArea": 0, "AreaSource": "2", "NumBldgs": 1, "NumFloors": 1.0, "UnitsRes": 1, "UnitsTotal": 1, "LotFront": 45.0, "LotDepth": 95.0, "BldgFront": 23.67, "BldgDepth": 21.0, "Ext": "E", "ProxCode": "1", "IrrLotCode": "N", "LotType": "3", "BsmtCode": "2", "AssessLand": 10560.0, "AssessTot": 22320.0, "ExemptTot": 0.0, "YearBuilt": 1931, "YearAlter1": 0, "YearAlter2": 0, "HistDist": null, "Landmark": null, "BuiltFAR": 0.15, "ResidFAR": 0.75, "CommFAR": 0.0, "FacilFAR": 1.0, "BoroCode": 2, "BBL": 2051350041.0, "CondoNo": 0, "Tract2010": "0302", "XCoord": 1032677, "YCoord": 253167, "ZoneMap": "4a", "ZMCode": null, "Sanborn": "218 056", "TaxMap": "21710", "EDesigNum": null, "APPBBL": 0.0, "APPDate": null, "PLUTOMapID": "1", "FIRM07_FLA": "1", "PFIRM15_FL": null, "Version": "25v4", "DCPEdited": null, "Latitude": 40.8614268, "Longitude": -73.8249263, "Notes": null, "Shape_Leng": 0.0, "Shape_Area": 4602.0731937 }, "geometry": { "type": "MultiPolygon", "coordinates": [ [ [ [ -73.825117942662672, 40.861436403785213 ], [ -73.824798375671506, 40.861539997474672 ], [ -73.824765216790098, 40.861481231337009 ], [ -73.824730216350886, 40.861419198019384 ], [ -73.825049784082395, 40.861315602760513 ], [ -73.825117942662672, 40.861436403785213 ] ] ] ] } },
{ "type": "Feature", "properties": { "Borough": "BX", "Block": 5135, "Lot": 42, "CD": 210, "BCT2020": "2030201", "BCTCB2020": "20302011001", "CT2010": "302", "CB2010": "3001", "SchoolDist": "11", "Council": 12, "ZipCode": 10475, "FireComp": "E066", "PolicePrct": 45, "HealthCent": 24, "HealthArea": 710, "Sanitboro": "2", "SanitDistr": "10", "SanitSub": "1D", "Address": "2306 BOLLER AVENUE", "ZoneDist1": "R3A", "ZoneDist2": null, "ZoneDist3": null, "ZoneDist4": null, "Overlay1": null, "Overlay2": null, "SPDist1": null, "SPDist2": null, "SPDist3": null, "LtdHeight": null, "SplitZone": "N", "BldgClass": "A1", "LandUse": "01", "Easements": 0, "OwnerType": null, "OwnerName": "GALARZA, TOMASITA", "LotArea": 4750, "BldgArea": 1540, "ComArea": 0, "ResArea": 1200, "OfficeArea": 0, "RetailArea": 0, "GarageArea": 0, "StrgeArea": 0, "FactryArea": 0, "OtherArea": 0, "AreaSource": "2", "NumBldgs": 1, "NumFloors": 2.0, "UnitsRes": 1, "UnitsTotal": 1, "LotFront": 50.0, "LotDepth": 95.0, "BldgFront": 20.0, "BldgDepth": 26.0, "Ext": "N", "ProxCode": "1", "IrrLotCode": "N", "LotType": "5", "BsmtCode": "1", "AssessLand": 9900.0, "AssessTot": 39120.0, "ExemptTot": 0.0, "YearBuilt": 1920, "YearAlter1": 0, "YearAlter2": 0, "HistDist": null, "Landmark": null, "BuiltFAR": 0.32, "ResidFAR": 0.75, "CommFAR": 0.0, "FacilFAR": 1.0, "BoroCode": 2, "BBL": 2051350042.0, "CondoNo": 0, "Tract2010": "0302", "XCoord": 1032658, "YCoord": 253213, "ZoneMap": "4a", "ZMCode": null, "Sanborn": "218 056", "TaxMap": "21710", "EDesigNum": null, "APPBBL": 0.0, "APPDate": null, "PLUTOMapID": "1", "FIRM07_FLA": "1", "PFIRM15_FL": null, "Version": "25v4", "DCPEdited": null, "Latitude": 40.8615532, "Longitude": -73.8249947, "Notes": null, "Shape_Leng": 0.0, "Shape_Area": 4921.3794041000001 }, "geometry": { "type": "MultiPolygon", "coordinates": [ [ [ [ -73.824836756245816, 40.861608020528671 ], [ -73.824798375671506, 40.861539997474672 ], [ -73.825117942662672, 40.861436403785213 ], [ -73.82519083103962, 40.861565585608162 ], [ -73.824871263430083, 40.861669180416897 ], [ -73.824836756245816, 40.861608020528671 ] ] ] ] } },
{ "type": "Feature", "properties": { "Borough": "BX", "Block": 5135, "Lot": 44, "CD": 210, "BCT2020": "2030201", "BCTCB2020": "20302011001", "CT2010": "302", "CB2010": "3001", "SchoolDist": "11", "Council": 12, "ZipCode": 10475, "FireComp": "E066", "PolicePrct": 45, "HealthCent": 24, "HealthArea": 710, "Sanitboro": "2", "SanitDistr": "10", "SanitSub": "1D", "Address": "2308 BOLLER AVENUE", "ZoneDist1": "R3A", "ZoneDist2": null, "ZoneDist3": null, "ZoneDist4": null, "Overlay1": null, "Overlay2": null, "SPDist1": null, "SPDist2": null, "SPDist3": null, "LtdHeight": null, "SplitZone": "N", "BldgClass": "A2", "LandUse": "01", "Easements": 0, "OwnerType": null, "OwnerName": "GARCIA, CARMEN", "LotArea": 2375, "BldgArea": 1004, "ComArea": 0, "ResArea": 574, "OfficeArea": 0, "RetailArea": 0, "GarageArea": 0, "StrgeArea": 0, "FactryArea": 0, "OtherArea": 0, "AreaSource": "2", "NumBldgs": 1, "NumFloors": 1.0, "UnitsRes": 1, "UnitsTotal": 1, "LotFront": 25.0, "LotDepth": 95.0, "BldgFront": 14.0, "BldgDepth": 41.0, "Ext": "N", "ProxCode": "1", "IrrLotCode": "N", "LotType": "5", "BsmtCode": "1", "AssessLand": 9840.0, "AssessTot": 33480.0, "ExemptTot": 16740.0, "YearBuilt": 1920, "YearAlter1": 0, "YearAlter2": 0, "HistDist": null, "Landmark": null, "BuiltFAR": 0.42, "ResidFAR": 0.75, "CommFAR": 0.0, "FacilFAR": 1.0, "BoroCode": 2, "BBL": 2051350044.0, "CondoNo": 0, "Tract2010": "0302", "XCoord": 1032643, "YCoord": 253247, "ZoneMap": "4a", "ZMCode": null, "Sanborn": "218 056", "TaxMap": "21710", "EDesigNum": null, "APPBBL": 0.0, "APPDate": null, "PLUTOMapID": "1", "FIRM07_FLA": "1", "PFIRM15_FL": null, "Version": "25v4", "DCPEdited": null, "Latitude": 40.8616466, "Longitude": -73.8250486, "Notes": null, "Shape_Leng": 0.0, "Shape_Area": 2321.1543247 }, "geometry": { "type": "MultiPolygon", "coordinates": [ [ [ [ -73.82519083103962, 40.861565585608162 ], [ -73.825225207456171, 40.861626514711091 ], [ -73.824905642033514, 40.861730108697472 ], [ -73.824871263430083, 40.861669180416897 ], [ -73.82519083103962, 40.861565585608162 ] ] ] ] } },
{ "type": "Feature", "properties": { "Borough": "BX", "Block": 5135, "Lot": 47, "CD": 210, "BCT2020": "2030201", "BCTCB2020": "20302011001", "CT2010": "302", "CB2010": "3001", "SchoolDist": "11", "Council": 12, "ZipCode": 10475, "FireComp": "E066", "PolicePrct": 45, "HealthCent": 24, "HealthArea": 710, "Sanitboro": "2", "SanitDistr": "10", "SanitSub": "1D", "Address": "2320 BOLLER AVENUE", "ZoneDist1": "R3A", "ZoneDist2": null, "ZoneDist3": null, "ZoneDist4": null, "Overlay1": null, "Overlay2": null, "SPDist1": null, "SPDist2": null, "SPDist3": null, "LtdHeight": null, "SplitZone": "N", "BldgClass": "A9", "LandUse": "01", "Easements": 0, "OwnerType": null, "OwnerName": "REEBERG, RAMON", "LotArea": 7125, "BldgArea": 1770, "ComArea": 0, "ResArea": 1180, "OfficeArea": 0, "RetailArea": 0, "GarageArea": 0, "StrgeArea": 0, "FactryArea": 0, "OtherArea": 0, "AreaSource": "2", "NumBldgs": 1, "NumFloors": 1.0, "UnitsRes": 1, "UnitsTotal": 1, "LotFront": 75.0, "LotDepth": 95.0, "BldgFront": 51.0, "BldgDepth": 34.0, "Ext": "G", "ProxCode": "1", "IrrLotCode": "N", "LotType": "5", "BsmtCode": "1", "AssessLand": 11580.0, "AssessTot": 41640.0, "ExemptTot": 0.0, "YearBuilt": 1955, "YearAlter1": 0, "YearAlter2": 0, "HistDist": null, "Landmark": null, "BuiltFAR": 0.25, "ResidFAR": 0.75, "CommFAR": 0.0, "FacilFAR": 1.0, "BoroCode": 2, "BBL": 2051350047.0, "CondoNo": 0, "Tract2010": "0302", "XCoord": 1032603, "YCoord": 253339, "ZoneMap": "4a", "ZMCode": null, "Sanborn": "218 056", "TaxMap": "21710", "EDesigNum": null, "APPBBL": 0.0, "APPDate": null, "PLUTOMapID": "1", "FIRM07_FLA": "1", "PFIRM15_FL": null, "Version": "25v4", "DCPEdited": null, "Latitude": 40.8618993, "Longitude": -73.8251926, "Notes": null, "Shape_Leng": 0.0, "Shape_Area": 7583.0752243999996 }, "geometry": { "type": "MultiPolygon", "coordinates": [ [ [ [ -73.824974132558069, 40.861851498256783 ], [ -73.825293699666915, 40.861747905004968 ], [ -73.825406011289587, 40.861946955407319 ], [ -73.825086444609141, 40.862050548968149 ], [ -73.824974132558069, 40.861851498256783 ] ] ] ] } },
{ "type": "Feature", "properties": { "Borough": "BX", "Block": 5135, "Lot": 50, "CD": 210, "BCT2020": "2030201", "BCTCB2020": "20302011001", "CT2010": "302", "CB2010": "3001", "SchoolDist": "11", "Council": 12, "ZipCode": 10475, "FireComp": "E066", "PolicePrct": 45, "HealthCent": 24, "HealthArea": 710, "Sanitboro": "2", "SanitDistr": "10", "SanitSub": "1D", "Address": "2324 BOLLER AVENUE", "ZoneDist1": "R3A", "ZoneDist2": null, "ZoneDist3": null, "ZoneDist4": null, "Overlay1": null, "Overlay2": null, "SPDist1": null, "SPDist2": null, "SPDist3": null, "LtdHeight": null, "SplitZone": "N", "BldgClass": "A1", "LandUse": "01", "Easements": 0, "OwnerType": null, "OwnerName": "MOORE RODNEY, ANGELLA", "LotArea": 2375, "BldgArea": 1608, "ComArea": 0, "ResArea": 1608, "OfficeArea": 0, "RetailArea": 0, "GarageArea": 0, "StrgeArea": 0, "FactryArea": 0, "OtherArea": 0, "AreaSource": "2", "NumBldgs": 1, "NumFloors": 2.0, "UnitsRes": 1, "UnitsTotal": 1, "LotFront": 25.0, "LotDepth": 95.0, "BldgFront": 16.0, "BldgDepth": 22.0, "Ext": "N", "ProxCode": "1", "IrrLotCode": "N", "LotType": "5", "BsmtCode": "2", "AssessLand": 6540.0, "AssessTot": 35760.0, "ExemptTot": 0.0, "YearBuilt": 1910, "YearAlter1": 2019, "YearAlter2": 0, "HistDist": null, "Landmark": null, "BuiltFAR": 0.68, "ResidFAR": 0.75, "CommFAR": 0.0, "FacilFAR": 1.0, "BoroCode": 2, "BBL": 2051350050.0000002, "CondoNo": 0, "Tract2010": "0302", "XCoord": 1032583, "YCoord": 253386, "ZoneMap": "4a", "ZMCode": null, "Sanborn": "218 056", "TaxMap": "21710", "EDesigNum": null, "APPBBL": 0.0, "APPDate": null, "PLUTOMapID": "1", "FIRM07_FLA": "1", "PFIRM15_FL": null, "Version": "25v4", "DCPEdited": null, "Latitude": 40.8620284, "Longitude": -73.8252646, "Notes": null, "Shape_Leng": 0.0, "Shape_Area": 2320.8788478000001 }, "geometry": { "type": "MultiPolygon", "coordinates": [ [ [ [ -73.825086444609141, 40.862050548968149 ], [ -73.825406011289587, 40.861946955407319 ], [ -73.825440384593264, 40.862007876238593 ], [ -73.825139379396091, 40.862105453953291 ], [ -73.825120814145123, 40.862111471729563 ], [ -73.825110705904535, 40.862093553646154 ], [ -73.825086444609141, 40.862050548968149 ] ] ] ] } },
{ "type": "Feature", "properties": { "Borough": "BX", "Block": 5135, "Lot": 51, "CD": 210, "BCT2020": "2030201", "BCTCB2020": "20302012000", "CT2010": "302", "CB2010": "4003", "SchoolDist": "11", "Council": 12, "ZipCode": 10475, "FireComp": "E066", "PolicePrct": 45, "HealthCent": 24, "HealthArea": 710, "Sanitboro": "2", "SanitDistr": "10", "SanitSub": "1D", "Address": "120 ERSKINE PLACE", "ZoneDist1": "R6", "ZoneDist2": null, "ZoneDist3": null, "ZoneDist4": null, "Overlay1": null, "Overlay2": null, "SPDist1": null, "SPDist2": null, "SPDist3": null, "LtdHeight": null, "SplitZone": "N", "BldgClass": "D4", "LandUse": "03", "Easements": 1, "OwnerType": "X", "OwnerName": "UNAVAILABLE OWNER", "LotArea": 1952770, "BldgArea": 5541031, "ComArea": 11700, "ResArea": 5529331, "OfficeArea": 7200, "RetailArea": 0, "GarageArea": 0, "StrgeArea": 0, "FactryArea": 0, "OtherArea": 4500, "AreaSource": "2", "NumBldgs": 47, "NumFloors": 33.0, "UnitsRes": 4458, "UnitsTotal": 4470, "LotFront": 2250.0, "LotDepth": 949.0, "BldgFront": 0.0, "BldgDepth": 0.0, "Ext": "N", "ProxCode": "0", "IrrLotCode": "Y", "LotType": "1", "BsmtCode": "0", "AssessLand": 17574750.0, "AssessTot": 120166200.0, "ExemptTot": 120166200.0, "YearBuilt": 1969, "YearAlter1": 2017, "YearAlter2": 0, "HistDist": null, "Landmark": null, "BuiltFAR": 2.84, "ResidFAR": 2.43, "CommFAR": 0.0, "FacilFAR": 4.8, "BoroCode": 2, "BBL": 2051350050.9999998, "CondoNo": 0, "Tract2010": "0302", "XCoord": 1033499, "YCoord": 254075, "ZoneMap": "4c", "ZMCode": "Y", "Sanborn": "218 055", "TaxMap": "21710", "EDesigNum": null, "APPBBL": 0.0, "APPDate": null, "PLUTOMapID": "1", "FIRM07_FLA": "1", "PFIRM15_FL": "1", "Version": "25v4", "DCPEdited": null, "Latitude": 40.8639144, "Longitude": -73.8219479, "Notes": null, "Shape_Leng": 0.0, "Shape_Area": 1891481.52941 }, "geometry": { "type": "MultiPolygon", "coordinates": [ [ [ [ -73.820440219972596, 40.867660398137069 ], [ -73.820410764041057, 40.867580571296301 ], [ -73.82001813335819, 40.866516464086644 ], [ -73.820015476927793, 40.866503133091356 ], [ -73.819910060882052, 40.865518658817344 ], [ -73.819910099211299, 40.865504509157894 ], [ -73.819906855288352, 40.865455819004453 ], [ -73.819902431384435, 40.865427624005761 ], [ -73.819898397867561, 40.865409738640615 ], [ -73.81987751257293, 40.865214691930021 ], [ -73.819877192858982, 40.865191844621684 ], [ -73.819884291543772, 40.865063735397726 ], [ -73.819883249182553, 40.865032985551601 ], [ -73.819874434950762, 40.864963785171867 ], [ -73.819874520571162, 40.864932183433247 ], [ -73.819877956511903, 40.864909982652485 ], [ -73.819891597248002, 40.864858752391179 ], [ -73.819895035491811, 40.864835697958718 ], [ -73.819898643748544, 40.864749436448484 ], [ -73.81990097142274, 40.864721253749963 ], [ -73.819920513276713, 40.864567539586723 ], [ -73.819928586979572, 40.864494098067077 ], [ -73.819930968484854, 40.864458807545127 ], [ -73.81993210263893, 40.864442001085223 ], [ -73.819932206745392, 40.864403563691369 ], [ -73.819925652004031, 40.864331804869742 ], [ -73.819924608527415, 40.864301911434382 ], [ -73.819925862526134, 40.864254080112154 ], [ -73.819930478378893, 40.86421138057208 ], [ -73.819934999270941, 40.864187709671427 ], [ -73.819950418961909, 40.864133254868314 ], [ -73.819973636149356, 40.864061976065898 ], [ -73.819988365165003, 40.864023562431157 ], [ -73.819999715128844, 40.863986852667153 ], [ -73.820009944065163, 40.86394928574029 ], [ -73.820019041502491, 40.863913426112568 ], [ -73.82003118647917, 40.863848022266431 ], [ -73.820168927763973, 40.863361586009162 ], [ -73.820089681192201, 40.86330221029332 ], [ -73.82009285050583, 40.863246461631945 ], [ -73.820091764159301, 40.863231941275842 ], [ -73.820087305651768, 40.86321655932511 ], [ -73.820080595875368, 40.863201174780251 ], [ -73.82006939073031, 40.863184928559193 ], [ -73.820055934323193, 40.863168678904991 ], [ -73.820039103336271, 40.863152424818253 ], [ -73.820018896675705, 40.863135309125603 ], [ -73.819995317862777, 40.863118189084695 ], [ -73.819980713828684, 40.863109625042945 ], [ -73.819963862170539, 40.863101057571178 ], [ -73.819888566687652, 40.863070189957249 ], [ -73.819872840680077, 40.86306162506866 ], [ -73.819859364507465, 40.86305220920287 ], [ -73.819715663144379, 40.86293923916012 ], [ -73.819660646279999, 40.862898154565563 ], [ -73.819612357544699, 40.862865620788838 ], [ -73.819602246857144, 40.862860480191259 ], [ -73.819586511564893, 40.86285447546063 ], [ -73.819567400590785, 40.862849322612654 ], [ -73.819511180642095, 40.862837276062677 ], [ -73.819494318623697, 40.862832125803983 ], [ -73.819480836807131, 40.862825271769239 ], [ -73.819469605152207, 40.862818419416982 ], [ -73.819459503757528, 40.862809863364419 ], [ -73.819423620075654, 40.862766244895965 ], [ -73.819414644218028, 40.862756836027714 ], [ -73.81940453820468, 40.862749986352597 ], [ -73.819378703790264, 40.862734572636271 ], [ -73.819347241475327, 40.862720002912368 ], [ -73.819312404610585, 40.862705428726393 ], [ -73.819304678267244, 40.862702668337569 ], [ -73.819281617805999, 40.862694429517546 ], [ -73.819484472927087, 40.862501345063428 ], [ -73.819971515462498, 40.862108730054956 ], [ -73.820175374180366, 40.861962290448005 ], [ -73.82012627534084, 40.861915485420361 ], [ -73.820518179290715, 40.861688580492789 ], [ -73.820972967703526, 40.861448162708754 ], [ -73.82142436931295, 40.861240759881682 ], [ -73.821635390432661, 40.861149728861108 ], [ -73.822134416579061, 40.860965665736856 ], [ -73.823562111222614, 40.860490756242143 ], [ -73.823576570289063, 40.860515912936506 ], [ -73.822429254875388, 40.860898661659846 ], [ -73.822286281242796, 40.860945248956803 ], [ -73.822167601767433, 40.860983928477971 ], [ -73.821852880333282, 40.861097052334387 ], [ -73.821652481099008, 40.86117392368935 ], [ -73.821442459749733, 40.861264524024797 ], [ -73.821204404015063, 40.861371213690944 ], [ -73.821027825307368, 40.861452681904922 ], [ -73.820773254115295, 40.861586711109432 ], [ -73.820474737662693, 40.861745149315738 ], [ -73.820158911059934, 40.861929867694862 ], [ -73.820398054834371, 40.86214801850614 ], [ -73.820406366364722, 40.862153522658083 ], [ -73.820417964625989, 40.862158576323353 ], [ -73.820432389562782, 40.862160487060656 ], [ -73.820443836792322, 40.862159120005124 ], [ -73.820455243096987, 40.862155320585977 ], [ -73.820703794542908, 40.861996932559506 ], [ -73.820712205141248, 40.861991690358266 ], [ -73.820724349100416, 40.861984391772616 ], [ -73.820732192787716, 40.861976889396871 ], [ -73.820734944419272, 40.861969447534719 ], [ -73.820732731928146, 40.861963006460392 ], [ -73.820729173736808, 40.861956371462711 ], [ -73.820723725629321, 40.86195035126255 ], [ -73.820720007482194, 40.861946315797709 ], [ -73.820685791916986, 40.861908970460405 ], [ -73.820682610404219, 40.861905632791895 ], [ -73.820680003417593, 40.861902056502693 ], [ -73.820678408792133, 40.861898758195956 ], [ -73.820677336017695, 40.8618949771544 ], [ -73.820676507524595, 40.861888628330988 ], [ -73.820676574575231, 40.861884441141193 ], [ -73.820677142339761, 40.861880172745856 ], [ -73.820678662044386, 40.861876072478303 ], [ -73.820680684705238, 40.861872448426745 ], [ -73.820684000445254, 40.861868712025682 ], [ -73.820687411511386, 40.861865667381331 ], [ -73.82070417736665, 40.86185628334448 ], [ -73.820927313907418, 40.861740161337394 ], [ -73.82125377567229, 40.861579604978445 ], [ -73.821574867119992, 40.861432959130738 ], [ -73.821810470703284, 40.861331619246279 ], [ -73.822105832220586, 40.861219620122867 ], [ -73.822372816566386, 40.861125916800376 ], [ -73.822468332553825, 40.861097226573186 ], [ -73.822481765608714, 40.861094758326082 ], [ -73.822493419955336, 40.86109435480202 ], [ -73.822503101698146, 40.861095339569388 ], [ -73.82251030193656, 40.861096860782638 ], [ -73.822516013282311, 40.861098956030204 ], [ -73.822521597200463, 40.861102554850078 ], [ -73.822526164861429, 40.861107873887462 ], [ -73.822530452084081, 40.861114267677138 ], [ -73.822998651439917, 40.8619139843589 ], [ -73.823023202912864, 40.861952598251484 ], [ -73.823038083392333, 40.861971863726467 ], [ -73.823064371771764, 40.861995154807708 ], [ -73.823089295327179, 40.862012523083422 ], [ -73.823118681145317, 40.862028940056348 ], [ -73.823142716610406, 40.862037760282533 ], [ -73.823181466608943, 40.86204929747862 ], [ -73.82322319993375, 40.862054511364981 ], [ -73.823264708913484, 40.862055787068726 ], [ -73.823300919156424, 40.862053168178043 ], [ -73.82332739316476, 40.862048159696826 ], [ -73.824260062626848, 40.861749852757086 ], [ -73.824271258868464, 40.861746917170066 ], [ -73.824279110795004, 40.861746016004581 ], [ -73.824286852340251, 40.861746520390405 ], [ -73.824292611978962, 40.861748313948432 ], [ -73.824298792807681, 40.86175230352525 ], [ -73.824307933321549, 40.861765622230514 ], [ -73.824450025920399, 40.862026295565684 ], [ -73.82570425159615, 40.86255887568602 ], [ -73.825834269176809, 40.862788489818236 ], [ -73.824797877913909, 40.863971727183831 ], [ -73.824727373900345, 40.863941669629305 ], [ -73.824234868499445, 40.863731702795569 ], [ -73.824144441736891, 40.863851797768348 ], [ -73.823387205607361, 40.863536020413342 ], [ -73.823216934297548, 40.863760996026109 ], [ -73.8232084366431, 40.863774475992976 ], [ -73.823192263336225, 40.863787986518084 ], [ -73.823173442404538, 40.863796256520274 ], [ -73.823148206283037, 40.863800231335787 ], [ -73.823127764264825, 40.86379855657605 ], [ -73.823110788522285, 40.863793583193079 ], [ -73.823031661880222, 40.863760545159884 ], [ -73.823030592124454, 40.86376003922161 ], [ -73.823029311037871, 40.863759607750303 ], [ -73.823027781790103, 40.863759300131136 ], [ -73.823026325515997, 40.863759190728551 ], [ -73.823024624417826, 40.863759277213141 ], [ -73.823023201540849, 40.86375953713231 ], [ -73.823022152095049, 40.86375984706654 ], [ -73.823021064488003, 40.863760293807665 ], [ -73.823019881301363, 40.863760962014851 ], [ -73.823018759262595, 40.863761841889136 ], [ -73.822835052215126, 40.864007215835038 ], [ -73.822834821296297, 40.864010628342157 ], [ -73.822835465667481, 40.864013171473516 ], [ -73.822838850292513, 40.864016083401708 ], [ -73.824227275701688, 40.864608484676822 ], [ -73.824215931265556, 40.864613480380648 ], [ -73.824204441832975, 40.864615883359818 ], [ -73.824194540777796, 40.864616869654917 ], [ -73.824182667000869, 40.864616179764099 ], [ -73.824165181131775, 40.864613357045066 ], [ -73.822822863759228, 40.864047161848887 ], [ -73.822820606009245, 40.864046023797194 ], [ -73.822817049087163, 40.86404367253558 ], [ -73.822812377089875, 40.864039625719187 ], [ -73.822809929114868, 40.864036843981168 ], [ -73.82280623833509, 40.864030884223318 ], [ -73.822804273135361, 40.864025040644115 ], [ -73.822803788150154, 40.864017851262005 ], [ -73.822804582237978, 40.864013173528157 ], [ -73.822807321008767, 40.864006532047242 ], [ -73.822809263409397, 40.864004019076944 ], [ -73.822992741360792, 40.863753875763685 ], [ -73.822996150108779, 40.863748594177444 ], [ -73.823000243252281, 40.863744647331707 ], [ -73.823005157608236, 40.863741432004623 ], [ -73.823012266840081, 40.86373850641219 ], [ -73.823020939440653, 40.863736853828911 ], [ -73.823029260062199, 40.863736904418673 ], [ -73.823034415127324, 40.863737730014847 ], [ -73.823040267543874, 40.86373949491454 ], [ -73.823047076214735, 40.863742965999855 ], [ -73.8231302596147, 40.86377591027523 ], [ -73.82313663565813, 40.863778804364259 ], [ -73.823143111046264, 40.863780931370684 ], [ -73.823147863920568, 40.863781791397699 ], [ -73.823155546533329, 40.863782248919485 ], [ -73.823165618782298, 40.863781033415137 ], [ -73.823174092965033, 40.863778205361214 ], [ -73.823183722012118, 40.86377106211458 ], [ -73.823190985131305, 40.863761940470681 ], [ -73.823356912490453, 40.863546516932622 ], [ -73.823363445784821, 40.86353264944723 ], [ -73.823362183752394, 40.863521479642614 ], [ -73.8233572360067, 40.863512679682749 ], [ -73.823350133436492, 40.863506021349835 ], [ -73.823337461088627, 40.863499681334332 ], [ -73.823040164862533, 40.863374789785681 ], [ -73.823034584936906, 40.863372713674863 ], [ -73.823029256836989, 40.863371370968466 ], [ -73.823024655360513, 40.863370650710877 ], [ -73.823019426682507, 40.8633702924039 ], [ -73.823015186223913, 40.863370351648555 ], [ -73.823009974211629, 40.863370852458125 ], [ -73.82300395734805, 40.86337205259187 ], [ -73.822998686609736, 40.863373709476484 ], [ -73.822991949359945, 40.863376829226141 ], [ -73.822986122150184, 40.863380757263684 ], [ -73.822980557521745, 40.863386303832129 ], [ -73.822976799569119, 40.863391756884226 ], [ -73.822599590872443, 40.863906460484088 ], [ -73.822595902217273, 40.863910409779521 ], [ -73.822592031167162, 40.86391420117922 ], [ -73.822587671343825, 40.863918054907003 ], [ -73.822581951533138, 40.863922178430897 ], [ -73.82257726045512, 40.863924340484246 ], [ -73.822570959510458, 40.863926632490717 ], [ -73.822565967985653, 40.863928070933973 ], [ -73.822559614904037, 40.863929046321424 ], [ -73.822554368064715, 40.863929242706917 ], [ -73.822548347882659, 40.863929021782099 ], [ -73.822541466131966, 40.863928491581511 ], [ -73.822536723127257, 40.863927483887053 ], [ -73.82194861101172, 40.863681112511586 ], [ -73.821939985216233, 40.863677213567769 ], [ -73.82193353121734, 40.863672014908801 ], [ -73.82192898584853, 40.863665401013598 ], [ -73.821927278020993, 40.863660017939871 ], [ -73.821927722063108, 40.863651025383511 ], [ -73.821933085170514, 40.863641477652941 ], [ -73.821976534456482, 40.863575381074625 ], [ -73.821979989476063, 40.863565273813194 ], [ -73.821977599816776, 40.863550938775688 ], [ -73.821966410569701, 40.863538725288294 ], [ -73.821950484753827, 40.863530192835739 ], [ -73.82164908150007, 40.863407801037191 ], [ -73.821634669247857, 40.863401459063518 ], [ -73.821621133999784, 40.863399403869096 ], [ -73.82160791451976, 40.863399462718689 ], [ -73.82160096064537, 40.863401523015824 ], [ -73.821594098347177, 40.863405265665293 ], [ -73.821587097923114, 40.863413625817962 ], [ -73.82142497919115, 40.863631035606595 ], [ -73.82141772153966, 40.863645954539599 ], [ -73.821417590483904, 40.863658561222358 ], [ -73.821423598186456, 40.863669162074899 ], [ -73.821441663066878, 40.863678397636306 ], [ -73.822051425000751, 40.863936259258089 ], [ -73.822064087830313, 40.863942600319781 ], [ -73.822073280711862, 40.863950872892822 ], [ -73.822076294670751, 40.863958411944118 ], [ -73.822077741342383, 40.863966104433288 ], [ -73.822074775640459, 40.863976439251772 ], [ -73.821392466452238, 40.86490168118214 ], [ -73.821387146851549, 40.864914779601506 ], [ -73.821388144785587, 40.864925696030603 ], [ -73.821392747489355, 40.864933499664083 ], [ -73.821402892111877, 40.864940287982471 ], [ -73.821410851663558, 40.864944971155566 ], [ -73.823184783022711, 40.865689914272828 ], [ -73.823192817701269, 40.865693197238642 ], [ -73.823203878800427, 40.865701193413962 ], [ -73.823209327354562, 40.865709939265187 ], [ -73.823210345894083, 40.865722092102857 ], [ -73.823204402751315, 40.865733864156361 ], [ -73.822449526457461, 40.86661026872126 ], [ -73.822279523984065, 40.866760721252199 ], [ -73.822231887284758, 40.866791165440532 ], [ -73.822148927158523, 40.866838453856701 ], [ -73.822054555978511, 40.866883427326748 ], [ -73.821985000057296, 40.866909253239406 ], [ -73.821914532150828, 40.866930108701524 ], [ -73.82184249559765, 40.866947593008419 ], [ -73.82176916327154, 40.86696166240521 ], [ -73.821702593668377, 40.866971233425794 ], [ -73.821633108612716, 40.866977173705642 ], [ -73.821573191049453, 40.866979717567077 ], [ -73.821520282776461, 40.86697997606673 ], [ -73.821460015657365, 40.866978372611371 ], [ -73.821383174373267, 40.866976175232367 ], [ -73.821279491851286, 40.866985512895191 ], [ -73.821188656945679, 40.867001865442766 ], [ -73.821124008000737, 40.86701881597422 ], [ -73.821079016651098, 40.867033935657737 ], [ -73.821043572028429, 40.867048511807511 ], [ -73.821014990027436, 40.867061132871932 ], [ -73.820978295999097, 40.867080670620595 ], [ -73.820960629251658, 40.867091133912041 ], [ -73.820927711164884, 40.867112743213291 ], [ -73.820910563323395, 40.867125175793724 ], [ -73.820894921376436, 40.867137362161458 ], [ -73.820865327106148, 40.867162908155017 ], [ -73.820851402079114, 40.867176239043637 ], [ -73.820821947754126, 40.867207009900852 ], [ -73.820795372088114, 40.86723925025958 ], [ -73.820771807946144, 40.867272811916912 ], [ -73.82074965633052, 40.867306499998882 ], [ -73.820728552402258, 40.867350600288397 ], [ -73.820717439553022, 40.867380722508571 ], [ -73.820706983364062, 40.867418085663203 ], [ -73.820702154786943, 40.867440347371492 ], [ -73.820693073579307, 40.867552803791412 ], [ -73.820718543576632, 40.867714698736599 ], [ -73.82075375891263, 40.867816996252039 ], [ -73.820789871123679, 40.867903454609376 ], [ -73.820876615524782, 40.868045353010416 ], [ -73.82098447776616, 40.868172949206318 ], [ -73.821040547537748, 40.868226714585745 ], [ -73.820996760012932, 40.868271536142394 ], [ -73.820969393445097, 40.868299548447148 ], [ -73.820934640743488, 40.868282214496475 ], [ -73.8209264857053, 40.868270926213562 ], [ -73.820911910456346, 40.868252112051579 ], [ -73.820883867054519, 40.868220465706848 ], [ -73.820864791257293, 40.868200790053898 ], [ -73.820845712087575, 40.868183678953621 ], [ -73.820823248858929, 40.868168269061819 ], [ -73.8208153864, 40.868163987649019 ], [ -73.820803017567158, 40.868160550124252 ], [ -73.820789524233589, 40.868157967264146 ], [ -73.820747904802261, 40.868153630601114 ], [ -73.820735534763173, 40.868151050317756 ], [ -73.820727665285645, 40.868148476197362 ], [ -73.820704069600552, 40.868137334632529 ], [ -73.820687222272781, 40.868126205400507 ], [ -73.820673748469332, 40.868115079573954 ], [ -73.820663654240533, 40.868103960760045 ], [ -73.820656927709678, 40.868094554576537 ], [ -73.820652454808894, 40.868084298246181 ], [ -73.82064021746865, 40.868033029500339 ], [ -73.820635748072846, 40.868021067621726 ], [ -73.820629022770504, 40.868011660519578 ], [ -73.820597633759263, 40.867969758603444 ], [ -73.820562854903415, 40.867932123272425 ], [ -73.820528569020794, 40.867899835664105 ], [ -73.820440219972596, 40.867660398137069 ] ] ] ] } },
{ "type": "Feature", "properties": { "Borough": "BX", "Block": 5135, "Lot": 77, "CD": 210, "BCT2020": "2030201", "BCTCB2020": "20302011001", "CT2010": "302", "CB2010": "3001", "SchoolDist": "11", "Council": 12, "ZipCode": 10475, "FireComp": "E066", "PolicePrct": 45, "HealthCent": 24, "HealthArea": 710, "Sanitboro": "2", "SanitDistr": "10", "SanitSub": "1D", "Address": "2309 HUNTER AVENUE", "ZoneDist1": "R6", "ZoneDist2": null, "ZoneDist3": null, "ZoneDist4": null, "Overlay1": null, "Overlay2": null, "SPDist1": null, "SPDist2": null, "SPDist3": null, "LtdHeight": null, "SplitZone": "N", "BldgClass": "V0", "LandUse": "11", "Easements": 0, "OwnerType": null, "OwnerName": "5446-35 CORP", "LotArea": 2375, "BldgArea": 0, "ComArea": 0, "ResArea": 0, "OfficeArea": 0, "RetailArea": 0, "GarageArea": 0, "StrgeArea": 0, "FactryArea": 0, "OtherArea": 0, "AreaSource": "7", "NumBldgs": 0, "NumFloors": 0.0, "UnitsRes": 0, "UnitsTotal": 0, "LotFront": 25.0, "LotDepth": 95.0, "BldgFront": 0.0, "BldgDepth": 0.0, "Ext": null, "ProxCode": "0", "IrrLotCode": "N", "LotType": "5", "BsmtCode": "5", "AssessLand": 9060.0, "AssessTot": 9060.0, "ExemptTot": 0.0, "YearBuilt": 0, "YearAlter1": 2020, "YearAlter2": 0, "HistDist": null, "Landmark": null, "BuiltFAR": 0.0, "ResidFAR": 2.43, "CommFAR": 0.0, "FacilFAR": 4.8, "BoroCode": 2, "BBL": 2051350077.0000002, "CondoNo": 0, "Tract2010": "0302", "XCoord": 1032732, "YCoord": 253286, "ZoneMap": "4a", "ZMCode": null, "Sanborn": "218 056", "TaxMap": "21710", "EDesigNum": null, "APPBBL": 0.0, "APPDate": null, "PLUTOMapID": "1", "FIRM07_FLA": "1", "PFIRM15_FL": null, "Version": "25v4", "DCPEdited": null, "Latitude": 40.8617531, "Longitude": -73.8247266, "Notes": null, "Shape_Leng": 0.0, "Shape_Area": 2396.9054316000002 }, "geometry": { "type": "MultiPolygon", "coordinates": [ [ [ [ -73.824871263430083, 40.861669180416897 ], [ -73.824905642033514, 40.861730108697472 ], [ -73.824575648005833, 40.861837081640893 ], [ -73.824541263804193, 40.861776155094468 ], [ -73.824871263430083, 40.861669180416897 ] ] ] ] } },
{ "type": "Feature", "properties": { "Borough": "BX", "Block": 5135, "Lot": 78, "CD": 210, "BCT2020": "2030201", "BCTCB2020": "20302011001", "CT2010": "302", "CB2010": "3001", "SchoolDist": "11", "Council": 12, "ZipCode": 10475, "FireComp": "E066", "PolicePrct": 45, "HealthCent": 24, "HealthArea": 710, "Sanitboro": "2", "SanitDistr": "10", "SanitSub": "1D", "Address": "2307 HUNTER AVENUE", "ZoneDist1": "R6", "ZoneDist2": null, "ZoneDist3": null, "ZoneDist4": null, "Overlay1": null, "Overlay2": null, "SPDist1": null, "SPDist2": null, "SPDist3": null, "LtdHeight": null, "SplitZone": "N", "BldgClass": "N2", "LandUse": "08", "Easements": 0, "OwnerType": "X", "OwnerName": "AHRC NYC NEW PROJECTS, INC.", "LotArea": 2375, "BldgArea": 3750, "ComArea": 3750, "ResArea": 0, "OfficeArea": 0, "RetailArea": 0, "GarageArea": 0, "StrgeArea": 0, "FactryArea": 0, "OtherArea": 3750, "AreaSource": "2", "NumBldgs": 1, "NumFloors": 3.0, "UnitsRes": 0, "UnitsTotal": 1, "LotFront": 25.0, "LotDepth": 95.0, "BldgFront": 25.0, "BldgDepth": 48.0, "Ext": "N", "ProxCode": "3", "IrrLotCode": "N", "LotType": "5", "BsmtCode": "0", "AssessLand": 38700.0, "AssessTot": 441000.0, "ExemptTot": 441000.0, "YearBuilt": 1999, "YearAlter1": 2002, "YearAlter2": 0, "HistDist": null, "Landmark": null, "BuiltFAR": 1.58, "ResidFAR": 2.43, "CommFAR": 0.0, "FacilFAR": 4.8, "BoroCode": 2, "BBL": 2051350077.9999998, "CondoNo": 0, "Tract2010": "0302", "XCoord": 1032742, "YCoord": 253264, "ZoneMap": "4a", "ZMCode": null, "Sanborn": "218 056", "TaxMap": "21710", "EDesigNum": null, "APPBBL": 2051350077.9999998, "APPDate": "02/12/2001", "PLUTOMapID": "1", "FIRM07_FLA": "1", "PFIRM15_FL": null, "Version": "25v4", "DCPEdited": null, "Latitude": 40.8616927, "Longitude": -73.8246906, "Notes": null, "Shape_Leng": 0.0, "Shape_Area": 2406.0217530999998 }, "geometry": { "type": "MultiPolygon", "coordinates": [ [ [ [ -73.824506749695786, 40.861714998694367 ], [ -73.824836756245816, 40.861608020528671 ], [ -73.824871263430083, 40.861669180416897 ], [ -73.824541263804193, 40.861776155094468 ], [ -73.824506749695786, 40.861714998694367 ] ] ] ] } },
{ "type": "Feature", "properties": { "Borough": "BX", "Block": 5135, "Lot": 79, "CD": 210, "BCT2020": "2030201", "BCTCB2020": "20302011001", "CT2010": "302", "CB2010": "3001", "SchoolDist": "11", "Council": 12, "ZipCode": 10475, "FireComp": "E066", "PolicePrct": 45, "HealthCent": 24, "HealthArea": 710, "Sanitboro": "2", "SanitDistr": "10", "SanitSub": "1D", "Address": "2303 HUNTER AVENUE", "ZoneDist1": "R6", "ZoneDist2": null, "ZoneDist3": null, "ZoneDist4": null, "Overlay1": null, "Overlay2": null, "SPDist1": null, "SPDist2": null, "SPDist3": null, "LtdHeight": null, "SplitZone": "N", "BldgClass": "C0", "LandUse": "02", "Easements": 0, "OwnerType": null, "OwnerName": "WHITE, JOHN A", "LotArea": 2121, "BldgArea": 3432, "ComArea": 0, "ResArea": 3432, "OfficeArea": 0, "RetailArea": 0, "GarageArea": 0, "StrgeArea": 0, "FactryArea": 0, "OtherArea": 0, "AreaSource": "2", "NumBldgs": 1, "NumFloors": 3.0, "UnitsRes": 3, "UnitsTotal": 3, "LotFront": 22.33, "LotDepth": 95.0, "BldgFront": 22.25, "BldgDepth": 52.0, "Ext": "G", "ProxCode": "2", "IrrLotCode": "N", "LotType": "5", "BsmtCode": "2", "AssessLand": 9720.0, "AssessTot": 62640.0, "ExemptTot": 2880.0, "YearBuilt": 1988, "YearAlter1": 0, "YearAlter2": 0, "HistDist": null, "Landmark": null, "BuiltFAR": 1.62, "ResidFAR": 2.43, "CommFAR": 0.0, "FacilFAR": 4.8, "BoroCode": 2, "BBL": 2051350079.0, "CondoNo": 0, "Tract2010": "0302", "XCoord": 1032762, "YCoord": 253217, "ZoneMap": "4a", "ZMCode": null, "Sanborn": "218 056", "TaxMap": "21710", "EDesigNum": null, "APPBBL": 2051350080.0, "APPDate": "12/20/1988", "PLUTOMapID": "1", "FIRM07_FLA": "1", "PFIRM15_FL": null, "Version": "25v4", "DCPEdited": null, "Latitude": 40.8615636, "Longitude": -73.8246187, "Notes": null, "Shape_Leng": 0.0, "Shape_Area": 2312.0163318 }, "geometry": { "type": "MultiPolygon", "coordinates": [ [ [ [ -73.824435196531553, 40.861588212876825 ], [ -73.824765216790098, 40.861481231337009 ], [ -73.824798375671506, 40.861539997474672 ], [ -73.824468359914235, 40.861646978195274 ], [ -73.824435196531553, 40.861588212876825 ] ] ] ] } },
{ "type": "Feature", "properties": { "Borough": "BX", "Block": 5135, "Lot": 81, "CD": 210, "BCT2020": "2030201", "BCTCB2020": "20302011001", "CT2010": "302", "CB2010": "3001", "SchoolDist": "11", "Council": 12, "ZipCode": 10475, "FireComp": "E066", "PolicePrct": 45, "HealthCent": 24, "HealthArea": 710, "Sanitboro": "2", "SanitDistr": "10", "SanitSub": "1D", "Address": "2301 HUNTER AVENUE", "ZoneDist1": "R6", "ZoneDist2": null, "ZoneDist3": null, "ZoneDist4": null, "Overlay1": null, "Overlay2": null, "SPDist1": null, "SPDist2": null, "SPDist3": null, "LtdHeight": null, "SplitZone": "N", "BldgClass": "C0", "LandUse": "02", "Easements": 0, "OwnerType": null, "OwnerName": "CRUZ, YOSCAIRA D", "LotArea": 2153, "BldgArea": 3432, "ComArea": 0, "ResArea": 3432, "OfficeArea": 0, "RetailArea": 0, "GarageArea": 0, "StrgeArea": 0, "FactryArea": 0, "OtherArea": 0, "AreaSource": "2", "NumBldgs": 1, "NumFloors": 3.0, "UnitsRes": 3, "UnitsTotal": 3, "LotFront": 22.53, "LotDepth": 95.0, "BldgFront": 22.5, "BldgDepth": 52.0, "Ext": "N", "ProxCode": "2", "IrrLotCode": "N", "LotType": "3", "BsmtCode": "2", "AssessLand": 9840.0, "AssessTot": 62640.0, "ExemptTot": 0.0, "YearBuilt": 1988, "YearAlter1": 0, "YearAlter2": 0, "HistDist": null, "Landmark": null, "BuiltFAR": 1.59, "ResidFAR": 2.43, "CommFAR": 0.0, "FacilFAR": 4.8, "BoroCode": 2, "BBL": 2051350081.0, "CondoNo": 0, "Tract2010": "0302", "XCoord": 1032771, "YCoord": 253195, "ZoneMap": "4a", "ZMCode": null, "Sanborn": "218 056", "TaxMap": "21710", "EDesigNum": null, "APPBBL": 2051350080.0, "APPDate": "12/20/1988", "PLUTOMapID": "1", "FIRM07_FLA": "1", "PFIRM15_FL": null, "Version": "25v4", "DCPEdited": null, "Latitude": 40.8615031, "Longitude": -73.8245863, "Notes": null, "Shape_Leng": 0.0, "Shape_Area": 2440.5690406 }, "geometry": { "type": "MultiPolygon", "coordinates": [ [ [ [ -73.824730216350886, 40.861419198019384 ], [ -73.824765216790098, 40.861481231337009 ], [ -73.824435196531553, 40.861588212876825 ], [ -73.824400187960407, 40.861526182207761 ], [ -73.824730216350886, 40.861419198019384 ] ] ] ] } },
{ "type": "Feature", "properties": { "Borough": "BX", "Block": 5135, "Lot": 90, "CD": 210, "BCT2020": "2030201", "BCTCB2020": "20302012001", "CT2010": "302", "CB2010": "3000", "SchoolDist": "11", "Council": 12, "ZipCode": 10475, "FireComp": "E066", "PolicePrct": 45, "HealthCent": 24, "HealthArea": 710, "Sanitboro": "2", "SanitDistr": "10", "SanitSub": "1D", "Address": "80 ERSKINE PLACE", "ZoneDist1": "R6", "ZoneDist2": null, "ZoneDist3": null, "ZoneDist4": null, "Overlay1": null, "Overlay2": null, "SPDist1": null, "SPDist2": null, "SPDist3": null, "LtdHeight": null, "SplitZone": "N", "BldgClass": "G1", "LandUse": "10", "Easements": 0, "OwnerType": "X", "OwnerName": "RIVERBAY CORPORATION", "LotArea": 96000, "BldgArea": 296715, "ComArea": 296715, "ResArea": 0, "OfficeArea": 0, "RetailArea": 0, "GarageArea": 296715, "StrgeArea": 0, "FactryArea": 0, "OtherArea": 0, "AreaSource": "2", "NumBldgs": 1, "NumFloors": 6.0, "UnitsRes": 0, "UnitsTotal": 1, "LotFront": 283.17, "LotDepth": 354.25, "BldgFront": 239.25, "BldgDepth": 250.42, "Ext": "N", "ProxCode": "0", "IrrLotCode": "Y", "LotType": "5", "BsmtCode": "0", "AssessLand": 432000.0, "AssessTot": 5966100.0, "ExemptTot": 5966100.0, "YearBuilt": 1969, "YearAlter1": 0, "YearAlter2": 0, "HistDist": null, "Landmark": null, "BuiltFAR": 3.09, "ResidFAR": 2.43, "CommFAR": 0.0, "FacilFAR": 4.8, "BoroCode": 2, "BBL": 2051350090.0, "CondoNo": 0, "Tract2010": "0302", "XCoord": 1033077, "YCoord": 253117, "ZoneMap": "4a", "ZMCode": "Y", "Sanborn": "218 055", "TaxMap": "21710", "EDesigNum": null, "APPBBL": 0.0, "APPDate": null, "PLUTOMapID": "1", "FIRM07_FLA": null, "PFIRM15_FL": null, "Version": "25v4", "DCPEdited": null, "Latitude": 40.8612874, "Longitude": -73.8234806, "Notes": null, "Shape_Leng": 0.0, "Shape_Area": 94855.059495900001 }, "geometry": { "type": "MultiPolygon", "coordinates": [ [ [ [ -73.823685518335083, 40.860705056210861 ], [ -73.824171990965255, 40.8615392894339 ], [ -73.824175420436134, 40.861550759779199 ], [ -73.82417131786184, 40.861564641815207 ], [ -73.824165949514665, 40.861570939747828 ], [ -73.824158066898747, 40.861577160058125 ], [ -73.824146081640222, 40.861584704115856 ], [ -73.823298061467668, 40.861852933736373 ], [ -73.823292433924209, 40.861853644658595 ], [ -73.823286717652948, 40.861853824965024 ], [ -73.823280403690035, 40.861853510933415 ], [ -73.823274290218961, 40.861852763102611 ], [ -73.823267953460288, 40.861851655699439 ], [ -73.823261879462734, 40.861849862527002 ], [ -73.823252581106928, 40.861846500241235 ], [ -73.823247111454577, 40.861843113207158 ], [ -73.823242800294949, 40.861839006640778 ], [ -73.823239683063036, 40.861835068555926 ], [ -73.823236959279157, 40.861830776192448 ], [ -73.822795000641719, 40.861035152162415 ], [ -73.822789433008168, 40.861018742946797 ], [ -73.822790187689634, 40.861010191241242 ], [ -73.822792802731854, 40.86100358110729 ], [ -73.822798879741256, 40.860995776876912 ], [ -73.822806424737678, 40.860992966327132 ], [ -73.823685518335083, 40.860705056210861 ] ] ] ] } },
{ "type": "Feature", "properties": { "Borough": "BX", "Block": 5135, "Lot": 121, "CD": 210, "BCT2020": "2030201", "BCTCB2020": "20302011007", "CT2010": "302", "CB2010": "3008", "SchoolDist": "11", "Council": 12, "ZipCode": 10475, "FireComp": "E066", "PolicePrct": 45, "HealthCent": 24, "HealthArea": 710, "Sanitboro": "2", "SanitDistr": "10", "SanitSub": "1D", "Address": "2233 HUNTER AVENUE", "ZoneDist1": "R3A", "ZoneDist2": null, "ZoneDist3": null, "ZoneDist4": null, "Overlay1": null, "Overlay2": null, "SPDist1": null, "SPDist2": null, "SPDist3": null, "LtdHeight": null, "SplitZone": "N", "BldgClass": "B1", "LandUse": "01", "Easements": 0, "OwnerType": null, "OwnerName": "JUAN A. LOPEZ", "LotArea": 4418, "BldgArea": 1900, "ComArea": 0, "ResArea": 1900, "OfficeArea": 0, "RetailArea": 0, "GarageArea": 0, "StrgeArea": 0, "FactryArea": 0, "OtherArea": 0, "AreaSource": "2", "NumBldgs": 1, "NumFloors": 2.0, "UnitsRes": 2, "UnitsTotal": 2, "LotFront": 46.5, "LotDepth": 95.0, "BldgFront": 25.0, "BldgDepth": 38.0, "Ext": "N", "ProxCode": "2", "IrrLotCode": "N", "LotType": "5", "BsmtCode": "2", "AssessLand": 13140.0, "AssessTot": 40500.0, "ExemptTot": 0.0, "YearBuilt": 2001, "YearAlter1": 0, "YearAlter2": 0, "HistDist": null, "Landmark": null, "BuiltFAR": 0.43, "ResidFAR": 0.75, "CommFAR": 0.0, "FacilFAR": 1.0, "BoroCode": 2, "BBL": 2051350121.0, "CondoNo": 0, "Tract2010": "0302", "XCoord": 1032836, "YCoord": 253043, "ZoneMap": "4a", "ZMCode": null, "Sanborn": "218 056", "TaxMap": "21710", "EDesigNum": null, "APPBBL": 2051350020.0, "APPDate": "01/30/2003", "PLUTOMapID": "1", "FIRM07_FLA": "1", "PFIRM15_FL": null, "Version": "25v4", "DCPEdited": null, "Latitude": 40.8610856, "Longitude": -73.8243524, "Notes": null, "Shape_Leng": 0.0, "Shape_Area": 4563.2808268999997 }, "geometry": { "type": "MultiPolygon", "coordinates": [ [ [ [ -73.824154647445994, 40.861081611680021 ], [ -73.824480507219519, 40.86097510371534 ], [ -73.824530535772752, 40.861065087837453 ], [ -73.824545880874936, 40.861092689682224 ], [ -73.824220021840986, 40.861199198752431 ], [ -73.824154647445994, 40.861081611680021 ] ] ] ] } },
{ "type": "Feature", "properties": { "Borough": "BX", "Block": 5135, "Lot": 178, "CD": 210, "BCT2020": "2030201", "BCTCB2020": "20302011001", "CT2010": "302", "CB2010": "3001", "SchoolDist": "11", "Council": 12, "ZipCode": 10475, "FireComp": "E066", "PolicePrct": 45, "HealthCent": 24, "HealthArea": 710, "Sanitboro": "2", "SanitDistr": "10", "SanitSub": "1D", "Address": "2305 HUNTER AVENUE", "ZoneDist1": "R6", "ZoneDist2": null, "ZoneDist3": null, "ZoneDist4": null, "Overlay1": null, "Overlay2": null, "SPDist1": null, "SPDist2": null, "SPDist3": null, "LtdHeight": null, "SplitZone": "N", "BldgClass": "N2", "LandUse": "08", "Easements": 0, "OwnerType": "X", "OwnerName": "AHRC NYC NEW PROJECT", "LotArea": 2375, "BldgArea": 3750, "ComArea": 3750, "ResArea": 0, "OfficeArea": 0, "RetailArea": 0, "GarageArea": 0, "StrgeArea": 0, "FactryArea": 0, "OtherArea": 3750, "AreaSource": "2", "NumBldgs": 1, "NumFloors": 3.0, "UnitsRes": 3, "UnitsTotal": 3, "LotFront": 25.0, "LotDepth": 95.0, "BldgFront": 25.0, "BldgDepth": 48.0, "Ext": "N", "ProxCode": "0", "IrrLotCode": "N", "LotType": "5", "BsmtCode": "0", "AssessLand": 38700.0, "AssessTot": 441000.0, "ExemptTot": 441000.0, "YearBuilt": 1999, "YearAlter1": 0, "YearAlter2": 0, "HistDist": null, "Landmark": null, "BuiltFAR": 1.58, "ResidFAR": 2.43, "CommFAR": 0.0, "FacilFAR": 4.8, "BoroCode": 2, "BBL": 2051350178.0000002, "CondoNo": 0, "Tract2010": "0302", "XCoord": 1032752, "YCoord": 253240, "ZoneMap": "4a", "ZMCode": null, "Sanborn": "218 056", "TaxMap": "21710", "EDesigNum": null, "APPBBL": 2051350077.9999998, "APPDate": "02/12/2001", "PLUTOMapID": "1", "FIRM07_FLA": "1", "PFIRM15_FL": null, "Version": "25v4", "DCPEdited": null, "Latitude": 40.8616267, "Longitude": -73.8246546, "Notes": null, "Shape_Leng": 0.0, "Shape_Area": 2676.1292113999998 }, "geometry": { "type": "MultiPolygon", "coordinates": [ [ [ [ -73.824468359914235, 40.861646978195274 ], [ -73.824798375671506, 40.861539997474672 ], [ -73.824836756245816, 40.861608020528671 ], [ -73.824506749695786, 40.861714998694367 ], [ -73.824468359914235, 40.861646978195274 ] ] ] ] } },
{ "type": "Feature", "properties": { "Borough": "BX", "Block": 5135, "Lot": 210, "CD": 210, "BCT2020": "2030202", "BCTCB2020": "20302024001", "CT2010": "302", "CB2010": "5002", "SchoolDist": "11", "Council": 12, "ZipCode": 10475, "FireComp": "E066", "PolicePrct": 45, "HealthCent": 24, "HealthArea": 710, "Sanitboro": "2", "SanitDistr": "10", "SanitSub": "1D", "Address": "121 EINSTEIN LOOP EAST", "ZoneDist1": "R6", "ZoneDist2": null, "ZoneDist3": null, "ZoneDist4": null, "Overlay1": "C2-3", "Overlay2": null, "SPDist1": null, "SPDist2": null, "SPDist3": null, "LtdHeight": null, "SplitZone": "N", "BldgClass": "K6", "LandUse": "05", "Easements": 1, "OwnerType": "X", "OwnerName": "RIVERBAY CORPORATION", "LotArea": 138305, "BldgArea": 435020, "ComArea": 435020, "ResArea": 0, "OfficeArea": 2000, "RetailArea": 136305, "GarageArea": 296715, "StrgeArea": 0, "FactryArea": 0, "OtherArea": 0, "AreaSource": "2", "NumBldgs": 2, "NumFloors": 2.0, "UnitsRes": 0, "UnitsTotal": 23, "LotFront": 321.39, "LotDepth": 542.48, "BldgFront": 321.0, "BldgDepth": 219.0, "Ext": "N", "ProxCode": "1", "IrrLotCode": "Y", "LotType": "5", "BsmtCode": "0", "AssessLand": 933750.0, "AssessTot": 22571550.0, "ExemptTot": 22571550.0, "YearBuilt": 1969, "YearAlter1": 2003, "YearAlter2": 0, "HistDist": null, "Landmark": null, "BuiltFAR": 3.15, "ResidFAR": 2.43, "CommFAR": 0.0, "FacilFAR": 4.8, "BoroCode": 2, "BBL": 2051350210.0000002, "CondoNo": 0, "Tract2010": "0302", "XCoord": 1033241, "YCoord": 254399, "ZoneMap": "4a", "ZMCode": "Y", "Sanborn": "218 055", "TaxMap": "21710", "EDesigNum": null, "APPBBL": 0.0, "APPDate": null, "PLUTOMapID": "1", "FIRM07_FLA": null, "PFIRM15_FL": null, "Version": "25v4", "DCPEdited": null, "Latitude": 40.8648051, "Longitude": -73.8228783, "Notes": null, "Shape_Leng": 0.0, "Shape_Area": 180961.46666100001 }, "geometry": { "type": "MultiPolygon", "coordinates": [ [ [ [ -73.824037272038652, 40.864826617352961 ], [ -73.823642627852465, 40.865279715603542 ], [ -73.82356165600396, 40.865306056319788 ], [ -73.823546659521497, 40.865310934683947 ], [ -73.82355089774947, 40.86531848912113 ], [ -73.82357360138711, 40.865358955094024 ], [ -73.823422623307948, 40.865527855269775 ], [ -73.823416253096497, 40.865531617688092 ], [ -73.823410602517825, 40.865533748606097 ], [ -73.823401624662267, 40.865535898769565 ], [ -73.823391185738444, 40.865537032666957 ], [ -73.823374828351447, 40.865537555066801 ], [ -73.823361077702017, 40.865536007723819 ], [ -73.823356174243784, 40.865535078123116 ], [ -73.82176917155995, 40.864872434542661 ], [ -73.821754572803286, 40.864862536295036 ], [ -73.821747158748749, 40.864847729765387 ], [ -73.82174623651602, 40.864835108823826 ], [ -73.82174948763641, 40.864823242662652 ], [ -73.82229647277255, 40.864072187550448 ], [ -73.822303541732154, 40.864064811707181 ], [ -73.822309075531081, 40.864061977426182 ], [ -73.822315178807727, 40.864060385772056 ], [ -73.822325602653805, 40.864059041213174 ], [ -73.822335141050999, 40.864059231431831 ], [ -73.822345245511286, 40.864060209667244 ], [ -73.822360260301707, 40.864064820825917 ], [ -73.824024600129519, 40.86477294751942 ], [ -73.824032953171155, 40.864778284904567 ], [ -73.824039972099996, 40.864786602689605 ], [ -73.824042902060725, 40.864797748009252 ], [ -73.824043279633457, 40.864807019154561 ], [ -73.824042372149165, 40.864816432399344 ], [ -73.824037272038652, 40.864826617352961 ] ] ] ] } },
{ "type": "Feature", "properties": { "Borough": "BX", "Block": 5141, "Lot": 1, "CD": 210, "BCT2020": "2046205", "BCTCB2020": "20462055006", "CT2010": "462.01", "CB2010": "1034", "SchoolDist": "11", "Council": 12, "ZipCode": 10475, "FireComp": "E066", "PolicePrct": 45, "HealthCent": 24, "HealthArea": 710, "Sanitboro": "2", "SanitDistr": "10", "SanitSub": null, "Address": "250 BAYCHESTER AVENUE", "ZoneDist1": "C4-3", "ZoneDist2": null, "ZoneDist3": null, "ZoneDist4": null, "Overlay1": null, "Overlay2": null, "SPDist1": null, "SPDist2": null, "SPDist3": null, "LtdHeight": null, "SplitZone": "N", "BldgClass": "K6", "LandUse": "05", "Easements": 0, "OwnerType": null, "OwnerName": "MALL 1 BAY PLAZA, LLC", "LotArea": 60225, "BldgArea": 159856, "ComArea": 159856, "ResArea": 0, "OfficeArea": 0, "RetailArea": 159856, "GarageArea": 0, "StrgeArea": 0, "FactryArea": 0, "OtherArea": 0, "AreaSource": "2", "NumBldgs": 1, "NumFloors": 3.0, "UnitsRes": 0, "UnitsTotal": 1, "LotFront": 220.0, "LotDepth": 226.0, "BldgFront": 0.0, "BldgDepth": 0.0, "Ext": null, "ProxCode": "3", "IrrLotCode": "Y", "LotType": "5", "BsmtCode": "0", "AssessLand": 1084050.0, "AssessTot": 15875550.0, "ExemptTot": 0.0, "YearBuilt": 2013, "YearAlter1": 0, "YearAlter2": 0, "HistDist": null, "Landmark": null, "BuiltFAR": 2.65, "ResidFAR": 2.43, "CommFAR": 3.4, "FacilFAR": 4.8, "BoroCode": 2, "BBL": 2051410001.0, "CondoNo": 0, "Tract2010": "046201", "XCoord": 1031799, "YCoord": 253701, "ZoneMap": "4a", "ZMCode": null, "Sanborn": "218 055", "TaxMap": "21710", "EDesigNum": null, "APPBBL": 2051410002.9999998, "APPDate": "08/07/2012", "PLUTOMapID": "1", "FIRM07_FLA": "1", "PFIRM15_FL": null, "Version": "25v4", "DCPEdited": null, "Latitude": 40.8628972, "Longitude": -73.8280967, "Notes": null, "Shape_Leng": 0.0, "Shape_Area": 55974.030037199998 }, "geometry": { "type": "MultiPolygon", "coordinates": [ [ [ [ -73.827451044145462, 40.862913981996499 ], [ -73.827642379752547, 40.86270177177839 ], [ -73.828081259275052, 40.862568180874042 ], [ -73.828176889427496, 40.862462114793033 ], [ -73.828555141325879, 40.862763910904889 ], [ -73.828636169453119, 40.862918505543448 ], [ -73.828249240255701, 40.86334248672199 ], [ -73.827451044145462, 40.862913981996499 ] ] ] ] } },
{ "type": "Feature", "properties": { "Borough": "BX", "Block": 5141, "Lot": 6, "CD": 210, "BCT2020": "2046205", "BCTCB2020": "20462055006", "CT2010": "462.01", "CB2010": "1034", "SchoolDist": "11", "Council": 12, "ZipCode": 10475, "FireComp": "E066", "PolicePrct": 45, "HealthCent": 24, "HealthArea": 710, "Sanitboro": "2", "SanitDistr": "10", "SanitSub": null, "Address": "200 BAYCHESTER AVENUE", "ZoneDist1": "C4-3", "ZoneDist2": null, "ZoneDist3": null, "ZoneDist4": null, "Overlay1": null, "Overlay2": null, "SPDist1": null, "SPDist2": null, "SPDist3": null, "LtdHeight": null, "SplitZone": "N", "BldgClass": "K6", "LandUse": "05", "Easements": 0, "OwnerType": null, "OwnerName": "MALL 1 BAY PLAZA, LLC", "LotArea": 225792, "BldgArea": 552155, "ComArea": 542155, "ResArea": 0, "OfficeArea": 0, "RetailArea": 542155, "GarageArea": 0, "StrgeArea": 0, "FactryArea": 0, "OtherArea": 0, "AreaSource": "2", "NumBldgs": 2, "NumFloors": 4.0, "UnitsRes": 0, "UnitsTotal": 86, "LotFront": 581.5, "LotDepth": 454.0, "BldgFront": 252.0, "BldgDepth": 436.0, "Ext": null, "ProxCode": "3", "IrrLotCode": "Y", "LotType": "5", "BsmtCode": "0", "AssessLand": 9998100.0, "AssessTot": 88024950.0, "ExemptTot": 0.0, "YearBuilt": 2012, "YearAlter1": 0, "YearAlter2": 0, "HistDist": null, "Landmark": null, "BuiltFAR": 2.45, "ResidFAR": 2.43, "CommFAR": 3.4, "FacilFAR": 4.8, "BoroCode": 2, "BBL": 2051410006.0, "CondoNo": 0, "Tract2010": "046201", "XCoord": 1031986, "YCoord": 254093, "ZoneMap": "4a", "ZMCode": null, "Sanborn": "222 081", "TaxMap": "21710", "EDesigNum": null, "APPBBL": 2051410006.0, "APPDate": "08/15/2025", "PLUTOMapID": "1", "FIRM07_FLA": "1", "PFIRM15_FL": null, "Version": "25v4", "DCPEdited": null, "Latitude": 40.8639721, "Longitude": -73.8274178, "Notes": null, "Shape_Leng": 0.0, "Shape_Area": 225955.10554799999 }, "geometry": { "type": "MultiPolygon", "coordinates": [ [ [ [ -73.8273358257523, 40.864559658715194 ], [ -73.827202487411071, 40.8644880795989 ], [ -73.82705119180055, 40.864653854885525 ], [ -73.826307310101825, 40.864254515114062 ], [ -73.826240891714562, 40.864218859920058 ], [ -73.827428403128621, 40.862901828359753 ], [ -73.827451044145462, 40.862913981996499 ], [ -73.828249240255701, 40.86334248672199 ], [ -73.827718266216237, 40.863924295955705 ], [ -73.827851602767765, 40.86399587540128 ], [ -73.828258238238988, 40.864209853772728 ], [ -73.828076529971113, 40.864408956427781 ], [ -73.828433087702066, 40.864596577619714 ], [ -73.828094897609844, 40.864967143271976 ], [ -73.827740654942602, 40.86477698061038 ], [ -73.8273358257523, 40.864559658715194 ] ] ] ] } },
{ "type": "Feature", "properties": { "Borough": "BX", "Block": 5141, "Lot": 9, "CD": 210, "BCT2020": "2046205", "BCTCB2020": "20462055006", "CT2010": "462.01", "CB2010": "1034", "SchoolDist": "11", "Council": 12, "ZipCode": 10475, "FireComp": "E066", "PolicePrct": 45, "HealthCent": 24, "HealthArea": 710, "Sanitboro": "2", "SanitDistr": "10", "SanitSub": null, "Address": "260 BAYCHESTER AVENUE", "ZoneDist1": "C4-3", "ZoneDist2": null, "ZoneDist3": null, "ZoneDist4": null, "Overlay1": null, "Overlay2": null, "SPDist1": null, "SPDist2": null, "SPDist3": null, "LtdHeight": null, "SplitZone": "N", "BldgClass": "G1", "LandUse": "10", "Easements": 0, "OwnerType": null, "OwnerName": "MALL 1 BAY PLAZA, LLC", "LotArea": 105704, "BldgArea": 419742, "ComArea": 419742, "ResArea": 0, "OfficeArea": 0, "RetailArea": 0, "GarageArea": 419742, "StrgeArea": 0, "FactryArea": 0, "OtherArea": 0, "AreaSource": "2", "NumBldgs": 1, "NumFloors": 3.0, "UnitsRes": 0, "UnitsTotal": 1, "LotFront": 273.1, "LotDepth": 411.7, "BldgFront": 0.0, "BldgDepth": 0.0, "Ext": null, "ProxCode": "1", "IrrLotCode": "Y", "LotType": "5", "BsmtCode": "0", "AssessLand": 1189350.0, "AssessTot": 15055650.0, "ExemptTot": 0.0, "YearBuilt": 2013, "YearAlter1": 0, "YearAlter2": 0, "HistDist": null, "Landmark": null, "BuiltFAR": 3.97, "ResidFAR": 2.43, "CommFAR": 3.4, "FacilFAR": 4.8, "BoroCode": 2, "BBL": 2051410009.0, "CondoNo": 0, "Tract2010": "046201", "XCoord": 1031650, "YCoord": 254017, "ZoneMap": "4a", "ZMCode": null, "Sanborn": "222 081", "TaxMap": "21710", "EDesigNum": null, "APPBBL": 2051410002.9999998, "APPDate": "08/07/2012", "PLUTOMapID": "1", "FIRM07_FLA": "1", "PFIRM15_FL": null, "Version": "25v4", "DCPEdited": null, "Latitude": 40.8637654, "Longitude": -73.8286331, "Notes": null, "Shape_Leng": 0.0, "Shape_Area": 103410.97307399999 }, "geometry": { "type": "MultiPolygon", "coordinates": [ [ [ [ -73.828614792984155, 40.864397477083813 ], [ -73.828258238238988, 40.864209853772728 ], [ -73.827851602767765, 40.86399587540128 ], [ -73.828699029801612, 40.863067309946381 ], [ -73.829076287410203, 40.863288425927379 ], [ -73.82928480053873, 40.863735600808418 ], [ -73.829264424798424, 40.863757927112445 ], [ -73.8286590720964, 40.864421246554748 ], [ -73.828614792984155, 40.864397477083813 ] ] ] ] } },
{ "type": "Feature", "properties": { "Borough": "BX", "Block": 5141, "Lot": 10, "CD": 210, "BCT2020": "2046205", "BCTCB2020": "20462055006", "CT2010": "462.01", "CB2010": "1034", "SchoolDist": "11", "Council": 12, "ZipCode": 10475, "FireComp": "E066", "PolicePrct": 45, "HealthCent": 24, "HealthArea": 710, "Sanitboro": null, "SanitDistr": null, "SanitSub": null, "Address": "BAYCHESTER AVENUE", "ZoneDist1": "C4-3", "ZoneDist2": null, "ZoneDist3": null, "ZoneDist4": null, "Overlay1": null, "Overlay2": null, "SPDist1": null, "SPDist2": null, "SPDist3": null, "LtdHeight": null, "SplitZone": "N", "BldgClass": "Z9", "LandUse": null, "Easements": 0, "OwnerType": null, "OwnerName": "PRESTIGE BAY PLAZA DEVELOPMENT CORP.", "LotArea": 105613, "BldgArea": 0, "ComArea": 0, "ResArea": 0, "OfficeArea": 0, "RetailArea": 0, "GarageArea": 0, "StrgeArea": 0, "FactryArea": 0, "OtherArea": 0, "AreaSource": "7", "NumBldgs": 1, "NumFloors": 0.0, "UnitsRes": 0, "UnitsTotal": 0, "LotFront": 437.71, "LotDepth": 486.03, "BldgFront": 0.0, "BldgDepth": 0.0, "Ext": null, "ProxCode": "0", "IrrLotCode": "Y", "LotType": "5", "BsmtCode": "5", "AssessLand": 2939400.0, "AssessTot": 3120750.0, "ExemptTot": 0.0, "YearBuilt": 0, "YearAlter1": 0, "YearAlter2": 0, "HistDist": null, "Landmark": null, "BuiltFAR": 0.0, "ResidFAR": 2.43, "CommFAR": 3.4, "FacilFAR": 4.8, "BoroCode": 2, "BBL": 2051410010.0, "CondoNo": 0, "Tract2010": "046201", "XCoord": 1031507, "YCoord": 254335, "ZoneMap": "4a", "ZMCode": null, "Sanborn": "222 081", "TaxMap": "21710", "EDesigNum": null, "APPBBL": 2051410002.9999998, "APPDate": "12/02/1996", "PLUTOMapID": "1", "FIRM07_FLA": null, "PFIRM15_FL": null, "Version": "25v4", "DCPEdited": null, "Latitude": 40.8646389, "Longitude": -73.8291479, "Notes": null, "Shape_Leng": 0.0, "Shape_Area": 103470.957855 }, "geometry": { "type": "MultiPolygon", "coordinates": [ [ [ [ -73.828353173458268, 40.864888334313335 ], [ -73.829331132459359, 40.863816737175171 ], [ -73.82983867753137, 40.864945886592608 ], [ -73.828883804172122, 40.86518177797636 ], [ -73.828353173458268, 40.864888334313335 ] ] ] ] } },
{ "type": "Feature", "properties": { "Borough": "BX", "Block": 5141, "Lot": 11, "CD": 210, "BCT2020": "2046205", "BCTCB2020": "20462055006", "CT2010": "462.01", "CB2010": "1034", "SchoolDist": "11", "Council": 12, "ZipCode": 10475, "FireComp": "E066", "PolicePrct": 45, "HealthCent": 24, "HealthArea": 710, "Sanitboro": "2", "SanitDistr": "10", "SanitSub": null, "Address": "270 BAYCHESTER AVENUE", "ZoneDist1": "C4-3", "ZoneDist2": null, "ZoneDist3": null, "ZoneDist4": null, "Overlay1": null, "Overlay2": null, "SPDist1": null, "SPDist2": null, "SPDist3": null, "LtdHeight": null, "SplitZone": "N", "BldgClass": "K1", "LandUse": "05", "Easements": 0, "OwnerType": null, "OwnerName": "MALL 1 BAY PLAZA, LLC", "LotArea": 10590, "BldgArea": 6614, "ComArea": 6614, "ResArea": 0, "OfficeArea": 0, "RetailArea": 6614, "GarageArea": 0, "StrgeArea": 0, "FactryArea": 0, "OtherArea": 0, "AreaSource": "2", "NumBldgs": 1, "NumFloors": 1.0, "UnitsRes": 0, "UnitsTotal": 1, "LotFront": 88.3, "LotDepth": 120.0, "BldgFront": 0.0, "BldgDepth": 0.0, "Ext": null, "ProxCode": "1", "IrrLotCode": "N", "LotType": "5", "BsmtCode": "0", "AssessLand": 190800.0, "AssessTot": 1511100.0, "ExemptTot": 0.0, "YearBuilt": 2013, "YearAlter1": 0, "YearAlter2": 0, "HistDist": null, "Landmark": null, "BuiltFAR": 0.62, "ResidFAR": 2.43, "CommFAR": 3.4, "FacilFAR": 4.8, "BoroCode": 2, "BBL": 2051410011.0, "CondoNo": 0, "Tract2010": "046201", "XCoord": 1031729, "YCoord": 254249, "ZoneMap": "4a", "ZMCode": null, "Sanborn": "222 081", "TaxMap": "21710", "EDesigNum": null, "APPBBL": 2051410002.9999998, "APPDate": "08/07/2012", "PLUTOMapID": "1", "FIRM07_FLA": null, "PFIRM15_FL": null, "Version": "25v4", "DCPEdited": null, "Latitude": 40.8644017, "Longitude": -73.8283459, "Notes": null, "Shape_Leng": 0.0, "Shape_Area": 10589.7628602 }, "geometry": { "type": "MultiPolygon", "coordinates": [ [ [ [ -73.828076529971113, 40.864408956427781 ], [ -73.828258238238988, 40.864209853772728 ], [ -73.828614792984155, 40.864397477083813 ], [ -73.828433087702066, 40.864596577619714 ], [ -73.828076529971113, 40.864408956427781 ] ] ] ] } },
{ "type": "Feature", "properties": { "Borough": "BX", "Block": 5141, "Lot": 15, "CD": 210, "BCT2020": "2046205", "BCTCB2020": "20462055006", "CT2010": "462.01", "CB2010": "1034", "SchoolDist": "11", "Council": 12, "ZipCode": 10475, "FireComp": "E066", "PolicePrct": 45, "HealthCent": 24, "HealthArea": 710, "Sanitboro": "2", "SanitDistr": "10", "SanitSub": null, "Address": "280 BAYCHESTER AVENUE", "ZoneDist1": "C4-3", "ZoneDist2": null, "ZoneDist3": null, "ZoneDist4": null, "Overlay1": null, "Overlay2": null, "SPDist1": null, "SPDist2": null, "SPDist3": null, "LtdHeight": null, "SplitZone": "N", "BldgClass": "G1", "LandUse": "10", "Easements": 0, "OwnerType": null, "OwnerName": "MALL 1 BAY PLAZA, LLC", "LotArea": 102908, "BldgArea": 363140, "ComArea": 363140, "ResArea": 0, "OfficeArea": 0, "RetailArea": 0, "GarageArea": 363140, "StrgeArea": 0, "FactryArea": 0, "OtherArea": 0, "AreaSource": "2", "NumBldgs": 1, "NumFloors": 3.0, "UnitsRes": 0, "UnitsTotal": 1, "LotFront": 397.7, "LotDepth": 258.1, "BldgFront": 0.0, "BldgDepth": 0.0, "Ext": null, "ProxCode": "1", "IrrLotCode": "N", "LotType": "5", "BsmtCode": "0", "AssessLand": 1157850.0, "AssessTot": 14282550.0, "ExemptTot": 0.0, "YearBuilt": 2013, "YearAlter1": 0, "YearAlter2": 0, "HistDist": null, "Landmark": null, "BuiltFAR": 3.53, "ResidFAR": 2.43, "CommFAR": 3.4, "FacilFAR": 4.8, "BoroCode": 2, "BBL": 2051410015.0, "CondoNo": 0, "Tract2010": "046201", "XCoord": 1032016, "YCoord": 254544, "ZoneMap": "4a", "ZMCode": null, "Sanborn": "222 081", "TaxMap": "21710", "EDesigNum": null, "APPBBL": 2051410002.9999998, "APPDate": "08/07/2012", "PLUTOMapID": "1", "FIRM07_FLA": null, "PFIRM15_FL": null, "Version": "25v4", "DCPEdited": null, "Latitude": 40.8652098, "Longitude": -73.8273061, "Notes": null, "Shape_Leng": 0.0, "Shape_Area": 102230.20796099999 }, "geometry": { "type": "MultiPolygon", "coordinates": [ [ [ [ -73.82651718977462, 40.865456628407628 ], [ -73.826550712741138, 40.865419899179464 ], [ -73.826637174659737, 40.865325163253956 ], [ -73.8273358257523, 40.864559658715194 ], [ -73.827740654942602, 40.86477698061038 ], [ -73.828094897609844, 40.864967143271976 ], [ -73.827706814762109, 40.865392369716922 ], [ -73.82761920749769, 40.865488360865669 ], [ -73.827276265644187, 40.865864118199106 ], [ -73.82651718977462, 40.865456628407628 ] ] ] ] } },
{ "type": "Feature", "properties": { "Borough": "BX", "Block": 5141, "Lot": 20, "CD": 210, "BCT2020": "2046205", "BCTCB2020": "20462055006", "CT2010": "462.01", "CB2010": "1034", "SchoolDist": "11", "Council": 12, "ZipCode": 10475, "FireComp": "E066", "PolicePrct": 45, "HealthCent": 24, "HealthArea": 710, "Sanitboro": "2", "SanitDistr": "10", "SanitSub": "1E", "Address": "300 BAYCHESTER AVENUE", "ZoneDist1": "C4-3", "ZoneDist2": null, "ZoneDist3": null, "ZoneDist4": null, "Overlay1": null, "Overlay2": null, "SPDist1": null, "SPDist2": null, "SPDist3": null, "LtdHeight": null, "SplitZone": "N", "BldgClass": "K1", "LandUse": "05", "Easements": 0, "OwnerType": null, "OwnerName": "TROY CMBS PROPERTY,", "LotArea": 427032, "BldgArea": 134100, "ComArea": 134100, "ResArea": 0, "OfficeArea": 0, "RetailArea": 134100, "GarageArea": 0, "StrgeArea": 0, "FactryArea": 0, "OtherArea": 0, "AreaSource": "2", "NumBldgs": 2, "NumFloors": 1.0, "UnitsRes": 0, "UnitsTotal": 1, "LotFront": 250.57, "LotDepth": 1002.0, "BldgFront": 1000.0, "BldgDepth": 134.1, "Ext": "N", "ProxCode": "0", "IrrLotCode": "Y", "LotType": "5", "BsmtCode": "0", "AssessLand": 2497950.0, "AssessTot": 6256800.0, "ExemptTot": 0.0, "YearBuilt": 1994, "YearAlter1": 0, "YearAlter2": 0, "HistDist": null, "Landmark": null, "BuiltFAR": 0.31, "ResidFAR": 2.43, "CommFAR": 3.4, "FacilFAR": 4.8, "BoroCode": 2, "BBL": 2051410020.0, "CondoNo": 0, "Tract2010": "046201", "XCoord": 1031574, "YCoord": 254867, "ZoneMap": "4a", "ZMCode": null, "Sanborn": "222 081", "TaxMap": "21710", "EDesigNum": null, "APPBBL": 2051410002.9999998, "APPDate": "09/10/1993", "PLUTOMapID": "1", "FIRM07_FLA": null, "PFIRM15_FL": null, "Version": "25v4", "DCPEdited": null, "Latitude": 40.8660987, "Longitude": -73.8289019, "Notes": null, "Shape_Leng": 0.0, "Shape_Area": 423436.38640800002 }, "geometry": { "type": "MultiPolygon", "coordinates": [ [ [ [ -73.828348311137646, 40.866876309645065 ], [ -73.828196122228547, 40.866794615394383 ], [ -73.827133828569842, 40.866224369960456 ], [ -73.827795495897718, 40.865499388919829 ], [ -73.827883062473518, 40.865403442585823 ], [ -73.828353173458268, 40.864888334313335 ], [ -73.828883804172122, 40.86518177797636 ], [ -73.82983867753137, 40.864945886592608 ], [ -73.829904071540497, 40.865091368499165 ], [ -73.829374970964821, 40.865222078223582 ], [ -73.829367976732868, 40.865223739205341 ], [ -73.829361053159914, 40.8652255623389 ], [ -73.829354206326926, 40.865227541357726 ], [ -73.829347438542655, 40.865229678106665 ], [ -73.829340759399813, 40.86523196900216 ], [ -73.829334178272774, 40.865234412217902 ], [ -73.829327693956657, 40.865237004991947 ], [ -73.829321317254582, 40.865239745665065 ], [ -73.829315050487139, 40.86524263148312 ], [ -73.829308904349347, 40.865245660617873 ], [ -73.829302880065072, 40.86524882771959 ], [ -73.829296985900086, 40.86525213372061 ], [ -73.829291225392708, 40.865255572266811 ], [ -73.829285605713963, 40.865259141612469 ], [ -73.82928012918272, 40.865262839000835 ], [ -73.82927480297279, 40.865266660928462 ], [ -73.829269631945877, 40.86527060196596 ], [ -73.829264620623505, 40.86527466027723 ], [ -73.829259771550412, 40.865278833107169 ], [ -73.829255093113844, 40.865283114360196 ], [ -73.829250585106251, 40.865287500271911 ], [ -73.829246255907563, 40.865291988260829 ], [ -73.829242106852135, 40.86529657364477 ], [ -73.829238142575676, 40.865301253082791 ], [ -73.829230781425011, 40.865310872896401 ], [ -73.829227390631004, 40.865315805331512 ], [ -73.829224199984367, 40.865320812686967 ], [ -73.829221209712259, 40.86532589245418 ], [ -73.829218422036647, 40.86533103735573 ], [ -73.829215840712934, 40.865336243801998 ], [ -73.829213469058928, 40.865341508116295 ], [ -73.829213126203541, 40.865343835415018 ], [ -73.829212620402785, 40.86534726375654 ], [ -73.829213118789312, 40.865353199585456 ], [ -73.82921513374967, 40.865360239949503 ], [ -73.829217303358774, 40.865364347632941 ], [ -73.829330986096906, 40.86542808173806 ], [ -73.829566283483175, 40.865560000860363 ], [ -73.829384792052579, 40.865760195419917 ], [ -73.830446101743362, 40.866297185175938 ], [ -73.83069202031389, 40.866844250748244 ], [ -73.829939772065501, 40.867040460038631 ], [ -73.829611209377418, 40.867126159176415 ], [ -73.828589578651304, 40.866608728147035 ], [ -73.828348311137646, 40.866876309645065 ] ] ] ] } },
{ "type": "Feature", "properties": { "Borough": "BX", "Block": 5141, "Lot": 25, "CD": 210, "BCT2020": "2046205", "BCTCB2020": "20462055006", "CT2010": "462.01", "CB2010": "1034", "SchoolDist": "11", "Council": 12, "ZipCode": 10475, "FireComp": "E066", "PolicePrct": 45, "HealthCent": 24, "HealthArea": 710, "Sanitboro": "2", "SanitDistr": "10", "SanitSub": "1E", "Address": "290 BAYCHESTER AVENUE", "ZoneDist1": "C4-3", "ZoneDist2": null, "ZoneDist3": null, "ZoneDist4": null, "Overlay1": null, "Overlay2": null, "SPDist1": null, "SPDist2": null, "SPDist3": null, "LtdHeight": null, "SplitZone": "N", "BldgClass": "K1", "LandUse": "05", "Easements": 0, "OwnerType": null, "OwnerName": "B&N1 -  BAY PLAZA,", "LotArea": 61768, "BldgArea": 25000, "ComArea": 25000, "ResArea": 0, "OfficeArea": 0, "RetailArea": 25000, "GarageArea": 0, "StrgeArea": 0, "FactryArea": 0, "OtherArea": 0, "AreaSource": "2", "NumBldgs": 1, "NumFloors": 1.0, "UnitsRes": 0, "UnitsTotal": 1, "LotFront": 461.5, "LotDepth": 140.0, "BldgFront": 130.0, "BldgDepth": 220.0, "Ext": "N", "ProxCode": "0", "IrrLotCode": "Y", "LotType": "5", "BsmtCode": "0", "AssessLand": 611550.0, "AssessTot": 2114550.0, "ExemptTot": 0.0, "YearBuilt": 1999, "YearAlter1": 0, "YearAlter2": 0, "HistDist": null, "Landmark": null, "BuiltFAR": 0.4, "ResidFAR": 2.43, "CommFAR": 3.4, "FacilFAR": 4.8, "BoroCode": 2, "BBL": 2051410025.0, "CondoNo": 0, "Tract2010": "046201", "XCoord": 1031317, "YCoord": 254694, "ZoneMap": "4a", "ZMCode": null, "Sanborn": "222 081", "TaxMap": "21710", "EDesigNum": null, "APPBBL": 2051410002.9999998, "APPDate": "09/10/1993", "PLUTOMapID": "1", "FIRM07_FLA": null, "PFIRM15_FL": null, "Version": "25v4", "DCPEdited": null, "Latitude": 40.8656253, "Longitude": -73.8298323, "Notes": null, "Shape_Leng": 0.0, "Shape_Area": 63798.596552499999 }, "geometry": { "type": "MultiPolygon", "coordinates": [ [ [ [ -73.829374970964821, 40.865222078223582 ], [ -73.829904071540497, 40.865091368499165 ], [ -73.829913892778961, 40.865113218192803 ], [ -73.829965380129195, 40.865227761081599 ], [ -73.830446101743362, 40.866297185175938 ], [ -73.829384792052579, 40.865760195419917 ], [ -73.829566283483175, 40.865560000860363 ], [ -73.829330986096906, 40.86542808173806 ], [ -73.829217303358774, 40.865364347632941 ], [ -73.82921513374967, 40.865360239949503 ], [ -73.829213118789312, 40.865353199585456 ], [ -73.829212620402785, 40.86534726375654 ], [ -73.829213126203541, 40.865343835415018 ], [ -73.829213469058928, 40.865341508116295 ], [ -73.829215840712934, 40.865336243801998 ], [ -73.829218422036647, 40.86533103735573 ], [ -73.829221209712259, 40.86532589245418 ], [ -73.829224199984367, 40.865320812686967 ], [ -73.829227390631004, 40.865315805331512 ], [ -73.829230781425011, 40.865310872896401 ], [ -73.829238142575676, 40.865301253082791 ], [ -73.829242106852135, 40.86529657364477 ], [ -73.829246255907563, 40.865291988260829 ], [ -73.829250585106251, 40.865287500271911 ], [ -73.829255093113844, 40.865283114360196 ], [ -73.829259771550412, 40.865278833107169 ], [ -73.829264620623505, 40.86527466027723 ], [ -73.829269631945877, 40.86527060196596 ], [ -73.82927480297279, 40.865266660928462 ], [ -73.82928012918272, 40.865262839000835 ], [ -73.829285605713963, 40.865259141612469 ], [ -73.829291225392708, 40.865255572266811 ], [ -73.829296985900086, 40.86525213372061 ], [ -73.829302880065072, 40.86524882771959 ], [ -73.829308904349347, 40.865245660617873 ], [ -73.829315050487139, 40.86524263148312 ], [ -73.829321317254582, 40.865239745665065 ], [ -73.829327693956657, 40.865237004991947 ], [ -73.829334178272774, 40.865234412217902 ], [ -73.829340759399813, 40.86523196900216 ], [ -73.829347438542655, 40.865229678106665 ], [ -73.829354206326926, 40.865227541357726 ], [ -73.829361053159914, 40.8652255623389 ], [ -73.829367976732868, 40.865223739205341 ], [ -73.829374970964821, 40.865222078223582 ] ] ] ] } },
{ "type": "Feature", "properties": { "Borough": "BX", "Block": 5141, "Lot": 29, "CD": 210, "BCT2020": "2046205", "BCTCB2020": "20462055006", "CT2010": "462.01", "CB2010": "1034", "SchoolDist": "11", "Council": 12, "ZipCode": 10475, "FireComp": "E066", "PolicePrct": 45, "HealthCent": 24, "HealthArea": 710, "Sanitboro": "2", "SanitDistr": "10", "SanitSub": "1E", "Address": "308 BAYCHESTER AVENUE", "ZoneDist1": "C4-3", "ZoneDist2": null, "ZoneDist3": null, "ZoneDist4": null, "Overlay1": null, "Overlay2": null, "SPDist1": null, "SPDist2": null, "SPDist3": null, "LtdHeight": null, "SplitZone": "N", "BldgClass": "K1", "LandUse": "05", "Easements": 0, "OwnerType": null, "OwnerName": "PC1-BAY PLAZA, LLC", "LotArea": 26880, "BldgArea": 10200, "ComArea": 10200, "ResArea": 0, "OfficeArea": 0, "RetailArea": 10200, "GarageArea": 0, "StrgeArea": 0, "FactryArea": 0, "OtherArea": 0, "AreaSource": "2", "NumBldgs": 1, "NumFloors": 1.0, "UnitsRes": 0, "UnitsTotal": 1, "LotFront": 258.83, "LotDepth": 340.25, "BldgFront": 70.0, "BldgDepth": 140.0, "Ext": "N", "ProxCode": "2", "IrrLotCode": "Y", "LotType": "5", "BsmtCode": "0", "AssessLand": 338850.0, "AssessTot": 2113200.0, "ExemptTot": 0.0, "YearBuilt": 1998, "YearAlter1": 0, "YearAlter2": 0, "HistDist": null, "Landmark": null, "BuiltFAR": 0.38, "ResidFAR": 2.43, "CommFAR": 3.4, "FacilFAR": 4.8, "BoroCode": 2, "BBL": 2051410029.0000002, "CondoNo": 0, "Tract2010": "046201", "XCoord": 1031585, "YCoord": 255163, "ZoneMap": "4a", "ZMCode": null, "Sanborn": "222 081", "TaxMap": "21710", "EDesigNum": null, "APPBBL": 2051410002.9999998, "APPDate": "09/10/1993", "PLUTOMapID": "1", "FIRM07_FLA": null, "PFIRM15_FL": null, "Version": "25v4", "DCPEdited": null, "Latitude": 40.8669111, "Longitude": -73.82886, "Notes": null, "Shape_Leng": 0.0, "Shape_Area": 27502.834808799998 }, "geometry": { "type": "MultiPolygon", "coordinates": [ [ [ [ -73.828348311137646, 40.866876309645065 ], [ -73.828589578651304, 40.866608728147035 ], [ -73.829611209377418, 40.867126159176415 ], [ -73.82960565426248, 40.867125766384241 ], [ -73.82869321830259, 40.867061451593223 ], [ -73.828348311137646, 40.866876309645065 ] ] ] ] } },
{ "type": "Feature", "properties": { "Borough": "BX", "Block": 5141, "Lot": 30, "CD": 210, "BCT2020": "2046205", "BCTCB2020": "20462055006", "CT2010": "462.01", "CB2010": "1034", "SchoolDist": "11", "Council": 12, "ZipCode": 10475, "FireComp": "E066", "PolicePrct": 45, "HealthCent": 24, "HealthArea": 710, "Sanitboro": null, "SanitDistr": null, "SanitSub": null, "Address": "BAYCHESTER AVENUE", "ZoneDist1": "C4-3", "ZoneDist2": null, "ZoneDist3": null, "ZoneDist4": null, "Overlay1": null, "Overlay2": null, "SPDist1": null, "SPDist2": null, "SPDist3": null, "LtdHeight": null, "SplitZone": "N", "BldgClass": "V1", "LandUse": "11", "Easements": 0, "OwnerType": null, "OwnerName": "D1 BAY PLAZA LLC", "LotArea": 10560, "BldgArea": 0, "ComArea": 0, "ResArea": 0, "OfficeArea": 0, "RetailArea": 0, "GarageArea": 0, "StrgeArea": 0, "FactryArea": 0, "OtherArea": 0, "AreaSource": "7", "NumBldgs": 0, "NumFloors": 0.0, "UnitsRes": 0, "UnitsTotal": 0, "LotFront": 48.0, "LotDepth": 220.0, "BldgFront": 0.0, "BldgDepth": 0.0, "Ext": null, "ProxCode": "0", "IrrLotCode": "Y", "LotType": "5", "BsmtCode": "5", "AssessLand": 697050.0, "AssessTot": 697050.0, "ExemptTot": 0.0, "YearBuilt": 0, "YearAlter1": 0, "YearAlter2": 0, "HistDist": null, "Landmark": null, "BuiltFAR": 0.0, "ResidFAR": 2.43, "CommFAR": 3.4, "FacilFAR": 4.8, "BoroCode": 2, "BBL": 2051410029.9999998, "CondoNo": 0, "Tract2010": "046201", "XCoord": 1031174, "YCoord": 255198, "ZoneMap": "4a", "ZMCode": null, "Sanborn": "222 081", "TaxMap": "21710", "EDesigNum": null, "APPBBL": 2051410029.9999998, "APPDate": "03/01/2000", "PLUTOMapID": "1", "FIRM07_FLA": null, "PFIRM15_FL": null, "Version": "25v4", "DCPEdited": null, "Latitude": 40.8670094, "Longitude": -73.8303457, "Notes": null, "Shape_Leng": 0.0, "Shape_Area": 11606.185247 }, "geometry": { "type": "MultiPolygon", "coordinates": [ [ [ [ -73.829939772065501, 40.867040460038631 ], [ -73.83069202031389, 40.866844250748244 ], [ -73.830752832051687, 40.86697908156529 ], [ -73.830422024175348, 40.867067497368531 ], [ -73.830002545233043, 40.867179607504482 ], [ -73.829939772065501, 40.867040460038631 ] ] ] ] } },
{ "type": "Feature", "properties": { "Borough": "BX", "Block": 5141, "Lot": 31, "CD": 210, "BCT2020": "2046205", "BCTCB2020": "20462055005", "CT2010": "462.01", "CB2010": "1023", "SchoolDist": "11", "Council": 12, "ZipCode": 10475, "FireComp": "E066", "PolicePrct": 45, "HealthCent": 24, "HealthArea": 710, "Sanitboro": "2", "SanitDistr": "10", "SanitSub": null, "Address": "344 BAYCHESTER AVENUE", "ZoneDist1": "C4-3", "ZoneDist2": null, "ZoneDist3": null, "ZoneDist4": null, "Overlay1": null, "Overlay2": null, "SPDist1": null, "SPDist2": null, "SPDist3": null, "LtdHeight": null, "SplitZone": "N", "BldgClass": "K5", "LandUse": "05", "Easements": 0, "OwnerType": null, "OwnerName": "UNAVAILABLE OWNER", "LotArea": 14259, "BldgArea": 2500, "ComArea": 2500, "ResArea": 0, "OfficeArea": 0, "RetailArea": 2500, "GarageArea": 0, "StrgeArea": 0, "FactryArea": 0, "OtherArea": 0, "AreaSource": "2", "NumBldgs": 1, "NumFloors": 1.0, "UnitsRes": 0, "UnitsTotal": 1, "LotFront": 147.0, "LotDepth": 97.0, "BldgFront": 0.0, "BldgDepth": 0.0, "Ext": null, "ProxCode": "0", "IrrLotCode": "N", "LotType": "5", "BsmtCode": "5", "AssessLand": 123750.0, "AssessTot": 555300.0, "ExemptTot": 0.0, "YearBuilt": 2020, "YearAlter1": 2017, "YearAlter2": 2019, "HistDist": null, "Landmark": null, "BuiltFAR": 0.18, "ResidFAR": 2.43, "CommFAR": 3.4, "FacilFAR": 4.8, "BoroCode": 2, "BBL": 2051410031.0, "CondoNo": 0, "Tract2010": "046201", "XCoord": 1031082, "YCoord": 255273, "ZoneMap": "4a", "ZMCode": null, "Sanborn": "222 081", "TaxMap": "21710", "EDesigNum": null, "APPBBL": 2051410029.9999998, "APPDate": "03/01/2000", "PLUTOMapID": "1", "FIRM07_FLA": null, "PFIRM15_FL": null, "Version": "25v4", "DCPEdited": null, "Latitude": 40.8672157, "Longitude": -73.8306778, "Notes": null, "Shape_Leng": 0.0, "Shape_Area": 14403.187865100001 }, "geometry": { "type": "MultiPolygon", "coordinates": [ [ [ [ -73.830422024175348, 40.867067497368531 ], [ -73.830752832051687, 40.86697908156529 ], [ -73.830927789900514, 40.867364382384885 ], [ -73.830596978028296, 40.867452797760997 ], [ -73.830422024175348, 40.867067497368531 ] ] ] ] } },
{ "type": "Feature", "properties": { "Borough": "BX", "Block": 5141, "Lot": 32, "CD": 210, "BCT2020": "2046205", "BCTCB2020": "20462055005", "CT2010": "462.01", "CB2010": "1023", "SchoolDist": "11", "Council": 12, "ZipCode": 10475, "FireComp": "E066", "PolicePrct": 45, "HealthCent": 24, "HealthArea": 710, "Sanitboro": "2", "SanitDistr": "10", "SanitSub": null, "Address": "346 BAYCHESTER AVENUE", "ZoneDist1": "C4-3", "ZoneDist2": null, "ZoneDist3": null, "ZoneDist4": null, "Overlay1": null, "Overlay2": null, "SPDist1": null, "SPDist2": null, "SPDist3": null, "LtdHeight": null, "SplitZone": "N", "BldgClass": "K5", "LandUse": "05", "Easements": 0, "OwnerType": null, "OwnerName": "CITY BAY PLAZA LLC", "LotArea": 18081, "BldgArea": 1985, "ComArea": 1985, "ResArea": 0, "OfficeArea": 0, "RetailArea": 1985, "GarageArea": 0, "StrgeArea": 0, "FactryArea": 0, "OtherArea": 0, "AreaSource": "2", "NumBldgs": 1, "NumFloors": 1.0, "UnitsRes": 0, "UnitsTotal": 1, "LotFront": 147.0, "LotDepth": 123.0, "BldgFront": 87.0, "BldgDepth": 25.0, "Ext": null, "ProxCode": "1", "IrrLotCode": "N", "LotType": "6", "BsmtCode": "0", "AssessLand": 237150.0, "AssessTot": 924300.0, "ExemptTot": 0.0, "YearBuilt": 2018, "YearAlter1": 2017, "YearAlter2": 0, "HistDist": null, "Landmark": null, "BuiltFAR": 0.11, "ResidFAR": 2.43, "CommFAR": 3.4, "FacilFAR": 4.8, "BoroCode": 2, "BBL": 2051410032.0, "CondoNo": 0, "Tract2010": "046201", "XCoord": 1031186, "YCoord": 255310, "ZoneMap": "4a", "ZMCode": null, "Sanborn": "222 081", "TaxMap": "21710", "EDesigNum": null, "APPBBL": 2051410029.9999998, "APPDate": "03/01/2000", "PLUTOMapID": "1", "FIRM07_FLA": null, "PFIRM15_FL": null, "Version": "25v4", "DCPEdited": null, "Latitude": 40.8673167, "Longitude": -73.8303016, "Notes": null, "Shape_Leng": 0.0, "Shape_Area": 18263.741366599999 }, "geometry": { "type": "MultiPolygon", "coordinates": [ [ [ [ -73.830596978028296, 40.867452797760997 ], [ -73.830177496944941, 40.86756491044855 ], [ -73.830002545233043, 40.867179607504482 ], [ -73.830422024175348, 40.867067497368531 ], [ -73.830596978028296, 40.867452797760997 ] ] ] ] } },
{ "type": "Feature", "properties": { "Borough": "BX", "Block": 5141, "Lot": 35, "CD": 210, "BCT2020": "2046205", "BCTCB2020": "20462055006", "CT2010": "462.01", "CB2010": "1034", "SchoolDist": "11", "Council": 12, "ZipCode": 10475, "FireComp": "E066", "PolicePrct": 45, "HealthCent": 24, "HealthArea": 710, "Sanitboro": "2", "SanitDistr": "10", "SanitSub": "1E", "Address": "340 BAYCHESTER AVENUE", "ZoneDist1": "C4-3", "ZoneDist2": null, "ZoneDist3": null, "ZoneDist4": null, "Overlay1": null, "Overlay2": null, "SPDist1": null, "SPDist2": null, "SPDist3": null, "LtdHeight": null, "SplitZone": "N", "BldgClass": "K6", "LandUse": "05", "Easements": 0, "OwnerType": null, "OwnerName": "W1-BAY PLAZA, LLC", "LotArea": 199909, "BldgArea": 73750, "ComArea": 73750, "ResArea": 0, "OfficeArea": 0, "RetailArea": 73750, "GarageArea": 0, "StrgeArea": 0, "FactryArea": 0, "OtherArea": 0, "AreaSource": "2", "NumBldgs": 1, "NumFloors": 2.0, "UnitsRes": 0, "UnitsTotal": 4, "LotFront": 249.71, "LotDepth": 195.0, "BldgFront": 456.0, "BldgDepth": 122.0, "Ext": "N", "ProxCode": "1", "IrrLotCode": "Y", "LotType": "3", "BsmtCode": "0", "AssessLand": 1800000.0, "AssessTot": 9817650.0, "ExemptTot": 2587410.0, "YearBuilt": 1999, "YearAlter1": 1997, "YearAlter2": 2015, "HistDist": null, "Landmark": null, "BuiltFAR": 0.37, "ResidFAR": 2.43, "CommFAR": 3.4, "FacilFAR": 4.8, "BoroCode": 2, "BBL": 2051410034.9999998, "CondoNo": 0, "Tract2010": "046201", "XCoord": 1031643, "YCoord": 255370, "ZoneMap": "4a", "ZMCode": null, "Sanborn": "222 081", "TaxMap": "21710", "EDesigNum": null, "APPBBL": 2051410029.9999998, "APPDate": "01/05/1998", "PLUTOMapID": "1", "FIRM07_FLA": null, "PFIRM15_FL": null, "Version": "25v4", "DCPEdited": null, "Latitude": 40.867479, "Longitude": -73.8286488, "Notes": null, "Shape_Leng": 0.0, "Shape_Area": 206986.14018300001 }, "geometry": { "type": "MultiPolygon", "coordinates": [ [ [ [ -73.827112526357567, 40.867997226841027 ], [ -73.828196122228547, 40.866794615394383 ], [ -73.828348311137646, 40.866876309645065 ], [ -73.82869321830259, 40.867061451593223 ], [ -73.82960565426248, 40.867125766384241 ], [ -73.829611209377418, 40.867126159176415 ], [ -73.829939772065501, 40.867040460038631 ], [ -73.830002545233043, 40.867179607504482 ], [ -73.830177496944941, 40.86756491044855 ], [ -73.8300246139015, 40.867605673636781 ], [ -73.829738239177715, 40.867677991871247 ], [ -73.829440677322907, 40.867751466993084 ], [ -73.829195621053316, 40.867807348001968 ], [ -73.828947264709498, 40.867852471601566 ], [ -73.828666806328755, 40.867897403898951 ], [ -73.828389517891239, 40.867933278482745 ], [ -73.828188327901628, 40.867955370465175 ], [ -73.828053208867928, 40.867967101404133 ], [ -73.827983682344055, 40.867972406877684 ], [ -73.827741431880838, 40.867987032914669 ], [ -73.827517248456132, 40.86799525412669 ], [ -73.827331116719449, 40.867998216314604 ], [ -73.827315517860015, 40.867998305551517 ], [ -73.827285602654229, 40.867998408389134 ], [ -73.827278361983304, 40.867998419206558 ], [ -73.827271121438784, 40.867998424503313 ], [ -73.827263880793723, 40.867998425365329 ], [ -73.827256641376295, 40.867998420874478 ], [ -73.827249400759499, 40.867998410859691 ], [ -73.827242161370108, 40.867998395577139 ], [ -73.827234919677309, 40.867998375687691 ], [ -73.827227680316199, 40.867998349528342 ], [ -73.827220438653839, 40.867998317925803 ], [ -73.827213198104687, 40.867998281891651 ], [ -73.827205958783395, 40.867998240419588 ], [ -73.827191477867629, 40.86799814124317 ], [ -73.827184238588984, 40.86799808270468 ], [ -73.827176998107277, 40.867998021403729 ], [ -73.827169758967287, 40.867997951988585 ], [ -73.82715527929119, 40.867997799768666 ], [ -73.827148038868046, 40.867997715961572 ], [ -73.827140799671497, 40.867997625881557 ], [ -73.827133560598796, 40.867997531282043 ], [ -73.827112526357567, 40.867997226841027 ] ] ] ] } },
{ "type": "Feature", "properties": { "Borough": "BX", "Block": 5141, "Lot": 100, "CD": 210, "BCT2020": "2046205", "BCTCB2020": "20462055002", "CT2010": "462.01", "CB2010": "1022", "SchoolDist": "11", "Council": 12, "ZipCode": 10475, "FireComp": "E066", "PolicePrct": 45, "HealthCent": 24, "HealthArea": 710, "Sanitboro": "2", "SanitDistr": "10", "SanitSub": null, "Address": "2051 BARTOW AVENUE", "ZoneDist1": "C4-3", "ZoneDist2": "R6", "ZoneDist3": null, "ZoneDist4": null, "Overlay1": null, "Overlay2": null, "SPDist1": null, "SPDist2": null, "SPDist3": null, "LtdHeight": null, "SplitZone": "Y", "BldgClass": "K1", "LandUse": "05", "Easements": 0, "OwnerType": "P", "OwnerName": "RIVERBAY CORPORATION", "LotArea": 583200, "BldgArea": 785230, "ComArea": 785230, "ResArea": 0, "OfficeArea": 92000, "RetailArea": 99800, "GarageArea": 593430, "StrgeArea": 0, "FactryArea": 0, "OtherArea": 0, "AreaSource": "2", "NumBldgs": 4, "NumFloors": 1.0, "UnitsRes": 0, "UnitsTotal": 35, "LotFront": 1143.0, "LotDepth": 762.0, "BldgFront": 550.0, "BldgDepth": 350.0, "Ext": "N", "ProxCode": "0", "IrrLotCode": "Y", "LotType": "5", "BsmtCode": "0", "AssessLand": 5248800.0, "AssessTot": 38440800.0, "ExemptTot": 38440800.0, "YearBuilt": 1969, "YearAlter1": 0, "YearAlter2": 0, "HistDist": null, "Landmark": null, "BuiltFAR": 1.35, "ResidFAR": 2.43, "CommFAR": 3.4, "FacilFAR": 4.8, "BoroCode": 2, "BBL": 2051410100.0, "CondoNo": 0, "Tract2010": "046201", "XCoord": 1031602, "YCoord": 256389, "ZoneMap": "4a", "ZMCode": "Y", "Sanborn": "222 082", "TaxMap": "21710", "EDesigNum": null, "APPBBL": 0.0, "APPDate": null, "PLUTOMapID": "1", "FIRM07_FLA": null, "PFIRM15_FL": null, "Version": "25v4", "DCPEdited": null, "Latitude": 40.870276, "Longitude": -73.8287899, "Notes": null, "Shape_Leng": 0.0, "Shape_Area": 602401.27171899995 }, "geometry": { "type": "MultiPolygon", "coordinates": [ [ [ [ -73.829838972372372, 40.871114869811294 ], [ -73.829799723796839, 40.871102325634943 ], [ -73.829751571753377, 40.871087723259116 ], [ -73.829683248557984, 40.87106846264134 ], [ -73.82961511676028, 40.871050907732588 ], [ -73.829556093241251, 40.871036997041209 ], [ -73.829509362868592, 40.871026819868845 ], [ -73.829456311067403, 40.871016145345216 ], [ -73.82939980522697, 40.871005786181101 ], [ -73.829354799980308, 40.870998270675301 ], [ -73.829293383705973, 40.870989049729019 ], [ -73.829228649852595, 40.870980608051447 ], [ -73.829158035176292, 40.870972874493738 ], [ -73.829070112272248, 40.870965370889067 ], [ -73.827674269240234, 40.870874873385262 ], [ -73.827623423662175, 40.87086857223369 ], [ -73.827558251859358, 40.870858976397329 ], [ -73.827456531887961, 40.870840513631556 ], [ -73.827374781594131, 40.870822494793096 ], [ -73.827323250784104, 40.87080962979001 ], [ -73.827245467367277, 40.870787919420259 ], [ -73.826451236746848, 40.870521265109574 ], [ -73.826349521858106, 40.870485307494015 ], [ -73.826250217529406, 40.870443907237949 ], [ -73.826212234004672, 40.870426591182309 ], [ -73.826165576980159, 40.870403684338122 ], [ -73.826128997923206, 40.87038457564072 ], [ -73.826126610870872, 40.870382460410035 ], [ -73.826122847545534, 40.870378580832792 ], [ -73.826117816604537, 40.87037180157018 ], [ -73.826114883397068, 40.870366221290574 ], [ -73.826112282765024, 40.870358207461315 ], [ -73.826111431601731, 40.870351607426883 ], [ -73.826111751235615, 40.870344600235221 ], [ -73.82611333651684, 40.870337621137431 ], [ -73.826114330253887, 40.870334586159139 ], [ -73.826115111379295, 40.870333034044535 ], [ -73.826132462519936, 40.870308547871907 ], [ -73.826144885293957, 40.870289805801114 ], [ -73.826158083816722, 40.870269289074585 ], [ -73.826168931046141, 40.87025106054876 ], [ -73.826184921242927, 40.870223104660433 ], [ -73.826193833761323, 40.870206656149733 ], [ -73.826203290210501, 40.870188158149574 ], [ -73.826214774658226, 40.870164859020022 ], [ -73.826220697933948, 40.870151570392473 ], [ -73.826228264337871, 40.870134587695681 ], [ -73.826237172434105, 40.870114383316356 ], [ -73.826244698887137, 40.8700972510605 ], [ -73.826254494197627, 40.870074365414503 ], [ -73.826264684763146, 40.870048208052133 ], [ -73.826278105567496, 40.870011550277333 ], [ -73.826292066539011, 40.869969301396743 ], [ -73.826308977603631, 40.869908488733188 ], [ -73.826324172730764, 40.869839705068998 ], [ -73.826331851339091, 40.869794260740242 ], [ -73.826337438544726, 40.869757008555204 ], [ -73.826342156736359, 40.869725002304477 ], [ -73.826347110543537, 40.869691392669729 ], [ -73.826351208131214, 40.869663574527578 ], [ -73.826587333604436, 40.86967929233203 ], [ -73.82682579886999, 40.869690771920887 ], [ -73.827149452228966, 40.869699205444448 ], [ -73.827444862995378, 40.86969973989563 ], [ -73.827710485837912, 40.869694386678795 ], [ -73.827789532942049, 40.869691724986026 ], [ -73.827857221739862, 40.869689055229479 ], [ -73.828009682782223, 40.869681723239331 ], [ -73.828131761459389, 40.869674531138664 ], [ -73.828265144338573, 40.869665324349874 ], [ -73.828431627021914, 40.869651850555044 ], [ -73.828609315129427, 40.869635028092347 ], [ -73.828717588630411, 40.869623533942949 ], [ -73.828822487577611, 40.86961149441246 ], [ -73.8288631691576, 40.869606585907775 ], [ -73.828925038107599, 40.869598861425075 ], [ -73.829023765019087, 40.869585888708045 ], [ -73.829097066021262, 40.869575739843555 ], [ -73.829158627065212, 40.869566875764988 ], [ -73.82921950778956, 40.869557798990243 ], [ -73.829278605558869, 40.869548695196855 ], [ -73.829360453714685, 40.869535606171908 ], [ -73.829468762048023, 40.869517420761888 ], [ -73.829636540594123, 40.86948729344963 ], [ -73.829893241889579, 40.869436530041234 ], [ -73.829948640469794, 40.869424825268005 ], [ -73.830033803529332, 40.869406303423268 ], [ -73.830145519690632, 40.869381033745221 ], [ -73.830192613838349, 40.869370047795854 ], [ -73.830241848533888, 40.869358349946459 ], [ -73.830285234421893, 40.869347860115575 ], [ -73.830332981653669, 40.869336117706133 ], [ -73.830386768877645, 40.869322641805709 ], [ -73.830391998592376, 40.869321884943538 ], [ -73.830398036297538, 40.869321486827857 ], [ -73.830403613798808, 40.869321558948386 ], [ -73.830409976371385, 40.869322159944787 ], [ -73.830417872656042, 40.869323715065462 ], [ -73.8304253966879, 40.869326126807017 ], [ -73.830432455922463, 40.869329384406086 ], [ -73.830437325045352, 40.86933234422056 ], [ -73.830441419099927, 40.869335433569553 ], [ -73.830444920750125, 40.869338716469713 ], [ -73.830447009910785, 40.869340960007875 ], [ -73.830773662065283, 40.870066074579348 ], [ -73.830800564466102, 40.870141758971336 ], [ -73.830815637682704, 40.870194115909214 ], [ -73.830831246060072, 40.870263200191395 ], [ -73.830842722460119, 40.870337495866117 ], [ -73.83084836701984, 40.870403111251939 ], [ -73.830849846317946, 40.870467865113355 ], [ -73.830847364409593, 40.870531380283147 ], [ -73.830840328205312, 40.870599656062197 ], [ -73.830830725731076, 40.870657831719605 ], [ -73.830817920966993, 40.870715308390615 ], [ -73.830795048818345, 40.870793586080346 ], [ -73.830771080818479, 40.870858705064293 ], [ -73.830745879853509, 40.870916519244702 ], [ -73.830711655766052, 40.870983833835908 ], [ -73.830527494786011, 40.871306792753735 ], [ -73.830524110466115, 40.871311870212438 ], [ -73.830520542005118, 40.871315687500115 ], [ -73.830516017816677, 40.871319332384303 ], [ -73.830510247293347, 40.871322757421076 ], [ -73.830503541408433, 40.871325544522108 ], [ -73.830497537015944, 40.871327199832379 ], [ -73.830490569769395, 40.87132828007924 ], [ -73.8304848049779, 40.871328549850325 ], [ -73.830479123452776, 40.871328276715161 ], [ -73.830473638955226, 40.871327495140271 ], [ -73.830470177159555, 40.871326693116742 ], [ -73.829884226112213, 40.871130070218065 ], [ -73.829838972372372, 40.871114869811294 ] ] ] ] } },
{ "type": "Feature", "properties": { "Borough": "BX", "Block": 5141, "Lot": 101, "CD": 210, "BCT2020": "2046205", "BCTCB2020": "20462055004", "CT2010": "462.01", "CB2010": "9003", "SchoolDist": "11", "Council": 12, "ZipCode": 10475, "FireComp": "E066", "PolicePrct": 45, "HealthCent": 24, "HealthArea": 710, "Sanitboro": "2", "SanitDistr": "10", "SanitSub": null, "Address": "2001 BARTOW AVENUE", "ZoneDist1": "C7", "ZoneDist2": null, "ZoneDist3": null, "ZoneDist4": null, "Overlay1": null, "Overlay2": null, "SPDist1": null, "SPDist2": null, "SPDist3": null, "LtdHeight": null, "SplitZone": "N", "BldgClass": "K1", "LandUse": "05", "Easements": 0, "OwnerType": null, "OwnerName": "BAYCHESTER RETAIL III LLC", "LotArea": 21025, "BldgArea": 10980, "ComArea": 10980, "ResArea": 0, "OfficeArea": 0, "RetailArea": 10980, "GarageArea": 0, "StrgeArea": 0, "FactryArea": 0, "OtherArea": 0, "AreaSource": "2", "NumBldgs": 1, "NumFloors": 1.0, "UnitsRes": 0, "UnitsTotal": 4, "LotFront": 140.0, "LotDepth": 145.0, "BldgFront": 74.0, "BldgDepth": 145.2, "Ext": "N", "ProxCode": "1", "IrrLotCode": "Y", "LotType": "3", "BsmtCode": "0", "AssessLand": 224550.0, "AssessTot": 2187900.0, "ExemptTot": 0.0, "YearBuilt": 2017, "YearAlter1": 2017, "YearAlter2": 0, "HistDist": null, "Landmark": null, "BuiltFAR": 0.52, "ResidFAR": 0.0, "CommFAR": 2.0, "FacilFAR": 0.0, "BoroCode": 2, "BBL": 2051410101.0, "CondoNo": 0, "Tract2010": "046201", "XCoord": 1030846, "YCoord": 256004, "ZoneMap": "4a", "ZMCode": null, "Sanborn": "222 082", "TaxMap": "21710", "EDesigNum": null, "APPBBL": 0.0, "APPDate": null, "PLUTOMapID": "1", "FIRM07_FLA": null, "PFIRM15_FL": null, "Version": "25v4", "DCPEdited": null, "Latitude": 40.8692233, "Longitude": -73.831526, "Notes": null, "Shape_Leng": 0.0, "Shape_Area": 22343.2966065 }, "geometry": { "type": "MultiPolygon", "coordinates": [ [ [ [ -73.831675629369329, 40.868973450982161 ], [ -73.83190181291279, 40.869375340962094 ], [ -73.831322855225395, 40.869442655156966 ], [ -73.831157811074121, 40.869107826880217 ], [ -73.831675629369329, 40.868973450982161 ] ] ] ] } },
{ "type": "Feature", "properties": { "Borough": "BX", "Block": 5141, "Lot": 102, "CD": 210, "BCT2020": "2046205", "BCTCB2020": "20462055004", "CT2010": "462.01", "CB2010": "9003", "SchoolDist": "11", "Council": 12, "ZipCode": 10475, "FireComp": "E066", "PolicePrct": 45, "HealthCent": 24, "HealthArea": 710, "Sanitboro": "2", "SanitDistr": "10", "SanitSub": null, "Address": "2021 BARTOW AVENUE", "ZoneDist1": "C7", "ZoneDist2": null, "ZoneDist3": null, "ZoneDist4": null, "Overlay1": null, "Overlay2": null, "SPDist1": null, "SPDist2": null, "SPDist3": null, "LtdHeight": null, "SplitZone": "N", "BldgClass": "K2", "LandUse": "05", "Easements": 1, "OwnerType": null, "OwnerName": "EMIGRANT BANCORP, INC.", "LotArea": 25065, "BldgArea": 13438, "ComArea": 13438, "ResArea": 0, "OfficeArea": 6940, "RetailArea": 6498, "GarageArea": 0, "StrgeArea": 0, "FactryArea": 0, "OtherArea": 0, "AreaSource": "2", "NumBldgs": 1, "NumFloors": 2.0, "UnitsRes": 0, "UnitsTotal": 2, "LotFront": 153.6, "LotDepth": 177.0, "BldgFront": 130.5, "BldgDepth": 74.0, "Ext": "N", "ProxCode": "0", "IrrLotCode": "Y", "LotType": "5", "BsmtCode": "0", "AssessLand": 405900.0, "AssessTot": 1518300.0, "ExemptTot": 0.0, "YearBuilt": 1980, "YearAlter1": 2000, "YearAlter2": 0, "HistDist": null, "Landmark": null, "BuiltFAR": 0.54, "ResidFAR": 0.0, "CommFAR": 2.0, "FacilFAR": 0.0, "BoroCode": 2, "BBL": 2051410102.0, "CondoNo": 0, "Tract2010": "046201", "XCoord": 1030986, "YCoord": 256067, "ZoneMap": "4a", "ZMCode": null, "Sanborn": "222 082", "TaxMap": "21710", "EDesigNum": null, "APPBBL": 0.0, "APPDate": null, "PLUTOMapID": "1", "FIRM07_FLA": null, "PFIRM15_FL": null, "Version": "25v4", "DCPEdited": null, "Latitude": 40.8693955, "Longitude": -73.8310194, "Notes": null, "Shape_Leng": 0.0, "Shape_Area": 25180.222415100001 }, "geometry": { "type": "MultiPolygon", "coordinates": [ [ [ [ -73.830680654502203, 40.869257624369709 ], [ -73.830681220051446, 40.869252613957734 ], [ -73.830682628541794, 40.869247305788612 ], [ -73.830684788692935, 40.869242664227464 ], [ -73.830688142389988, 40.869238357632739 ], [ -73.830693956996953, 40.869232865945385 ], [ -73.830697918729101, 40.869230189162934 ], [ -73.830703708692923, 40.869226930708379 ], [ -73.830714677578982, 40.869222819847835 ], [ -73.831157811074121, 40.869107826880217 ], [ -73.831322855225395, 40.869442655156966 ], [ -73.831376900563669, 40.869552301587845 ], [ -73.831281065733819, 40.86957717071644 ], [ -73.830912724626472, 40.869672754882252 ], [ -73.830867243918163, 40.869684557492697 ], [ -73.830682493753329, 40.869264832767897 ], [ -73.830680654502203, 40.869257624369709 ] ] ] ] } },
{ "type": "Feature", "properties": { "Borough": "BX", "Block": 5141, "Lot": 110, "CD": 210, "BCT2020": "2046205", "BCTCB2020": "20462055004", "CT2010": "462.01", "CB2010": "9003", "SchoolDist": "11", "Council": 12, "ZipCode": 10475, "FireComp": "E066", "PolicePrct": 45, "HealthCent": 24, "HealthArea": 710, "Sanitboro": null, "SanitDistr": null, "SanitSub": null, "Address": "BAYCHESTER AVENUE", "ZoneDist1": "R6", "ZoneDist2": "C7", "ZoneDist3": null, "ZoneDist4": null, "Overlay1": null, "Overlay2": null, "SPDist1": null, "SPDist2": null, "SPDist3": null, "LtdHeight": null, "SplitZone": "Y", "BldgClass": "Q9", "LandUse": "09", "Easements": 0, "OwnerType": "X", "OwnerName": "RIVERBAY CORPORATION", "LotArea": 58525, "BldgArea": 0, "ComArea": 0, "ResArea": 0, "OfficeArea": 0, "RetailArea": 0, "GarageArea": 0, "StrgeArea": 0, "FactryArea": 0, "OtherArea": 0, "AreaSource": "7", "NumBldgs": 0, "NumFloors": 0.0, "UnitsRes": 0, "UnitsTotal": 0, "LotFront": 255.0, "LotDepth": 49.33, "BldgFront": 0.0, "BldgDepth": 0.0, "Ext": "N", "ProxCode": "0", "IrrLotCode": "Y", "LotType": "3", "BsmtCode": "0", "AssessLand": 815400.0, "AssessTot": 815400.0, "ExemptTot": 815400.0, "YearBuilt": 0, "YearAlter1": 0, "YearAlter2": 0, "HistDist": null, "Landmark": null, "BuiltFAR": 0.0, "ResidFAR": 2.43, "CommFAR": 0.0, "FacilFAR": 4.8, "BoroCode": 2, "BBL": 2051410109.9999998, "CondoNo": 0, "Tract2010": "046201", "XCoord": 1030814, "YCoord": 256208, "ZoneMap": "4a", "ZMCode": null, "Sanborn": "222 082", "TaxMap": "21710", "EDesigNum": null, "APPBBL": 0.0, "APPDate": null, "PLUTOMapID": "1", "FIRM07_FLA": null, "PFIRM15_FL": null, "Version": "25v4", "DCPEdited": null, "Latitude": 40.8697834, "Longitude": -73.8316403, "Notes": null, "Shape_Leng": 0.0, "Shape_Area": 56533.1502291 }, "geometry": { "type": "MultiPolygon", "coordinates": [ [ [ [ -73.830970015317561, 40.869918037324283 ], [ -73.831394756621776, 40.869807816989898 ], [ -73.831281065733819, 40.86957717071644 ], [ -73.831376900563669, 40.869552301587845 ], [ -73.831322855225395, 40.869442655156966 ], [ -73.83190181291279, 40.869375340962094 ], [ -73.83223594579735, 40.869969880278219 ], [ -73.832204881374352, 40.869980809331629 ], [ -73.832190238640507, 40.869985440863154 ], [ -73.832169294436497, 40.86999151478102 ], [ -73.832138241264943, 40.86999937590052 ], [ -73.832107653159667, 40.8700058391643 ], [ -73.832083595000654, 40.870010065278599 ], [ -73.832073969611031, 40.870011550587144 ], [ -73.832050766070594, 40.870014652228079 ], [ -73.832039505332943, 40.87001591906148 ], [ -73.831998577373241, 40.870020239370461 ], [ -73.831983065494754, 40.870021876382943 ], [ -73.831712353483354, 40.870055970287268 ], [ -73.831104043935596, 40.870120181629304 ], [ -73.831097053892051, 40.870120919714161 ], [ -73.83109004669501, 40.870121424532449 ], [ -73.831083028053229, 40.870120795591305 ], [ -73.831076222760188, 40.870119346605421 ], [ -73.831069797801305, 40.870117112117406 ], [ -73.831063904899352, 40.870114148069526 ], [ -73.83105869110679, 40.870110525868256 ], [ -73.831054284155769, 40.870106331202003 ], [ -73.831050788363001, 40.870101669632639 ], [ -73.830997442965682, 40.869980345660323 ], [ -73.830970015317561, 40.869918037324283 ] ] ] ] } },
{ "type": "Feature", "properties": { "Borough": "BX", "Block": 5141, "Lot": 120, "CD": 210, "BCT2020": "2046204", "BCTCB2020": "20462042001", "CT2010": "462.01", "CB2010": "6002", "SchoolDist": "11", "Council": 12, "ZipCode": 10475, "FireComp": "E066", "PolicePrct": 45, "HealthCent": 24, "HealthArea": 710, "Sanitboro": "2", "SanitDistr": "10", "SanitSub": null, "Address": "2049 BARTOW AVENUE", "ZoneDist1": "R6", "ZoneDist2": null, "ZoneDist3": null, "ZoneDist4": null, "Overlay1": null, "Overlay2": null, "SPDist1": null, "SPDist2": null, "SPDist3": null, "LtdHeight": null, "SplitZone": "N", "BldgClass": "D4", "LandUse": "03", "Easements": 1, "OwnerType": "X", "OwnerName": "RIVERBAY CORPORATION", "LotArea": 5048550, "BldgArea": 13540113, "ComArea": 328715, "ResArea": 13211398, "OfficeArea": 28000, "RetailArea": 0, "GarageArea": 296715, "StrgeArea": 0, "FactryArea": 0, "OtherArea": 4000, "AreaSource": "2", "NumBldgs": 250, "NumFloors": 33.0, "UnitsRes": 10914, "UnitsTotal": 10948, "LotFront": 657.17, "LotDepth": 900.0, "BldgFront": 101.0, "BldgDepth": 408.0, "Ext": "N", "ProxCode": "0", "IrrLotCode": "Y", "LotType": "3", "BsmtCode": "0", "AssessLand": 25285500.0, "AssessTot": 272836800.0, "ExemptTot": 272836800.0, "YearBuilt": 1969, "YearAlter1": 2005, "YearAlter2": 0, "HistDist": null, "Landmark": null, "BuiltFAR": 2.68, "ResidFAR": 2.43, "CommFAR": 0.0, "FacilFAR": 4.8, "BoroCode": 2, "BBL": 2051410119.9999998, "CondoNo": 0, "Tract2010": "046201", "XCoord": 1031717, "YCoord": 258115, "ZoneMap": "2b", "ZMCode": "Y", "Sanborn": "222 082", "TaxMap": "21710", "EDesigNum": null, "APPBBL": 0.0, "APPDate": null, "PLUTOMapID": "1", "FIRM07_FLA": "1", "PFIRM15_FL": null, "Version": "25v4", "DCPEdited": null, "Latitude": 40.8750127, "Longitude": -73.8283619, "Notes": null, "Shape_Leng": 0.0, "Shape_Area": 4933429.38839 }, "geometry": { "type": "MultiPolygon", "coordinates": [ [ [ [ -73.822754941323197, 40.879056574915424 ], [ -73.822768906605319, 40.878944402569928 ], [ -73.822807824449058, 40.878793863496171 ], [ -73.822859673066304, 40.878644476176234 ], [ -73.822955523198161, 40.878423112698869 ], [ -73.823180596894105, 40.878074068747985 ], [ -73.823340691846951, 40.87788419183132 ], [ -73.823752882902824, 40.877400897429389 ], [ -73.823878191658054, 40.877254797916954 ], [ -73.823951998894131, 40.877151510912554 ], [ -73.824000353406362, 40.877088162291557 ], [ -73.824049978321412, 40.877018144731046 ], [ -73.82411410856821, 40.876927116576688 ], [ -73.824155912454088, 40.876863011406527 ], [ -73.824205448053704, 40.876784006779111 ], [ -73.824244662050745, 40.876714960176912 ], [ -73.824311138924472, 40.876595906826793 ], [ -73.82436171944407, 40.876495291930752 ], [ -73.824408554721686, 40.876401786139283 ], [ -73.824450813249229, 40.87631174109341 ], [ -73.824500628130238, 40.876187365489351 ], [ -73.824535580271572, 40.876096615923132 ], [ -73.824584496580172, 40.875948014876798 ], [ -73.824615812916093, 40.875850327710793 ], [ -73.824647276399759, 40.875731461312441 ], [ -73.824671242694947, 40.875649706197571 ], [ -73.824688854711439, 40.875560799556197 ], [ -73.824706464853875, 40.875464477487419 ], [ -73.824727889937336, 40.875315189716972 ], [ -73.824734510609744, 40.875251834114074 ], [ -73.824744179574026, 40.875175230523681 ], [ -73.824751304002277, 40.875118774261658 ], [ -73.824752758680233, 40.875081793317264 ], [ -73.824757186097088, 40.874969294526949 ], [ -73.824758375477955, 40.874864630466412 ], [ -73.824757928120533, 40.874699996623676 ], [ -73.824752787218387, 40.874571062838292 ], [ -73.824742109827895, 40.874456488007539 ], [ -73.824724205212959, 40.87432132047639 ], [ -73.824679326649616, 40.874013684088091 ], [ -73.824648010027701, 40.873823142108272 ], [ -73.82464950286186, 40.873817582079703 ], [ -73.824651719545912, 40.873813284642104 ], [ -73.824655879980156, 40.873807422480304 ], [ -73.824660408745117, 40.873802688347212 ], [ -73.824665248565466, 40.873798734385126 ], [ -73.824670334786177, 40.873795419365102 ], [ -73.8246753217514, 40.87379279747347 ], [ -73.824680362098732, 40.87379066197127 ], [ -73.824685007189458, 40.873789082364546 ], [ -73.824689196598371, 40.873787946042029 ], [ -73.825302591901959, 40.87375377697601 ], [ -73.82535157291953, 40.873749883679452 ], [ -73.825389794231938, 40.873747801087568 ], [ -73.825419263285369, 40.873746885820566 ], [ -73.825470533637841, 40.873746720258936 ], [ -73.825500958136416, 40.873747477750712 ], [ -73.825506682654947, 40.873747691714414 ], [ -73.825512785537427, 40.873747944983762 ], [ -73.82552018252359, 40.873748285711187 ], [ -73.82553193601035, 40.873748906847148 ], [ -73.825549970895906, 40.873750044459101 ], [ -73.825571922587912, 40.873751737297262 ], [ -73.825596461374616, 40.873754028356537 ], [ -73.825620927763083, 40.873756735336073 ], [ -73.825656365994575, 40.873761418358072 ], [ -73.825669377054254, 40.873763365949614 ], [ -73.825686750297933, 40.873766159482713 ], [ -73.825707675505257, 40.873769819148492 ], [ -73.825723394673915, 40.873772785776282 ], [ -73.825744804467902, 40.873777126061356 ], [ -73.825756819733655, 40.87377971689579 ], [ -73.825765705892678, 40.873781704252927 ], [ -73.825776294391744, 40.873784154222179 ], [ -73.825793063009243, 40.873788213753329 ], [ -73.825813170472927, 40.873793380613563 ], [ -73.825834897535998, 40.873799335974638 ], [ -73.825849690159217, 40.87380365093388 ], [ -73.825859998196549, 40.873806765056401 ], [ -73.825868543669898, 40.873809267814359 ], [ -73.825878906303629, 40.87381236679137 ], [ -73.825886794888405, 40.873815216158832 ], [ -73.825891037563267, 40.873816878589793 ], [ -73.825894391224537, 40.873818262267172 ], [ -73.82589986316745, 40.873820697385469 ], [ -73.825906503849907, 40.873823997795022 ], [ -73.825910235640393, 40.873825932265476 ], [ -73.825913211793633, 40.87382787555056 ], [ -73.82591569329557, 40.873829783786867 ], [ -73.825918443854349, 40.8738326911485 ], [ -73.825919925610222, 40.873834940123835 ], [ -73.82592148746501, 40.873837830380282 ], [ -73.825923244320109, 40.873842390424109 ], [ -73.825924264531963, 40.873847365306787 ], [ -73.825924451990105, 40.873850990102248 ], [ -73.825924105535208, 40.873855094041815 ], [ -73.825923266526615, 40.87385882529005 ], [ -73.825918193377916, 40.873868071033797 ], [ -73.82553515499697, 40.874515305244451 ], [ -73.825534547508923, 40.87451715025388 ], [ -73.825533989229299, 40.87451922598467 ], [ -73.825533352719148, 40.874522637876794 ], [ -73.82553306684143, 40.874525781086959 ], [ -73.825533227292851, 40.874531079768637 ], [ -73.825533788669787, 40.874534625906037 ], [ -73.825535143864258, 40.874539409552398 ], [ -73.825537044690932, 40.874543828434987 ], [ -73.825540006996462, 40.874548788273088 ], [ -73.825544162225697, 40.874553926518665 ], [ -73.825547951249803, 40.874557581946746 ], [ -73.825553936196187, 40.874562108739283 ], [ -73.825844909618553, 40.87466614565129 ], [ -73.825846857220952, 40.874666728516011 ], [ -73.825851916457893, 40.874667784318184 ], [ -73.825858858936556, 40.874668664688748 ], [ -73.825865079377792, 40.87466892355615 ], [ -73.82587089875183, 40.874668720689932 ], [ -73.825876584089258, 40.87466810250605 ], [ -73.825882322722961, 40.874667039590094 ], [ -73.82588893534313, 40.874665222555421 ], [ -73.825895182090406, 40.8746631391842 ], [ -73.82589959773594, 40.87466127014175 ], [ -73.825902508720318, 40.874659536613372 ], [ -73.825904069229168, 40.874658444881959 ], [ -73.825905298779034, 40.874657348132835 ], [ -73.826042868363928, 40.874419894639885 ], [ -73.826044570659803, 40.87441494720909 ], [ -73.82604555966131, 40.874410123853622 ], [ -73.826045914362837, 40.874405561645574 ], [ -73.826045717484689, 40.874401027382561 ], [ -73.826044567371838, 40.874394893298096 ], [ -73.826043282160867, 40.874390982322765 ], [ -73.826041568487625, 40.874387137293994 ], [ -73.826039197104976, 40.874383023898957 ], [ -73.826036937249512, 40.874379839954045 ], [ -73.826035492165445, 40.874378059272594 ], [ -73.826034167464101, 40.874376561624118 ], [ -73.826032972517325, 40.874375304521593 ], [ -73.826031350243753, 40.874373721678168 ], [ -73.826029949004862, 40.874372453472127 ], [ -73.825973565395842, 40.874338514461527 ], [ -73.825966997790559, 40.874334054324137 ], [ -73.825963460195197, 40.874331308743223 ], [ -73.825960939104931, 40.874329105968599 ], [ -73.825959902406652, 40.874328150778332 ], [ -73.825958898881865, 40.874327195638152 ], [ -73.825956845702152, 40.874325267300293 ], [ -73.825954520995055, 40.874322818950148 ], [ -73.825952268194897, 40.874320099653161 ], [ -73.82594988425646, 40.87431670118486 ], [ -73.825948106894174, 40.87431365399425 ], [ -73.82594676244068, 40.87431107293385 ], [ -73.825945845215003, 40.874308854510168 ], [ -73.825944813829963, 40.874305869684754 ], [ -73.825944166848927, 40.874303313939471 ], [ -73.825943755357457, 40.874300982000989 ], [ -73.825943385629799, 40.874298568977537 ], [ -73.825943123224434, 40.874295028815098 ], [ -73.825943197408634, 40.874292077951672 ], [ -73.825943717757042, 40.874287730325634 ], [ -73.825945105858082, 40.874283617168189 ], [ -73.826646748187116, 40.873087588594416 ], [ -73.826650134930105, 40.873082617584437 ], [ -73.826658118195652, 40.873076439599004 ], [ -73.826666000900389, 40.87307247766347 ], [ -73.826672776962894, 40.873070211331466 ], [ -73.826678472062071, 40.873068964678595 ], [ -73.826683589127327, 40.873068300593047 ], [ -73.826689218711394, 40.873068045197179 ], [ -73.826694944326249, 40.873068282528131 ], [ -73.826700446964452, 40.873068992278419 ], [ -73.826704095587829, 40.873070057636539 ], [ -73.826904997274497, 40.873136590647221 ], [ -73.826911038900022, 40.873139398437175 ], [ -73.826915599732331, 40.873142332753005 ], [ -73.826920855743609, 40.873147057405667 ], [ -73.826924631627975, 40.873152117566818 ], [ -73.826926924000674, 40.873156950290259 ], [ -73.826928134616281, 40.873161712119966 ], [ -73.826928361472213, 40.873167114554313 ], [ -73.826927551682502, 40.873171924633716 ], [ -73.826925294926284, 40.873177581759684 ], [ -73.826922216208629, 40.873182225464994 ], [ -73.826889879882359, 40.873245633621636 ], [ -73.826887961847405, 40.873249199370591 ], [ -73.826886629736848, 40.873252791180242 ], [ -73.826885867492209, 40.873256228156279 ], [ -73.826885591574495, 40.873259212852069 ], [ -73.826885789700327, 40.873263331081347 ], [ -73.826886458254066, 40.873266712566235 ], [ -73.826887827715396, 40.873270615543731 ], [ -73.826889608955611, 40.8732740418669 ], [ -73.826892372456868, 40.873277911801026 ], [ -73.826894812913849, 40.873280560252226 ], [ -73.826897907948052, 40.873283280796038 ], [ -73.826902140148889, 40.873286211022311 ], [ -73.826905535197525, 40.873288078363288 ], [ -73.826913113750862, 40.873291091917913 ], [ -73.827206200431519, 40.873384028261924 ], [ -73.827212498173253, 40.873385075069066 ], [ -73.82721847094254, 40.873385639683249 ], [ -73.827222487613795, 40.8733857204098 ], [ -73.827231717738897, 40.873384992274922 ], [ -73.827241108096274, 40.873382870374591 ], [ -73.827249547782458, 40.873379555664798 ], [ -73.827256058478042, 40.873375800529466 ], [ -73.827262715921862, 40.873370326511491 ], [ -73.827268349142201, 40.873363251653686 ], [ -73.8273925790307, 40.873145159567414 ], [ -73.827393449420228, 40.873139833569574 ], [ -73.82739363538812, 40.873135361118827 ], [ -73.827393297738652, 40.873130634817791 ], [ -73.827392580928745, 40.873126643725911 ], [ -73.827391701905114, 40.873123410507574 ], [ -73.827390436933541, 40.873119918288218 ], [ -73.827388385154947, 40.873115580273378 ], [ -73.827385428435406, 40.873110775342958 ], [ -73.82738157370963, 40.8731058880022 ], [ -73.827376567434342, 40.873100898128385 ], [ -73.82737328016502, 40.873098183583735 ], [ -73.827369827430218, 40.873095695757847 ], [ -73.825532660207344, 40.872479030872348 ], [ -73.825487882804495, 40.872462720922812 ], [ -73.825474850211108, 40.872458663405666 ], [ -73.825449359970619, 40.872450726592469 ], [ -73.825441541869253, 40.872448637340014 ], [ -73.82541333170532, 40.872441100723009 ], [ -73.825386047079149, 40.872434784742673 ], [ -73.825357732354121, 40.872429087692652 ], [ -73.825333868017921, 40.872424943475686 ], [ -73.825308425047723, 40.872421173240703 ], [ -73.825280390169098, 40.872417778297475 ], [ -73.824682180701032, 40.872336015846514 ], [ -73.824676684204491, 40.872335264513055 ], [ -73.824670828571058, 40.87233307914218 ], [ -73.824664853527437, 40.872329827443124 ], [ -73.824661190324463, 40.872327130235391 ], [ -73.824657079730173, 40.872323115058371 ], [ -73.8246538341524, 40.872318606688957 ], [ -73.824651546877064, 40.872313669437027 ], [ -73.824650454121823, 40.872309250009401 ], [ -73.824650269541735, 40.872305941278114 ], [ -73.824650828899806, 40.872297610808111 ], [ -73.824659614171409, 40.872258162857186 ], [ -73.824667360966444, 40.872229230147596 ], [ -73.824677887404505, 40.872195262481867 ], [ -73.824685057619206, 40.872175378841796 ], [ -73.82469220140382, 40.872155569032266 ], [ -73.824702232607038, 40.872127676241341 ], [ -73.824739755255621, 40.872025734664028 ], [ -73.824765367808226, 40.871962888681658 ], [ -73.824826688251491, 40.871829412870056 ], [ -73.824886628794872, 40.871715748492832 ], [ -73.824951422980021, 40.871606296724551 ], [ -73.825048581503452, 40.871461384008597 ], [ -73.825124465730326, 40.871360445100635 ], [ -73.825219742718986, 40.871245541028479 ], [ -73.825305380758593, 40.871151463248381 ], [ -73.82541407973406, 40.871042403673684 ], [ -73.825512906580443, 40.870951753131791 ], [ -73.825574874111879, 40.870898516227754 ], [ -73.825620259940621, 40.870861128955219 ], [ -73.825686042175747, 40.8708097644395 ], [ -73.825752146393228, 40.87075812488299 ], [ -73.825789778588828, 40.870727564171531 ], [ -73.825829077427272, 40.870694305293362 ], [ -73.825878343389874, 40.870650512341562 ], [ -73.825934328792215, 40.870596967209494 ], [ -73.82593894908814, 40.870592975968805 ], [ -73.82594419797023, 40.8705894602722 ], [ -73.825949991093864, 40.870586476713349 ], [ -73.825956233553313, 40.870584073671743 ], [ -73.825962826616205, 40.870582288057605 ], [ -73.825969663636826, 40.870581149411251 ], [ -73.825976635243663, 40.870580675468922 ], [ -73.825983631315964, 40.870580875098888 ], [ -73.825990536589075, 40.870581743694302 ], [ -73.82604260271323, 40.870606094104154 ], [ -73.826083336012019, 40.870624317627751 ], [ -73.82611285327215, 40.87063667095002 ], [ -73.826230521781156, 40.870682768085153 ], [ -73.826303314496585, 40.870707963618166 ], [ -73.826337777678106, 40.870719739060668 ], [ -73.827128497190913, 40.870986116064365 ], [ -73.827179942697242, 40.871001267419459 ], [ -73.827232029855352, 40.871015104095662 ], [ -73.827284679112012, 40.871027618778584 ], [ -73.827337853769123, 40.871038810493751 ], [ -73.827391482808778, 40.871048652192897 ], [ -73.827456498288882, 40.871056375774344 ], [ -73.827531442203792, 40.87106527761641 ], [ -73.827596242451364, 40.871071397895165 ], [ -73.827645092509243, 40.871076010352091 ], [ -73.827672027181578, 40.871078554024322 ], [ -73.827747849821691, 40.871083889245092 ], [ -73.827801028466112, 40.871087631946232 ], [ -73.827888266896281, 40.871093771189045 ], [ -73.827966604122977, 40.871099681911346 ], [ -73.828029817197518, 40.871104451585047 ], [ -73.828104385308109, 40.871110077420838 ], [ -73.828108246329975, 40.871110630640914 ], [ -73.828113198541743, 40.871111728517683 ], [ -73.828118765742516, 40.871113540500211 ], [ -73.828123665218811, 40.871115726112414 ], [ -73.828128335599942, 40.871118455247512 ], [ -73.828131895879693, 40.871121091789597 ], [ -73.828134342234506, 40.871123280016725 ], [ -73.828137653075871, 40.871126954475784 ], [ -73.8281401360302, 40.871130588047158 ], [ -73.828142384965076, 40.871135264073949 ], [ -73.828143694555095, 40.871139872024614 ], [ -73.828144172231134, 40.871144121261004 ], [ -73.828144053981887, 40.871147658176369 ], [ -73.828143111239527, 40.8711842437434 ], [ -73.828137502820596, 40.871246543144984 ], [ -73.828131341801296, 40.871285869203426 ], [ -73.828126562969373, 40.871309906097032 ], [ -73.828117284168187, 40.871348415263213 ], [ -73.828109121452187, 40.871376858601735 ], [ -73.828099450607269, 40.871406379390585 ], [ -73.828073249524721, 40.871472410291489 ], [ -73.828052634766777, 40.871515424883228 ], [ -73.828034969646652, 40.871548155689538 ], [ -73.828016637680847, 40.871579080895629 ], [ -73.828000946444774, 40.871603558947619 ], [ -73.827982529064471, 40.871630340905519 ], [ -73.827957729295036, 40.87166362750532 ], [ -73.827935614639188, 40.871690777641462 ], [ -73.827932572799426, 40.871694511891739 ], [ -73.827930119207906, 40.87169741319466 ], [ -73.827926344121778, 40.87170077457268 ], [ -73.827922710325666, 40.871703156349945 ], [ -73.82792108756874, 40.871704024647322 ], [ -73.827918078119112, 40.871705379023354 ], [ -73.827915354206638, 40.871706355603585 ], [ -73.827911552008231, 40.871707375584116 ], [ -73.827907413611072, 40.871708079835976 ], [ -73.82790352421334, 40.871708385658245 ], [ -73.827900082853034, 40.871708378679024 ], [ -73.827895963832049, 40.871708025847582 ], [ -73.827893097866877, 40.871707552411578 ], [ -73.82788982812761, 40.871706768582627 ], [ -73.827886009648424, 40.871705819211691 ], [ -73.827884058374636, 40.871705319197474 ], [ -73.8277948280044, 40.871682459372806 ], [ -73.827788400234439, 40.871680826205647 ], [ -73.827780724356501, 40.871679743990171 ], [ -73.827773080489393, 40.87167953538578 ], [ -73.827767538424951, 40.871679917959725 ], [ -73.827762234990701, 40.871680714999897 ], [ -73.827756451847392, 40.871682095846161 ], [ -73.827752508901213, 40.871683374951751 ], [ -73.827747762334766, 40.871685326477071 ], [ -73.827743903009434, 40.871687297232064 ], [ -73.827739541126618, 40.871690035388241 ], [ -73.827737077261759, 40.871691878639844 ], [ -73.827733729072534, 40.87169483172493 ], [ -73.827730870438728, 40.871697908938238 ], [ -73.827727683404092, 40.871702296843957 ], [ -73.827598813019236, 40.87192173758995 ], [ -73.827598207480335, 40.871923329630086 ], [ -73.827598925910806, 40.871929882687738 ], [ -73.8275999069877, 40.871934006605585 ], [ -73.827600939211834, 40.871937149032014 ], [ -73.827602284250091, 40.871940403694474 ], [ -73.827604832966443, 40.871945240386694 ], [ -73.827607543682035, 40.87194931560807 ], [ -73.827610433581, 40.871952929970917 ], [ -73.827613518854776, 40.871956215094286 ], [ -73.827616428869874, 40.871958914594799 ], [ -73.827623800194772, 40.871964488838742 ], [ -73.827630735441048, 40.871968525285375 ], [ -73.827943413935827, 40.872072705620752 ], [ -73.827950451398792, 40.872074391974699 ], [ -73.827957715907317, 40.872075391496665 ], [ -73.827965086710975, 40.872075688859951 ], [ -73.827972448543861, 40.872075279378535 ], [ -73.827979684243047, 40.872074167225364 ], [ -73.827986676042968, 40.872072374896632 ], [ -73.827993316100105, 40.872069926409829 ], [ -73.827999497401095, 40.872066864103878 ], [ -73.82800512019837, 40.872063233590126 ], [ -73.828010096718558, 40.872059095140337 ], [ -73.828320664700541, 40.871528468139445 ], [ -73.828332167788318, 40.871506928426854 ], [ -73.828341932354661, 40.871486104668591 ], [ -73.828348868284806, 40.871469174105449 ], [ -73.828354749461511, 40.871452776802798 ], [ -73.828359644328756, 40.871437040774659 ], [ -73.828364323794858, 40.871419275617853 ], [ -73.828368299609309, 40.871400644968865 ], [ -73.828370888649587, 40.871384797502735 ], [ -73.828372810263758, 40.871367841403028 ], [ -73.82837495007648, 40.871346322881152 ], [ -73.828390143979746, 40.871193210635091 ], [ -73.828392165495785, 40.871172942633088 ], [ -73.82839426042348, 40.871151815732667 ], [ -73.82839471856515, 40.871146219897739 ], [ -73.828396713486228, 40.871140821693359 ], [ -73.828400156943459, 40.871135863263518 ], [ -73.828404895298064, 40.871131563314151 ], [ -73.828410718102816, 40.871128114115706 ], [ -73.828417363989985, 40.87112567013078 ], [ -73.828424538312319, 40.87112434001115 ], [ -73.828431920875119, 40.871124183515221 ], [ -73.828439181703175, 40.871125205504782 ], [ -73.828575104209961, 40.871133693194729 ], [ -73.828643067327732, 40.871137945474381 ], [ -73.82871102915486, 40.871142188760054 ], [ -73.82891491490922, 40.871154918294835 ], [ -73.828988508348445, 40.871160420557246 ], [ -73.829061872370801, 40.871167500069689 ], [ -73.829134947515286, 40.871176180166316 ], [ -73.829207662900643, 40.871186428368702 ], [ -73.829279959003244, 40.871198250027348 ], [ -73.829355889662949, 40.871213383548138 ], [ -73.82943119666929, 40.871230243229505 ], [ -73.82950580065156, 40.871248796581376 ], [ -73.829579641119963, 40.871269039834011 ], [ -73.829652647032646, 40.871290958576395 ], [ -73.829724760169782, 40.871314522860395 ], [ -73.830138869934061, 40.871454755039295 ], [ -73.830190167347766, 40.871472074102336 ], [ -73.830344071593828, 40.871524052838595 ], [ -73.830346425455801, 40.87152581137866 ], [ -73.830349068765216, 40.871528029632266 ], [ -73.830351537267163, 40.871530384410072 ], [ -73.830354628167768, 40.871533841470587 ], [ -73.83035720891543, 40.871537340947597 ], [ -73.830359502735533, 40.871541207432081 ], [ -73.830361613999415, 40.871545957920034 ], [ -73.830363006681011, 40.871550631722819 ], [ -73.830363887074839, 40.871557047216356 ], [ -73.830363715056521, 40.871562655191788 ], [ -73.830362930036458, 40.871567191686005 ], [ -73.830359863461837, 40.871575578811743 ], [ -73.829937469722779, 40.872290497572919 ], [ -73.829930968072077, 40.872301501900829 ], [ -73.82993035329298, 40.87230297782083 ], [ -73.829929132032262, 40.872306908479324 ], [ -73.829928372476132, 40.872312633546557 ], [ -73.829928831557396, 40.872318642340431 ], [ -73.829930607577452, 40.872324634088244 ], [ -73.829933392492464, 40.872329923167541 ], [ -73.829937600785058, 40.872335248564639 ], [ -73.829940710840432, 40.872338203209061 ], [ -73.829945105791666, 40.872341518980519 ], [ -73.830254988259071, 40.87244780054337 ], [ -73.830262164552053, 40.872450401852667 ], [ -73.83026896508035, 40.872451990422988 ], [ -73.83027749919701, 40.872452937707301 ], [ -73.83028423848998, 40.872452913329312 ], [ -73.830292270839067, 40.872451996794261 ], [ -73.830299810725961, 40.872450190659997 ], [ -73.83030520735241, 40.87244825805724 ], [ -73.830310371539113, 40.872445810026193 ], [ -73.830315160905556, 40.8724428850892 ], [ -73.830318330900667, 40.872440500797872 ], [ -73.830321771947595, 40.872437363976957 ], [ -73.830456648113909, 40.872207044804604 ], [ -73.830459087770976, 40.872200712583506 ], [ -73.830460073183829, 40.872196682520361 ], [ -73.830460605809506, 40.872192973290865 ], [ -73.830460786810406, 40.872188508023008 ], [ -73.830460351999704, 40.872183206181383 ], [ -73.830459166398455, 40.872177791552424 ], [ -73.830457719061997, 40.872173625562532 ], [ -73.830455516134236, 40.872168982108619 ], [ -73.830453133452934, 40.872165074084798 ], [ -73.830449961312084, 40.87216087493907 ], [ -73.83044543366745, 40.872156085762349 ], [ -73.830361027762336, 40.872118289477527 ], [ -73.830355330847524, 40.872115211320917 ], [ -73.830350253337457, 40.872111560511009 ], [ -73.830345896118573, 40.872107407303496 ], [ -73.830342342953088, 40.872102834811308 ], [ -73.830339662614577, 40.87209793039051 ], [ -73.830337910618951, 40.872092790497277 ], [ -73.830337117348037, 40.872087516069861 ], [ -73.830337300616122, 40.872082208864434 ], [ -73.830338455088182, 40.872076972356737 ], [ -73.830340560663231, 40.872071910172238 ], [ -73.830444633297432, 40.871891315814807 ], [ -73.830561506710112, 40.871691029345989 ], [ -73.8305961071989, 40.871632206049789 ], [ -73.830728410243992, 40.87140925952226 ], [ -73.830754633862284, 40.871364065515579 ], [ -73.83076429811851, 40.871347402590786 ], [ -73.830780847965329, 40.871318872326263 ], [ -73.830807072697127, 40.871273689017059 ], [ -73.830833296206947, 40.871228494907619 ], [ -73.830859508991026, 40.871183301696234 ], [ -73.830885733530621, 40.871138108497078 ], [ -73.830895564513071, 40.871121166635426 ], [ -73.830911958118108, 40.871092925162522 ], [ -73.830920834712416, 40.871077620855871 ], [ -73.83093817079758, 40.871047731012048 ], [ -73.830955654264983, 40.871020985108608 ], [ -73.83097192777079, 40.870993796964669 ], [ -73.830986979198002, 40.870966209062864 ], [ -73.831000787087646, 40.870938251989735 ], [ -73.831013338485079, 40.870909949905055 ], [ -73.831024622614422, 40.870881338012616 ], [ -73.831034613010445, 40.870852465802017 ], [ -73.831043311203956, 40.870823338711176 ], [ -73.831058460562474, 40.870771196269864 ], [ -73.831071252521483, 40.870718680348787 ], [ -73.831081637092026, 40.870665863741607 ], [ -73.831089622607763, 40.870612808620201 ], [ -73.831095202731774, 40.870559580647559 ], [ -73.83109837503136, 40.870506230268582 ], [ -73.831098716216204, 40.870440132004525 ], [ -73.831096714932428, 40.870375258501305 ], [ -73.831097876387531, 40.870371012598625 ], [ -73.831099672737565, 40.870366681206384 ], [ -73.831102548848619, 40.87036175967868 ], [ -73.8311060013543, 40.870357352407581 ], [ -73.83111059992649, 40.870352846760909 ], [ -73.83111645692604, 40.87034847890304 ], [ -73.831124173501323, 40.87034426059045 ], [ -73.831130578519208, 40.87034172976017 ], [ -73.831138960401844, 40.870339466437919 ], [ -73.831506934506336, 40.870301089290429 ], [ -73.831634094560712, 40.870287368837737 ], [ -73.831667900443136, 40.870283554181263 ], [ -73.831719858643694, 40.870277690359757 ], [ -73.831763246287338, 40.870272268859871 ], [ -73.831855447325367, 40.870259602852116 ], [ -73.831917508824034, 40.870254194978926 ], [ -73.831978140825029, 40.87024974765017 ], [ -73.832005993875057, 40.87024693548419 ], [ -73.832037565176634, 40.870243424489928 ], [ -73.832070838811518, 40.870238044856215 ], [ -73.832284684623531, 40.870187700837718 ], [ -73.832318077101647, 40.870179839485523 ], [ -73.833223053554079, 40.87178859883813 ], [ -73.832425358019435, 40.872633747019293 ], [ -73.831418799425052, 40.872440896113268 ], [ -73.831408542980952, 40.872438930693768 ], [ -73.831402631967123, 40.872438370904504 ], [ -73.831398696306366, 40.872438222008583 ], [ -73.831393265284234, 40.872438303161083 ], [ -73.831387651838412, 40.872438742524217 ], [ -73.831383249181584, 40.872439346625697 ], [ -73.831377699311616, 40.872440443387973 ], [ -73.831372888058297, 40.872441717750398 ], [ -73.831368339620852, 40.872443223060223 ], [ -73.831365121609267, 40.872444479925086 ], [ -73.83136044690491, 40.872446623449989 ], [ -73.831355516911003, 40.872449349200274 ], [ -73.831350857899452, 40.872452821915942 ], [ -73.831003828748166, 40.872724487128608 ], [ -73.830465117123964, 40.873091214428605 ], [ -73.830362221243632, 40.873147956065708 ], [ -73.830310583486565, 40.873172817381231 ], [ -73.830266564143614, 40.873193451241022 ], [ -73.83021202351523, 40.873216436122931 ], [ -73.830173489257248, 40.873230713356691 ], [ -73.830128893141023, 40.873245378770655 ], [ -73.830088517896328, 40.873257277773128 ], [ -73.830046336415108, 40.873268000786013 ], [ -73.830008960954274, 40.873276334635499 ], [ -73.829981760958376, 40.87328161287143 ], [ -73.829936615895122, 40.873287798342993 ], [ -73.829907032065734, 40.873290990194178 ], [ -73.829876649872517, 40.873292800323419 ], [ -73.82958871220066, 40.873305729292888 ], [ -73.829585226142939, 40.873307863710657 ], [ -73.829601007909588, 40.873413698382834 ], [ -73.829610620560928, 40.873481721250222 ], [ -73.829614223140268, 40.873507226663811 ], [ -73.829618197466544, 40.873571947217059 ], [ -73.829639043857512, 40.873911491987478 ], [ -73.829652258072386, 40.873993004105621 ], [ -73.829662805034204, 40.874045967688048 ], [ -73.829677036047102, 40.874107552551003 ], [ -73.829697750810354, 40.874184232073652 ], [ -73.829721240254145, 40.874259096698559 ], [ -73.829762063782539, 40.874369834492093 ], [ -73.830144161210114, 40.875145020174365 ], [ -73.830164317180646, 40.875177003715521 ], [ -73.830184497148664, 40.87520236244324 ], [ -73.830208202725146, 40.875226881741938 ], [ -73.830238969046306, 40.875252936865273 ], [ -73.830268230106299, 40.875273326492035 ], [ -73.830306482491309, 40.875295100845882 ], [ -73.830332611047155, 40.875307380575926 ], [ -73.830359662870521, 40.875318196543397 ], [ -73.831118469013447, 40.875564619711866 ], [ -73.831141494203536, 40.875569508823105 ], [ -73.831169637650063, 40.875573758074125 ], [ -73.831204565382876, 40.875576753840491 ], [ -73.831275663970359, 40.875577275716715 ], [ -73.831772285706094, 40.875580920041592 ], [ -73.831868794619581, 40.875588417866453 ], [ -73.831942797740382, 40.875597652266684 ], [ -73.831999241839753, 40.875606928542616 ], [ -73.832048832236538, 40.875616721604715 ], [ -73.832100497114837, 40.875628611307107 ], [ -73.832128953163078, 40.875635936825539 ], [ -73.832182468471871, 40.875532794190455 ], [ -73.833004267042909, 40.875787223532889 ], [ -73.833043899261796, 40.875799492508563 ], [ -73.833073508220721, 40.875807919907864 ], [ -73.833110722265701, 40.875817538735085 ], [ -73.83314877196517, 40.87582606383441 ], [ -73.833192226254482, 40.875834218521568 ], [ -73.83322624223149, 40.875839477999484 ], [ -73.833272417461586, 40.875845072035851 ], [ -73.833315888967221, 40.875848744940271 ], [ -73.833351780693633, 40.875850630212305 ], [ -73.833517996982337, 40.875855993304036 ], [ -73.833673504838615, 40.875861012011043 ], [ -73.833676139551272, 40.875861096878104 ], [ -73.833675929405729, 40.875864958758989 ], [ -73.833520303926861, 40.875859945323377 ], [ -73.833362618049875, 40.875854864700315 ], [ -73.833325401692704, 40.875853222469424 ], [ -73.833294392680727, 40.875851008361103 ], [ -73.833259777600816, 40.875847621907184 ], [ -73.833223602015437, 40.875843036531336 ], [ -73.833182401241572, 40.875836484419658 ], [ -73.833154350322914, 40.87583119482936 ], [ -73.833130027744986, 40.875826051174769 ], [ -73.833104823115264, 40.875820161425779 ], [ -73.833075209809437, 40.875812495906885 ], [ -73.833042055332712, 40.87580292436018 ], [ -73.832320449016692, 40.875579516131637 ], [ -73.832311831641462, 40.875577062353521 ], [ -73.832307811213582, 40.875576101040139 ], [ -73.832302856186459, 40.875575478856724 ], [ -73.832297806004561, 40.875575440891069 ], [ -73.832293496144587, 40.875575880354631 ], [ -73.83228932639706, 40.875576745007415 ], [ -73.832285536485415, 40.875577945265697 ], [ -73.832280959072108, 40.875580025053068 ], [ -73.832278004147639, 40.875581837987163 ], [ -73.832275121511358, 40.875584093078302 ], [ -73.832272451270342, 40.875586823994482 ], [ -73.83227092534122, 40.875588833430079 ], [ -73.832269638748983, 40.875590949544026 ], [ -73.832266090496191, 40.875597015489191 ], [ -73.832130962359003, 40.875835307432929 ], [ -73.832129546334272, 40.875838875838262 ], [ -73.832128647104085, 40.875842141481968 ], [ -73.832127953068081, 40.875847338099796 ], [ -73.832128189215879, 40.875852942234893 ], [ -73.83212933980181, 40.875858161281784 ], [ -73.832131345414851, 40.875863521284224 ], [ -73.832133686312929, 40.875867220313403 ], [ -73.832136047099297, 40.875870506014408 ], [ -73.832139492847219, 40.875874491176141 ], [ -73.8321430525381, 40.875878004667939 ], [ -73.83214661840897, 40.875880467333275 ], [ -73.832150880467992, 40.875882991329725 ], [ -73.832461782268226, 40.875986786541233 ], [ -73.832470063093027, 40.875989550527279 ], [ -73.832473868534791, 40.875990154886438 ], [ -73.83247978000216, 40.875990707342645 ], [ -73.832486443448545, 40.875990788135503 ], [ -73.832492732283484, 40.875990338991862 ], [ -73.83249871016595, 40.875989422832056 ], [ -73.832504049509623, 40.875988178889308 ], [ -73.832510582186089, 40.875986050651036 ], [ -73.832517280694589, 40.875983063564085 ], [ -73.832521951001581, 40.875980386829944 ], [ -73.832527066334308, 40.875976713951438 ], [ -73.832563993734937, 40.875915488388429 ], [ -73.832565200704224, 40.875913914263492 ], [ -73.832567378982461, 40.87591147434302 ], [ -73.832570141374887, 40.875908913799513 ], [ -73.832572958451877, 40.875906740507745 ], [ -73.832575172304985, 40.875905272335096 ], [ -73.832578068871172, 40.875903615080517 ], [ -73.832580406473241, 40.875902462313867 ], [ -73.83258321998261, 40.875901267822265 ], [ -73.832585061637275, 40.875900587005994 ], [ -73.832587127563798, 40.875899913709738 ], [ -73.832589289434424, 40.875899304551915 ], [ -73.832593140125624, 40.875898439341228 ], [ -73.832598169768445, 40.87589771546785 ], [ -73.832603124698039, 40.87589742366692 ], [ -73.832608468805446, 40.875897567457343 ], [ -73.832613524707085, 40.875898145685348 ], [ -73.832619790048099, 40.875899494742235 ], [ -73.832624480680664, 40.875900954034371 ], [ -73.832627689543898, 40.875901987025685 ], [ -73.832954827164443, 40.876007240815937 ], [ -73.832982824520755, 40.876016895015503 ], [ -73.833015775272401, 40.87602731374573 ], [ -73.833042969166314, 40.876035171203014 ], [ -73.833066120703535, 40.876041350546551 ], [ -73.833085276606397, 40.876046117547453 ], [ -73.83310884991468, 40.876051563639237 ], [ -73.833134652474371, 40.876057002160984 ], [ -73.833157243938814, 40.876061325712982 ], [ -73.833185871258365, 40.87606622612001 ], [ -73.833210266498568, 40.876069901239852 ], [ -73.833235445608196, 40.876073219931136 ], [ -73.833259848992668, 40.876075979240724 ], [ -73.833285253374797, 40.876078380679033 ], [ -73.83331215709164, 40.87608040513939 ], [ -73.833336402720576, 40.876081773880919 ], [ -73.833645187006155, 40.876095575920353 ], [ -73.833639430395692, 40.876193880487698 ], [ -73.83363107742187, 40.876296668420743 ], [ -73.833616936226846, 40.87642788281407 ], [ -73.833598204801319, 40.876563447100423 ], [ -73.833571112197063, 40.876721124424712 ], [ -73.833532045551564, 40.876905785605089 ], [ -73.833505805095911, 40.877012543135876 ], [ -73.833454529952093, 40.877195435255139 ], [ -73.833370615691663, 40.87744719730744 ], [ -73.833292631877327, 40.877647193300838 ], [ -73.833215300377901, 40.877823485678825 ], [ -73.833141913472105, 40.877975569558949 ], [ -73.833054432213189, 40.878140748558337 ], [ -73.832954574497464, 40.8783157096561 ], [ -73.832859775572174, 40.878275277076007 ], [ -73.832744597540966, 40.878220020746205 ], [ -73.83263827531654, 40.878169347178108 ], [ -73.832478057293642, 40.878087889311935 ], [ -73.832368649522678, 40.878039592770577 ], [ -73.832203028060007, 40.877968977603352 ], [ -73.83154789588464, 40.877743402112387 ], [ -73.831539560426009, 40.877741510540332 ], [ -73.831532074839146, 40.877740411871891 ], [ -73.831521759255324, 40.877739929396249 ], [ -73.831511641362937, 40.877740594501645 ], [ -73.831501617773753, 40.877742406955832 ], [ -73.831491538634495, 40.877745523230296 ], [ -73.831485424517609, 40.877748156316827 ], [ -73.831479067328175, 40.877752109178807 ], [ -73.831340447953579, 40.877988360765258 ], [ -73.831337260121117, 40.87799447137921 ], [ -73.831335601841261, 40.878002737267664 ], [ -73.831335744391254, 40.878008282620414 ], [ -73.831338941742843, 40.878019010408636 ], [ -73.831342967540948, 40.878025423294503 ], [ -73.831347643218578, 40.87803052235148 ], [ -73.831353740565376, 40.878035466878735 ], [ -73.831359238716175, 40.878038561757727 ], [ -73.83165632487345, 40.878135090944433 ], [ -73.831666831505302, 40.878135582638926 ], [ -73.831676569247335, 40.878134681047719 ], [ -73.831686428107361, 40.878132348734631 ], [ -73.831695602328537, 40.87812864852237 ], [ -73.831704201593681, 40.878123358125308 ], [ -73.831711662626972, 40.878116411799468 ], [ -73.831716429446047, 40.878109382314868 ], [ -73.831754622132934, 40.878047321373423 ], [ -73.831758714422961, 40.878043374225513 ], [ -73.831763675479991, 40.878039811919741 ], [ -73.83177015207059, 40.8780364598002 ], [ -73.831777826303608, 40.878033847883195 ], [ -73.831785374220956, 40.87803241269058 ], [ -73.831793057197757, 40.878031963779165 ], [ -73.831799734356466, 40.878032368808377 ], [ -73.83180587708982, 40.878033416058535 ], [ -73.831814442616277, 40.878035831982892 ], [ -73.831876336244505, 40.878054651505266 ], [ -73.831934817493476, 40.878073611082769 ], [ -73.831985875522747, 40.878091124397372 ], [ -73.83204297155406, 40.878111802675484 ], [ -73.832119960421167, 40.878141573387083 ], [ -73.832189881725881, 40.878170569201771 ], [ -73.832261907424638, 40.878202482118446 ], [ -73.832364367624507, 40.878249495289495 ], [ -73.832460967176743, 40.878295054648966 ], [ -73.832565575056407, 40.878345792566094 ], [ -73.832649615657019, 40.878387634309931 ], [ -73.832741386249609, 40.878434448079048 ], [ -73.832798185099108, 40.878464024147803 ], [ -73.832835902698278, 40.878483920327049 ], [ -73.83281133476693, 40.878523142420669 ], [ -73.832782423490386, 40.87856840329497 ], [ -73.83275525681772, 40.878610129441284 ], [ -73.832734843196718, 40.878640992938145 ], [ -73.832716162002797, 40.878668876517374 ], [ -73.832697136353261, 40.878696936113236 ], [ -73.832679533267481, 40.878722600700087 ], [ -73.832664241949615, 40.878744668390596 ], [ -73.832641611998767, 40.878776949596336 ], [ -73.832621158388406, 40.878805749994086 ], [ -73.832604015297591, 40.878829623269191 ], [ -73.832587401367718, 40.878852532810022 ], [ -73.832564896385293, 40.878883217640208 ], [ -73.832540380569554, 40.878916200323538 ], [ -73.832516469336241, 40.878947940211518 ], [ -73.832490979566842, 40.878981314077855 ], [ -73.83249028088855, 40.878982227953642 ], [ -73.832470837599359, 40.87900737650471 ], [ -73.832449520368485, 40.879034648427861 ], [ -73.832429362015233, 40.879060158842556 ], [ -73.832392376997319, 40.879106774777703 ], [ -73.832333703550262, 40.879177710169429 ], [ -73.83225501512463, 40.879270350660427 ], [ -73.832242478471713, 40.879285320189425 ], [ -73.832225047371438, 40.879302890400474 ], [ -73.832206300051638, 40.879318736915167 ], [ -73.832190217277187, 40.879330410901304 ], [ -73.832162290274027, 40.879347386822069 ], [ -73.832138096551049, 40.8793593505807 ], [ -73.832112143441122, 40.879369839548588 ], [ -73.832091808974894, 40.879376182709535 ], [ -73.832078583107446, 40.87938030931435 ], [ -73.832061222461661, 40.879384493809631 ], [ -73.832021733771427, 40.879391156656013 ], [ -73.831984484014981, 40.879394019882604 ], [ -73.831960669937402, 40.879394655194588 ], [ -73.831939401311118, 40.879393199568646 ], [ -73.831915239198807, 40.879389807373386 ], [ -73.831892870634476, 40.87938557844128 ], [ -73.83187775270585, 40.879382116520659 ], [ -73.831861504999026, 40.879377829918234 ], [ -73.831848422749758, 40.879373934180244 ], [ -73.831832717290865, 40.879368707372841 ], [ -73.831816187271571, 40.879362521217011 ], [ -73.831790534343085, 40.879351411322695 ], [ -73.831771780945473, 40.879342002650354 ], [ -73.831750430356578, 40.879329783355232 ], [ -73.831733808826286, 40.879318999177265 ], [ -73.831721097036308, 40.879309883838495 ], [ -73.831702850309725, 40.879295266556966 ], [ -73.831689466105814, 40.879283176922343 ], [ -73.831675019598975, 40.879268517415603 ], [ -73.831565390632733, 40.879144079767713 ], [ -73.831510382368208, 40.87908299210298 ], [ -73.831474258420172, 40.879043351047081 ], [ -73.831421706517787, 40.878986335331362 ], [ -73.831387681711618, 40.878949825647062 ], [ -73.831356371747873, 40.878916503133468 ], [ -73.831278071526526, 40.878834300733473 ], [ -73.831202246855952, 40.878757946125702 ], [ -73.831128565380055, 40.878691264120334 ], [ -73.831048803585688, 40.878619964402823 ], [ -73.83098725467876, 40.878571398955664 ], [ -73.830930162313521, 40.878528756348231 ], [ -73.830870301301218, 40.878487367539876 ], [ -73.830803759986239, 40.87844639120587 ], [ -73.830754369234214, 40.878418900599399 ], [ -73.830701762773273, 40.878389366489579 ], [ -73.830644627425642, 40.878361867138466 ], [ -73.830585917309378, 40.878333587505011 ], [ -73.830532811021172, 40.87831214253746 ], [ -73.830479471002292, 40.878289785992074 ], [ -73.830422881862276, 40.878267729076647 ], [ -73.830369861290151, 40.878248541687718 ], [ -73.830307257864575, 40.878227652774711 ], [ -73.830261172090275, 40.87821345264517 ], [ -73.83020640324024, 40.878197829474871 ], [ -73.830158312014419, 40.878185201307723 ], [ -73.83010928757794, 40.878173349769988 ], [ -73.830061249379582, 40.878162714472609 ], [ -73.830008411065009, 40.878152108886475 ], [ -73.829958774127604, 40.87814316853769 ], [ -73.829908854867071, 40.878135158035981 ], [ -73.829890830801702, 40.878132572240538 ], [ -73.829871171241919, 40.878129751708052 ], [ -73.829825427254505, 40.87812392463065 ], [ -73.829761974218016, 40.878116160538646 ], [ -73.829755910210892, 40.878114465025725 ], [ -73.82974793856414, 40.878110905291507 ], [ -73.829740803487752, 40.878106311264744 ], [ -73.829734854757774, 40.878100835556189 ], [ -73.829728754951446, 40.87809224852635 ], [ -73.829726048031915, 40.878085165754975 ], [ -73.829725197717337, 40.878080379309282 ], [ -73.829673306543313, 40.877438166588547 ], [ -73.82966832696853, 40.877375336536709 ], [ -73.829668196210122, 40.877343050136844 ], [ -73.829671062067007, 40.877302460276304 ], [ -73.82967640927113, 40.877266725026224 ], [ -73.829685545547804, 40.877226900787115 ], [ -73.829699285830245, 40.877183937113422 ], [ -73.829712791121878, 40.877150735301555 ], [ -73.829725612027318, 40.877123956538107 ], [ -73.829734109247823, 40.877107998907135 ], [ -73.830169838597769, 40.876372113344239 ], [ -73.830173871314969, 40.876367796893945 ], [ -73.83017948948023, 40.876363313537432 ], [ -73.830184287478417, 40.876360402090249 ], [ -73.830192099022852, 40.876356926035577 ], [ -73.830199868316171, 40.876354672756591 ], [ -73.830208311424002, 40.876353344311767 ], [ -73.830218525241307, 40.876353148702428 ], [ -73.830222671787197, 40.876353500570744 ], [ -73.830228815785077, 40.876354500136955 ], [ -73.830235177497144, 40.876356176321295 ], [ -73.830604808610573, 40.87647738309834 ], [ -73.830610836503169, 40.87647875442093 ], [ -73.830617378120621, 40.876479690636614 ], [ -73.830623217532491, 40.876480071078817 ], [ -73.830628463664993, 40.876480055446045 ], [ -73.830634462982431, 40.87647962120456 ], [ -73.830641305054073, 40.876478566867689 ], [ -73.830648939387714, 40.87647663753733 ], [ -73.830655393220823, 40.876474306583923 ], [ -73.830661989174985, 40.876471133060946 ], [ -73.83066831311578, 40.876467136941891 ], [ -73.830797362108271, 40.876239920152877 ], [ -73.830799309966068, 40.876236237347563 ], [ -73.830800662068327, 40.876232655394993 ], [ -73.830801760837133, 40.876227450344985 ], [ -73.830801922044984, 40.876222832875591 ], [ -73.830800949609838, 40.876216639704438 ], [ -73.830798299579357, 40.876210011807359 ], [ -73.830795257873874, 40.876205319363393 ], [ -73.830791718432664, 40.876201319551733 ], [ -73.830787847646008, 40.876197939749161 ], [ -73.830784011868232, 40.876195268670905 ], [ -73.83078043828003, 40.876193079766352 ], [ -73.830777953790786, 40.876191779410902 ], [ -73.830478295993117, 40.876091535965138 ], [ -73.83047286783632, 40.876089900821555 ], [ -73.830467880463786, 40.876088945216537 ], [ -73.83046157757073, 40.876088414585986 ], [ -73.830456379951229, 40.876088522223945 ], [ -73.830452908919227, 40.876088867396923 ], [ -73.830446690561175, 40.876090065780787 ], [ -73.830440541361952, 40.876092063957863 ], [ -73.830433709957717, 40.876095474879385 ], [ -73.830428769245856, 40.876099040755598 ], [ -73.830424536097411, 40.876103306473397 ], [ -73.830421074257657, 40.876108472824676 ], [ -73.830378324663656, 40.876172390724008 ], [ -73.830374202455545, 40.876177362599726 ], [ -73.830368314039049, 40.876182246291606 ], [ -73.830359657074325, 40.876186924209797 ], [ -73.830348511190621, 40.876190226963544 ], [ -73.83033627376112, 40.876191226577291 ], [ -73.830327119829022, 40.876190334187193 ], [ -73.830320309555944, 40.876188699679957 ], [ -73.830313959172514, 40.876186304053057 ], [ -73.829076974964991, 40.875766783118166 ], [ -73.829072219285578, 40.875762022415209 ], [ -73.829068552828545, 40.875757190292198 ], [ -73.829065531008283, 40.87575172072652 ], [ -73.829063812895257, 40.875747206718756 ], [ -73.829062366529087, 40.875739924179562 ], [ -73.829062247568672, 40.8757354386439 ], [ -73.829063140197263, 40.875728797888989 ], [ -73.829065075059489, 40.875722828700518 ], [ -73.829341567340194, 40.875249425412051 ], [ -73.829343097118041, 40.875244102134253 ], [ -73.829344288889757, 40.875238298489549 ], [ -73.829345317778063, 40.875230771904342 ], [ -73.8293447180898, 40.875224079410792 ], [ -73.829343008168323, 40.875217316925443 ], [ -73.829340848438335, 40.875212924744126 ], [ -73.82933663550476, 40.875208409723001 ], [ -73.829332135624639, 40.875205206379398 ], [ -73.829325133840001, 40.875201071724938 ], [ -73.829023533099459, 40.875103273634551 ], [ -73.82901788147602, 40.875102350360372 ], [ -73.829009343178129, 40.875102003647932 ], [ -73.829001056309792, 40.875103016090428 ], [ -73.82899071574478, 40.875105084520804 ], [ -73.828984589018987, 40.875107105074584 ], [ -73.82897944539053, 40.875109302769992 ], [ -73.828973783064285, 40.875112496489194 ], [ -73.828969387085081, 40.875115525521714 ], [ -73.828964712180195, 40.875119957095286 ], [ -73.82896105642088, 40.875124819769368 ], [ -73.828837923391632, 40.875339965038002 ], [ -73.828835404901071, 40.875347273316251 ], [ -73.828835145739504, 40.875352085144655 ], [ -73.828835382583293, 40.875355940486784 ], [ -73.828836617665232, 40.875361884679812 ], [ -73.828838236812246, 40.875366129246821 ], [ -73.828840503112701, 40.87537059906473 ], [ -73.828843542500579, 40.875375181713494 ], [ -73.828851377403126, 40.8753819640919 ], [ -73.828858085012882, 40.875386099175856 ], [ -73.828934596128832, 40.875414421518222 ], [ -73.82894138628275, 40.875416934995094 ], [ -73.828951523426142, 40.875422496187774 ], [ -73.828956358589167, 40.875426766272923 ], [ -73.828960029425332, 40.875430828411801 ], [ -73.828963261745969, 40.875437920100033 ], [ -73.828964821033182, 40.875443287526679 ], [ -73.828965266568744, 40.875447167440193 ], [ -73.828964844204208, 40.87545180167055 ], [ -73.828963387246006, 40.875456010216617 ], [ -73.82831991652661, 40.876547951265941 ], [ -73.828315225525884, 40.876553950551845 ], [ -73.828311480459689, 40.876556599629929 ], [ -73.828306463128271, 40.876559005459185 ], [ -73.828300572087372, 40.876560651787237 ], [ -73.828293042033323, 40.876562118317686 ], [ -73.828284894346211, 40.876562979578416 ], [ -73.828275422030629, 40.876562662958293 ], [ -73.828271413112134, 40.876562279686162 ], [ -73.82826321890704, 40.87656092484211 ], [ -73.827638218846801, 40.876347730257066 ], [ -73.827630647580918, 40.876344522171777 ], [ -73.827626676120062, 40.876341133998153 ], [ -73.827624417356617, 40.876338366957086 ], [ -73.827622648911827, 40.876331788074047 ], [ -73.827622414139242, 40.876324439733466 ], [ -73.827623404754718, 40.876317557863977 ], [ -73.82762869051588, 40.876305443378698 ], [ -73.827662153960077, 40.876243722456515 ], [ -73.827665748598818, 40.876235032685422 ], [ -73.827665771682732, 40.876226554585763 ], [ -73.8276648295098, 40.876219769798567 ], [ -73.82766197753844, 40.876211528756045 ], [ -73.827657209535474, 40.87620376839439 ], [ -73.827652977143302, 40.876198999381081 ], [ -73.827647425792165, 40.876194571394244 ], [ -73.827358237224345, 40.876097649379169 ], [ -73.827349649987454, 40.876094627066976 ], [ -73.827338417479538, 40.876091934840119 ], [ -73.82732629759073, 40.876091080184381 ], [ -73.827314617062285, 40.876091397657319 ], [ -73.827304694766084, 40.87609355657932 ], [ -73.827295868634792, 40.87609755679793 ], [ -73.827290626057263, 40.876102154101652 ], [ -73.827142705812975, 40.876327528655587 ], [ -73.827140418969421, 40.876332388805864 ], [ -73.827138146816736, 40.876341643315662 ], [ -73.827138124697285, 40.876349682878683 ], [ -73.827140355669286, 40.876356263382803 ], [ -73.827144835045715, 40.876361873890581 ], [ -73.827151881467117, 40.87636846253482 ], [ -73.827162784898789, 40.876374082673721 ], [ -73.828142071560848, 40.876707745753833 ], [ -73.828149400719283, 40.8767142041672 ], [ -73.828153989564029, 40.876722960196304 ], [ -73.828155924648129, 40.876730249832192 ], [ -73.828156093324637, 40.876737480113924 ], [ -73.828154766876224, 40.87674442364446 ], [ -73.82815194786987, 40.876751365870057 ], [ -73.828148383568305, 40.876756605869979 ], [ -73.828141602830755, 40.876765116227197 ], [ -73.828122387064411, 40.876797793421389 ], [ -73.828116528575421, 40.876809346059865 ], [ -73.828069807404475, 40.876901465867384 ], [ -73.828026862452006, 40.876999477844436 ], [ -73.828004315586298, 40.877064136342959 ], [ -73.827977401981983, 40.877162090230421 ], [ -73.827955823676106, 40.877257680265679 ], [ -73.827939572418941, 40.877347631204934 ], [ -73.827931934626534, 40.877416354238818 ], [ -73.827928596841005, 40.877474745156022 ], [ -73.827931642554987, 40.877533780402295 ], [ -73.827938798641839, 40.877654346929674 ], [ -73.827975665848015, 40.878106180685982 ], [ -73.827980621037739, 40.878144361674813 ], [ -73.827984650757472, 40.878168345001129 ], [ -73.827991265569125, 40.87819969648514 ], [ -73.827999748772186, 40.878225660379783 ], [ -73.828009435988463, 40.878255300943543 ], [ -73.828020422936959, 40.878286128467607 ], [ -73.828037153683155, 40.878320868238454 ], [ -73.828041254319402, 40.878329381348422 ], [ -73.828044617251962, 40.878335082847634 ], [ -73.828051337458064, 40.878346801061049 ], [ -73.828052551316219, 40.878350888340442 ], [ -73.828053266663233, 40.878355012773198 ], [ -73.828053817506841, 40.878360820842062 ], [ -73.828053191880841, 40.878366963964183 ], [ -73.828051216828555, 40.878373278833052 ], [ -73.828048467220526, 40.878379524198458 ], [ -73.828043257356327, 40.878387020187226 ], [ -73.828036816792888, 40.878392848445003 ], [ -73.82803061393065, 40.878397116490923 ], [ -73.826852877619245, 40.878779859422373 ], [ -73.826844407629977, 40.878783154143569 ], [ -73.826834916848497, 40.87878527945746 ], [ -73.826826712529908, 40.878785850652285 ], [ -73.826818509138164, 40.878785643823207 ], [ -73.826805697398342, 40.878783290501175 ], [ -73.826798016665009, 40.878779194330932 ], [ -73.826792777812713, 40.878774061784931 ], [ -73.826534097100122, 40.87828430415891 ], [ -73.82650801505919, 40.878240383120371 ], [ -73.826478951624836, 40.878202833964338 ], [ -73.826460253623566, 40.878181230092963 ], [ -73.826434937008059, 40.878155892693826 ], [ -73.826401941031804, 40.87812686517141 ], [ -73.826363447553575, 40.878095984351837 ], [ -73.826343270434165, 40.878082919361304 ], [ -73.826322982851522, 40.878070794355331 ], [ -73.826298510044651, 40.878057187051894 ], [ -73.826258837077432, 40.878040015232592 ], [ -73.826202172101048, 40.878019924533078 ], [ -73.824871005937723, 40.87756755589394 ], [ -73.824862371433312, 40.877563535612502 ], [ -73.824854112475521, 40.877558374043112 ], [ -73.824848613556185, 40.877552062261344 ], [ -73.824846082121923, 40.877542961627356 ], [ -73.824846826152978, 40.877534783620092 ], [ -73.824851098519161, 40.877524798258321 ], [ -73.824969679607207, 40.87731740990386 ], [ -73.824976527539164, 40.877309676103884 ], [ -73.824983706099459, 40.877304798242633 ], [ -73.824990261849308, 40.877302586723196 ], [ -73.824997588187941, 40.877301484766981 ], [ -73.825005140372056, 40.877301133403208 ], [ -73.825013779712762, 40.87730196679049 ], [ -73.825019899034714, 40.877303342140245 ], [ -73.825027815113543, 40.87730581338424 ], [ -73.825117121917515, 40.87733501675735 ], [ -73.825130541506567, 40.877339798880136 ], [ -73.825135952038536, 40.877340874236111 ], [ -73.825140816799163, 40.877341101303337 ], [ -73.825145028476257, 40.877341050970401 ], [ -73.825151065452317, 40.877340338822798 ], [ -73.825156867631947, 40.87733913557522 ], [ -73.82516241968888, 40.877336941347849 ], [ -73.825166811701862, 40.87733420157933 ], [ -73.825171926591054, 40.877327748295428 ], [ -73.825315222226621, 40.877098127044484 ], [ -73.825319354710501, 40.877089410220016 ], [ -73.825320247431719, 40.877081960934014 ], [ -73.825318741563862, 40.877073516574491 ], [ -73.825314401031065, 40.877065232644746 ], [ -73.825309546190738, 40.877059015474437 ], [ -73.825306084474235, 40.877055786526967 ], [ -73.825301354515076, 40.877052629443675 ], [ -73.825002360990226, 40.876948637521622 ], [ -73.824992904327303, 40.876947341766616 ], [ -73.824980135539221, 40.876947755567087 ], [ -73.824972567381778, 40.876948788639403 ], [ -73.824963650712263, 40.876950576104463 ], [ -73.824952699005991, 40.876954323445347 ], [ -73.824945333989646, 40.876958407770509 ], [ -73.824938373652529, 40.876965561476162 ], [ -73.823959911589043, 40.878624102189526 ], [ -73.823956334165999, 40.87862784906681 ], [ -73.823952779472066, 40.878630172276416 ], [ -73.823948532948208, 40.878632112611349 ], [ -73.823942682901347, 40.878633901083695 ], [ -73.823934880166419, 40.878635615378869 ], [ -73.82392887863989, 40.878636335632713 ], [ -73.823922239824057, 40.878636679369137 ], [ -73.823916612459982, 40.878636788732841 ], [ -73.823910916528106, 40.878636361321902 ], [ -73.823905238339037, 40.878635518823152 ], [ -73.823899707949238, 40.878634387425841 ], [ -73.823811489422596, 40.878609064116681 ], [ -73.823802385049618, 40.878609050202421 ], [ -73.823788941262393, 40.878610674884378 ], [ -73.823778092765608, 40.878614277375085 ], [ -73.823769841646325, 40.878619528144647 ], [ -73.823762019330331, 40.878626423794771 ], [ -73.823755572328565, 40.878634945194648 ], [ -73.823631963365216, 40.878857900379543 ], [ -73.823627722124499, 40.878865899267574 ], [ -73.823626069137006, 40.878871385163173 ], [ -73.823625540157707, 40.878876256965746 ], [ -73.823626335990596, 40.878883054190219 ], [ -73.82362731062085, 40.878885939060055 ], [ -73.823630529870456, 40.87889153422033 ], [ -73.823633293584578, 40.878894467754627 ], [ -73.823636142805896, 40.87889645582726 ], [ -73.823645626807675, 40.878900046239217 ], [ -73.823943570948018, 40.879011245711681 ], [ -73.823951576450895, 40.879014514097719 ], [ -73.823958027038714, 40.879016254676877 ], [ -73.823967153280861, 40.879016979961357 ], [ -73.823974060375235, 40.879016150407743 ], [ -73.82398001524156, 40.87901512388985 ], [ -73.823984958911453, 40.879013359297772 ], [ -73.823994261062452, 40.879009049352135 ], [ -73.823999476520186, 40.879004544016261 ], [ -73.824288456142071, 40.878513455816609 ], [ -73.824289477022845, 40.878512321874219 ], [ -73.824294419859797, 40.87850814480278 ], [ -73.824302015360047, 40.878503593638662 ], [ -73.824310129716807, 40.878500231884956 ], [ -73.824321380443877, 40.87849747281868 ], [ -73.824331320215649, 40.87849563024146 ], [ -73.824343990365406, 40.878495369457468 ], [ -73.824351516904827, 40.878496224706637 ], [ -73.824355260308593, 40.878497016550469 ], [ -73.824790427019238, 40.878657754392755 ], [ -73.824814911424383, 40.878667806792507 ], [ -73.824849687354003, 40.878685712798095 ], [ -73.824888278613074, 40.878711346278791 ], [ -73.824914082773518, 40.878730248899856 ], [ -73.82493295703037, 40.878746065867091 ], [ -73.824952665623258, 40.878765372579707 ], [ -73.824971857960946, 40.878788360654021 ], [ -73.824990424160674, 40.878818920804896 ], [ -73.825233860083983, 40.87925579286415 ], [ -73.825234804587822, 40.879260230042235 ], [ -73.825234717776894, 40.879263944437007 ], [ -73.825233650241728, 40.879269242256804 ], [ -73.825232523141182, 40.879271958197883 ], [ -73.825230047619272, 40.879276299337569 ], [ -73.825227180765097, 40.87928007159303 ], [ -73.82522105680971, 40.87928537521573 ], [ -73.82521558782436, 40.879289324562194 ], [ -73.82521080874838, 40.879291667622027 ], [ -73.825205481559763, 40.879294003491303 ], [ -73.824251342454176, 40.879600519642217 ], [ -73.824207635862535, 40.879614560104592 ], [ -73.82393682838844, 40.879694843359012 ], [ -73.823737044407181, 40.879744045236428 ], [ -73.823677274511269, 40.879754094267 ], [ -73.823631403569536, 40.879762370721011 ], [ -73.823598596655017, 40.879766882430928 ], [ -73.823545584023094, 40.879771772885356 ], [ -73.82350834273447, 40.879773468276653 ], [ -73.823466709602641, 40.879773685458773 ], [ -73.823409171783723, 40.879771067003055 ], [ -73.823370709571961, 40.879767407918834 ], [ -73.82330824813971, 40.87975811369283 ], [ -73.823249728459274, 40.879745472941345 ], [ -73.823212448730388, 40.879735308651547 ], [ -73.823148789360502, 40.879713829801005 ], [ -73.823071820557089, 40.879679991935205 ], [ -73.823016052483737, 40.879649045682157 ], [ -73.822955902674181, 40.879608013400322 ], [ -73.822918666431576, 40.879577517864348 ], [ -73.82286862117617, 40.879528104075739 ], [ -73.822824174404971, 40.879472103641604 ], [ -73.822795251085608, 40.879425283235115 ], [ -73.822777084618366, 40.879388397335553 ], [ -73.822762459951505, 40.879350961217938 ], [ -73.822753938651374, 40.879323132047553 ], [ -73.822745124725174, 40.879283563535033 ], [ -73.822738995358023, 40.879226306355932 ], [ -73.82273991854747, 40.879190687946803 ], [ -73.822754941323197, 40.879056574915424 ] ] ] ] } },
{ "type": "Feature", "properties": { "Borough": "BX", "Block": 5141, "Lot": 280, "CD": 210, "BCT2020": "2046203", "BCTCB2020": "20462033016", "CT2010": "462.01", "CB2010": "1020", "SchoolDist": "11", "Council": 12, "ZipCode": 10475, "FireComp": "E066", "PolicePrct": 45, "HealthCent": 24, "HealthArea": 710, "Sanitboro": "2", "SanitDistr": "10", "SanitSub": "1D", "Address": "801 CO-OP CITY BOULEVARD", "ZoneDist1": "C4-1", "ZoneDist2": null, "ZoneDist3": null, "ZoneDist4": null, "Overlay1": null, "Overlay2": null, "SPDist1": null, "SPDist2": null, "SPDist3": null, "LtdHeight": null, "SplitZone": "N", "BldgClass": "I6", "LandUse": "08", "Easements": 0, "OwnerType": null, "OwnerName": "LANDA, BENJAMIN", "LotArea": 60811, "BldgArea": 185595, "ComArea": 185595, "ResArea": 0, "OfficeArea": 185595, "RetailArea": 0, "GarageArea": 0, "StrgeArea": 0, "FactryArea": 0, "OtherArea": 0, "AreaSource": "2", "NumBldgs": 1, "NumFloors": 14.0, "UnitsRes": 0, "UnitsTotal": 1, "LotFront": 232.4, "LotDepth": 549.93, "BldgFront": 174.0, "BldgDepth": 143.0, "Ext": "N", "ProxCode": "0", "IrrLotCode": "Y", "LotType": "5", "BsmtCode": "0", "AssessLand": 803250.0, "AssessTot": 15043500.0, "ExemptTot": 0.0, "YearBuilt": 1974, "YearAlter1": 1986, "YearAlter2": 2019, "HistDist": null, "Landmark": null, "BuiltFAR": 3.05, "ResidFAR": 1.5, "CommFAR": 1.0, "FacilFAR": 2.0, "BoroCode": 2, "BBL": 2051410279.9999998, "CondoNo": 0, "Tract2010": "046201", "XCoord": 1031520, "YCoord": 259685, "ZoneMap": "2b", "ZMCode": null, "Sanborn": "222 071", "TaxMap": "21710", "EDesigNum": null, "APPBBL": 2051410269.9999998, "APPDate": "10/07/2009", "PLUTOMapID": "1", "FIRM07_FLA": null, "PFIRM15_FL": null, "Version": "25v4", "DCPEdited": null, "Latitude": 40.8793229, "Longitude": -73.8290631, "Notes": null, "Shape_Leng": 0.0, "Shape_Area": 142032.55710899999 }, "geometry": { "type": "MultiPolygon", "coordinates": [ [ [ [ -73.82876793239781, 40.879885214967757 ], [ -73.828926634576831, 40.879832791678069 ], [ -73.828667615762114, 40.879369355271223 ], [ -73.828261760019956, 40.878643186822657 ], [ -73.828587546168762, 40.878536683617185 ], [ -73.828665215583072, 40.878510996418008 ], [ -73.828750963388742, 40.878490276600566 ], [ -73.828837579416984, 40.878471925296772 ], [ -73.828907144817279, 40.878459011113748 ], [ -73.829029608986119, 40.878440115038281 ], [ -73.829785938184202, 40.87978488432897 ], [ -73.829786003497091, 40.879784860080889 ], [ -73.829854128272956, 40.879905985595748 ], [ -73.829126163264092, 40.88022068009144 ], [ -73.828884961030809, 40.880086022357929 ], [ -73.82876793239781, 40.879885214967757 ] ] ] ] } },
{ "type": "Feature", "properties": { "Borough": "BX", "Block": 5141, "Lot": 298, "CD": 210, "BCT2020": "2046203", "BCTCB2020": "20462033016", "CT2010": "462.01", "CB2010": "1020", "SchoolDist": "11", "Council": 12, "ZipCode": 10475, "FireComp": "E066", "PolicePrct": 45, "HealthCent": 24, "HealthArea": 710, "Sanitboro": "2", "SanitDistr": "10", "SanitSub": "1D", "Address": "1010 BAYCHESTER AVENUE", "ZoneDist1": "C4-1", "ZoneDist2": null, "ZoneDist3": null, "ZoneDist4": null, "Overlay1": null, "Overlay2": null, "SPDist1": null, "SPDist2": null, "SPDist3": null, "LtdHeight": null, "SplitZone": "N", "BldgClass": "M1", "LandUse": "08", "Easements": 0, "OwnerType": "X", "OwnerName": "GREATER NEW YORK CORPORATION OF SEVENTH DAY AVENTISTS", "LotArea": 20250, "BldgArea": 3847, "ComArea": 3847, "ResArea": 0, "OfficeArea": 0, "RetailArea": 0, "GarageArea": 0, "StrgeArea": 0, "FactryArea": 0, "OtherArea": 3847, "AreaSource": "2", "NumBldgs": 1, "NumFloors": 1.0, "UnitsRes": 0, "UnitsTotal": 1, "LotFront": 150.0, "LotDepth": 135.17, "BldgFront": 54.0, "BldgDepth": 38.0, "Ext": "N", "ProxCode": "0", "IrrLotCode": "Y", "LotType": "5", "BsmtCode": "0", "AssessLand": 155250.0, "AssessTot": 931950.0, "ExemptTot": 931950.0, "YearBuilt": 1972, "YearAlter1": 2007, "YearAlter2": 0, "HistDist": null, "Landmark": null, "BuiltFAR": 0.19, "ResidFAR": 1.5, "CommFAR": 1.0, "FacilFAR": 2.0, "BoroCode": 2, "BBL": 2051410298.0, "CondoNo": 0, "Tract2010": "046201", "XCoord": 1030986, "YCoord": 259997, "ZoneMap": "2b", "ZMCode": null, "Sanborn": "222 066", "TaxMap": "21710", "EDesigNum": null, "APPBBL": 0.0, "APPDate": null, "PLUTOMapID": "1", "FIRM07_FLA": null, "PFIRM15_FL": null, "Version": "25v4", "DCPEdited": null, "Latitude": 40.8801821, "Longitude": -73.830992, "Notes": null, "Shape_Leng": 0.0, "Shape_Area": 21111.565977499999 }, "geometry": { "type": "MultiPolygon", "coordinates": [ [ [ [ -73.831083660238889, 40.879941480997402 ], [ -73.831322375828975, 40.880180974528756 ], [ -73.831141751465054, 40.880349903146076 ], [ -73.830970855706695, 40.880490052634187 ], [ -73.830645938788336, 40.880183289418675 ], [ -73.831017995738591, 40.879875603096906 ], [ -73.831083660238889, 40.879941480997402 ] ] ] ] } },
{ "type": "Feature", "properties": { "Borough": "BX", "Block": 5141, "Lot": 299, "CD": 210, "BCT2020": "2046203", "BCTCB2020": "20462033016", "CT2010": "462.01", "CB2010": "1020", "SchoolDist": "11", "Council": 12, "ZipCode": 10475, "FireComp": "E066", "PolicePrct": 45, "HealthCent": 24, "HealthArea": 710, "Sanitboro": "2", "SanitDistr": "10", "SanitSub": "1D", "Address": "1000 BAYCHESTER AVENUE", "ZoneDist1": "C4-1", "ZoneDist2": null, "ZoneDist3": null, "ZoneDist4": null, "Overlay1": null, "Overlay2": null, "SPDist1": null, "SPDist2": null, "SPDist3": null, "LtdHeight": null, "SplitZone": "N", "BldgClass": "H4", "LandUse": "05", "Easements": 0, "OwnerType": null, "OwnerName": "JAV INC.", "LotArea": 15244, "BldgArea": 17867, "ComArea": 0, "ResArea": 0, "OfficeArea": 0, "RetailArea": 0, "GarageArea": 0, "StrgeArea": 0, "FactryArea": 0, "OtherArea": 0, "AreaSource": "2", "NumBldgs": 1, "NumFloors": 2.0, "UnitsRes": 0, "UnitsTotal": 1, "LotFront": 147.67, "LotDepth": 103.0, "BldgFront": 109.0, "BldgDepth": 103.0, "Ext": "N", "ProxCode": "1", "IrrLotCode": "Y", "LotType": "3", "BsmtCode": "0", "AssessLand": 103500.0, "AssessTot": 2799450.0, "ExemptTot": 420300.0, "YearBuilt": 1998, "YearAlter1": 2004, "YearAlter2": 0, "HistDist": null, "Landmark": null, "BuiltFAR": 1.17, "ResidFAR": 1.5, "CommFAR": 1.0, "FacilFAR": 2.0, "BoroCode": 2, "BBL": 2051410299.0, "CondoNo": 0, "Tract2010": "046201", "XCoord": 1030884, "YCoord": 259894, "ZoneMap": "2b", "ZMCode": null, "Sanborn": "222 066", "TaxMap": "21710", "EDesigNum": null, "APPBBL": 0.0, "APPDate": null, "PLUTOMapID": "1", "FIRM07_FLA": null, "PFIRM15_FL": null, "Version": "25v4", "DCPEdited": null, "Latitude": 40.8799, "Longitude": -73.8313615, "Notes": null, "Shape_Leng": 0.0, "Shape_Area": 15361.6833068 }, "geometry": { "type": "MultiPolygon", "coordinates": [ [ [ [ -73.831398803576022, 40.879618942032394 ], [ -73.831637520246829, 40.879858434927655 ], [ -73.831632807485178, 40.879863260080512 ], [ -73.831322375828975, 40.880180974528756 ], [ -73.831083660238889, 40.879941480997402 ], [ -73.831398803576022, 40.879618942032394 ] ] ] ] } },
{ "type": "Feature", "properties": { "Borough": "BX", "Block": 5141, "Lot": 352, "CD": 210, "BCT2020": "2046203", "BCTCB2020": "20462033016", "CT2010": "462.01", "CB2010": "1020", "SchoolDist": "11", "Council": 12, "ZipCode": 10475, "FireComp": "E066", "PolicePrct": 45, "HealthCent": 24, "HealthArea": 710, "Sanitboro": "2", "SanitDistr": "10", "SanitSub": "1D", "Address": "3325 ROMBOUTS AVENUE", "ZoneDist1": "C4-1", "ZoneDist2": null, "ZoneDist3": null, "ZoneDist4": null, "Overlay1": null, "Overlay2": null, "SPDist1": null, "SPDist2": null, "SPDist3": null, "LtdHeight": null, "SplitZone": "N", "BldgClass": "A2", "LandUse": "01", "Easements": 0, "OwnerType": null, "OwnerName": "BRONX HOSPITALITY GROUP LLC", "LotArea": 1791, "BldgArea": 639, "ComArea": 0, "ResArea": 639, "OfficeArea": 0, "RetailArea": 0, "GarageArea": 0, "StrgeArea": 0, "FactryArea": 0, "OtherArea": 0, "AreaSource": "2", "NumBldgs": 1, "NumFloors": 1.5, "UnitsRes": 1, "UnitsTotal": 1, "LotFront": 94.5, "LotDepth": 37.67, "BldgFront": 25.0, "BldgDepth": 23.0, "Ext": "N", "ProxCode": "1", "IrrLotCode": "Y", "LotType": "5", "BsmtCode": "2", "AssessLand": 8520.0, "AssessTot": 23880.0, "ExemptTot": 0.0, "YearBuilt": 1910, "YearAlter1": 0, "YearAlter2": 0, "HistDist": null, "Landmark": null, "BuiltFAR": 0.36, "ResidFAR": 1.5, "CommFAR": 1.0, "FacilFAR": 2.0, "BoroCode": 2, "BBL": 2051410352.0, "CondoNo": 0, "Tract2010": "046201", "XCoord": 1031705, "YCoord": 260342, "ZoneMap": "2b", "ZMCode": null, "Sanborn": "222 071", "TaxMap": "21710", "EDesigNum": null, "APPBBL": 0.0, "APPDate": null, "PLUTOMapID": "1", "FIRM07_FLA": null, "PFIRM15_FL": null, "Version": "25v4", "DCPEdited": null, "Latitude": 40.8811252, "Longitude": -73.8283895, "Notes": null, "Shape_Leng": 0.0, "Shape_Area": 2116.027957 }, "geometry": { "type": "MultiPolygon", "coordinates": [ [ [ [ -73.828292566829234, 40.881053939896397 ], [ -73.828427382551183, 40.881009147691259 ], [ -73.828439199093339, 40.88131679867864 ], [ -73.828292566829234, 40.881053939896397 ] ] ] ] } },
{ "type": "Feature", "properties": { "Borough": "BX", "Block": 5141, "Lot": 357, "CD": 210, "BCT2020": "2046203", "BCTCB2020": "20462033016", "CT2010": "462.01", "CB2010": "1020", "SchoolDist": "11", "Council": 12, "ZipCode": 10475, "FireComp": "E066", "PolicePrct": 45, "HealthCent": 24, "HealthArea": 710, "Sanitboro": "2", "SanitDistr": "10", "SanitSub": "1D", "Address": "3319 ROMBOUTS AVENUE", "ZoneDist1": "C4-1", "ZoneDist2": null, "ZoneDist3": null, "ZoneDist4": null, "Overlay1": null, "Overlay2": null, "SPDist1": null, "SPDist2": null, "SPDist3": null, "LtdHeight": null, "SplitZone": "N", "BldgClass": "A2", "LandUse": "01", "Easements": 0, "OwnerType": null, "OwnerName": "BRONX HOSPITALITY GROUP LLC", "LotArea": 2432, "BldgArea": 924, "ComArea": 0, "ResArea": 924, "OfficeArea": 0, "RetailArea": 0, "GarageArea": 0, "StrgeArea": 0, "FactryArea": 0, "OtherArea": 0, "AreaSource": "2", "NumBldgs": 1, "NumFloors": 1.0, "UnitsRes": 1, "UnitsTotal": 1, "LotFront": 37.75, "LotDepth": 72.59, "BldgFront": 22.0, "BldgDepth": 42.0, "Ext": "EG", "ProxCode": "1", "IrrLotCode": "Y", "LotType": "5", "BsmtCode": "2", "AssessLand": 8760.0, "AssessTot": 40440.0, "ExemptTot": 0.0, "YearBuilt": 1920, "YearAlter1": 0, "YearAlter2": 0, "HistDist": null, "Landmark": null, "BuiltFAR": 0.38, "ResidFAR": 1.5, "CommFAR": 1.0, "FacilFAR": 2.0, "BoroCode": 2, "BBL": 2051410357.0, "CondoNo": 0, "Tract2010": "046201", "XCoord": 1031726, "YCoord": 260246, "ZoneMap": "2b", "ZMCode": null, "Sanborn": "222 071", "TaxMap": "21710", "EDesigNum": null, "APPBBL": 0.0, "APPDate": null, "PLUTOMapID": "1", "FIRM07_FLA": null, "PFIRM15_FL": null, "Version": "25v4", "DCPEdited": null, "Latitude": 40.8808616, "Longitude": -73.8283142, "Notes": null, "Shape_Leng": 0.0, "Shape_Area": 2645.0525252000002 }, "geometry": { "type": "MultiPolygon", "coordinates": [ [ [ [ -73.828419302331099, 40.880768505823617 ], [ -73.828422813984673, 40.880889929513124 ], [ -73.828235747005948, 40.88095208192177 ], [ -73.828178054455293, 40.880848661128276 ], [ -73.828419302331099, 40.880768505823617 ] ] ] ] } },
{ "type": "Feature", "properties": { "Borough": "BX", "Block": 5141, "Lot": 359, "CD": 210, "BCT2020": "2046203", "BCTCB2020": "20462033016", "CT2010": "462.01", "CB2010": "1020", "SchoolDist": "11", "Council": 12, "ZipCode": 10475, "FireComp": "E066", "PolicePrct": 45, "HealthCent": 24, "HealthArea": 710, "Sanitboro": null, "SanitDistr": null, "SanitSub": null, "Address": "ROMBOUTS AVENUE", "ZoneDist1": "C4-1", "ZoneDist2": null, "ZoneDist3": null, "ZoneDist4": null, "Overlay1": null, "Overlay2": null, "SPDist1": null, "SPDist2": null, "SPDist3": null, "LtdHeight": null, "SplitZone": "N", "BldgClass": "V1", "LandUse": "11", "Easements": 0, "OwnerType": null, "OwnerName": "BRONX HOSPITALITY GROUP LLC", "LotArea": 3078, "BldgArea": 0, "ComArea": 0, "ResArea": 0, "OfficeArea": 0, "RetailArea": 0, "GarageArea": 0, "StrgeArea": 0, "FactryArea": 0, "OtherArea": 0, "AreaSource": "7", "NumBldgs": 0, "NumFloors": 0.0, "UnitsRes": 0, "UnitsTotal": 0, "LotFront": 37.42, "LotDepth": 89.17, "BldgFront": 0.0, "BldgDepth": 0.0, "Ext": null, "ProxCode": "0", "IrrLotCode": "Y", "LotType": "5", "BsmtCode": "5", "AssessLand": 45000.0, "AssessTot": 45000.0, "ExemptTot": 0.0, "YearBuilt": 0, "YearAlter1": 0, "YearAlter2": 0, "HistDist": null, "Landmark": null, "BuiltFAR": 0.0, "ResidFAR": 1.5, "CommFAR": 1.0, "FacilFAR": 2.0, "BoroCode": 2, "BBL": 2051410359.0, "CondoNo": 0, "Tract2010": "046201", "XCoord": 1031734, "YCoord": 260207, "ZoneMap": "2b", "ZMCode": null, "Sanborn": "222 071", "TaxMap": "21710", "EDesigNum": null, "APPBBL": 0.0, "APPDate": null, "PLUTOMapID": "1", "FIRM07_FLA": null, "PFIRM15_FL": null, "Version": "25v4", "DCPEdited": null, "Latitude": 40.8807545, "Longitude": -73.8282856, "Notes": null, "Shape_Leng": 0.0, "Shape_Area": 3077.0107572000002 }, "geometry": { "type": "MultiPolygon", "coordinates": [ [ [ [ -73.828421191730357, 40.880654308567678 ], [ -73.828419302331099, 40.880768505823617 ], [ -73.828178054455293, 40.880848661128276 ], [ -73.828124607741614, 40.880752847685798 ], [ -73.828421191730357, 40.880654308567678 ] ] ] ] } },
{ "type": "Feature", "properties": { "Borough": "BX", "Block": 5141, "Lot": 360, "CD": 210, "BCT2020": "2046203", "BCTCB2020": "20462033016", "CT2010": "462.01", "CB2010": "1020", "SchoolDist": "11", "Council": 12, "ZipCode": 10475, "FireComp": "E066", "PolicePrct": 45, "HealthCent": 24, "HealthArea": 710, "Sanitboro": "2", "SanitDistr": "10", "SanitSub": "1D", "Address": "3313 ROMBOUTS AVENUE", "ZoneDist1": "C4-1", "ZoneDist2": null, "ZoneDist3": null, "ZoneDist4": null, "Overlay1": null, "Overlay2": null, "SPDist1": null, "SPDist2": null, "SPDist3": null, "LtdHeight": null, "SplitZone": "N", "BldgClass": "B1", "LandUse": "01", "Easements": 0, "OwnerType": null, "OwnerName": "HOT, SAMIRA", "LotArea": 1752, "BldgArea": 1546, "ComArea": 0, "ResArea": 1546, "OfficeArea": 0, "RetailArea": 0, "GarageArea": 0, "StrgeArea": 0, "FactryArea": 0, "OtherArea": 0, "AreaSource": "2", "NumBldgs": 1, "NumFloors": 2.0, "UnitsRes": 2, "UnitsTotal": 2, "LotFront": 0.0, "LotDepth": 0.0, "BldgFront": 18.75, "BldgDepth": 41.25, "Ext": null, "ProxCode": "2", "IrrLotCode": "N", "LotType": "5", "BsmtCode": "2", "AssessLand": 9060.0, "AssessTot": 47040.0, "ExemptTot": 0.0, "YearBuilt": 2011, "YearAlter1": 0, "YearAlter2": 0, "HistDist": null, "Landmark": null, "BuiltFAR": 0.88, "ResidFAR": 1.5, "CommFAR": 1.0, "FacilFAR": 2.0, "BoroCode": 2, "BBL": 2051410360.0000002, "CondoNo": 0, "Tract2010": "046201", "XCoord": 1031739, "YCoord": 260178, "ZoneMap": "2b", "ZMCode": null, "Sanborn": "222 071", "TaxMap": "21710", "EDesigNum": null, "APPBBL": 2051410361.0, "APPDate": "10/24/2011", "PLUTOMapID": "1", "FIRM07_FLA": null, "PFIRM15_FL": null, "Version": "25v4", "DCPEdited": null, "Latitude": 40.8806749, "Longitude": -73.8282677, "Notes": null, "Shape_Leng": 0.0, "Shape_Area": 1768.3615551 }, "geometry": { "type": "MultiPolygon", "coordinates": [ [ [ [ -73.828098566426632, 40.880706165268457 ], [ -73.82842133661488, 40.880596346939562 ], [ -73.828421191730357, 40.880654308567678 ], [ -73.828124607741614, 40.880752847685798 ], [ -73.828098566426632, 40.880706165268457 ] ] ] ] } },
{ "type": "Feature", "properties": { "Borough": "BX", "Block": 5141, "Lot": 363, "CD": 210, "BCT2020": "2046203", "BCTCB2020": "20462033016", "CT2010": "462.01", "CB2010": "1020", "SchoolDist": "11", "Council": 12, "ZipCode": 10475, "FireComp": "E066", "PolicePrct": 45, "HealthCent": 24, "HealthArea": 710, "Sanitboro": null, "SanitDistr": null, "SanitSub": null, "Address": "ROMBOUTS AVENUE", "ZoneDist1": "C4-1", "ZoneDist2": null, "ZoneDist3": null, "ZoneDist4": null, "Overlay1": null, "Overlay2": null, "SPDist1": null, "SPDist2": null, "SPDist3": null, "LtdHeight": null, "SplitZone": "N", "BldgClass": "V1", "LandUse": "11", "Easements": 0, "OwnerType": null, "OwnerName": "TERRAIN DEVELOPMENT CORP.", "LotArea": 5000, "BldgArea": 0, "ComArea": 0, "ResArea": 0, "OfficeArea": 0, "RetailArea": 0, "GarageArea": 0, "StrgeArea": 0, "FactryArea": 0, "OtherArea": 0, "AreaSource": "7", "NumBldgs": 0, "NumFloors": 0.0, "UnitsRes": 0, "UnitsTotal": 0, "LotFront": 50.0, "LotDepth": 100.0, "BldgFront": 0.0, "BldgDepth": 0.0, "Ext": null, "ProxCode": "0", "IrrLotCode": "N", "LotType": "5", "BsmtCode": "5", "AssessLand": 96750.0, "AssessTot": 96750.0, "ExemptTot": 0.0, "YearBuilt": 0, "YearAlter1": 0, "YearAlter2": 0, "HistDist": null, "Landmark": null, "BuiltFAR": 0.0, "ResidFAR": 1.5, "CommFAR": 1.0, "FacilFAR": 2.0, "BoroCode": 2, "BBL": 2051410363.0, "CondoNo": 0, "Tract2010": "046201", "XCoord": 1031758, "YCoord": 260127, "ZoneMap": "2b", "ZMCode": null, "Sanborn": "222 071", "TaxMap": "21710", "EDesigNum": null, "APPBBL": 0.0, "APPDate": null, "PLUTOMapID": "1", "FIRM07_FLA": null, "PFIRM15_FL": null, "Version": "25v4", "DCPEdited": null, "Latitude": 40.8805348, "Longitude": -73.8281993, "Notes": null, "Shape_Leng": 0.0, "Shape_Area": 5127.9202446 }, "geometry": { "type": "MultiPolygon", "coordinates": [ [ [ [ -73.827997930177133, 40.880525756942085 ], [ -73.828325610187676, 40.880416885354869 ], [ -73.828398705878399, 40.880547924547635 ], [ -73.828071025339838, 40.880656796339629 ], [ -73.827997930177133, 40.880525756942085 ] ] ] ] } },
{ "type": "Feature", "properties": { "Borough": "BX", "Block": 5141, "Lot": 380, "CD": 210, "BCT2020": "2046203", "BCTCB2020": "20462033016", "CT2010": "462.01", "CB2010": "1020", "SchoolDist": "11", "Council": 12, "ZipCode": 10475, "FireComp": "E066", "PolicePrct": 45, "HealthCent": 24, "HealthArea": 710, "Sanitboro": "2", "SanitDistr": "10", "SanitSub": "1D", "Address": "2226 GIVAN AVENUE", "ZoneDist1": "C4-1", "ZoneDist2": null, "ZoneDist3": null, "ZoneDist4": null, "Overlay1": null, "Overlay2": null, "SPDist1": null, "SPDist2": null, "SPDist3": null, "LtdHeight": null, "SplitZone": "N", "BldgClass": "A2", "LandUse": "01", "Easements": 0, "OwnerType": null, "OwnerName": "LINDBLOM, LISA", "LotArea": 5000, "BldgArea": 1116, "ComArea": 0, "ResArea": 1116, "OfficeArea": 0, "RetailArea": 0, "GarageArea": 0, "StrgeArea": 0, "FactryArea": 0, "OtherArea": 0, "AreaSource": "2", "NumBldgs": 2, "NumFloors": 1.5, "UnitsRes": 1, "UnitsTotal": 1, "LotFront": 50.0, "LotDepth": 100.0, "BldgFront": 24.0, "BldgDepth": 36.0, "Ext": "N", "ProxCode": "1", "IrrLotCode": "N", "LotType": "5", "BsmtCode": "2", "AssessLand": 13200.0, "AssessTot": 39420.0, "ExemptTot": 0.0, "YearBuilt": 1915, "YearAlter1": 0, "YearAlter2": 0, "HistDist": null, "Landmark": null, "BuiltFAR": 0.22, "ResidFAR": 1.5, "CommFAR": 1.0, "FacilFAR": 2.0, "BoroCode": 2, "BBL": 2051410380.0, "CondoNo": 0, "Tract2010": "046201", "XCoord": 1031767, "YCoord": 259909, "ZoneMap": "2b", "ZMCode": null, "Sanborn": "222 071", "TaxMap": "21710", "EDesigNum": null, "APPBBL": 0.0, "APPDate": null, "PLUTOMapID": "1", "FIRM07_FLA": null, "PFIRM15_FL": null, "Version": "25v4", "DCPEdited": null, "Latitude": 40.8799364, "Longitude": -73.8281683, "Notes": null, "Shape_Leng": 0.0, "Shape_Area": 4577.234056 }, "geometry": { "type": "MultiPolygon", "coordinates": [ [ [ [ -73.828313161586948, 40.880035438205084 ], [ -73.828159070567835, 40.880086336655545 ], [ -73.828019969414754, 40.879837452562285 ], [ -73.828174058861975, 40.879786553457159 ], [ -73.828313161586948, 40.880035438205084 ] ] ] ] } },
{ "type": "Feature", "properties": { "Borough": "BX", "Block": 5141, "Lot": 385, "CD": 210, "BCT2020": "2046203", "BCTCB2020": "20462033016", "CT2010": "462.01", "CB2010": "1020", "SchoolDist": "11", "Council": 12, "ZipCode": 10475, "FireComp": "E066", "PolicePrct": 45, "HealthCent": 24, "HealthArea": 710, "Sanitboro": "2", "SanitDistr": "10", "SanitSub": "1D", "Address": "3285 ROMBOUTS AVENUE", "ZoneDist1": "C4-1", "ZoneDist2": null, "ZoneDist3": null, "ZoneDist4": null, "Overlay1": null, "Overlay2": null, "SPDist1": null, "SPDist2": null, "SPDist3": null, "LtdHeight": null, "SplitZone": "N", "BldgClass": "D9", "LandUse": "03", "Easements": 0, "OwnerType": "X", "OwnerName": "NYSD ROMBOUTS HDFC, INC.", "LotArea": 23802, "BldgArea": 29616, "ComArea": 0, "ResArea": 29616, "OfficeArea": 0, "RetailArea": 0, "GarageArea": 0, "StrgeArea": 0, "FactryArea": 0, "OtherArea": 0, "AreaSource": "2", "NumBldgs": 1, "NumFloors": 4.0, "UnitsRes": 28, "UnitsTotal": 28, "LotFront": 183.03, "LotDepth": 171.09, "BldgFront": 134.0, "BldgDepth": 60.0, "Ext": "N", "ProxCode": "1", "IrrLotCode": "Y", "LotType": "3", "BsmtCode": "0", "AssessLand": 139050.0, "AssessTot": 1204200.0, "ExemptTot": 1204200.0, "YearBuilt": 1998, "YearAlter1": 0, "YearAlter2": 0, "HistDist": null, "Landmark": null, "BuiltFAR": 1.24, "ResidFAR": 1.5, "CommFAR": 1.0, "FacilFAR": 2.0, "BoroCode": 2, "BBL": 2051410385.0, "CondoNo": 0, "Tract2010": "046201", "XCoord": 1031851, "YCoord": 259885, "ZoneMap": "2b", "ZMCode": null, "Sanborn": "200 000", "TaxMap": "21710", "EDesigNum": null, "APPBBL": 2051410260.0, "APPDate": "12/16/1999", "PLUTOMapID": "1", "FIRM07_FLA": null, "PFIRM15_FL": null, "Version": "25v4", "DCPEdited": null, "Latitude": 40.8798701, "Longitude": -73.8278647, "Notes": null, "Shape_Leng": 0.0, "Shape_Area": 25586.786051399999 }, "geometry": { "type": "MultiPolygon", "coordinates": [ [ [ [ -73.827476131591041, 40.87974538260778 ], [ -73.828049852375514, 40.879564320953065 ], [ -73.828174058861975, 40.879786553457159 ], [ -73.828019969414754, 40.879837452562285 ], [ -73.828159070567835, 40.880086336655545 ], [ -73.827817499208095, 40.880199164492197 ], [ -73.827476131591041, 40.87974538260778 ] ] ] ] } },
{ "type": "Feature", "properties": { "Borough": "BX", "Block": 5141, "Lot": 387, "CD": 210, "BCT2020": "2046203", "BCTCB2020": "20462033015", "CT2010": "462.01", "CB2010": "1010", "SchoolDist": "11", "Council": 12, "ZipCode": 10475, "FireComp": "E066", "PolicePrct": 45, "HealthCent": 24, "HealthArea": 710, "Sanitboro": "2", "SanitDistr": "10", "SanitSub": null, "Address": "GIVAN AVENUE", "ZoneDist1": "C4-1", "ZoneDist2": null, "ZoneDist3": null, "ZoneDist4": null, "Overlay1": null, "Overlay2": null, "SPDist1": null, "SPDist2": null, "SPDist3": null, "LtdHeight": null, "SplitZone": "N", "BldgClass": "V9", "LandUse": "11", "Easements": 0, "OwnerType": "C", "OwnerName": "NYC DEPARTMENT OF TRANSPORTATION", "LotArea": 3000, "BldgArea": 0, "ComArea": 0, "ResArea": 0, "OfficeArea": 0, "RetailArea": 0, "GarageArea": 0, "StrgeArea": 0, "FactryArea": 0, "OtherArea": 0, "AreaSource": "7", "NumBldgs": 0, "NumFloors": 0.0, "UnitsRes": 0, "UnitsTotal": 0, "LotFront": 30.0, "LotDepth": 100.0, "BldgFront": 0.0, "BldgDepth": 0.0, "Ext": null, "ProxCode": "0", "IrrLotCode": "N", "LotType": "3", "BsmtCode": "5", "AssessLand": 40500.0, "AssessTot": 40500.0, "ExemptTot": 40500.0, "YearBuilt": 0, "YearAlter1": 0, "YearAlter2": 0, "HistDist": null, "Landmark": null, "BuiltFAR": 0.0, "ResidFAR": 1.5, "CommFAR": 1.0, "FacilFAR": 2.0, "BoroCode": 2, "BBL": 2051410386.9999998, "CondoNo": 0, "Tract2010": "046201", "XCoord": 1031925, "YCoord": 259976, "ZoneMap": "2b", "ZMCode": null, "Sanborn": "222 071", "TaxMap": "21710", "EDesigNum": null, "APPBBL": 0.0, "APPDate": null, "PLUTOMapID": "1", "FIRM07_FLA": null, "PFIRM15_FL": null, "Version": "25v4", "DCPEdited": "t", "Latitude": 40.8801195, "Longitude": -73.8275965, "Notes": null, "Shape_Leng": 0.0, "Shape_Area": 3278.5932114000002 }, "geometry": { "type": "MultiPolygon", "coordinates": [ [ [ [ -73.827466896645319, 40.880013614797591 ], [ -73.827574786924174, 40.879976754356711 ], [ -73.827721574766514, 40.880229246114418 ], [ -73.827612692068925, 40.880264396983144 ], [ -73.827466896645319, 40.880013614797591 ] ] ] ] } },
{ "type": "Feature", "properties": { "Borough": "BX", "Block": 5141, "Lot": 394, "CD": 210, "BCT2020": "2046203", "BCTCB2020": "20462033015", "CT2010": "462.01", "CB2010": "1010", "SchoolDist": "11", "Council": 12, "ZipCode": 10475, "FireComp": "E066", "PolicePrct": 45, "HealthCent": 24, "HealthArea": 710, "Sanitboro": "2", "SanitDistr": "10", "SanitSub": null, "Address": "2280 GIVAN AVENUE", "ZoneDist1": "C4-1", "ZoneDist2": null, "ZoneDist3": null, "ZoneDist4": null, "Overlay1": null, "Overlay2": null, "SPDist1": null, "SPDist2": null, "SPDist3": null, "LtdHeight": null, "SplitZone": "N", "BldgClass": "K1", "LandUse": "05", "Easements": 0, "OwnerType": null, "OwnerName": "PLAZA CO-OP CITY LLC", "LotArea": 408300, "BldgArea": 141156, "ComArea": 141156, "ResArea": 0, "OfficeArea": 0, "RetailArea": 141156, "GarageArea": 0, "StrgeArea": 0, "FactryArea": 0, "OtherArea": 0, "AreaSource": "2", "NumBldgs": 1, "NumFloors": 1.0, "UnitsRes": 0, "UnitsTotal": 12, "LotFront": 992.0, "LotDepth": 485.0, "BldgFront": 805.0, "BldgDepth": 200.0, "Ext": "N", "ProxCode": "1", "IrrLotCode": "Y", "LotType": "5", "BsmtCode": "0", "AssessLand": 2754000.0, "AssessTot": 21797550.0, "ExemptTot": 0.0, "YearBuilt": 1998, "YearAlter1": 2003, "YearAlter2": 2012, "HistDist": null, "Landmark": null, "BuiltFAR": 0.35, "ResidFAR": 1.5, "CommFAR": 1.0, "FacilFAR": 2.0, "BoroCode": 2, "BBL": 2051410394.0, "CondoNo": 0, "Tract2010": "046201", "XCoord": 1032673, "YCoord": 260122, "ZoneMap": "2b", "ZMCode": null, "Sanborn": "222 072", "TaxMap": "21710", "EDesigNum": null, "APPBBL": 0.0, "APPDate": null, "PLUTOMapID": "1", "FIRM07_FLA": null, "PFIRM15_FL": null, "Version": "25v4", "DCPEdited": null, "Latitude": 40.8805161, "Longitude": -73.8248905, "Notes": null, "Shape_Leng": 0.0, "Shape_Area": 395816.54249199998 }, "geometry": { "type": "MultiPolygon", "coordinates": [ [ [ [ -73.823446248891216, 40.88045963303378 ], [ -73.823773098778872, 40.88050014458473 ], [ -73.823883256786729, 40.880073250103422 ], [ -73.823963710980749, 40.880047971049557 ], [ -73.825209130650137, 40.879641056115688 ], [ -73.825397984599789, 40.879967818630362 ], [ -73.825779940474277, 40.879842966298924 ], [ -73.825591086099351, 40.879516205323135 ], [ -73.826026125221205, 40.87937400077162 ], [ -73.826709308953042, 40.880556037746871 ], [ -73.823414191880403, 40.881619725603031 ], [ -73.823251554553849, 40.881324367829464 ], [ -73.823446248891216, 40.88045963303378 ] ] ] ] } },
{ "type": "Feature", "properties": { "Borough": "BX", "Block": 5141, "Lot": 440, "CD": 210, "BCT2020": "2046203", "BCTCB2020": "20462033001", "CT2010": "462.01", "CB2010": "1008", "SchoolDist": "11", "Council": 12, "ZipCode": 10475, "FireComp": "E066", "PolicePrct": 45, "HealthCent": 24, "HealthArea": 710, "Sanitboro": "2", "SanitDistr": "10", "SanitSub": null, "Address": "98 CO-OP CITY BOULEVARD", "ZoneDist1": "R6", "ZoneDist2": null, "ZoneDist3": null, "ZoneDist4": null, "Overlay1": null, "Overlay2": null, "SPDist1": null, "SPDist2": null, "SPDist3": null, "LtdHeight": null, "SplitZone": "N", "BldgClass": "Z9", "LandUse": null, "Easements": 1, "OwnerType": "X", "OwnerName": "RIVERBAY CORPORATION", "LotArea": 733430, "BldgArea": 311000, "ComArea": 311000, "ResArea": 0, "OfficeArea": 0, "RetailArea": 0, "GarageArea": 311000, "StrgeArea": 0, "FactryArea": 0, "OtherArea": 0, "AreaSource": "2", "NumBldgs": 9, "NumFloors": 2.0, "UnitsRes": 0, "UnitsTotal": 0, "LotFront": 2185.42, "LotDepth": 1157.0, "BldgFront": 0.0, "BldgDepth": 0.0, "Ext": "N", "ProxCode": "0", "IrrLotCode": "Y", "LotType": "5", "BsmtCode": "0", "AssessLand": 2838150.0, "AssessTot": 10410300.0, "ExemptTot": 10410300.0, "YearBuilt": 1971, "YearAlter1": 0, "YearAlter2": 0, "HistDist": null, "Landmark": null, "BuiltFAR": 0.42, "ResidFAR": 2.43, "CommFAR": 0.0, "FacilFAR": 4.8, "BoroCode": 2, "BBL": 2051410439.9999998, "CondoNo": 0, "Tract2010": "046201", "XCoord": 1032877, "YCoord": 256788, "ZoneMap": "4a", "ZMCode": "Y", "Sanborn": "200 000", "TaxMap": "21710", "EDesigNum": null, "APPBBL": 2051410439.9999998, "APPDate": "12/12/2002", "PLUTOMapID": "1", "FIRM07_FLA": "1", "PFIRM15_FL": "1", "Version": "25v4", "DCPEdited": null, "Latitude": 40.8713642, "Longitude": -73.824177, "Notes": null, "Shape_Leng": 0.0, "Shape_Area": 657513.31552900001 }, "geometry": { "type": "MultiPolygon", "coordinates": [ [ [ [ -73.823582176257673, 40.873825331693062 ], [ -73.823584115739791, 40.873821980700086 ], [ -73.823605016112637, 40.873808131614311 ], [ -73.823610475792179, 40.873800453407597 ], [ -73.823606277565133, 40.87379190584992 ], [ -73.823591329513334, 40.873778396693766 ], [ -73.823657722600231, 40.873437956352006 ], [ -73.823658136339162, 40.873436666716202 ], [ -73.823663839984533, 40.873407635499724 ], [ -73.823663891402717, 40.873406325231734 ], [ -73.823682402247528, 40.873311407782694 ], [ -73.823669937035504, 40.87305134467794 ], [ -73.82366950081952, 40.872970325992554 ], [ -73.823671830497062, 40.872940436879247 ], [ -73.823678775437358, 40.87286784630075 ], [ -73.823678875121431, 40.872830264453668 ], [ -73.823674450181784, 40.872801214979667 ], [ -73.823658854907379, 40.872741403006266 ], [ -73.823654422123738, 40.872715772817472 ], [ -73.823653467939209, 40.872707747902155 ], [ -73.82364965382142, 40.872628175356773 ], [ -73.823650164924899, 40.872624372678949 ], [ -73.823655867402337, 40.872595341455614 ], [ -73.82367292705554, 40.872527038295942 ], [ -73.823682064470333, 40.872475804450339 ], [ -73.823686669424603, 40.872436519421882 ], [ -73.823685565234115, 40.872428831170467 ], [ -73.823683334038279, 40.872421142032891 ], [ -73.823679980698557, 40.872413448499856 ], [ -73.823675499141999, 40.872405754162386 ], [ -73.823663160030009, 40.872391215817579 ], [ -73.82364269453511, 40.872369764030623 ], [ -73.823636980724999, 40.872363774863061 ], [ -73.823627876054744, 40.872173824193084 ], [ -73.823633098817979, 40.87216525089012 ], [ -73.823641340584004, 40.872133234843908 ], [ -73.823643654389372, 40.872109322279705 ], [ -73.823642596698335, 40.872083695326872 ], [ -73.823637115117592, 40.87202902266128 ], [ -73.823637174033678, 40.872006815711394 ], [ -73.82363947545241, 40.871988027810822 ], [ -73.823653098870082, 40.871942780918431 ], [ -73.823656529342458, 40.871921430102752 ], [ -73.823661344980763, 40.871802713111308 ], [ -73.823661630458787, 40.871695093962593 ], [ -73.823663930802596, 40.871677161552398 ], [ -73.823673048771482, 40.871632760496574 ], [ -73.823674208536161, 40.871619948348282 ], [ -73.823674237984264, 40.871608846210741 ], [ -73.823662072270011, 40.871528539820332 ], [ -73.823650978029036, 40.871469586530182 ], [ -73.823647678959517, 40.87144054153174 ], [ -73.823646685774719, 40.871390144913967 ], [ -73.823649214855209, 40.871285945728694 ], [ -73.823650613689509, 40.871182598465829 ], [ -73.823648467489306, 40.871143303101704 ], [ -73.823641945372273, 40.871057026998422 ], [ -73.823639795812383, 40.871018586202986 ], [ -73.823642149313216, 40.870980153216522 ], [ -73.823651406739558, 40.87088364996027 ], [ -73.823653906288371, 40.870789701007268 ], [ -73.823654015048774, 40.870748701782901 ], [ -73.823651866697332, 40.870710262827544 ], [ -73.82364856418431, 40.870682072393478 ], [ -73.823644147457458, 40.870651315694722 ], [ -73.823616367004476, 40.870519737473479 ], [ -73.823606395204735, 40.870460785885548 ], [ -73.823589989892369, 40.870283101063862 ], [ -73.823587830259171, 40.870248933032713 ], [ -73.823584727421576, 40.870146432515597 ], [ -73.823582558576504, 40.870114825599202 ], [ -73.823577011743311, 40.870085775310052 ], [ -73.823573667433322, 40.87007381435231 ], [ -73.823568077426188, 40.870060992705874 ], [ -73.823561357085111, 40.870049025744187 ], [ -73.82355126419678, 40.870036196285895 ], [ -73.823533320845826, 40.870013962690884 ], [ -73.823523883959695, 40.870004229690707 ], [ -73.823516199313772, 40.86984390400012 ], [ -73.822893220659509, 40.869467824938006 ], [ -73.822899124145223, 40.869440721291824 ], [ -73.822898603982395, 40.869424916851088 ], [ -73.822894695291055, 40.869413808658742 ], [ -73.82288464081465, 40.869404432632869 ], [ -73.822871656354266, 40.869403523891307 ], [ -73.822863770716836, 40.869406927310578 ], [ -73.822857570876366, 40.869411615640018 ], [ -73.822838398553941, 40.869427813047487 ], [ -73.822832932225026, 40.869431430083139 ], [ -73.822151346984583, 40.869019971545349 ], [ -73.822035898047403, 40.868950275442486 ], [ -73.821975858328528, 40.868914030685715 ], [ -73.822051478720525, 40.86892870114427 ], [ -73.822205063530816, 40.86895849678249 ], [ -73.824823946616277, 40.869466535075787 ], [ -73.824936454553622, 40.86948781979244 ], [ -73.825085211608027, 40.869514908187547 ], [ -73.825256085302328, 40.869544556665609 ], [ -73.825358923657504, 40.869561648058756 ], [ -73.825439215572999, 40.869574601756078 ], [ -73.825500192467061, 40.869584211351103 ], [ -73.825571659113422, 40.869595223597457 ], [ -73.82562933714398, 40.869603915916066 ], [ -73.825687055968714, 40.869612438105548 ], [ -73.825755243385046, 40.869622281836698 ], [ -73.825811158512508, 40.869630172709222 ], [ -73.825855125720153, 40.86963626340772 ], [ -73.825904973775266, 40.869643045625544 ], [ -73.825939248737171, 40.869647634032077 ], [ -73.825929313646157, 40.869775526650457 ], [ -73.825925471530709, 40.869802216857366 ], [ -73.82591742601231, 40.869844959096021 ], [ -73.825907435663424, 40.869887456289867 ], [ -73.825895520861593, 40.869929668644474 ], [ -73.825881694737092, 40.869971547574977 ], [ -73.825865979821231, 40.870013030203182 ], [ -73.825848377654381, 40.870054074199565 ], [ -73.825828932024834, 40.870094621820741 ], [ -73.825805564046888, 40.870138147786776 ], [ -73.825780409767873, 40.870181145168402 ], [ -73.825753527450587, 40.87022354294411 ], [ -73.825724943331991, 40.870265294218285 ], [ -73.825694677692297, 40.870306356774392 ], [ -73.825662769856024, 40.87034669377482 ], [ -73.825629389875175, 40.870386093821416 ], [ -73.825585978661138, 40.870431025757171 ], [ -73.825540486760616, 40.870475004414295 ], [ -73.825493090334078, 40.870517842913692 ], [ -73.825458435867645, 40.870547412165244 ], [ -73.825422856440909, 40.870576380173432 ], [ -73.825386058519214, 40.870604976300918 ], [ -73.825246201925481, 40.870720442397079 ], [ -73.825106441138445, 40.870843878717118 ], [ -73.825040565421901, 40.870907631699779 ], [ -73.824969171023412, 40.870980853042113 ], [ -73.824900673992559, 40.871055643828065 ], [ -73.824835102797152, 40.871131949978874 ], [ -73.824772595533432, 40.871209647560114 ], [ -73.824706926025812, 40.871295247469398 ], [ -73.824644711342728, 40.871382405134518 ], [ -73.824586043378531, 40.871470966517748 ], [ -73.824530980334558, 40.871560845460742 ], [ -73.82447958424261, 40.871651970785734 ], [ -73.824431901514444, 40.871744257069771 ], [ -73.824387935854148, 40.871837643082799 ], [ -73.824342208435965, 40.871947689035991 ], [ -73.824287859785045, 40.872081609236048 ], [ -73.824251893298936, 40.87219369716049 ], [ -73.824220877287317, 40.872306544461345 ], [ -73.824185309888691, 40.872450622806923 ], [ -73.824155728466224, 40.872595552292623 ], [ -73.824145642548032, 40.872718462086446 ], [ -73.824132612770811, 40.872864028185298 ], [ -73.824124415913005, 40.873009591781603 ], [ -73.824121055012796, 40.873155349227552 ], [ -73.824122995016936, 40.873233219446561 ], [ -73.824127281760624, 40.873310963575108 ], [ -73.824136688198834, 40.873414900934613 ], [ -73.824150270538524, 40.873518357434257 ], [ -73.824159903724464, 40.87358188915691 ], [ -73.82417614915579, 40.873689024670426 ], [ -73.824198889246105, 40.873809363144382 ], [ -73.824217277927403, 40.873927441043897 ], [ -73.824230010020543, 40.87400933579417 ], [ -73.824244867909997, 40.874105618225066 ], [ -73.824266846145434, 40.874236879414362 ], [ -73.824279117122103, 40.87431685448901 ], [ -73.824290252293949, 40.874389440265247 ], [ -73.824307919683264, 40.874518002399149 ], [ -73.824314927871313, 40.874587333748892 ], [ -73.82432393215143, 40.874715257657861 ], [ -73.824324929789469, 40.874880909882172 ], [ -73.824322340298153, 40.87504376335567 ], [ -73.824316300650338, 40.875152400162911 ], [ -73.824309256637719, 40.875228955431979 ], [ -73.823482689563278, 40.875060602307094 ], [ -73.823495260079554, 40.875025105937844 ], [ -73.823502831029472, 40.874998207461417 ], [ -73.82350775612133, 40.874980709257002 ], [ -73.823514603945014, 40.874944845144881 ], [ -73.823526077219, 40.874861158438982 ], [ -73.823534055385849, 40.874823587744295 ], [ -73.823540879284977, 40.874796267401805 ], [ -73.823565820223436, 40.874726267199186 ], [ -73.823571501352731, 40.874705776255581 ], [ -73.823573801673319, 40.874686988279919 ], [ -73.82357747944063, 40.874573395208962 ], [ -73.823583352025722, 40.874480301536991 ], [ -73.823583417763459, 40.874455531806966 ], [ -73.823579064236782, 40.874400007151806 ], [ -73.823578003095463, 40.874376090353735 ], [ -73.823581629761208, 40.874281286771684 ], [ -73.823591995310821, 40.874191618265115 ], [ -73.823593212961995, 40.874156600935748 ], [ -73.823589959116305, 40.874110473667251 ], [ -73.823578923442298, 40.87402931538108 ], [ -73.823564516057431, 40.873945585451352 ], [ -73.823562210246408, 40.873927710083471 ], [ -73.823582176257673, 40.873825331693062 ] ] ] ] } },
{ "type": "Feature", "properties": { "Borough": "BX", "Block": 5141, "Lot": 443, "CD": 210, "BCT2020": "2046203", "BCTCB2020": "20462033001", "CT2010": "462.01", "CB2010": "1008", "SchoolDist": "11", "Council": 12, "ZipCode": 10475, "FireComp": "E066", "PolicePrct": 45, "HealthCent": 24, "HealthArea": 710, "Sanitboro": null, "SanitDistr": null, "SanitSub": null, "Address": "CO-OP CITY BOULEVARD", "ZoneDist1": "R6", "ZoneDist2": null, "ZoneDist3": null, "ZoneDist4": null, "Overlay1": null, "Overlay2": null, "SPDist1": null, "SPDist2": null, "SPDist3": null, "LtdHeight": null, "SplitZone": "N", "BldgClass": "V0", "LandUse": "11", "Easements": 0, "OwnerType": "X", "OwnerName": "RIVERBAY CORPORATION", "LotArea": 265621, "BldgArea": 0, "ComArea": 0, "ResArea": 0, "OfficeArea": 0, "RetailArea": 0, "GarageArea": 0, "StrgeArea": 0, "FactryArea": 0, "OtherArea": 0, "AreaSource": "7", "NumBldgs": 0, "NumFloors": 0.0, "UnitsRes": 0, "UnitsTotal": 0, "LotFront": 1317.0, "LotDepth": 297.0, "BldgFront": 0.0, "BldgDepth": 0.0, "Ext": null, "ProxCode": "0", "IrrLotCode": "Y", "LotType": "5", "BsmtCode": "5", "AssessLand": 1111740.0, "AssessTot": 1111740.0, "ExemptTot": 1111740.0, "YearBuilt": 0, "YearAlter1": 0, "YearAlter2": 0, "HistDist": null, "Landmark": null, "BuiltFAR": 0.0, "ResidFAR": 2.43, "CommFAR": 0.0, "FacilFAR": 4.8, "BoroCode": 2, "BBL": 2051410443.0, "CondoNo": 0, "Tract2010": "046201", "XCoord": 1033310, "YCoord": 259224, "ZoneMap": "2d", "ZMCode": "Y", "Sanborn": "222 074", "TaxMap": "21710", "EDesigNum": null, "APPBBL": 2051410439.9999998, "APPDate": "12/12/2002", "PLUTOMapID": "1", "FIRM07_FLA": "1", "PFIRM15_FL": "1", "Version": "25v4", "DCPEdited": null, "Latitude": 40.8780479, "Longitude": -73.8225935, "Notes": null, "Shape_Leng": 0.0, "Shape_Area": 239645.83558700001 }, "geometry": { "type": "MultiPolygon", "coordinates": [ [ [ [ -73.821537978246667, 40.879794914011285 ], [ -73.82153769368793, 40.879794860447653 ], [ -73.821599215307515, 40.879614003102887 ], [ -73.821647878675108, 40.879529519453527 ], [ -73.821660325168168, 40.879503914410229 ], [ -73.821669392974044, 40.879480013201508 ], [ -73.821672815316631, 40.879462937079417 ], [ -73.821675114048077, 40.879445002890527 ], [ -73.8216745201604, 40.879392626495189 ], [ -73.821739555809046, 40.879201438728487 ], [ -73.821743290419107, 40.879199758948857 ], [ -73.821798465754796, 40.879187246430497 ], [ -73.821839000715883, 40.879178767032272 ], [ -73.821862330722723, 40.879168839091072 ], [ -73.82185481101952, 40.879157438103924 ], [ -73.821832068996301, 40.879140534037766 ], [ -73.82180990192056, 40.879118934009746 ], [ -73.821777410968707, 40.879090154332083 ], [ -73.821887950768172, 40.878765196235157 ], [ -73.822031579802228, 40.878419992846915 ], [ -73.822045862567961, 40.878412076778773 ], [ -73.822061648686756, 40.878400142646555 ], [ -73.822075184114823, 40.878388205873655 ], [ -73.822083090366931, 40.878377966965651 ], [ -73.822090994186027, 40.878367729727259 ], [ -73.822103438111796, 40.878342980036052 ], [ -73.822111391141377, 40.878314805207843 ], [ -73.82212390700569, 40.878263578507529 ], [ -73.822130743271558, 40.878231985418331 ], [ -73.822146733837499, 40.878144033085945 ], [ -73.822147237757349, 40.878142015850024 ], [ -73.822311900926579, 40.877746258072065 ], [ -73.82231322093584, 40.877744556733106 ], [ -73.822364040519702, 40.877677158587893 ], [ -73.822378726733476, 40.877655827850553 ], [ -73.822390029666693, 40.877637054781793 ], [ -73.82243189027723, 40.877553413277703 ], [ -73.822448848698812, 40.877523543982413 ], [ -73.822495186211597, 40.877448453153434 ], [ -73.822511016456957, 40.877420289500314 ], [ -73.822570973310079, 40.877301659306042 ], [ -73.822638820025489, 40.877178766595854 ], [ -73.822653531216986, 40.877148041078883 ], [ -73.822667120970991, 40.877115605608324 ], [ -73.822678464748037, 40.877081457536086 ], [ -73.822687561441043, 40.877045597864964 ], [ -73.822713800734633, 40.876911539850965 ], [ -73.822737660896763, 40.876826164074338 ], [ -73.822744485335448, 40.876798841948911 ], [ -73.822745650984004, 40.876783469707725 ], [ -73.822745694259837, 40.876767241166796 ], [ -73.822740569524839, 40.876715979314845 ], [ -73.822893546989079, 40.876348307185239 ], [ -73.823854539064968, 40.876610970446507 ], [ -73.82381935219874, 40.876673433279905 ], [ -73.823790004827359, 40.876722784842954 ], [ -73.823710665493337, 40.876850329653649 ], [ -73.823646047479372, 40.876943482939737 ], [ -73.823563694130058, 40.877051392366091 ], [ -73.823494706727672, 40.877136766739206 ], [ -73.823324207310804, 40.877338180369243 ], [ -73.822992736101995, 40.87771100083485 ], [ -73.822946822970806, 40.877762758026307 ], [ -73.822910324729705, 40.877803900330782 ], [ -73.822793668090355, 40.877952440691274 ], [ -73.822663859164649, 40.878152354371359 ], [ -73.822547175466681, 40.878357247050978 ], [ -73.822410961234752, 40.878646758410319 ], [ -73.822375071626595, 40.878734616116219 ], [ -73.822343697823044, 40.8788325573652 ], [ -73.822322046848669, 40.878924554082666 ], [ -73.822308048908241, 40.87900384497545 ], [ -73.822294822067136, 40.879163024087639 ], [ -73.822296284529074, 40.879246573855077 ], [ -73.822296894937978, 40.879318225887012 ], [ -73.822303265725054, 40.879375577993997 ], [ -73.822315383744012, 40.879434604016403 ], [ -73.822332966729505, 40.879492582101001 ], [ -73.822353994298382, 40.879545112204049 ], [ -73.822372385488876, 40.879583088084949 ], [ -73.822396744599345, 40.879626244681326 ], [ -73.822419334412743, 40.879661168045253 ], [ -73.822446437190919, 40.879698355966283 ], [ -73.822476321649063, 40.879734810545152 ], [ -73.82250430555824, 40.879765536094141 ], [ -73.822530950994363, 40.879792283867914 ], [ -73.822562880976889, 40.87982162138951 ], [ -73.822592467877698, 40.879846542053578 ], [ -73.82263350385557, 40.879878013392087 ], [ -73.822682339026898, 40.879911453486464 ], [ -73.822648643938379, 40.880009107541134 ], [ -73.821735642262965, 40.879833036766151 ], [ -73.821537978246667, 40.879794914011285 ] ] ] ] } },
{ "type": "Feature", "properties": { "Borough": "BX", "Block": 5141, "Lot": 452, "CD": 210, "BCT2020": "2046203", "BCTCB2020": "20462033001", "CT2010": "462.01", "CB2010": "1009", "SchoolDist": "11", "Council": 12, "ZipCode": 10475, "FireComp": "E066", "PolicePrct": 45, "HealthCent": 24, "HealthArea": 710, "Sanitboro": "2", "SanitDistr": "10", "SanitSub": null, "Address": "3209 CONNER STREET", "ZoneDist1": "M1-1", "ZoneDist2": null, "ZoneDist3": null, "ZoneDist4": null, "Overlay1": null, "Overlay2": null, "SPDist1": null, "SPDist2": null, "SPDist3": null, "LtdHeight": null, "SplitZone": "N", "BldgClass": "V1", "LandUse": "11", "Easements": 0, "OwnerType": "P", "OwnerName": "MIU REALTY, LLC", "LotArea": 1092, "BldgArea": 0, "ComArea": 0, "ResArea": 0, "OfficeArea": 0, "RetailArea": 0, "GarageArea": 0, "StrgeArea": 0, "FactryArea": 0, "OtherArea": 0, "AreaSource": "7", "NumBldgs": 0, "NumFloors": 0.0, "UnitsRes": 0, "UnitsTotal": 0, "LotFront": 43.0, "LotDepth": 94.0, "BldgFront": 0.0, "BldgDepth": 0.0, "Ext": null, "ProxCode": "0", "IrrLotCode": "Y", "LotType": "5", "BsmtCode": "5", "AssessLand": 36900.0, "AssessTot": 36900.0, "ExemptTot": 36900.0, "YearBuilt": 0, "YearAlter1": 0, "YearAlter2": 0, "HistDist": null, "Landmark": null, "BuiltFAR": 0.0, "ResidFAR": 0.0, "CommFAR": 1.0, "FacilFAR": 2.4, "BoroCode": 2, "BBL": 2051410452.0, "CondoNo": 0, "Tract2010": "046201", "XCoord": 1033374, "YCoord": 260292, "ZoneMap": "2d", "ZMCode": null, "Sanborn": "222 073", "TaxMap": "21710", "EDesigNum": null, "APPBBL": 0.0, "APPDate": null, "PLUTOMapID": "1", "FIRM07_FLA": null, "PFIRM15_FL": "1", "Version": "25v4", "DCPEdited": null, "Latitude": 40.8809788, "Longitude": -73.8223543, "Notes": null, "Shape_Leng": 0.0, "Shape_Area": 1388.4295999000001 }, "geometry": { "type": "MultiPolygon", "coordinates": [ [ [ [ -73.822375922371251, 40.880799472803723 ], [ -73.82238737849714, 40.881114729471207 ], [ -73.82229682561929, 40.881028700258838 ], [ -73.822375922371251, 40.880799472803723 ] ] ] ] } },
{ "type": "Feature", "properties": { "Borough": "BX", "Block": 5141, "Lot": 600, "CD": 210, "BCT2020": "2046203", "BCTCB2020": "20462032001", "CT2010": "462.01", "CB2010": "4004", "SchoolDist": "11", "Council": 12, "ZipCode": 10475, "FireComp": "E066", "PolicePrct": 45, "HealthCent": 24, "HealthArea": 710, "Sanitboro": "2", "SanitDistr": "10", "SanitSub": null, "Address": "99 CARVER LOOP", "ZoneDist1": "R6", "ZoneDist2": null, "ZoneDist3": null, "ZoneDist4": null, "Overlay1": null, "Overlay2": null, "SPDist1": null, "SPDist2": null, "SPDist3": null, "LtdHeight": null, "SplitZone": "N", "BldgClass": "G1", "LandUse": "10", "Easements": 0, "OwnerType": "X", "OwnerName": "RIVERBAY CORPORATION", "LotArea": 169800, "BldgArea": 296715, "ComArea": 296715, "ResArea": 0, "OfficeArea": 0, "RetailArea": 0, "GarageArea": 296715, "StrgeArea": 0, "FactryArea": 0, "OtherArea": 0, "AreaSource": "2", "NumBldgs": 1, "NumFloors": 6.0, "UnitsRes": 0, "UnitsTotal": 1, "LotFront": 317.3, "LotDepth": 365.0, "BldgFront": 239.25, "BldgDepth": 250.42, "Ext": "N", "ProxCode": "0", "IrrLotCode": "Y", "LotType": "5", "BsmtCode": "0", "AssessLand": 687600.0, "AssessTot": 8165700.0, "ExemptTot": 8165700.0, "YearBuilt": 1969, "YearAlter1": 2007, "YearAlter2": 0, "HistDist": null, "Landmark": null, "BuiltFAR": 1.75, "ResidFAR": 2.43, "CommFAR": 0.0, "FacilFAR": 4.8, "BoroCode": 2, "BBL": 2051410599.9999998, "CondoNo": 0, "Tract2010": "046201", "XCoord": 1032504, "YCoord": 259372, "ZoneMap": "2b", "ZMCode": null, "Sanborn": "222 066", "TaxMap": "21710", "EDesigNum": null, "APPBBL": 0.0, "APPDate": null, "PLUTOMapID": "1", "FIRM07_FLA": null, "PFIRM15_FL": null, "Version": "25v4", "DCPEdited": null, "Latitude": 40.8784585, "Longitude": -73.8255071, "Notes": null, "Shape_Leng": 0.0, "Shape_Area": 164363.09507700001 }, "geometry": { "type": "MultiPolygon", "coordinates": [ [ [ [ -73.826540624658946, 40.878875303869258 ], [ -73.825525689088735, 40.87920557868037 ], [ -73.825517176229283, 40.879207524328294 ], [ -73.825503793470219, 40.879209383463028 ], [ -73.825498834305208, 40.8792093767944 ], [ -73.825494377966066, 40.879208993668996 ], [ -73.825490026395272, 40.879208462123373 ], [ -73.825485297630024, 40.879207476076424 ], [ -73.82548136458999, 40.879206139198324 ], [ -73.82547803119823, 40.87920465916708 ], [ -73.825472828313721, 40.879201679653697 ], [ -73.825469627334542, 40.87919943083245 ], [ -73.825464994684111, 40.879194372093991 ], [ -73.825201553096008, 40.878738312281882 ], [ -73.825174224266291, 40.878691003222379 ], [ -73.825150801952418, 40.878660477063946 ], [ -73.825127712156458, 40.878632604301991 ], [ -73.825096497274558, 40.8786031415762 ], [ -73.825075812078595, 40.878583899078791 ], [ -73.825049701349073, 40.878563845221102 ], [ -73.825016632939509, 40.878542221064635 ], [ -73.824982340813747, 40.878522591472219 ], [ -73.824949886176938, 40.878505351773327 ], [ -73.824909816101098, 40.878486740880064 ], [ -73.824858950650466, 40.878466042353026 ], [ -73.824410919942636, 40.878318289149888 ], [ -73.824398903771382, 40.87831395665566 ], [ -73.824393677842039, 40.878310316070269 ], [ -73.824389896213589, 40.878305139705304 ], [ -73.824388437564352, 40.878300426080756 ], [ -73.824388004630578, 40.87829766903787 ], [ -73.82438783238257, 40.878293278872128 ], [ -73.824389060162247, 40.878287505954866 ], [ -73.824391461990317, 40.878280985495998 ], [ -73.824395771053773, 40.878273758433103 ], [ -73.824707302966985, 40.877748684782375 ], [ -73.824711545312411, 40.877742907409029 ], [ -73.824714499001274, 40.87773992227563 ], [ -73.82472049955237, 40.877735483855517 ], [ -73.824727148987165, 40.877732833035687 ], [ -73.824735162868251, 40.8777315421518 ], [ -73.824745303235048, 40.877731408990144 ], [ -73.824753395115096, 40.877732012924135 ], [ -73.824759887087893, 40.877733317744337 ], [ -73.826073219594278, 40.878178464932368 ], [ -73.826106592557991, 40.878191213065826 ], [ -73.826138592056878, 40.878206080701275 ], [ -73.826161326691775, 40.878217466539887 ], [ -73.826181458242473, 40.878229835453993 ], [ -73.826194342160605, 40.878239437889697 ], [ -73.826208680580848, 40.87825087949345 ], [ -73.826222334878608, 40.878263542065973 ], [ -73.826235309494677, 40.87827707524994 ], [ -73.826254375112413, 40.878297804474812 ], [ -73.826263997582686, 40.878311103044247 ], [ -73.826270615012106, 40.878320273719758 ], [ -73.82628139540931, 40.878336752726142 ], [ -73.826555922361337, 40.878826533001018 ], [ -73.826558441157317, 40.878831503852453 ], [ -73.826560158514354, 40.878837202082515 ], [ -73.826560811654844, 40.878842407885664 ], [ -73.82656088991186, 40.878847434546536 ], [ -73.826560333991338, 40.878851773166211 ], [ -73.826559229843852, 40.878857078974107 ], [ -73.826557329895621, 40.878860444880956 ], [ -73.826553482427215, 40.878865892462422 ], [ -73.82654948477068, 40.878869803512544 ], [ -73.826540624658946, 40.878875303869258 ] ] ] ] } },
{ "type": "Feature", "properties": { "Borough": "BX", "Block": 5141, "Lot": 802, "CD": 210, "BCT2020": "2046205", "BCTCB2020": "20462055006", "CT2010": "462.01", "CB2010": "1024", "SchoolDist": "11", "Council": 12, "ZipCode": 10475, "FireComp": "E066", "PolicePrct": 45, "HealthCent": 24, "HealthArea": 710, "Sanitboro": "2", "SanitDistr": "10", "SanitSub": null, "Address": "2134 BARTOW AVENUE", "ZoneDist1": "C4-3", "ZoneDist2": null, "ZoneDist3": null, "ZoneDist4": null, "Overlay1": null, "Overlay2": null, "SPDist1": null, "SPDist2": null, "SPDist3": null, "LtdHeight": null, "SplitZone": "N", "BldgClass": "K2", "LandUse": "05", "Easements": 0, "OwnerType": null, "OwnerName": "BAY PLAZA COMMUNITY CENTER,LLC", "LotArea": 15442, "BldgArea": 21167, "ComArea": 21167, "ResArea": 0, "OfficeArea": 0, "RetailArea": 21167, "GarageArea": 0, "StrgeArea": 0, "FactryArea": 0, "OtherArea": 0, "AreaSource": "2", "NumBldgs": 1, "NumFloors": 2.0, "UnitsRes": 0, "UnitsTotal": 1, "LotFront": 89.0, "LotDepth": 173.5, "BldgFront": 155.0, "BldgDepth": 68.0, "Ext": null, "ProxCode": "1", "IrrLotCode": "N", "LotType": "3", "BsmtCode": "0", "AssessLand": 292950.0, "AssessTot": 3522600.0, "ExemptTot": 0.0, "YearBuilt": 2013, "YearAlter1": 0, "YearAlter2": 0, "HistDist": null, "Landmark": null, "BuiltFAR": 1.37, "ResidFAR": 2.43, "CommFAR": 3.4, "FacilFAR": 4.8, "BoroCode": 2, "BBL": 2051410802.0000002, "CondoNo": 0, "Tract2010": "046201", "XCoord": 1032153, "YCoord": 255549, "ZoneMap": "4a", "ZMCode": null, "Sanborn": "222 081", "TaxMap": "21710", "EDesigNum": null, "APPBBL": 2051410810.0, "APPDate": "08/01/2012", "PLUTOMapID": "1", "FIRM07_FLA": null, "PFIRM15_FL": null, "Version": "25v4", "DCPEdited": null, "Latitude": 40.8679675, "Longitude": -73.8268036, "Notes": null, "Shape_Leng": 0.0, "Shape_Area": 15440.7738114 }, "geometry": { "type": "MultiPolygon", "coordinates": [ [ [ [ -73.826492577214523, 40.868093948301222 ], [ -73.826849838734802, 40.867702520216092 ], [ -73.827112572463676, 40.867843556197045 ], [ -73.826755310631, 40.868234984999226 ], [ -73.826492577214523, 40.868093948301222 ] ] ] ] } },
{ "type": "Feature", "properties": { "Borough": "BX", "Block": 5141, "Lot": 805, "CD": 210, "BCT2020": "2046205", "BCTCB2020": "20462055006", "CT2010": "462.01", "CB2010": "1024", "SchoolDist": "11", "Council": 12, "ZipCode": 10475, "FireComp": "E066", "PolicePrct": 45, "HealthCent": 24, "HealthArea": 710, "Sanitboro": "2", "SanitDistr": "10", "SanitSub": null, "Address": "BARTOW AVENUE", "ZoneDist1": "M1-1", "ZoneDist2": "C4-3", "ZoneDist3": null, "ZoneDist4": null, "Overlay1": null, "Overlay2": null, "SPDist1": null, "SPDist2": null, "SPDist3": null, "LtdHeight": null, "SplitZone": "Y", "BldgClass": "G7", "LandUse": "10", "Easements": 0, "OwnerType": null, "OwnerName": "BAY PLAZA OWNERS, LLC", "LotArea": 36237, "BldgArea": 0, "ComArea": 0, "ResArea": 0, "OfficeArea": 0, "RetailArea": 0, "GarageArea": 0, "StrgeArea": 0, "FactryArea": 0, "OtherArea": 0, "AreaSource": "7", "NumBldgs": 0, "NumFloors": 0.0, "UnitsRes": 0, "UnitsTotal": 0, "LotFront": 163.9, "LotDepth": 260.4, "BldgFront": 0.0, "BldgDepth": 0.0, "Ext": null, "ProxCode": "0", "IrrLotCode": "Y", "LotType": "5", "BsmtCode": "5", "AssessLand": 683100.0, "AssessTot": 683100.0, "ExemptTot": 0.0, "YearBuilt": 0, "YearAlter1": 0, "YearAlter2": 0, "HistDist": null, "Landmark": null, "BuiltFAR": 0.0, "ResidFAR": 0.0, "CommFAR": 1.0, "FacilFAR": 2.4, "BoroCode": 2, "BBL": 2051410805.0, "CondoNo": 0, "Tract2010": "046201", "XCoord": 1033190, "YCoord": 255665, "ZoneMap": "4a", "ZMCode": "Y", "Sanborn": "222 081", "TaxMap": "21710", "EDesigNum": null, "APPBBL": 2051410810.0, "APPDate": "08/29/2018", "PLUTOMapID": "1", "FIRM07_FLA": null, "PFIRM15_FL": null, "Version": "25v4", "DCPEdited": null, "Latitude": 40.8682802, "Longitude": -73.8230535, "Notes": null, "Shape_Leng": 0.0, "Shape_Area": 39006.3868478 }, "geometry": { "type": "MultiPolygon", "coordinates": [ [ [ [ -73.822520367987323, 40.868488301859259 ], [ -73.822564081277008, 40.868439829914777 ], [ -73.823062334730338, 40.867887325401057 ], [ -73.823550870521402, 40.868141214341257 ], [ -73.823119798398508, 40.868619228111683 ], [ -73.822527568887267, 40.868489875357724 ], [ -73.822520367987323, 40.868488301859259 ] ] ] ] } },
{ "type": "Feature", "properties": { "Borough": "BX", "Block": 5141, "Lot": 810, "CD": 210, "BCT2020": "2046205", "BCTCB2020": "20462055006", "CT2010": "462.01", "CB2010": "1024", "SchoolDist": "11", "Council": 12, "ZipCode": 10475, "FireComp": "E066", "PolicePrct": 45, "HealthCent": 24, "HealthArea": 710, "Sanitboro": "2", "SanitDistr": "10", "SanitSub": null, "Address": "2100 BARTOW AVENUE", "ZoneDist1": "C4-3", "ZoneDist2": "M1-1", "ZoneDist3": null, "ZoneDist4": null, "Overlay1": null, "Overlay2": null, "SPDist1": null, "SPDist2": null, "SPDist3": null, "LtdHeight": null, "SplitZone": "Y", "BldgClass": "K6", "LandUse": "05", "Easements": 0, "OwnerType": "P", "OwnerName": "SP CENTER, LLC", "LotArea": 1266128, "BldgArea": 545388, "ComArea": 545388, "ResArea": 0, "OfficeArea": 168057, "RetailArea": 319924, "GarageArea": 0, "StrgeArea": 0, "FactryArea": 0, "OtherArea": 57407, "AreaSource": "2", "NumBldgs": 5, "NumFloors": 4.0, "UnitsRes": 0, "UnitsTotal": 41, "LotFront": 1133.3, "LotDepth": 1071.85, "BldgFront": 80.0, "BldgDepth": 700.0, "Ext": "N", "ProxCode": "0", "IrrLotCode": "Y", "LotType": "3", "BsmtCode": "0", "AssessLand": 8033400.0, "AssessTot": 72848700.0, "ExemptTot": 17832420.0, "YearBuilt": 1988, "YearAlter1": 0, "YearAlter2": 0, "HistDist": null, "Landmark": null, "BuiltFAR": 0.43, "ResidFAR": 2.43, "CommFAR": 3.4, "FacilFAR": 4.8, "BoroCode": 2, "BBL": 2051410810.0, "CondoNo": 0, "Tract2010": "046201", "XCoord": 1032554, "YCoord": 255353, "ZoneMap": "4a", "ZMCode": "Y", "Sanborn": "222 081", "TaxMap": "21710", "EDesigNum": null, "APPBBL": 2051410002.9999998, "APPDate": "08/29/2018", "PLUTOMapID": "1", "FIRM07_FLA": "1", "PFIRM15_FL": null, "Version": "25v4", "DCPEdited": null, "Latitude": 40.8674274, "Longitude": -73.8253552, "Notes": null, "Shape_Leng": 0.0, "Shape_Area": 1285025.90059 }, "geometry": { "type": "MultiPolygon", "coordinates": [ [ [ [ -73.822543419463571, 40.868636347621241 ], [ -73.822424314505781, 40.868611641140227 ], [ -73.822280565359691, 40.868581822222112 ], [ -73.822167166635509, 40.868558299343789 ], [ -73.8226417166685, 40.868032085074908 ], [ -73.824985635053295, 40.86543283366175 ], [ -73.825205391694013, 40.865189126484275 ], [ -73.825337168107922, 40.8652598708696 ], [ -73.825506848504844, 40.86535096226244 ], [ -73.826249672759957, 40.865749736466917 ], [ -73.827053031262409, 40.866180997242807 ], [ -73.827133828569842, 40.866224369960456 ], [ -73.828196122228547, 40.866794615394383 ], [ -73.827112526357567, 40.867997226841027 ], [ -73.82617978539696, 40.869318226985769 ], [ -73.8261528801427, 40.869315642515552 ], [ -73.826100966451406, 40.869310487295124 ], [ -73.826021371551519, 40.869301450505667 ], [ -73.825811851497363, 40.869277415993452 ], [ -73.82560300287966, 40.869250220569086 ], [ -73.82541696526205, 40.869223230398667 ], [ -73.82523160089373, 40.869193736623423 ], [ -73.824913522059731, 40.869139776408424 ], [ -73.824717931697904, 40.869100845377346 ], [ -73.824607119262424, 40.869078788596795 ], [ -73.824274490886864, 40.869009689682713 ], [ -73.823954416982843, 40.868939264670331 ], [ -73.823619901986021, 40.86887040593794 ], [ -73.823423183177155, 40.868828638882142 ], [ -73.823082731122824, 40.868756236083186 ], [ -73.822543419463571, 40.868636347621241 ] ], [ [ -73.822520367987323, 40.868488301859259 ], [ -73.822527568887267, 40.868489875357724 ], [ -73.823119798398508, 40.868619228111683 ], [ -73.823550870521402, 40.868141214341257 ], [ -73.823062334730338, 40.867887325401057 ], [ -73.822564081277008, 40.868439829914777 ], [ -73.822520367987323, 40.868488301859259 ] ], [ [ -73.826492577214523, 40.868093948301222 ], [ -73.826755310631, 40.868234984999226 ], [ -73.827112572463676, 40.867843556197045 ], [ -73.826849838734802, 40.867702520216092 ], [ -73.826492577214523, 40.868093948301222 ] ] ] ] } },
{ "type": "Feature", "properties": { "Borough": "BX", "Block": 5141, "Lot": 1100, "CD": 210, "BCT2020": "2046205", "BCTCB2020": "20462055005", "CT2010": "462.01", "CB2010": "1023", "SchoolDist": "11", "Council": 12, "ZipCode": 10475, "FireComp": "E066", "PolicePrct": 45, "HealthCent": 24, "HealthArea": 710, "Sanitboro": "2", "SanitDistr": "10", "SanitSub": null, "Address": "2010 BARTOW AVENUE", "ZoneDist1": "C4-3", "ZoneDist2": null, "ZoneDist3": null, "ZoneDist4": null, "Overlay1": null, "Overlay2": null, "SPDist1": null, "SPDist2": null, "SPDist3": null, "LtdHeight": null, "SplitZone": "N", "BldgClass": "K5", "LandUse": "05", "Easements": 0, "OwnerType": null, "OwnerName": "2010 BARTOW, LLC", "LotArea": 19144, "BldgArea": 3113, "ComArea": 3113, "ResArea": 0, "OfficeArea": 0, "RetailArea": 3113, "GarageArea": 0, "StrgeArea": 0, "FactryArea": 0, "OtherArea": 0, "AreaSource": "2", "NumBldgs": 1, "NumFloors": 1.0, "UnitsRes": 0, "UnitsTotal": 1, "LotFront": 147.08, "LotDepth": 125.0, "BldgFront": 64.17, "BldgDepth": 44.83, "Ext": "N", "ProxCode": "0", "IrrLotCode": "Y", "LotType": "5", "BsmtCode": "0", "AssessLand": 241200.0, "AssessTot": 393750.0, "ExemptTot": 0.0, "YearBuilt": 1997, "YearAlter1": 2001, "YearAlter2": 0, "HistDist": null, "Landmark": null, "BuiltFAR": 0.16, "ResidFAR": 2.43, "CommFAR": 3.4, "FacilFAR": 4.8, "BoroCode": 2, "BBL": 2051411100.0, "CondoNo": 0, "Tract2010": "046201", "XCoord": 1031106, "YCoord": 255824, "ZoneMap": "4a", "ZMCode": null, "Sanborn": "222 081", "TaxMap": "21710", "EDesigNum": null, "APPBBL": 0.0, "APPDate": null, "PLUTOMapID": "1", "FIRM07_FLA": null, "PFIRM15_FL": null, "Version": "25v4", "DCPEdited": null, "Latitude": 40.8687279, "Longitude": -73.8305872, "Notes": null, "Shape_Leng": 0.0, "Shape_Area": 19363.0667665 }, "geometry": { "type": "MultiPolygon", "coordinates": [ [ [ [ -73.830301566568281, 40.868701397753377 ], [ -73.830197745397371, 40.8687254590509 ], [ -73.830170534169241, 40.868665337250121 ], [ -73.830460346215077, 40.868585312179057 ], [ -73.830773649391048, 40.86849879941834 ], [ -73.830923819405314, 40.868829505682854 ], [ -73.830420977396471, 40.86896269539254 ], [ -73.830301566568281, 40.868701397753377 ] ] ] ] } },
{ "type": "Feature", "properties": { "Borough": "BX", "Block": 5141, "Lot": 1109, "CD": 210, "BCT2020": "2046205", "BCTCB2020": "20462055005", "CT2010": "462.01", "CB2010": "1023", "SchoolDist": "11", "Council": 12, "ZipCode": 10475, "FireComp": "E066", "PolicePrct": 45, "HealthCent": 24, "HealthArea": 710, "Sanitboro": null, "SanitDistr": null, "SanitSub": null, "Address": "BARTOW AVENUE", "ZoneDist1": "C4-3", "ZoneDist2": null, "ZoneDist3": null, "ZoneDist4": null, "Overlay1": null, "Overlay2": null, "SPDist1": null, "SPDist2": null, "SPDist3": null, "LtdHeight": null, "SplitZone": "N", "BldgClass": "V1", "LandUse": "11", "Easements": 0, "OwnerType": null, "OwnerName": "2012 BARTOW, LLC", "LotArea": 3000, "BldgArea": 0, "ComArea": 0, "ResArea": 0, "OfficeArea": 0, "RetailArea": 0, "GarageArea": 0, "StrgeArea": 0, "FactryArea": 0, "OtherArea": 0, "AreaSource": "7", "NumBldgs": 0, "NumFloors": 0.0, "UnitsRes": 0, "UnitsTotal": 0, "LotFront": 30.0, "LotDepth": 100.0, "BldgFront": 0.0, "BldgDepth": 0.0, "Ext": null, "ProxCode": "0", "IrrLotCode": "N", "LotType": "5", "BsmtCode": "5", "AssessLand": 171000.0, "AssessTot": 171000.0, "ExemptTot": 0.0, "YearBuilt": 0, "YearAlter1": 0, "YearAlter2": 0, "HistDist": null, "Landmark": null, "BuiltFAR": 0.0, "ResidFAR": 2.43, "CommFAR": 3.4, "FacilFAR": 4.8, "BoroCode": 2, "BBL": 2051411109.0, "CondoNo": 0, "Tract2010": "046201", "XCoord": 1031182, "YCoord": 255867, "ZoneMap": "4a", "ZMCode": null, "Sanborn": "222 081", "TaxMap": "21710", "EDesigNum": null, "APPBBL": 0.0, "APPDate": null, "PLUTOMapID": "1", "FIRM07_FLA": null, "PFIRM15_FL": null, "Version": "25v4", "DCPEdited": null, "Latitude": 40.8688455, "Longitude": -73.8303121, "Notes": null, "Shape_Leng": 0.0, "Shape_Area": 3054.0828707000001 }, "geometry": { "type": "MultiPolygon", "coordinates": [ [ [ [ -73.830197745397371, 40.8687254590509 ], [ -73.830301566568281, 40.868701397753377 ], [ -73.830420977396471, 40.86896269539254 ], [ -73.830318097691574, 40.868990503333166 ], [ -73.830197745397371, 40.8687254590509 ] ] ] ] } },
{ "type": "Feature", "properties": { "Borough": "BX", "Block": 5141, "Lot": 1110, "CD": 210, "BCT2020": "2046205", "BCTCB2020": "20462055005", "CT2010": "462.01", "CB2010": "1023", "SchoolDist": "11", "Council": 12, "ZipCode": 10475, "FireComp": "E066", "PolicePrct": 45, "HealthCent": 24, "HealthArea": 710, "Sanitboro": "2", "SanitDistr": "10", "SanitSub": null, "Address": "2014 BARTOW AVENUE", "ZoneDist1": "C4-3", "ZoneDist2": null, "ZoneDist3": null, "ZoneDist4": null, "Overlay1": null, "Overlay2": null, "SPDist1": null, "SPDist2": null, "SPDist3": null, "LtdHeight": null, "SplitZone": "N", "BldgClass": "K7", "LandUse": "05", "Easements": 0, "OwnerType": null, "OwnerName": "2014 BARTOW,    .", "LotArea": 19900, "BldgArea": 2994, "ComArea": 2994, "ResArea": 0, "OfficeArea": 0, "RetailArea": 2994, "GarageArea": 0, "StrgeArea": 0, "FactryArea": 0, "OtherArea": 0, "AreaSource": "2", "NumBldgs": 1, "NumFloors": 1.0, "UnitsRes": 0, "UnitsTotal": 1, "LotFront": 203.75, "LotDepth": 100.0, "BldgFront": 71.33, "BldgDepth": 41.33, "Ext": "N", "ProxCode": "0", "IrrLotCode": "Y", "LotType": "5", "BsmtCode": "0", "AssessLand": 378000.0, "AssessTot": 538200.0, "ExemptTot": 0.0, "YearBuilt": 1974, "YearAlter1": 0, "YearAlter2": 0, "HistDist": null, "Landmark": null, "BuiltFAR": 0.15, "ResidFAR": 2.43, "CommFAR": 3.4, "FacilFAR": 4.8, "BoroCode": 2, "BBL": 2051411110.0, "CondoNo": 0, "Tract2010": "046201", "XCoord": 1031294, "YCoord": 255901, "ZoneMap": "4a", "ZMCode": null, "Sanborn": "222 081", "TaxMap": "21710", "EDesigNum": null, "APPBBL": 0.0, "APPDate": null, "PLUTOMapID": "1", "FIRM07_FLA": null, "PFIRM15_FL": null, "Version": "25v4", "DCPEdited": null, "Latitude": 40.8689383, "Longitude": -73.8299069, "Notes": null, "Shape_Leng": 0.0, "Shape_Area": 20741.2683674 }, "geometry": { "type": "MultiPolygon", "coordinates": [ [ [ [ -73.829507204576416, 40.868885488205969 ], [ -73.829592094730501, 40.868865814634553 ], [ -73.830197745397371, 40.8687254590509 ], [ -73.830318097691574, 40.868990503333166 ], [ -73.830295308808161, 40.868996664297775 ], [ -73.83002354006436, 40.869058850733602 ], [ -73.829779584233961, 40.869113195611853 ], [ -73.829594559557762, 40.869150942793979 ], [ -73.829507204576416, 40.868885488205969 ] ] ] ] } },
{ "type": "Feature", "properties": { "Borough": "BX", "Block": 5141, "Lot": 1120, "CD": 210, "BCT2020": "2046205", "BCTCB2020": "20462055005", "CT2010": "462.01", "CB2010": "1023", "SchoolDist": "11", "Council": 12, "ZipCode": 10475, "FireComp": "E066", "PolicePrct": 45, "HealthCent": 24, "HealthArea": 710, "Sanitboro": "2", "SanitDistr": "10", "SanitSub": null, "Address": "2050 BARTOW AVENUE", "ZoneDist1": "C4-3", "ZoneDist2": null, "ZoneDist3": null, "ZoneDist4": null, "Overlay1": null, "Overlay2": null, "SPDist1": null, "SPDist2": null, "SPDist3": null, "LtdHeight": null, "SplitZone": "N", "BldgClass": "I9", "LandUse": "08", "Easements": 0, "OwnerType": "X", "OwnerName": "PHF HOUSING DEVELOPMENT FUND", "LotArea": 44184, "BldgArea": 78120, "ComArea": 78120, "ResArea": 0, "OfficeArea": 0, "RetailArea": 0, "GarageArea": 0, "StrgeArea": 0, "FactryArea": 0, "OtherArea": 78120, "AreaSource": "2", "NumBldgs": 2, "NumFloors": 7.0, "UnitsRes": 100, "UnitsTotal": 100, "LotFront": 250.0, "LotDepth": 203.35, "BldgFront": 186.0, "BldgDepth": 66.0, "Ext": null, "ProxCode": "1", "IrrLotCode": "Y", "LotType": "5", "BsmtCode": "0", "AssessLand": 263250.0, "AssessTot": 5924250.0, "ExemptTot": 5924250.0, "YearBuilt": 1992, "YearAlter1": 2017, "YearAlter2": 0, "HistDist": null, "Landmark": null, "BuiltFAR": 1.77, "ResidFAR": 2.43, "CommFAR": 3.4, "FacilFAR": 4.8, "BoroCode": 2, "BBL": 2051411120.0, "CondoNo": 0, "Tract2010": "046201", "XCoord": 1031721, "YCoord": 255946, "ZoneMap": "4a", "ZMCode": null, "Sanborn": "222 081", "TaxMap": "21710", "EDesigNum": null, "APPBBL": 2051411085.0000002, "APPDate": "02/20/2018", "PLUTOMapID": "1", "FIRM07_FLA": null, "PFIRM15_FL": null, "Version": "25v4", "DCPEdited": null, "Latitude": 40.8690595, "Longitude": -73.8283628, "Notes": null, "Shape_Leng": 0.0, "Shape_Area": 43024.432105499996 }, "geometry": { "type": "MultiPolygon", "coordinates": [ [ [ [ -73.828211195061058, 40.868774946661532 ], [ -73.828690939864586, 40.868713478087329 ], [ -73.828780300133673, 40.869282272305625 ], [ -73.828771479666983, 40.869283517180286 ], [ -73.828571870038985, 40.869306714382049 ], [ -73.828334531573475, 40.869328747331892 ], [ -73.828114705621843, 40.869345188727074 ], [ -73.827937787690416, 40.869355253456696 ], [ -73.82792542378273, 40.86902295798518 ], [ -73.828211195061058, 40.868774946661532 ] ] ] ] } },
{ "type": "Feature", "properties": { "Borough": "BX", "Block": 5141, "Lot": 1130, "CD": 210, "BCT2020": "2046205", "BCTCB2020": "20462055005", "CT2010": "462.01", "CB2010": "1023", "SchoolDist": "11", "Council": 12, "ZipCode": 10475, "FireComp": "E066", "PolicePrct": 45, "HealthCent": 24, "HealthArea": 710, "Sanitboro": "2", "SanitDistr": "10", "SanitSub": null, "Address": "352 BAYCHESTER AVENUE", "ZoneDist1": "C4-3", "ZoneDist2": null, "ZoneDist3": null, "ZoneDist4": null, "Overlay1": null, "Overlay2": null, "SPDist1": null, "SPDist2": null, "SPDist3": null, "LtdHeight": null, "SplitZone": "N", "BldgClass": "K1", "LandUse": "05", "Easements": 0, "OwnerType": null, "OwnerName": "TOYS  R  US NY LTD PRTNRSHP", "LotArea": 145800, "BldgArea": 49118, "ComArea": 49118, "ResArea": 0, "OfficeArea": 0, "RetailArea": 49118, "GarageArea": 0, "StrgeArea": 0, "FactryArea": 0, "OtherArea": 0, "AreaSource": "2", "NumBldgs": 1, "NumFloors": 1.0, "UnitsRes": 0, "UnitsTotal": 1, "LotFront": 499.43, "LotDepth": 309.56, "BldgFront": 258.0, "BldgDepth": 207.0, "Ext": "N", "ProxCode": "0", "IrrLotCode": "Y", "LotType": "5", "BsmtCode": "0", "AssessLand": 918450.0, "AssessTot": 2402100.0, "ExemptTot": 0.0, "YearBuilt": 1998, "YearAlter1": 0, "YearAlter2": 0, "HistDist": null, "Landmark": null, "BuiltFAR": 0.34, "ResidFAR": 2.43, "CommFAR": 3.4, "FacilFAR": 4.8, "BoroCode": 2, "BBL": 2051411130.0, "CondoNo": 0, "Tract2010": "046201", "XCoord": 1031582, "YCoord": 255743, "ZoneMap": "4a", "ZMCode": null, "Sanborn": "222 081", "TaxMap": "21710", "EDesigNum": null, "APPBBL": 2051411140.0, "APPDate": "03/14/2000", "PLUTOMapID": "1", "FIRM07_FLA": null, "PFIRM15_FL": null, "Version": "25v4", "DCPEdited": null, "Latitude": 40.8685031, "Longitude": -73.8288668, "Notes": null, "Shape_Leng": 0.0, "Shape_Area": 146973.818111 }, "geometry": { "type": "MultiPolygon", "coordinates": [ [ [ [ -73.828053208867928, 40.867967101404133 ], [ -73.828188327901628, 40.867955370465175 ], [ -73.828389517891239, 40.867933278482745 ], [ -73.828666806328755, 40.867897403898951 ], [ -73.828947264709498, 40.867852471601566 ], [ -73.829195621053316, 40.867807348001968 ], [ -73.829380834106658, 40.86821525518689 ], [ -73.829304708871518, 40.868232896545194 ], [ -73.829592094730501, 40.868865814634553 ], [ -73.829507204576416, 40.868885488205969 ], [ -73.829594559557762, 40.869150942793979 ], [ -73.829534048105174, 40.869163288191544 ], [ -73.829252892788887, 40.869212488226886 ], [ -73.828970207448549, 40.869256320187951 ], [ -73.828780300133673, 40.869282272305625 ], [ -73.828690939864586, 40.868713478087329 ], [ -73.828211195061058, 40.868774946661532 ], [ -73.828053208867928, 40.867967101404133 ] ] ] ] } },
{ "type": "Feature", "properties": { "Borough": "BX", "Block": 5141, "Lot": 1135, "CD": 210, "BCT2020": "2046205", "BCTCB2020": "20462055005", "CT2010": "462.01", "CB2010": "1023", "SchoolDist": "11", "Council": 12, "ZipCode": 10475, "FireComp": "E066", "PolicePrct": 45, "HealthCent": 24, "HealthArea": 710, "Sanitboro": "2", "SanitDistr": "10", "SanitSub": null, "Address": "350 BAYCHESTER AVENUE", "ZoneDist1": "C4-3", "ZoneDist2": null, "ZoneDist3": null, "ZoneDist4": null, "Overlay1": null, "Overlay2": null, "SPDist1": null, "SPDist2": null, "SPDist3": null, "LtdHeight": null, "SplitZone": "N", "BldgClass": "K1", "LandUse": "05", "Easements": 0, "OwnerType": null, "OwnerName": "PRESTIGE BAY PLAZA DEVELMENT, INC", "LotArea": 99000, "BldgArea": 35107, "ComArea": 35107, "ResArea": 0, "OfficeArea": 0, "RetailArea": 35107, "GarageArea": 0, "StrgeArea": 0, "FactryArea": 0, "OtherArea": 0, "AreaSource": "2", "NumBldgs": 1, "NumFloors": 1.0, "UnitsRes": 0, "UnitsTotal": 2, "LotFront": 375.0, "LotDepth": 259.5, "BldgFront": 199.0, "BldgDepth": 192.0, "Ext": "N", "ProxCode": "0", "IrrLotCode": "Y", "LotType": "5", "BsmtCode": "0", "AssessLand": 1425600.0, "AssessTot": 7578450.0, "ExemptTot": 0.0, "YearBuilt": 1998, "YearAlter1": 0, "YearAlter2": 0, "HistDist": null, "Landmark": null, "BuiltFAR": 0.35, "ResidFAR": 2.43, "CommFAR": 3.4, "FacilFAR": 4.8, "BoroCode": 2, "BBL": 2051411135.0, "CondoNo": 0, "Tract2010": "046201", "XCoord": 1031319, "YCoord": 255645, "ZoneMap": "4a", "ZMCode": null, "Sanborn": "222 081", "TaxMap": "21710", "EDesigNum": null, "APPBBL": 2051411135.0, "APPDate": "03/14/2000", "PLUTOMapID": "1", "FIRM07_FLA": null, "PFIRM15_FL": null, "Version": "25v4", "DCPEdited": null, "Latitude": 40.8682355, "Longitude": -73.8298183, "Notes": null, "Shape_Leng": 0.0, "Shape_Area": 99459.116040199995 }, "geometry": { "type": "MultiPolygon", "coordinates": [ [ [ [ -73.829380834106658, 40.86821525518689 ], [ -73.829195621053316, 40.867807348001968 ], [ -73.829440677322907, 40.867751466993084 ], [ -73.829738239177715, 40.867677991871247 ], [ -73.8300246139015, 40.867605673636781 ], [ -73.830460346215077, 40.868585312179057 ], [ -73.830170534169241, 40.868665337250121 ], [ -73.830197745397371, 40.8687254590509 ], [ -73.829592094730501, 40.868865814634553 ], [ -73.829304708871518, 40.868232896545194 ], [ -73.829380834106658, 40.86821525518689 ] ] ] ] } },
{ "type": "Feature", "properties": { "Borough": "BX", "Block": 5141, "Lot": 1149, "CD": 210, "BCT2020": "2046205", "BCTCB2020": "20462055005", "CT2010": "462.01", "CB2010": "1023", "SchoolDist": "11", "Council": 12, "ZipCode": 10475, "FireComp": "E066", "PolicePrct": 45, "HealthCent": 24, "HealthArea": 710, "Sanitboro": "2", "SanitDistr": "10", "SanitSub": null, "Address": "356 BAYCHESTER AVENUE", "ZoneDist1": "C4-3", "ZoneDist2": null, "ZoneDist3": null, "ZoneDist4": null, "Overlay1": null, "Overlay2": null, "SPDist1": null, "SPDist2": null, "SPDist3": null, "LtdHeight": null, "SplitZone": "N", "BldgClass": "K1", "LandUse": "05", "Easements": 0, "OwnerType": null, "OwnerName": "PRESTIGE BAY PLAZA DEVELMENT, INC", "LotArea": 98100, "BldgArea": 35139, "ComArea": 35139, "ResArea": 0, "OfficeArea": 0, "RetailArea": 35139, "GarageArea": 0, "StrgeArea": 0, "FactryArea": 0, "OtherArea": 0, "AreaSource": "2", "NumBldgs": 1, "NumFloors": 1.0, "UnitsRes": 0, "UnitsTotal": 1, "LotFront": 375.0, "LotDepth": 261.6, "BldgFront": 219.0, "BldgDepth": 171.0, "Ext": "N", "ProxCode": "0", "IrrLotCode": "N", "LotType": "5", "BsmtCode": "0", "AssessLand": 801000.0, "AssessTot": 4638600.0, "ExemptTot": 0.0, "YearBuilt": 1999, "YearAlter1": 0, "YearAlter2": 0, "HistDist": null, "Landmark": null, "BuiltFAR": 0.36, "ResidFAR": 2.43, "CommFAR": 3.4, "FacilFAR": 4.8, "BoroCode": 2, "BBL": 2051411149.0000002, "CondoNo": 0, "Tract2010": "046201", "XCoord": 1031076, "YCoord": 255549, "ZoneMap": "4a", "ZMCode": null, "Sanborn": "222 081", "TaxMap": "21710", "EDesigNum": null, "APPBBL": 2051411135.0, "APPDate": "03/14/2000", "PLUTOMapID": "1", "FIRM07_FLA": null, "PFIRM15_FL": null, "Version": "25v4", "DCPEdited": null, "Latitude": 40.8679733, "Longitude": -73.8306976, "Notes": null, "Shape_Leng": 0.0, "Shape_Area": 99825.0627083 }, "geometry": { "type": "MultiPolygon", "coordinates": [ [ [ [ -73.830927789900514, 40.867364382384885 ], [ -73.831368343116395, 40.868334582952698 ], [ -73.830773649391048, 40.86849879941834 ], [ -73.830460346215077, 40.868585312179057 ], [ -73.8300246139015, 40.867605673636781 ], [ -73.830177496944941, 40.86756491044855 ], [ -73.830596978028296, 40.867452797760997 ], [ -73.830927789900514, 40.867364382384885 ] ] ] ] } },
{ "type": "Feature", "properties": { "Borough": "BX", "Block": 5141, "Lot": 1150, "CD": 210, "BCT2020": "2046205", "BCTCB2020": "20462055005", "CT2010": "462.01", "CB2010": "1023", "SchoolDist": "11", "Council": 12, "ZipCode": 10475, "FireComp": "E066", "PolicePrct": 45, "HealthCent": 24, "HealthArea": 710, "Sanitboro": "2", "SanitDistr": "10", "SanitSub": null, "Address": "2000 BARTOW AVENUE", "ZoneDist1": "C4-3", "ZoneDist2": null, "ZoneDist3": null, "ZoneDist4": null, "Overlay1": null, "Overlay2": null, "SPDist1": null, "SPDist2": null, "SPDist3": null, "LtdHeight": null, "SplitZone": "N", "BldgClass": "K5", "LandUse": "05", "Easements": 0, "OwnerType": null, "OwnerName": "PRESTIGE BAY PLAZA DEVELMENT, INC", "LotArea": 21875, "BldgArea": 2280, "ComArea": 2280, "ResArea": 0, "OfficeArea": 0, "RetailArea": 2280, "GarageArea": 0, "StrgeArea": 0, "FactryArea": 0, "OtherArea": 0, "AreaSource": "2", "NumBldgs": 1, "NumFloors": 1.0, "UnitsRes": 0, "UnitsTotal": 1, "LotFront": 125.0, "LotDepth": 175.0, "BldgFront": 45.0, "BldgDepth": 56.0, "Ext": "N", "ProxCode": "0", "IrrLotCode": "N", "LotType": "3", "BsmtCode": "0", "AssessLand": 206550.0, "AssessTot": 531450.0, "ExemptTot": 0.0, "YearBuilt": 2002, "YearAlter1": 0, "YearAlter2": 0, "HistDist": null, "Landmark": null, "BuiltFAR": 0.1, "ResidFAR": 2.43, "CommFAR": 3.4, "FacilFAR": 4.8, "BoroCode": 2, "BBL": 2051411149.9999998, "CondoNo": 0, "Tract2010": "046201", "XCoord": 1030951, "YCoord": 255771, "ZoneMap": "4a", "ZMCode": null, "Sanborn": "222 081", "TaxMap": "21710", "EDesigNum": null, "APPBBL": 2051411085.0000002, "APPDate": "11/23/1998", "PLUTOMapID": "1", "FIRM07_FLA": null, "PFIRM15_FL": null, "Version": "25v4", "DCPEdited": null, "Latitude": 40.8685833, "Longitude": -73.831148, "Notes": null, "Shape_Leng": 0.0, "Shape_Area": 22504.595792299999 }, "geometry": { "type": "MultiPolygon", "coordinates": [ [ [ [ -73.830773649391048, 40.86849879941834 ], [ -73.831368343116395, 40.868334582952698 ], [ -73.831521227676106, 40.868671263562419 ], [ -73.830923819405314, 40.868829505682854 ], [ -73.830773649391048, 40.86849879941834 ] ] ] ] } },
{ "type": "Feature", "properties": { "Borough": "BX", "Block": 5244, "Lot": 1, "CD": 210, "BCT2020": "2046203", "BCTCB2020": "20462033007", "CT2010": "462.01", "CB2010": "1012", "SchoolDist": "11", "Council": 12, "ZipCode": 10475, "FireComp": "E066", "PolicePrct": 45, "HealthCent": 24, "HealthArea": 710, "Sanitboro": "2", "SanitDistr": "10", "SanitSub": "1D", "Address": "2302 TILLOTSON AVENUE", "ZoneDist1": "M1-1", "ZoneDist2": null, "ZoneDist3": null, "ZoneDist4": null, "Overlay1": null, "Overlay2": null, "SPDist1": null, "SPDist2": null, "SPDist3": null, "LtdHeight": null, "SplitZone": "N", "BldgClass": "E7", "LandUse": "06", "Easements": 0, "OwnerType": null, "OwnerName": "OVAL I95 LLC", "LotArea": 68708, "BldgArea": 127120, "ComArea": 127120, "ResArea": 0, "OfficeArea": 0, "RetailArea": 0, "GarageArea": 0, "StrgeArea": 127120, "FactryArea": 0, "OtherArea": 0, "AreaSource": "2", "NumBldgs": 1, "NumFloors": 4.0, "UnitsRes": 0, "UnitsTotal": 1, "LotFront": 334.57, "LotDepth": 163.95, "BldgFront": 280.0, "BldgDepth": 164.0, "Ext": null, "ProxCode": "1", "IrrLotCode": "Y", "LotType": "1", "BsmtCode": "0", "AssessLand": 927450.0, "AssessTot": 10022400.0, "ExemptTot": 0.0, "YearBuilt": 2016, "YearAlter1": 2015, "YearAlter2": 0, "HistDist": null, "Landmark": null, "BuiltFAR": 1.85, "ResidFAR": 0.0, "CommFAR": 1.0, "FacilFAR": 2.4, "BoroCode": 2, "BBL": 2052440001.0, "CondoNo": 0, "Tract2010": "046201", "XCoord": 1032305, "YCoord": 261088, "ZoneMap": "2b", "ZMCode": null, "Sanborn": "222 069", "TaxMap": "21710", "EDesigNum": null, "APPBBL": 0.0, "APPDate": null, "PLUTOMapID": "1", "FIRM07_FLA": null, "PFIRM15_FL": null, "Version": "25v4", "DCPEdited": null, "Latitude": 40.8831695, "Longitude": -73.8262144, "Notes": null, "Shape_Leng": 0.0, "Shape_Area": 65929.192176600001 }, "geometry": { "type": "MultiPolygon", "coordinates": [ [ [ [ -73.825537296429474, 40.883373700618655 ], [ -73.825538007709582, 40.883337301193528 ], [ -73.825543633188403, 40.883303708837495 ], [ -73.825553693724984, 40.883268757131582 ], [ -73.825573944523882, 40.883230346836889 ], [ -73.825594175852927, 40.883199809362765 ], [ -73.825621745679825, 40.883165115618688 ], [ -73.825646850646947, 40.88313875304236 ], [ -73.825681732314166, 40.883110091914702 ], [ -73.82572393435531, 40.883083755086709 ], [ -73.825778962057015, 40.883056976664612 ], [ -73.825900394688233, 40.883007878106334 ], [ -73.826558765749084, 40.882787314895161 ], [ -73.826582565800209, 40.882781642506259 ], [ -73.826606929911165, 40.882777563903439 ], [ -73.826631673043792, 40.882775108591829 ], [ -73.826656606440821, 40.882774296027605 ], [ -73.826658085898771, 40.882774300008379 ], [ -73.826686093017202, 40.882775501957489 ], [ -73.826713812250688, 40.882778764644513 ], [ -73.826740978146034, 40.882784057138316 ], [ -73.826767330808352, 40.882791330358472 ], [ -73.826792619109, 40.882800512902385 ], [ -73.826816599783939, 40.88281151681435 ], [ -73.826839046697913, 40.882824239357049 ], [ -73.826859743022581, 40.882838557646949 ], [ -73.826878490817052, 40.882854335359006 ], [ -73.826895115104591, 40.882871420056382 ], [ -73.826909451184562, 40.882889650365684 ], [ -73.826921365583289, 40.882908852329294 ], [ -73.826930744802539, 40.882928841978632 ], [ -73.826937499172885, 40.882949428272838 ], [ -73.826941561634015, 40.882970414010323 ], [ -73.826942895776895, 40.882991600029086 ], [ -73.826942894316389, 40.882992160958175 ], [ -73.826942892855641, 40.882992721969707 ], [ -73.826940086025544, 40.883022227723863 ], [ -73.826932010227736, 40.883051174425482 ], [ -73.826918814119651, 40.883079023869804 ], [ -73.826900740986275, 40.88310526225677 ], [ -73.826878126735693, 40.883129404617272 ], [ -73.82685139018453, 40.883151003250667 ], [ -73.826821024756157, 40.883169659844945 ], [ -73.82678759131008, 40.883185029645183 ], [ -73.826362298826112, 40.883356137549256 ], [ -73.826360484197892, 40.883352698542012 ], [ -73.826332732803067, 40.88336250268361 ], [ -73.825837223624191, 40.883608113811924 ], [ -73.825625606623319, 40.883562110358739 ], [ -73.825604554087789, 40.883535270053194 ], [ -73.82557574868035, 40.883492292914134 ], [ -73.82555615710524, 40.883454929895194 ], [ -73.825548216653715, 40.883432984618928 ], [ -73.82554091400695, 40.883402172334108 ], [ -73.825537296429474, 40.883373700618655 ] ] ] ] } },
{ "type": "Feature", "properties": { "Borough": "BX", "Block": 5245, "Lot": 1, "CD": 210, "BCT2020": "2046203", "BCTCB2020": "20462033009", "CT2010": "462.01", "CB2010": "1021", "SchoolDist": "11", "Council": 12, "ZipCode": 10475, "FireComp": "E066", "PolicePrct": 45, "HealthCent": 24, "HealthArea": 710, "Sanitboro": "2", "SanitDistr": "10", "SanitSub": "1D", "Address": "2244 TILLOTSON AVENUE", "ZoneDist1": "M1-1", "ZoneDist2": null, "ZoneDist3": null, "ZoneDist4": null, "Overlay1": null, "Overlay2": null, "SPDist1": null, "SPDist2": null, "SPDist3": null, "LtdHeight": null, "SplitZone": "N", "BldgClass": "N2", "LandUse": "08", "Easements": 0, "OwnerType": null, "OwnerName": "BROADWAY BRONX MOTEL COMPANY", "LotArea": 42500, "BldgArea": 41952, "ComArea": 41952, "ResArea": 0, "OfficeArea": 0, "RetailArea": 0, "GarageArea": 0, "StrgeArea": 0, "FactryArea": 0, "OtherArea": 41952, "AreaSource": "2", "NumBldgs": 1, "NumFloors": 3.0, "UnitsRes": 0, "UnitsTotal": 1, "LotFront": 150.0, "LotDepth": 375.0, "BldgFront": 80.0, "BldgDepth": 310.0, "Ext": "N", "ProxCode": "0", "IrrLotCode": "Y", "LotType": "3", "BsmtCode": "2", "AssessLand": 765000.0, "AssessTot": 7887600.0, "ExemptTot": 406575.0, "YearBuilt": 1960, "YearAlter1": 2001, "YearAlter2": 2008, "HistDist": null, "Landmark": null, "BuiltFAR": 0.99, "ResidFAR": 0.0, "CommFAR": 1.0, "FacilFAR": 2.4, "BoroCode": 2, "BBL": 2052450001.0, "CondoNo": 0, "Tract2010": "046201", "XCoord": 1031785, "YCoord": 260494, "ZoneMap": "2b", "ZMCode": null, "Sanborn": "222 071", "TaxMap": "21710", "EDesigNum": null, "APPBBL": 0.0, "APPDate": null, "PLUTOMapID": "1", "FIRM07_FLA": null, "PFIRM15_FL": null, "Version": "25v4", "DCPEdited": null, "Latitude": 40.881542, "Longitude": -73.8280991, "Notes": null, "Shape_Leng": 0.0, "Shape_Area": 42656.155102999997 }, "geometry": { "type": "MultiPolygon", "coordinates": [ [ [ [ -73.827894791308324, 40.881819784247028 ], [ -73.8280602028251, 40.881765271341671 ], [ -73.828008003617214, 40.881671760500154 ], [ -73.827956748123512, 40.88157993851857 ], [ -73.827884157499, 40.881449897621316 ], [ -73.827823493569866, 40.881341222398341 ], [ -73.827762829947744, 40.881232547140243 ], [ -73.827707095801671, 40.881132699423631 ], [ -73.827672301286213, 40.88107036871375 ], [ -73.82800348053523, 40.88096122678558 ], [ -73.82853466634117, 40.881912801932906 ], [ -73.828036289816254, 40.882076206261779 ], [ -73.827894791308324, 40.881819784247028 ] ] ] ] } },
{ "type": "Feature", "properties": { "Borough": "BX", "Block": 5245, "Lot": 8, "CD": 210, "BCT2020": "2046203", "BCTCB2020": "20462033009", "CT2010": "462.01", "CB2010": "1021", "SchoolDist": "11", "Council": 12, "ZipCode": 10475, "FireComp": "E066", "PolicePrct": 45, "HealthCent": 24, "HealthArea": 710, "Sanitboro": "2", "SanitDistr": "10", "SanitSub": "1D", "Address": "2256 TILLOTSON AVENUE", "ZoneDist1": "M1-1", "ZoneDist2": null, "ZoneDist3": null, "ZoneDist4": null, "Overlay1": null, "Overlay2": null, "SPDist1": null, "SPDist2": null, "SPDist3": null, "LtdHeight": null, "SplitZone": "N", "BldgClass": "Z9", "LandUse": null, "Easements": 0, "OwnerType": null, "OwnerName": "HARRY & JASMIN RIOS", "LotArea": 5000, "BldgArea": 200, "ComArea": 200, "ResArea": 0, "OfficeArea": 0, "RetailArea": 200, "GarageArea": 0, "StrgeArea": 0, "FactryArea": 0, "OtherArea": 0, "AreaSource": "2", "NumBldgs": 1, "NumFloors": 0.0, "UnitsRes": 0, "UnitsTotal": 1, "LotFront": 50.0, "LotDepth": 100.0, "BldgFront": 0.0, "BldgDepth": 0.0, "Ext": "N", "ProxCode": "0", "IrrLotCode": "N", "LotType": "5", "BsmtCode": "0", "AssessLand": 52650.0, "AssessTot": 63900.0, "ExemptTot": 0.0, "YearBuilt": 1980, "YearAlter1": 0, "YearAlter2": 0, "HistDist": null, "Landmark": null, "BuiltFAR": 0.04, "ResidFAR": 0.0, "CommFAR": 1.0, "FacilFAR": 2.4, "BoroCode": 2, "BBL": 2052450008.0000002, "CondoNo": 0, "Tract2010": "046201", "XCoord": 1031846, "YCoord": 260653, "ZoneMap": "2b", "ZMCode": null, "Sanborn": "222 071", "TaxMap": "21710", "EDesigNum": null, "APPBBL": 0.0, "APPDate": null, "PLUTOMapID": "1", "FIRM07_FLA": null, "PFIRM15_FL": null, "Version": "25v4", "DCPEdited": null, "Latitude": 40.881978, "Longitude": -73.8278774, "Notes": null, "Shape_Leng": 0.0, "Shape_Area": 5512.5268161000004 }, "geometry": { "type": "MultiPolygon", "coordinates": [ [ [ [ -73.827714152517046, 40.88187931324947 ], [ -73.827894791308324, 40.881819784247028 ], [ -73.828036289816254, 40.882076206261779 ], [ -73.827855510031057, 40.882135478691836 ], [ -73.827714152517046, 40.88187931324947 ] ] ] ] } },
{ "type": "Feature", "properties": { "Borough": "BX", "Block": 5245, "Lot": 11, "CD": 210, "BCT2020": "2046203", "BCTCB2020": "20462033009", "CT2010": "462.01", "CB2010": "1021", "SchoolDist": "11", "Council": 12, "ZipCode": 10475, "FireComp": "E066", "PolicePrct": 45, "HealthCent": 24, "HealthArea": 710, "Sanitboro": "2", "SanitDistr": "10", "SanitSub": "1D", "Address": "3331 DE LAVALL AVENUE", "ZoneDist1": "M1-1", "ZoneDist2": null, "ZoneDist3": null, "ZoneDist4": null, "Overlay1": null, "Overlay2": null, "SPDist1": null, "SPDist2": null, "SPDist3": null, "LtdHeight": null, "SplitZone": "N", "BldgClass": "A2", "LandUse": "01", "Easements": 0, "OwnerType": null, "OwnerName": "JOSEPH, CLIFFORD", "LotArea": 3750, "BldgArea": 997, "ComArea": 0, "ResArea": 997, "OfficeArea": 0, "RetailArea": 0, "GarageArea": 0, "StrgeArea": 0, "FactryArea": 0, "OtherArea": 0, "AreaSource": "2", "NumBldgs": 2, "NumFloors": 1.75, "UnitsRes": 1, "UnitsTotal": 1, "LotFront": 37.5, "LotDepth": 100.0, "BldgFront": 22.0, "BldgDepth": 24.0, "Ext": "G", "ProxCode": "1", "IrrLotCode": "N", "LotType": "5", "BsmtCode": "2", "AssessLand": 10560.0, "AssessTot": 34980.0, "ExemptTot": 0.0, "YearBuilt": 1925, "YearAlter1": 0, "YearAlter2": 0, "HistDist": null, "Landmark": null, "BuiltFAR": 0.27, "ResidFAR": 0.0, "CommFAR": 1.0, "FacilFAR": 2.4, "BoroCode": 2, "BBL": 2052450011.0, "CondoNo": 0, "Tract2010": "046201", "XCoord": 1031850, "YCoord": 260579, "ZoneMap": "2b", "ZMCode": null, "Sanborn": "222 071", "TaxMap": "21710", "EDesigNum": null, "APPBBL": 0.0, "APPDate": null, "PLUTOMapID": "1", "FIRM07_FLA": null, "PFIRM15_FL": null, "Version": "25v4", "DCPEdited": null, "Latitude": 40.8817749, "Longitude": -73.8278634, "Notes": null, "Shape_Leng": 0.0, "Shape_Area": 3857.1267834 }, "geometry": { "type": "MultiPolygon", "coordinates": [ [ [ [ -73.828008003617214, 40.881671760500154 ], [ -73.8280602028251, 40.881765271341671 ], [ -73.827894791308324, 40.881819784247028 ], [ -73.827714152517046, 40.88187931324947 ], [ -73.827662460848785, 40.881785634607731 ], [ -73.828008003617214, 40.881671760500154 ] ] ] ] } },
{ "type": "Feature", "properties": { "Borough": "BX", "Block": 5245, "Lot": 13, "CD": 210, "BCT2020": "2046203", "BCTCB2020": "20462033009", "CT2010": "462.01", "CB2010": "1021", "SchoolDist": "11", "Council": 12, "ZipCode": 10475, "FireComp": "E066", "PolicePrct": 45, "HealthCent": 24, "HealthArea": 710, "Sanitboro": "2", "SanitDistr": "10", "SanitSub": "1D", "Address": "3329 DE LAVALL AVENUE", "ZoneDist1": "M1-1", "ZoneDist2": null, "ZoneDist3": null, "ZoneDist4": null, "Overlay1": null, "Overlay2": null, "SPDist1": null, "SPDist2": null, "SPDist3": null, "LtdHeight": null, "SplitZone": "N", "BldgClass": "B2", "LandUse": "01", "Easements": 0, "OwnerType": null, "OwnerName": "MATOS, TYRONE S", "LotArea": 3750, "BldgArea": 1664, "ComArea": 0, "ResArea": 1664, "OfficeArea": 0, "RetailArea": 0, "GarageArea": 0, "StrgeArea": 0, "FactryArea": 0, "OtherArea": 0, "AreaSource": "2", "NumBldgs": 1, "NumFloors": 2.0, "UnitsRes": 2, "UnitsTotal": 2, "LotFront": 37.5, "LotDepth": 100.0, "BldgFront": 26.0, "BldgDepth": 32.0, "Ext": "N", "ProxCode": "1", "IrrLotCode": "N", "LotType": "5", "BsmtCode": "1", "AssessLand": 10560.0, "AssessTot": 47700.0, "ExemptTot": 0.0, "YearBuilt": 1925, "YearAlter1": 0, "YearAlter2": 0, "HistDist": null, "Landmark": null, "BuiltFAR": 0.44, "ResidFAR": 0.0, "CommFAR": 1.0, "FacilFAR": 2.4, "BoroCode": 2, "BBL": 2052450013.0000002, "CondoNo": 0, "Tract2010": "046201", "XCoord": 1031864, "YCoord": 260545, "ZoneMap": "2b", "ZMCode": null, "Sanborn": "222 071", "TaxMap": "21710", "EDesigNum": null, "APPBBL": 0.0, "APPDate": null, "PLUTOMapID": "1", "FIRM07_FLA": null, "PFIRM15_FL": null, "Version": "25v4", "DCPEdited": null, "Latitude": 40.8816815, "Longitude": -73.827813, "Notes": null, "Shape_Leng": 0.0, "Shape_Area": 3781.9389795000002 }, "geometry": { "type": "MultiPolygon", "coordinates": [ [ [ [ -73.827956748123512, 40.88157993851857 ], [ -73.828008003617214, 40.881671760500154 ], [ -73.827662460848785, 40.881785634607731 ], [ -73.827611700857474, 40.881693649326422 ], [ -73.827956748123512, 40.88157993851857 ] ] ] ] } },
{ "type": "Feature", "properties": { "Borough": "BX", "Block": 5245, "Lot": 14, "CD": 210, "BCT2020": "2046203", "BCTCB2020": "20462033009", "CT2010": "462.01", "CB2010": "1021", "SchoolDist": "11", "Council": 12, "ZipCode": 10475, "FireComp": "E066", "PolicePrct": 45, "HealthCent": 24, "HealthArea": 710, "Sanitboro": "2", "SanitDistr": "10", "SanitSub": "1D", "Address": "3327 DE LAVALL AVENUE", "ZoneDist1": "M1-1", "ZoneDist2": null, "ZoneDist3": null, "ZoneDist4": null, "Overlay1": null, "Overlay2": null, "SPDist1": null, "SPDist2": null, "SPDist3": null, "LtdHeight": null, "SplitZone": "N", "BldgClass": "E1", "LandUse": "06", "Easements": 0, "OwnerType": null, "OwnerName": "3327 DELAVALL LLC", "LotArea": 5000, "BldgArea": 3780, "ComArea": 3780, "ResArea": 0, "OfficeArea": 0, "RetailArea": 0, "GarageArea": 0, "StrgeArea": 3780, "FactryArea": 0, "OtherArea": 0, "AreaSource": "2", "NumBldgs": 1, "NumFloors": 1.0, "UnitsRes": 0, "UnitsTotal": 1, "LotFront": 50.0, "LotDepth": 100.0, "BldgFront": 42.0, "BldgDepth": 90.0, "Ext": "N", "ProxCode": "0", "IrrLotCode": "N", "LotType": "5", "BsmtCode": "0", "AssessLand": 33750.0, "AssessTot": 167400.0, "ExemptTot": 0.0, "YearBuilt": 1991, "YearAlter1": 0, "YearAlter2": 0, "HistDist": null, "Landmark": null, "BuiltFAR": 0.76, "ResidFAR": 0.0, "CommFAR": 1.0, "FacilFAR": 2.4, "BoroCode": 2, "BBL": 2052450013.9999998, "CondoNo": 0, "Tract2010": "046201", "XCoord": 1031882, "YCoord": 260505, "ZoneMap": "2b", "ZMCode": null, "Sanborn": "222 071", "TaxMap": "21710", "EDesigNum": null, "APPBBL": 0.0, "APPDate": null, "PLUTOMapID": "1", "FIRM07_FLA": null, "PFIRM15_FL": null, "Version": "25v4", "DCPEdited": null, "Latitude": 40.8815716, "Longitude": -73.8277482, "Notes": null, "Shape_Leng": 0.0, "Shape_Area": 5346.819345 }, "geometry": { "type": "MultiPolygon", "coordinates": [ [ [ [ -73.827884157499, 40.881449897621316 ], [ -73.827956748123512, 40.88157993851857 ], [ -73.827611700857474, 40.881693649326422 ], [ -73.827539814957603, 40.881563375109081 ], [ -73.827884157499, 40.881449897621316 ] ] ] ] } },
{ "type": "Feature", "properties": { "Borough": "BX", "Block": 5245, "Lot": 16, "CD": 210, "BCT2020": "2046203", "BCTCB2020": "20462033009", "CT2010": "462.01", "CB2010": "1021", "SchoolDist": "11", "Council": 12, "ZipCode": 10475, "FireComp": "E066", "PolicePrct": 45, "HealthCent": 24, "HealthArea": 710, "Sanitboro": "2", "SanitDistr": "10", "SanitSub": "1D", "Address": "3325 DE LAVALL AVENUE", "ZoneDist1": "M1-1", "ZoneDist2": null, "ZoneDist3": null, "ZoneDist4": null, "Overlay1": null, "Overlay2": null, "SPDist1": null, "SPDist2": null, "SPDist3": null, "LtdHeight": null, "SplitZone": "N", "BldgClass": "E1", "LandUse": "06", "Easements": 0, "OwnerType": null, "OwnerName": "KRISTY'S REALTY HOLDING LLC", "LotArea": 4375, "BldgArea": 4375, "ComArea": 4375, "ResArea": 0, "OfficeArea": 0, "RetailArea": 0, "GarageArea": 0, "StrgeArea": 0, "FactryArea": 4375, "OtherArea": 0, "AreaSource": "2", "NumBldgs": 1, "NumFloors": 1.0, "UnitsRes": 0, "UnitsTotal": 1, "LotFront": 43.75, "LotDepth": 100.0, "BldgFront": 43.75, "BldgDepth": 100.0, "Ext": null, "ProxCode": "0", "IrrLotCode": "N", "LotType": "5", "BsmtCode": "5", "AssessLand": 75600.0, "AssessTot": 305100.0, "ExemptTot": 0.0, "YearBuilt": 2019, "YearAlter1": 2018, "YearAlter2": 0, "HistDist": null, "Landmark": null, "BuiltFAR": 1.0, "ResidFAR": 0.0, "CommFAR": 1.0, "FacilFAR": 2.4, "BoroCode": 2, "BBL": 2052450016.0, "CondoNo": 0, "Tract2010": "046201", "XCoord": 1031900, "YCoord": 260461, "ZoneMap": "2b", "ZMCode": null, "Sanborn": "222 071", "TaxMap": "21710", "EDesigNum": null, "APPBBL": 0.0, "APPDate": null, "PLUTOMapID": "1", "FIRM07_FLA": null, "PFIRM15_FL": null, "Version": "25v4", "DCPEdited": null, "Latitude": 40.8814508, "Longitude": -73.8276834, "Notes": null, "Shape_Leng": 0.0, "Shape_Area": 4459.9314407000002 }, "geometry": { "type": "MultiPolygon", "coordinates": [ [ [ [ -73.827823493569866, 40.881341222398341 ], [ -73.827884157499, 40.881449897621316 ], [ -73.827539814957603, 40.881563375109081 ], [ -73.827479740479717, 40.881454506081518 ], [ -73.827823493569866, 40.881341222398341 ] ] ] ] } },
{ "type": "Feature", "properties": { "Borough": "BX", "Block": 5245, "Lot": 18, "CD": 210, "BCT2020": "2046203", "BCTCB2020": "20462033009", "CT2010": "462.01", "CB2010": "1021", "SchoolDist": "11", "Council": 12, "ZipCode": 10475, "FireComp": "E066", "PolicePrct": 45, "HealthCent": 24, "HealthArea": 710, "Sanitboro": "2", "SanitDistr": "10", "SanitSub": "1D", "Address": "3321 DE LAVALL AVENUE", "ZoneDist1": "M1-1", "ZoneDist2": null, "ZoneDist3": null, "ZoneDist4": null, "Overlay1": null, "Overlay2": null, "SPDist1": null, "SPDist2": null, "SPDist3": null, "LtdHeight": null, "SplitZone": "N", "BldgClass": "E1", "LandUse": "06", "Easements": 0, "OwnerType": null, "OwnerName": "Y&C REALTY INC", "LotArea": 4375, "BldgArea": 4358, "ComArea": 4358, "ResArea": 0, "OfficeArea": 0, "RetailArea": 0, "GarageArea": 0, "StrgeArea": 0, "FactryArea": 4358, "OtherArea": 0, "AreaSource": "2", "NumBldgs": 1, "NumFloors": 1.0, "UnitsRes": 0, "UnitsTotal": 1, "LotFront": 43.75, "LotDepth": 100.0, "BldgFront": 43.75, "BldgDepth": 100.0, "Ext": null, "ProxCode": "2", "IrrLotCode": "N", "LotType": "5", "BsmtCode": "2", "AssessLand": 86850.0, "AssessTot": 179550.0, "ExemptTot": 0.0, "YearBuilt": 2015, "YearAlter1": 0, "YearAlter2": 0, "HistDist": null, "Landmark": null, "BuiltFAR": 1.0, "ResidFAR": 0.0, "CommFAR": 1.0, "FacilFAR": 2.4, "BoroCode": 2, "BBL": 2052450018.0000002, "CondoNo": 0, "Tract2010": "046201", "XCoord": 1031917, "YCoord": 260422, "ZoneMap": "2b", "ZMCode": null, "Sanborn": "222 071", "TaxMap": "21710", "EDesigNum": null, "APPBBL": 0.0, "APPDate": null, "PLUTOMapID": "1", "FIRM07_FLA": null, "PFIRM15_FL": null, "Version": "25v4", "DCPEdited": null, "Latitude": 40.8813436, "Longitude": -73.8276222, "Notes": null, "Shape_Leng": 0.0, "Shape_Area": 4452.3121208000002 }, "geometry": { "type": "MultiPolygon", "coordinates": [ [ [ [ -73.827479740479717, 40.881454506081518 ], [ -73.8274196663114, 40.881345636101976 ], [ -73.827762829947744, 40.881232547140243 ], [ -73.827823493569866, 40.881341222398341 ], [ -73.827479740479717, 40.881454506081518 ] ] ] ] } },
{ "type": "Feature", "properties": { "Borough": "BX", "Block": 5245, "Lot": 21, "CD": 210, "BCT2020": "2046203", "BCTCB2020": "20462033009", "CT2010": "462.01", "CB2010": "1021", "SchoolDist": "11", "Council": 12, "ZipCode": 10475, "FireComp": "E066", "PolicePrct": 45, "HealthCent": 24, "HealthArea": 710, "Sanitboro": "2", "SanitDistr": "10", "SanitSub": "1D", "Address": "3317 DE LAVALL AVENUE", "ZoneDist1": "M1-1", "ZoneDist2": null, "ZoneDist3": null, "ZoneDist4": null, "Overlay1": null, "Overlay2": null, "SPDist1": null, "SPDist2": null, "SPDist3": null, "LtdHeight": null, "SplitZone": "N", "BldgClass": "A2", "LandUse": "01", "Easements": 0, "OwnerType": null, "OwnerName": "FLORES, LUIS", "LotArea": 3750, "BldgArea": 1592, "ComArea": 0, "ResArea": 796, "OfficeArea": 0, "RetailArea": 0, "GarageArea": 0, "StrgeArea": 0, "FactryArea": 0, "OtherArea": 0, "AreaSource": "2", "NumBldgs": 1, "NumFloors": 1.0, "UnitsRes": 1, "UnitsTotal": 1, "LotFront": 37.5, "LotDepth": 100.0, "BldgFront": 24.0, "BldgDepth": 29.0, "Ext": "N", "ProxCode": "1", "IrrLotCode": "N", "LotType": "5", "BsmtCode": "1", "AssessLand": 10560.0, "AssessTot": 43260.0, "ExemptTot": 1420.0, "YearBuilt": 1925, "YearAlter1": 0, "YearAlter2": 0, "HistDist": null, "Landmark": null, "BuiltFAR": 0.42, "ResidFAR": 0.0, "CommFAR": 1.0, "FacilFAR": 2.4, "BoroCode": 2, "BBL": 2052450021.0, "CondoNo": 0, "Tract2010": "046201", "XCoord": 1031948, "YCoord": 260348, "ZoneMap": "2b", "ZMCode": null, "Sanborn": "222 071", "TaxMap": "21710", "EDesigNum": null, "APPBBL": 0.0, "APPDate": null, "PLUTOMapID": "1", "FIRM07_FLA": null, "PFIRM15_FL": null, "Version": "25v4", "DCPEdited": null, "Latitude": 40.8811404, "Longitude": -73.8275107, "Notes": null, "Shape_Leng": 0.0, "Shape_Area": 3818.9357615 }, "geometry": { "type": "MultiPolygon", "coordinates": [ [ [ [ -73.827312779710169, 40.881151931939549 ], [ -73.827654895273255, 40.881039188407051 ], [ -73.827672301286213, 40.88107036871375 ], [ -73.827707095801671, 40.881132699423631 ], [ -73.827364471715114, 40.881245610835585 ], [ -73.827312779710169, 40.881151931939549 ] ] ] ] } },
{ "type": "Feature", "properties": { "Borough": "BX", "Block": 5245, "Lot": 23, "CD": 210, "BCT2020": "2046203", "BCTCB2020": "20462033009", "CT2010": "462.01", "CB2010": "1021", "SchoolDist": "11", "Council": 12, "ZipCode": 10475, "FireComp": "E066", "PolicePrct": 45, "HealthCent": 24, "HealthArea": 710, "Sanitboro": "2", "SanitDistr": "10", "SanitSub": "1D", "Address": "3315 DE LAVALL AVENUE", "ZoneDist1": "M1-1", "ZoneDist2": null, "ZoneDist3": null, "ZoneDist4": null, "Overlay1": null, "Overlay2": null, "SPDist1": null, "SPDist2": null, "SPDist3": null, "LtdHeight": null, "SplitZone": "N", "BldgClass": "A2", "LandUse": "01", "Easements": 0, "OwnerType": null, "OwnerName": "3315 DELAVALL AVE LLC", "LotArea": 3750, "BldgArea": 1080, "ComArea": 0, "ResArea": 720, "OfficeArea": 0, "RetailArea": 0, "GarageArea": 0, "StrgeArea": 0, "FactryArea": 0, "OtherArea": 0, "AreaSource": "2", "NumBldgs": 1, "NumFloors": 1.0, "UnitsRes": 1, "UnitsTotal": 1, "LotFront": 37.5, "LotDepth": 100.0, "BldgFront": 20.0, "BldgDepth": 36.0, "Ext": "N", "ProxCode": "1", "IrrLotCode": "N", "LotType": "5", "BsmtCode": "1", "AssessLand": 10560.0, "AssessTot": 40320.0, "ExemptTot": 0.0, "YearBuilt": 1920, "YearAlter1": 0, "YearAlter2": 0, "HistDist": null, "Landmark": null, "BuiltFAR": 0.29, "ResidFAR": 0.0, "CommFAR": 1.0, "FacilFAR": 2.4, "BoroCode": 2, "BBL": 2052450023.0, "CondoNo": 0, "Tract2010": "046201", "XCoord": 1031962, "YCoord": 260314, "ZoneMap": "2b", "ZMCode": null, "Sanborn": "222 071", "TaxMap": "21710", "EDesigNum": null, "APPBBL": 0.0, "APPDate": null, "PLUTOMapID": "1", "FIRM07_FLA": null, "PFIRM15_FL": null, "Version": "25v4", "DCPEdited": null, "Latitude": 40.881047, "Longitude": -73.8274603, "Notes": null, "Shape_Leng": 0.0, "Shape_Area": 3813.2833001 }, "geometry": { "type": "MultiPolygon", "coordinates": [ [ [ [ -73.827261087958703, 40.881058254022776 ], [ -73.82760269831418, 40.880945675531613 ], [ -73.827654895273255, 40.881039188407051 ], [ -73.827312779710169, 40.881151931939549 ], [ -73.827261087958703, 40.881058254022776 ] ] ] ] } },
{ "type": "Feature", "properties": { "Borough": "BX", "Block": 5245, "Lot": 36, "CD": 210, "BCT2020": "2046203", "BCTCB2020": "20462033009", "CT2010": "462.01", "CB2010": "1021", "SchoolDist": "11", "Council": 12, "ZipCode": 10475, "FireComp": "E066", "PolicePrct": 45, "HealthCent": 24, "HealthArea": 710, "Sanitboro": "2", "SanitDistr": "10", "SanitSub": "1D", "Address": "2243 GIVAN AVENUE", "ZoneDist1": "M1-1", "ZoneDist2": null, "ZoneDist3": null, "ZoneDist4": null, "Overlay1": null, "Overlay2": null, "SPDist1": null, "SPDist2": null, "SPDist3": null, "LtdHeight": null, "SplitZone": "N", "BldgClass": "B2", "LandUse": "01", "Easements": 0, "OwnerType": null, "OwnerName": "BYRON SATCHELL", "LotArea": 5000, "BldgArea": 2220, "ComArea": 0, "ResArea": 1759, "OfficeArea": 0, "RetailArea": 0, "GarageArea": 0, "StrgeArea": 0, "FactryArea": 0, "OtherArea": 0, "AreaSource": "2", "NumBldgs": 3, "NumFloors": 2.0, "UnitsRes": 2, "UnitsTotal": 2, "LotFront": 100.0, "LotDepth": 50.0, "BldgFront": 20.0, "BldgDepth": 35.0, "Ext": "G", "ProxCode": "1", "IrrLotCode": "N", "LotType": "3", "BsmtCode": "1", "AssessLand": 16140.0, "AssessTot": 47100.0, "ExemptTot": 0.0, "YearBuilt": 1938, "YearAlter1": 0, "YearAlter2": 0, "HistDist": null, "Landmark": null, "BuiltFAR": 0.44, "ResidFAR": 0.0, "CommFAR": 1.0, "FacilFAR": 2.4, "BoroCode": 2, "BBL": 2052450036.0, "CondoNo": 0, "Tract2010": "046201", "XCoord": 1031925, "YCoord": 260142, "ZoneMap": "2b", "ZMCode": null, "Sanborn": "222 071", "TaxMap": "21710", "EDesigNum": null, "APPBBL": 0.0, "APPDate": null, "PLUTOMapID": "1", "FIRM07_FLA": null, "PFIRM15_FL": null, "Version": "25v4", "DCPEdited": null, "Latitude": 40.8805751, "Longitude": -73.8275953, "Notes": null, "Shape_Leng": 0.0, "Shape_Area": 5277.6823456000002 }, "geometry": { "type": "MultiPolygon", "coordinates": [ [ [ [ -73.827459953891875, 40.880689955217051 ], [ -73.827389613673944, 40.880563940745269 ], [ -73.82772079207605, 40.880454799620722 ], [ -73.827795365359563, 40.880588397005859 ], [ -73.82746418762909, 40.880697537339557 ], [ -73.827459953891875, 40.880689955217051 ] ] ] ] } },
{ "type": "Feature", "properties": { "Borough": "BX", "Block": 5245, "Lot": 40, "CD": 210, "BCT2020": "2046203", "BCTCB2020": "20462033009", "CT2010": "462.01", "CB2010": "1021", "SchoolDist": "11", "Council": 12, "ZipCode": 10475, "FireComp": "E066", "PolicePrct": 45, "HealthCent": 24, "HealthArea": 710, "Sanitboro": "2", "SanitDistr": "10", "SanitSub": "1D", "Address": "3306 ROMBOUTS AVENUE", "ZoneDist1": "M1-1", "ZoneDist2": null, "ZoneDist3": null, "ZoneDist4": null, "Overlay1": null, "Overlay2": null, "SPDist1": null, "SPDist2": null, "SPDist3": null, "LtdHeight": null, "SplitZone": "N", "BldgClass": "C0", "LandUse": "02", "Easements": 0, "OwnerType": null, "OwnerName": "3306 ROMBOUTS AVE LLC", "LotArea": 2184, "BldgArea": 4977, "ComArea": 0, "ResArea": 4977, "OfficeArea": 0, "RetailArea": 0, "GarageArea": 0, "StrgeArea": 0, "FactryArea": 0, "OtherArea": 0, "AreaSource": "2", "NumBldgs": 1, "NumFloors": 4.0, "UnitsRes": 3, "UnitsTotal": 3, "LotFront": 21.84, "LotDepth": 100.0, "BldgFront": 21.8, "BldgDepth": 55.0, "Ext": "N", "ProxCode": "3", "IrrLotCode": "N", "LotType": "0", "BsmtCode": "2", "AssessLand": 6420.0, "AssessTot": 85080.0, "ExemptTot": 0.0, "YearBuilt": 2006, "YearAlter1": 0, "YearAlter2": 0, "HistDist": null, "Landmark": null, "BuiltFAR": 2.28, "ResidFAR": 0.0, "CommFAR": 1.0, "FacilFAR": 2.4, "BoroCode": 2, "BBL": 2052450040.0000002, "CondoNo": 0, "Tract2010": "046201", "XCoord": 1031902, "YCoord": 260196, "ZoneMap": "2b", "ZMCode": null, "Sanborn": "222 071", "TaxMap": "21710", "EDesigNum": null, "APPBBL": 2052450039.0, "APPDate": "03/06/2018", "PLUTOMapID": "1", "FIRM07_FLA": null, "PFIRM15_FL": null, "Version": "25v4", "DCPEdited": null, "Latitude": 40.8807234, "Longitude": -73.8276781, "Notes": null, "Shape_Leng": 0.0, "Shape_Area": 1999.2011717 }, "geometry": { "type": "MultiPolygon", "coordinates": [ [ [ [ -73.827496039989299, 40.8807546031802 ], [ -73.827827219056275, 40.880645461754106 ], [ -73.827855467470755, 40.880696069191359 ], [ -73.827524289304208, 40.880805209695247 ], [ -73.827496039989299, 40.8807546031802 ] ] ] ] } },
{ "type": "Feature", "properties": { "Borough": "BX", "Block": 5245, "Lot": 41, "CD": 210, "BCT2020": "2046203", "BCTCB2020": "20462033009", "CT2010": "462.01", "CB2010": "1021", "SchoolDist": "11", "Council": 12, "ZipCode": 10475, "FireComp": "E066", "PolicePrct": 45, "HealthCent": 24, "HealthArea": 710, "Sanitboro": "2", "SanitDistr": "10", "SanitSub": "1D", "Address": "3308 ROMBOUTS AVENUE", "ZoneDist1": "M1-1", "ZoneDist2": null, "ZoneDist3": null, "ZoneDist4": null, "Overlay1": null, "Overlay2": null, "SPDist1": null, "SPDist2": null, "SPDist3": null, "LtdHeight": null, "SplitZone": "N", "BldgClass": "C0", "LandUse": "02", "Easements": 0, "OwnerType": null, "OwnerName": "ROMBOUTS, LLC", "LotArea": 3058, "BldgArea": 4977, "ComArea": 0, "ResArea": 4977, "OfficeArea": 0, "RetailArea": 0, "GarageArea": 0, "StrgeArea": 0, "FactryArea": 0, "OtherArea": 0, "AreaSource": "2", "NumBldgs": 1, "NumFloors": 4.0, "UnitsRes": 3, "UnitsTotal": 3, "LotFront": 30.58, "LotDepth": 100.0, "BldgFront": 22.6, "BldgDepth": 55.0, "Ext": "N", "ProxCode": "2", "IrrLotCode": "N", "LotType": "0", "BsmtCode": "2", "AssessLand": 8940.0, "AssessTot": 81360.0, "ExemptTot": 0.0, "YearBuilt": 2006, "YearAlter1": 0, "YearAlter2": 0, "HistDist": null, "Landmark": null, "BuiltFAR": 1.63, "ResidFAR": 0.0, "CommFAR": 1.0, "FacilFAR": 2.4, "BoroCode": 2, "BBL": 2052450041.0, "CondoNo": 0, "Tract2010": "046201", "XCoord": 1031892, "YCoord": 260220, "ZoneMap": "2b", "ZMCode": null, "Sanborn": "222 071", "TaxMap": "21710", "EDesigNum": null, "APPBBL": 2052450039.0, "APPDate": "03/06/2018", "PLUTOMapID": "1", "FIRM07_FLA": null, "PFIRM15_FL": null, "Version": "25v4", "DCPEdited": null, "Latitude": 40.8807894, "Longitude": -73.8277141, "Notes": null, "Shape_Leng": 0.0, "Shape_Area": 3053.0061507 }, "geometry": { "type": "MultiPolygon", "coordinates": [ [ [ [ -73.827524289304208, 40.880805209695247 ], [ -73.827855467470755, 40.880696069191359 ], [ -73.827865903643612, 40.880714762723656 ], [ -73.827898607749262, 40.880773351472747 ], [ -73.827567429268257, 40.880882492182572 ], [ -73.827534725396291, 40.880823905097245 ], [ -73.827524289304208, 40.880805209695247 ] ] ] ] } },
{ "type": "Feature", "properties": { "Borough": "BX", "Block": 5246, "Lot": 1, "CD": 210, "BCT2020": "2046203", "BCTCB2020": "20462033008", "CT2010": "462.01", "CB2010": "1015", "SchoolDist": "11", "Council": 12, "ZipCode": 10475, "FireComp": "E066", "PolicePrct": 45, "HealthCent": 24, "HealthArea": 710, "Sanitboro": "2", "SanitDistr": "10", "SanitSub": "1D", "Address": "2260 TILLOTSON AVENUE", "ZoneDist1": "M1-1", "ZoneDist2": null, "ZoneDist3": null, "ZoneDist4": null, "Overlay1": null, "Overlay2": null, "SPDist1": null, "SPDist2": null, "SPDist3": null, "LtdHeight": null, "SplitZone": "N", "BldgClass": "K1", "LandUse": "05", "Easements": 0, "OwnerType": null, "OwnerName": "TILLOTSON REALTY LLC", "LotArea": 5000, "BldgArea": 5000, "ComArea": 5000, "ResArea": 0, "OfficeArea": 0, "RetailArea": 5000, "GarageArea": 0, "StrgeArea": 0, "FactryArea": 0, "OtherArea": 0, "AreaSource": "2", "NumBldgs": 1, "NumFloors": 1.0, "UnitsRes": 0, "UnitsTotal": 1, "LotFront": 50.0, "LotDepth": 100.0, "BldgFront": 50.0, "BldgDepth": 100.0, "Ext": "N", "ProxCode": "0", "IrrLotCode": "N", "LotType": "3", "BsmtCode": "0", "AssessLand": 45000.0, "AssessTot": 218250.0, "ExemptTot": 0.0, "YearBuilt": 1979, "YearAlter1": 2011, "YearAlter2": 0, "HistDist": null, "Landmark": null, "BuiltFAR": 1.0, "ResidFAR": 0.0, "CommFAR": 1.0, "FacilFAR": 2.4, "BoroCode": 2, "BBL": 2052460001.0, "CondoNo": 0, "Tract2010": "046201", "XCoord": 1031946, "YCoord": 260695, "ZoneMap": "2b", "ZMCode": null, "Sanborn": "222 071", "TaxMap": "21710", "EDesigNum": null, "APPBBL": 0.0, "APPDate": null, "PLUTOMapID": "1", "FIRM07_FLA": null, "PFIRM15_FL": null, "Version": "25v4", "DCPEdited": null, "Latitude": 40.8820928, "Longitude": -73.8275154, "Notes": null, "Shape_Leng": 0.0, "Shape_Area": 5286.3809210999998 }, "geometry": { "type": "MultiPolygon", "coordinates": [ [ [ [ -73.827670267326667, 40.882195763465553 ], [ -73.827500600440487, 40.882252745734391 ], [ -73.82735432351167, 40.881992612182636 ], [ -73.827523989855322, 40.881935630960953 ], [ -73.827670267326667, 40.882195763465553 ] ] ] ] } },
{ "type": "Feature", "properties": { "Borough": "BX", "Block": 5246, "Lot": 3, "CD": 210, "BCT2020": "2046203", "BCTCB2020": "20462033008", "CT2010": "462.01", "CB2010": "1015", "SchoolDist": "11", "Council": 12, "ZipCode": 10475, "FireComp": "E066", "PolicePrct": 45, "HealthCent": 24, "HealthArea": 710, "Sanitboro": "2", "SanitDistr": "10", "SanitSub": "1D", "Address": "2266 TILLOTSON AVENUE", "ZoneDist1": "M1-1", "ZoneDist2": null, "ZoneDist3": null, "ZoneDist4": null, "Overlay1": null, "Overlay2": null, "SPDist1": null, "SPDist2": null, "SPDist3": null, "LtdHeight": null, "SplitZone": "N", "BldgClass": "G2", "LandUse": "07", "Easements": 0, "OwnerType": null, "OwnerName": "2266 TILLOTSON PROPERTIES,", "LotArea": 10000, "BldgArea": 10000, "ComArea": 10000, "ResArea": 0, "OfficeArea": 500, "RetailArea": 0, "GarageArea": 9500, "StrgeArea": 0, "FactryArea": 0, "OtherArea": 0, "AreaSource": "2", "NumBldgs": 1, "NumFloors": 1.0, "UnitsRes": 0, "UnitsTotal": 2, "LotFront": 100.0, "LotDepth": 100.0, "BldgFront": 100.0, "BldgDepth": 99.0, "Ext": "N", "ProxCode": "0", "IrrLotCode": "N", "LotType": "5", "BsmtCode": "0", "AssessLand": 67500.0, "AssessTot": 299700.0, "ExemptTot": 0.0, "YearBuilt": 1962, "YearAlter1": 0, "YearAlter2": 0, "HistDist": null, "Landmark": null, "BuiltFAR": 1.0, "ResidFAR": 0.0, "CommFAR": 1.0, "FacilFAR": 2.4, "BoroCode": 2, "BBL": 2052460002.9999998, "CondoNo": 0, "Tract2010": "046201", "XCoord": 1032015, "YCoord": 260726, "ZoneMap": "2b", "ZMCode": null, "Sanborn": "222 071", "TaxMap": "21710", "EDesigNum": null, "APPBBL": 0.0, "APPDate": null, "PLUTOMapID": "1", "FIRM07_FLA": null, "PFIRM15_FL": null, "Version": "25v4", "DCPEdited": null, "Latitude": 40.8821775, "Longitude": -73.8272657, "Notes": null, "Shape_Leng": 0.0, "Shape_Area": 10159.3013809 }, "geometry": { "type": "MultiPolygon", "coordinates": [ [ [ [ -73.827500600440487, 40.882252745734391 ], [ -73.827174660861786, 40.88236220919827 ], [ -73.827028134421781, 40.882102160361285 ], [ -73.827193209274455, 40.882046721676709 ], [ -73.82735432351167, 40.881992612182636 ], [ -73.827500600440487, 40.882252745734391 ] ] ] ] } },
{ "type": "Feature", "properties": { "Borough": "BX", "Block": 5246, "Lot": 7, "CD": 210, "BCT2020": "2046203", "BCTCB2020": "20462033008", "CT2010": "462.01", "CB2010": "1015", "SchoolDist": "11", "Council": 12, "ZipCode": 10475, "FireComp": "E066", "PolicePrct": 45, "HealthCent": 24, "HealthArea": 710, "Sanitboro": "2", "SanitDistr": "10", "SanitSub": "1D", "Address": "2274 TILLOTSON AVENUE", "ZoneDist1": "M1-1", "ZoneDist2": null, "ZoneDist3": null, "ZoneDist4": null, "Overlay1": null, "Overlay2": null, "SPDist1": null, "SPDist2": null, "SPDist3": null, "LtdHeight": null, "SplitZone": "N", "BldgClass": "V1", "LandUse": "11", "Easements": 0, "OwnerType": null, "OwnerName": "RUSCIANO ANTHONY", "LotArea": 5000, "BldgArea": 0, "ComArea": 0, "ResArea": 0, "OfficeArea": 0, "RetailArea": 0, "GarageArea": 0, "StrgeArea": 0, "FactryArea": 0, "OtherArea": 0, "AreaSource": "7", "NumBldgs": 0, "NumFloors": 0.0, "UnitsRes": 0, "UnitsTotal": 0, "LotFront": 50.0, "LotDepth": 100.0, "BldgFront": 0.0, "BldgDepth": 0.0, "Ext": null, "ProxCode": "0", "IrrLotCode": "N", "LotType": "3", "BsmtCode": "5", "AssessLand": 73350.0, "AssessTot": 73350.0, "ExemptTot": 0.0, "YearBuilt": 0, "YearAlter1": 0, "YearAlter2": 0, "HistDist": null, "Landmark": null, "BuiltFAR": 0.0, "ResidFAR": 0.0, "CommFAR": 1.0, "FacilFAR": 2.4, "BoroCode": 2, "BBL": 2052460007.0, "CondoNo": 0, "Tract2010": "046201", "XCoord": 1032083, "YCoord": 260756, "ZoneMap": "2b", "ZMCode": null, "Sanborn": "222 071", "TaxMap": "21710", "EDesigNum": null, "APPBBL": 0.0, "APPDate": null, "PLUTOMapID": "1", "FIRM07_FLA": null, "PFIRM15_FL": null, "Version": "25v4", "DCPEdited": null, "Latitude": 40.8822595, "Longitude": -73.8270196, "Notes": null, "Shape_Leng": 0.0, "Shape_Area": 5152.3079944000001 }, "geometry": { "type": "MultiPolygon", "coordinates": [ [ [ [ -73.826862770690283, 40.882157695671303 ], [ -73.827028134421781, 40.882102160361285 ], [ -73.827174660861786, 40.88236220919827 ], [ -73.827009295501441, 40.882417745633802 ], [ -73.826862770690283, 40.882157695671303 ] ] ] ] } },
{ "type": "Feature", "properties": { "Borough": "BX", "Block": 5246, "Lot": 16, "CD": 210, "BCT2020": "2046203", "BCTCB2020": "20462033008", "CT2010": "462.01", "CB2010": "1015", "SchoolDist": "11", "Council": 12, "ZipCode": 10475, "FireComp": "E066", "PolicePrct": 45, "HealthCent": 24, "HealthArea": 710, "Sanitboro": "2", "SanitDistr": "10", "SanitSub": "1D", "Address": "3319 MERRITT AVENUE", "ZoneDist1": "M1-1", "ZoneDist2": null, "ZoneDist3": null, "ZoneDist4": null, "Overlay1": null, "Overlay2": null, "SPDist1": null, "SPDist2": null, "SPDist3": null, "LtdHeight": null, "SplitZone": "N", "BldgClass": "E1", "LandUse": "06", "Easements": 0, "OwnerType": null, "OwnerName": "KRISTYS REALTY HOLDING,LLC", "LotArea": 5022, "BldgArea": 5588, "ComArea": 588, "ResArea": 0, "OfficeArea": 588, "RetailArea": 0, "GarageArea": 0, "StrgeArea": 0, "FactryArea": 0, "OtherArea": 0, "AreaSource": "2", "NumBldgs": 1, "NumFloors": 1.0, "UnitsRes": 0, "UnitsTotal": 1, "LotFront": 50.27, "LotDepth": 100.0, "BldgFront": 50.27, "BldgDepth": 100.0, "Ext": "N", "ProxCode": "0", "IrrLotCode": "N", "LotType": "5", "BsmtCode": "0", "AssessLand": 56700.0, "AssessTot": 219150.0, "ExemptTot": 0.0, "YearBuilt": 1940, "YearAlter1": 0, "YearAlter2": 0, "HistDist": null, "Landmark": null, "BuiltFAR": 1.11, "ResidFAR": 0.0, "CommFAR": 1.0, "FacilFAR": 2.4, "BoroCode": 2, "BBL": 2052460016.0, "CondoNo": 0, "Tract2010": "046201", "XCoord": 1032148, "YCoord": 260541, "ZoneMap": "2b", "ZMCode": null, "Sanborn": "222 071", "TaxMap": "21710", "EDesigNum": null, "APPBBL": 2052460013.9999998, "APPDate": "01/07/1991", "PLUTOMapID": "1", "FIRM07_FLA": null, "PFIRM15_FL": null, "Version": "25v4", "DCPEdited": null, "Latitude": 40.881669, "Longitude": -73.826786, "Notes": null, "Shape_Leng": 0.0, "Shape_Area": 5208.8108603000001 }, "geometry": { "type": "MultiPolygon", "coordinates": [ [ [ [ -73.826581612347184, 40.881658699928927 ], [ -73.826912050132435, 40.88154772664668 ], [ -73.826960812043737, 40.881634269340765 ], [ -73.826980029209039, 40.881668375412353 ], [ -73.826922703635958, 40.881702004606311 ], [ -73.826656404073347, 40.881791440096798 ], [ -73.826581612347184, 40.881658699928927 ] ] ] ] } },
{ "type": "Feature", "properties": { "Borough": "BX", "Block": 5246, "Lot": 18, "CD": 210, "BCT2020": "2046203", "BCTCB2020": "20462033008", "CT2010": "462.01", "CB2010": "1015", "SchoolDist": "11", "Council": 12, "ZipCode": 10475, "FireComp": "E066", "PolicePrct": 45, "HealthCent": 24, "HealthArea": 710, "Sanitboro": "2", "SanitDistr": "10", "SanitSub": "1D", "Address": "3311 MERRITT AVENUE", "ZoneDist1": "M1-1", "ZoneDist2": null, "ZoneDist3": null, "ZoneDist4": null, "Overlay1": null, "Overlay2": null, "SPDist1": null, "SPDist2": null, "SPDist3": null, "LtdHeight": null, "SplitZone": "N", "BldgClass": "E1", "LandUse": "06", "Easements": 0, "OwnerType": null, "OwnerName": "3311 MERRITT AVENUE LLC", "LotArea": 10000, "BldgArea": 10000, "ComArea": 10000, "ResArea": 0, "OfficeArea": 0, "RetailArea": 0, "GarageArea": 0, "StrgeArea": 10000, "FactryArea": 0, "OtherArea": 0, "AreaSource": "2", "NumBldgs": 1, "NumFloors": 1.0, "UnitsRes": 0, "UnitsTotal": 1, "LotFront": 100.0, "LotDepth": 100.0, "BldgFront": 100.0, "BldgDepth": 100.0, "Ext": "N", "ProxCode": "0", "IrrLotCode": "N", "LotType": "5", "BsmtCode": "0", "AssessLand": 54000.0, "AssessTot": 361800.0, "ExemptTot": 0.0, "YearBuilt": 1984, "YearAlter1": 0, "YearAlter2": 0, "HistDist": null, "Landmark": null, "BuiltFAR": 1.0, "ResidFAR": 0.0, "CommFAR": 1.0, "FacilFAR": 2.4, "BoroCode": 2, "BBL": 2052460018.0000002, "CondoNo": 0, "Tract2010": "046201", "XCoord": 1032179, "YCoord": 260469, "ZoneMap": "2b", "ZMCode": null, "Sanborn": "222 071", "TaxMap": "21710", "EDesigNum": null, "APPBBL": 0.0, "APPDate": null, "PLUTOMapID": "1", "FIRM07_FLA": null, "PFIRM15_FL": null, "Version": "25v4", "DCPEdited": null, "Latitude": 40.8814712, "Longitude": -73.8266744, "Notes": null, "Shape_Leng": 0.0, "Shape_Area": 10289.105456499999 }, "geometry": { "type": "MultiPolygon", "coordinates": [ [ [ [ -73.826435184253185, 40.881398814336052 ], [ -73.826765619781085, 40.881287840545589 ], [ -73.826803306114201, 40.881354726144302 ], [ -73.826912050132435, 40.88154772664668 ], [ -73.826581612347184, 40.881658699928927 ], [ -73.826435184253185, 40.881398814336052 ] ] ] ] } },
{ "type": "Feature", "properties": { "Borough": "BX", "Block": 5246, "Lot": 34, "CD": 210, "BCT2020": "2046203", "BCTCB2020": "20462033008", "CT2010": "462.01", "CB2010": "1015", "SchoolDist": "11", "Council": 12, "ZipCode": 10475, "FireComp": "E066", "PolicePrct": 45, "HealthCent": 24, "HealthArea": 710, "Sanitboro": "2", "SanitDistr": "10", "SanitSub": "1D", "Address": "3310 DE LAVALL AVENUE", "ZoneDist1": "M1-1", "ZoneDist2": null, "ZoneDist3": null, "ZoneDist4": null, "Overlay1": null, "Overlay2": null, "SPDist1": null, "SPDist2": null, "SPDist3": null, "LtdHeight": null, "SplitZone": "N", "BldgClass": "E1", "LandUse": "06", "Easements": 0, "OwnerType": null, "OwnerName": "DEBONO GROUP, LLC", "LotArea": 12500, "BldgArea": 12500, "ComArea": 12500, "ResArea": 0, "OfficeArea": 0, "RetailArea": 0, "GarageArea": 0, "StrgeArea": 12500, "FactryArea": 0, "OtherArea": 0, "AreaSource": "2", "NumBldgs": 1, "NumFloors": 1.0, "UnitsRes": 0, "UnitsTotal": 1, "LotFront": 125.0, "LotDepth": 100.0, "BldgFront": 125.0, "BldgDepth": 100.0, "Ext": "N", "ProxCode": "0", "IrrLotCode": "N", "LotType": "5", "BsmtCode": "0", "AssessLand": 84600.0, "AssessTot": 528300.0, "ExemptTot": 0.0, "YearBuilt": 1971, "YearAlter1": 0, "YearAlter2": 0, "HistDist": null, "Landmark": null, "BuiltFAR": 1.0, "ResidFAR": 0.0, "CommFAR": 1.0, "FacilFAR": 2.4, "BoroCode": 2, "BBL": 2052460034.0000002, "CondoNo": 0, "Tract2010": "046201", "XCoord": 1032122, "YCoord": 260349, "ZoneMap": "2b", "ZMCode": null, "Sanborn": "222 071", "TaxMap": "21710", "EDesigNum": null, "APPBBL": 0.0, "APPDate": null, "PLUTOMapID": "1", "FIRM07_FLA": null, "PFIRM15_FL": null, "Version": "25v4", "DCPEdited": null, "Latitude": 40.8811422, "Longitude": -73.8268814, "Notes": null, "Shape_Leng": 0.0, "Shape_Area": 12423.8947613 }, "geometry": { "type": "MultiPolygon", "coordinates": [ [ [ [ -73.826765619781085, 40.881287840545589 ], [ -73.826654211155741, 40.881090111019908 ], [ -73.826627112521052, 40.881042017454696 ], [ -73.82695885920684, 40.880930603025156 ], [ -73.827134750024072, 40.881243411568775 ], [ -73.826803306114201, 40.881354726144302 ], [ -73.826765619781085, 40.881287840545589 ] ] ] ] } },
{ "type": "Feature", "properties": { "Borough": "BX", "Block": 5246, "Lot": 39, "CD": 210, "BCT2020": "2046203", "BCTCB2020": "20462033008", "CT2010": "462.01", "CB2010": "1015", "SchoolDist": "11", "Council": 12, "ZipCode": 10475, "FireComp": "E066", "PolicePrct": 45, "HealthCent": 24, "HealthArea": 710, "Sanitboro": "2", "SanitDistr": "10", "SanitSub": "1D", "Address": "3318 DE LAVALL AVENUE", "ZoneDist1": "M1-1", "ZoneDist2": null, "ZoneDist3": null, "ZoneDist4": null, "Overlay1": null, "Overlay2": null, "SPDist1": null, "SPDist2": null, "SPDist3": null, "LtdHeight": null, "SplitZone": "N", "BldgClass": "O1", "LandUse": "05", "Easements": 0, "OwnerType": null, "OwnerName": "3318 DELAVALL HOLDINGS LLC", "LotArea": 7500, "BldgArea": 3700, "ComArea": 3700, "ResArea": 0, "OfficeArea": 2700, "RetailArea": 0, "GarageArea": 1000, "StrgeArea": 0, "FactryArea": 0, "OtherArea": 0, "AreaSource": "2", "NumBldgs": 1, "NumFloors": 1.0, "UnitsRes": 0, "UnitsTotal": 1, "LotFront": 75.0, "LotDepth": 100.0, "BldgFront": 37.42, "BldgDepth": 100.0, "Ext": "G", "ProxCode": "0", "IrrLotCode": "N", "LotType": "5", "BsmtCode": "0", "AssessLand": 50850.0, "AssessTot": 256950.0, "ExemptTot": 61200.0, "YearBuilt": 1965, "YearAlter1": 2008, "YearAlter2": 0, "HistDist": null, "Landmark": null, "BuiltFAR": 0.49, "ResidFAR": 0.0, "CommFAR": 1.0, "FacilFAR": 2.4, "BoroCode": 2, "BBL": 2052460039.0, "CondoNo": 0, "Tract2010": "046201", "XCoord": 1032082, "YCoord": 260441, "ZoneMap": "2b", "ZMCode": null, "Sanborn": "222 071", "TaxMap": "21710", "EDesigNum": null, "APPBBL": 2052460039.0, "APPDate": "03/25/2008", "PLUTOMapID": "1", "FIRM07_FLA": null, "PFIRM15_FL": null, "Version": "25v4", "DCPEdited": null, "Latitude": 40.8813949, "Longitude": -73.8270254, "Notes": null, "Shape_Leng": 0.0, "Shape_Area": 7662.2657473 }, "geometry": { "type": "MultiPolygon", "coordinates": [ [ [ [ -73.826912050132435, 40.88154772664668 ], [ -73.826803306114201, 40.881354726144302 ], [ -73.827134750024072, 40.881243411568775 ], [ -73.82724330959185, 40.881436474480701 ], [ -73.826912050132435, 40.88154772664668 ] ] ] ] } },
{ "type": "Feature", "properties": { "Borough": "BX", "Block": 5246, "Lot": 42, "CD": 210, "BCT2020": "2046203", "BCTCB2020": "20462033008", "CT2010": "462.01", "CB2010": "1015", "SchoolDist": "11", "Council": 12, "ZipCode": 10475, "FireComp": "E066", "PolicePrct": 45, "HealthCent": 24, "HealthArea": 710, "Sanitboro": "2", "SanitDistr": "10", "SanitSub": "1D", "Address": "3324 DE LAVALL AVENUE", "ZoneDist1": "M1-1", "ZoneDist2": null, "ZoneDist3": null, "ZoneDist4": null, "Overlay1": null, "Overlay2": null, "SPDist1": null, "SPDist2": null, "SPDist3": null, "LtdHeight": null, "SplitZone": "N", "BldgClass": "A2", "LandUse": "01", "Easements": 0, "OwnerType": null, "OwnerName": "KAUFMAN, LAWRENCE", "LotArea": 3750, "BldgArea": 1013, "ComArea": 0, "ResArea": 1013, "OfficeArea": 0, "RetailArea": 0, "GarageArea": 0, "StrgeArea": 0, "FactryArea": 0, "OtherArea": 0, "AreaSource": "2", "NumBldgs": 1, "NumFloors": 1.5, "UnitsRes": 1, "UnitsTotal": 1, "LotFront": 37.5, "LotDepth": 100.0, "BldgFront": 18.0, "BldgDepth": 21.0, "Ext": "N", "ProxCode": "1", "IrrLotCode": "N", "LotType": "5", "BsmtCode": "2", "AssessLand": 9660.0, "AssessTot": 37260.0, "ExemptTot": 0.0, "YearBuilt": 1920, "YearAlter1": 0, "YearAlter2": 0, "HistDist": null, "Landmark": null, "BuiltFAR": 0.27, "ResidFAR": 0.0, "CommFAR": 1.0, "FacilFAR": 2.4, "BoroCode": 2, "BBL": 2052460042.0, "CondoNo": 0, "Tract2010": "046201", "XCoord": 1032059, "YCoord": 260492, "ZoneMap": "2b", "ZMCode": null, "Sanborn": "222 071", "TaxMap": "21710", "EDesigNum": null, "APPBBL": 0.0, "APPDate": null, "PLUTOMapID": "1", "FIRM07_FLA": null, "PFIRM15_FL": null, "Version": "25v4", "DCPEdited": null, "Latitude": 40.881535, "Longitude": -73.8271082, "Notes": null, "Shape_Leng": 0.0, "Shape_Area": 3565.5468899000002 }, "geometry": { "type": "MultiPolygon", "coordinates": [ [ [ [ -73.826960812043737, 40.881634269340765 ], [ -73.826912050132435, 40.88154772664668 ], [ -73.82724330959185, 40.881436474480701 ], [ -73.827295706578283, 40.881529656438936 ], [ -73.826960812043737, 40.881634269340765 ] ] ] ] } },
{ "type": "Feature", "properties": { "Borough": "BX", "Block": 5246, "Lot": 43, "CD": 210, "BCT2020": "2046203", "BCTCB2020": "20462033008", "CT2010": "462.01", "CB2010": "1015", "SchoolDist": "11", "Council": 12, "ZipCode": 10475, "FireComp": "E066", "PolicePrct": 45, "HealthCent": 24, "HealthArea": 710, "Sanitboro": "2", "SanitDistr": "10", "SanitSub": "1D", "Address": "3328 DE LAVALL AVENUE", "ZoneDist1": "M1-1", "ZoneDist2": null, "ZoneDist3": null, "ZoneDist4": null, "Overlay1": null, "Overlay2": null, "SPDist1": null, "SPDist2": null, "SPDist3": null, "LtdHeight": null, "SplitZone": "N", "BldgClass": "B9", "LandUse": "01", "Easements": 0, "OwnerType": null, "OwnerName": "WIGFALL, EDITH M", "LotArea": 3125, "BldgArea": 2296, "ComArea": 0, "ResArea": 2296, "OfficeArea": 0, "RetailArea": 0, "GarageArea": 0, "StrgeArea": 0, "FactryArea": 0, "OtherArea": 0, "AreaSource": "2", "NumBldgs": 1, "NumFloors": 2.0, "UnitsRes": 2, "UnitsTotal": 2, "LotFront": 31.25, "LotDepth": 100.0, "BldgFront": 22.5, "BldgDepth": 50.0, "Ext": "N", "ProxCode": "1", "IrrLotCode": "N", "LotType": "5", "BsmtCode": "5", "AssessLand": 8580.0, "AssessTot": 59700.0, "ExemptTot": 0.0, "YearBuilt": 1920, "YearAlter1": 0, "YearAlter2": 0, "HistDist": null, "Landmark": null, "BuiltFAR": 0.73, "ResidFAR": 0.0, "CommFAR": 1.0, "FacilFAR": 2.4, "BoroCode": 2, "BBL": 2052460043.0, "CondoNo": 0, "Tract2010": "046201", "XCoord": 1032047, "YCoord": 260523, "ZoneMap": "2b", "ZMCode": null, "Sanborn": "222 071", "TaxMap": "21710", "EDesigNum": null, "APPBBL": 0.0, "APPDate": null, "PLUTOMapID": "1", "FIRM07_FLA": null, "PFIRM15_FL": null, "Version": "25v4", "DCPEdited": null, "Latitude": 40.8816202, "Longitude": -73.8271514, "Notes": null, "Shape_Leng": 0.0, "Shape_Area": 3104.6891783000001 }, "geometry": { "type": "MultiPolygon", "coordinates": [ [ [ [ -73.826960812043737, 40.881634269340765 ], [ -73.827295706578283, 40.881529656438936 ], [ -73.827337864468191, 40.881604629557039 ], [ -73.827006765729578, 40.881715827269716 ], [ -73.826980029209039, 40.881668375412353 ], [ -73.826960812043737, 40.881634269340765 ] ] ] ] } },
{ "type": "Feature", "properties": { "Borough": "BX", "Block": 5246, "Lot": 50, "CD": 210, "BCT2020": "2046203", "BCTCB2020": "20462033008", "CT2010": "462.01", "CB2010": "1015", "SchoolDist": "11", "Council": 12, "ZipCode": 10475, "FireComp": "E066", "PolicePrct": 45, "HealthCent": 24, "HealthArea": 710, "Sanitboro": "2", "SanitDistr": "10", "SanitSub": "1D", "Address": "3338 DE LAVALL AVENUE", "ZoneDist1": "M1-1", "ZoneDist2": null, "ZoneDist3": null, "ZoneDist4": null, "Overlay1": null, "Overlay2": null, "SPDist1": null, "SPDist2": null, "SPDist3": null, "LtdHeight": null, "SplitZone": "N", "BldgClass": "G7", "LandUse": "10", "Easements": 0, "OwnerType": null, "OwnerName": "3338 DELAVALL LLC", "LotArea": 5000, "BldgArea": 0, "ComArea": 0, "ResArea": 0, "OfficeArea": 0, "RetailArea": 0, "GarageArea": 0, "StrgeArea": 0, "FactryArea": 0, "OtherArea": 0, "AreaSource": "7", "NumBldgs": 1, "NumFloors": 0.0, "UnitsRes": 0, "UnitsTotal": 0, "LotFront": 50.0, "LotDepth": 100.0, "BldgFront": 0.0, "BldgDepth": 0.0, "Ext": null, "ProxCode": "0", "IrrLotCode": "N", "LotType": "5", "BsmtCode": "5", "AssessLand": 87750.0, "AssessTot": 87750.0, "ExemptTot": 0.0, "YearBuilt": 0, "YearAlter1": 0, "YearAlter2": 0, "HistDist": null, "Landmark": null, "BuiltFAR": 0.0, "ResidFAR": 0.0, "CommFAR": 1.0, "FacilFAR": 2.4, "BoroCode": 2, "BBL": 2052460050.0000002, "CondoNo": 0, "Tract2010": "046201", "XCoord": 1031999, "YCoord": 260635, "ZoneMap": "2b", "ZMCode": null, "Sanborn": "222 071", "TaxMap": "21710", "EDesigNum": null, "APPBBL": 0.0, "APPDate": null, "PLUTOMapID": "1", "FIRM07_FLA": null, "PFIRM15_FL": null, "Version": "25v4", "DCPEdited": null, "Latitude": 40.8819278, "Longitude": -73.8273242, "Notes": null, "Shape_Leng": 0.0, "Shape_Area": 4872.1225786000005 }, "geometry": { "type": "MultiPolygon", "coordinates": [ [ [ [ -73.827193209274455, 40.882046721676709 ], [ -73.82712352877536, 40.881923054686744 ], [ -73.827455276789706, 40.881813434410574 ], [ -73.827523989855322, 40.881935630960953 ], [ -73.82735432351167, 40.881992612182636 ], [ -73.827193209274455, 40.882046721676709 ] ] ] ] } },
{ "type": "Feature", "properties": { "Borough": "BX", "Block": 5250, "Lot": 44, "CD": 210, "BCT2020": "2046203", "BCTCB2020": "20462033006", "CT2010": "462.01", "CB2010": "1011", "SchoolDist": "11", "Council": 12, "ZipCode": 10475, "FireComp": "E066", "PolicePrct": 45, "HealthCent": 24, "HealthArea": 710, "Sanitboro": "2", "SanitDistr": "10", "SanitSub": "1D", "Address": "3310 MERRITT AVENUE", "ZoneDist1": "M1-1", "ZoneDist2": null, "ZoneDist3": null, "ZoneDist4": null, "Overlay1": null, "Overlay2": null, "SPDist1": null, "SPDist2": null, "SPDist3": null, "LtdHeight": null, "SplitZone": "N", "BldgClass": "E9", "LandUse": "06", "Easements": 0, "OwnerType": null, "OwnerName": "BG3310 LLC", "LotArea": 15000, "BldgArea": 20000, "ComArea": 20000, "ResArea": 0, "OfficeArea": 0, "RetailArea": 0, "GarageArea": 0, "StrgeArea": 20000, "FactryArea": 0, "OtherArea": 0, "AreaSource": "2", "NumBldgs": 1, "NumFloors": 2.0, "UnitsRes": 0, "UnitsTotal": 1, "LotFront": 50.0, "LotDepth": 200.0, "BldgFront": 50.0, "BldgDepth": 200.0, "Ext": "N", "ProxCode": "0", "IrrLotCode": "Y", "LotType": "4", "BsmtCode": "0", "AssessLand": 72000.0, "AssessTot": 645750.0, "ExemptTot": 0.0, "YearBuilt": 1984, "YearAlter1": 1995, "YearAlter2": 0, "HistDist": null, "Landmark": null, "BuiltFAR": 1.33, "ResidFAR": 0.0, "CommFAR": 1.0, "FacilFAR": 2.4, "BoroCode": 2, "BBL": 2052500044.0, "CondoNo": 0, "Tract2010": "046201", "XCoord": 1032411, "YCoord": 260502, "ZoneMap": "2b", "ZMCode": null, "Sanborn": "222 072", "TaxMap": "21710", "EDesigNum": null, "APPBBL": 0.0, "APPDate": null, "PLUTOMapID": "1", "FIRM07_FLA": null, "PFIRM15_FL": null, "Version": "25v4", "DCPEdited": null, "Latitude": 40.8815605, "Longitude": -73.8258352, "Notes": null, "Shape_Leng": 0.0, "Shape_Area": 15683.392976900001 }, "geometry": { "type": "MultiPolygon", "coordinates": [ [ [ [ -73.82563166223072, 40.881803377793062 ], [ -73.825487655611653, 40.88155160812164 ], [ -73.826162109935069, 40.881327008428102 ], [ -73.826239809817679, 40.881462833904131 ], [ -73.825903004261079, 40.881574994140166 ], [ -73.825969348222159, 40.881690926121259 ], [ -73.82563166223072, 40.881803377793062 ] ] ] ] } },
{ "type": "Feature", "properties": { "Borough": "BX", "Block": 5251, "Lot": 16, "CD": 210, "BCT2020": "2046203", "BCTCB2020": "20462033006", "CT2010": "462.01", "CB2010": "1011", "SchoolDist": "11", "Council": 12, "ZipCode": 10475, "FireComp": "E066", "PolicePrct": 45, "HealthCent": 24, "HealthArea": 710, "Sanitboro": "2", "SanitDistr": "10", "SanitSub": "1D", "Address": "NOELL AVENUE", "ZoneDist1": "M1-1", "ZoneDist2": null, "ZoneDist3": null, "ZoneDist4": null, "Overlay1": null, "Overlay2": null, "SPDist1": null, "SPDist2": null, "SPDist3": null, "LtdHeight": null, "SplitZone": "N", "BldgClass": "V1", "LandUse": "11", "Easements": 0, "OwnerType": null, "OwnerName": "BARICH REALTY LLC", "LotArea": 33000, "BldgArea": 0, "ComArea": 0, "ResArea": 0, "OfficeArea": 0, "RetailArea": 0, "GarageArea": 0, "StrgeArea": 0, "FactryArea": 0, "OtherArea": 0, "AreaSource": "7", "NumBldgs": 0, "NumFloors": 0.0, "UnitsRes": 0, "UnitsTotal": 0, "LotFront": 100.0, "LotDepth": 230.0, "BldgFront": 0.0, "BldgDepth": 0.0, "Ext": null, "ProxCode": "0", "IrrLotCode": "Y", "LotType": "6", "BsmtCode": "5", "AssessLand": 656100.0, "AssessTot": 656100.0, "ExemptTot": 0.0, "YearBuilt": 0, "YearAlter1": 0, "YearAlter2": 0, "HistDist": null, "Landmark": null, "BuiltFAR": 0.0, "ResidFAR": 0.0, "CommFAR": 1.0, "FacilFAR": 2.4, "BoroCode": 2, "BBL": 2052510016.0, "CondoNo": 0, "Tract2010": "046201", "XCoord": 1032593, "YCoord": 260731, "ZoneMap": "2b", "ZMCode": null, "Sanborn": "222 072", "TaxMap": "21710", "EDesigNum": null, "APPBBL": 2052510010.0, "APPDate": "08/11/2017", "PLUTOMapID": "1", "FIRM07_FLA": null, "PFIRM15_FL": null, "Version": "25v4", "DCPEdited": null, "Latitude": 40.8821881, "Longitude": -73.8251754, "Notes": null, "Shape_Leng": 0.0, "Shape_Area": 32751.581395900001 }, "geometry": { "type": "MultiPolygon", "coordinates": [ [ [ [ -73.82525883894138, 40.882368193032896 ], [ -73.825186805360218, 40.882242318748524 ], [ -73.824843044957063, 40.882355355882858 ], [ -73.824754453247095, 40.882384487194784 ], [ -73.824612126530937, 40.88213577430367 ], [ -73.824701720134073, 40.882106313336031 ], [ -73.824946389832746, 40.882025860713064 ], [ -73.825376304863497, 40.881884490136933 ], [ -73.825448154293824, 40.882010046213772 ], [ -73.825520188116016, 40.88213592117809 ], [ -73.82552037003633, 40.882136239355916 ], [ -73.825590665785754, 40.882259077930712 ], [ -73.825592221219281, 40.882261796175527 ], [ -73.825662700147504, 40.882384952884223 ], [ -73.825330871801654, 40.882494068105586 ], [ -73.82525883894138, 40.882368193032896 ] ] ] ] } },
{ "type": "Feature", "properties": { "Borough": "BX", "Block": 5252, "Lot": 1, "CD": 210, "BCT2020": "2046203", "BCTCB2020": "20462033006", "CT2010": "462.01", "CB2010": "1011", "SchoolDist": "11", "Council": 12, "ZipCode": 10475, "FireComp": "E066", "PolicePrct": 45, "HealthCent": 24, "HealthArea": 710, "Sanitboro": "2", "SanitDistr": "10", "SanitSub": "1D", "Address": "3327 CONNER STREET", "ZoneDist1": "M1-1", "ZoneDist2": null, "ZoneDist3": null, "ZoneDist4": null, "Overlay1": null, "Overlay2": null, "SPDist1": null, "SPDist2": null, "SPDist3": null, "LtdHeight": null, "SplitZone": "N", "BldgClass": "GW", "LandUse": "05", "Easements": 1, "OwnerType": null, "OwnerName": "LANDMARK QUEST INC.", "LotArea": 12518, "BldgArea": 6302, "ComArea": 6302, "ResArea": 0, "OfficeArea": 0, "RetailArea": 112, "GarageArea": 6190, "StrgeArea": 0, "FactryArea": 0, "OtherArea": 0, "AreaSource": "2", "NumBldgs": 1, "NumFloors": 1.0, "UnitsRes": 0, "UnitsTotal": 2, "LotFront": 60.04, "LotDepth": 178.92, "BldgFront": 30.0, "BldgDepth": 145.0, "Ext": "E", "ProxCode": "0", "IrrLotCode": "Y", "LotType": "5", "BsmtCode": "0", "AssessLand": 169200.0, "AssessTot": 372600.0, "ExemptTot": 0.0, "YearBuilt": 1972, "YearAlter1": 1999, "YearAlter2": 2007, "HistDist": null, "Landmark": null, "BuiltFAR": 0.5, "ResidFAR": 0.0, "CommFAR": 1.0, "FacilFAR": 2.4, "BoroCode": 2, "BBL": 2052520001.0, "CondoNo": 0, "Tract2010": "046201", "XCoord": 1032791, "YCoord": 260892, "ZoneMap": "2b", "ZMCode": null, "Sanborn": "222 072", "TaxMap": "21710", "EDesigNum": null, "APPBBL": 2052520001.0, "APPDate": "02/03/2015", "PLUTOMapID": "1", "FIRM07_FLA": null, "PFIRM15_FL": null, "Version": "25v4", "DCPEdited": null, "Latitude": 40.8826289, "Longitude": -73.8244582, "Notes": null, "Shape_Leng": 0.0, "Shape_Area": 12638.043593799999 }, "geometry": { "type": "MultiPolygon", "coordinates": [ [ [ [ -73.82407154062787, 40.882643969587896 ], [ -73.824673606756932, 40.882445998298671 ], [ -73.824786107560286, 40.882642588659522 ], [ -73.824310769596721, 40.882797800317768 ], [ -73.824145410159176, 40.882691469669425 ], [ -73.82407154062787, 40.882643969587896 ] ] ] ] } },
{ "type": "Feature", "properties": { "Borough": "BX", "Block": 5252, "Lot": 5, "CD": 210, "BCT2020": "2046203", "BCTCB2020": "20462033006", "CT2010": "462.01", "CB2010": "1011", "SchoolDist": "11", "Council": 12, "ZipCode": 10475, "FireComp": "E066", "PolicePrct": 45, "HealthCent": 24, "HealthArea": 710, "Sanitboro": "2", "SanitDistr": "10", "SanitSub": "1D", "Address": "3351 CONNER STREET", "ZoneDist1": "M1-1", "ZoneDist2": null, "ZoneDist3": null, "ZoneDist4": null, "Overlay1": null, "Overlay2": null, "SPDist1": null, "SPDist2": null, "SPDist3": null, "LtdHeight": null, "SplitZone": "N", "BldgClass": "K5", "LandUse": "05", "Easements": 0, "OwnerType": null, "OwnerName": "LANDMARK QUEST INC.", "LotArea": 17083, "BldgArea": 2175, "ComArea": 2175, "ResArea": 0, "OfficeArea": 0, "RetailArea": 2175, "GarageArea": 0, "StrgeArea": 0, "FactryArea": 0, "OtherArea": 0, "AreaSource": "2", "NumBldgs": 1, "NumFloors": 1.0, "UnitsRes": 0, "UnitsTotal": 1, "LotFront": 180.03, "LotDepth": 141.0, "BldgFront": 25.0, "BldgDepth": 90.0, "Ext": null, "ProxCode": "1", "IrrLotCode": "Y", "LotType": "3", "BsmtCode": "0", "AssessLand": 332550.0, "AssessTot": 550800.0, "ExemptTot": 0.0, "YearBuilt": 2016, "YearAlter1": 2015, "YearAlter2": 0, "HistDist": null, "Landmark": null, "BuiltFAR": 0.13, "ResidFAR": 0.0, "CommFAR": 1.0, "FacilFAR": 2.4, "BoroCode": 2, "BBL": 2052520005.0, "CondoNo": 0, "Tract2010": "046201", "XCoord": 1032721, "YCoord": 260982, "ZoneMap": "2b", "ZMCode": null, "Sanborn": "222 072", "TaxMap": "21710", "EDesigNum": null, "APPBBL": 2052520001.0, "APPDate": "02/03/2015", "PLUTOMapID": "1", "FIRM07_FLA": null, "PFIRM15_FL": null, "Version": "25v4", "DCPEdited": null, "Latitude": 40.8828763, "Longitude": -73.8247107, "Notes": null, "Shape_Leng": 0.0, "Shape_Area": 16639.890793 }, "geometry": { "type": "MultiPolygon", "coordinates": [ [ [ [ -73.824310769596721, 40.882797800317768 ], [ -73.824786107560286, 40.882642588659522 ], [ -73.824941439198128, 40.882914025905819 ], [ -73.825018053196715, 40.883047905455101 ], [ -73.824899698307561, 40.88308682500918 ], [ -73.824807425597101, 40.88311716456974 ], [ -73.824643744124387, 40.883011914213419 ], [ -73.824310769596721, 40.882797800317768 ] ] ] ] } },
{ "type": "Feature", "properties": { "Borough": "BX", "Block": 5256, "Lot": 190, "CD": 210, "BCT2020": "2046203", "BCTCB2020": "20462033001", "CT2010": "462.01", "CB2010": "1001", "SchoolDist": "11", "Council": 12, "ZipCode": 10475, "FireComp": "E066", "PolicePrct": 45, "HealthCent": 24, "HealthArea": 710, "Sanitboro": null, "SanitDistr": null, "SanitSub": null, "Address": "CONNER STREET", "ZoneDist1": "M1-1", "ZoneDist2": null, "ZoneDist3": null, "ZoneDist4": null, "Overlay1": null, "Overlay2": null, "SPDist1": null, "SPDist2": null, "SPDist3": null, "LtdHeight": null, "SplitZone": "N", "BldgClass": "U9", "LandUse": "07", "Easements": 0, "OwnerType": "C", "OwnerName": "NYC DEPARTMENT OF ENVIRONMENTAL PROTECTION", "LotArea": 3524, "BldgArea": 0, "ComArea": 0, "ResArea": 0, "OfficeArea": 0, "RetailArea": 0, "GarageArea": 0, "StrgeArea": 0, "FactryArea": 0, "OtherArea": 0, "AreaSource": "7", "NumBldgs": 1, "NumFloors": 0.0, "UnitsRes": 0, "UnitsTotal": 0, "LotFront": 60.0, "LotDepth": 60.0, "BldgFront": 0.0, "BldgDepth": 0.0, "Ext": "N", "ProxCode": "0", "IrrLotCode": "N", "LotType": "5", "BsmtCode": "0", "AssessLand": 0.0, "AssessTot": 0.0, "ExemptTot": 0.0, "YearBuilt": 0, "YearAlter1": 0, "YearAlter2": 0, "HistDist": null, "Landmark": null, "BuiltFAR": 0.0, "ResidFAR": 0.0, "CommFAR": 1.0, "FacilFAR": 2.4, "BoroCode": 2, "BBL": 2052560189.9999998, "CondoNo": 0, "Tract2010": "046201", "XCoord": 1033566, "YCoord": 260176, "ZoneMap": "2d", "ZMCode": null, "Sanborn": "222 073", "TaxMap": "21710", "EDesigNum": null, "APPBBL": 0.0, "APPDate": null, "PLUTOMapID": "1", "FIRM07_FLA": "1", "PFIRM15_FL": "1", "Version": "25v4", "DCPEdited": "t", "Latitude": 40.8806594, "Longitude": -73.8216608, "Notes": null, "Shape_Leng": 0.0, "Shape_Area": 3524.0984275000001 }, "geometry": { "type": "MultiPolygon", "coordinates": [ [ [ [ -73.82173143410337, 40.880760168538565 ], [ -73.821524472875382, 40.880712340299297 ], [ -73.821585435567982, 40.880557101901815 ], [ -73.821793480343587, 40.880607336891778 ], [ -73.82173143410337, 40.880760168538565 ] ] ] ] } }
]
}
