{
"type": "FeatureCollection",
"name": "pluto_Sunnyside_Yards_(South)",
"crs": { "type": "name", "properties": { "name": "urn:ogc:def:crs:OGC:1.3:CRS84" } },
"features": [
{ "type": "Feature", "properties": { "Borough": "QN", "Block": 72, "Lot": 1, "CD": 402, "BCT2020": "4001901", "BCTCB2020": "40019011006", "CT2010": "19", "CB2010": "1073", "SchoolDist": "30", "Council": 26, "ZipCode": 11101, "FireComp": "L115", "PolicePrct": 108, "HealthCent": 41, "HealthArea": 720, "Sanitboro": "4", "SanitDistr": "02", "SanitSub": "3B", "Address": "21 STREET", "ZoneDist1": "M3-1", "ZoneDist2": "M1-5/R7X", "ZoneDist3": null, "ZoneDist4": null, "Overlay1": null, "Overlay2": null, "SPDist1": "LIC", "SPDist2": null, "SPDist3": null, "LtdHeight": null, "SplitZone": "Y", "BldgClass": "U7", "LandUse": "07", "Easements": 1, "OwnerType": "X", "OwnerName": "NYC TRANSIT AUTHORITY", "LotArea": 816135, "BldgArea": 0, "ComArea": 0, "ResArea": 0, "OfficeArea": 0, "RetailArea": 0, "GarageArea": 0, "StrgeArea": 0, "FactryArea": 0, "OtherArea": 0, "AreaSource": "7", "NumBldgs": 10, "NumFloors": 0.0, "UnitsRes": 0, "UnitsTotal": 0, "LotFront": 11.0, "LotDepth": 31.0, "BldgFront": 0.0, "BldgDepth": 0.0, "Ext": "N", "ProxCode": "0", "IrrLotCode": "Y", "LotType": "5", "BsmtCode": "0", "AssessLand": 0.0, "AssessTot": 0.0, "ExemptTot": 0.0, "YearBuilt": 0, "YearAlter1": 0, "YearAlter2": 0, "HistDist": null, "Landmark": null, "BuiltFAR": 0.0, "ResidFAR": 0.0, "CommFAR": 2.0, "FacilFAR": 0.0, "BoroCode": 4, "BBL": 4000720001.0, "CondoNo": 0, "Tract2010": "0019", "XCoord": 999146, "YCoord": 210284, "ZoneMap": "9b", "ZMCode": null, "Sanborn": "401 021", "TaxMap": "40102", "EDesigNum": null, "APPBBL": 0.0, "APPDate": null, "PLUTOMapID": "1", "FIRM07_FLA": "1", "PFIRM15_FL": "1", "Version": "25v4", "DCPEdited": "t", "Latitude": 40.743845, "Longitude": -73.9462429, "Notes": null, "Shape_Leng": 0.0, "Shape_Area": 816135.29809000005 }, "geometry": { "type": "MultiPolygon", "coordinates": [ [ [ [ -73.940054091269474, 40.745777576986434 ], [ -73.940275446089757, 40.74567118584352 ], [ -73.94040807714741, 40.745606313858374 ], [ -73.94067546936688, 40.745467859012557 ], [ -73.941075445860136, 40.745243945297389 ], [ -73.941411346737851, 40.745066927296776 ], [ -73.941770594816617, 40.74487610185281 ], [ -73.942164524919946, 40.744695079546318 ], [ -73.942858067667657, 40.744392932284626 ], [ -73.944161517215207, 40.743866225454923 ], [ -73.944778145961692, 40.743612322464195 ], [ -73.944891538610747, 40.743565630776381 ], [ -73.945273278994961, 40.743408770474218 ], [ -73.945275521663731, 40.743411363162082 ], [ -73.946270391524934, 40.74299110757935 ], [ -73.94626856651378, 40.742988751025898 ], [ -73.946452234628225, 40.742910922261331 ], [ -73.946764992333215, 40.742785658703568 ], [ -73.94702767629407, 40.742690292312695 ], [ -73.947165226102442, 40.742641791419665 ], [ -73.947331549175345, 40.742585099937081 ], [ -73.947387383431519, 40.742566541782743 ], [ -73.947479440702182, 40.74253645658586 ], [ -73.947586338725515, 40.742502316811361 ], [ -73.947688973747645, 40.74247033350921 ], [ -73.947793746741027, 40.742438635615727 ], [ -73.947835054604283, 40.742426138252824 ], [ -73.947974382298824, 40.742388918756674 ], [ -73.948016194806115, 40.742397021503756 ], [ -73.947994782035082, 40.742484175370052 ], [ -73.948012091480081, 40.742487396169672 ], [ -73.948456894143561, 40.742570177518516 ], [ -73.948587584029212, 40.742581406875587 ], [ -73.948670807868652, 40.74259189707999 ], [ -73.94874425641396, 40.742601477075844 ], [ -73.948809531607679, 40.742613025418109 ], [ -73.948918166689438, 40.74263493991797 ], [ -73.94904236634143, 40.74266132490348 ], [ -73.949063138629938, 40.74259869224062 ], [ -73.949188076985195, 40.742623654672734 ], [ -73.949146742447908, 40.742748647318081 ], [ -73.949279916046848, 40.742774725389239 ], [ -73.949060739771554, 40.743437471618741 ], [ -73.948758156545352, 40.743505294588836 ], [ -73.948452891810192, 40.744411636464037 ], [ -73.948124265812453, 40.744541996076208 ], [ -73.947907651626068, 40.744228385315424 ], [ -73.947695236068952, 40.744309731414027 ], [ -73.947994507657413, 40.744747121129862 ], [ -73.947363655219988, 40.744997362526618 ], [ -73.946979370555141, 40.744438007125382 ], [ -73.946471900708829, 40.744639303109558 ], [ -73.946401000655015, 40.744597410012318 ], [ -73.946130221226838, 40.744704817281374 ], [ -73.945672033096216, 40.744037863705337 ], [ -73.945634439380868, 40.744024063686858 ], [ -73.945586570282686, 40.744008386645177 ], [ -73.945539683165862, 40.743994976650974 ], [ -73.945493176958763, 40.74398347945359 ], [ -73.945459472168821, 40.743976226114277 ], [ -73.94543337273501, 40.743971214115106 ], [ -73.945411115664157, 40.74396734840397 ], [ -73.945383714326709, 40.743963118330768 ], [ -73.945381692394591, 40.743962807577383 ], [ -73.945319759025352, 40.743955317484584 ], [ -73.945272570442611, 40.743951457950558 ], [ -73.945225636413753, 40.743949179775598 ], [ -73.945168653720486, 40.743948485324324 ], [ -73.945110683981156, 40.743950107420268 ], [ -73.945046350228964, 40.743954673703563 ], [ -73.945004953276111, 40.743958604489556 ], [ -73.944968913871108, 40.743962633200155 ], [ -73.944942163911833, 40.743966834675675 ], [ -73.944921586082529, 40.743972534024806 ], [ -73.944745823895815, 40.74403862965336 ], [ -73.94462814390323, 40.744082881442772 ], [ -73.944567818695546, 40.743995568175755 ], [ -73.94442471319428, 40.744061424989312 ], [ -73.944436787772858, 40.74407964361621 ], [ -73.944086311744897, 40.744215931638777 ], [ -73.943774303184796, 40.744371054485221 ], [ -73.943610336859493, 40.7444531010905 ], [ -73.943620550363946, 40.744468049120265 ], [ -73.942991376021595, 40.744762655999388 ], [ -73.942980804151816, 40.744747296212857 ], [ -73.942748418839003, 40.744852872135404 ], [ -73.942120503731346, 40.745138159081378 ], [ -73.941937139287845, 40.745221465995947 ], [ -73.941687092339023, 40.745335075009805 ], [ -73.941683059167872, 40.745331485370706 ], [ -73.940718915786988, 40.745772084802056 ], [ -73.940496882205267, 40.745877855018136 ], [ -73.940054091269474, 40.745777576986434 ] ] ] ] } },
{ "type": "Feature", "properties": { "Borough": "QN", "Block": 72, "Lot": 200, "CD": 402, "BCT2020": "4017101", "BCTCB2020": "40171011014", "CT2010": "171", "CB2010": "1040", "SchoolDist": "30", "Council": 26, "ZipCode": 11101, "FireComp": "E258", "PolicePrct": 108, "HealthCent": 41, "HealthArea": 720, "Sanitboro": "4", "SanitDistr": "02", "SanitSub": "3B", "Address": "21 STREET", "ZoneDist1": "M3-1", "ZoneDist2": null, "ZoneDist3": null, "ZoneDist4": null, "Overlay1": null, "Overlay2": null, "SPDist1": null, "SPDist2": null, "SPDist3": null, "LtdHeight": null, "SplitZone": "N", "BldgClass": "U6", "LandUse": "07", "Easements": 1, "OwnerType": "X", "OwnerName": "AMTRAK", "LotArea": 250006, "BldgArea": 0, "ComArea": 0, "ResArea": 0, "OfficeArea": 0, "RetailArea": 0, "GarageArea": 0, "StrgeArea": 0, "FactryArea": 0, "OtherArea": 0, "AreaSource": "7", "NumBldgs": 5, "NumFloors": 0.0, "UnitsRes": 0, "UnitsTotal": 0, "LotFront": 0.0, "LotDepth": 0.0, "BldgFront": 0.0, "BldgDepth": 0.0, "Ext": "N", "ProxCode": "0", "IrrLotCode": "N", "LotType": "3", "BsmtCode": "0", "AssessLand": 0.0, "AssessTot": 0.0, "ExemptTot": 0.0, "YearBuilt": 0, "YearAlter1": 0, "YearAlter2": 0, "HistDist": null, "Landmark": null, "BuiltFAR": 0.0, "ResidFAR": 0.0, "CommFAR": 2.0, "FacilFAR": 0.0, "BoroCode": 4, "BBL": 4000720200.0, "CondoNo": 0, "Tract2010": "0171", "XCoord": 1000441, "YCoord": 210504, "ZoneMap": "9b", "ZMCode": null, "Sanborn": "401 021", "TaxMap": "40102", "EDesigNum": null, "APPBBL": 0.0, "APPDate": null, "PLUTOMapID": "1", "FIRM07_FLA": "1", "PFIRM15_FL": "1", "Version": "25v4", "DCPEdited": "t", "Latitude": 40.7444466, "Longitude": -73.941569, "Notes": null, "Shape_Leng": 0.0, "Shape_Area": 250006.30773100001 }, "geometry": { "type": "MultiPolygon", "coordinates": [ [ [ [ -73.941652195861849, 40.744334087056508 ], [ -73.941651220088403, 40.744332938409784 ], [ -73.944234425471336, 40.743326850834656 ], [ -73.944282992873624, 40.743306603152064 ], [ -73.944338943497684, 40.743283616899767 ], [ -73.94444207701126, 40.743242185909935 ], [ -73.944623511921023, 40.743172197090203 ], [ -73.944743947974061, 40.743127729612553 ], [ -73.944871439861103, 40.743082347727551 ], [ -73.944982107133796, 40.743044338217132 ], [ -73.945055686948038, 40.743019766165666 ], [ -73.945123550787116, 40.742997591209061 ], [ -73.945112539489415, 40.742979306648884 ], [ -73.945048124751779, 40.742872355231476 ], [ -73.945017592919754, 40.74282166104561 ], [ -73.944811996008681, 40.742889679398417 ], [ -73.944688073771843, 40.742932587437608 ], [ -73.944612052922153, 40.742959636255058 ], [ -73.944372199354277, 40.743048660486032 ], [ -73.944227119107055, 40.743105294091713 ], [ -73.941343253631047, 40.744256875292756 ], [ -73.941263306714035, 40.74415472705617 ], [ -73.944662438795248, 40.742805467882206 ], [ -73.946453894206172, 40.742094302290248 ], [ -73.946792828849354, 40.742159977798238 ], [ -73.946980233357138, 40.742098090751874 ], [ -73.947623564530062, 40.742214623134586 ], [ -73.947442996123954, 40.742285957062919 ], [ -73.944187520878103, 40.743571978985763 ], [ -73.942421155483188, 40.74426969170009 ], [ -73.941596797729545, 40.744595298222109 ], [ -73.941456721417111, 40.744409869624498 ], [ -73.941652195861849, 40.744334087056508 ] ] ] ] } },
{ "type": "Feature", "properties": { "Borough": "QN", "Block": 119, "Lot": 115, "CD": 402, "BCT2020": "4017101", "BCTCB2020": "40171011001", "CT2010": "171", "CB2010": "1014", "SchoolDist": "30", "Council": 26, "ZipCode": 11104, "FireComp": "L163", "PolicePrct": 108, "HealthCent": 41, "HealthArea": 720, "Sanitboro": "4", "SanitDistr": "02", "SanitSub": "2C", "Address": "52-35 BARNETT AVENUE", "ZoneDist1": "M1-1", "ZoneDist2": null, "ZoneDist3": null, "ZoneDist4": null, "Overlay1": null, "Overlay2": null, "SPDist1": null, "SPDist2": null, "SPDist3": null, "LtdHeight": null, "SplitZone": "N", "BldgClass": "O5", "LandUse": "05", "Easements": 0, "OwnerType": null, "OwnerName": "BARNETT AVENUE LLC", "LotArea": 24800, "BldgArea": 45760, "ComArea": 45760, "ResArea": 0, "OfficeArea": 22713, "RetailArea": 0, "GarageArea": 0, "StrgeArea": 14404, "FactryArea": 0, "OtherArea": 8643, "AreaSource": "2", "NumBldgs": 1, "NumFloors": 2.0, "UnitsRes": 0, "UnitsTotal": 2, "LotFront": 201.0, "LotDepth": 137.0, "BldgFront": 201.0, "BldgDepth": 113.0, "Ext": "N", "ProxCode": "0", "IrrLotCode": "Y", "LotType": "5", "BsmtCode": "0", "AssessLand": 948600.0, "AssessTot": 2949300.0, "ExemptTot": 0.0, "YearBuilt": 1951, "YearAlter1": 1963, "YearAlter2": 1999, "HistDist": null, "Landmark": null, "BuiltFAR": 1.85, "ResidFAR": 0.0, "CommFAR": 1.0, "FacilFAR": 2.4, "BoroCode": 4, "BBL": 4001190115.0, "CondoNo": 0, "Tract2010": "0171", "XCoord": 1009151, "YCoord": 212556, "ZoneMap": "9d", "ZMCode": null, "Sanborn": "401 069", "TaxMap": "40201", "EDesigNum": null, "APPBBL": 0.0, "APPDate": null, "PLUTOMapID": "1", "FIRM07_FLA": null, "PFIRM15_FL": null, "Version": "25v4", "DCPEdited": null, "Latitude": 40.7500586, "Longitude": -73.9101282, "Notes": null, "Shape_Leng": 0.0, "Shape_Area": 25799.213761 }, "geometry": { "type": "MultiPolygon", "coordinates": [ [ [ [ -73.910382065766683, 40.750295861650407 ], [ -73.910155012460734, 40.750245366878367 ], [ -73.909922363985999, 40.750188350226104 ], [ -73.909705234054783, 40.750130153043862 ], [ -73.909784094573652, 40.749845955623442 ], [ -73.910517449353975, 40.749931268713368 ], [ -73.910438344049524, 40.750308212747939 ], [ -73.910382065766683, 40.750295861650407 ] ] ] ] } },
{ "type": "Feature", "properties": { "Borough": "QN", "Block": 119, "Lot": 134, "CD": 402, "BCT2020": "4017101", "BCTCB2020": "40171011001", "CT2010": "171", "CB2010": "1014", "SchoolDist": "30", "Council": 26, "ZipCode": 11104, "FireComp": "L163", "PolicePrct": 108, "HealthCent": 41, "HealthArea": 720, "Sanitboro": "4", "SanitDistr": "02", "SanitSub": "2C", "Address": "52-07 BARNETT AVENUE", "ZoneDist1": "M1-1", "ZoneDist2": null, "ZoneDist3": null, "ZoneDist4": null, "Overlay1": null, "Overlay2": null, "SPDist1": null, "SPDist2": null, "SPDist3": null, "LtdHeight": null, "SplitZone": "N", "BldgClass": "F4", "LandUse": "06", "Easements": 0, "OwnerType": null, "OwnerName": "BROTHERS AI & J PROPERTIES INC", "LotArea": 11775, "BldgArea": 11550, "ComArea": 11550, "ResArea": 0, "OfficeArea": 0, "RetailArea": 0, "GarageArea": 0, "StrgeArea": 0, "FactryArea": 11550, "OtherArea": 0, "AreaSource": "2", "NumBldgs": 1, "NumFloors": 1.0, "UnitsRes": 0, "UnitsTotal": 1, "LotFront": 78.42, "LotDepth": 150.0, "BldgFront": 78.0, "BldgDepth": 148.0, "Ext": "N", "ProxCode": "0", "IrrLotCode": "Y", "LotType": "5", "BsmtCode": "0", "AssessLand": 318150.0, "AssessTot": 501300.0, "ExemptTot": 0.0, "YearBuilt": 1952, "YearAlter1": 0, "YearAlter2": 0, "HistDist": null, "Landmark": null, "BuiltFAR": 0.98, "ResidFAR": 0.0, "CommFAR": 1.0, "FacilFAR": 2.4, "BoroCode": 4, "BBL": 4001190134.0, "CondoNo": 0, "Tract2010": "0171", "XCoord": 1008861, "YCoord": 212614, "ZoneMap": "9d", "ZMCode": null, "Sanborn": "401 069", "TaxMap": "40201", "EDesigNum": null, "APPBBL": 0.0, "APPDate": null, "PLUTOMapID": "1", "FIRM07_FLA": null, "PFIRM15_FL": null, "Version": "25v4", "DCPEdited": null, "Latitude": 40.7502186, "Longitude": -73.9111747, "Notes": null, "Shape_Leng": 0.0, "Shape_Area": 12582.942365499999 }, "geometry": { "type": "MultiPolygon", "coordinates": [ [ [ [ -73.910982928701671, 40.750407320411433 ], [ -73.911069356191234, 40.749995470529797 ], [ -73.911362955228157, 40.750029622896797 ], [ -73.911276106376363, 40.75044349157271 ], [ -73.911140611198036, 40.750430018062637 ], [ -73.910982928701671, 40.750407320411433 ] ] ] ] } },
{ "type": "Feature", "properties": { "Borough": "QN", "Block": 142, "Lot": 265, "CD": 402, "BCT2020": "4017101", "BCTCB2020": "40171011003", "CT2010": "171", "CB2010": "1015", "SchoolDist": "30", "Council": 26, "ZipCode": 11104, "FireComp": "L163", "PolicePrct": 108, "HealthCent": 41, "HealthArea": 720, "Sanitboro": "4", "SanitDistr": "02", "SanitSub": "2D", "Address": "44-15 BARNETT AVENUE", "ZoneDist1": "M1-1", "ZoneDist2": null, "ZoneDist3": null, "ZoneDist4": null, "Overlay1": null, "Overlay2": null, "SPDist1": null, "SPDist2": null, "SPDist3": null, "LtdHeight": null, "SplitZone": "N", "BldgClass": "O1", "LandUse": "05", "Easements": 0, "OwnerType": null, "OwnerName": "4415 BARNETT AVENUE LLC", "LotArea": 3024, "BldgArea": 1800, "ComArea": 1800, "ResArea": 0, "OfficeArea": 1800, "RetailArea": 0, "GarageArea": 0, "StrgeArea": 0, "FactryArea": 0, "OtherArea": 0, "AreaSource": "2", "NumBldgs": 1, "NumFloors": 1.0, "UnitsRes": 0, "UnitsTotal": 1, "LotFront": 84.0, "LotDepth": 36.0, "BldgFront": 40.0, "BldgDepth": 36.0, "Ext": "E", "ProxCode": "0", "IrrLotCode": "N", "LotType": "5", "BsmtCode": "0", "AssessLand": 40950.0, "AssessTot": 162450.0, "ExemptTot": 0.0, "YearBuilt": 1961, "YearAlter1": 0, "YearAlter2": 0, "HistDist": null, "Landmark": null, "BuiltFAR": 0.6, "ResidFAR": 0.0, "CommFAR": 1.0, "FacilFAR": 2.4, "BoroCode": 4, "BBL": 4001420265.0, "CondoNo": 0, "Tract2010": "0171", "XCoord": 1006793, "YCoord": 212402, "ZoneMap": "9b", "ZMCode": null, "Sanborn": "401 067", "TaxMap": "40201", "EDesigNum": null, "APPBBL": 0.0, "APPDate": null, "PLUTOMapID": "1", "FIRM07_FLA": null, "PFIRM15_FL": null, "Version": "25v4", "DCPEdited": null, "Latitude": 40.7496422, "Longitude": -73.9186392, "Notes": null, "Shape_Leng": 0.0, "Shape_Area": 3298.4290012000001 }, "geometry": { "type": "MultiPolygon", "coordinates": [ [ [ [ -73.918470241597703, 40.749619208431703 ], [ -73.91876787328782, 40.749563146491511 ], [ -73.918803560531998, 40.749666206591392 ], [ -73.918505927091687, 40.749722268622193 ], [ -73.918470241597703, 40.749619208431703 ] ] ] ] } },
{ "type": "Feature", "properties": { "Borough": "QN", "Block": 142, "Lot": 272, "CD": 402, "BCT2020": "4017101", "BCTCB2020": "40171011003", "CT2010": "171", "CB2010": "1015", "SchoolDist": "30", "Council": 26, "ZipCode": 11104, "FireComp": "L163", "PolicePrct": 108, "HealthCent": 41, "HealthArea": 720, "Sanitboro": "4", "SanitDistr": "02", "SanitSub": "2E", "Address": "44-07 BARNETT AVENUE", "ZoneDist1": "M1-1", "ZoneDist2": null, "ZoneDist3": null, "ZoneDist4": null, "Overlay1": null, "Overlay2": null, "SPDist1": null, "SPDist2": null, "SPDist3": null, "LtdHeight": null, "SplitZone": "N", "BldgClass": "G0", "LandUse": "10", "Easements": 0, "OwnerType": null, "OwnerName": "SUNNY SPACE LLC", "LotArea": 720, "BldgArea": 0, "ComArea": 0, "ResArea": 0, "OfficeArea": 0, "RetailArea": 0, "GarageArea": 0, "StrgeArea": 0, "FactryArea": 0, "OtherArea": 0, "AreaSource": "7", "NumBldgs": 1, "NumFloors": 1.0, "UnitsRes": 0, "UnitsTotal": 0, "LotFront": 19.5, "LotDepth": 36.0, "BldgFront": 19.5, "BldgDepth": 25.0, "Ext": "N", "ProxCode": "0", "IrrLotCode": "Y", "LotType": "5", "BsmtCode": "5", "AssessLand": 4200.0, "AssessTot": 10200.0, "ExemptTot": 0.0, "YearBuilt": 1950, "YearAlter1": 0, "YearAlter2": 0, "HistDist": null, "Landmark": null, "BuiltFAR": 0.0, "ResidFAR": 0.0, "CommFAR": 1.0, "FacilFAR": 2.4, "BoroCode": 4, "BBL": 4001420272.0000005, "CondoNo": 0, "Tract2010": "0171", "XCoord": 1006704, "YCoord": 212380, "ZoneMap": "9b", "ZMCode": null, "Sanborn": "401 067", "TaxMap": "40201", "EDesigNum": null, "APPBBL": 0.0, "APPDate": null, "PLUTOMapID": "1", "FIRM07_FLA": null, "PFIRM15_FL": null, "Version": "25v4", "DCPEdited": null, "Latitude": 40.749582, "Longitude": -73.9189604, "Notes": null, "Shape_Leng": 0.0, "Shape_Area": 755.6924728 }, "geometry": { "type": "MultiPolygon", "coordinates": [ [ [ [ -73.918905578552142, 40.749537207349675 ], [ -73.918973768366243, 40.749524363827 ], [ -73.919009454698298, 40.749627423777568 ], [ -73.918941265884115, 40.749640268325855 ], [ -73.918905578552142, 40.749537207349675 ] ] ] ] } },
{ "type": "Feature", "properties": { "Borough": "QN", "Block": 142, "Lot": 282, "CD": 402, "BCT2020": "4017101", "BCTCB2020": "40171011003", "CT2010": "171", "CB2010": "1015", "SchoolDist": "30", "Council": 26, "ZipCode": 11104, "FireComp": "L163", "PolicePrct": 108, "HealthCent": 41, "HealthArea": 720, "Sanitboro": "4", "SanitDistr": "02", "SanitSub": "2E", "Address": "43-19 BARNETT AVENUE", "ZoneDist1": "M1-1", "ZoneDist2": null, "ZoneDist3": null, "ZoneDist4": null, "Overlay1": null, "Overlay2": null, "SPDist1": null, "SPDist2": null, "SPDist3": null, "LtdHeight": null, "SplitZone": "N", "BldgClass": "G0", "LandUse": "10", "Easements": 0, "OwnerType": null, "OwnerName": "LEE, JOHN J", "LotArea": 720, "BldgArea": 0, "ComArea": 0, "ResArea": 0, "OfficeArea": 0, "RetailArea": 0, "GarageArea": 0, "StrgeArea": 0, "FactryArea": 0, "OtherArea": 0, "AreaSource": "7", "NumBldgs": 1, "NumFloors": 1.0, "UnitsRes": 0, "UnitsTotal": 0, "LotFront": 19.5, "LotDepth": 35.0, "BldgFront": 19.5, "BldgDepth": 25.0, "Ext": "N", "ProxCode": "0", "IrrLotCode": "Y", "LotType": "5", "BsmtCode": "5", "AssessLand": 4200.0, "AssessTot": 10200.0, "ExemptTot": 0.0, "YearBuilt": 1950, "YearAlter1": 0, "YearAlter2": 0, "HistDist": null, "Landmark": null, "BuiltFAR": 0.0, "ResidFAR": 0.0, "CommFAR": 1.0, "FacilFAR": 2.4, "BoroCode": 4, "BBL": 4001420282.0000005, "CondoNo": 0, "Tract2010": "0171", "XCoord": 1006515, "YCoord": 212333, "ZoneMap": "9b", "ZMCode": null, "Sanborn": "401 067", "TaxMap": "40201", "EDesigNum": null, "APPBBL": 0.0, "APPDate": null, "PLUTOMapID": "1", "FIRM07_FLA": null, "PFIRM15_FL": null, "Version": "25v4", "DCPEdited": null, "Latitude": 40.7494535, "Longitude": -73.9196427, "Notes": null, "Shape_Leng": 0.0, "Shape_Area": 754.0220362 }, "geometry": { "type": "MultiPolygon", "coordinates": [ [ [ [ -73.919589317887386, 40.74940841545348 ], [ -73.91965735592531, 40.749395599279069 ], [ -73.919693044345024, 40.749498659105171 ], [ -73.919625006207653, 40.749511476220562 ], [ -73.919589317887386, 40.74940841545348 ] ] ] ] } },
{ "type": "Feature", "properties": { "Borough": "QN", "Block": 142, "Lot": 283, "CD": 402, "BCT2020": "4017101", "BCTCB2020": "40171011003", "CT2010": "171", "CB2010": "1015", "SchoolDist": "30", "Council": 26, "ZipCode": 11104, "FireComp": "L163", "PolicePrct": 108, "HealthCent": 41, "HealthArea": 720, "Sanitboro": "4", "SanitDistr": "02", "SanitSub": "2E", "Address": "43-17 BARNETT AVENUE", "ZoneDist1": "M1-1", "ZoneDist2": null, "ZoneDist3": null, "ZoneDist4": null, "Overlay1": null, "Overlay2": null, "SPDist1": null, "SPDist2": null, "SPDist3": null, "LtdHeight": null, "SplitZone": "N", "BldgClass": "G0", "LandUse": "10", "Easements": 0, "OwnerType": null, "OwnerName": "VUKELICH, MARIA", "LotArea": 720, "BldgArea": 0, "ComArea": 0, "ResArea": 0, "OfficeArea": 0, "RetailArea": 0, "GarageArea": 0, "StrgeArea": 0, "FactryArea": 0, "OtherArea": 0, "AreaSource": "7", "NumBldgs": 1, "NumFloors": 1.0, "UnitsRes": 0, "UnitsTotal": 0, "LotFront": 19.5, "LotDepth": 35.0, "BldgFront": 19.5, "BldgDepth": 25.0, "Ext": "N", "ProxCode": "0", "IrrLotCode": "Y", "LotType": "5", "BsmtCode": "5", "AssessLand": 4200.0, "AssessTot": 10260.0, "ExemptTot": 0.0, "YearBuilt": 1950, "YearAlter1": 0, "YearAlter2": 0, "HistDist": null, "Landmark": null, "BuiltFAR": 0.0, "ResidFAR": 0.0, "CommFAR": 1.0, "FacilFAR": 2.4, "BoroCode": 4, "BBL": 4001420282.9999995, "CondoNo": 0, "Tract2010": "0171", "XCoord": 1006496, "YCoord": 212328, "ZoneMap": "9b", "ZMCode": null, "Sanborn": "401 067", "TaxMap": "40201", "EDesigNum": null, "APPBBL": 0.0, "APPDate": null, "PLUTOMapID": "1", "FIRM07_FLA": null, "PFIRM15_FL": null, "Version": "25v4", "DCPEdited": null, "Latitude": 40.7494398, "Longitude": -73.9197113, "Notes": null, "Shape_Leng": 0.0, "Shape_Area": 765.853336 }, "geometry": { "type": "MultiPolygon", "coordinates": [ [ [ [ -73.91965735592531, 40.749395599279069 ], [ -73.919726462232092, 40.749382581186268 ], [ -73.919762149540773, 40.749485641909011 ], [ -73.919693044345024, 40.749498659105171 ], [ -73.91965735592531, 40.749395599279069 ] ] ] ] } },
{ "type": "Feature", "properties": { "Borough": "QN", "Block": 142, "Lot": 284, "CD": 402, "BCT2020": "4017101", "BCTCB2020": "40171011003", "CT2010": "171", "CB2010": "1015", "SchoolDist": "30", "Council": 26, "ZipCode": 11104, "FireComp": "L163", "PolicePrct": 108, "HealthCent": 41, "HealthArea": 720, "Sanitboro": "4", "SanitDistr": "02", "SanitSub": "2E", "Address": "43-15 BARNETT AVENUE", "ZoneDist1": "M1-1", "ZoneDist2": null, "ZoneDist3": null, "ZoneDist4": null, "Overlay1": null, "Overlay2": null, "SPDist1": null, "SPDist2": null, "SPDist3": null, "LtdHeight": null, "SplitZone": "N", "BldgClass": "G0", "LandUse": "10", "Easements": 0, "OwnerType": null, "OwnerName": "LILAKOS, MARK", "LotArea": 665, "BldgArea": 0, "ComArea": 0, "ResArea": 0, "OfficeArea": 0, "RetailArea": 0, "GarageArea": 0, "StrgeArea": 0, "FactryArea": 0, "OtherArea": 0, "AreaSource": "7", "NumBldgs": 1, "NumFloors": 1.0, "UnitsRes": 0, "UnitsTotal": 0, "LotFront": 19.5, "LotDepth": 35.0, "BldgFront": 19.5, "BldgDepth": 25.0, "Ext": "N", "ProxCode": "0", "IrrLotCode": "Y", "LotType": "5", "BsmtCode": "5", "AssessLand": 4200.0, "AssessTot": 10740.0, "ExemptTot": 0.0, "YearBuilt": 1950, "YearAlter1": 0, "YearAlter2": 0, "HistDist": null, "Landmark": null, "BuiltFAR": 0.0, "ResidFAR": 0.0, "CommFAR": 1.0, "FacilFAR": 2.4, "BoroCode": 4, "BBL": 4001420283.9999995, "CondoNo": 0, "Tract2010": "0171", "XCoord": 1006477, "YCoord": 212323, "ZoneMap": "9b", "ZMCode": null, "Sanborn": "401 067", "TaxMap": "40201", "EDesigNum": null, "APPBBL": 0.0, "APPDate": null, "PLUTOMapID": "1", "FIRM07_FLA": null, "PFIRM15_FL": null, "Version": "25v4", "DCPEdited": null, "Latitude": 40.7494262, "Longitude": -73.9197799, "Notes": null, "Shape_Leng": 0.0, "Shape_Area": 743.9962336 }, "geometry": { "type": "MultiPolygon", "coordinates": [ [ [ [ -73.919829283936664, 40.749472996087235 ], [ -73.919762149540773, 40.749485641909011 ], [ -73.919726462232092, 40.749382581186268 ], [ -73.919793595321622, 40.749369936388113 ], [ -73.919829283936664, 40.749472996087235 ] ] ] ] } },
{ "type": "Feature", "properties": { "Borough": "QN", "Block": 142, "Lot": 291, "CD": 402, "BCT2020": "4017101", "BCTCB2020": "40171011003", "CT2010": "171", "CB2010": "1015", "SchoolDist": "30", "Council": 26, "ZipCode": 11104, "FireComp": "L163", "PolicePrct": 108, "HealthCent": 41, "HealthArea": 720, "Sanitboro": "4", "SanitDistr": "02", "SanitSub": "2D", "Address": "43 STREET", "ZoneDist1": "M1-1", "ZoneDist2": null, "ZoneDist3": null, "ZoneDist4": null, "Overlay1": null, "Overlay2": null, "SPDist1": null, "SPDist2": null, "SPDist3": null, "LtdHeight": null, "SplitZone": "N", "BldgClass": "V1", "LandUse": "11", "Easements": 0, "OwnerType": null, "OwnerName": "ATRONE AUTO SALES  INC", "LotArea": 1500, "BldgArea": 0, "ComArea": 0, "ResArea": 0, "OfficeArea": 0, "RetailArea": 0, "GarageArea": 0, "StrgeArea": 0, "FactryArea": 0, "OtherArea": 0, "AreaSource": "7", "NumBldgs": 0, "NumFloors": 0.0, "UnitsRes": 0, "UnitsTotal": 0, "LotFront": 5.0, "LotDepth": 998.0, "BldgFront": 0.0, "BldgDepth": 0.0, "Ext": null, "ProxCode": "0", "IrrLotCode": "Y", "LotType": "8", "BsmtCode": "5", "AssessLand": 25110.0, "AssessTot": 25110.0, "ExemptTot": 0.0, "YearBuilt": 0, "YearAlter1": 0, "YearAlter2": 0, "HistDist": null, "Landmark": null, "BuiltFAR": 0.0, "ResidFAR": 0.0, "CommFAR": 1.0, "FacilFAR": 2.4, "BoroCode": 4, "BBL": 4001420291.0, "CondoNo": 0, "Tract2010": "0171", "XCoord": 1006858, "YCoord": 212439, "ZoneMap": "9b", "ZMCode": null, "Sanborn": "401 067", "TaxMap": "40201", "EDesigNum": null, "APPBBL": 0.0, "APPDate": null, "PLUTOMapID": "1", "FIRM07_FLA": null, "PFIRM15_FL": null, "Version": "25v4", "DCPEdited": null, "Latitude": 40.7497436, "Longitude": -73.9184044, "Notes": null, "Shape_Leng": 0.0, "Shape_Area": 1591.0739264 }, "geometry": { "type": "MultiPolygon", "coordinates": [ [ [ [ -73.916653771819924, 40.750071120889878 ], [ -73.918213529257713, 40.749777343908804 ], [ -73.918505927091687, 40.749722268622193 ], [ -73.918803560531998, 40.749666206591392 ], [ -73.918871442627903, 40.74965342139042 ], [ -73.918941265884115, 40.749640268325855 ], [ -73.919009454698298, 40.749627423777568 ], [ -73.919077656467735, 40.749614577525406 ], [ -73.919148434275542, 40.749601245807881 ], [ -73.91921456574741, 40.74958878871054 ], [ -73.919283088399496, 40.749575883078663 ], [ -73.91935051665466, 40.749563181021514 ], [ -73.91942057309744, 40.749549984578174 ], [ -73.919488874178356, 40.749537118323886 ], [ -73.919556515594365, 40.749524376638874 ], [ -73.919625006207653, 40.749511476220562 ], [ -73.919693044345024, 40.749498659105171 ], [ -73.919762149540773, 40.749485641909011 ], [ -73.919829283936664, 40.749472996087235 ], [ -73.919900169164748, 40.74945964331814 ], [ -73.919969289793229, 40.749446622411902 ], [ -73.92003475295877, 40.749434291375103 ], [ -73.920104021417643, 40.749421242631797 ], [ -73.920149381302636, 40.74941269856906 ], [ -73.920148460316923, 40.749417382388067 ], [ -73.916655235998462, 40.750075355244682 ], [ -73.916653771819924, 40.750071120889878 ] ] ] ] } },
{ "type": "Feature", "properties": { "Borough": "QN", "Block": 214, "Lot": 1, "CD": 402, "BCT2020": "4017101", "BCTCB2020": "40171011010", "CT2010": "171", "CB2010": "1033", "SchoolDist": "30", "Council": 26, "ZipCode": 11101, "FireComp": "L128", "PolicePrct": 108, "HealthCent": 41, "HealthArea": 720, "Sanitboro": "4", "SanitDistr": "02", "SanitSub": "2E", "Address": "SKILLMAN AVENUE", "ZoneDist1": "M1-1", "ZoneDist2": null, "ZoneDist3": null, "ZoneDist4": null, "Overlay1": null, "Overlay2": null, "SPDist1": null, "SPDist2": null, "SPDist3": null, "LtdHeight": null, "SplitZone": "N", "BldgClass": "U6", "LandUse": "07", "Easements": 1, "OwnerType": "X", "OwnerName": "MTA - LIRR", "LotArea": 2111555, "BldgArea": 0, "ComArea": 0, "ResArea": 0, "OfficeArea": 0, "RetailArea": 0, "GarageArea": 0, "StrgeArea": 0, "FactryArea": 0, "OtherArea": 0, "AreaSource": "7", "NumBldgs": 44, "NumFloors": 0.0, "UnitsRes": 0, "UnitsTotal": 0, "LotFront": 198.0, "LotDepth": 1100.0, "BldgFront": 0.0, "BldgDepth": 0.0, "Ext": "N", "ProxCode": "0", "IrrLotCode": "N", "LotType": "5", "BsmtCode": "0", "AssessLand": 0.0, "AssessTot": 0.0, "ExemptTot": 0.0, "YearBuilt": 0, "YearAlter1": 0, "YearAlter2": 0, "HistDist": null, "Landmark": null, "BuiltFAR": 0.0, "ResidFAR": 0.0, "CommFAR": 1.0, "FacilFAR": 2.4, "BoroCode": 4, "BBL": 4002140001.0, "CondoNo": 0, "Tract2010": "0171", "XCoord": 1004271, "YCoord": 212376, "ZoneMap": "9b", "ZMCode": null, "Sanborn": "401 063", "TaxMap": "40202", "EDesigNum": null, "APPBBL": 0.0, "APPDate": null, "PLUTOMapID": "1", "FIRM07_FLA": null, "PFIRM15_FL": null, "Version": "25v4", "DCPEdited": "t", "Latitude": 40.7495769, "Longitude": -73.9277415, "Notes": null, "Shape_Leng": 0.0, "Shape_Area": 2111554.89078 }, "geometry": { "type": "MultiPolygon", "coordinates": [ [ [ [ -73.925450261434875, 40.747520959700509 ], [ -73.925541124922162, 40.747531520251101 ], [ -73.925555086680419, 40.747533143010422 ], [ -73.92674721856217, 40.747671710285942 ], [ -73.929313118248899, 40.74726861143715 ], [ -73.929404473867535, 40.747254258555472 ], [ -73.929625529996144, 40.747659978040403 ], [ -73.929802999045449, 40.74798569569365 ], [ -73.931226797284197, 40.750598738596217 ], [ -73.931130090984624, 40.750656922804765 ], [ -73.93061940936623, 40.750964176129983 ], [ -73.930560435896169, 40.750996644377203 ], [ -73.930481566975757, 40.751033498668285 ], [ -73.930391149443651, 40.751073620961868 ], [ -73.930274916061265, 40.751118821771378 ], [ -73.930140262299119, 40.751161790595418 ], [ -73.929929441053474, 40.751217977366046 ], [ -73.92938975216434, 40.751324634767933 ], [ -73.928761338285298, 40.751423594763125 ], [ -73.927714763260852, 40.751512022503611 ], [ -73.924752884157783, 40.751623560253208 ], [ -73.924744620966777, 40.751623870914401 ], [ -73.924584545612888, 40.751629897585794 ], [ -73.925153137986428, 40.748931241435919 ], [ -73.925265945817159, 40.748395817708953 ], [ -73.925450261434875, 40.747520959700509 ] ], [ [ -73.926656825024125, 40.751210107469426 ], [ -73.9266617087209, 40.751234528753756 ], [ -73.926813642397008, 40.751204443197445 ], [ -73.926809995945831, 40.751191009809268 ], [ -73.927025191569911, 40.751153135297791 ], [ -73.927008313715589, 40.751090941758235 ], [ -73.928074712433045, 40.750886141342264 ], [ -73.928034077844984, 40.750736422702786 ], [ -73.926910395385903, 40.750930960219762 ], [ -73.92690407640788, 40.750907676230874 ], [ -73.926786369256135, 40.750928053683523 ], [ -73.926792688193203, 40.750951337678806 ], [ -73.92533617477801, 40.751233445122082 ], [ -73.925381981828494, 40.75140224000576 ], [ -73.92642822053628, 40.751199278682257 ], [ -73.926442446670862, 40.751251695578475 ], [ -73.926656825024125, 40.751210107469426 ] ] ] ] } },
{ "type": "Feature", "properties": { "Borough": "QN", "Block": 214, "Lot": 100, "CD": 402, "BCT2020": "4017101", "BCTCB2020": "40171011005", "CT2010": "171", "CB2010": "1008", "SchoolDist": "30", "Council": 26, "ZipCode": 11101, "FireComp": "L128", "PolicePrct": 108, "HealthCent": 41, "HealthArea": 720, "Sanitboro": "4", "SanitDistr": "02", "SanitSub": "2E", "Address": "39 STREET", "ZoneDist1": "M1-1", "ZoneDist2": null, "ZoneDist3": null, "ZoneDist4": null, "Overlay1": null, "Overlay2": null, "SPDist1": null, "SPDist2": null, "SPDist3": null, "LtdHeight": null, "SplitZone": "N", "BldgClass": "U0", "LandUse": "07", "Easements": 0, "OwnerType": "X", "OwnerName": "UNAVAILABLE OWNER", "LotArea": 51297, "BldgArea": 0, "ComArea": 0, "ResArea": 0, "OfficeArea": 0, "RetailArea": 0, "GarageArea": 0, "StrgeArea": 0, "FactryArea": 0, "OtherArea": 0, "AreaSource": "7", "NumBldgs": 18, "NumFloors": 0.0, "UnitsRes": 0, "UnitsTotal": 0, "LotFront": 0.0, "LotDepth": 0.0, "BldgFront": 0.0, "BldgDepth": 0.0, "Ext": null, "ProxCode": "0", "IrrLotCode": "N", "LotType": "0", "BsmtCode": "5", "AssessLand": 0.0, "AssessTot": 0.0, "ExemptTot": 0.0, "YearBuilt": 1960, "YearAlter1": 0, "YearAlter2": 0, "HistDist": null, "Landmark": null, "BuiltFAR": 0.0, "ResidFAR": 0.0, "CommFAR": 1.0, "FacilFAR": 2.4, "BoroCode": 4, "BBL": 4002140100.0000005, "CondoNo": 0, "Tract2010": "0171", "XCoord": 1004562, "YCoord": 212921, "ZoneMap": "9b", "ZMCode": null, "Sanborn": "401 065", "TaxMap": "40202", "EDesigNum": null, "APPBBL": 0.0, "APPDate": null, "PLUTOMapID": "1", "FIRM07_FLA": null, "PFIRM15_FL": null, "Version": "25v4", "DCPEdited": "t", "Latitude": 40.7510721, "Longitude": -73.9266896, "Notes": null, "Shape_Leng": 0.0, "Shape_Area": 51297.0131501 }, "geometry": { "type": "MultiPolygon", "coordinates": [ [ [ [ -73.926656825024125, 40.751210107469426 ], [ -73.926442446670862, 40.751251695578475 ], [ -73.92642822053628, 40.751199278682257 ], [ -73.925381981828494, 40.75140224000576 ], [ -73.92533617477801, 40.751233445122082 ], [ -73.926792688193203, 40.750951337678806 ], [ -73.926786369256135, 40.750928053683523 ], [ -73.92690407640788, 40.750907676230874 ], [ -73.926910395385903, 40.750930960219762 ], [ -73.928034077844984, 40.750736422702786 ], [ -73.928074712433045, 40.750886141342264 ], [ -73.927008313715589, 40.751090941758235 ], [ -73.927025191569911, 40.751153135297791 ], [ -73.926809995945831, 40.751191009809268 ], [ -73.926813642397008, 40.751204443197445 ], [ -73.9266617087209, 40.751234528753756 ], [ -73.926656825024125, 40.751210107469426 ] ] ] ] } },
{ "type": "Feature", "properties": { "Borough": "QN", "Block": 239, "Lot": 36, "CD": 401, "BCT2020": "4017102", "BCTCB2020": "40171021004", "CT2010": "171", "CB2010": "1005", "SchoolDist": "30", "Council": 26, "ZipCode": 11101, "FireComp": "L128", "PolicePrct": 114, "HealthCent": 41, "HealthArea": 720, "Sanitboro": "4", "SanitDistr": "01", "SanitSub": "6D", "Address": "29-50 NORTHERN BOULEVARD", "ZoneDist1": "M1-5", "ZoneDist2": null, "ZoneDist3": null, "ZoneDist4": null, "Overlay1": null, "Overlay2": null, "SPDist1": null, "SPDist2": null, "SPDist3": null, "LtdHeight": null, "SplitZone": "N", "BldgClass": "T9", "LandUse": "07", "Easements": 0, "OwnerType": "C", "OwnerName": "NYC TRANSIT AUTHORITY", "LotArea": 47176, "BldgArea": 67500, "ComArea": 7875, "ResArea": 0, "OfficeArea": 0, "RetailArea": 0, "GarageArea": 7875, "StrgeArea": 0, "FactryArea": 0, "OtherArea": 0, "AreaSource": "2", "NumBldgs": 3, "NumFloors": 8.0, "UnitsRes": 0, "UnitsTotal": 1, "LotFront": 273.0, "LotDepth": 120.0, "BldgFront": 105.0, "BldgDepth": 75.0, "Ext": null, "ProxCode": "2", "IrrLotCode": "Y", "LotType": "5", "BsmtCode": "2", "AssessLand": 1002150.0, "AssessTot": 6669900.0, "ExemptTot": 6669900.0, "YearBuilt": 2013, "YearAlter1": 0, "YearAlter2": 0, "HistDist": null, "Landmark": null, "BuiltFAR": 1.43, "ResidFAR": 0.0, "CommFAR": 5.0, "FacilFAR": 6.5, "BoroCode": 4, "BBL": 4002390036.0, "CondoNo": 0, "Tract2010": "0171", "XCoord": 1002213, "YCoord": 212506, "ZoneMap": "9b", "ZMCode": null, "Sanborn": "401 054", "TaxMap": "40203", "EDesigNum": null, "APPBBL": 0.0, "APPDate": null, "PLUTOMapID": "1", "FIRM07_FLA": null, "PFIRM15_FL": null, "Version": "25v4", "DCPEdited": "t", "Latitude": 40.7499382, "Longitude": -73.9351687, "Notes": null, "Shape_Leng": 0.0, "Shape_Area": 57982.8320074 }, "geometry": { "type": "MultiPolygon", "coordinates": [ [ [ [ -73.934497251962398, 40.749971329501349 ], [ -73.934932937865455, 40.749698798656532 ], [ -73.935196342004247, 40.749518461092812 ], [ -73.935392989570673, 40.749643600605701 ], [ -73.935444974868872, 40.749594957525574 ], [ -73.935797133041447, 40.74981688964435 ], [ -73.935173063893458, 40.750400839603536 ], [ -73.934497251962398, 40.749971329501349 ] ] ] ] } },
{ "type": "Feature", "properties": { "Borough": "QN", "Block": 119, "Lot": 32, "CD": 401, "BCT2020": "4017102", "BCTCB2020": "40171021000", "CT2010": "171", "CB2010": "1000", "SchoolDist": "30", "Council": 26, "ZipCode": 11101, "FireComp": "L163", "PolicePrct": 114, "HealthCent": 41, "HealthArea": 720, "Sanitboro": "4", "SanitDistr": "01", "SanitSub": "5C", "Address": "DREYER AVENUE", "ZoneDist1": "M1-1", "ZoneDist2": null, "ZoneDist3": null, "ZoneDist4": null, "Overlay1": null, "Overlay2": null, "SPDist1": null, "SPDist2": null, "SPDist3": null, "LtdHeight": null, "SplitZone": "N", "BldgClass": "U7", "LandUse": "07", "Easements": 0, "OwnerType": "X", "OwnerName": "NATIONAL RAILROAD PASSENGER CORP", "LotArea": 129662, "BldgArea": 0, "ComArea": 0, "ResArea": 0, "OfficeArea": 0, "RetailArea": 0, "GarageArea": 0, "StrgeArea": 0, "FactryArea": 0, "OtherArea": 0, "AreaSource": "7", "NumBldgs": 0, "NumFloors": 0.0, "UnitsRes": 0, "UnitsTotal": 0, "LotFront": 103.75, "LotDepth": 522.0, "BldgFront": 0.0, "BldgDepth": 0.0, "Ext": "N", "ProxCode": "0", "IrrLotCode": "Y", "LotType": "3", "BsmtCode": "0", "AssessLand": 0.0, "AssessTot": 0.0, "ExemptTot": 0.0, "YearBuilt": 0, "YearAlter1": 0, "YearAlter2": 0, "HistDist": null, "Landmark": null, "BuiltFAR": 0.0, "ResidFAR": 0.0, "CommFAR": 1.0, "FacilFAR": 2.4, "BoroCode": 4, "BBL": 4001190031.9999995, "CondoNo": 0, "Tract2010": "0171", "XCoord": 1008613, "YCoord": 213012, "ZoneMap": "9d", "ZMCode": "Y", "Sanborn": "401 069", "TaxMap": "40201", "EDesigNum": null, "APPBBL": 0.0, "APPDate": null, "PLUTOMapID": "1", "FIRM07_FLA": null, "PFIRM15_FL": null, "Version": "25v4", "DCPEdited": "t", "Latitude": 40.7513117, "Longitude": -73.9120683, "Notes": null, "Shape_Leng": 0.0, "Shape_Area": 129661.946324 }, "geometry": { "type": "MultiPolygon", "coordinates": [ [ [ [ -73.909878214339358, 40.751483612659719 ], [ -73.911323289042997, 40.751167858795128 ], [ -73.911287868508083, 40.751066374003095 ], [ -73.911289252221053, 40.75105876123407 ], [ -73.911696803963338, 40.751128733641124 ], [ -73.912110856134362, 40.751184443743064 ], [ -73.912412482801514, 40.751219028164371 ], [ -73.91244295138516, 40.751220037465337 ], [ -73.912466706653177, 40.751220548138548 ], [ -73.912486407860968, 40.75121980307717 ], [ -73.912530567309858, 40.751218132926866 ], [ -73.912564283796542, 40.751214708665479 ], [ -73.912596703475373, 40.751210543265046 ], [ -73.912627058261364, 40.751207143535908 ], [ -73.91280794243329, 40.751186537575805 ], [ -73.913066016177837, 40.751157651952596 ], [ -73.913295418627996, 40.751126790839791 ], [ -73.913592879328078, 40.751077899180586 ], [ -73.914043943307462, 40.751033901578246 ], [ -73.915123021145973, 40.75083968630387 ], [ -73.915090546288596, 40.750998791096734 ], [ -73.914242978737505, 40.751157040612249 ], [ -73.914061015103627, 40.7511923326527 ], [ -73.914004463930155, 40.751203218003056 ], [ -73.913906615457606, 40.751222053692679 ], [ -73.913833228663464, 40.751233601745028 ], [ -73.913714532960256, 40.75124653506429 ], [ -73.913319791458775, 40.751295078187546 ], [ -73.911680163478479, 40.751508216520044 ], [ -73.910792333215667, 40.751630712721258 ], [ -73.909995711539807, 40.751740617780889 ], [ -73.909878214339358, 40.751483612659719 ] ] ] ] } },
{ "type": "Feature", "properties": { "Borough": "QN", "Block": 119, "Lot": 85, "CD": 402, "BCT2020": "4017101", "BCTCB2020": "40171011000", "CT2010": "171", "CB2010": "1013", "SchoolDist": "30", "Council": 26, "ZipCode": 11101, "FireComp": "L163", "PolicePrct": 108, "HealthCent": 41, "HealthArea": 720, "Sanitboro": "4", "SanitDistr": "02", "SanitSub": "2C", "Address": "37-20 WOODSIDE AVENUE", "ZoneDist1": "M1-1", "ZoneDist2": null, "ZoneDist3": null, "ZoneDist4": null, "Overlay1": null, "Overlay2": null, "SPDist1": null, "SPDist2": null, "SPDist3": null, "LtdHeight": null, "SplitZone": "N", "BldgClass": "E1", "LandUse": "06", "Easements": 0, "OwnerType": null, "OwnerName": "SAN-AID REALTY CORP", "LotArea": 72118, "BldgArea": 34000, "ComArea": 34000, "ResArea": 0, "OfficeArea": 3400, "RetailArea": 0, "GarageArea": 0, "StrgeArea": 30600, "FactryArea": 0, "OtherArea": 0, "AreaSource": "2", "NumBldgs": 1, "NumFloors": 1.0, "UnitsRes": 0, "UnitsTotal": 1, "LotFront": 292.0, "LotDepth": 415.0, "BldgFront": 230.0, "BldgDepth": 100.0, "Ext": "N", "ProxCode": "0", "IrrLotCode": "Y", "LotType": "5", "BsmtCode": "0", "AssessLand": 1298250.0, "AssessTot": 2301300.0, "ExemptTot": 0.0, "YearBuilt": 1950, "YearAlter1": 1993, "YearAlter2": 1995, "HistDist": null, "Landmark": null, "BuiltFAR": 0.47, "ResidFAR": 0.0, "CommFAR": 1.0, "FacilFAR": 2.4, "BoroCode": 4, "BBL": 4001190085.0000005, "CondoNo": 0, "Tract2010": "0171", "XCoord": 1009111, "YCoord": 212930, "ZoneMap": "9d", "ZMCode": null, "Sanborn": "401 069", "TaxMap": "40201", "EDesigNum": null, "APPBBL": 0.0, "APPDate": null, "PLUTOMapID": "1", "FIRM07_FLA": null, "PFIRM15_FL": null, "Version": "25v4", "DCPEdited": null, "Latitude": 40.7510852, "Longitude": -73.9102712, "Notes": null, "Shape_Leng": 0.0, "Shape_Area": 73725.494011000003 }, "geometry": { "type": "MultiPolygon", "coordinates": [ [ [ [ -73.910001595403614, 40.750768083724488 ], [ -73.910357726012734, 40.750871563627364 ], [ -73.910568406335443, 40.750927408723257 ], [ -73.910658765634523, 40.750948319385415 ], [ -73.910772414356515, 40.750971810058402 ], [ -73.911050085278887, 40.751025415352657 ], [ -73.911287868508083, 40.751066374003095 ], [ -73.911323289042997, 40.751167858795128 ], [ -73.909878214339358, 40.751483612659719 ], [ -73.909536857764607, 40.750736945142393 ], [ -73.909567524824581, 40.750626429194583 ], [ -73.909744193506683, 40.75068408339034 ], [ -73.910001595403614, 40.750768083724488 ] ] ] ] } },
{ "type": "Feature", "properties": { "Borough": "QN", "Block": 119, "Lot": 126, "CD": 402, "BCT2020": "4017101", "BCTCB2020": "40171011001", "CT2010": "171", "CB2010": "1014", "SchoolDist": "30", "Council": 26, "ZipCode": 11104, "FireComp": "L163", "PolicePrct": 108, "HealthCent": 41, "HealthArea": 720, "Sanitboro": "4", "SanitDistr": "02", "SanitSub": "2C", "Address": "52-25 BARNETT AVENUE", "ZoneDist1": "M1-1", "ZoneDist2": null, "ZoneDist3": null, "ZoneDist4": null, "Overlay1": null, "Overlay2": null, "SPDist1": null, "SPDist2": null, "SPDist3": null, "LtdHeight": null, "SplitZone": "N", "BldgClass": "F4", "LandUse": "06", "Easements": 0, "OwnerType": null, "OwnerName": "ASIA OFFSET/LITHO/PRNT/I", "LotArea": 23700, "BldgArea": 18280, "ComArea": 18280, "ResArea": 0, "OfficeArea": 0, "RetailArea": 0, "GarageArea": 0, "StrgeArea": 0, "FactryArea": 18280, "OtherArea": 0, "AreaSource": "2", "NumBldgs": 1, "NumFloors": 1.0, "UnitsRes": 0, "UnitsTotal": 1, "LotFront": 155.0, "LotDepth": 149.0, "BldgFront": 144.0, "BldgDepth": 127.0, "Ext": "N", "ProxCode": "0", "IrrLotCode": "N", "LotType": "5", "BsmtCode": "0", "AssessLand": 490500.0, "AssessTot": 609300.0, "ExemptTot": 0.0, "YearBuilt": 1939, "YearAlter1": 0, "YearAlter2": 0, "HistDist": null, "Landmark": null, "BuiltFAR": 0.77, "ResidFAR": 0.0, "CommFAR": 1.0, "FacilFAR": 2.4, "BoroCode": 4, "BBL": 4001190126.0, "CondoNo": 0, "Tract2010": "0171", "XCoord": 1008977, "YCoord": 212594, "ZoneMap": "9d", "ZMCode": null, "Sanborn": "401 069", "TaxMap": "40201", "EDesigNum": null, "APPBBL": 0.0, "APPDate": null, "PLUTOMapID": "1", "FIRM07_FLA": null, "PFIRM15_FL": null, "Version": "25v4", "DCPEdited": null, "Latitude": 40.7501634, "Longitude": -73.9107561, "Notes": null, "Shape_Leng": 0.0, "Shape_Area": 22736.0446434 }, "geometry": { "type": "MultiPolygon", "coordinates": [ [ [ [ -73.910438344049524, 40.750308212747939 ], [ -73.910517449353975, 40.749931268713368 ], [ -73.911069356191234, 40.749995470529797 ], [ -73.910982928701671, 40.750407320411433 ], [ -73.910903853664394, 40.750395937106433 ], [ -73.910798871952181, 40.750379765441004 ], [ -73.910653607361397, 40.750353629830769 ], [ -73.910546893618289, 40.750332034651343 ], [ -73.910438344049524, 40.750308212747939 ] ] ] ] } },
{ "type": "Feature", "properties": { "Borough": "QN", "Block": 119, "Lot": 140, "CD": 402, "BCT2020": "4017101", "BCTCB2020": "40171011001", "CT2010": "171", "CB2010": "1014", "SchoolDist": "30", "Council": 26, "ZipCode": 11104, "FireComp": "L163", "PolicePrct": 108, "HealthCent": 41, "HealthArea": 720, "Sanitboro": "4", "SanitDistr": "02", "SanitSub": "2C", "Address": "50-45 BARNETT AVENUE", "ZoneDist1": "M1-1", "ZoneDist2": null, "ZoneDist3": null, "ZoneDist4": null, "Overlay1": null, "Overlay2": null, "SPDist1": null, "SPDist2": null, "SPDist3": null, "LtdHeight": null, "SplitZone": "N", "BldgClass": "E1", "LandUse": "06", "Easements": 0, "OwnerType": null, "OwnerName": "CLEANERS PRODUCTS SUPPLY, INC.", "LotArea": 9975, "BldgArea": 8700, "ComArea": 8700, "ResArea": 0, "OfficeArea": 0, "RetailArea": 0, "GarageArea": 0, "StrgeArea": 8700, "FactryArea": 0, "OtherArea": 0, "AreaSource": "2", "NumBldgs": 1, "NumFloors": 1.0, "UnitsRes": 0, "UnitsTotal": 1, "LotFront": 66.42, "LotDepth": 150.67, "BldgFront": 58.0, "BldgDepth": 150.0, "Ext": "N", "ProxCode": "0", "IrrLotCode": "N", "LotType": "5", "BsmtCode": "0", "AssessLand": 243900.0, "AssessTot": 414450.0, "ExemptTot": 0.0, "YearBuilt": 1952, "YearAlter1": 0, "YearAlter2": 0, "HistDist": null, "Landmark": null, "BuiltFAR": 0.87, "ResidFAR": 0.0, "CommFAR": 1.0, "FacilFAR": 2.4, "BoroCode": 4, "BBL": 4001190139.9999995, "CondoNo": 0, "Tract2010": "0171", "XCoord": 1008789, "YCoord": 212625, "ZoneMap": "9d", "ZMCode": null, "Sanborn": "401 069", "TaxMap": "40201", "EDesigNum": null, "APPBBL": 0.0, "APPDate": null, "PLUTOMapID": "1", "FIRM07_FLA": null, "PFIRM15_FL": null, "Version": "25v4", "DCPEdited": null, "Latitude": 40.750249, "Longitude": -73.9114345, "Notes": null, "Shape_Leng": 0.0, "Shape_Area": 9652.5531603 }, "geometry": { "type": "MultiPolygon", "coordinates": [ [ [ [ -73.911504246970793, 40.750463778424724 ], [ -73.911399325245455, 40.750455744317563 ], [ -73.911276106376363, 40.75044349157271 ], [ -73.911362955228157, 40.750029622896797 ], [ -73.911589814537834, 40.750056011275362 ], [ -73.911504246970793, 40.750463778424724 ] ] ] ] } },
{ "type": "Feature", "properties": { "Borough": "QN", "Block": 119, "Lot": 143, "CD": 402, "BCT2020": "4017101", "BCTCB2020": "40171011001", "CT2010": "171", "CB2010": "1014", "SchoolDist": "30", "Council": 26, "ZipCode": 11104, "FireComp": "L163", "PolicePrct": 108, "HealthCent": 41, "HealthArea": 720, "Sanitboro": "4", "SanitDistr": "02", "SanitSub": "2C", "Address": "50-25 BARNETT AVENUE", "ZoneDist1": "R6A", "ZoneDist2": null, "ZoneDist3": null, "ZoneDist4": null, "Overlay1": null, "Overlay2": null, "SPDist1": null, "SPDist2": null, "SPDist3": null, "LtdHeight": null, "SplitZone": "N", "BldgClass": "D6", "LandUse": "04", "Easements": 0, "OwnerType": "X", "OwnerName": "50-25 BARNETT HOUSING DEVELOPMENT FUND C ORPORATION", "LotArea": 60000, "BldgArea": 172020, "ComArea": 18081, "ResArea": 153939, "OfficeArea": 5512, "RetailArea": 0, "GarageArea": 12569, "StrgeArea": 0, "FactryArea": 0, "OtherArea": 0, "AreaSource": "2", "NumBldgs": 1, "NumFloors": 7.0, "UnitsRes": 185, "UnitsTotal": 186, "LotFront": 559.42, "LotDepth": 149.42, "BldgFront": 555.0, "BldgDepth": 144.0, "Ext": "N", "ProxCode": "1", "IrrLotCode": "Y", "LotType": "5", "BsmtCode": "0", "AssessLand": 765000.0, "AssessTot": 9138150.0, "ExemptTot": 9138150.0, "YearBuilt": 2024, "YearAlter1": 2022, "YearAlter2": 2023, "HistDist": null, "Landmark": null, "BuiltFAR": 2.87, "ResidFAR": 3.0, "CommFAR": 0.0, "FacilFAR": 3.0, "BoroCode": 4, "BBL": 4001190143.0, "CondoNo": 0, "Tract2010": "0171", "XCoord": 1008518, "YCoord": 212650, "ZoneMap": "9b", "ZMCode": "Y", "Sanborn": "401 069", "TaxMap": "40201", "EDesigNum": "E-573", "APPBBL": 0.0, "APPDate": null, "PLUTOMapID": "1", "FIRM07_FLA": null, "PFIRM15_FL": null, "Version": "25v4", "DCPEdited": null, "Latitude": 40.7503183, "Longitude": -73.9124125, "Notes": null, "Shape_Leng": 0.0, "Shape_Area": 63169.888819200001 }, "geometry": { "type": "MultiPolygon", "coordinates": [ [ [ [ -73.912020067448736, 40.750493944902068 ], [ -73.911951350193291, 40.750491933747327 ], [ -73.911830709112309, 40.750487636816082 ], [ -73.911620530180542, 40.750472682029311 ], [ -73.911504246970793, 40.750463778424724 ], [ -73.911589814537834, 40.750056011275362 ], [ -73.913565670658528, 40.750285826169453 ], [ -73.913527640365245, 40.75045933090221 ], [ -73.912474503127513, 40.750489704439758 ], [ -73.912020067448736, 40.750493944902068 ] ] ] ] } },
{ "type": "Feature", "properties": { "Borough": "QN", "Block": 119, "Lot": 150, "CD": 402, "BCT2020": "4017101", "BCTCB2020": "40171011001", "CT2010": "171", "CB2010": "1014", "SchoolDist": "30", "Council": 26, "ZipCode": 11104, "FireComp": "L163", "PolicePrct": 108, "HealthCent": 41, "HealthArea": 720, "Sanitboro": "4", "SanitDistr": "02", "SanitSub": "2D", "Address": "49-39 BARNETT AVENUE", "ZoneDist1": "M1-1", "ZoneDist2": null, "ZoneDist3": null, "ZoneDist4": null, "Overlay1": null, "Overlay2": null, "SPDist1": null, "SPDist2": null, "SPDist3": null, "LtdHeight": null, "SplitZone": "N", "BldgClass": "Z9", "LandUse": null, "Easements": 0, "OwnerType": null, "OwnerName": "SOLARIS HOLDING GROUP LLC", "LotArea": 10450, "BldgArea": 0, "ComArea": 0, "ResArea": 0, "OfficeArea": 0, "RetailArea": 0, "GarageArea": 0, "StrgeArea": 0, "FactryArea": 0, "OtherArea": 0, "AreaSource": "7", "NumBldgs": 1, "NumFloors": 0.0, "UnitsRes": 0, "UnitsTotal": 0, "LotFront": 188.5, "LotDepth": 63.34, "BldgFront": 0.0, "BldgDepth": 0.0, "Ext": null, "ProxCode": "0", "IrrLotCode": "Y", "LotType": "5", "BsmtCode": "5", "AssessLand": 168750.0, "AssessTot": 181800.0, "ExemptTot": 0.0, "YearBuilt": 0, "YearAlter1": 0, "YearAlter2": 0, "HistDist": null, "Landmark": null, "BuiltFAR": 0.0, "ResidFAR": 0.0, "CommFAR": 1.0, "FacilFAR": 2.4, "BoroCode": 4, "BBL": 4001190149.9999995, "CondoNo": 0, "Tract2010": "0171", "XCoord": 1008110, "YCoord": 212661, "ZoneMap": "9b", "ZMCode": null, "Sanborn": "401 069", "TaxMap": "40201", "EDesigNum": null, "APPBBL": 4001190158.0, "APPDate": "12/10/2001", "PLUTOMapID": "1", "FIRM07_FLA": null, "PFIRM15_FL": null, "Version": "25v4", "DCPEdited": null, "Latitude": 40.7503496, "Longitude": -73.913885, "Notes": null, "Shape_Leng": 0.0, "Shape_Area": 10428.858041900001 }, "geometry": { "type": "MultiPolygon", "coordinates": [ [ [ [ -73.913547326395729, 40.750457383449124 ], [ -73.913527640365245, 40.75045933090221 ], [ -73.913565670658528, 40.750285826169453 ], [ -73.91359014488134, 40.750288672109583 ], [ -73.914246592056614, 40.750261795222983 ], [ -73.914254708503307, 40.750387416752105 ], [ -73.91408521464119, 40.750404181942606 ], [ -73.913547326395729, 40.750457383449124 ] ] ] ] } },
{ "type": "Feature", "properties": { "Borough": "QN", "Block": 142, "Lot": 5, "CD": 402, "BCT2020": "4017101", "BCTCB2020": "40171011003", "CT2010": "171", "CB2010": "1016", "SchoolDist": "30", "Council": 26, "ZipCode": 11101, "FireComp": "L163", "PolicePrct": 108, "HealthCent": 41, "HealthArea": 720, "Sanitboro": "4", "SanitDistr": "02", "SanitSub": "2D", "Address": "43 STREET", "ZoneDist1": "M1-1", "ZoneDist2": null, "ZoneDist3": null, "ZoneDist4": null, "Overlay1": null, "Overlay2": null, "SPDist1": null, "SPDist2": null, "SPDist3": null, "LtdHeight": null, "SplitZone": "N", "BldgClass": "U7", "LandUse": "07", "Easements": 0, "OwnerType": "X", "OwnerName": "MTA - LIRR", "LotArea": 284341, "BldgArea": 0, "ComArea": 0, "ResArea": 0, "OfficeArea": 0, "RetailArea": 0, "GarageArea": 0, "StrgeArea": 0, "FactryArea": 0, "OtherArea": 0, "AreaSource": "7", "NumBldgs": 0, "NumFloors": 0.0, "UnitsRes": 0, "UnitsTotal": 0, "LotFront": 236.5, "LotDepth": 1321.5, "BldgFront": 0.0, "BldgDepth": 0.0, "Ext": "N", "ProxCode": "0", "IrrLotCode": "N", "LotType": "5", "BsmtCode": "0", "AssessLand": 0.0, "AssessTot": 0.0, "ExemptTot": 0.0, "YearBuilt": 0, "YearAlter1": 0, "YearAlter2": 0, "HistDist": null, "Landmark": null, "BuiltFAR": 0.0, "ResidFAR": 0.0, "CommFAR": 1.0, "FacilFAR": 2.4, "BoroCode": 4, "BBL": 4001420005.0000005, "CondoNo": 0, "Tract2010": "0171", "XCoord": 1007039, "YCoord": 212593, "ZoneMap": "9b", "ZMCode": null, "Sanborn": "401 067", "TaxMap": "40201", "EDesigNum": null, "APPBBL": 0.0, "APPDate": null, "PLUTOMapID": "1", "FIRM07_FLA": null, "PFIRM15_FL": null, "Version": "25v4", "DCPEdited": "t", "Latitude": 40.7501658, "Longitude": -73.9177507, "Notes": null, "Shape_Leng": 0.0, "Shape_Area": 284340.55881399999 }, "geometry": { "type": "MultiPolygon", "coordinates": [ [ [ [ -73.915505211848199, 40.75024972161642 ], [ -73.916036589673169, 40.750170606751901 ], [ -73.916340735209914, 40.750124660222752 ], [ -73.916655235998462, 40.750075355244682 ], [ -73.920148460316923, 40.749417382388067 ], [ -73.92002557199622, 40.750041555109924 ], [ -73.916889939845177, 40.750632172323783 ], [ -73.916888749606116, 40.750632396594376 ], [ -73.916504770359268, 40.750704714746853 ], [ -73.916116493209884, 40.750777841577971 ], [ -73.915381436840306, 40.750916274017818 ], [ -73.915505211848199, 40.75024972161642 ] ] ] ] } },
{ "type": "Feature", "properties": { "Borough": "QN", "Block": 142, "Lot": 227, "CD": 402, "BCT2020": "4017101", "BCTCB2020": "40171011003", "CT2010": "171", "CB2010": "1015", "SchoolDist": "30", "Council": 26, "ZipCode": 11104, "FireComp": "L163", "PolicePrct": 108, "HealthCent": 41, "HealthArea": 720, "Sanitboro": "4", "SanitDistr": "02", "SanitSub": "2D", "Address": "47-15 BARNETT AVENUE", "ZoneDist1": "M1-1", "ZoneDist2": null, "ZoneDist3": null, "ZoneDist4": null, "Overlay1": null, "Overlay2": null, "SPDist1": null, "SPDist2": null, "SPDist3": null, "LtdHeight": null, "SplitZone": "N", "BldgClass": "F5", "LandUse": "06", "Easements": 0, "OwnerType": null, "OwnerName": "KONSTANTINOS ALAFOYIANNIS LIVING TRUST", "LotArea": 3800, "BldgArea": 4300, "ComArea": 4300, "ResArea": 0, "OfficeArea": 500, "RetailArea": 0, "GarageArea": 0, "StrgeArea": 0, "FactryArea": 3800, "OtherArea": 0, "AreaSource": "2", "NumBldgs": 1, "NumFloors": 1.0, "UnitsRes": 0, "UnitsTotal": 2, "LotFront": 133.0, "LotDepth": 30.0, "BldgFront": 133.0, "BldgDepth": 30.0, "Ext": "N", "ProxCode": "2", "IrrLotCode": "Y", "LotType": "5", "BsmtCode": "0", "AssessLand": 92250.0, "AssessTot": 342000.0, "ExemptTot": 0.0, "YearBuilt": 1961, "YearAlter1": 2007, "YearAlter2": 0, "HistDist": null, "Landmark": null, "BuiltFAR": 1.13, "ResidFAR": 0.0, "CommFAR": 1.0, "FacilFAR": 2.4, "BoroCode": 4, "BBL": 4001420227.0, "CondoNo": 0, "Tract2010": "0171", "XCoord": 1007585, "YCoord": 212594, "ZoneMap": "9b", "ZMCode": null, "Sanborn": "401 069", "TaxMap": "40201", "EDesigNum": null, "APPBBL": 0.0, "APPDate": null, "PLUTOMapID": "1", "FIRM07_FLA": null, "PFIRM15_FL": null, "Version": "25v4", "DCPEdited": null, "Latitude": 40.7501671, "Longitude": -73.9157801, "Notes": null, "Shape_Leng": 0.0, "Shape_Area": 4239.0808348 }, "geometry": { "type": "MultiPolygon", "coordinates": [ [ [ [ -73.916007107987909, 40.750083129704471 ], [ -73.916036589673169, 40.750170606751901 ], [ -73.915505211848199, 40.75024972161642 ], [ -73.915519081291578, 40.750175041839626 ], [ -73.916007107987909, 40.750083129704471 ] ] ] ] } },
{ "type": "Feature", "properties": { "Borough": "QN", "Block": 142, "Lot": 233, "CD": 402, "BCT2020": "4017101", "BCTCB2020": "40171011003", "CT2010": "171", "CB2010": "1015", "SchoolDist": "30", "Council": 26, "ZipCode": 11104, "FireComp": "L163", "PolicePrct": 108, "HealthCent": 41, "HealthArea": 720, "Sanitboro": "4", "SanitDistr": "02", "SanitSub": "2D", "Address": "47-07 BARNETT AVENUE", "ZoneDist1": "M1-1", "ZoneDist2": null, "ZoneDist3": null, "ZoneDist4": null, "Overlay1": null, "Overlay2": null, "SPDist1": null, "SPDist2": null, "SPDist3": null, "LtdHeight": null, "SplitZone": "N", "BldgClass": "F4", "LandUse": "06", "Easements": 0, "OwnerType": null, "OwnerName": "CREDIT SHELTER TRUST UWO JOHN ARISTIPPO", "LotArea": 2785, "BldgArea": 2785, "ComArea": 2785, "ResArea": 0, "OfficeArea": 0, "RetailArea": 0, "GarageArea": 0, "StrgeArea": 0, "FactryArea": 2785, "OtherArea": 0, "AreaSource": "2", "NumBldgs": 1, "NumFloors": 1.0, "UnitsRes": 0, "UnitsTotal": 1, "LotFront": 86.0, "LotDepth": 34.0, "BldgFront": 86.0, "BldgDepth": 34.0, "Ext": "N", "ProxCode": "0", "IrrLotCode": "Y", "LotType": "5", "BsmtCode": "0", "AssessLand": 67500.0, "AssessTot": 184500.0, "ExemptTot": 0.0, "YearBuilt": 1961, "YearAlter1": 0, "YearAlter2": 0, "HistDist": null, "Landmark": null, "BuiltFAR": 1.0, "ResidFAR": 0.0, "CommFAR": 1.0, "FacilFAR": 2.4, "BoroCode": 4, "BBL": 4001420233.0, "CondoNo": 0, "Tract2010": "0171", "XCoord": 1007475, "YCoord": 212569, "ZoneMap": "9b", "ZMCode": null, "Sanborn": "401 069", "TaxMap": "40201", "EDesigNum": null, "APPBBL": 0.0, "APPDate": null, "PLUTOMapID": "1", "FIRM07_FLA": null, "PFIRM15_FL": null, "Version": "25v4", "DCPEdited": null, "Latitude": 40.7500988, "Longitude": -73.9161771, "Notes": null, "Shape_Leng": 0.0, "Shape_Area": 2989.977124 }, "geometry": { "type": "MultiPolygon", "coordinates": [ [ [ [ -73.916340735209914, 40.750124660222752 ], [ -73.916036589673169, 40.750170606751901 ], [ -73.916007107987909, 40.750083129704471 ], [ -73.916306813025216, 40.750026684589905 ], [ -73.916340735209914, 40.750124660222752 ] ] ] ] } },
{ "type": "Feature", "properties": { "Borough": "QN", "Block": 142, "Lot": 238, "CD": 402, "BCT2020": "4017101", "BCTCB2020": "40171011003", "CT2010": "171", "CB2010": "1015", "SchoolDist": "30", "Council": 26, "ZipCode": 11104, "FireComp": "L163", "PolicePrct": 108, "HealthCent": 41, "HealthArea": 720, "Sanitboro": "4", "SanitDistr": "02", "SanitSub": "2D", "Address": "47-01 BARNETT AVENUE", "ZoneDist1": "M1-1", "ZoneDist2": null, "ZoneDist3": null, "ZoneDist4": null, "Overlay1": null, "Overlay2": null, "SPDist1": null, "SPDist2": null, "SPDist3": null, "LtdHeight": null, "SplitZone": "N", "BldgClass": "K9", "LandUse": "05", "Easements": 0, "OwnerType": null, "OwnerName": "47-01 LASAL ASSOCIATES INC", "LotArea": 3425, "BldgArea": 3234, "ComArea": 3234, "ResArea": 0, "OfficeArea": 0, "RetailArea": 3234, "GarageArea": 0, "StrgeArea": 0, "FactryArea": 0, "OtherArea": 0, "AreaSource": "2", "NumBldgs": 1, "NumFloors": 1.0, "UnitsRes": 0, "UnitsTotal": 1, "LotFront": 88.0, "LotDepth": 38.92, "BldgFront": 88.0, "BldgDepth": 38.0, "Ext": "N", "ProxCode": "0", "IrrLotCode": "Y", "LotType": "5", "BsmtCode": "0", "AssessLand": 76950.0, "AssessTot": 172350.0, "ExemptTot": 0.0, "YearBuilt": 1931, "YearAlter1": 0, "YearAlter2": 0, "HistDist": null, "Landmark": null, "BuiltFAR": 0.94, "ResidFAR": 0.0, "CommFAR": 1.0, "FacilFAR": 2.4, "BoroCode": 4, "BBL": 4001420238.0, "CondoNo": 0, "Tract2010": "0171", "XCoord": 1007390, "YCoord": 212550, "ZoneMap": "9b", "ZMCode": null, "Sanborn": "401 067", "TaxMap": "40201", "EDesigNum": null, "APPBBL": 0.0, "APPDate": null, "PLUTOMapID": "1", "FIRM07_FLA": null, "PFIRM15_FL": null, "Version": "25v4", "DCPEdited": null, "Latitude": 40.7500469, "Longitude": -73.916484, "Notes": null, "Shape_Leng": 0.0, "Shape_Area": 3435.3463413999998 }, "geometry": { "type": "MultiPolygon", "coordinates": [ [ [ [ -73.916306813025216, 40.750026684589905 ], [ -73.916618088900009, 40.749968058971227 ], [ -73.916653771819924, 40.750071120889878 ], [ -73.916655235998462, 40.750075355244682 ], [ -73.916340735209914, 40.750124660222752 ], [ -73.916306813025216, 40.750026684589905 ] ] ] ] } },
{ "type": "Feature", "properties": { "Borough": "QN", "Block": 142, "Lot": 242, "CD": 402, "BCT2020": "4017101", "BCTCB2020": "40171011003", "CT2010": "171", "CB2010": "1015", "SchoolDist": "30", "Council": 26, "ZipCode": 11104, "FireComp": "L163", "PolicePrct": 108, "HealthCent": 41, "HealthArea": 720, "Sanitboro": "4", "SanitDistr": "02", "SanitSub": "2D", "Address": "4515 BARNETT AVENUE", "ZoneDist1": "M1-1", "ZoneDist2": null, "ZoneDist3": null, "ZoneDist4": null, "Overlay1": null, "Overlay2": null, "SPDist1": null, "SPDist2": null, "SPDist3": null, "LtdHeight": null, "SplitZone": "N", "BldgClass": "F9", "LandUse": "06", "Easements": 0, "OwnerType": null, "OwnerName": "SVA HOLDINGS LLC", "LotArea": 16500, "BldgArea": 10540, "ComArea": 10540, "ResArea": 0, "OfficeArea": 800, "RetailArea": 0, "GarageArea": 0, "StrgeArea": 2300, "FactryArea": 7440, "OtherArea": 0, "AreaSource": "2", "NumBldgs": 1, "NumFloors": 1.0, "UnitsRes": 0, "UnitsTotal": 1, "LotFront": 448.42, "LotDepth": 37.0, "BldgFront": 290.0, "BldgDepth": 36.0, "Ext": "N", "ProxCode": "0", "IrrLotCode": "Y", "LotType": "5", "BsmtCode": "0", "AssessLand": 371250.0, "AssessTot": 724500.0, "ExemptTot": 54630.0, "YearBuilt": 1962, "YearAlter1": 0, "YearAlter2": 0, "HistDist": null, "Landmark": null, "BuiltFAR": 0.64, "ResidFAR": 0.0, "CommFAR": 1.0, "FacilFAR": 2.4, "BoroCode": 4, "BBL": 4001420242.0, "CondoNo": 0, "Tract2010": "0171", "XCoord": 1007131, "YCoord": 212486, "ZoneMap": "9b", "ZMCode": null, "Sanborn": "401 067", "TaxMap": "40201", "EDesigNum": null, "APPBBL": 0.0, "APPDate": null, "PLUTOMapID": "1", "FIRM07_FLA": null, "PFIRM15_FL": null, "Version": "25v4", "DCPEdited": null, "Latitude": 40.7498719, "Longitude": -73.917419, "Notes": null, "Shape_Leng": 0.0, "Shape_Area": 17285.490614300001 }, "geometry": { "type": "MultiPolygon", "coordinates": [ [ [ [ -73.916653771819924, 40.750071120889878 ], [ -73.916618088900009, 40.749968058971227 ], [ -73.918177844186388, 40.749674283629638 ], [ -73.918213529257713, 40.749777343908804 ], [ -73.916653771819924, 40.750071120889878 ] ] ] ] } },
{ "type": "Feature", "properties": { "Borough": "QN", "Block": 142, "Lot": 262, "CD": 402, "BCT2020": "4017101", "BCTCB2020": "40171011003", "CT2010": "171", "CB2010": "1015", "SchoolDist": "30", "Council": 26, "ZipCode": 11104, "FireComp": "L163", "PolicePrct": 108, "HealthCent": 41, "HealthArea": 720, "Sanitboro": "4", "SanitDistr": "02", "SanitSub": "2D", "Address": "44-25 BARNETT AVENUE", "ZoneDist1": "M1-1", "ZoneDist2": null, "ZoneDist3": null, "ZoneDist4": null, "Overlay1": null, "Overlay2": null, "SPDist1": null, "SPDist2": null, "SPDist3": null, "LtdHeight": null, "SplitZone": "N", "BldgClass": "G1", "LandUse": "10", "Easements": 0, "OwnerType": null, "OwnerName": "DISALVO, JOHN", "LotArea": 2916, "BldgArea": 2916, "ComArea": 2916, "ResArea": 0, "OfficeArea": 0, "RetailArea": 0, "GarageArea": 1620, "StrgeArea": 0, "FactryArea": 1296, "OtherArea": 0, "AreaSource": "2", "NumBldgs": 1, "NumFloors": 1.0, "UnitsRes": 0, "UnitsTotal": 2, "LotFront": 81.0, "LotDepth": 36.0, "BldgFront": 45.0, "BldgDepth": 36.0, "Ext": "E", "ProxCode": "0", "IrrLotCode": "N", "LotType": "5", "BsmtCode": "0", "AssessLand": 52650.0, "AssessTot": 124650.0, "ExemptTot": 0.0, "YearBuilt": 1931, "YearAlter1": 0, "YearAlter2": 0, "HistDist": null, "Landmark": null, "BuiltFAR": 1.0, "ResidFAR": 0.0, "CommFAR": 1.0, "FacilFAR": 2.4, "BoroCode": 4, "BBL": 4001420261.9999995, "CondoNo": 0, "Tract2010": "0171", "XCoord": 1006875, "YCoord": 212422, "ZoneMap": "9b", "ZMCode": null, "Sanborn": "401 067", "TaxMap": "40201", "EDesigNum": null, "APPBBL": 0.0, "APPDate": null, "PLUTOMapID": "1", "FIRM07_FLA": null, "PFIRM15_FL": null, "Version": "25v4", "DCPEdited": null, "Latitude": 40.7496969, "Longitude": -73.9183431, "Notes": null, "Shape_Leng": 0.0, "Shape_Area": 3240.4054499 }, "geometry": { "type": "MultiPolygon", "coordinates": [ [ [ [ -73.918177844186388, 40.749674283629638 ], [ -73.918470241597703, 40.749619208431703 ], [ -73.918505927091687, 40.749722268622193 ], [ -73.918213529257713, 40.749777343908804 ], [ -73.918177844186388, 40.749674283629638 ] ] ] ] } },
{ "type": "Feature", "properties": { "Borough": "QN", "Block": 142, "Lot": 270, "CD": 402, "BCT2020": "4017101", "BCTCB2020": "40171011003", "CT2010": "171", "CB2010": "1015", "SchoolDist": "30", "Council": 26, "ZipCode": 11104, "FireComp": "L163", "PolicePrct": 108, "HealthCent": 41, "HealthArea": 720, "Sanitboro": "4", "SanitDistr": "02", "SanitSub": "2E", "Address": "44-11 BARNETT AVENUE", "ZoneDist1": "M1-1", "ZoneDist2": null, "ZoneDist3": null, "ZoneDist4": null, "Overlay1": null, "Overlay2": null, "SPDist1": null, "SPDist2": null, "SPDist3": null, "LtdHeight": null, "SplitZone": "N", "BldgClass": "G0", "LandUse": "10", "Easements": 0, "OwnerType": null, "OwnerName": "JOHN T JOYCE", "LotArea": 720, "BldgArea": 0, "ComArea": 0, "ResArea": 0, "OfficeArea": 0, "RetailArea": 0, "GarageArea": 0, "StrgeArea": 0, "FactryArea": 0, "OtherArea": 0, "AreaSource": "7", "NumBldgs": 1, "NumFloors": 1.0, "UnitsRes": 0, "UnitsTotal": 0, "LotFront": 20.0, "LotDepth": 36.0, "BldgFront": 19.5, "BldgDepth": 25.0, "Ext": "N", "ProxCode": "0", "IrrLotCode": "Y", "LotType": "5", "BsmtCode": "5", "AssessLand": 4200.0, "AssessTot": 10200.0, "ExemptTot": 0.0, "YearBuilt": 1950, "YearAlter1": 0, "YearAlter2": 0, "HistDist": null, "Landmark": null, "BuiltFAR": 0.0, "ResidFAR": 0.0, "CommFAR": 1.0, "FacilFAR": 2.4, "BoroCode": 4, "BBL": 4001420270.0, "CondoNo": 0, "Tract2010": "0171", "XCoord": 1006742, "YCoord": 212389, "ZoneMap": "9b", "ZMCode": null, "Sanborn": "401 067", "TaxMap": "40201", "EDesigNum": null, "APPBBL": 0.0, "APPDate": null, "PLUTOMapID": "1", "FIRM07_FLA": null, "PFIRM15_FL": null, "Version": "25v4", "DCPEdited": null, "Latitude": 40.7496067, "Longitude": -73.9188233, "Notes": null, "Shape_Leng": 0.0, "Shape_Area": 752.2856417 }, "geometry": { "type": "MultiPolygon", "coordinates": [ [ [ [ -73.91876787328782, 40.749563146491511 ], [ -73.918835755288455, 40.749550360391368 ], [ -73.918871442627903, 40.74965342139042 ], [ -73.918803560531998, 40.749666206591392 ], [ -73.91876787328782, 40.749563146491511 ] ] ] ] } },
{ "type": "Feature", "properties": { "Borough": "QN", "Block": 142, "Lot": 271, "CD": 402, "BCT2020": "4017101", "BCTCB2020": "40171011003", "CT2010": "171", "CB2010": "1015", "SchoolDist": "30", "Council": 26, "ZipCode": 11104, "FireComp": "L163", "PolicePrct": 108, "HealthCent": 41, "HealthArea": 720, "Sanitboro": "4", "SanitDistr": "02", "SanitSub": "2E", "Address": "44-09 BARNETT AVENUE", "ZoneDist1": "M1-1", "ZoneDist2": null, "ZoneDist3": null, "ZoneDist4": null, "Overlay1": null, "Overlay2": null, "SPDist1": null, "SPDist2": null, "SPDist3": null, "LtdHeight": null, "SplitZone": "N", "BldgClass": "G0", "LandUse": "10", "Easements": 0, "OwnerType": null, "OwnerName": "VICTOR CHU", "LotArea": 720, "BldgArea": 0, "ComArea": 0, "ResArea": 0, "OfficeArea": 0, "RetailArea": 0, "GarageArea": 0, "StrgeArea": 0, "FactryArea": 0, "OtherArea": 0, "AreaSource": "7", "NumBldgs": 1, "NumFloors": 1.0, "UnitsRes": 0, "UnitsTotal": 0, "LotFront": 19.5, "LotDepth": 36.0, "BldgFront": 20.0, "BldgDepth": 25.0, "Ext": "N", "ProxCode": "0", "IrrLotCode": "Y", "LotType": "5", "BsmtCode": "5", "AssessLand": 4200.0, "AssessTot": 10200.0, "ExemptTot": 0.0, "YearBuilt": 0, "YearAlter1": 0, "YearAlter2": 0, "HistDist": null, "Landmark": null, "BuiltFAR": 0.0, "ResidFAR": 0.0, "CommFAR": 1.0, "FacilFAR": 2.4, "BoroCode": 4, "BBL": 4001420271.0000005, "CondoNo": 0, "Tract2010": "0171", "XCoord": 1006723, "YCoord": 212385, "ZoneMap": "9b", "ZMCode": null, "Sanborn": "401 067", "TaxMap": "40201", "EDesigNum": null, "APPBBL": 0.0, "APPDate": null, "PLUTOMapID": "1", "FIRM07_FLA": null, "PFIRM15_FL": null, "Version": "25v4", "DCPEdited": null, "Latitude": 40.7495957, "Longitude": -73.9188919, "Notes": null, "Shape_Leng": 0.0, "Shape_Area": 773.8078183 }, "geometry": { "type": "MultiPolygon", "coordinates": [ [ [ [ -73.918835755288455, 40.749550360391368 ], [ -73.918905578552142, 40.749537207349675 ], [ -73.918941265884115, 40.749640268325855 ], [ -73.918871442627903, 40.74965342139042 ], [ -73.918835755288455, 40.749550360391368 ] ] ] ] } },
{ "type": "Feature", "properties": { "Borough": "QN", "Block": 142, "Lot": 273, "CD": 402, "BCT2020": "4017101", "BCTCB2020": "40171011003", "CT2010": "171", "CB2010": "1015", "SchoolDist": "30", "Council": 26, "ZipCode": 11104, "FireComp": "L163", "PolicePrct": 108, "HealthCent": 41, "HealthArea": 720, "Sanitboro": "4", "SanitDistr": "02", "SanitSub": "2E", "Address": "44-05 BARNETT AVENUE", "ZoneDist1": "M1-1", "ZoneDist2": null, "ZoneDist3": null, "ZoneDist4": null, "Overlay1": null, "Overlay2": null, "SPDist1": null, "SPDist2": null, "SPDist3": null, "LtdHeight": null, "SplitZone": "N", "BldgClass": "G0", "LandUse": "10", "Easements": 0, "OwnerType": null, "OwnerName": "TURCZYN FAMILY TRUST", "LotArea": 720, "BldgArea": 0, "ComArea": 0, "ResArea": 0, "OfficeArea": 0, "RetailArea": 0, "GarageArea": 0, "StrgeArea": 0, "FactryArea": 0, "OtherArea": 0, "AreaSource": "7", "NumBldgs": 1, "NumFloors": 1.0, "UnitsRes": 0, "UnitsTotal": 0, "LotFront": 19.5, "LotDepth": 35.0, "BldgFront": 19.5, "BldgDepth": 25.0, "Ext": "N", "ProxCode": "0", "IrrLotCode": "Y", "LotType": "5", "BsmtCode": "5", "AssessLand": 4200.0, "AssessTot": 10200.0, "ExemptTot": 0.0, "YearBuilt": 1950, "YearAlter1": 0, "YearAlter2": 0, "HistDist": null, "Landmark": null, "BuiltFAR": 0.0, "ResidFAR": 0.0, "CommFAR": 1.0, "FacilFAR": 2.4, "BoroCode": 4, "BBL": 4001420272.9999995, "CondoNo": 0, "Tract2010": "0171", "XCoord": 1006685, "YCoord": 212375, "ZoneMap": "9b", "ZMCode": null, "Sanborn": "401 067", "TaxMap": "40201", "EDesigNum": null, "APPBBL": 0.0, "APPDate": null, "PLUTOMapID": "1", "FIRM07_FLA": null, "PFIRM15_FL": null, "Version": "25v4", "DCPEdited": null, "Latitude": 40.7495684, "Longitude": -73.919029, "Notes": null, "Shape_Leng": 0.0, "Shape_Area": 755.8307863 }, "geometry": { "type": "MultiPolygon", "coordinates": [ [ [ [ -73.919077656467735, 40.749614577525406 ], [ -73.919009454698298, 40.749627423777568 ], [ -73.918973768366243, 40.749524363827 ], [ -73.919041970040055, 40.749511516590658 ], [ -73.919077656467735, 40.749614577525406 ] ] ] ] } },
{ "type": "Feature", "properties": { "Borough": "QN", "Block": 142, "Lot": 274, "CD": 402, "BCT2020": "4017101", "BCTCB2020": "40171011003", "CT2010": "171", "CB2010": "1015", "SchoolDist": "30", "Council": 26, "ZipCode": 11104, "FireComp": "L163", "PolicePrct": 108, "HealthCent": 41, "HealthArea": 720, "Sanitboro": "4", "SanitDistr": "02", "SanitSub": "2E", "Address": "44-03 BARNETT AVENUE", "ZoneDist1": "M1-1", "ZoneDist2": null, "ZoneDist3": null, "ZoneDist4": null, "Overlay1": null, "Overlay2": null, "SPDist1": null, "SPDist2": null, "SPDist3": null, "LtdHeight": null, "SplitZone": "N", "BldgClass": "G0", "LandUse": "10", "Easements": 0, "OwnerType": null, "OwnerName": "DELLER LISA", "LotArea": 684, "BldgArea": 0, "ComArea": 0, "ResArea": 0, "OfficeArea": 0, "RetailArea": 0, "GarageArea": 0, "StrgeArea": 0, "FactryArea": 0, "OtherArea": 0, "AreaSource": "7", "NumBldgs": 1, "NumFloors": 1.0, "UnitsRes": 0, "UnitsTotal": 0, "LotFront": 19.5, "LotDepth": 35.0, "BldgFront": 19.5, "BldgDepth": 25.0, "Ext": "N", "ProxCode": "0", "IrrLotCode": "Y", "LotType": "5", "BsmtCode": "5", "AssessLand": 4200.0, "AssessTot": 10800.0, "ExemptTot": 0.0, "YearBuilt": 1950, "YearAlter1": 0, "YearAlter2": 0, "HistDist": null, "Landmark": null, "BuiltFAR": 0.0, "ResidFAR": 0.0, "CommFAR": 1.0, "FacilFAR": 2.4, "BoroCode": 4, "BBL": 4001420274.0, "CondoNo": 0, "Tract2010": "0171", "XCoord": 1006666, "YCoord": 212370, "ZoneMap": "9b", "ZMCode": null, "Sanborn": "401 067", "TaxMap": "40201", "EDesigNum": null, "APPBBL": 0.0, "APPDate": null, "PLUTOMapID": "1", "FIRM07_FLA": null, "PFIRM15_FL": null, "Version": "25v4", "DCPEdited": null, "Latitude": 40.7495547, "Longitude": -73.9190976, "Notes": null, "Shape_Leng": 0.0, "Shape_Area": 784.375421 }, "geometry": { "type": "MultiPolygon", "coordinates": [ [ [ [ -73.919041970040055, 40.749511516590658 ], [ -73.919112746533983, 40.749498184894058 ], [ -73.919148434275542, 40.749601245807881 ], [ -73.919077656467735, 40.749614577525406 ], [ -73.919041970040055, 40.749511516590658 ] ] ] ] } },
{ "type": "Feature", "properties": { "Borough": "QN", "Block": 142, "Lot": 275, "CD": 402, "BCT2020": "4017101", "BCTCB2020": "40171011003", "CT2010": "171", "CB2010": "1015", "SchoolDist": "30", "Council": 26, "ZipCode": 11104, "FireComp": "L163", "PolicePrct": 108, "HealthCent": 41, "HealthArea": 720, "Sanitboro": "4", "SanitDistr": "02", "SanitSub": "2E", "Address": "44-01 BARNETT AVENUE", "ZoneDist1": "M1-1", "ZoneDist2": null, "ZoneDist3": null, "ZoneDist4": null, "Overlay1": null, "Overlay2": null, "SPDist1": null, "SPDist2": null, "SPDist3": null, "LtdHeight": null, "SplitZone": "N", "BldgClass": "G0", "LandUse": "10", "Easements": 0, "OwnerType": null, "OwnerName": "KERRY A. RAWALD, AS TRUSTEE", "LotArea": 720, "BldgArea": 0, "ComArea": 0, "ResArea": 0, "OfficeArea": 0, "RetailArea": 0, "GarageArea": 0, "StrgeArea": 0, "FactryArea": 0, "OtherArea": 0, "AreaSource": "7", "NumBldgs": 1, "NumFloors": 1.0, "UnitsRes": 0, "UnitsTotal": 0, "LotFront": 19.5, "LotDepth": 35.0, "BldgFront": 19.5, "BldgDepth": 25.0, "Ext": "N", "ProxCode": "0", "IrrLotCode": "Y", "LotType": "5", "BsmtCode": "5", "AssessLand": 4200.0, "AssessTot": 10260.0, "ExemptTot": 0.0, "YearBuilt": 1950, "YearAlter1": 0, "YearAlter2": 0, "HistDist": null, "Landmark": null, "BuiltFAR": 0.0, "ResidFAR": 0.0, "CommFAR": 1.0, "FacilFAR": 2.4, "BoroCode": 4, "BBL": 4001420275.0, "CondoNo": 0, "Tract2010": "0171", "XCoord": 1006647, "YCoord": 212366, "ZoneMap": "9b", "ZMCode": null, "Sanborn": "401 067", "TaxMap": "40201", "EDesigNum": null, "APPBBL": 0.0, "APPDate": null, "PLUTOMapID": "1", "FIRM07_FLA": null, "PFIRM15_FL": null, "Version": "25v4", "DCPEdited": null, "Latitude": 40.7495438, "Longitude": -73.9191662, "Notes": null, "Shape_Leng": 0.0, "Shape_Area": 732.9033225 }, "geometry": { "type": "MultiPolygon", "coordinates": [ [ [ [ -73.91921456574741, 40.74958878871054 ], [ -73.919148434275542, 40.749601245807881 ], [ -73.919112746533983, 40.749498184894058 ], [ -73.919178880331572, 40.749485727902538 ], [ -73.91921456574741, 40.74958878871054 ] ] ] ] } },
{ "type": "Feature", "properties": { "Borough": "QN", "Block": 142, "Lot": 276, "CD": 402, "BCT2020": "4017101", "BCTCB2020": "40171011003", "CT2010": "171", "CB2010": "1015", "SchoolDist": "30", "Council": 26, "ZipCode": 11104, "FireComp": "L163", "PolicePrct": 108, "HealthCent": 41, "HealthArea": 720, "Sanitboro": "4", "SanitDistr": "02", "SanitSub": "2E", "Address": "43-31 BARNETT AVENUE", "ZoneDist1": "M1-1", "ZoneDist2": null, "ZoneDist3": null, "ZoneDist4": null, "Overlay1": null, "Overlay2": null, "SPDist1": null, "SPDist2": null, "SPDist3": null, "LtdHeight": null, "SplitZone": "N", "BldgClass": "G0", "LandUse": "10", "Easements": 0, "OwnerType": null, "OwnerName": "CHEN, KENNETH CHIUNG-KAN", "LotArea": 720, "BldgArea": 0, "ComArea": 0, "ResArea": 0, "OfficeArea": 0, "RetailArea": 0, "GarageArea": 0, "StrgeArea": 0, "FactryArea": 0, "OtherArea": 0, "AreaSource": "7", "NumBldgs": 1, "NumFloors": 1.0, "UnitsRes": 0, "UnitsTotal": 0, "LotFront": 19.5, "LotDepth": 35.0, "BldgFront": 19.5, "BldgDepth": 25.0, "Ext": "N", "ProxCode": "0", "IrrLotCode": "Y", "LotType": "5", "BsmtCode": "5", "AssessLand": 4200.0, "AssessTot": 10260.0, "ExemptTot": 0.0, "YearBuilt": 1950, "YearAlter1": 0, "YearAlter2": 0, "HistDist": null, "Landmark": null, "BuiltFAR": 0.0, "ResidFAR": 0.0, "CommFAR": 1.0, "FacilFAR": 2.4, "BoroCode": 4, "BBL": 4001420276.0, "CondoNo": 0, "Tract2010": "0171", "XCoord": 1006629, "YCoord": 212361, "ZoneMap": "9b", "ZMCode": null, "Sanborn": "401 067", "TaxMap": "40201", "EDesigNum": null, "APPBBL": 0.0, "APPDate": null, "PLUTOMapID": "1", "FIRM07_FLA": null, "PFIRM15_FL": null, "Version": "25v4", "DCPEdited": null, "Latitude": 40.7495301, "Longitude": -73.9192312, "Notes": null, "Shape_Leng": 0.0, "Shape_Area": 759.3771818 }, "geometry": { "type": "MultiPolygon", "coordinates": [ [ [ [ -73.919178880331572, 40.749485727902538 ], [ -73.919247400576168, 40.749472821371356 ], [ -73.919283088399496, 40.749575883078663 ], [ -73.91921456574741, 40.74958878871054 ], [ -73.919178880331572, 40.749485727902538 ] ] ] ] } },
{ "type": "Feature", "properties": { "Borough": "QN", "Block": 142, "Lot": 277, "CD": 402, "BCT2020": "4017101", "BCTCB2020": "40171011003", "CT2010": "171", "CB2010": "1015", "SchoolDist": "30", "Council": 26, "ZipCode": 11104, "FireComp": "L163", "PolicePrct": 108, "HealthCent": 41, "HealthArea": 720, "Sanitboro": "4", "SanitDistr": "02", "SanitSub": "2E", "Address": "43-29 BARNETT AVENUE", "ZoneDist1": "M1-1", "ZoneDist2": null, "ZoneDist3": null, "ZoneDist4": null, "Overlay1": null, "Overlay2": null, "SPDist1": null, "SPDist2": null, "SPDist3": null, "LtdHeight": null, "SplitZone": "N", "BldgClass": "G0", "LandUse": "10", "Easements": 0, "OwnerType": null, "OwnerName": "TURCZYN FAMILY TRUST", "LotArea": 720, "BldgArea": 0, "ComArea": 0, "ResArea": 0, "OfficeArea": 0, "RetailArea": 0, "GarageArea": 0, "StrgeArea": 0, "FactryArea": 0, "OtherArea": 0, "AreaSource": "7", "NumBldgs": 1, "NumFloors": 1.0, "UnitsRes": 0, "UnitsTotal": 0, "LotFront": 19.5, "LotDepth": 35.0, "BldgFront": 19.5, "BldgDepth": 25.0, "Ext": "N", "ProxCode": "0", "IrrLotCode": "Y", "LotType": "5", "BsmtCode": "5", "AssessLand": 4200.0, "AssessTot": 10260.0, "ExemptTot": 0.0, "YearBuilt": 1950, "YearAlter1": 0, "YearAlter2": 0, "HistDist": null, "Landmark": null, "BuiltFAR": 0.0, "ResidFAR": 0.0, "CommFAR": 1.0, "FacilFAR": 2.4, "BoroCode": 4, "BBL": 4001420277.0, "CondoNo": 0, "Tract2010": "0171", "XCoord": 1006610, "YCoord": 212356, "ZoneMap": "9b", "ZMCode": null, "Sanborn": "401 067", "TaxMap": "40201", "EDesigNum": null, "APPBBL": 0.0, "APPDate": null, "PLUTOMapID": "1", "FIRM07_FLA": null, "PFIRM15_FL": null, "Version": "25v4", "DCPEdited": null, "Latitude": 40.7495164, "Longitude": -73.9192998, "Notes": null, "Shape_Leng": 0.0, "Shape_Area": 747.2687359 }, "geometry": { "type": "MultiPolygon", "coordinates": [ [ [ [ -73.919247400576168, 40.749472821371356 ], [ -73.919314828731146, 40.749460120169964 ], [ -73.91935051665466, 40.749563181021514 ], [ -73.919283088399496, 40.749575883078663 ], [ -73.919247400576168, 40.749472821371356 ] ] ] ] } },
{ "type": "Feature", "properties": { "Borough": "QN", "Block": 142, "Lot": 278, "CD": 402, "BCT2020": "4017101", "BCTCB2020": "40171011003", "CT2010": "171", "CB2010": "1015", "SchoolDist": "30", "Council": 26, "ZipCode": 11104, "FireComp": "L163", "PolicePrct": 108, "HealthCent": 41, "HealthArea": 720, "Sanitboro": "4", "SanitDistr": "02", "SanitSub": "2E", "Address": "43-27 BARNETT AVENUE", "ZoneDist1": "M1-1", "ZoneDist2": null, "ZoneDist3": null, "ZoneDist4": null, "Overlay1": null, "Overlay2": null, "SPDist1": null, "SPDist2": null, "SPDist3": null, "LtdHeight": null, "SplitZone": "N", "BldgClass": "G0", "LandUse": "10", "Easements": 0, "OwnerType": null, "OwnerName": "DELLER LISA", "LotArea": 720, "BldgArea": 0, "ComArea": 0, "ResArea": 0, "OfficeArea": 0, "RetailArea": 0, "GarageArea": 0, "StrgeArea": 0, "FactryArea": 0, "OtherArea": 0, "AreaSource": "7", "NumBldgs": 1, "NumFloors": 1.0, "UnitsRes": 0, "UnitsTotal": 0, "LotFront": 19.5, "LotDepth": 35.0, "BldgFront": 19.5, "BldgDepth": 25.0, "Ext": "N", "ProxCode": "0", "IrrLotCode": "Y", "LotType": "5", "BsmtCode": "5", "AssessLand": 4200.0, "AssessTot": 10260.0, "ExemptTot": 0.0, "YearBuilt": 1950, "YearAlter1": 0, "YearAlter2": 0, "HistDist": null, "Landmark": null, "BuiltFAR": 0.0, "ResidFAR": 0.0, "CommFAR": 1.0, "FacilFAR": 2.4, "BoroCode": 4, "BBL": 4001420278.0, "CondoNo": 0, "Tract2010": "0171", "XCoord": 1006591, "YCoord": 212352, "ZoneMap": "9b", "ZMCode": null, "Sanborn": "401 067", "TaxMap": "40201", "EDesigNum": null, "APPBBL": 0.0, "APPDate": null, "PLUTOMapID": "1", "FIRM07_FLA": null, "PFIRM15_FL": null, "Version": "25v4", "DCPEdited": null, "Latitude": 40.7495055, "Longitude": -73.9193684, "Notes": null, "Shape_Leng": 0.0, "Shape_Area": 776.3849726 }, "geometry": { "type": "MultiPolygon", "coordinates": [ [ [ [ -73.919314828731146, 40.749460120169964 ], [ -73.919384883862733, 40.749446923831094 ], [ -73.91942057309744, 40.749549984578174 ], [ -73.91935051665466, 40.749563181021514 ], [ -73.919314828731146, 40.749460120169964 ] ] ] ] } },
{ "type": "Feature", "properties": { "Borough": "QN", "Block": 142, "Lot": 279, "CD": 402, "BCT2020": "4017101", "BCTCB2020": "40171011003", "CT2010": "171", "CB2010": "1015", "SchoolDist": "30", "Council": 26, "ZipCode": 11104, "FireComp": "L163", "PolicePrct": 108, "HealthCent": 41, "HealthArea": 720, "Sanitboro": "4", "SanitDistr": "02", "SanitSub": "2E", "Address": "43-25 BARNETT AVENUE", "ZoneDist1": "M1-1", "ZoneDist2": null, "ZoneDist3": null, "ZoneDist4": null, "Overlay1": null, "Overlay2": null, "SPDist1": null, "SPDist2": null, "SPDist3": null, "LtdHeight": null, "SplitZone": "N", "BldgClass": "G0", "LandUse": "10", "Easements": 0, "OwnerType": null, "OwnerName": "SHAFTEL EVE", "LotArea": 665, "BldgArea": 0, "ComArea": 0, "ResArea": 0, "OfficeArea": 0, "RetailArea": 0, "GarageArea": 0, "StrgeArea": 0, "FactryArea": 0, "OtherArea": 0, "AreaSource": "7", "NumBldgs": 1, "NumFloors": 1.0, "UnitsRes": 0, "UnitsTotal": 0, "LotFront": 19.5, "LotDepth": 35.0, "BldgFront": 19.5, "BldgDepth": 25.0, "Ext": "N", "ProxCode": "0", "IrrLotCode": "Y", "LotType": "5", "BsmtCode": "5", "AssessLand": 4200.0, "AssessTot": 10260.0, "ExemptTot": 0.0, "YearBuilt": 1950, "YearAlter1": 0, "YearAlter2": 0, "HistDist": null, "Landmark": null, "BuiltFAR": 0.0, "ResidFAR": 0.0, "CommFAR": 1.0, "FacilFAR": 2.4, "BoroCode": 4, "BBL": 4001420279.0, "CondoNo": 0, "Tract2010": "0171", "XCoord": 1006571, "YCoord": 212347, "ZoneMap": "9b", "ZMCode": null, "Sanborn": "401 067", "TaxMap": "40201", "EDesigNum": null, "APPBBL": 0.0, "APPDate": null, "PLUTOMapID": "1", "FIRM07_FLA": null, "PFIRM15_FL": null, "Version": "25v4", "DCPEdited": null, "Latitude": 40.7494918, "Longitude": -73.9194406, "Notes": null, "Shape_Leng": 0.0, "Shape_Area": 756.9421649 }, "geometry": { "type": "MultiPolygon", "coordinates": [ [ [ [ -73.919384883862733, 40.749446923831094 ], [ -73.919453186053744, 40.749434058434971 ], [ -73.919488874178356, 40.749537118323886 ], [ -73.91942057309744, 40.749549984578174 ], [ -73.919384883862733, 40.749446923831094 ] ] ] ] } },
{ "type": "Feature", "properties": { "Borough": "QN", "Block": 142, "Lot": 280, "CD": 402, "BCT2020": "4017101", "BCTCB2020": "40171011003", "CT2010": "171", "CB2010": "1015", "SchoolDist": "30", "Council": 26, "ZipCode": 11104, "FireComp": "L163", "PolicePrct": 108, "HealthCent": 41, "HealthArea": 720, "Sanitboro": "4", "SanitDistr": "02", "SanitSub": "2E", "Address": "43-23 BARNETT AVENUE", "ZoneDist1": "M1-1", "ZoneDist2": null, "ZoneDist3": null, "ZoneDist4": null, "Overlay1": null, "Overlay2": null, "SPDist1": null, "SPDist2": null, "SPDist3": null, "LtdHeight": null, "SplitZone": "N", "BldgClass": "G0", "LandUse": "10", "Easements": 0, "OwnerType": null, "OwnerName": "RAMO, CATHERINE", "LotArea": 665, "BldgArea": 0, "ComArea": 0, "ResArea": 0, "OfficeArea": 0, "RetailArea": 0, "GarageArea": 0, "StrgeArea": 0, "FactryArea": 0, "OtherArea": 0, "AreaSource": "7", "NumBldgs": 1, "NumFloors": 1.0, "UnitsRes": 0, "UnitsTotal": 0, "LotFront": 19.5, "LotDepth": 35.0, "BldgFront": 19.5, "BldgDepth": 25.0, "Ext": "N", "ProxCode": "0", "IrrLotCode": "Y", "LotType": "5", "BsmtCode": "5", "AssessLand": 4200.0, "AssessTot": 10200.0, "ExemptTot": 0.0, "YearBuilt": 1950, "YearAlter1": 0, "YearAlter2": 0, "HistDist": null, "Landmark": null, "BuiltFAR": 0.0, "ResidFAR": 0.0, "CommFAR": 1.0, "FacilFAR": 2.4, "BoroCode": 4, "BBL": 4001420280.0, "CondoNo": 0, "Tract2010": "0171", "XCoord": 1006553, "YCoord": 212342, "ZoneMap": "9b", "ZMCode": null, "Sanborn": "401 067", "TaxMap": "40201", "EDesigNum": null, "APPBBL": 0.0, "APPDate": null, "PLUTOMapID": "1", "FIRM07_FLA": null, "PFIRM15_FL": null, "Version": "25v4", "DCPEdited": null, "Latitude": 40.7494781, "Longitude": -73.9195055, "Notes": null, "Shape_Leng": 0.0, "Shape_Area": 749.6266718000001 }, "geometry": { "type": "MultiPolygon", "coordinates": [ [ [ [ -73.919556515594365, 40.749524376638874 ], [ -73.919488874178356, 40.749537118323886 ], [ -73.919453186053744, 40.749434058434971 ], [ -73.919520828583543, 40.749421316772931 ], [ -73.919556515594365, 40.749524376638874 ] ] ] ] } },
{ "type": "Feature", "properties": { "Borough": "QN", "Block": 142, "Lot": 281, "CD": 402, "BCT2020": "4017101", "BCTCB2020": "40171011003", "CT2010": "171", "CB2010": "1015", "SchoolDist": "30", "Council": 26, "ZipCode": 11104, "FireComp": "L163", "PolicePrct": 108, "HealthCent": 41, "HealthArea": 720, "Sanitboro": "4", "SanitDistr": "02", "SanitSub": "2E", "Address": "43-21 BARNETT AVENUE", "ZoneDist1": "M1-1", "ZoneDist2": null, "ZoneDist3": null, "ZoneDist4": null, "Overlay1": null, "Overlay2": null, "SPDist1": null, "SPDist2": null, "SPDist3": null, "LtdHeight": null, "SplitZone": "N", "BldgClass": "G0", "LandUse": "10", "Easements": 0, "OwnerType": null, "OwnerName": "CUEVAS, LISA", "LotArea": 720, "BldgArea": 0, "ComArea": 0, "ResArea": 0, "OfficeArea": 0, "RetailArea": 0, "GarageArea": 0, "StrgeArea": 0, "FactryArea": 0, "OtherArea": 0, "AreaSource": "7", "NumBldgs": 1, "NumFloors": 1.0, "UnitsRes": 0, "UnitsTotal": 0, "LotFront": 19.5, "LotDepth": 35.0, "BldgFront": 19.5, "BldgDepth": 25.0, "Ext": "N", "ProxCode": "0", "IrrLotCode": "Y", "LotType": "5", "BsmtCode": "5", "AssessLand": 4200.0, "AssessTot": 10200.0, "ExemptTot": 0.0, "YearBuilt": 1950, "YearAlter1": 0, "YearAlter2": 0, "HistDist": null, "Landmark": null, "BuiltFAR": 0.0, "ResidFAR": 0.0, "CommFAR": 1.0, "FacilFAR": 2.4, "BoroCode": 4, "BBL": 4001420281.0, "CondoNo": 0, "Tract2010": "0171", "XCoord": 1006534, "YCoord": 212337, "ZoneMap": "9b", "ZMCode": null, "Sanborn": "401 067", "TaxMap": "40201", "EDesigNum": null, "APPBBL": 0.0, "APPDate": null, "PLUTOMapID": "1", "FIRM07_FLA": null, "PFIRM15_FL": null, "Version": "25v4", "DCPEdited": null, "Latitude": 40.7494645, "Longitude": -73.9195741, "Notes": null, "Shape_Leng": 0.0, "Shape_Area": 759.0258227 }, "geometry": { "type": "MultiPolygon", "coordinates": [ [ [ [ -73.919625006207653, 40.749511476220562 ], [ -73.919556515594365, 40.749524376638874 ], [ -73.919520828583543, 40.749421316772931 ], [ -73.919589317887386, 40.74940841545348 ], [ -73.919625006207653, 40.749511476220562 ] ] ] ] } },
{ "type": "Feature", "properties": { "Borough": "QN", "Block": 142, "Lot": 285, "CD": 402, "BCT2020": "4017101", "BCTCB2020": "40171011003", "CT2010": "171", "CB2010": "1015", "SchoolDist": "30", "Council": 26, "ZipCode": 11104, "FireComp": "L163", "PolicePrct": 108, "HealthCent": 41, "HealthArea": 720, "Sanitboro": "4", "SanitDistr": "02", "SanitSub": "2E", "Address": "43-13 BARNETT AVENUE", "ZoneDist1": "M1-1", "ZoneDist2": null, "ZoneDist3": null, "ZoneDist4": null, "Overlay1": null, "Overlay2": null, "SPDist1": null, "SPDist2": null, "SPDist3": null, "LtdHeight": null, "SplitZone": "N", "BldgClass": "G0", "LandUse": "10", "Easements": 0, "OwnerType": null, "OwnerName": "GROUP HOME GARAGE LLC", "LotArea": 720, "BldgArea": 0, "ComArea": 0, "ResArea": 0, "OfficeArea": 0, "RetailArea": 0, "GarageArea": 0, "StrgeArea": 0, "FactryArea": 0, "OtherArea": 0, "AreaSource": "7", "NumBldgs": 1, "NumFloors": 1.0, "UnitsRes": 0, "UnitsTotal": 0, "LotFront": 19.5, "LotDepth": 35.0, "BldgFront": 20.0, "BldgDepth": 25.0, "Ext": "N", "ProxCode": "0", "IrrLotCode": "Y", "LotType": "5", "BsmtCode": "5", "AssessLand": 4200.0, "AssessTot": 10200.0, "ExemptTot": 0.0, "YearBuilt": 1950, "YearAlter1": 0, "YearAlter2": 0, "HistDist": null, "Landmark": null, "BuiltFAR": 0.0, "ResidFAR": 0.0, "CommFAR": 1.0, "FacilFAR": 2.4, "BoroCode": 4, "BBL": 4001420285.0, "CondoNo": 0, "Tract2010": "0171", "XCoord": 1006458, "YCoord": 212319, "ZoneMap": "9b", "ZMCode": null, "Sanborn": "401 067", "TaxMap": "40201", "EDesigNum": null, "APPBBL": 0.0, "APPDate": null, "PLUTOMapID": "1", "FIRM07_FLA": null, "PFIRM15_FL": null, "Version": "25v4", "DCPEdited": null, "Latitude": 40.7494152, "Longitude": -73.9198485, "Notes": null, "Shape_Leng": 0.0, "Shape_Area": 785.5715714 }, "geometry": { "type": "MultiPolygon", "coordinates": [ [ [ [ -73.919793595321622, 40.749369936388113 ], [ -73.919864480445653, 40.749356583557081 ], [ -73.919900169164748, 40.74945964331814 ], [ -73.919829283936664, 40.749472996087235 ], [ -73.919793595321622, 40.749369936388113 ] ] ] ] } },
{ "type": "Feature", "properties": { "Borough": "QN", "Block": 142, "Lot": 286, "CD": 402, "BCT2020": "4017101", "BCTCB2020": "40171011003", "CT2010": "171", "CB2010": "1015", "SchoolDist": "30", "Council": 26, "ZipCode": 11104, "FireComp": "L163", "PolicePrct": 108, "HealthCent": 41, "HealthArea": 720, "Sanitboro": "4", "SanitDistr": "02", "SanitSub": "2E", "Address": "43-11 BARNETT AVENUE", "ZoneDist1": "M1-1", "ZoneDist2": null, "ZoneDist3": null, "ZoneDist4": null, "Overlay1": null, "Overlay2": null, "SPDist1": null, "SPDist2": null, "SPDist3": null, "LtdHeight": null, "SplitZone": "N", "BldgClass": "G0", "LandUse": "10", "Easements": 0, "OwnerType": null, "OwnerName": "DAVID CHAMPA", "LotArea": 720, "BldgArea": 0, "ComArea": 0, "ResArea": 0, "OfficeArea": 0, "RetailArea": 0, "GarageArea": 0, "StrgeArea": 0, "FactryArea": 0, "OtherArea": 0, "AreaSource": "7", "NumBldgs": 1, "NumFloors": 1.0, "UnitsRes": 0, "UnitsTotal": 0, "LotFront": 19.5, "LotDepth": 35.0, "BldgFront": 19.5, "BldgDepth": 25.0, "Ext": "N", "ProxCode": "0", "IrrLotCode": "Y", "LotType": "5", "BsmtCode": "5", "AssessLand": 4200.0, "AssessTot": 10740.0, "ExemptTot": 0.0, "YearBuilt": 1950, "YearAlter1": 0, "YearAlter2": 0, "HistDist": null, "Landmark": null, "BuiltFAR": 0.0, "ResidFAR": 0.0, "CommFAR": 1.0, "FacilFAR": 2.4, "BoroCode": 4, "BBL": 4001420286.0, "CondoNo": 0, "Tract2010": "0171", "XCoord": 1006439, "YCoord": 212314, "ZoneMap": "9b", "ZMCode": null, "Sanborn": "401 067", "TaxMap": "40201", "EDesigNum": null, "APPBBL": 0.0, "APPDate": null, "PLUTOMapID": "1", "FIRM07_FLA": null, "PFIRM15_FL": null, "Version": "25v4", "DCPEdited": null, "Latitude": 40.7494016, "Longitude": -73.9199171, "Notes": null, "Shape_Leng": 0.0, "Shape_Area": 766.0163192 }, "geometry": { "type": "MultiPolygon", "coordinates": [ [ [ [ -73.919864480445653, 40.749356583557081 ], [ -73.919933600865775, 40.749343562672045 ], [ -73.919969289793229, 40.749446622411902 ], [ -73.919900169164748, 40.74945964331814 ], [ -73.919864480445653, 40.749356583557081 ] ] ] ] } },
{ "type": "Feature", "properties": { "Borough": "QN", "Block": 142, "Lot": 287, "CD": 402, "BCT2020": "4017101", "BCTCB2020": "40171011003", "CT2010": "171", "CB2010": "1015", "SchoolDist": "30", "Council": 26, "ZipCode": 11104, "FireComp": "L163", "PolicePrct": 108, "HealthCent": 41, "HealthArea": 720, "Sanitboro": "4", "SanitDistr": "02", "SanitSub": "2E", "Address": "43-09 BARNETT AVENUE", "ZoneDist1": "M1-1", "ZoneDist2": null, "ZoneDist3": null, "ZoneDist4": null, "Overlay1": null, "Overlay2": null, "SPDist1": null, "SPDist2": null, "SPDist3": null, "LtdHeight": null, "SplitZone": "N", "BldgClass": "G0", "LandUse": "10", "Easements": 0, "OwnerType": null, "OwnerName": "LINDA KASAKYAN", "LotArea": 720, "BldgArea": 0, "ComArea": 0, "ResArea": 0, "OfficeArea": 0, "RetailArea": 0, "GarageArea": 0, "StrgeArea": 0, "FactryArea": 0, "OtherArea": 0, "AreaSource": "7", "NumBldgs": 1, "NumFloors": 1.0, "UnitsRes": 0, "UnitsTotal": 0, "LotFront": 19.5, "LotDepth": 35.0, "BldgFront": 19.5, "BldgDepth": 25.0, "Ext": "N", "ProxCode": "0", "IrrLotCode": "Y", "LotType": "5", "BsmtCode": "5", "AssessLand": 4200.0, "AssessTot": 10800.0, "ExemptTot": 0.0, "YearBuilt": 1950, "YearAlter1": 0, "YearAlter2": 0, "HistDist": null, "Landmark": null, "BuiltFAR": 0.0, "ResidFAR": 0.0, "CommFAR": 1.0, "FacilFAR": 2.4, "BoroCode": 4, "BBL": 4001420287.0, "CondoNo": 0, "Tract2010": "0171", "XCoord": 1006420, "YCoord": 212309, "ZoneMap": "9b", "ZMCode": null, "Sanborn": "401 067", "TaxMap": "40201", "EDesigNum": null, "APPBBL": 0.0, "APPDate": null, "PLUTOMapID": "1", "FIRM07_FLA": null, "PFIRM15_FL": null, "Version": "25v4", "DCPEdited": null, "Latitude": 40.7493879, "Longitude": -73.9199857, "Notes": null, "Shape_Leng": 0.0, "Shape_Area": 725.4812878 }, "geometry": { "type": "MultiPolygon", "coordinates": [ [ [ [ -73.919933600865775, 40.749343562672045 ], [ -73.919999064045115, 40.749331231655461 ], [ -73.92003475295877, 40.749434291375103 ], [ -73.919969289793229, 40.749446622411902 ], [ -73.919933600865775, 40.749343562672045 ] ] ] ] } },
{ "type": "Feature", "properties": { "Borough": "QN", "Block": 142, "Lot": 288, "CD": 402, "BCT2020": "4017101", "BCTCB2020": "40171011003", "CT2010": "171", "CB2010": "1015", "SchoolDist": "30", "Council": 26, "ZipCode": 11104, "FireComp": "L163", "PolicePrct": 108, "HealthCent": 41, "HealthArea": 720, "Sanitboro": "4", "SanitDistr": "02", "SanitSub": "2E", "Address": "43-07 BARNETT AVENUE", "ZoneDist1": "M1-1", "ZoneDist2": null, "ZoneDist3": null, "ZoneDist4": null, "Overlay1": null, "Overlay2": null, "SPDist1": null, "SPDist2": null, "SPDist3": null, "LtdHeight": null, "SplitZone": "N", "BldgClass": "G0", "LandUse": "10", "Easements": 0, "OwnerType": null, "OwnerName": "THE GOPAL KRISHAN BERI REVOCABLE TRUST A GREEMENT", "LotArea": 720, "BldgArea": 0, "ComArea": 0, "ResArea": 0, "OfficeArea": 0, "RetailArea": 0, "GarageArea": 0, "StrgeArea": 0, "FactryArea": 0, "OtherArea": 0, "AreaSource": "7", "NumBldgs": 1, "NumFloors": 1.0, "UnitsRes": 0, "UnitsTotal": 0, "LotFront": 19.5, "LotDepth": 35.0, "BldgFront": 19.5, "BldgDepth": 25.0, "Ext": "N", "ProxCode": "0", "IrrLotCode": "Y", "LotType": "5", "BsmtCode": "5", "AssessLand": 4200.0, "AssessTot": 10260.0, "ExemptTot": 0.0, "YearBuilt": 1950, "YearAlter1": 0, "YearAlter2": 0, "HistDist": null, "Landmark": null, "BuiltFAR": 0.0, "ResidFAR": 0.0, "CommFAR": 1.0, "FacilFAR": 2.4, "BoroCode": 4, "BBL": 4001420288.0, "CondoNo": 0, "Tract2010": "0171", "XCoord": 1006401, "YCoord": 212304, "ZoneMap": "9b", "ZMCode": null, "Sanborn": "401 067", "TaxMap": "40201", "EDesigNum": null, "APPBBL": 0.0, "APPDate": null, "PLUTOMapID": "1", "FIRM07_FLA": null, "PFIRM15_FL": null, "Version": "25v4", "DCPEdited": null, "Latitude": 40.7493742, "Longitude": -73.9200543, "Notes": null, "Shape_Leng": 0.0, "Shape_Area": 767.6567299 }, "geometry": { "type": "MultiPolygon", "coordinates": [ [ [ [ -73.919999064045115, 40.749331231655461 ], [ -73.920068332403858, 40.749318182933457 ], [ -73.920104021417643, 40.749421242631797 ], [ -73.92003475295877, 40.749434291375103 ], [ -73.919999064045115, 40.749331231655461 ] ] ] ] } },
{ "type": "Feature", "properties": { "Borough": "QN", "Block": 142, "Lot": 290, "CD": 402, "BCT2020": "4017101", "BCTCB2020": "40171011003", "CT2010": "171", "CB2010": "1015", "SchoolDist": "30", "Council": 26, "ZipCode": 11104, "FireComp": "L163", "PolicePrct": 108, "HealthCent": 41, "HealthArea": 720, "Sanitboro": "4", "SanitDistr": "02", "SanitSub": "2E", "Address": "43-05 BARNETT AVENUE", "ZoneDist1": "M1-1", "ZoneDist2": null, "ZoneDist3": null, "ZoneDist4": null, "Overlay1": null, "Overlay2": null, "SPDist1": null, "SPDist2": null, "SPDist3": null, "LtdHeight": null, "SplitZone": "N", "BldgClass": "G0", "LandUse": "10", "Easements": 0, "OwnerType": null, "OwnerName": "43-05 BARNETT AVENUE LLC", "LotArea": 792, "BldgArea": 0, "ComArea": 0, "ResArea": 0, "OfficeArea": 0, "RetailArea": 0, "GarageArea": 0, "StrgeArea": 0, "FactryArea": 0, "OtherArea": 0, "AreaSource": "7", "NumBldgs": 1, "NumFloors": 1.0, "UnitsRes": 0, "UnitsTotal": 0, "LotFront": 19.5, "LotDepth": 35.0, "BldgFront": 19.5, "BldgDepth": 25.0, "Ext": "N", "ProxCode": "0", "IrrLotCode": "Y", "LotType": "3", "BsmtCode": "5", "AssessLand": 4200.0, "AssessTot": 10200.0, "ExemptTot": 0.0, "YearBuilt": 1950, "YearAlter1": 0, "YearAlter2": 0, "HistDist": null, "Landmark": null, "BuiltFAR": 0.0, "ResidFAR": 0.0, "CommFAR": 1.0, "FacilFAR": 2.4, "BoroCode": 4, "BBL": 4001420290.0, "CondoNo": 0, "Tract2010": "0171", "XCoord": 1006381, "YCoord": 212297, "ZoneMap": "9b", "ZMCode": null, "Sanborn": "401 067", "TaxMap": "40201", "EDesigNum": null, "APPBBL": 0.0, "APPDate": null, "PLUTOMapID": "1", "FIRM07_FLA": null, "PFIRM15_FL": null, "Version": "25v4", "DCPEdited": null, "Latitude": 40.749355, "Longitude": -73.9201265, "Notes": null, "Shape_Leng": 0.0, "Shape_Area": 824.8327068 }, "geometry": { "type": "MultiPolygon", "coordinates": [ [ [ [ -73.920171827610091, 40.749298686833598 ], [ -73.920149381302636, 40.74941269856906 ], [ -73.920104021417643, 40.749421242631797 ], [ -73.920068332403858, 40.749318182933457 ], [ -73.920171827610091, 40.749298686833598 ] ] ] ] } },
{ "type": "Feature", "properties": { "Borough": "QN", "Block": 183, "Lot": 1, "CD": 402, "BCT2020": "4017101", "BCTCB2020": "40171011009", "CT2010": "171", "CB2010": "1021", "SchoolDist": "30", "Council": 26, "ZipCode": 11101, "FireComp": "L163", "PolicePrct": 108, "HealthCent": 41, "HealthArea": 720, "Sanitboro": "4", "SanitDistr": "02", "SanitSub": "2E", "Address": "NORTHERN BOULEVARD", "ZoneDist1": "M1-1", "ZoneDist2": null, "ZoneDist3": null, "ZoneDist4": null, "Overlay1": null, "Overlay2": null, "SPDist1": null, "SPDist2": null, "SPDist3": null, "LtdHeight": null, "SplitZone": "N", "BldgClass": "V1", "LandUse": "11", "Easements": 3, "OwnerType": null, "OwnerName": "GENERAL MOTORS COMMERCIAL CORP", "LotArea": 5082, "BldgArea": 0, "ComArea": 0, "ResArea": 0, "OfficeArea": 0, "RetailArea": 0, "GarageArea": 0, "StrgeArea": 0, "FactryArea": 0, "OtherArea": 0, "AreaSource": "7", "NumBldgs": 1, "NumFloors": 0.0, "UnitsRes": 0, "UnitsTotal": 0, "LotFront": 40.0, "LotDepth": 90.0, "BldgFront": 0.0, "BldgDepth": 0.0, "Ext": null, "ProxCode": "0", "IrrLotCode": "Y", "LotType": "8", "BsmtCode": "0", "AssessLand": 229500.0, "AssessTot": 229500.0, "ExemptTot": 0.0, "YearBuilt": 0, "YearAlter1": 0, "YearAlter2": 0, "HistDist": null, "Landmark": null, "BuiltFAR": 0.0, "ResidFAR": 0.0, "CommFAR": 1.0, "FacilFAR": 2.4, "BoroCode": 4, "BBL": 4001830000.9999995, "CondoNo": 0, "Tract2010": "0171", "XCoord": 1006277, "YCoord": 213208, "ZoneMap": "9b", "ZMCode": null, "Sanborn": "401 092", "TaxMap": "40202", "EDesigNum": null, "APPBBL": 0.0, "APPDate": null, "PLUTOMapID": "1", "FIRM07_FLA": null, "PFIRM15_FL": null, "Version": "25v4", "DCPEdited": null, "Latitude": 40.7518558, "Longitude": -73.9204988, "Notes": null, "Shape_Leng": 0.0, "Shape_Area": 703708.970768 }, "geometry": { "type": "MultiPolygon", "coordinates": [ [ [ [ -73.920770767905083, 40.751843656876247 ], [ -73.920667057206444, 40.751848169875622 ], [ -73.91994047264977, 40.751879788289543 ], [ -73.919983190454545, 40.751664863214806 ], [ -73.920530177797914, 40.751641061176784 ], [ -73.92195676480722, 40.751578967541512 ], [ -73.921903977601957, 40.751568739711267 ], [ -73.921836097771944, 40.751552198971488 ], [ -73.921752030374122, 40.751529106869597 ], [ -73.921679713156593, 40.751506023547066 ], [ -73.921618782051326, 40.751484286085272 ], [ -73.921543312186841, 40.751454645746612 ], [ -73.921469397154738, 40.751425006421435 ], [ -73.921404046859763, 40.751395371061129 ], [ -73.921329328653044, 40.751355125819998 ], [ -73.921279152547285, 40.751327982548304 ], [ -73.921208119698719, 40.7512835487911 ], [ -73.921166068815097, 40.751255707789291 ], [ -73.921119010461396, 40.751221735392136 ], [ -73.921040611229401, 40.751157404242946 ], [ -73.920976528316061, 40.751101941160798 ], [ -73.920928689089877, 40.75105472974905 ], [ -73.920848507044681, 40.750967401880636 ], [ -73.920783281312509, 40.750884523691923 ], [ -73.920742235477803, 40.750822371224949 ], [ -73.920706533251234, 40.750759680226672 ], [ -73.920689059190522, 40.750722906769425 ], [ -73.92066570123437, 40.750672289334652 ], [ -73.920626190150358, 40.75058650302261 ], [ -73.920607373798447, 40.750540461495305 ], [ -73.92057965426946, 40.750459579438456 ], [ -73.920556596135853, 40.750396985383375 ], [ -73.920536018001528, 40.750332042767184 ], [ -73.920512577564509, 40.750241614666251 ], [ -73.920506535399184, 40.750214610560093 ], [ -73.920487149330668, 40.750122277048391 ], [ -73.920442973268251, 40.749864282933693 ], [ -73.920337803128348, 40.749880696584135 ], [ -73.920340784900588, 40.749865696238047 ], [ -73.920458271327959, 40.749274572551293 ], [ -73.920520516547413, 40.748961386615235 ], [ -73.92057883399039, 40.748967263947698 ], [ -73.920619596847629, 40.748881263259513 ], [ -73.920714154142019, 40.748724368608663 ], [ -73.920817281602652, 40.748584084281688 ], [ -73.920868494123454, 40.748523438925005 ], [ -73.920885022184109, 40.748503867079293 ], [ -73.920947853738056, 40.748436347138899 ], [ -73.92099858315656, 40.748393442331874 ], [ -73.92105450267006, 40.748346148414349 ], [ -73.921195379943711, 40.748233368451444 ], [ -73.921331655665, 40.748145459044558 ], [ -73.921428151440765, 40.748093360493534 ], [ -73.921545684295367, 40.748039332124485 ], [ -73.921651203585796, 40.747993118080899 ], [ -73.921763577517282, 40.747950821297827 ], [ -73.921874375533577, 40.747914398276492 ], [ -73.922028380021942, 40.747874872472032 ], [ -73.922169487768286, 40.747845180251872 ], [ -73.922266585633352, 40.74782807061537 ], [ -73.922329386851118, 40.747819262826667 ], [ -73.922409265424733, 40.747807738960702 ], [ -73.922515534373716, 40.747798290528664 ], [ -73.922595308599881, 40.747793956958233 ], [ -73.922691204287574, 40.74779330199398 ], [ -73.922958447166195, 40.7477996119636 ], [ -73.923314286528651, 40.747808015629012 ], [ -73.923463560936867, 40.747811539707349 ], [ -73.925200947245614, 40.747852545691352 ], [ -73.925300758928898, 40.747854900603706 ], [ -73.925337154393745, 40.747682151435832 ], [ -73.925373006884058, 40.747511978376181 ], [ -73.925450261434875, 40.747520959700509 ], [ -73.925265945817159, 40.748395817708953 ], [ -73.925153137986428, 40.748931241435919 ], [ -73.924584545612888, 40.751629897585794 ], [ -73.924504105876736, 40.751631324332905 ], [ -73.922202155903975, 40.751672139166352 ], [ -73.921842587721997, 40.751736084428856 ], [ -73.92087418575457, 40.751908299901991 ], [ -73.9208880483949, 40.751838551601232 ], [ -73.920770767905083, 40.751843656876247 ] ], [ [ -73.920822615907511, 40.750350144330973 ], [ -73.92084479974983, 40.750418260565056 ], [ -73.920883200635458, 40.750510771824032 ], [ -73.920939257009763, 40.750620099625571 ], [ -73.920980762654182, 40.750693912153871 ], [ -73.921016387029439, 40.750746557844181 ], [ -73.921083972784373, 40.750837543867526 ], [ -73.921153127654009, 40.75091246765426 ], [ -73.921204561650057, 40.750963062817256 ], [ -73.921250403105375, 40.75100257692398 ], [ -73.921322480358455, 40.751061884241601 ], [ -73.921357370730973, 40.751086717055394 ], [ -73.921419035441446, 40.751128530189391 ], [ -73.921480711558729, 40.751161758751167 ], [ -73.921558186236027, 40.751200148935773 ], [ -73.921622876490062, 40.751229946730184 ], [ -73.921702051968921, 40.751261031257883 ], [ -73.921768351536741, 40.751282891209605 ], [ -73.921830836250891, 40.751302401776179 ], [ -73.9219346018549, 40.751332185374352 ], [ -73.922035985901104, 40.75135515857415 ], [ -73.922131803133965, 40.751371325500891 ], [ -73.922233199362523, 40.75138397511126 ], [ -73.922308718244693, 40.751391123056216 ], [ -73.922354302057542, 40.751393425804636 ], [ -73.922404501653304, 40.75139365060204 ], [ -73.922547259606546, 40.751393016570567 ], [ -73.922702663410973, 40.75138684820589 ], [ -73.922795796502399, 40.751380436052109 ], [ -73.922920814329203, 40.751368179361229 ], [ -73.922988060298408, 40.751360518804532 ], [ -73.923081517238899, 40.751347399676987 ], [ -73.92317352827591, 40.751333338582178 ], [ -73.923540898340903, 40.751261471642081 ], [ -73.92462311996907, 40.751071163164433 ], [ -73.925024062757359, 40.749168211699448 ], [ -73.92488791057886, 40.749204713964517 ], [ -73.923444531398175, 40.749462003478222 ], [ -73.920758414523178, 40.75003780486373 ], [ -73.920802251357969, 40.750279672803458 ], [ -73.920822615907511, 40.750350144330973 ] ], [ [ -73.922908337813723, 40.74805993518833 ], [ -73.922636363123871, 40.748060005514397 ], [ -73.922580055494521, 40.748060480034646 ], [ -73.922503298807442, 40.748061974534608 ], [ -73.922436432259374, 40.748065907817974 ], [ -73.922364911127303, 40.74807293217048 ], [ -73.922291059737546, 40.748083934191307 ], [ -73.922214301129571, 40.748096258786795 ], [ -73.922163658304598, 40.748104475904725 ], [ -73.922095965078782, 40.748118685060042 ], [ -73.922014562232135, 40.748137210853216 ], [ -73.921942310345727, 40.748158377756795 ], [ -73.921834751462882, 40.748193873750459 ], [ -73.921745248698301, 40.748228134728109 ], [ -73.921700479686436, 40.748248717744325 ], [ -73.921641043753326, 40.748277065692378 ], [ -73.921523971890792, 40.748342489466175 ], [ -73.921452432757434, 40.748387527175105 ], [ -73.921371126673563, 40.748447998117044 ], [ -73.921307445729781, 40.748499171713064 ], [ -73.921302012713298, 40.748503536302451 ], [ -73.921237035968829, 40.74856107558184 ], [ -73.921165394843683, 40.748631753075301 ], [ -73.92109820754186, 40.748710886587283 ], [ -73.921096807200442, 40.748712536238742 ], [ -73.921025500600891, 40.748807411357554 ], [ -73.920953312329416, 40.748932552674454 ], [ -73.920907543728774, 40.74903632335289 ], [ -73.921255590297037, 40.749120337992117 ], [ -73.92125919207767, 40.749131511242858 ], [ -73.9212835893658, 40.749207182936793 ], [ -73.92516287460181, 40.748509364715211 ], [ -73.925184128682787, 40.748408480571278 ], [ -73.925238875121096, 40.7481486294798 ], [ -73.923514291416254, 40.748083001082328 ], [ -73.923130706684148, 40.748068400196352 ], [ -73.922908337813723, 40.74805993518833 ] ] ] ] } },
{ "type": "Feature", "properties": { "Borough": "QN", "Block": 183, "Lot": 8, "CD": 401, "BCT2020": "4017102", "BCTCB2020": "40171021002", "CT2010": "171", "CB2010": "1002", "SchoolDist": "30", "Council": 26, "ZipCode": 11101, "FireComp": "L163", "PolicePrct": 114, "HealthCent": 41, "HealthArea": 720, "Sanitboro": "4", "SanitDistr": "01", "SanitSub": "5C", "Address": "40-08 NORTHERN BOULEVARD", "ZoneDist1": "M1-1", "ZoneDist2": null, "ZoneDist3": null, "ZoneDist4": null, "Overlay1": null, "Overlay2": null, "SPDist1": null, "SPDist2": null, "SPDist3": null, "LtdHeight": null, "SplitZone": "N", "BldgClass": "U6", "LandUse": "07", "Easements": 0, "OwnerType": "X", "OwnerName": "MTA - LIRR", "LotArea": 14920, "BldgArea": 0, "ComArea": 0, "ResArea": 0, "OfficeArea": 0, "RetailArea": 0, "GarageArea": 0, "StrgeArea": 0, "FactryArea": 0, "OtherArea": 0, "AreaSource": "7", "NumBldgs": 0, "NumFloors": 0.0, "UnitsRes": 0, "UnitsTotal": 0, "LotFront": 20.0, "LotDepth": 740.0, "BldgFront": 0.0, "BldgDepth": 0.0, "Ext": "N", "ProxCode": "0", "IrrLotCode": "Y", "LotType": "5", "BsmtCode": "0", "AssessLand": 0.0, "AssessTot": 0.0, "ExemptTot": 0.0, "YearBuilt": 0, "YearAlter1": 0, "YearAlter2": 0, "HistDist": null, "Landmark": null, "BuiltFAR": 0.0, "ResidFAR": 0.0, "CommFAR": 1.0, "FacilFAR": 2.4, "BoroCode": 4, "BBL": 4001830008.0, "CondoNo": 0, "Tract2010": "0171", "XCoord": 1005483, "YCoord": 213145, "ZoneMap": "9b", "ZMCode": null, "Sanborn": "401 092", "TaxMap": "40202", "EDesigNum": null, "APPBBL": 0.0, "APPDate": null, "PLUTOMapID": "1", "FIRM07_FLA": null, "PFIRM15_FL": null, "Version": "25v4", "DCPEdited": "t", "Latitude": 40.7516848, "Longitude": -73.9233648, "Notes": null, "Shape_Leng": 0.0, "Shape_Area": 14919.642899 }, "geometry": { "type": "MultiPolygon", "coordinates": [ [ [ [ -73.922516453889742, 40.751722333095124 ], [ -73.922153073741271, 40.75172974920121 ], [ -73.921842587721997, 40.751736084428856 ], [ -73.922202155903975, 40.751672139166352 ], [ -73.924504105876736, 40.751631324332905 ], [ -73.924584545612888, 40.751629897585794 ], [ -73.92454883881291, 40.751797508215503 ], [ -73.924462328015082, 40.751834290289082 ], [ -73.924494145605223, 40.751681955167037 ], [ -73.922516453889742, 40.751722333095124 ] ] ] ] } },
{ "type": "Feature", "properties": { "Borough": "QN", "Block": 183, "Lot": 250, "CD": 402, "BCT2020": "4017101", "BCTCB2020": "40171011009", "CT2010": "171", "CB2010": "1021", "SchoolDist": "30", "Council": 26, "ZipCode": 11104, "FireComp": "L163", "PolicePrct": 108, "HealthCent": 41, "HealthArea": 720, "Sanitboro": "4", "SanitDistr": "02", "SanitSub": "2E", "Address": "39-34 43 STREET", "ZoneDist1": "M1-1", "ZoneDist2": null, "ZoneDist3": null, "ZoneDist4": null, "Overlay1": null, "Overlay2": null, "SPDist1": null, "SPDist2": null, "SPDist3": null, "LtdHeight": null, "SplitZone": "N", "BldgClass": "E1", "LandUse": "06", "Easements": 1, "OwnerType": null, "OwnerName": "JGK INDUSTRIES, L.L.C.", "LotArea": 118650, "BldgArea": 98000, "ComArea": 98000, "ResArea": 0, "OfficeArea": 4000, "RetailArea": 0, "GarageArea": 0, "StrgeArea": 94000, "FactryArea": 0, "OtherArea": 0, "AreaSource": "2", "NumBldgs": 1, "NumFloors": 2.0, "UnitsRes": 0, "UnitsTotal": 1, "LotFront": 421.0, "LotDepth": 777.0, "BldgFront": 112.0, "BldgDepth": 420.0, "Ext": "N", "ProxCode": "0", "IrrLotCode": "Y", "LotType": "5", "BsmtCode": "0", "AssessLand": 2135700.0, "AssessTot": 6386850.0, "ExemptTot": 0.0, "YearBuilt": 1962, "YearAlter1": 1997, "YearAlter2": 0, "HistDist": null, "Landmark": null, "BuiltFAR": 0.83, "ResidFAR": 0.0, "CommFAR": 1.0, "FacilFAR": 2.4, "BoroCode": 4, "BBL": 4001830250.0, "CondoNo": 0, "Tract2010": "0171", "XCoord": 1005941, "YCoord": 211758, "ZoneMap": "9b", "ZMCode": null, "Sanborn": "401 068", "TaxMap": "40202", "EDesigNum": null, "APPBBL": 0.0, "APPDate": null, "PLUTOMapID": "1", "FIRM07_FLA": null, "PFIRM15_FL": null, "Version": "25v4", "DCPEdited": null, "Latitude": 40.7478767, "Longitude": -73.9217162, "Notes": null, "Shape_Leng": 0.0, "Shape_Area": 123098.314281 }, "geometry": { "type": "MultiPolygon", "coordinates": [ [ [ [ -73.920520516547413, 40.748961386615235 ], [ -73.920613088847318, 40.748495599369917 ], [ -73.920640707414876, 40.748356635402239 ], [ -73.920747181817589, 40.74782088570764 ], [ -73.921096843012933, 40.747858861848698 ], [ -73.921129384887465, 40.747701852236467 ], [ -73.921202563049121, 40.747660203576217 ], [ -73.921259393128096, 40.747630329531837 ], [ -73.921331378405256, 40.747598040776097 ], [ -73.921407665521954, 40.747564528375364 ], [ -73.921475726335814, 40.747538542218635 ], [ -73.921546487079254, 40.747514270551235 ], [ -73.921628963270877, 40.747488636223537 ], [ -73.921688507163992, 40.7474746045907 ], [ -73.921772939408626, 40.747454978866443 ], [ -73.921838046688237, 40.747442217971361 ], [ -73.921906335925712, 40.747433266483704 ], [ -73.921955616734678, 40.747428920757677 ], [ -73.92205228380503, 40.747429383461203 ], [ -73.922130577378368, 40.747434292972237 ], [ -73.922808029877714, 40.747511724908144 ], [ -73.92299245334759, 40.747532803308495 ], [ -73.923344265479173, 40.747573013648029 ], [ -73.923353901258864, 40.747574114176999 ], [ -73.923360325148352, 40.747574848810544 ], [ -73.923314286528651, 40.747808015629012 ], [ -73.922958447166195, 40.7477996119636 ], [ -73.922691204287574, 40.74779330199398 ], [ -73.922595308599881, 40.747793956958233 ], [ -73.922515534373716, 40.747798290528664 ], [ -73.922409265424733, 40.747807738960702 ], [ -73.922329386851118, 40.747819262826667 ], [ -73.922266585633352, 40.74782807061537 ], [ -73.922169487768286, 40.747845180251872 ], [ -73.922028380021942, 40.747874872472032 ], [ -73.921874375533577, 40.747914398276492 ], [ -73.921763577517282, 40.747950821297827 ], [ -73.921651203585796, 40.747993118080899 ], [ -73.921545684295367, 40.748039332124485 ], [ -73.921428151440765, 40.748093360493534 ], [ -73.921331655665, 40.748145459044558 ], [ -73.921195379943711, 40.748233368451444 ], [ -73.92105450267006, 40.748346148414349 ], [ -73.92099858315656, 40.748393442331874 ], [ -73.920947853738056, 40.748436347138899 ], [ -73.920885022184109, 40.748503867079293 ], [ -73.920868494123454, 40.748523438925005 ], [ -73.920817281602652, 40.748584084281688 ], [ -73.920714154142019, 40.748724368608663 ], [ -73.920619596847629, 40.748881263259513 ], [ -73.92057883399039, 40.748967263947698 ], [ -73.920520516547413, 40.748961386615235 ] ] ] ] } },
{ "type": "Feature", "properties": { "Borough": "QN", "Block": 183, "Lot": 289, "CD": 402, "BCT2020": "4017101", "BCTCB2020": "40171011009", "CT2010": "171", "CB2010": "1021", "SchoolDist": "30", "Council": 26, "ZipCode": 11104, "FireComp": "L163", "PolicePrct": 108, "HealthCent": 41, "HealthArea": 720, "Sanitboro": "4", "SanitDistr": "02", "SanitSub": "2E", "Address": "41-15 SKILLMAN AVENUE", "ZoneDist1": "PARK", "ZoneDist2": null, "ZoneDist3": null, "ZoneDist4": null, "Overlay1": null, "Overlay2": null, "SPDist1": null, "SPDist2": null, "SPDist3": null, "LtdHeight": null, "SplitZone": "N", "BldgClass": "Q2", "LandUse": "09", "Easements": 0, "OwnerType": "C", "OwnerName": "NYC DEPARTMENT OF PARKS AND RECREATION", "LotArea": 107000, "BldgArea": 200, "ComArea": 200, "ResArea": 0, "OfficeArea": 0, "RetailArea": 0, "GarageArea": 0, "StrgeArea": 0, "FactryArea": 0, "OtherArea": 200, "AreaSource": "2", "NumBldgs": 1, "NumFloors": 1.0, "UnitsRes": 0, "UnitsTotal": 1, "LotFront": 545.0, "LotDepth": 300.0, "BldgFront": 10.0, "BldgDepth": 20.0, "Ext": "N", "ProxCode": "0", "IrrLotCode": "Y", "LotType": "3", "BsmtCode": "0", "AssessLand": 1890000.0, "AssessTot": 2252250.0, "ExemptTot": 2252250.0, "YearBuilt": 1930, "YearAlter1": 0, "YearAlter2": 0, "HistDist": null, "Landmark": null, "BuiltFAR": 0.0, "ResidFAR": 0.0, "CommFAR": 0.0, "FacilFAR": 0.0, "BoroCode": 4, "BBL": 4001830288.9999995, "CondoNo": 0, "Tract2010": "0171", "XCoord": 1005970, "YCoord": 211566, "ZoneMap": "9b", "ZMCode": null, "Sanborn": "401 066", "TaxMap": "40202", "EDesigNum": null, "APPBBL": 0.0, "APPDate": null, "PLUTOMapID": "1", "FIRM07_FLA": null, "PFIRM15_FL": null, "Version": "25v4", "DCPEdited": "t", "Latitude": 40.7473497, "Longitude": -73.9216122, "Notes": null, "Shape_Leng": 0.0, "Shape_Area": 90807.584262699995 }, "geometry": { "type": "MultiPolygon", "coordinates": [ [ [ [ -73.920747181817589, 40.74782088570764 ], [ -73.920911654249352, 40.746993296757815 ], [ -73.922865539853859, 40.747220479738516 ], [ -73.922808029877714, 40.747511724908144 ], [ -73.922130577378368, 40.747434292972237 ], [ -73.92205228380503, 40.747429383461203 ], [ -73.921955616734678, 40.747428920757677 ], [ -73.921906335925712, 40.747433266483704 ], [ -73.921838046688237, 40.747442217971361 ], [ -73.921772939408626, 40.747454978866443 ], [ -73.921688507163992, 40.7474746045907 ], [ -73.921628963270877, 40.747488636223537 ], [ -73.921546487079254, 40.747514270551235 ], [ -73.921475726335814, 40.747538542218635 ], [ -73.921407665521954, 40.747564528375364 ], [ -73.921331378405256, 40.747598040776097 ], [ -73.921259393128096, 40.747630329531837 ], [ -73.921202563049121, 40.747660203576217 ], [ -73.921129384887465, 40.747701852236467 ], [ -73.921096843012933, 40.747858861848698 ], [ -73.920747181817589, 40.74782088570764 ] ] ] ] } },
{ "type": "Feature", "properties": { "Borough": "QN", "Block": 183, "Lot": 290, "CD": 402, "BCT2020": "4017101", "BCTCB2020": "40171011009", "CT2010": "171", "CB2010": "1021", "SchoolDist": "30", "Council": 26, "ZipCode": 11104, "FireComp": "L163", "PolicePrct": 108, "HealthCent": 41, "HealthArea": 720, "Sanitboro": "4", "SanitDistr": "02", "SanitSub": "2E", "Address": "40-11 SKILLMAN AVENUE", "ZoneDist1": "M1-1", "ZoneDist2": null, "ZoneDist3": null, "ZoneDist4": null, "Overlay1": null, "Overlay2": null, "SPDist1": null, "SPDist2": null, "SPDist3": null, "LtdHeight": null, "SplitZone": "N", "BldgClass": "F1", "LandUse": "06", "Easements": 0, "OwnerType": null, "OwnerName": "K OF NEW YORK HOLDING LLC", "LotArea": 4875, "BldgArea": 4866, "ComArea": 4866, "ResArea": 0, "OfficeArea": 0, "RetailArea": 0, "GarageArea": 0, "StrgeArea": 0, "FactryArea": 4866, "OtherArea": 0, "AreaSource": "2", "NumBldgs": 1, "NumFloors": 1.0, "UnitsRes": 0, "UnitsTotal": 1, "LotFront": 50.0, "LotDepth": 97.5, "BldgFront": 50.0, "BldgDepth": 97.0, "Ext": "N", "ProxCode": "0", "IrrLotCode": "N", "LotType": "5", "BsmtCode": "0", "AssessLand": 87750.0, "AssessTot": 281700.0, "ExemptTot": 0.0, "YearBuilt": 1960, "YearAlter1": 0, "YearAlter2": 0, "HistDist": null, "Landmark": null, "BuiltFAR": 1.0, "ResidFAR": 0.0, "CommFAR": 1.0, "FacilFAR": 2.4, "BoroCode": 4, "BBL": 4001830290.0, "CondoNo": 0, "Tract2010": "0171", "XCoord": 1005605, "YCoord": 211575, "ZoneMap": "9b", "ZMCode": null, "Sanborn": "401 066", "TaxMap": "40202", "EDesigNum": null, "APPBBL": 0.0, "APPDate": null, "PLUTOMapID": "1", "FIRM07_FLA": null, "PFIRM15_FL": null, "Version": "25v4", "DCPEdited": null, "Latitude": 40.7473752, "Longitude": -73.9229294, "Notes": null, "Shape_Leng": 0.0, "Shape_Area": 5541.2772111000004 }, "geometry": { "type": "MultiPolygon", "coordinates": [ [ [ [ -73.923049891064892, 40.747241913721979 ], [ -73.92299245334759, 40.747532803308495 ], [ -73.922808029877714, 40.747511724908144 ], [ -73.922865539853859, 40.747220479738516 ], [ -73.923049891064892, 40.747241913721979 ] ] ] ] } },
{ "type": "Feature", "properties": { "Borough": "QN", "Block": 183, "Lot": 292, "CD": 402, "BCT2020": "4018300", "BCTCB2020": "40183001002", "CT2010": "183", "CB2010": "1002", "SchoolDist": "30", "Council": 26, "ZipCode": 11104, "FireComp": "L163", "PolicePrct": 108, "HealthCent": 41, "HealthArea": 910, "Sanitboro": "4", "SanitDistr": "02", "SanitSub": "2E", "Address": "40-05 SKILLMAN AVENUE", "ZoneDist1": "M1-1", "ZoneDist2": null, "ZoneDist3": null, "ZoneDist4": null, "Overlay1": null, "Overlay2": null, "SPDist1": null, "SPDist2": null, "SPDist3": null, "LtdHeight": null, "SplitZone": "N", "BldgClass": "F5", "LandUse": "06", "Easements": 0, "OwnerType": null, "OwnerName": "40-05 SKILLMAN AVE LIC LLC,", "LotArea": 9767, "BldgArea": 19400, "ComArea": 19400, "ResArea": 0, "OfficeArea": 0, "RetailArea": 0, "GarageArea": 0, "StrgeArea": 0, "FactryArea": 19400, "OtherArea": 0, "AreaSource": "2", "NumBldgs": 1, "NumFloors": 2.0, "UnitsRes": 0, "UnitsTotal": 1, "LotFront": 100.0, "LotDepth": 97.5, "BldgFront": 100.0, "BldgDepth": 95.0, "Ext": "N", "ProxCode": "2", "IrrLotCode": "N", "LotType": "5", "BsmtCode": "0", "AssessLand": 285750.0, "AssessTot": 1531800.0, "ExemptTot": 0.0, "YearBuilt": 1932, "YearAlter1": 2015, "YearAlter2": 1994, "HistDist": null, "Landmark": null, "BuiltFAR": 1.99, "ResidFAR": 0.0, "CommFAR": 1.0, "FacilFAR": 2.4, "BoroCode": 4, "BBL": 4001830292.0, "CondoNo": 0, "Tract2010": "0183", "XCoord": 1005530, "YCoord": 211586, "ZoneMap": "9b", "ZMCode": null, "Sanborn": "401 066", "TaxMap": "40202", "EDesigNum": null, "APPBBL": 0.0, "APPDate": null, "PLUTOMapID": "1", "FIRM07_FLA": null, "PFIRM15_FL": null, "Version": "25v4", "DCPEdited": null, "Latitude": 40.7474056, "Longitude": -73.9232001, "Notes": null, "Shape_Leng": 0.0, "Shape_Area": 10551.998960200001 }, "geometry": { "type": "MultiPolygon", "coordinates": [ [ [ [ -73.92299245334759, 40.747532803308495 ], [ -73.923049891064892, 40.747241913721979 ], [ -73.923401568361342, 40.747282800943552 ], [ -73.923344265479173, 40.747573013648029 ], [ -73.92299245334759, 40.747532803308495 ] ] ] ] } },
{ "type": "Feature", "properties": { "Borough": "QN", "Block": 183, "Lot": 298, "CD": 402, "BCT2020": "4017101", "BCTCB2020": "40171011009", "CT2010": "171", "CB2010": "1021", "SchoolDist": "30", "Council": 26, "ZipCode": 11104, "FireComp": "L163", "PolicePrct": 108, "HealthCent": 41, "HealthArea": 720, "Sanitboro": "4", "SanitDistr": "02", "SanitSub": "2E", "Address": "SKILLMAN AVENUE", "ZoneDist1": "M1-1", "ZoneDist2": null, "ZoneDist3": null, "ZoneDist4": null, "Overlay1": null, "Overlay2": null, "SPDist1": null, "SPDist2": null, "SPDist3": null, "LtdHeight": null, "SplitZone": "N", "BldgClass": "G7", "LandUse": "10", "Easements": 0, "OwnerType": null, "OwnerName": "ESCO ESTATES, LLC", "LotArea": 7120, "BldgArea": 0, "ComArea": 0, "ResArea": 0, "OfficeArea": 0, "RetailArea": 0, "GarageArea": 0, "StrgeArea": 0, "FactryArea": 0, "OtherArea": 0, "AreaSource": "7", "NumBldgs": 0, "NumFloors": 0.0, "UnitsRes": 0, "UnitsTotal": 0, "LotFront": 40.0, "LotDepth": 176.0, "BldgFront": 0.0, "BldgDepth": 0.0, "Ext": null, "ProxCode": "0", "IrrLotCode": "Y", "LotType": "5", "BsmtCode": "5", "AssessLand": 138600.0, "AssessTot": 138600.0, "ExemptTot": 0.0, "YearBuilt": 0, "YearAlter1": 0, "YearAlter2": 0, "HistDist": null, "Landmark": null, "BuiltFAR": 0.0, "ResidFAR": 0.0, "CommFAR": 1.0, "FacilFAR": 2.4, "BoroCode": 4, "BBL": 4001830298.0000005, "CondoNo": 0, "Tract2010": "0171", "XCoord": 1005463, "YCoord": 211639, "ZoneMap": "9b", "ZMCode": null, "Sanborn": "401 066", "TaxMap": "40202", "EDesigNum": null, "APPBBL": 0.0, "APPDate": null, "PLUTOMapID": "1", "FIRM07_FLA": null, "PFIRM15_FL": null, "Version": "25v4", "DCPEdited": null, "Latitude": 40.7475513, "Longitude": -73.9234417, "Notes": null, "Shape_Leng": 0.0, "Shape_Area": 7820.9835887 }, "geometry": { "type": "MultiPolygon", "coordinates": [ [ [ [ -73.923564227419149, 40.747301709098458 ], [ -73.923463560936867, 40.747811539707349 ], [ -73.923314286528651, 40.747808015629012 ], [ -73.923360325148352, 40.747574848810544 ], [ -73.923417621989131, 40.747284665793401 ], [ -73.923564227419149, 40.747301709098458 ] ] ] ] } },
{ "type": "Feature", "properties": { "Borough": "QN", "Block": 183, "Lot": 299, "CD": 402, "BCT2020": "4017101", "BCTCB2020": "40171011009", "CT2010": "171", "CB2010": "1021", "SchoolDist": "30", "Council": 26, "ZipCode": 11101, "FireComp": "L163", "PolicePrct": 108, "HealthCent": 41, "HealthArea": 720, "Sanitboro": "4", "SanitDistr": "02", "SanitSub": "2E", "Address": "39-15 SKILLMAN AVENUE", "ZoneDist1": "M1-1", "ZoneDist2": null, "ZoneDist3": null, "ZoneDist4": null, "Overlay1": null, "Overlay2": null, "SPDist1": null, "SPDist2": null, "SPDist3": null, "LtdHeight": null, "SplitZone": "N", "BldgClass": "E9", "LandUse": "06", "Easements": 1, "OwnerType": null, "OwnerName": "39-15 SKILLMAN REALTY CO", "LotArea": 74125, "BldgArea": 168400, "ComArea": 168400, "ResArea": 0, "OfficeArea": 8000, "RetailArea": 0, "GarageArea": 0, "StrgeArea": 160400, "FactryArea": 0, "OtherArea": 0, "AreaSource": "2", "NumBldgs": 1, "NumFloors": 2.0, "UnitsRes": 0, "UnitsTotal": 4, "LotFront": 500.0, "LotDepth": 176.0, "BldgFront": 486.0, "BldgDepth": 173.0, "Ext": "N", "ProxCode": "0", "IrrLotCode": "Y", "LotType": "3", "BsmtCode": "0", "AssessLand": 1977750.0, "AssessTot": 7288200.0, "ExemptTot": 0.0, "YearBuilt": 1965, "YearAlter1": 0, "YearAlter2": 0, "HistDist": null, "Landmark": null, "BuiltFAR": 2.27, "ResidFAR": 0.0, "CommFAR": 1.0, "FacilFAR": 2.4, "BoroCode": 4, "BBL": 4001830298.9999995, "CondoNo": 0, "Tract2010": "0171", "XCoord": 1005206, "YCoord": 211662, "ZoneMap": "9b", "ZMCode": null, "Sanborn": "401 066", "TaxMap": "40202", "EDesigNum": null, "APPBBL": 0.0, "APPDate": null, "PLUTOMapID": "1", "FIRM07_FLA": null, "PFIRM15_FL": null, "Version": "25v4", "DCPEdited": null, "Latitude": 40.747615, "Longitude": -73.9243692, "Notes": null, "Shape_Leng": 0.0, "Shape_Area": 79573.601714699995 }, "geometry": { "type": "MultiPolygon", "coordinates": [ [ [ [ -73.923463560936867, 40.747811539707349 ], [ -73.923564227419149, 40.747301709098458 ], [ -73.925373006884058, 40.747511978376181 ], [ -73.925337154393745, 40.747682151435832 ], [ -73.925300758928898, 40.747854900603706 ], [ -73.925200947245614, 40.747852545691352 ], [ -73.923463560936867, 40.747811539707349 ] ] ] ] } },
{ "type": "Feature", "properties": { "Borough": "QN", "Block": 183, "Lot": 332, "CD": 402, "BCT2020": "4017101", "BCTCB2020": "40171011009", "CT2010": "171", "CB2010": "1022", "SchoolDist": "30", "Council": 26, "ZipCode": 11104, "FireComp": "L163", "PolicePrct": 108, "HealthCent": 41, "HealthArea": 720, "Sanitboro": "4", "SanitDistr": "02", "SanitSub": "2E", "Address": "39-10 43 STREET", "ZoneDist1": "M1-1", "ZoneDist2": null, "ZoneDist3": null, "ZoneDist4": null, "Overlay1": null, "Overlay2": null, "SPDist1": null, "SPDist2": null, "SPDist3": null, "LtdHeight": null, "SplitZone": "N", "BldgClass": "G2", "LandUse": "07", "Easements": 0, "OwnerType": null, "OwnerName": "ARGONAUT HOLDINGS INC.", "LotArea": 292787, "BldgArea": 82825, "ComArea": 82825, "ResArea": 0, "OfficeArea": 0, "RetailArea": 0, "GarageArea": 82825, "StrgeArea": 0, "FactryArea": 0, "OtherArea": 0, "AreaSource": "2", "NumBldgs": 1, "NumFloors": 1.0, "UnitsRes": 0, "UnitsTotal": 1, "LotFront": 134.0, "LotDepth": 108.58, "BldgFront": 435.0, "BldgDepth": 228.0, "Ext": "N", "ProxCode": "0", "IrrLotCode": "Y", "LotType": "5", "BsmtCode": "0", "AssessLand": 3143700.0, "AssessTot": 6687900.0, "ExemptTot": 0.0, "YearBuilt": 1989, "YearAlter1": 0, "YearAlter2": 0, "HistDist": null, "Landmark": null, "BuiltFAR": 0.28, "ResidFAR": 0.0, "CommFAR": 1.0, "FacilFAR": 2.4, "BoroCode": 4, "BBL": 4001830331.9999995, "CondoNo": 0, "Tract2010": "0171", "XCoord": 1005610, "YCoord": 211996, "ZoneMap": "9b", "ZMCode": null, "Sanborn": "401 066", "TaxMap": "40202", "EDesigNum": null, "APPBBL": 0.0, "APPDate": null, "PLUTOMapID": "1", "FIRM07_FLA": null, "PFIRM15_FL": null, "Version": "25v4", "DCPEdited": null, "Latitude": 40.7485308, "Longitude": -73.9229101, "Notes": null, "Shape_Leng": 0.0, "Shape_Area": 298858.65525000001 }, "geometry": { "type": "MultiPolygon", "coordinates": [ [ [ [ -73.922908337813723, 40.74805993518833 ], [ -73.923130706684148, 40.748068400196352 ], [ -73.923514291416254, 40.748083001082328 ], [ -73.925238875121096, 40.7481486294798 ], [ -73.925184128682787, 40.748408480571278 ], [ -73.92516287460181, 40.748509364715211 ], [ -73.9212835893658, 40.749207182936793 ], [ -73.92125919207767, 40.749131511242858 ], [ -73.921255590297037, 40.749120337992117 ], [ -73.920907543728774, 40.74903632335289 ], [ -73.920953312329416, 40.748932552674454 ], [ -73.921025500600891, 40.748807411357554 ], [ -73.921096807200442, 40.748712536238742 ], [ -73.92109820754186, 40.748710886587283 ], [ -73.921165394843683, 40.748631753075301 ], [ -73.921237035968829, 40.74856107558184 ], [ -73.921302012713298, 40.748503536302451 ], [ -73.921307445729781, 40.748499171713064 ], [ -73.921371126673563, 40.748447998117044 ], [ -73.921452432757434, 40.748387527175105 ], [ -73.921523971890792, 40.748342489466175 ], [ -73.921641043753326, 40.748277065692378 ], [ -73.921700479686436, 40.748248717744325 ], [ -73.921745248698301, 40.748228134728109 ], [ -73.921834751462882, 40.748193873750459 ], [ -73.921942310345727, 40.748158377756795 ], [ -73.922014562232135, 40.748137210853216 ], [ -73.922095965078782, 40.748118685060042 ], [ -73.922163658304598, 40.748104475904725 ], [ -73.922214301129571, 40.748096258786795 ], [ -73.922291059737546, 40.748083934191307 ], [ -73.922364911127303, 40.74807293217048 ], [ -73.922436432259374, 40.748065907817974 ], [ -73.922503298807442, 40.748061974534608 ], [ -73.922580055494521, 40.748060480034646 ], [ -73.922636363123871, 40.748060005514397 ], [ -73.922908337813723, 40.74805993518833 ] ] ] ] } },
{ "type": "Feature", "properties": { "Borough": "QN", "Block": 214, "Lot": 68, "CD": 401, "BCT2020": "4017102", "BCTCB2020": "40171021003", "CT2010": "171", "CB2010": "1004", "SchoolDist": "30", "Council": 26, "ZipCode": 11101, "FireComp": "L128", "PolicePrct": 114, "HealthCent": 41, "HealthArea": 720, "Sanitboro": "4", "SanitDistr": "01", "SanitSub": "6D", "Address": "39 STREET", "ZoneDist1": "M1-1", "ZoneDist2": null, "ZoneDist3": null, "ZoneDist4": null, "Overlay1": null, "Overlay2": null, "SPDist1": null, "SPDist2": null, "SPDist3": null, "LtdHeight": null, "SplitZone": "N", "BldgClass": "U7", "LandUse": "07", "Easements": 0, "OwnerType": "X", "OwnerName": "MTA - LIRR", "LotArea": 188539, "BldgArea": 0, "ComArea": 0, "ResArea": 0, "OfficeArea": 0, "RetailArea": 0, "GarageArea": 0, "StrgeArea": 0, "FactryArea": 0, "OtherArea": 0, "AreaSource": "7", "NumBldgs": 1, "NumFloors": 0.0, "UnitsRes": 0, "UnitsTotal": 0, "LotFront": 75.0, "LotDepth": 1600.0, "BldgFront": 0.0, "BldgDepth": 0.0, "Ext": "N", "ProxCode": "0", "IrrLotCode": "N", "LotType": "5", "BsmtCode": "0", "AssessLand": 0.0, "AssessTot": 0.0, "ExemptTot": 0.0, "YearBuilt": 0, "YearAlter1": 0, "YearAlter2": 0, "HistDist": null, "Landmark": null, "BuiltFAR": 0.0, "ResidFAR": 0.0, "CommFAR": 1.0, "FacilFAR": 2.4, "BoroCode": 4, "BBL": 4002140068.0000005, "CondoNo": 0, "Tract2010": "0171", "XCoord": 1005110, "YCoord": 213197, "ZoneMap": "9b", "ZMCode": null, "Sanborn": "401 063", "TaxMap": "40202", "EDesigNum": null, "APPBBL": 0.0, "APPDate": null, "PLUTOMapID": "1", "FIRM07_FLA": null, "PFIRM15_FL": null, "Version": "25v4", "DCPEdited": "t", "Latitude": 40.7518284, "Longitude": -73.9247109, "Notes": null, "Shape_Leng": 0.0, "Shape_Area": 188539.24407700001 }, "geometry": { "type": "MultiPolygon", "coordinates": [ [ [ [ -73.92454883881291, 40.751797508215503 ], [ -73.924584545612888, 40.751629897585794 ], [ -73.924744620966777, 40.751623870914401 ], [ -73.924752884157783, 40.751623560253208 ], [ -73.927714763260852, 40.751512022503611 ], [ -73.928761338285298, 40.751423594763125 ], [ -73.92938975216434, 40.751324634767933 ], [ -73.929929441053474, 40.751217977366046 ], [ -73.930140262299119, 40.751161790595418 ], [ -73.930274916061265, 40.751118821771378 ], [ -73.930391149443651, 40.751073620961868 ], [ -73.930481566975757, 40.751033498668285 ], [ -73.930560435896169, 40.750996644377203 ], [ -73.93061940936623, 40.750964176129983 ], [ -73.931130090984624, 40.750656922804765 ], [ -73.931226797284197, 40.750598738596217 ], [ -73.931492926403777, 40.751087132120858 ], [ -73.931389952168942, 40.751125691719011 ], [ -73.931451031960677, 40.751236924673528 ], [ -73.930656256796453, 40.751480402771847 ], [ -73.930313407387047, 40.751529320943575 ], [ -73.930315577327832, 40.751581993830762 ], [ -73.930294508706666, 40.751582506947223 ], [ -73.93018731606476, 40.751585117364705 ], [ -73.930126305713785, 40.751586603923428 ], [ -73.930032513033709, 40.751588888200295 ], [ -73.929765006339494, 40.751595402360195 ], [ -73.929427961910051, 40.751603608517712 ], [ -73.9293106790564, 40.751606464914211 ], [ -73.929249353702872, 40.751607957172922 ], [ -73.929236754170446, 40.751608264567857 ], [ -73.929051941991844, 40.751612763116867 ], [ -73.92902204821408, 40.751614240428026 ], [ -73.927930034811325, 40.751668165174479 ], [ -73.927557081511978, 40.751684696486691 ], [ -73.927552896642453, 40.751684881164216 ], [ -73.92745081822126, 40.751689388668517 ], [ -73.927355485043108, 40.751693597827995 ], [ -73.927339119611034, 40.751694320433948 ], [ -73.927205069286529, 40.751700239356758 ], [ -73.926594848749119, 40.751727178199218 ], [ -73.926382272541701, 40.75173422210375 ], [ -73.925820559234964, 40.751752834749304 ], [ -73.924713617257609, 40.751847656505504 ], [ -73.924700874747913, 40.751848747708763 ], [ -73.924711672955553, 40.751793144809525 ], [ -73.92454883881291, 40.751797508215503 ] ] ] ] } },
{ "type": "Feature", "properties": { "Borough": "QN", "Block": 239, "Lot": 34, "CD": 401, "BCT2020": "4017102", "BCTCB2020": "40171021004", "CT2010": "171", "CB2010": "1005", "SchoolDist": "30", "Council": 26, "ZipCode": 11101, "FireComp": "L128", "PolicePrct": 114, "HealthCent": 41, "HealthArea": 720, "Sanitboro": "4", "SanitDistr": "01", "SanitSub": "6D", "Address": "29-46 NORTHERN BOULEVARD", "ZoneDist1": "M1-5", "ZoneDist2": null, "ZoneDist3": null, "ZoneDist4": null, "Overlay1": null, "Overlay2": null, "SPDist1": null, "SPDist2": null, "SPDist3": null, "LtdHeight": null, "SplitZone": "N", "BldgClass": "W8", "LandUse": "08", "Easements": 0, "OwnerType": "X", "OwnerName": "NEW YORK CITY OUTWARD BOUND CENTER, INC", "LotArea": 5900, "BldgArea": 23583, "ComArea": 23583, "ResArea": 0, "OfficeArea": 0, "RetailArea": 0, "GarageArea": 0, "StrgeArea": 0, "FactryArea": 0, "OtherArea": 23583, "AreaSource": "2", "NumBldgs": 1, "NumFloors": 5.0, "UnitsRes": 0, "UnitsTotal": 1, "LotFront": 37.25, "LotDepth": 181.75, "BldgFront": 32.0, "BldgDepth": 145.0, "Ext": "N", "ProxCode": "0", "IrrLotCode": "Y", "LotType": "3", "BsmtCode": "0", "AssessLand": 265500.0, "AssessTot": 1922400.0, "ExemptTot": 1922400.0, "YearBuilt": 1931, "YearAlter1": 2000, "YearAlter2": 0, "HistDist": null, "Landmark": null, "BuiltFAR": 4.0, "ResidFAR": 0.0, "CommFAR": 5.0, "FacilFAR": 6.5, "BoroCode": 4, "BBL": 4002390034.0, "CondoNo": 0, "Tract2010": "0171", "XCoord": 1002111, "YCoord": 212391, "ZoneMap": "9b", "ZMCode": null, "Sanborn": "401 054", "TaxMap": "40203", "EDesigNum": null, "APPBBL": 0.0, "APPDate": null, "PLUTOMapID": "1", "FIRM07_FLA": null, "PFIRM15_FL": null, "Version": "25v4", "DCPEdited": null, "Latitude": 40.7496227, "Longitude": -73.9355372, "Notes": null, "Shape_Leng": 0.0, "Shape_Area": 6457.5315689 }, "geometry": { "type": "MultiPolygon", "coordinates": [ [ [ [ -73.935444974868872, 40.749594957525574 ], [ -73.935392989570673, 40.749643600605701 ], [ -73.935196342004247, 40.749518461092812 ], [ -73.935293305728862, 40.749452075555531 ], [ -73.93588237871667, 40.749737121846401 ], [ -73.935797133041447, 40.74981688964435 ], [ -73.935444974868872, 40.749594957525574 ] ] ] ] } },
{ "type": "Feature", "properties": { "Borough": "QN", "Block": 239, "Lot": 60, "CD": 401, "BCT2020": "4017102", "BCTCB2020": "40171021004", "CT2010": "171", "CB2010": "1005", "SchoolDist": "30", "Council": 26, "ZipCode": 11101, "FireComp": "L128", "PolicePrct": 114, "HealthCent": 41, "HealthArea": 720, "Sanitboro": "4", "SanitDistr": "01", "SanitSub": "6D", "Address": "30-30 NORTHERN BOULEVARD", "ZoneDist1": "M1-5", "ZoneDist2": null, "ZoneDist3": null, "ZoneDist4": null, "Overlay1": null, "Overlay2": null, "SPDist1": null, "SPDist2": null, "SPDist3": null, "LtdHeight": null, "SplitZone": "N", "BldgClass": "O6", "LandUse": "05", "Easements": 1, "OwnerType": null, "OwnerName": "3030 EQUITIES, LLC", "LotArea": 103000, "BldgArea": 246835, "ComArea": 246835, "ResArea": 0, "OfficeArea": 212545, "RetailArea": 4800, "GarageArea": 29490, "StrgeArea": 0, "FactryArea": 0, "OtherArea": 0, "AreaSource": "2", "NumBldgs": 1, "NumFloors": 7.0, "UnitsRes": 0, "UnitsTotal": 20, "LotFront": 314.08, "LotDepth": 298.0, "BldgFront": 160.0, "BldgDepth": 298.0, "Ext": "N", "ProxCode": "1", "IrrLotCode": "Y", "LotType": "5", "BsmtCode": "2", "AssessLand": 5538150.0, "AssessTot": 16858800.0, "ExemptTot": 0.0, "YearBuilt": 1917, "YearAlter1": 2012, "YearAlter2": 2011, "HistDist": null, "Landmark": null, "BuiltFAR": 2.4, "ResidFAR": 0.0, "CommFAR": 5.0, "FacilFAR": 6.5, "BoroCode": 4, "BBL": 4002390060.0, "CondoNo": 0, "Tract2010": "0171", "XCoord": 1002654, "YCoord": 212856, "ZoneMap": "9b", "ZMCode": null, "Sanborn": "401 054", "TaxMap": "40203", "EDesigNum": null, "APPBBL": 0.0, "APPDate": null, "PLUTOMapID": "1", "FIRM07_FLA": null, "PFIRM15_FL": null, "Version": "25v4", "DCPEdited": null, "Latitude": 40.7508979, "Longitude": -73.9335761, "Notes": null, "Shape_Leng": 0.0, "Shape_Area": 107864.947164 }, "geometry": { "type": "MultiPolygon", "coordinates": [ [ [ [ -73.933256361566308, 40.751093715651024 ], [ -73.933162181241144, 40.751012262188326 ], [ -73.933106479251663, 40.751004926668983 ], [ -73.932185362966464, 40.750883625374918 ], [ -73.932254282656956, 40.750863458541403 ], [ -73.932396146426058, 40.750823270428107 ], [ -73.932538000963319, 40.75078040584296 ], [ -73.932635872734039, 40.750754743810546 ], [ -73.932748201213144, 40.750722295852491 ], [ -73.932776564124794, 40.750714226843812 ], [ -73.932811703397192, 40.750704229237279 ], [ -73.932809842424078, 40.750699067315061 ], [ -73.932842067957367, 40.750689878413475 ], [ -73.933046688390803, 40.750631528695024 ], [ -73.933206053946165, 40.750577936693475 ], [ -73.933349156631692, 40.750526775496041 ], [ -73.93347290620865, 40.750477777587868 ], [ -73.933606037802846, 40.750421208106872 ], [ -73.933678694056894, 40.750389815120116 ], [ -73.934275649580727, 40.750776404643879 ], [ -73.934551480951754, 40.750955032838313 ], [ -73.934466487742881, 40.751018209901915 ], [ -73.934372134564654, 40.751083197991044 ], [ -73.934251447635006, 40.751158810436955 ], [ -73.934150981949784, 40.751219891092745 ], [ -73.934075794011321, 40.751262527611487 ], [ -73.933961648575504, 40.751322711449632 ], [ -73.933839167382871, 40.751381035377925 ], [ -73.933704720583819, 40.751439123466312 ], [ -73.93367130771955, 40.751452592901927 ], [ -73.933256361566308, 40.751093715651024 ] ] ] ] } },
{ "type": "Feature", "properties": { "Borough": "QN", "Block": 239, "Lot": 111, "CD": 401, "BCT2020": "4017102", "BCTCB2020": "40171021004", "CT2010": "171", "CB2010": "1005", "SchoolDist": "30", "Council": 26, "ZipCode": 11101, "FireComp": "L128", "PolicePrct": 114, "HealthCent": 41, "HealthArea": 720, "Sanitboro": "4", "SanitDistr": "01", "SanitSub": "6D", "Address": "32-04 NORTHERN BOULEVARD", "ZoneDist1": "M1-5", "ZoneDist2": null, "ZoneDist3": null, "ZoneDist4": null, "Overlay1": null, "Overlay2": null, "SPDist1": null, "SPDist2": null, "SPDist3": null, "LtdHeight": null, "SplitZone": "N", "BldgClass": "E7", "LandUse": "06", "Easements": 0, "OwnerType": null, "OwnerName": "PS NORTHEAST LLC", "LotArea": 48250, "BldgArea": 245397, "ComArea": 245397, "ResArea": 0, "OfficeArea": 5000, "RetailArea": 0, "GarageArea": 0, "StrgeArea": 240397, "FactryArea": 0, "OtherArea": 0, "AreaSource": "2", "NumBldgs": 2, "NumFloors": 6.0, "UnitsRes": 0, "UnitsTotal": 1133, "LotFront": 150.5, "LotDepth": 269.75, "BldgFront": 52.0, "BldgDepth": 0.0, "Ext": "N", "ProxCode": "0", "IrrLotCode": "Y", "LotType": "3", "BsmtCode": "0", "AssessLand": 1628550.0, "AssessTot": 19022400.0, "ExemptTot": 0.0, "YearBuilt": 1931, "YearAlter1": 0, "YearAlter2": 0, "HistDist": null, "Landmark": null, "BuiltFAR": 5.09, "ResidFAR": 0.0, "CommFAR": 5.0, "FacilFAR": 6.5, "BoroCode": 4, "BBL": 4002390111.0, "CondoNo": 0, "Tract2010": "0171", "XCoord": 1003066, "YCoord": 213031, "ZoneMap": "9b", "ZMCode": null, "Sanborn": "401 063", "TaxMap": "40203", "EDesigNum": null, "APPBBL": 4002390111.0, "APPDate": "11/10/1992", "PLUTOMapID": "1", "FIRM07_FLA": null, "PFIRM15_FL": null, "Version": "25v4", "DCPEdited": null, "Latitude": 40.7513774, "Longitude": -73.9320887, "Notes": null, "Shape_Leng": 0.0, "Shape_Area": 50446.210225900002 }, "geometry": { "type": "MultiPolygon", "coordinates": [ [ [ [ -73.93245795753441, 40.751458197208628 ], [ -73.932565439293839, 40.751748622761866 ], [ -73.932400303953585, 40.751769224832678 ], [ -73.93229078438938, 40.751779943102136 ], [ -73.932135144696105, 40.751789901858587 ], [ -73.932074130780947, 40.751792370196391 ], [ -73.932029126674749, 40.75179340164955 ], [ -73.931989663446373, 40.751794216670376 ], [ -73.931599783552684, 40.751079481098316 ], [ -73.93180179658367, 40.750995514353619 ], [ -73.931978129840672, 40.750945739736949 ], [ -73.932117908548719, 40.750903362515508 ], [ -73.93245795753441, 40.751458197208628 ] ] ] ] } },
{ "type": "Feature", "properties": { "Borough": "QN", "Block": 239, "Lot": 7502, "CD": 401, "BCT2020": "4017102", "BCTCB2020": "40171021004", "CT2010": "171", "CB2010": "1005", "SchoolDist": "30", "Council": 26, "ZipCode": 11101, "FireComp": "L128", "PolicePrct": 114, "HealthCent": 41, "HealthArea": 720, "Sanitboro": "4", "SanitDistr": "01", "SanitSub": "6D", "Address": "31-08 NORTHERN BLVD", "ZoneDist1": "M1-5", "ZoneDist2": null, "ZoneDist3": null, "ZoneDist4": null, "Overlay1": null, "Overlay2": null, "SPDist1": null, "SPDist2": null, "SPDist3": null, "LtdHeight": null, "SplitZone": "N", "BldgClass": "RW", "LandUse": "06", "Easements": 0, "OwnerType": null, "OwnerName": "3108 NORTHERN BLVD, LLC", "LotArea": 51168, "BldgArea": 245910, "ComArea": 245910, "ResArea": 0, "OfficeArea": 0, "RetailArea": 245910, "GarageArea": 0, "StrgeArea": 0, "FactryArea": 0, "OtherArea": 0, "AreaSource": "2", "NumBldgs": 1, "NumFloors": 9.0, "UnitsRes": 0, "UnitsTotal": 2, "LotFront": 163.48, "LotDepth": 319.61, "BldgFront": 0.0, "BldgDepth": 0.0, "Ext": null, "ProxCode": "0", "IrrLotCode": "Y", "LotType": "0", "BsmtCode": "5", "AssessLand": 2904301.0, "AssessTot": 12331801.0, "ExemptTot": 0.0, "YearBuilt": 2020, "YearAlter1": 0, "YearAlter2": 0, "HistDist": null, "Landmark": null, "BuiltFAR": 4.81, "ResidFAR": 0.0, "CommFAR": 5.0, "FacilFAR": 6.5, "BoroCode": 4, "BBL": 4002397502.0, "CondoNo": 1249, "Tract2010": "0171", "XCoord": 1002901, "YCoord": 212995, "ZoneMap": "9b", "ZMCode": null, "Sanborn": "401 063", "TaxMap": "40203", "EDesigNum": null, "APPBBL": 4002390105.0, "APPDate": null, "PLUTOMapID": "1", "FIRM07_FLA": null, "PFIRM15_FL": null, "Version": "25v4", "DCPEdited": null, "Latitude": 40.7512789, "Longitude": -73.9326843, "Notes": null, "Shape_Leng": 0.0, "Shape_Area": 53095.290079 }, "geometry": { "type": "MultiPolygon", "coordinates": [ [ [ [ -73.93245795753441, 40.751458197208628 ], [ -73.932117908548719, 40.750903362515508 ], [ -73.932185362966464, 40.750883625374918 ], [ -73.933106479251663, 40.751004926668983 ], [ -73.933162181241144, 40.751012262188326 ], [ -73.933256361566308, 40.751093715651024 ], [ -73.933228763862076, 40.751100162547552 ], [ -73.93321903524793, 40.751102435217305 ], [ -73.933201164940002, 40.751106610356864 ], [ -73.933182416323575, 40.751118893169284 ], [ -73.9331636675917, 40.75113117606103 ], [ -73.933002836990937, 40.751118954388737 ], [ -73.932899121520805, 40.751174703737995 ], [ -73.93294457795831, 40.751281437736509 ], [ -73.932998896486239, 40.751302310763911 ], [ -73.933111621009417, 40.751634238783033 ], [ -73.933001507607884, 40.751662354197393 ], [ -73.932858127178378, 40.751696176541003 ], [ -73.932767108355236, 40.751713048318713 ], [ -73.932736774679682, 40.751718671367435 ], [ -73.932686468788503, 40.751727234584294 ], [ -73.932641325332312, 40.751734920112249 ], [ -73.932565439293839, 40.751748622761866 ], [ -73.93245795753441, 40.751458197208628 ] ] ] ] } },
{ "type": "Feature", "properties": { "Borough": "QN", "Block": 72, "Lot": 250, "CD": 402, "BCT2020": "4001901", "BCTCB2020": "40019011006", "CT2010": "19", "CB2010": "1073", "SchoolDist": "30", "Council": 26, "ZipCode": 11101, "FireComp": "L115", "PolicePrct": 108, "HealthCent": 41, "HealthArea": 720, "Sanitboro": "4", "SanitDistr": "02", "SanitSub": "3B", "Address": null, "ZoneDist1": "M3-1", "ZoneDist2": null, "ZoneDist3": null, "ZoneDist4": null, "Overlay1": null, "Overlay2": null, "SPDist1": null, "SPDist2": null, "SPDist3": null, "LtdHeight": null, "SplitZone": "N", "BldgClass": "U7", "LandUse": "07", "Easements": 2, "OwnerType": "X", "OwnerName": "MTA - LIRR", "LotArea": 538441, "BldgArea": 0, "ComArea": 0, "ResArea": 0, "OfficeArea": 0, "RetailArea": 0, "GarageArea": 0, "StrgeArea": 0, "FactryArea": 0, "OtherArea": 0, "AreaSource": "7", "NumBldgs": 2, "NumFloors": 0.0, "UnitsRes": 0, "UnitsTotal": 0, "LotFront": 0.0, "LotDepth": 0.0, "BldgFront": 0.0, "BldgDepth": 0.0, "Ext": "N", "ProxCode": "0", "IrrLotCode": "N", "LotType": "5", "BsmtCode": "0", "AssessLand": 0.0, "AssessTot": 0.0, "ExemptTot": 0.0, "YearBuilt": 0, "YearAlter1": 0, "YearAlter2": 0, "HistDist": null, "Landmark": null, "BuiltFAR": 0.0, "ResidFAR": 0.0, "CommFAR": 2.0, "FacilFAR": 0.0, "BoroCode": 4, "BBL": 4000720250.0000005, "CondoNo": 0, "Tract2010": "0019", "XCoord": 1000807, "YCoord": 210955, "ZoneMap": "9b", "ZMCode": null, "Sanborn": "401 021", "TaxMap": "40102", "EDesigNum": null, "APPBBL": 0.0, "APPDate": null, "PLUTOMapID": "1", "FIRM07_FLA": "1", "PFIRM15_FL": "1", "Version": "25v4", "DCPEdited": "t", "Latitude": 40.7456838, "Longitude": -73.940247, "Notes": null, "Shape_Leng": 0.0, "Shape_Area": 538441.48364 }, "geometry": { "type": "MultiPolygon", "coordinates": [ [ [ [ -73.937898447330767, 40.745289358104166 ], [ -73.938214077955379, 40.745187901619786 ], [ -73.940561133334313, 40.744433429936088 ], [ -73.941263306714035, 40.74415472705617 ], [ -73.941343253631047, 40.744256875292756 ], [ -73.944227119107055, 40.743105294091713 ], [ -73.944372199354277, 40.743048660486032 ], [ -73.944612052922153, 40.742959636255058 ], [ -73.944688073771843, 40.742932587437608 ], [ -73.944811996008681, 40.742889679398417 ], [ -73.945017592919754, 40.74282166104561 ], [ -73.945048124751779, 40.742872355231476 ], [ -73.945112539489415, 40.742979306648884 ], [ -73.945123550787116, 40.742997591209061 ], [ -73.945055686948038, 40.743019766165666 ], [ -73.944982107133796, 40.743044338217132 ], [ -73.944871439861103, 40.743082347727551 ], [ -73.944743947974061, 40.743127729612553 ], [ -73.944623511921023, 40.743172197090203 ], [ -73.94444207701126, 40.743242185909935 ], [ -73.944338943497684, 40.743283616899767 ], [ -73.944282992873624, 40.743306603152064 ], [ -73.944234425471336, 40.743326850834656 ], [ -73.941651220088403, 40.744332938409784 ], [ -73.941652195861849, 40.744334087056508 ], [ -73.941456721417111, 40.744409869624498 ], [ -73.941596797729545, 40.744595298222109 ], [ -73.942421155483188, 40.74426969170009 ], [ -73.944187520878103, 40.743571978985763 ], [ -73.947442996123954, 40.742285957062919 ], [ -73.947623564530062, 40.742214623134586 ], [ -73.948078730039896, 40.742302560618953 ], [ -73.947872618004567, 40.74236920197206 ], [ -73.947920032210476, 40.742378388854405 ], [ -73.947974382298824, 40.742388918756674 ], [ -73.947835054604283, 40.742426138252824 ], [ -73.947793746741027, 40.742438635615727 ], [ -73.947688973747645, 40.74247033350921 ], [ -73.947586338725515, 40.742502316811361 ], [ -73.947479440702182, 40.74253645658586 ], [ -73.947387383431519, 40.742566541782743 ], [ -73.947331549175345, 40.742585099937081 ], [ -73.947165226102442, 40.742641791419665 ], [ -73.94702767629407, 40.742690292312695 ], [ -73.946764992333215, 40.742785658703568 ], [ -73.946452234628225, 40.742910922261331 ], [ -73.94626856651378, 40.742988751025898 ], [ -73.946270391524934, 40.74299110757935 ], [ -73.945275521663731, 40.743411363162082 ], [ -73.945273278994961, 40.743408770474218 ], [ -73.944891538610747, 40.743565630776381 ], [ -73.944778145961692, 40.743612322464195 ], [ -73.944161517215207, 40.743866225454923 ], [ -73.942858067667657, 40.744392932284626 ], [ -73.942164524919946, 40.744695079546318 ], [ -73.941770594816617, 40.74487610185281 ], [ -73.941411346737851, 40.745066927296776 ], [ -73.941075445860136, 40.745243945297389 ], [ -73.94067546936688, 40.745467859012557 ], [ -73.94040807714741, 40.745606313858374 ], [ -73.940275446089757, 40.74567118584352 ], [ -73.940054091269474, 40.745777576986434 ], [ -73.939030033744075, 40.745545649820968 ], [ -73.93866187816036, 40.745462268845671 ], [ -73.937898447330767, 40.745289358104166 ] ] ] ] } },
{ "type": "Feature", "properties": { "Borough": "QN", "Block": 119, "Lot": 4, "CD": 401, "BCT2020": "4017102", "BCTCB2020": "40171021000", "CT2010": "171", "CB2010": "1012", "SchoolDist": "30", "Council": 26, "ZipCode": 11101, "FireComp": "L163", "PolicePrct": 114, "HealthCent": 41, "HealthArea": 720, "Sanitboro": "4", "SanitDistr": "01", "SanitSub": "5C", "Address": "48 STREET", "ZoneDist1": "M1-1", "ZoneDist2": null, "ZoneDist3": null, "ZoneDist4": null, "Overlay1": null, "Overlay2": null, "SPDist1": null, "SPDist2": null, "SPDist3": null, "LtdHeight": null, "SplitZone": "N", "BldgClass": "U7", "LandUse": "07", "Easements": 0, "OwnerType": "X", "OwnerName": "MTA - LIRR", "LotArea": 349255, "BldgArea": 0, "ComArea": 0, "ResArea": 0, "OfficeArea": 0, "RetailArea": 0, "GarageArea": 0, "StrgeArea": 0, "FactryArea": 0, "OtherArea": 0, "AreaSource": "7", "NumBldgs": 1, "NumFloors": 0.0, "UnitsRes": 0, "UnitsTotal": 0, "LotFront": 201.0, "LotDepth": 738.0, "BldgFront": 0.0, "BldgDepth": 0.0, "Ext": "N", "ProxCode": "0", "IrrLotCode": "N", "LotType": "5", "BsmtCode": "0", "AssessLand": 0.0, "AssessTot": 0.0, "ExemptTot": 0.0, "YearBuilt": 0, "YearAlter1": 0, "YearAlter2": 0, "HistDist": null, "Landmark": null, "BuiltFAR": 0.0, "ResidFAR": 0.0, "CommFAR": 1.0, "FacilFAR": 2.4, "BoroCode": 4, "BBL": 4001190004.0, "CondoNo": 0, "Tract2010": "0171", "XCoord": 1008515, "YCoord": 212795, "ZoneMap": "9b", "ZMCode": "Y", "Sanborn": "401 069", "TaxMap": "40201", "EDesigNum": null, "APPBBL": 0.0, "APPDate": null, "PLUTOMapID": "1", "FIRM07_FLA": null, "PFIRM15_FL": null, "Version": "25v4", "DCPEdited": "t", "Latitude": 40.7507163, "Longitude": -73.9124228, "Notes": null, "Shape_Leng": 0.0, "Shape_Area": 349255.468696 }, "geometry": { "type": "MultiPolygon", "coordinates": [ [ [ [ -73.911287868508083, 40.751066374003095 ], [ -73.911050085278887, 40.751025415352657 ], [ -73.910772414356515, 40.750971810058402 ], [ -73.910658765634523, 40.750948319385415 ], [ -73.910568406335443, 40.750927408723257 ], [ -73.910357726012734, 40.750871563627364 ], [ -73.910001595403614, 40.750768083724488 ], [ -73.909744193506683, 40.75068408339034 ], [ -73.909567524824581, 40.750626429194583 ], [ -73.909705234054783, 40.750130153043862 ], [ -73.909922363985999, 40.750188350226104 ], [ -73.910155012460734, 40.750245366878367 ], [ -73.910382065766683, 40.750295861650407 ], [ -73.910438344049524, 40.750308212747939 ], [ -73.910546893618289, 40.750332034651343 ], [ -73.910653607361397, 40.750353629830769 ], [ -73.910798871952181, 40.750379765441004 ], [ -73.910903853664394, 40.750395937106433 ], [ -73.910982928701671, 40.750407320411433 ], [ -73.911140611198036, 40.750430018062637 ], [ -73.911276106376363, 40.75044349157271 ], [ -73.911399325245455, 40.750455744317563 ], [ -73.911504246970793, 40.750463778424724 ], [ -73.911620530180542, 40.750472682029311 ], [ -73.911830709112309, 40.750487636816082 ], [ -73.911951350193291, 40.750491933747327 ], [ -73.912020067448736, 40.750493944902068 ], [ -73.912474503127513, 40.750489704439758 ], [ -73.913527640365245, 40.75045933090221 ], [ -73.913547326395729, 40.750457383449124 ], [ -73.91408521464119, 40.750404181942606 ], [ -73.914254708503307, 40.750387416752105 ], [ -73.915235120732817, 40.75029043834914 ], [ -73.915123021145973, 40.75083968630387 ], [ -73.914043943307462, 40.751033901578246 ], [ -73.913592879328078, 40.751077899180586 ], [ -73.913295418627996, 40.751126790839791 ], [ -73.913066016177837, 40.751157651952596 ], [ -73.91280794243329, 40.751186537575805 ], [ -73.912627058261364, 40.751207143535908 ], [ -73.912596703475373, 40.751210543265046 ], [ -73.912564283796542, 40.751214708665479 ], [ -73.912530567309858, 40.751218132926866 ], [ -73.912486407860968, 40.75121980307717 ], [ -73.912466706653177, 40.751220548138548 ], [ -73.91244295138516, 40.751220037465337 ], [ -73.912412482801514, 40.751219028164371 ], [ -73.912110856134362, 40.751184443743064 ], [ -73.911696803963338, 40.751128733641124 ], [ -73.911289252221053, 40.75105876123407 ], [ -73.911287868508083, 40.751066374003095 ] ] ] ] } },
{ "type": "Feature", "properties": { "Borough": "QN", "Block": 119, "Lot": 158, "CD": 402, "BCT2020": "4017101", "BCTCB2020": "40171011001", "CT2010": "171", "CB2010": "1014", "SchoolDist": "30", "Council": 26, "ZipCode": 11104, "FireComp": "L163", "PolicePrct": 108, "HealthCent": 41, "HealthArea": 720, "Sanitboro": "4", "SanitDistr": "02", "SanitSub": "5C", "Address": "37-31 48 STREET", "ZoneDist1": "M1-1", "ZoneDist2": null, "ZoneDist3": null, "ZoneDist4": null, "Overlay1": null, "Overlay2": null, "SPDist1": null, "SPDist2": null, "SPDist3": null, "LtdHeight": null, "SplitZone": "N", "BldgClass": "E2", "LandUse": "06", "Easements": 0, "OwnerType": null, "OwnerName": "SKILLMAN REALTY LLC", "LotArea": 9250, "BldgArea": 5032, "ComArea": 5032, "ResArea": 0, "OfficeArea": 1727, "RetailArea": 0, "GarageArea": 0, "StrgeArea": 3305, "FactryArea": 0, "OtherArea": 0, "AreaSource": "2", "NumBldgs": 1, "NumFloors": 1.0, "UnitsRes": 0, "UnitsTotal": 1, "LotFront": 271.18, "LotDepth": 45.48, "BldgFront": 26.0, "BldgDepth": 60.0, "Ext": "N", "ProxCode": "0", "IrrLotCode": "Y", "LotType": "5", "BsmtCode": "0", "AssessLand": 225000.0, "AssessTot": 392850.0, "ExemptTot": 0.0, "YearBuilt": 1952, "YearAlter1": 0, "YearAlter2": 0, "HistDist": null, "Landmark": null, "BuiltFAR": 0.54, "ResidFAR": 0.0, "CommFAR": 1.0, "FacilFAR": 2.4, "BoroCode": 4, "BBL": 4001190158.0, "CondoNo": 0, "Tract2010": "0171", "XCoord": 1007884, "YCoord": 212640, "ZoneMap": "9b", "ZMCode": null, "Sanborn": "401 069", "TaxMap": "40201", "EDesigNum": null, "APPBBL": 4001190158.0, "APPDate": "12/10/2001", "PLUTOMapID": "1", "FIRM07_FLA": null, "PFIRM15_FL": null, "Version": "25v4", "DCPEdited": null, "Latitude": 40.7502926, "Longitude": -73.9147008, "Notes": null, "Shape_Leng": 0.0, "Shape_Area": 9754.560901000001 }, "geometry": { "type": "MultiPolygon", "coordinates": [ [ [ [ -73.914246592056614, 40.750261795222983 ], [ -73.915249346524348, 40.750220731550094 ], [ -73.915235120732817, 40.75029043834914 ], [ -73.914254708503307, 40.750387416752105 ], [ -73.914246592056614, 40.750261795222983 ] ] ] ] } },
{ "type": "Feature", "properties": { "Borough": "QN", "Block": 183, "Lot": 296, "CD": 402, "BCT2020": "4017101", "BCTCB2020": "40171011009", "CT2010": "171", "CB2010": "1021", "SchoolDist": "30", "Council": 26, "ZipCode": 11104, "FireComp": "L163", "PolicePrct": 108, "HealthCent": 41, "HealthArea": 720, "Sanitboro": "4", "SanitDistr": "02", "SanitSub": "2E", "Address": "43 STREET", "ZoneDist1": "M1-1", "ZoneDist2": null, "ZoneDist3": null, "ZoneDist4": null, "Overlay1": null, "Overlay2": null, "SPDist1": null, "SPDist2": null, "SPDist3": null, "LtdHeight": null, "SplitZone": "N", "BldgClass": "G7", "LandUse": "10", "Easements": 0, "OwnerType": null, "OwnerName": "39-15 SKILLMAN REALTY CO", "LotArea": 270, "BldgArea": 0, "ComArea": 0, "ResArea": 0, "OfficeArea": 0, "RetailArea": 0, "GarageArea": 0, "StrgeArea": 0, "FactryArea": 0, "OtherArea": 0, "AreaSource": "7", "NumBldgs": 0, "NumFloors": 0.0, "UnitsRes": 0, "UnitsTotal": 0, "LotFront": 2.58, "LotDepth": 97.5, "BldgFront": 0.0, "BldgDepth": 0.0, "Ext": null, "ProxCode": "0", "IrrLotCode": "N", "LotType": "8", "BsmtCode": "5", "AssessLand": 4950.0, "AssessTot": 4950.0, "ExemptTot": 0.0, "YearBuilt": 0, "YearAlter1": 0, "YearAlter2": 0, "HistDist": null, "Landmark": null, "BuiltFAR": 0.0, "ResidFAR": 0.0, "CommFAR": 1.0, "FacilFAR": 2.4, "BoroCode": 4, "BBL": 4001830296.0, "CondoNo": 0, "Tract2010": "0171", "XCoord": 1005480, "YCoord": 211594, "ZoneMap": "9b", "ZMCode": null, "Sanborn": "401 066", "TaxMap": "40202", "EDesigNum": null, "APPBBL": 0.0, "APPDate": null, "PLUTOMapID": "1", "FIRM07_FLA": null, "PFIRM15_FL": null, "Version": "25v4", "DCPEdited": null, "Latitude": 40.7474277, "Longitude": -73.9233805, "Notes": null, "Shape_Leng": 0.0, "Shape_Area": 288.6561619 }, "geometry": { "type": "MultiPolygon", "coordinates": [ [ [ [ -73.923344265479173, 40.747573013648029 ], [ -73.923401568361342, 40.747282800943552 ], [ -73.92341120056102, 40.747283918615913 ], [ -73.923353901258864, 40.747574114176999 ], [ -73.923344265479173, 40.747573013648029 ] ] ] ] } },
{ "type": "Feature", "properties": { "Borough": "QN", "Block": 183, "Lot": 297, "CD": 402, "BCT2020": "4017101", "BCTCB2020": "40171011009", "CT2010": "171", "CB2010": "1021", "SchoolDist": "30", "Council": 26, "ZipCode": 11104, "FireComp": "L163", "PolicePrct": 108, "HealthCent": 41, "HealthArea": 720, "Sanitboro": "4", "SanitDistr": "02", "SanitSub": "2E", "Address": "43 STREET", "ZoneDist1": "M1-1", "ZoneDist2": null, "ZoneDist3": null, "ZoneDist4": null, "Overlay1": null, "Overlay2": null, "SPDist1": null, "SPDist2": null, "SPDist3": null, "LtdHeight": null, "SplitZone": "N", "BldgClass": "U6", "LandUse": "07", "Easements": 0, "OwnerType": "X", "OwnerName": "REUC", "LotArea": 97, "BldgArea": 0, "ComArea": 0, "ResArea": 0, "OfficeArea": 0, "RetailArea": 0, "GarageArea": 0, "StrgeArea": 0, "FactryArea": 0, "OtherArea": 0, "AreaSource": "7", "NumBldgs": 0, "NumFloors": 0.0, "UnitsRes": 0, "UnitsTotal": 0, "LotFront": 1.0, "LotDepth": 97.0, "BldgFront": 0.0, "BldgDepth": 0.0, "Ext": "N", "ProxCode": "0", "IrrLotCode": "N", "LotType": "5", "BsmtCode": "0", "AssessLand": 0.0, "AssessTot": 0.0, "ExemptTot": 0.0, "YearBuilt": 0, "YearAlter1": 0, "YearAlter2": 0, "HistDist": null, "Landmark": null, "BuiltFAR": 0.0, "ResidFAR": 0.0, "CommFAR": 1.0, "FacilFAR": 2.4, "BoroCode": 4, "BBL": 4001830297.0, "CondoNo": 0, "Tract2010": "0171", "XCoord": 1005478, "YCoord": 211594, "ZoneMap": "9b", "ZMCode": null, "Sanborn": "401 066", "TaxMap": "40202", "EDesigNum": null, "APPBBL": 0.0, "APPDate": null, "PLUTOMapID": "1", "FIRM07_FLA": null, "PFIRM15_FL": null, "Version": "25v4", "DCPEdited": null, "Latitude": 40.7474277, "Longitude": -73.9233877, "Notes": null, "Shape_Leng": 0.0, "Shape_Area": 192.4362177 }, "geometry": { "type": "MultiPolygon", "coordinates": [ [ [ [ -73.923353901258864, 40.747574114176999 ], [ -73.92341120056102, 40.747283918615913 ], [ -73.923417621989131, 40.747284665793401 ], [ -73.923360325148352, 40.747574848810544 ], [ -73.923353901258864, 40.747574114176999 ] ] ] ] } },
{ "type": "Feature", "properties": { "Borough": "QN", "Block": 183, "Lot": 345, "CD": 401, "BCT2020": "4017102", "BCTCB2020": "40171021002", "CT2010": "171", "CB2010": "1002", "SchoolDist": "30", "Council": 26, "ZipCode": 11101, "FireComp": "L163", "PolicePrct": 114, "HealthCent": 41, "HealthArea": 720, "Sanitboro": "4", "SanitDistr": "01", "SanitSub": "5C", "Address": "39 STREET", "ZoneDist1": "M1-1", "ZoneDist2": null, "ZoneDist3": null, "ZoneDist4": null, "Overlay1": null, "Overlay2": null, "SPDist1": null, "SPDist2": null, "SPDist3": null, "LtdHeight": null, "SplitZone": "N", "BldgClass": "U9", "LandUse": "07", "Easements": 0, "OwnerType": "X", "OwnerName": "CITY OF NEW YORK", "LotArea": 644695, "BldgArea": 0, "ComArea": 0, "ResArea": 0, "OfficeArea": 0, "RetailArea": 0, "GarageArea": 0, "StrgeArea": 0, "FactryArea": 0, "OtherArea": 0, "AreaSource": "7", "NumBldgs": 16, "NumFloors": 0.0, "UnitsRes": 0, "UnitsTotal": 0, "LotFront": 657.0, "LotDepth": 772.0, "BldgFront": 0.0, "BldgDepth": 0.0, "Ext": "N", "ProxCode": "0", "IrrLotCode": "Y", "LotType": "5", "BsmtCode": "0", "AssessLand": 0.0, "AssessTot": 0.0, "ExemptTot": 0.0, "YearBuilt": 0, "YearAlter1": 0, "YearAlter2": 0, "HistDist": null, "Landmark": null, "BuiltFAR": 0.0, "ResidFAR": 0.0, "CommFAR": 1.0, "FacilFAR": 2.4, "BoroCode": 4, "BBL": 4001830345.0, "CondoNo": 0, "Tract2010": "0171", "XCoord": 1005577, "YCoord": 212669, "ZoneMap": "9b", "ZMCode": null, "Sanborn": "401 092", "TaxMap": "40202", "EDesigNum": null, "APPBBL": 0.0, "APPDate": null, "PLUTOMapID": "1", "FIRM07_FLA": null, "PFIRM15_FL": null, "Version": "25v4", "DCPEdited": "t", "Latitude": 40.7503781, "Longitude": -73.923027, "Notes": null, "Shape_Leng": 0.0, "Shape_Area": 644694.61022100004 }, "geometry": { "type": "MultiPolygon", "coordinates": [ [ [ [ -73.920822615907511, 40.750350144330973 ], [ -73.920802251357969, 40.750279672803458 ], [ -73.920758414523178, 40.75003780486373 ], [ -73.923444531398175, 40.749462003478222 ], [ -73.92488791057886, 40.749204713964517 ], [ -73.925024062757359, 40.749168211699448 ], [ -73.92462311996907, 40.751071163164433 ], [ -73.923540898340903, 40.751261471642081 ], [ -73.92317352827591, 40.751333338582178 ], [ -73.923081517238899, 40.751347399676987 ], [ -73.922988060298408, 40.751360518804532 ], [ -73.922920814329203, 40.751368179361229 ], [ -73.922795796502399, 40.751380436052109 ], [ -73.922702663410973, 40.75138684820589 ], [ -73.922547259606546, 40.751393016570567 ], [ -73.922404501653304, 40.75139365060204 ], [ -73.922354302057542, 40.751393425804636 ], [ -73.922308718244693, 40.751391123056216 ], [ -73.922233199362523, 40.75138397511126 ], [ -73.922131803133965, 40.751371325500891 ], [ -73.922035985901104, 40.75135515857415 ], [ -73.9219346018549, 40.751332185374352 ], [ -73.921830836250891, 40.751302401776179 ], [ -73.921768351536741, 40.751282891209605 ], [ -73.921702051968921, 40.751261031257883 ], [ -73.921622876490062, 40.751229946730184 ], [ -73.921558186236027, 40.751200148935773 ], [ -73.921480711558729, 40.751161758751167 ], [ -73.921419035441446, 40.751128530189391 ], [ -73.921357370730973, 40.751086717055394 ], [ -73.921322480358455, 40.751061884241601 ], [ -73.921250403105375, 40.75100257692398 ], [ -73.921204561650057, 40.750963062817256 ], [ -73.921153127654009, 40.75091246765426 ], [ -73.921083972784373, 40.750837543867526 ], [ -73.921016387029439, 40.750746557844181 ], [ -73.920980762654182, 40.750693912153871 ], [ -73.920939257009763, 40.750620099625571 ], [ -73.920883200635458, 40.750510771824032 ], [ -73.92084479974983, 40.750418260565056 ], [ -73.920822615907511, 40.750350144330973 ] ] ] ] } },
{ "type": "Feature", "properties": { "Borough": "QN", "Block": 239, "Lot": 1, "CD": 401, "BCT2020": "4017101", "BCTCB2020": "40171011006", "CT2010": "171", "CB2010": "1028", "SchoolDist": "30", "Council": 26, "ZipCode": 11101, "FireComp": "L128", "PolicePrct": 108, "HealthCent": 41, "HealthArea": 720, "Sanitboro": "4", "SanitDistr": "02", "SanitSub": "2E", "Address": "SKILLMAN AVENUE", "ZoneDist1": "M1-1", "ZoneDist2": null, "ZoneDist3": null, "ZoneDist4": null, "Overlay1": null, "Overlay2": null, "SPDist1": null, "SPDist2": null, "SPDist3": null, "LtdHeight": null, "SplitZone": "N", "BldgClass": "U7", "LandUse": "07", "Easements": 2, "OwnerType": "X", "OwnerName": "NYC TRANSIT AUTHORITY", "LotArea": 1527670, "BldgArea": 0, "ComArea": 0, "ResArea": 0, "OfficeArea": 0, "RetailArea": 0, "GarageArea": 0, "StrgeArea": 0, "FactryArea": 0, "OtherArea": 0, "AreaSource": "7", "NumBldgs": 7, "NumFloors": 0.0, "UnitsRes": 0, "UnitsTotal": 0, "LotFront": 68.0, "LotDepth": 1300.0, "BldgFront": 0.0, "BldgDepth": 0.0, "Ext": "N", "ProxCode": "0", "IrrLotCode": "N", "LotType": "5", "BsmtCode": "0", "AssessLand": 0.0, "AssessTot": 0.0, "ExemptTot": 0.0, "YearBuilt": 0, "YearAlter1": 0, "YearAlter2": 0, "HistDist": null, "Landmark": null, "BuiltFAR": 0.0, "ResidFAR": 0.0, "CommFAR": 1.0, "FacilFAR": 2.4, "BoroCode": 4, "BBL": 4002390000.9999995, "CondoNo": 0, "Tract2010": "0171", "XCoord": 1002954, "YCoord": 211813, "ZoneMap": "9b", "ZMCode": null, "Sanborn": "401 055", "TaxMap": "40203", "EDesigNum": null, "APPBBL": 0.0, "APPDate": null, "PLUTOMapID": "1", "FIRM07_FLA": null, "PFIRM15_FL": null, "Version": "25v4", "DCPEdited": "t", "Latitude": 40.7480345, "Longitude": -73.9324963, "Notes": null, "Shape_Leng": 0.0, "Shape_Area": 1527670.12925 }, "geometry": { "type": "MultiPolygon", "coordinates": [ [ [ [ -73.929404473867535, 40.747254258555472 ], [ -73.929503540187795, 40.747232958517721 ], [ -73.929676434624412, 40.747195784333933 ], [ -73.930373043282287, 40.747040140920092 ], [ -73.93137071980108, 40.746814614937733 ], [ -73.932243171053145, 40.746618247752295 ], [ -73.932743834322025, 40.746504326183597 ], [ -73.934001121097879, 40.746216493460373 ], [ -73.934300952786828, 40.746147392886463 ], [ -73.934489412118481, 40.746103959256949 ], [ -73.935080989390016, 40.746678862222787 ], [ -73.935224114911165, 40.746817951263367 ], [ -73.935911975537365, 40.747486405447901 ], [ -73.935771409391521, 40.747577954263555 ], [ -73.934799338692073, 40.748211036588117 ], [ -73.934458099524136, 40.748450666858879 ], [ -73.933992850597733, 40.748776152063357 ], [ -73.933606454615159, 40.749050829397042 ], [ -73.933104129813444, 40.749406347431908 ], [ -73.932905068481645, 40.749547265835432 ], [ -73.932670964318817, 40.749712547246645 ], [ -73.932533173356632, 40.749809240059051 ], [ -73.932390034739015, 40.749911701931353 ], [ -73.932204612047272, 40.750042664056664 ], [ -73.932123272094358, 40.750097543458502 ], [ -73.932054031361091, 40.750144259610238 ], [ -73.931939628053399, 40.750217029493861 ], [ -73.931840003813392, 40.75027549358898 ], [ -73.931747510388263, 40.750325624917934 ], [ -73.931671008032552, 40.750367787248713 ], [ -73.931611383841457, 40.750399580175134 ], [ -73.931559079587913, 40.750427021825146 ], [ -73.93131319709903, 40.750554088981133 ], [ -73.931226797284197, 40.750598738596217 ], [ -73.929802999045449, 40.74798569569365 ], [ -73.929625529996144, 40.747659978040403 ], [ -73.929404473867535, 40.747254258555472 ] ] ] ] } },
{ "type": "Feature", "properties": { "Borough": "QN", "Block": 239, "Lot": 6, "CD": 401, "BCT2020": "4003301", "BCTCB2020": "40033011017", "CT2010": "171", "CB2010": "1018", "SchoolDist": "30", "Council": 26, "ZipCode": 11101, "FireComp": "L128", "PolicePrct": 114, "HealthCent": 41, "HealthArea": 720, "Sanitboro": "4", "SanitDistr": "01", "SanitSub": "6D", "Address": "30-25 QUEENS BOULEVARD", "ZoneDist1": "M1-6/R10", "ZoneDist2": null, "ZoneDist3": null, "ZoneDist4": null, "Overlay1": null, "Overlay2": null, "SPDist1": "LIC", "SPDist2": null, "SPDist3": null, "LtdHeight": null, "SplitZone": "N", "BldgClass": "D6", "LandUse": "04", "Easements": 0, "OwnerType": null, "OwnerName": "30-25 QUEENS BLVD TENANT LLC", "LotArea": 27553, "BldgArea": 510543, "ComArea": 510543, "ResArea": 0, "OfficeArea": 0, "RetailArea": 489543, "GarageArea": 0, "StrgeArea": 0, "FactryArea": 0, "OtherArea": 21000, "AreaSource": "2", "NumBldgs": 1, "NumFloors": 46.0, "UnitsRes": 560, "UnitsTotal": 561, "LotFront": 165.8, "LotDepth": 190.35, "BldgFront": 0.0, "BldgDepth": 0.0, "Ext": null, "ProxCode": "1", "IrrLotCode": "Y", "LotType": "5", "BsmtCode": "0", "AssessLand": 2008800.0, "AssessTot": 7267050.0, "ExemptTot": 0.0, "YearBuilt": 2025, "YearAlter1": 0, "YearAlter2": 0, "HistDist": null, "Landmark": null, "BuiltFAR": 18.53, "ResidFAR": 10.0, "CommFAR": 10.0, "FacilFAR": 10.0, "BoroCode": 4, "BBL": 4002390006.0, "CondoNo": 0, "Tract2010": "0171", "XCoord": 1001799, "YCoord": 212080, "ZoneMap": "9b", "ZMCode": null, "Sanborn": "401 055", "TaxMap": "40203", "EDesigNum": "E-362", "APPBBL": 4002390006.0, "APPDate": "01/19/2023", "PLUTOMapID": "1", "FIRM07_FLA": null, "PFIRM15_FL": null, "Version": "25v4", "DCPEdited": null, "Latitude": 40.7487697, "Longitude": -73.936664, "Notes": null, "Shape_Leng": 0.0, "Shape_Area": 27565.202182199999 }, "geometry": { "type": "MultiPolygon", "coordinates": [ [ [ [ -73.936280032971723, 40.748711893017848 ], [ -73.936661906111752, 40.748444251573801 ], [ -73.9368956871878, 40.748671674790216 ], [ -73.937116300696104, 40.748886286998449 ], [ -73.936886735462011, 40.748963643290118 ], [ -73.936729990563819, 40.749016461767312 ], [ -73.936640533817481, 40.749046606466678 ], [ -73.936214204811066, 40.748758029875304 ], [ -73.936280032971723, 40.748711893017848 ] ] ] ] } },
{ "type": "Feature", "properties": { "Borough": "QN", "Block": 239, "Lot": 26, "CD": 401, "BCT2020": "4003301", "BCTCB2020": "40033011017", "CT2010": "171", "CB2010": "1018", "SchoolDist": "30", "Council": 26, "ZipCode": 11101, "FireComp": "L128", "PolicePrct": 114, "HealthCent": 41, "HealthArea": 720, "Sanitboro": "4", "SanitDistr": "01", "SanitSub": "6D", "Address": "30-12 41 AVENUE", "ZoneDist1": "M1-6/R10", "ZoneDist2": null, "ZoneDist3": null, "ZoneDist4": null, "Overlay1": null, "Overlay2": null, "SPDist1": "LIC", "SPDist2": null, "SPDist3": null, "LtdHeight": null, "SplitZone": "N", "BldgClass": "O2", "LandUse": "05", "Easements": 0, "OwnerType": null, "OwnerName": "LARGAVISTA 41ST HOLDINGS, LLC", "LotArea": 12169, "BldgArea": 46808, "ComArea": 46808, "ResArea": 0, "OfficeArea": 46808, "RetailArea": 0, "GarageArea": 0, "StrgeArea": 0, "FactryArea": 0, "OtherArea": 0, "AreaSource": "2", "NumBldgs": 1, "NumFloors": 4.0, "UnitsRes": 0, "UnitsTotal": 1, "LotFront": 95.58, "LotDepth": 159.33, "BldgFront": 94.0, "BldgDepth": 115.0, "Ext": "N", "ProxCode": "2", "IrrLotCode": "Y", "LotType": "5", "BsmtCode": "0", "AssessLand": 657000.0, "AssessTot": 3990600.0, "ExemptTot": 0.0, "YearBuilt": 1924, "YearAlter1": 2018, "YearAlter2": 2018, "HistDist": null, "Landmark": null, "BuiltFAR": 3.85, "ResidFAR": 10.0, "CommFAR": 10.0, "FacilFAR": 10.0, "BoroCode": 4, "BBL": 4002390026.0, "CondoNo": 0, "Tract2010": "0171", "XCoord": 1002056, "YCoord": 212257, "ZoneMap": "9b", "ZMCode": null, "Sanborn": "401 055", "TaxMap": "40203", "EDesigNum": null, "APPBBL": 0.0, "APPDate": null, "PLUTOMapID": "1", "FIRM07_FLA": null, "PFIRM15_FL": null, "Version": "25v4", "DCPEdited": null, "Latitude": 40.749255, "Longitude": -73.935736, "Notes": null, "Shape_Leng": 0.0, "Shape_Area": 13336.496686300001 }, "geometry": { "type": "MultiPolygon", "coordinates": [ [ [ [ -73.935842084355869, 40.749018833306735 ], [ -73.935966613980682, 40.749098167811304 ], [ -73.935905005263052, 40.749154118816946 ], [ -73.936005704618509, 40.749218271010662 ], [ -73.935832793338562, 40.749375304619655 ], [ -73.935722278629626, 40.749475674417667 ], [ -73.935404529968423, 40.749324144871828 ], [ -73.935842084355869, 40.749018833306735 ] ] ] ] } },
{ "type": "Feature", "properties": { "Borough": "QN", "Block": 239, "Lot": 130, "CD": 401, "BCT2020": "4003301", "BCTCB2020": "40033011017", "CT2010": "171", "CB2010": "1018", "SchoolDist": "30", "Council": 26, "ZipCode": 11101, "FireComp": "L128", "PolicePrct": 114, "HealthCent": 41, "HealthArea": 720, "Sanitboro": "4", "SanitDistr": "01", "SanitSub": "6D", "Address": "SKILLMAN AVENUE", "ZoneDist1": "M1-1", "ZoneDist2": null, "ZoneDist3": null, "ZoneDist4": null, "Overlay1": null, "Overlay2": null, "SPDist1": null, "SPDist2": null, "SPDist3": null, "LtdHeight": null, "SplitZone": "N", "BldgClass": "U7", "LandUse": "07", "Easements": 1, "OwnerType": "X", "OwnerName": "NYC TRANSIT AUTHORITY", "LotArea": 637387, "BldgArea": 0, "ComArea": 0, "ResArea": 0, "OfficeArea": 0, "RetailArea": 0, "GarageArea": 0, "StrgeArea": 0, "FactryArea": 0, "OtherArea": 0, "AreaSource": "7", "NumBldgs": 0, "NumFloors": 0.0, "UnitsRes": 0, "UnitsTotal": 0, "LotFront": 0.0, "LotDepth": 0.0, "BldgFront": 0.0, "BldgDepth": 0.0, "Ext": "N", "ProxCode": "0", "IrrLotCode": "N", "LotType": "5", "BsmtCode": "0", "AssessLand": 0.0, "AssessTot": 0.0, "ExemptTot": 0.0, "YearBuilt": 0, "YearAlter1": 0, "YearAlter2": 0, "HistDist": null, "Landmark": null, "BuiltFAR": 0.0, "ResidFAR": 0.0, "CommFAR": 1.0, "FacilFAR": 2.4, "BoroCode": 4, "BBL": 4002390130.0, "CondoNo": 0, "Tract2010": "0171", "XCoord": 1002484, "YCoord": 212291, "ZoneMap": "9b", "ZMCode": null, "Sanborn": "401 063", "TaxMap": "40203", "EDesigNum": null, "APPBBL": 0.0, "APPDate": null, "PLUTOMapID": "1", "FIRM07_FLA": null, "PFIRM15_FL": null, "Version": "25v4", "DCPEdited": "t", "Latitude": 40.7493475, "Longitude": -73.9341912, "Notes": null, "Shape_Leng": 0.0, "Shape_Area": 637387.26872199995 }, "geometry": { "type": "MultiPolygon", "coordinates": [ [ [ [ -73.931226797284197, 40.750598738596217 ], [ -73.93131319709903, 40.750554088981133 ], [ -73.931559079587913, 40.750427021825146 ], [ -73.931611383841457, 40.750399580175134 ], [ -73.931671008032552, 40.750367787248713 ], [ -73.931747510388263, 40.750325624917934 ], [ -73.931840003813392, 40.75027549358898 ], [ -73.931939628053399, 40.750217029493861 ], [ -73.932054031361091, 40.750144259610238 ], [ -73.932123272094358, 40.750097543458502 ], [ -73.932204612047272, 40.750042664056664 ], [ -73.932390034739015, 40.749911701931353 ], [ -73.932533173356632, 40.749809240059051 ], [ -73.932670964318817, 40.749712547246645 ], [ -73.932905068481645, 40.749547265835432 ], [ -73.933104129813444, 40.749406347431908 ], [ -73.933606454615159, 40.749050829397042 ], [ -73.933992850597733, 40.748776152063357 ], [ -73.934458099524136, 40.748450666858879 ], [ -73.934799338692073, 40.748211036588117 ], [ -73.935771409391521, 40.747577954263555 ], [ -73.935911975537365, 40.747486405447901 ], [ -73.93679887411399, 40.74834825392837 ], [ -73.936661906111752, 40.748444251573801 ], [ -73.936280032971723, 40.748711893017848 ], [ -73.936214204811066, 40.748758029875304 ], [ -73.935842084355869, 40.749018833306735 ], [ -73.935404529968423, 40.749324144871828 ], [ -73.935293305728862, 40.749452075555531 ], [ -73.935196342004247, 40.749518461092812 ], [ -73.934932937865455, 40.749698798656532 ], [ -73.934497251962398, 40.749971329501349 ], [ -73.934460928130648, 40.749992005940392 ], [ -73.934261115373971, 40.750105049694845 ], [ -73.93419504834317, 40.750143269985571 ], [ -73.933959204190813, 40.750265122950999 ], [ -73.933905381351607, 40.750291803820964 ], [ -73.933847720359665, 40.750318868715638 ], [ -73.933776693998126, 40.750349847625436 ], [ -73.933712092052772, 40.750375383912896 ], [ -73.933678694056894, 40.750389815120116 ], [ -73.933606037802846, 40.750421208106872 ], [ -73.93347290620865, 40.750477777587868 ], [ -73.933349156631692, 40.750526775496041 ], [ -73.933206053946165, 40.750577936693475 ], [ -73.933046688390803, 40.750631528695024 ], [ -73.932842067957367, 40.750689878413475 ], [ -73.932809842424078, 40.750699067315061 ], [ -73.932811703397192, 40.750704229237279 ], [ -73.932776564124794, 40.750714226843812 ], [ -73.932748201213144, 40.750722295852491 ], [ -73.932635872734039, 40.750754743810546 ], [ -73.932538000963319, 40.75078040584296 ], [ -73.932396146426058, 40.750823270428107 ], [ -73.932254282656956, 40.750863458541403 ], [ -73.932185362966464, 40.750883625374918 ], [ -73.932117908548719, 40.750903362515508 ], [ -73.931978129840672, 40.750945739736949 ], [ -73.93180179658367, 40.750995514353619 ], [ -73.931599783552684, 40.751079481098316 ], [ -73.931585123314889, 40.751052606642034 ], [ -73.931492926403777, 40.751087132120858 ], [ -73.931226797284197, 40.750598738596217 ] ] ] ] } },
{ "type": "Feature", "properties": { "Borough": "QN", "Block": 239, "Lot": 7501, "CD": 401, "BCT2020": "4003301", "BCTCB2020": "40033011017", "CT2010": "171", "CB2010": "1018", "SchoolDist": "30", "Council": 26, "ZipCode": 11101, "FireComp": "L128", "PolicePrct": 114, "HealthCent": 41, "HealthArea": 720, "Sanitboro": "4", "SanitDistr": "01", "SanitSub": "6D", "Address": "29-22 NORTHERN BOULEVARD", "ZoneDist1": "M1-6/R10", "ZoneDist2": null, "ZoneDist3": null, "ZoneDist4": null, "Overlay1": null, "Overlay2": null, "SPDist1": "LIC", "SPDist2": null, "SPDist3": null, "LtdHeight": null, "SplitZone": "N", "BldgClass": "RM", "LandUse": "04", "Easements": 0, "OwnerType": null, "OwnerName": "UNAVAILABLE OWNER", "LotArea": 31367, "BldgArea": 489937, "ComArea": 38547, "ResArea": 451390, "OfficeArea": 0, "RetailArea": 38547, "GarageArea": 0, "StrgeArea": 0, "FactryArea": 0, "OtherArea": 0, "AreaSource": "2", "NumBldgs": 1, "NumFloors": 44.0, "UnitsRes": 467, "UnitsTotal": 469, "LotFront": 0.0, "LotDepth": 0.0, "BldgFront": 237.09, "BldgDepth": 147.77, "Ext": null, "ProxCode": "0", "IrrLotCode": "N", "LotType": "0", "BsmtCode": "5", "AssessLand": 2470050.0, "AssessTot": 55984500.0, "ExemptTot": 51381704.0, "YearBuilt": 2017, "YearAlter1": 0, "YearAlter2": 0, "HistDist": null, "Landmark": null, "BuiltFAR": 15.62, "ResidFAR": 10.0, "CommFAR": 10.0, "FacilFAR": 10.0, "BoroCode": 4, "BBL": 4002397501.0, "CondoNo": 1043, "Tract2010": "0171", "XCoord": 1001928, "YCoord": 212212, "ZoneMap": "9b", "ZMCode": null, "Sanborn": "401 055", "TaxMap": "40203", "EDesigNum": null, "APPBBL": 4002390013.0, "APPDate": "07/20/2018", "PLUTOMapID": "1", "FIRM07_FLA": null, "PFIRM15_FL": null, "Version": "25v4", "DCPEdited": null, "Latitude": 40.7491318, "Longitude": -73.9361981, "Notes": null, "Shape_Leng": 0.0, "Shape_Area": 33412.116442099999 }, "geometry": { "type": "MultiPolygon", "coordinates": [ [ [ [ -73.935842084355869, 40.749018833306735 ], [ -73.936214204811066, 40.748758029875304 ], [ -73.936640533817481, 40.749046606466678 ], [ -73.936329330568753, 40.749329241708423 ], [ -73.936267723151929, 40.749385192823098 ], [ -73.936094814364154, 40.749542228580594 ], [ -73.935832793338562, 40.749375304619655 ], [ -73.936005704618509, 40.749218271010662 ], [ -73.935905005263052, 40.749154118816946 ], [ -73.935966613980682, 40.749098167811304 ], [ -73.935842084355869, 40.749018833306735 ] ] ] ] } },
{ "type": "Feature", "properties": { "Borough": "QN", "Block": 270, "Lot": 1, "CD": 402, "BCT2020": "4001902", "BCTCB2020": "40019021016", "CT2010": "19", "CB2010": "1076", "SchoolDist": "30", "Council": 26, "ZipCode": 11101, "FireComp": "E258", "PolicePrct": 108, "HealthCent": 41, "HealthArea": 720, "Sanitboro": "4", "SanitDistr": "02", "SanitSub": "2A", "Address": "QUEENS BOULEVARD", "ZoneDist1": "M1-1", "ZoneDist2": null, "ZoneDist3": null, "ZoneDist4": null, "Overlay1": null, "Overlay2": null, "SPDist1": null, "SPDist2": null, "SPDist3": null, "LtdHeight": null, "SplitZone": "N", "BldgClass": "U7", "LandUse": "07", "Easements": 3, "OwnerType": "X", "OwnerName": "MTA - LIRR", "LotArea": 612745, "BldgArea": 0, "ComArea": 0, "ResArea": 0, "OfficeArea": 0, "RetailArea": 0, "GarageArea": 0, "StrgeArea": 0, "FactryArea": 0, "OtherArea": 0, "AreaSource": "7", "NumBldgs": 0, "NumFloors": 0.0, "UnitsRes": 0, "UnitsTotal": 0, "LotFront": 0.0, "LotDepth": 0.0, "BldgFront": 0.0, "BldgDepth": 0.0, "Ext": "N", "ProxCode": "0", "IrrLotCode": "N", "LotType": "5", "BsmtCode": "0", "AssessLand": 0.0, "AssessTot": 0.0, "ExemptTot": 0.0, "YearBuilt": 0, "YearAlter1": 0, "YearAlter2": 0, "HistDist": null, "Landmark": null, "BuiltFAR": 0.0, "ResidFAR": 0.0, "CommFAR": 1.0, "FacilFAR": 2.4, "BoroCode": 4, "BBL": 4002700001.0, "CondoNo": 0, "Tract2010": "0019", "XCoord": 1001683, "YCoord": 211163, "ZoneMap": "9b", "ZMCode": null, "Sanborn": "401 055", "TaxMap": "40203", "EDesigNum": null, "APPBBL": 0.0, "APPDate": null, "PLUTOMapID": "1", "FIRM07_FLA": null, "PFIRM15_FL": null, "Version": "25v4", "DCPEdited": "t", "Latitude": 40.746253, "Longitude": -73.9370851, "Notes": null, "Shape_Leng": 0.0, "Shape_Area": 612744.81981999998 }, "geometry": { "type": "MultiPolygon", "coordinates": [ [ [ [ -73.934489412118481, 40.746103959256949 ], [ -73.934647149309697, 40.746067604650705 ], [ -73.935404638060319, 40.745893023268856 ], [ -73.935832596780187, 40.7457891861497 ], [ -73.936175047949249, 40.745705848647134 ], [ -73.936351156408364, 40.745662550931726 ], [ -73.93649548989643, 40.745628286404553 ], [ -73.93676186176593, 40.745562886397437 ], [ -73.937655796613313, 40.745347754200168 ], [ -73.937898447330767, 40.745289358104166 ], [ -73.93866187816036, 40.745462268845671 ], [ -73.939030033744075, 40.745545649820968 ], [ -73.940054091269474, 40.745777576986434 ], [ -73.939894825810939, 40.745858267293912 ], [ -73.939604809992588, 40.746005202938733 ], [ -73.939601400826859, 40.746006930064901 ], [ -73.939493578755147, 40.74607129013669 ], [ -73.939411190393017, 40.746120469270132 ], [ -73.939238534446787, 40.746224288283912 ], [ -73.939207855042085, 40.746241046644634 ], [ -73.939149935270166, 40.74627238598719 ], [ -73.938973962800944, 40.746358542219269 ], [ -73.938847782033477, 40.74641412905104 ], [ -73.938759674718298, 40.74645216450763 ], [ -73.938647495920591, 40.746500093481465 ], [ -73.938572175955471, 40.74653048767216 ], [ -73.938499256568022, 40.746560195915769 ], [ -73.93842696079453, 40.746588868067484 ], [ -73.938251752139408, 40.746655275491456 ], [ -73.938023927552976, 40.746738300958718 ], [ -73.937919694870601, 40.746773933562949 ], [ -73.937812655610998, 40.746810964771626 ], [ -73.937590524837233, 40.746885694391686 ], [ -73.937319481396628, 40.746974471794715 ], [ -73.937124835238436, 40.747039906068053 ], [ -73.937004524388115, 40.74708069245893 ], [ -73.936793760943559, 40.74715294139893 ], [ -73.936650949853671, 40.747200448169743 ], [ -73.936490450385733, 40.747254835646551 ], [ -73.936202020471313, 40.747348983997654 ], [ -73.936026686550392, 40.747408234366944 ], [ -73.936018632380311, 40.74741095569356 ], [ -73.935911975537365, 40.747486405447901 ], [ -73.935224114911165, 40.746817951263367 ], [ -73.935080989390016, 40.746678862222787 ], [ -73.934489412118481, 40.746103959256949 ] ] ] ] } },
{ "type": "Feature", "properties": { "Borough": "QN", "Block": 270, "Lot": 2, "CD": 402, "BCT2020": "4001902", "BCTCB2020": "40019021016", "CT2010": "19", "CB2010": "1056", "SchoolDist": "30", "Council": 26, "ZipCode": 11101, "FireComp": "E258", "PolicePrct": 108, "HealthCent": 41, "HealthArea": 720, "Sanitboro": "4", "SanitDistr": "02", "SanitSub": "2A", "Address": null, "ZoneDist1": "M1-1", "ZoneDist2": null, "ZoneDist3": null, "ZoneDist4": null, "Overlay1": null, "Overlay2": null, "SPDist1": null, "SPDist2": null, "SPDist3": null, "LtdHeight": null, "SplitZone": "N", "BldgClass": "U1", "LandUse": "07", "Easements": 4, "OwnerType": "X", "OwnerName": "N Y C P W", "LotArea": 283705, "BldgArea": 0, "ComArea": 0, "ResArea": 0, "OfficeArea": 0, "RetailArea": 0, "GarageArea": 0, "StrgeArea": 0, "FactryArea": 0, "OtherArea": 0, "AreaSource": "7", "NumBldgs": 0, "NumFloors": 0.0, "UnitsRes": 0, "UnitsTotal": 0, "LotFront": 66.0, "LotDepth": 848.0, "BldgFront": 0.0, "BldgDepth": 0.0, "Ext": "N", "ProxCode": "0", "IrrLotCode": "Y", "LotType": "5", "BsmtCode": "0", "AssessLand": 0.0, "AssessTot": 0.0, "ExemptTot": 0.0, "YearBuilt": 0, "YearAlter1": 0, "YearAlter2": 0, "HistDist": null, "Landmark": null, "BuiltFAR": 0.0, "ResidFAR": 0.0, "CommFAR": 1.0, "FacilFAR": 2.4, "BoroCode": 4, "BBL": 4002700002.0, "CondoNo": 0, "Tract2010": "0019", "XCoord": 1001480, "YCoord": 211492, "ZoneMap": "9b", "ZMCode": null, "Sanborn": "401 055", "TaxMap": "40203", "EDesigNum": null, "APPBBL": 0.0, "APPDate": null, "PLUTOMapID": "1", "FIRM07_FLA": null, "PFIRM15_FL": null, "Version": "25v4", "DCPEdited": "t", "Latitude": 40.7471564, "Longitude": -73.9378168, "Notes": null, "Shape_Leng": 0.0, "Shape_Area": 283705.20251600002 }, "geometry": { "type": "MultiPolygon", "coordinates": [ [ [ [ -73.935911975537365, 40.747486405447901 ], [ -73.936018632380311, 40.74741095569356 ], [ -73.936026686550392, 40.747408234366944 ], [ -73.936202020471313, 40.747348983997654 ], [ -73.936490450385733, 40.747254835646551 ], [ -73.936650949853671, 40.747200448169743 ], [ -73.936793760943559, 40.74715294139893 ], [ -73.937004524388115, 40.74708069245893 ], [ -73.937124835238436, 40.747039906068053 ], [ -73.937319481396628, 40.746974471794715 ], [ -73.937590524837233, 40.746885694391686 ], [ -73.937812655610998, 40.746810964771626 ], [ -73.937919694870601, 40.746773933562949 ], [ -73.938023927552976, 40.746738300958718 ], [ -73.938251752139408, 40.746655275491456 ], [ -73.93842696079453, 40.746588868067484 ], [ -73.938499256568022, 40.746560195915769 ], [ -73.938572175955471, 40.74653048767216 ], [ -73.938647495920591, 40.746500093481465 ], [ -73.938759674718298, 40.74645216450763 ], [ -73.938847782033477, 40.74641412905104 ], [ -73.938973962800944, 40.746358542219269 ], [ -73.939149935270166, 40.74627238598719 ], [ -73.939207855042085, 40.746241046644634 ], [ -73.939238534446787, 40.746224288283912 ], [ -73.939411190393017, 40.746120469270132 ], [ -73.939493578755147, 40.74607129013669 ], [ -73.939601400826859, 40.746006930064901 ], [ -73.939604809992588, 40.746005202938733 ], [ -73.939894825810939, 40.745858267293912 ], [ -73.940054091269474, 40.745777576986434 ], [ -73.940496882205267, 40.745877855018136 ], [ -73.940347491691952, 40.745961471465556 ], [ -73.940122930052141, 40.746087159764393 ], [ -73.940107676703477, 40.746095696682467 ], [ -73.940035302809108, 40.746136205101017 ], [ -73.940026386151317, 40.74614119645608 ], [ -73.939992224865335, 40.746160316185957 ], [ -73.939803390508928, 40.746266007855724 ], [ -73.939767981711171, 40.746285825676452 ], [ -73.939655066689497, 40.746349025122235 ], [ -73.939635962103779, 40.746359716709527 ], [ -73.939354221225614, 40.746557200425784 ], [ -73.93907473461384, 40.746753101628407 ], [ -73.938908626973301, 40.746869530670921 ], [ -73.938353637278738, 40.747258532590351 ], [ -73.938185269930926, 40.747376542554711 ], [ -73.937329894629471, 40.747976072341544 ], [ -73.936912253435437, 40.748268788944834 ], [ -73.93679887411399, 40.74834825392837 ], [ -73.935911975537365, 40.747486405447901 ] ] ] ] } }
]
}
