{
"type": "FeatureCollection",
"name": "pluto_Freshkills_Park_(North)",
"crs": { "type": "name", "properties": { "name": "urn:ogc:def:crs:OGC:1.3:CRS84" } },
"features": [
{ "type": "Feature", "properties": { "Borough": "SI", "Block": 2520, "Lot": 55, "CD": 502, "BCT2020": "5022802", "BCTCB2020": "50228021022", "CT2010": "228", "CB2010": "1030", "SchoolDist": "31", "Council": 51, "ZipCode": 10314, "FireComp": "Q008", "PolicePrct": 121, "HealthCent": 51, "HealthArea": 800, "Sanitboro": "5", "SanitDistr": "02", "SanitSub": "4D", "Address": "2456 RICHMOND AVENUE", "ZoneDist1": "C4-1", "ZoneDist2": "R3-2", "ZoneDist3": null, "ZoneDist4": null, "Overlay1": null, "Overlay2": null, "SPDist1": null, "SPDist2": null, "SPDist3": null, "LtdHeight": null, "SplitZone": "Y", "BldgClass": "K6", "LandUse": "05", "Easements": 0, "OwnerType": null, "OwnerName": "LANGOLD LLC", "LotArea": 61684, "BldgArea": 16292, "ComArea": 16292, "ResArea": 0, "OfficeArea": 0, "RetailArea": 16292, "GarageArea": 0, "StrgeArea": 0, "FactryArea": 0, "OtherArea": 0, "AreaSource": "2", "NumBldgs": 1, "NumFloors": 1.0, "UnitsRes": 0, "UnitsTotal": 3, "LotFront": 210.0, "LotDepth": 370.0, "BldgFront": 140.0, "BldgDepth": 120.0, "Ext": "N", "ProxCode": "0", "IrrLotCode": "Y", "LotType": "5", "BsmtCode": "0", "AssessLand": 610650.0, "AssessTot": 1696500.0, "ExemptTot": 0.0, "YearBuilt": 2003, "YearAlter1": 0, "YearAlter2": 0, "HistDist": null, "Landmark": null, "BuiltFAR": 0.26, "ResidFAR": 1.5, "CommFAR": 1.0, "FacilFAR": 2.0, "BoroCode": 5, "BBL": 5025200055.0, "CondoNo": 0, "Tract2010": "0228", "XCoord": 937434, "YCoord": 153845, "ZoneMap": "26c", "ZMCode": null, "Sanborn": "504 436", "TaxMap": "51101", "EDesigNum": null, "APPBBL": 0.0, "APPDate": null, "PLUTOMapID": "1", "FIRM07_FLA": "1", "PFIRM15_FL": "1", "Version": "25v4", "DCPEdited": null, "Latitude": 40.5888215, "Longitude": -74.1685587, "Notes": null, "Shape_Leng": 0.0, "Shape_Area": 60915.554196800003 }, "geometry": { "type": "MultiPolygon", "coordinates": [ [ [ [ -74.16870641726247, 40.589124186379351 ], [ -74.168581292811197, 40.58911437770999 ], [ -74.168453037303692, 40.589100025883575 ], [ -74.168333967041804, 40.589082733718705 ], [ -74.168143269501684, 40.589046837755099 ], [ -74.16805639042876, 40.589027019977969 ], [ -74.167967638109488, 40.589004451056518 ], [ -74.167875510799519, 40.5889784586997 ], [ -74.167894741120975, 40.588951934472774 ], [ -74.167933406665128, 40.588898602850037 ], [ -74.168002486953611, 40.588792558671486 ], [ -74.16806124157084, 40.588690250577848 ], [ -74.168117165489036, 40.588578399180903 ], [ -74.168167571874108, 40.588459615403423 ], [ -74.169248130408505, 40.588680627680901 ], [ -74.169233056946013, 40.588716734005096 ], [ -74.169074658547444, 40.589008366349155 ], [ -74.168851567961383, 40.589130444418437 ], [ -74.168771727730217, 40.58912700185703 ], [ -74.16870641726247, 40.589124186379351 ] ] ] ] } },
{ "type": "Feature", "properties": { "Borough": "SI", "Block": 2600, "Lot": 100, "CD": 502, "BCT2020": "5022802", "BCTCB2020": "50228021022", "CT2010": "228", "CB2010": "1030", "SchoolDist": "31", "Council": 51, "ZipCode": 10314, "FireComp": "Q008", "PolicePrct": 121, "HealthCent": 51, "HealthArea": 800, "Sanitboro": "5", "SanitDistr": "02", "SanitSub": "4D", "Address": "2226 RICHMOND AVENUE", "ZoneDist1": "PARK", "ZoneDist2": null, "ZoneDist3": null, "ZoneDist4": null, "Overlay1": null, "Overlay2": null, "SPDist1": null, "SPDist2": null, "SPDist3": null, "LtdHeight": null, "SplitZone": "N", "BldgClass": "Y6", "LandUse": "07", "Easements": 0, "OwnerType": "C", "OwnerName": "NYC DEPARTMENT OF PARKS AND RECREATION", "LotArea": 283140, "BldgArea": 8600, "ComArea": 8600, "ResArea": 0, "OfficeArea": 0, "RetailArea": 1600, "GarageArea": 0, "StrgeArea": 0, "FactryArea": 0, "OtherArea": 7000, "AreaSource": "2", "NumBldgs": 4, "NumFloors": 2.0, "UnitsRes": 0, "UnitsTotal": 1, "LotFront": 90.0, "LotDepth": 1475.0, "BldgFront": 20.0, "BldgDepth": 40.0, "Ext": "N", "ProxCode": "0", "IrrLotCode": "Y", "LotType": "5", "BsmtCode": "0", "AssessLand": 184950.0, "AssessTot": 221400.0, "ExemptTot": 221400.0, "YearBuilt": 1940, "YearAlter1": 0, "YearAlter2": 0, "HistDist": null, "Landmark": null, "BuiltFAR": 0.03, "ResidFAR": 0.0, "CommFAR": 0.0, "FacilFAR": 0.0, "BoroCode": 5, "BBL": 5026000100.0, "CondoNo": 0, "Tract2010": "0228", "XCoord": 938250, "YCoord": 154787, "ZoneMap": "26c", "ZMCode": null, "Sanborn": "599 999", "TaxMap": "51101", "EDesigNum": null, "APPBBL": 0.0, "APPDate": null, "PLUTOMapID": "1", "FIRM07_FLA": "1", "PFIRM15_FL": "1", "Version": "25v4", "DCPEdited": "t", "Latitude": 40.5914113, "Longitude": -74.1656271, "Notes": null, "Shape_Leng": 0.0, "Shape_Area": 273115.14577300003 }, "geometry": { "type": "MultiPolygon", "coordinates": [ [ [ [ -74.16357108429662, 40.592861901903966 ], [ -74.163595794935119, 40.592802365430721 ], [ -74.163623131941534, 40.592749745804873 ], [ -74.163661257168073, 40.592689627429365 ], [ -74.163754299378638, 40.592587472651573 ], [ -74.163840723782926, 40.592510486105617 ], [ -74.165770547295722, 40.591022043747174 ], [ -74.165880264625812, 40.590941658594446 ], [ -74.16596189786047, 40.590879428854223 ], [ -74.166060456109932, 40.590801373976326 ], [ -74.166162651791254, 40.590716841670151 ], [ -74.166254756026461, 40.590637294806065 ], [ -74.166350736167857, 40.590550746870619 ], [ -74.166436996732898, 40.59046953875778 ], [ -74.16651853278421, 40.590389560226221 ], [ -74.166632417843317, 40.590272133284884 ], [ -74.167564907872674, 40.589301706167255 ], [ -74.168071328349541, 40.589723732953615 ], [ -74.168066787337693, 40.58975372710902 ], [ -74.168054525938317, 40.589834695023946 ], [ -74.168037688734557, 40.589945895829359 ], [ -74.168031465521594, 40.589956616660821 ], [ -74.168008773473744, 40.589995704703639 ], [ -74.167971666076909, 40.590059623906029 ], [ -74.167939976426666, 40.590063068052253 ], [ -74.167868274991577, 40.59006658936714 ], [ -74.167790976344207, 40.590070973413226 ], [ -74.167738358113056, 40.59008898781677 ], [ -74.167696978579016, 40.590119798450942 ], [ -74.167694601733871, 40.590122380712586 ], [ -74.167682977319274, 40.590121342693408 ], [ -74.167631691958718, 40.590111759314134 ], [ -74.167577380756498, 40.590104765809372 ], [ -74.167533267067299, 40.590101391021889 ], [ -74.167449258903858, 40.590100901439008 ], [ -74.167423454328954, 40.590067238094335 ], [ -74.167383080285944, 40.590051921342422 ], [ -74.1673001692307, 40.590052896646341 ], [ -74.167248674217589, 40.590070908270526 ], [ -74.167212903458946, 40.590105127989773 ], [ -74.167183904514118, 40.590158128308516 ], [ -74.167150416187454, 40.59020857400558 ], [ -74.167134055438552, 40.590241500674495 ], [ -74.166493918719837, 40.590854209855351 ], [ -74.166468527498225, 40.590849333667393 ], [ -74.166396781621486, 40.590834915597341 ], [ -74.166329506117691, 40.590815366223083 ], [ -74.166279049420055, 40.590800919197946 ], [ -74.166208419234181, 40.590784792945612 ], [ -74.166161336031564, 40.590775464025974 ], [ -74.166142293082373, 40.59077805536846 ], [ -74.166104208858826, 40.59078152606854 ], [ -74.166074002691786, 40.590801215610711 ], [ -74.166074089632957, 40.590836236847146 ], [ -74.166146927584677, 40.590839546422856 ], [ -74.166219774443817, 40.590845421514302 ], [ -74.166292615752468, 40.590849588275077 ], [ -74.166365468711774, 40.59085887800893 ], [ -74.166434976942554, 40.590874152102479 ], [ -74.166467474104991, 40.590879521485675 ], [ -74.163969933773785, 40.593270051468473 ], [ -74.163880891976163, 40.593355272570676 ], [ -74.163574996373981, 40.593321628819481 ], [ -74.163556659294542, 40.593265871867089 ], [ -74.163541644572106, 40.593201582198475 ], [ -74.163541556398783, 40.593200800671127 ], [ -74.163533594068085, 40.593130175713711 ], [ -74.163531300246959, 40.593076186213246 ], [ -74.163534174828314, 40.593024615387499 ], [ -74.163540867610507, 40.592975080562404 ], [ -74.163564625437033, 40.592882895159299 ], [ -74.16357108429662, 40.592861901903966 ] ] ], [ [ [ -74.167942714215044, 40.590109493471324 ], [ -74.167939100037458, 40.590115319777368 ], [ -74.167934559186023, 40.590120012732051 ], [ -74.167928404892351, 40.590124319936102 ], [ -74.167922266063471, 40.590127225026919 ], [ -74.167914030247147, 40.590129608120165 ], [ -74.167905707098313, 40.590130601881548 ], [ -74.167824288092746, 40.590133961755946 ], [ -74.167753428089739, 40.590127633930855 ], [ -74.167765325814784, 40.590118843196741 ], [ -74.167802267386094, 40.590105977461974 ], [ -74.167871728008109, 40.590102460382248 ], [ -74.167945669239117, 40.590098933951467 ], [ -74.167949076237718, 40.590098535428091 ], [ -74.167942714215044, 40.590109493471324 ] ] ], [ [ [ -74.167384272557598, 40.590102540985761 ], [ -74.167340799107862, 40.590109556331832 ], [ -74.167304167363426, 40.590119745038393 ], [ -74.167249397537972, 40.590143818382202 ], [ -74.167237948133831, 40.590151414471954 ], [ -74.167253285001692, 40.590123007772711 ], [ -74.167278997942276, 40.590099906030616 ], [ -74.167310342323816, 40.590088756975639 ], [ -74.167371965750746, 40.590087813581739 ], [ -74.167389909724676, 40.590094619701823 ], [ -74.167395884790736, 40.590102178971641 ], [ -74.167384272557598, 40.590102540985761 ] ] ] ] } },
{ "type": "Feature", "properties": { "Borough": "SI", "Block": 2600, "Lot": 103, "CD": 502, "BCT2020": "5022802", "BCTCB2020": "50228021001", "CT2010": "228", "CB2010": "1001", "SchoolDist": "31", "Council": 50, "ZipCode": 10314, "FireComp": "Q008", "PolicePrct": 121, "HealthCent": 51, "HealthArea": 800, "Sanitboro": "5", "SanitDistr": "02", "SanitSub": "4D", "Address": "TRAVIS AVENUE", "ZoneDist1": "PARK", "ZoneDist2": null, "ZoneDist3": null, "ZoneDist4": null, "Overlay1": null, "Overlay2": null, "SPDist1": null, "SPDist2": null, "SPDist3": null, "LtdHeight": null, "SplitZone": "N", "BldgClass": "Y9", "LandUse": "07", "Easements": 0, "OwnerType": "C", "OwnerName": "NYC DEPARTMENT OF PARKS AND RECREATION", "LotArea": 2687652, "BldgArea": 8600, "ComArea": 8600, "ResArea": 0, "OfficeArea": 0, "RetailArea": 0, "GarageArea": 0, "StrgeArea": 0, "FactryArea": 0, "OtherArea": 8600, "AreaSource": "2", "NumBldgs": 4, "NumFloors": 1.0, "UnitsRes": 0, "UnitsTotal": 1, "LotFront": 1922.0, "LotDepth": 1475.0, "BldgFront": 36.0, "BldgDepth": 44.0, "Ext": "N", "ProxCode": "0", "IrrLotCode": "Y", "LotType": "5", "BsmtCode": "0", "AssessLand": 890100.0, "AssessTot": 1053900.0, "ExemptTot": 1053900.0, "YearBuilt": 1980, "YearAlter1": 0, "YearAlter2": 0, "HistDist": null, "Landmark": null, "BuiltFAR": 0.0, "ResidFAR": 0.0, "CommFAR": 0.0, "FacilFAR": 0.0, "BoroCode": 5, "BBL": 5026000103.0, "CondoNo": 0, "Tract2010": "0228", "XCoord": 937337, "YCoord": 155099, "ZoneMap": "26c", "ZMCode": null, "Sanborn": "599 999", "TaxMap": "51101", "EDesigNum": null, "APPBBL": 0.0, "APPDate": null, "PLUTOMapID": "1", "FIRM07_FLA": "1", "PFIRM15_FL": "1", "Version": "25v4", "DCPEdited": "t", "Latitude": 40.5922629, "Longitude": -74.1689166, "Notes": null, "Shape_Leng": 0.0, "Shape_Area": 2719189.40393 }, "geometry": { "type": "MultiPolygon", "coordinates": [ [ [ [ -74.163969933773785, 40.593270051468473 ], [ -74.166467474104991, 40.590879521485675 ], [ -74.166506716485841, 40.590886005337055 ], [ -74.166558280381395, 40.590895327622043 ], [ -74.166577334905, 40.590897862910474 ], [ -74.166614322093878, 40.59090207874052 ], [ -74.166679260190506, 40.590882340541825 ], [ -74.166694952747761, 40.590885307527564 ], [ -74.166717944166862, 40.590893387882168 ], [ -74.166793624811177, 40.590912925754296 ], [ -74.166834002460945, 40.590929094636941 ], [ -74.166838526845751, 40.590946172829888 ], [ -74.166834002394197, 40.590958111504648 ], [ -74.166829620658106, 40.590969673240963 ], [ -74.166764636747956, 40.59097104990061 ], [ -74.166689569286234, 40.59097286531108 ], [ -74.166630218938309, 40.590986619531733 ], [ -74.166611223954192, 40.591008001172213 ], [ -74.166627042094035, 40.591060935458763 ], [ -74.166647344288279, 40.591114718684622 ], [ -74.166664257079063, 40.591156547942049 ], [ -74.166700238201443, 40.591206893599612 ], [ -74.166740676652793, 40.591247834121006 ], [ -74.166786728763299, 40.591293036670315 ], [ -74.166834000730233, 40.591322162554235 ], [ -74.166846204942743, 40.591329681940145 ], [ -74.16689107450145, 40.591349260866849 ], [ -74.166944887309597, 40.591361140771966 ], [ -74.166957224461413, 40.591366248650942 ], [ -74.166975264786402, 40.59141149188693 ], [ -74.16699108239041, 40.591463574193988 ], [ -74.167003545375394, 40.59151907703572 ], [ -74.167015983994304, 40.591564329324008 ], [ -74.167049660804111, 40.591589050244757 ], [ -74.167100117060983, 40.591603498773217 ], [ -74.167170752598295, 40.591621333599981 ], [ -74.16724361310213, 40.591632332899295 ], [ -74.167313108309273, 40.591642480688407 ], [ -74.167359090560566, 40.591659495835167 ], [ -74.16741182863376, 40.591689316450847 ], [ -74.167463466084897, 40.591727679267834 ], [ -74.16749937111301, 40.591747271016125 ], [ -74.167565550753011, 40.591775361927766 ], [ -74.167633952923083, 40.591796616308045 ], [ -74.167701237535923, 40.591818726968718 ], [ -74.16776738080965, 40.591832299553694 ], [ -74.167785329684477, 40.591840812976145 ], [ -74.167784243998938, 40.591854481899183 ], [ -74.167749586264193, 40.591885283569816 ], [ -74.167690272756559, 40.591914409310469 ], [ -74.167638809624137, 40.591945235544181 ], [ -74.167579498162198, 40.59197521767009 ], [ -74.167536963023949, 40.59199321635365 ], [ -74.167513457457858, 40.592002646672988 ], [ -74.167478781094943, 40.592026614200947 ], [ -74.167447538462895, 40.592078764158181 ], [ -74.167416286130248, 40.592127496533301 ], [ -74.167397279180804, 40.592144608132081 ], [ -74.167351378060658, 40.592159195901786 ], [ -74.16728304581747, 40.592166983129282 ], [ -74.167219172100104, 40.592164513161599 ], [ -74.167154135670501, 40.592145816453538 ], [ -74.167094707675076, 40.592128819931716 ], [ -74.167022979478133, 40.59212208824092 ], [ -74.166949029673845, 40.592123051184672 ], [ -74.16687730882235, 40.592119738737388 ], [ -74.166833997202403, 40.59211430033136 ], [ -74.166803333456414, 40.592110450033964 ], [ -74.166759639839057, 40.592113077158999 ], [ -74.16669020370631, 40.592126843358855 ], [ -74.16663192761628, 40.592122655735672 ], [ -74.166569123810717, 40.592100538041031 ], [ -74.166543325084348, 40.592088620054561 ], [ -74.166502873301781, 40.59204340561849 ], [ -74.166436686551322, 40.592011897524202 ], [ -74.166377290726075, 40.592007714153588 ], [ -74.166321319395905, 40.592029148414902 ], [ -74.16626762706008, 40.592065954898608 ], [ -74.166227321023371, 40.592078826755554 ], [ -74.166159013164503, 40.592096008422466 ], [ -74.166088451729735, 40.592108068514051 ], [ -74.166039180896888, 40.592120098649616 ], [ -74.165977092985713, 40.592160760549127 ], [ -74.165934034632883, 40.592192854409824 ], [ -74.165888202869539, 40.592236481613533 ], [ -74.165835630105704, 40.592273288118285 ], [ -74.16578080697262, 40.59230582665387 ], [ -74.165715869342264, 40.592326418024022 ], [ -74.165646456041287, 40.592349580459391 ], [ -74.165588277994473, 40.592385540319754 ], [ -74.165537931387604, 40.592415508473934 ], [ -74.165511052511917, 40.59242152573632 ], [ -74.165446134650452, 40.592423120494317 ], [ -74.165437106772103, 40.592423342305814 ], [ -74.16536657309797, 40.592447357192576 ], [ -74.165305015013374, 40.592475634920312 ], [ -74.165278141522421, 40.592483361331318 ], [ -74.16520192613433, 40.592474074817304 ], [ -74.165175082046446, 40.592493759203421 ], [ -74.16514942961625, 40.59254248299176 ], [ -74.165122664705933, 40.592593772107264 ], [ -74.165089162267861, 40.592639090491005 ], [ -74.165023018637086, 40.592625520045765 ], [ -74.164949040861245, 40.592615374627471 ], [ -74.164871716616432, 40.592612069802321 ], [ -74.16484036132934, 40.592618948016401 ], [ -74.164809068967187, 40.592652305945386 ], [ -74.164794593796088, 40.592689056425066 ], [ -74.164790245354368, 40.592743727230804 ], [ -74.164771259802748, 40.592769379819451 ], [ -74.16472430280956, 40.59281130171577 ], [ -74.164716477805143, 40.592818999778956 ], [ -74.1646807095795, 40.59285492614611 ], [ -74.164658335686369, 40.592869479215167 ], [ -74.164592272779359, 40.59288921962851 ], [ -74.164522848314562, 40.592907256607553 ], [ -74.164453425703215, 40.592926999991114 ], [ -74.164386263796956, 40.59295528515571 ], [ -74.164330342284174, 40.592998072472824 ], [ -74.164312487949474, 40.593027995475765 ], [ -74.164309143902301, 40.593034834341005 ], [ -74.164284620102379, 40.593086971062412 ], [ -74.16426453435912, 40.59312031374526 ], [ -74.164222053322575, 40.593160518989457 ], [ -74.164168354841522, 40.593195617121246 ], [ -74.164109040712759, 40.59322559736426 ], [ -74.164050846410149, 40.59325557606352 ], [ -74.164059840810893, 40.59326752218842 ], [ -74.164069951787056, 40.593278610354623 ], [ -74.164129265982453, 40.593248630968347 ], [ -74.164189695917941, 40.593216940744306 ], [ -74.164247873344991, 40.593180127912866 ], [ -74.164295942382253, 40.593134788042079 ], [ -74.164317141017079, 40.593097175252744 ], [ -74.164341663693733, 40.593045036685787 ], [ -74.164360636894884, 40.593014258477169 ], [ -74.164371820696715, 40.59300570094566 ], [ -74.164407606854553, 40.592977462506347 ], [ -74.164468054313758, 40.592952606196221 ], [ -74.164535796031998, 40.592932862446737 ], [ -74.164604664991757, 40.592915681866003 ], [ -74.164676322295648, 40.592893369530657 ], [ -74.164707651799276, 40.592874534279403 ], [ -74.164752357375349, 40.592828344428426 ], [ -74.164801553319251, 40.592785565625711 ], [ -74.164825002129518, 40.592751364338554 ], [ -74.164830461681873, 40.592694128120662 ], [ -74.16484159165546, 40.592664217439342 ], [ -74.16486282982801, 40.592642832796749 ], [ -74.164876267977903, 40.5926402506269 ], [ -74.164944626370229, 40.592642715464542 ], [ -74.165014120175186, 40.592652011797817 ], [ -74.165089236045873, 40.59266898602943 ], [ -74.165117227395342, 40.592660404372019 ], [ -74.165155188624638, 40.592605682590722 ], [ -74.165183070379257, 40.592552686248567 ], [ -74.16520537342322, 40.592509089462204 ], [ -74.165214322422258, 40.592503098042144 ], [ -74.165282695352701, 40.592511542974648 ], [ -74.165320764014979, 40.592500382122793 ], [ -74.165383440891745, 40.59247210637519 ], [ -74.16544613450057, 40.592450661141278 ], [ -74.165516721885666, 40.592448852161709 ], [ -74.165553679254842, 40.592440256567876 ], [ -74.165610743659485, 40.592407715831683 ], [ -74.165665561819011, 40.592372614487367 ], [ -74.16572937752855, 40.592351170157762 ], [ -74.165798792622411, 40.59232971596191 ], [ -74.165859211438061, 40.592293751840046 ], [ -74.165915140771347, 40.592255235869693 ], [ -74.165960970405237, 40.592210752211322 ], [ -74.166004590848743, 40.592179086128716 ], [ -74.166057168893133, 40.592143987913069 ], [ -74.166097482396836, 40.592134536286586 ], [ -74.16616804385356, 40.592122474433104 ], [ -74.166239710403687, 40.592104434133446 ], [ -74.166286733892534, 40.592089845186067 ], [ -74.166341543856475, 40.59205218062926 ], [ -74.166385203463648, 40.592035889136497 ], [ -74.166424426744257, 40.592038396094054 ], [ -74.166477154173919, 40.592063944207318 ], [ -74.166518724705355, 40.592109153433867 ], [ -74.16655237700553, 40.592124479307735 ], [ -74.16662190879461, 40.592149151161912 ], [ -74.166692512855889, 40.592154173681678 ], [ -74.166765310897489, 40.592140400845878 ], [ -74.166801160686759, 40.592137787692941 ], [ -74.166833997076495, 40.592141973753066 ], [ -74.166874015006769, 40.592147075348571 ], [ -74.16694797561486, 40.592150386386848 ], [ -74.167020806798178, 40.592149425987891 ], [ -74.167038738603523, 40.592151108226055 ], [ -74.167085812228962, 40.592156164691161 ], [ -74.167140755325946, 40.592171459529766 ], [ -74.167211396563715, 40.592191857221849 ], [ -74.167284235235101, 40.592194313228632 ], [ -74.167361527882306, 40.592185659270406 ], [ -74.167418626603435, 40.592166785757051 ], [ -74.167446578958348, 40.592142827958355 ], [ -74.167480061335993, 40.59209067306606 ], [ -74.167507955069624, 40.592042800089061 ], [ -74.16753368232358, 40.592025679598116 ], [ -74.167597484368244, 40.591999107616743 ], [ -74.167609793862937, 40.591993110188348 ], [ -74.167660152339053, 40.591967411373858 ], [ -74.167711617793742, 40.591936588809013 ], [ -74.167773166727102, 40.591905746901993 ], [ -74.167819006810632, 40.591865534592756 ], [ -74.167822268076179, 40.591825383510951 ], [ -74.1677818820108, 40.591806652089133 ], [ -74.167713496800829, 40.591792230017916 ], [ -74.167647337554854, 40.591771826099503 ], [ -74.167581173908701, 40.591750569298974 ], [ -74.167519482915324, 40.591724179227761 ], [ -74.16748694496178, 40.591707142801646 ], [ -74.167435306416522, 40.591668780915555 ], [ -74.167378079080152, 40.591635552021202 ], [ -74.167324247677655, 40.591616840014602 ], [ -74.167250269632362, 40.591605843312436 ], [ -74.167179649145424, 40.591593988830731 ], [ -74.167112377734, 40.591577002804563 ], [ -74.167069770469979, 40.591565103932496 ], [ -74.16704956482549, 40.591550615033853 ], [ -74.167038268568831, 40.591513901711316 ], [ -74.167026924200073, 40.591458398084292 ], [ -74.167009980212981, 40.59140375452035 ], [ -74.16698743258172, 40.591348266329668 ], [ -74.166959388618878, 40.591335495251933 ], [ -74.166905575828793, 40.591323615352294 ], [ -74.166866316735181, 40.591306590265461 ], [ -74.166834000910526, 40.591287162610151 ], [ -74.166812454070055, 40.591274209053552 ], [ -74.166769769195753, 40.591231563523827 ], [ -74.16673045362954, 40.591192328838858 ], [ -74.166697847388292, 40.591146250323767 ], [ -74.166682060808142, 40.591106982418864 ], [ -74.166661759613433, 40.591054051042946 ], [ -74.166651012018136, 40.591012213767364 ], [ -74.166695239021053, 40.591000192520163 ], [ -74.166764707015048, 40.590999237158456 ], [ -74.166834002157387, 40.590998369766275 ], [ -74.166842018723216, 40.590998269449429 ], [ -74.166864389389033, 40.590982863190334 ], [ -74.166875506762466, 40.590946972839035 ], [ -74.16686644917398, 40.590910255411842 ], [ -74.166834002647249, 40.590897573686753 ], [ -74.166829436402992, 40.590895789028458 ], [ -74.166813733154001, 40.590888977730494 ], [ -74.166735228308752, 40.590860048822208 ], [ -74.166703829163566, 40.590849845445561 ], [ -74.166683627034459, 40.590836208406351 ], [ -74.166675698207939, 40.590802053898265 ], [ -74.166683495081941, 40.590783250462508 ], [ -74.166725969785972, 40.590742188857476 ], [ -74.166772925276774, 40.590700266130199 ], [ -74.166810924788777, 40.590660919276907 ], [ -74.166834003906885, 40.590615210414363 ], [ -74.166837683265257, 40.590607923227957 ], [ -74.166851072038483, 40.590585695081707 ], [ -74.166895821766701, 40.590557441839188 ], [ -74.166980825089354, 40.590496674324548 ], [ -74.167079213743392, 40.590411966604727 ], [ -74.167111631367916, 40.590381171063896 ], [ -74.167146231108319, 40.590327308935585 ], [ -74.167168508658079, 40.590274318485939 ], [ -74.16719415124102, 40.590223030424859 ], [ -74.167226517298872, 40.590172586346355 ], [ -74.167237948133831, 40.590151414471954 ], [ -74.167249397537972, 40.590143818382202 ], [ -74.167304167363426, 40.590119745038393 ], [ -74.167340799107862, 40.590109556331832 ], [ -74.167384272557598, 40.590102540985761 ], [ -74.167395884790736, 40.590102178971641 ], [ -74.167416885660899, 40.590128748181314 ], [ -74.16743830819982, 40.590181674199293 ], [ -74.16748324960254, 40.590231152041419 ], [ -74.167532641915045, 40.590267807049244 ], [ -74.167580825520062, 40.590269445107332 ], [ -74.16763120839866, 40.590253997855093 ], [ -74.167666992912885, 40.590225758388463 ], [ -74.167702722659939, 40.590176165632187 ], [ -74.167732891380339, 40.590142807536438 ], [ -74.167753428089739, 40.590127633930855 ], [ -74.167824288092746, 40.590133961755946 ], [ -74.167905707098313, 40.590130601881548 ], [ -74.167914030247147, 40.590129608120165 ], [ -74.167922266063471, 40.590127225026919 ], [ -74.167928404892351, 40.590124319936102 ], [ -74.167934559186023, 40.590120012732051 ], [ -74.167939100037458, 40.590115319777368 ], [ -74.167942714215044, 40.590109493471324 ], [ -74.167949076237718, 40.590098535428091 ], [ -74.168019597599894, 40.590090286297873 ], [ -74.168091284026033, 40.590080785345279 ], [ -74.16816296304782, 40.590067866100441 ], [ -74.168226710973144, 40.590058364795972 ], [ -74.168232402918434, 40.590057516500664 ], [ -74.168302988638999, 40.590056558569209 ], [ -74.168324278605866, 40.590056527396158 ], [ -74.168327573879068, 40.590056390385925 ], [ -74.16846389936336, 40.590126084914807 ], [ -74.168551331165929, 40.590128845593327 ], [ -74.168556992681232, 40.590121886411346 ], [ -74.168578781322552, 40.59011936317637 ], [ -74.168653816521029, 40.590105585017618 ], [ -74.168705301619482, 40.590083301588599 ], [ -74.168715358087454, 40.590072183306582 ], [ -74.168734354283345, 40.590051654077804 ], [ -74.16874541217291, 40.589993554826442 ], [ -74.168762090862529, 40.589943136100274 ], [ -74.168762165686232, 40.589943040614962 ], [ -74.168936660162174, 40.58991690324703 ], [ -74.16906063253856, 40.589898441196581 ], [ -74.169113229284363, 40.589890751685211 ], [ -74.16913980868739, 40.589879628717384 ], [ -74.169159684149847, 40.589875924454589 ], [ -74.169231356019083, 40.589861299857574 ], [ -74.169231736243034, 40.589861197984192 ], [ -74.169213445007543, 40.589889528063303 ], [ -74.169214156787319, 40.589913599888426 ], [ -74.169230725652426, 40.589933358270905 ], [ -74.16927883407061, 40.589943178781411 ], [ -74.169408805768214, 40.58993390095825 ], [ -74.169643846640923, 40.589926435703852 ], [ -74.169751732368596, 40.589983837994019 ], [ -74.169852371708728, 40.590032617651133 ], [ -74.169989079289621, 40.590148463567502 ], [ -74.170171296670517, 40.590354612445374 ], [ -74.170273099861276, 40.590486699351985 ], [ -74.170457874495355, 40.590539579000527 ], [ -74.17054352607137, 40.590543450329108 ], [ -74.170725380975256, 40.590501422811279 ], [ -74.170765213408544, 40.590501363645835 ], [ -74.170839708303234, 40.590495273473898 ], [ -74.170912510345033, 40.590484061814642 ], [ -74.170975117831205, 40.590467526807849 ], [ -74.170961207139698, 40.590485785203555 ], [ -74.170799869941348, 40.590616585024577 ], [ -74.170792405510369, 40.590637000162602 ], [ -74.17080306862816, 40.590651680032948 ], [ -74.170823960964242, 40.590665145157473 ], [ -74.170856629564014, 40.59066659691473 ], [ -74.171105516451945, 40.590560877823471 ], [ -74.171675230931598, 40.590318879341382 ], [ -74.172537542164534, 40.590197251094594 ], [ -74.172612149352815, 40.590515961114761 ], [ -74.172993858589635, 40.590664319874108 ], [ -74.172950941783341, 40.590761797855443 ], [ -74.171473378244002, 40.594117741721028 ], [ -74.172180990095299, 40.594370099994066 ], [ -74.172094522631554, 40.594436727846386 ], [ -74.170668811534483, 40.593929965550743 ], [ -74.170446050077587, 40.593945444608046 ], [ -74.170063212384079, 40.5952374682008 ], [ -74.170051160776268, 40.595278140249171 ], [ -74.167756367121427, 40.594027289176303 ], [ -74.16726960434876, 40.593862305382281 ], [ -74.166113934771104, 40.593600844029822 ], [ -74.163880891976163, 40.593355272570676 ], [ -74.163969933773785, 40.593270051468473 ] ] ], [ [ [ -74.167134055438552, 40.590241500674495 ], [ -74.167123659044563, 40.590262423814131 ], [ -74.167102498129296, 40.590313706180709 ], [ -74.167072365275374, 40.590361582238856 ], [ -74.167044421023405, 40.590388100997266 ], [ -74.166994103086708, 40.5904291741167 ], [ -74.166966166104359, 40.590459112190814 ], [ -74.166914737681495, 40.590504458077589 ], [ -74.166867739805269, 40.59052929708713 ], [ -74.166834004186995, 40.590550811013621 ], [ -74.166814042694412, 40.590563540943855 ], [ -74.166795069185966, 40.590593464127799 ], [ -74.166769424021666, 40.59064389648973 ], [ -74.16673589479403, 40.590678111048852 ], [ -74.166690059136187, 40.590720033057337 ], [ -74.166640874427856, 40.590766227495052 ], [ -74.166626393192402, 40.590800416247639 ], [ -74.166642217825128, 40.590855487414778 ], [ -74.166608638434852, 40.590869629348951 ], [ -74.166539152531669, 40.590862896786881 ], [ -74.166493918719837, 40.590854209855351 ], [ -74.167134055438552, 40.590241500674495 ] ] ], [ [ [ -74.167533267067299, 40.590101391021889 ], [ -74.167577380756498, 40.590104765809372 ], [ -74.167631691958718, 40.590111759314134 ], [ -74.167682977319274, 40.590121342693408 ], [ -74.167694601733871, 40.590122380712586 ], [ -74.167662339921975, 40.590157431486624 ], [ -74.167628843391043, 40.590204458911664 ], [ -74.167605359596408, 40.590223286206857 ], [ -74.167572892029682, 40.5902335842977 ], [ -74.16755272210564, 40.590232758172974 ], [ -74.167519045793171, 40.590208037395712 ], [ -74.167480846211816, 40.590166237519156 ], [ -74.16745942699211, 40.590114166111192 ], [ -74.167449258903858, 40.590100901439008 ], [ -74.167533267067299, 40.590101391021889 ] ] ], [ [ [ -74.168622185345825, 40.590041750048471 ], [ -74.168676892220617, 40.589974658955526 ], [ -74.168707310434286, 40.589963000958981 ], [ -74.16869945667014, 40.58998678911 ], [ -74.168689501450658, 40.59003805532776 ], [ -74.168672739526414, 40.590056016614312 ], [ -74.168636923339307, 40.590071443793377 ], [ -74.168590823345141, 40.590080301014524 ], [ -74.168622185345825, 40.590041750048471 ] ] ] ] } },
{ "type": "Feature", "properties": { "Borough": "SI", "Block": 2705, "Lot": 300, "CD": 502, "BCT2020": "5029102", "BCTCB2020": "50291022018", "CT2010": "291.02", "CB2010": "2023", "SchoolDist": "31", "Council": 50, "ZipCode": 10314, "FireComp": "Q008", "PolicePrct": 121, "HealthCent": 51, "HealthArea": 100, "Sanitboro": "5", "SanitDistr": "02", "SanitSub": "4D", "Address": "VICTORY BOULEVARD", "ZoneDist1": "M3-1", "ZoneDist2": null, "ZoneDist3": null, "ZoneDist4": null, "Overlay1": null, "Overlay2": null, "SPDist1": null, "SPDist2": null, "SPDist3": null, "LtdHeight": null, "SplitZone": "N", "BldgClass": "U0", "LandUse": "07", "Easements": 0, "OwnerType": "X", "OwnerName": "CONSOLIDATED EDISON CO.OF N.Y.,INC.", "LotArea": 4425876, "BldgArea": 0, "ComArea": 0, "ResArea": 0, "OfficeArea": 0, "RetailArea": 0, "GarageArea": 0, "StrgeArea": 0, "FactryArea": 0, "OtherArea": 0, "AreaSource": "7", "NumBldgs": 0, "NumFloors": 0.0, "UnitsRes": 0, "UnitsTotal": 0, "LotFront": 0.0, "LotDepth": 0.0, "BldgFront": 0.0, "BldgDepth": 0.0, "Ext": "N", "ProxCode": "0", "IrrLotCode": "N", "LotType": "0", "BsmtCode": "0", "AssessLand": 0.0, "AssessTot": 0.0, "ExemptTot": 0.0, "YearBuilt": 0, "YearAlter1": 0, "YearAlter2": 0, "HistDist": null, "Landmark": null, "BuiltFAR": 0.0, "ResidFAR": 0.0, "CommFAR": 2.0, "FacilFAR": 0.0, "BoroCode": 5, "BBL": 5027050300.0, "CondoNo": 0, "Tract2010": "029102", "XCoord": 928115, "YCoord": 151746, "ZoneMap": "26a", "ZMCode": "Y", "Sanborn": "500 000", "TaxMap": "51101", "EDesigNum": null, "APPBBL": 0.0, "APPDate": null, "PLUTOMapID": "1", "FIRM07_FLA": "1", "PFIRM15_FL": "1", "Version": "25v4", "DCPEdited": "t", "Latitude": 40.583006, "Longitude": -74.2020937, "Notes": null, "Shape_Leng": 0.0, "Shape_Area": 3589784.0271899998 }, "geometry": { "type": "MultiPolygon", "coordinates": [ [ [ [ -74.196958737801211, 40.585213121877757 ], [ -74.196646493592837, 40.585285529420204 ], [ -74.196474263668392, 40.585325466971426 ], [ -74.196314440584899, 40.585362529361255 ], [ -74.196284248105513, 40.585542038800625 ], [ -74.196259999503425, 40.585686208614618 ], [ -74.196245480692056, 40.585772524583632 ], [ -74.193812664539223, 40.585621604605279 ], [ -74.193800382467558, 40.585567788228843 ], [ -74.193702000753802, 40.585566516848154 ], [ -74.193618561862976, 40.58556632605687 ], [ -74.193527784170143, 40.585567753202497 ], [ -74.193441811893805, 40.585570902989097 ], [ -74.193355986206498, 40.585575756241902 ], [ -74.193251473212044, 40.585585632462461 ], [ -74.193162255665072, 40.585596387102001 ], [ -74.193110891565738, 40.58539432316973 ], [ -74.193099806620168, 40.585350715737718 ], [ -74.19402086679284, 40.58535817252892 ], [ -74.194427955601881, 40.585228139268075 ], [ -74.196297100901305, 40.584239179554231 ], [ -74.196444812988659, 40.584161021672713 ], [ -74.196926036851679, 40.583906396296449 ], [ -74.197292078937494, 40.583846874870041 ], [ -74.197566828520095, 40.583671844728542 ], [ -74.198655092682486, 40.583562863710945 ], [ -74.19928867452262, 40.583386170283468 ], [ -74.199817579565632, 40.583644104870977 ], [ -74.2004167421604, 40.583249215117029 ], [ -74.199805802583811, 40.582207160370515 ], [ -74.199815988950093, 40.582173657424342 ], [ -74.19989217208105, 40.581923048688722 ], [ -74.199973337249503, 40.581656056971312 ], [ -74.199961257048273, 40.581442013633371 ], [ -74.199944951786918, 40.581164240115967 ], [ -74.199841885963821, 40.580703070203818 ], [ -74.199926085076683, 40.580339597875614 ], [ -74.20017769281182, 40.580117418482459 ], [ -74.200433234542757, 40.580010038119227 ], [ -74.200527333673335, 40.580006882451748 ], [ -74.200579734722837, 40.580005124116489 ], [ -74.200579412628187, 40.579980809467827 ], [ -74.200578682399012, 40.579925625062465 ], [ -74.200751318266512, 40.579914190778517 ], [ -74.200835333335391, 40.579912332921175 ], [ -74.20088800022809, 40.579916512985648 ], [ -74.201015740403818, 40.579924830250832 ], [ -74.201141230244644, 40.579931444772683 ], [ -74.201235350025968, 40.579936404881543 ], [ -74.201307069782487, 40.579943111529388 ], [ -74.201365364496297, 40.579956677603619 ], [ -74.201406900866147, 40.57998479132052 ], [ -74.201467505452158, 40.580020561224927 ], [ -74.201511265780937, 40.580043546116407 ], [ -74.201521710125434, 40.580050360316541 ], [ -74.201575247467545, 40.580085289538616 ], [ -74.201632411296174, 40.580095437188852 ], [ -74.201702998623915, 40.580097877138805 ], [ -74.201782554674637, 40.580102861440281 ], [ -74.201836369785411, 40.58011643514169 ], [ -74.201883508532617, 40.58014539345313 ], [ -74.201922808661877, 40.580175220128055 ], [ -74.201962027408456, 40.580177714113404 ], [ -74.202017999498111, 40.580163949362003 ], [ -74.202093093760922, 40.580174920788835 ], [ -74.20219287405105, 40.580199517947349 ], [ -74.202311717678597, 40.580230056354431 ], [ -74.202459699841995, 40.580263963578808 ], [ -74.202569562170041, 40.580288539886133 ], [ -74.202646909039487, 40.580303780022156 ], [ -74.202785880209731, 40.58032147151981 ], [ -74.202884517993255, 40.580338381382525 ], [ -74.202971935204417, 40.580350186006868 ], [ -74.203075048947184, 40.58036537674333 ], [ -74.203179275835581, 40.580378007032813 ], [ -74.203286846280577, 40.580385503662555 ], [ -74.203366414277951, 40.580393904360982 ], [ -74.203441527494931, 40.580411707220883 ], [ -74.203524450546126, 40.580418394493677 ], [ -74.203652129900945, 40.58040706483041 ], [ -74.203776409989715, 40.580382928288977 ], [ -74.203892838388882, 40.580356240883013 ], [ -74.203999180916327, 40.580327865643298 ], [ -74.204121229414596, 40.580307147441559 ], [ -74.204299309248569, 40.580291457242524 ], [ -74.204407952054311, 40.580282721644394 ], [ -74.204594797596442, 40.580277501516321 ], [ -74.204636473102042, 40.580276337193169 ], [ -74.204689000787994, 40.580235243530502 ], [ -74.204676583197525, 40.580204514393095 ], [ -74.204670945899053, 40.580192566360488 ], [ -74.204683217130764, 40.580175463299469 ], [ -74.204769275448072, 40.580108684424005 ], [ -74.204836400917344, 40.58007866906533 ], [ -74.204897913953005, 40.580045246245582 ], [ -74.204961668761527, 40.580011818390354 ], [ -74.205032168522038, 40.579986068099934 ], [ -74.205108284744242, 40.579965433549916 ], [ -74.205183283764754, 40.579945651953992 ], [ -74.205249303857229, 40.579920763298389 ], [ -74.205314173890315, 40.579885628556724 ], [ -74.205379063618039, 40.579857323412774 ], [ -74.205447331937052, 40.579834994365875 ], [ -74.205518986295615, 40.57982034517569 ], [ -74.20558950170242, 40.579800571333436 ], [ -74.205657772198563, 40.579778242157111 ], [ -74.205729409590987, 40.579758468060909 ], [ -74.205842529738987, 40.579748869397818 ], [ -74.205849920234186, 40.57974763009247 ], [ -74.205868281974816, 40.579744551144991 ], [ -74.20593098057347, 40.579731627878274 ], [ -74.206002649616821, 40.579722957940959 ], [ -74.206035154609168, 40.579728024554527 ], [ -74.206057621542683, 40.579747630222045 ], [ -74.20606332099328, 40.579780078553313 ], [ -74.206057884648999, 40.579833046575835 ], [ -74.206053581322308, 40.579891137454766 ], [ -74.206052639042582, 40.579948368535014 ], [ -74.206055050579238, 40.58000388538931 ], [ -74.206056345416471, 40.580061111537496 ], [ -74.206059881872875, 40.580118332829485 ], [ -74.206067896547594, 40.580173840555439 ], [ -74.206070313365444, 40.580231065610768 ], [ -74.206067119161901, 40.580285737906458 ], [ -74.206051603522326, 40.580339580365489 ], [ -74.206034940996503, 40.580385734323563 ], [ -74.206038447312366, 40.580433561418708 ], [ -74.206031749384181, 40.58044126030051 ], [ -74.206002634061775, 40.580444730009894 ], [ -74.205985883473844, 40.580462696687036 ], [ -74.205969256273661, 40.580519955961009 ], [ -74.205941404323752, 40.580571256688806 ], [ -74.205904592139916, 40.58062171617879 ], [ -74.205859889003335, 40.5806568196436 ], [ -74.205834190506096, 40.580679073527115 ], [ -74.20582421401069, 40.580714112931517 ], [ -74.205816539691568, 40.580768791402328 ], [ -74.205811111174725, 40.580825177742476 ], [ -74.205806205581538, 40.5808691763879 ], [ -74.205796855561672, 40.580925141148782 ], [ -74.205781349173421, 40.580983251152773 ], [ -74.205762470496865, 40.581037098670116 ], [ -74.205755856548578, 40.581072130206216 ], [ -74.205739096436204, 40.581086680352833 ], [ -74.205703256737621, 40.58109016294523 ], [ -74.205630434119982, 40.581089438665209 ], [ -74.205582274577864, 40.581093795109972 ], [ -74.205535274069433, 40.581110962226973 ], [ -74.205510701309535, 40.581134922318462 ], [ -74.205480613231686, 40.581187081536576 ], [ -74.205439298577204, 40.581231571267843 ], [ -74.205393502753864, 40.581276072506057 ], [ -74.20537896088473, 40.581283784531543 ], [ -74.205370007916684, 40.581287217122558 ], [ -74.205346604321747, 40.58132654983828 ], [ -74.205319787024223, 40.581349660294777 ], [ -74.205291936641188, 40.581400960018343 ], [ -74.205260714167267, 40.581448849083188 ], [ -74.205240722025025, 40.581505261402874 ], [ -74.205238654309937, 40.581561640788173 ], [ -74.205227549611422, 40.581593262882834 ], [ -74.2051952165926, 40.5816445714241 ], [ -74.2051729629992, 40.581695005595456 ], [ -74.205169776855257, 40.581751387895245 ], [ -74.205185639061199, 40.581809442725088 ], [ -74.205192540177123, 40.581867514390694 ], [ -74.205187069114288, 40.581910230805065 ], [ -74.205154690081272, 40.581946166506803 ], [ -74.20515142693489, 40.581978630039188 ], [ -74.205159451548241, 40.582037551630073 ], [ -74.205147262724736, 40.582081991927573 ], [ -74.205129495058586, 40.582133273525343 ], [ -74.20512743116214, 40.582190505749502 ], [ -74.205101822290189, 40.582242656029592 ], [ -74.205087426518091, 40.582297348192562 ], [ -74.205077422997562, 40.582322991486564 ], [ -74.20505517694545, 40.582375988438081 ], [ -74.205029572869194, 40.582428993299949 ], [ -74.205024147575287, 40.582487086041233 ], [ -74.20501535653014, 40.582542621965842 ], [ -74.204998662431294, 40.582578527883108 ], [ -74.204955074590188, 40.582612773383389 ], [ -74.204922663880822, 40.582639308553169 ], [ -74.204911524739174, 40.582659829805941 ], [ -74.204863470177344, 40.582699208205874 ], [ -74.20481978912153, 40.582702700815652 ], [ -74.204797550385507, 40.582757407000486 ], [ -74.204786512268711, 40.582812094060031 ], [ -74.204786546260948, 40.582823197545785 ], [ -74.204790075144189, 40.582877857725407 ], [ -74.2047891292315, 40.58293423333879 ], [ -74.204787056171483, 40.58298975819163 ], [ -74.20478611166952, 40.583046990167269 ], [ -74.204785166850868, 40.583103366696534 ], [ -74.204776371903662, 40.583158902523373 ], [ -74.204749645295394, 40.583211910154006 ], [ -74.204718430633079, 40.583262361112368 ], [ -74.20468161375112, 40.583312823797343 ], [ -74.20466161412098, 40.583367525043897 ], [ -74.204643851074806, 40.583420514845237 ], [ -74.204626098346822, 40.58347692222047 ], [ -74.204611707452429, 40.583534176290847 ], [ -74.204599560793298, 40.583591426447455 ], [ -74.204588531423866, 40.58364867636989 ], [ -74.204579741164906, 40.583705068702692 ], [ -74.204569828857018, 40.5837614593487 ], [ -74.20456104249169, 40.583818704354755 ], [ -74.204556730979817, 40.583874233183842 ], [ -74.20455466010992, 40.583929757019234 ], [ -74.204554829894818, 40.583985278791531 ], [ -74.204563964910605, 40.584041638209882 ], [ -74.20458094022429, 40.584097127307039 ], [ -74.204603486779533, 40.584143212153371 ], [ -74.204654035387904, 40.58418583146338 ], [ -74.204709040843142, 40.584221606953712 ], [ -74.20474613393813, 40.584260833515806 ], [ -74.20475069893206, 40.584288160035406 ], [ -74.204734012407215, 40.584327481564301 ], [ -74.204691588344161, 40.584375389572934 ], [ -74.204646905880381, 40.584419032146059 ], [ -74.204598861441099, 40.584461825157682 ], [ -74.204547450107881, 40.584502916766489 ], [ -74.204494912548938, 40.584542301139585 ], [ -74.204467057485999, 40.584592747884692 ], [ -74.204461568671704, 40.584629486545069 ], [ -74.204469582751059, 40.584685847041634 ], [ -74.204482072980923, 40.584740491361039 ], [ -74.20450353108977, 40.584795975166983 ], [ -74.204521623679042, 40.584850610350408 ], [ -74.204534116700728, 40.584906108345926 ], [ -74.204548852736593, 40.58496160326925 ], [ -74.204557990491438, 40.585018816365775 ], [ -74.204562079266452, 40.585073900632381 ], [ -74.204562825912788, 40.585134973938381 ], [ -74.204559636471359, 40.585190499841964 ], [ -74.204551964631037, 40.58524688925182 ], [ -74.204548840525234, 40.585273366154418 ], [ -74.203973464800058, 40.585302659658751 ], [ -74.203964869736538, 40.585169158234876 ], [ -74.203963583971401, 40.585149189548758 ], [ -74.203957700550845, 40.585057804557266 ], [ -74.203957520766849, 40.585055021356666 ], [ -74.202637609425892, 40.585283843249258 ], [ -74.200754298277602, 40.586078363934455 ], [ -74.20074482287626, 40.586076869381124 ], [ -74.200732936013921, 40.586075530383773 ], [ -74.200720532262849, 40.58607476771418 ], [ -74.200706224270192, 40.586074749448116 ], [ -74.200691959012289, 40.58607558755309 ], [ -74.200677825134733, 40.586077275517368 ], [ -74.200663907550734, 40.586079805076714 ], [ -74.20065029356131, 40.586083159848002 ], [ -74.200637068372785, 40.586087319940212 ], [ -74.200624310808521, 40.586092259111318 ], [ -74.200612102412762, 40.586097944758912 ], [ -74.200600516287949, 40.586104345215432 ], [ -74.200589625503525, 40.586111418939559 ], [ -74.200579497414537, 40.586119121726092 ], [ -74.200570193121749, 40.586127409293034 ], [ -74.200561771501597, 40.586136226657345 ], [ -74.20055428342458, 40.586145521440208 ], [ -74.200547776889493, 40.586155235078216 ], [ -74.200542289690546, 40.58616530894345 ], [ -74.200537858180184, 40.586175679890992 ], [ -74.199787583101028, 40.586518540258488 ], [ -74.199528439796836, 40.586628628669871 ], [ -74.198607797055985, 40.584550394082633 ], [ -74.196895491941433, 40.585045657557025 ], [ -74.196958737801211, 40.585213121877757 ] ] ] ] } },
{ "type": "Feature", "properties": { "Borough": "SI", "Block": 2120, "Lot": 400, "CD": 502, "BCT2020": "5022802", "BCTCB2020": "50228021000", "CT2010": "228", "CB2010": "1000", "SchoolDist": "31", "Council": 50, "ZipCode": 10314, "FireComp": "Q008", "PolicePrct": 121, "HealthCent": 51, "HealthArea": 800, "Sanitboro": "5", "SanitDistr": "02", "SanitSub": "4D", "Address": "150 SIGNS ROAD", "ZoneDist1": "PARK", "ZoneDist2": null, "ZoneDist3": null, "ZoneDist4": null, "Overlay1": null, "Overlay2": null, "SPDist1": null, "SPDist2": null, "SPDist3": null, "LtdHeight": null, "SplitZone": "N", "BldgClass": "Q1", "LandUse": "09", "Easements": 0, "OwnerType": "C", "OwnerName": "NYC DEPARTMENT OF PARKS AND RECREATION", "LotArea": 902957, "BldgArea": 1320, "ComArea": 1320, "ResArea": 0, "OfficeArea": 0, "RetailArea": 0, "GarageArea": 0, "StrgeArea": 0, "FactryArea": 0, "OtherArea": 1320, "AreaSource": "2", "NumBldgs": 2, "NumFloors": 0.0, "UnitsRes": 0, "UnitsTotal": 1, "LotFront": 497.0, "LotDepth": 4563.0, "BldgFront": 0.0, "BldgDepth": 0.0, "Ext": "N", "ProxCode": "0", "IrrLotCode": "Y", "LotType": "5", "BsmtCode": "0", "AssessLand": 1350450.0, "AssessTot": 1350450.0, "ExemptTot": 1350450.0, "YearBuilt": 0, "YearAlter1": 0, "YearAlter2": 0, "HistDist": null, "Landmark": null, "BuiltFAR": 0.0, "ResidFAR": 0.0, "CommFAR": 0.0, "FacilFAR": 0.0, "BoroCode": 5, "BBL": 5021200400.0, "CondoNo": 0, "Tract2010": "0228", "XCoord": 937102, "YCoord": 157464, "ZoneMap": "26c", "ZMCode": null, "Sanborn": "502 264", "TaxMap": "50902", "EDesigNum": null, "APPBBL": 0.0, "APPDate": null, "PLUTOMapID": "1", "FIRM07_FLA": null, "PFIRM15_FL": null, "Version": "25v4", "DCPEdited": "t", "Latitude": 40.5987531, "Longitude": -74.1697793, "Notes": null, "Shape_Leng": 0.0, "Shape_Area": 896235.75169599999 }, "geometry": { "type": "MultiPolygon", "coordinates": [ [ [ [ -74.168113011900275, 40.602045105528838 ], [ -74.170037789965932, 40.595496063674553 ], [ -74.170050592766316, 40.595452497992341 ], [ -74.171499853515328, 40.596236895379178 ], [ -74.171483366435467, 40.596278465693082 ], [ -74.171235465610437, 40.596903502369784 ], [ -74.169288137705934, 40.601912288549009 ], [ -74.169193253329965, 40.602172619391638 ], [ -74.168113011900275, 40.602045105528838 ] ] ] ] } },
{ "type": "Feature", "properties": { "Borough": "SI", "Block": 2520, "Lot": 1, "CD": 502, "BCT2020": "5022802", "BCTCB2020": "50228021022", "CT2010": "228", "CB2010": "1030", "SchoolDist": "31", "Council": 51, "ZipCode": 10314, "FireComp": "Q008", "PolicePrct": 121, "HealthCent": 51, "HealthArea": 800, "Sanitboro": "5", "SanitDistr": "02", "SanitSub": "4D", "Address": "2171 RICHMOND AVENUE", "ZoneDist1": "R3-2", "ZoneDist2": "PARK", "ZoneDist3": null, "ZoneDist4": null, "Overlay1": null, "Overlay2": null, "SPDist1": "NA-1", "SPDist2": null, "SPDist3": null, "LtdHeight": null, "SplitZone": "Y", "BldgClass": "Y6", "LandUse": "07", "Easements": 1, "OwnerType": "C", "OwnerName": "NYC DEPARTMENT OF PARKS AND RECREATION", "LotArea": 22812000, "BldgArea": 74000, "ComArea": 74000, "ResArea": 0, "OfficeArea": 0, "RetailArea": 0, "GarageArea": 74000, "StrgeArea": 0, "FactryArea": 0, "OtherArea": 0, "AreaSource": "2", "NumBldgs": 5, "NumFloors": 2.0, "UnitsRes": 0, "UnitsTotal": 1, "LotFront": 260.0, "LotDepth": 40.0, "BldgFront": 20.0, "BldgDepth": 30.0, "Ext": "N", "ProxCode": "0", "IrrLotCode": "Y", "LotType": "5", "BsmtCode": "0", "AssessLand": 18021600.0, "AssessTot": 27196200.0, "ExemptTot": 27196200.0, "YearBuilt": 1982, "YearAlter1": 0, "YearAlter2": 0, "HistDist": null, "Landmark": null, "BuiltFAR": 0.0, "ResidFAR": 0.75, "CommFAR": 0.0, "FacilFAR": 1.0, "BoroCode": 5, "BBL": 5025200001.0, "CondoNo": 0, "Tract2010": "0228", "XCoord": 935719, "YCoord": 150369, "ZoneMap": "26d", "ZMCode": "Y", "Sanborn": "504 436", "TaxMap": "51101", "EDesigNum": null, "APPBBL": 0.0, "APPDate": null, "PLUTOMapID": "1", "FIRM07_FLA": "1", "PFIRM15_FL": "1", "Version": "25v4", "DCPEdited": "t", "Latitude": 40.5792713, "Longitude": -74.1747085, "Notes": null, "Shape_Leng": 0.0, "Shape_Area": 21196127.5449 }, "geometry": { "type": "MultiPolygon", "coordinates": [ [ [ [ -74.172513399802696, 40.590019705407869 ], [ -74.171791269879591, 40.58990252091823 ], [ -74.171731664095503, 40.58990983125981 ], [ -74.171699846582626, 40.58992869075287 ], [ -74.171682668847922, 40.589949066497589 ], [ -74.171649501786675, 40.590001331261298 ], [ -74.171631231704126, 40.590030122171008 ], [ -74.17152832258013, 40.590106032545798 ], [ -74.171416123193893, 40.590141192506678 ], [ -74.171064284890534, 40.590206509424441 ], [ -74.170987561524726, 40.590230713515304 ], [ -74.170919172887309, 40.590266821878849 ], [ -74.170790526161454, 40.590329799499791 ], [ -74.170639288119233, 40.590373198910108 ], [ -74.170560058342986, 40.590392995696192 ], [ -74.170518435304984, 40.590394102049757 ], [ -74.170482710584835, 40.59038925705201 ], [ -74.170446161357361, 40.590340865745098 ], [ -74.170372891156021, 40.59024053240605 ], [ -74.170267063347254, 40.590133008905511 ], [ -74.170197065088971, 40.590053325975994 ], [ -74.170068236939997, 40.589948392884658 ], [ -74.170014753400295, 40.589932672618538 ], [ -74.169996755262176, 40.589911420252797 ], [ -74.169954112624737, 40.58988585884034 ], [ -74.169935036559437, 40.589874780842862 ], [ -74.169873330949173, 40.589843269938427 ], [ -74.169806041347641, 40.589817743135193 ], [ -74.16973539291115, 40.589794784987468 ], [ -74.169661401074606, 40.589778664982717 ], [ -74.169617285292418, 40.589775764190257 ], [ -74.169585197896822, 40.589773654310058 ], [ -74.169509003268658, 40.589772056562175 ], [ -74.169448830297654, 40.589777543143718 ], [ -74.169415704262704, 40.589766841584009 ], [ -74.169358179552148, 40.589740048294921 ], [ -74.169332431169209, 40.589711914256029 ], [ -74.169301665210156, 40.589633083389884 ], [ -74.169258595555533, 40.589603353812102 ], [ -74.169218786584878, 40.589593387803546 ], [ -74.169182521606587, 40.589596149987919 ], [ -74.169171829713903, 40.58959696360764 ], [ -74.169146089615765, 40.589613634140306 ], [ -74.169140686971062, 40.589639514194985 ], [ -74.169235970500964, 40.589802638297655 ], [ -74.169238553984385, 40.589821510457291 ], [ -74.169217824478267, 40.5898271520105 ], [ -74.16914839338979, 40.589841775142183 ], [ -74.169080074522952, 40.589853835537333 ], [ -74.169010609106209, 40.589853937692439 ], [ -74.168938895005354, 40.589852333062346 ], [ -74.168860458248005, 40.589850740018285 ], [ -74.168810059925349, 40.589859355501787 ], [ -74.168742927853387, 40.589897039257224 ], [ -74.168718360219088, 40.589929532952382 ], [ -74.168707310434286, 40.589963000958981 ], [ -74.168676892220617, 40.589974658955526 ], [ -74.168622185345825, 40.590041750048471 ], [ -74.168590823345141, 40.590080301014524 ], [ -74.1685697272151, 40.590084354166173 ], [ -74.168538364888988, 40.590087817657313 ], [ -74.168490150060109, 40.590074220160787 ], [ -74.168432962279269, 40.590056368198567 ], [ -74.168407152045774, 40.590040177615968 ], [ -74.16835667812741, 40.590019750205798 ], [ -74.168324188336044, 40.590020651471114 ], [ -74.16830177844588, 40.590020684283886 ], [ -74.168226711160287, 40.590021649692169 ], [ -74.168153907969341, 40.590032861492283 ], [ -74.168082231390514, 40.59004577805149 ], [ -74.168028467842049, 40.590052688062741 ], [ -74.1680116671278, 40.590055276438328 ], [ -74.167971666076909, 40.590059623906029 ], [ -74.168008773473744, 40.589995704703639 ], [ -74.168031465521594, 40.589956616660821 ], [ -74.168037688734557, 40.589945895829359 ], [ -74.168054525938317, 40.589834695023946 ], [ -74.168066787337693, 40.58975372710902 ], [ -74.168071328349541, 40.589723732953615 ], [ -74.167564907872674, 40.589301706167255 ], [ -74.167696434527741, 40.589164826307453 ], [ -74.167732748461319, 40.589127034114156 ], [ -74.167755755999622, 40.589103090639739 ], [ -74.167777500496683, 40.589080460235891 ], [ -74.167937733764532, 40.589121233461945 ], [ -74.168122307002619, 40.58916342072957 ], [ -74.168286083273571, 40.589196684234814 ], [ -74.168472587024752, 40.589229908844779 ], [ -74.168626402868554, 40.589253657039137 ], [ -74.169244113062575, 40.589277851385425 ], [ -74.169185960645862, 40.589162350968941 ], [ -74.169537141127421, 40.588238558785434 ], [ -74.16944318653205, 40.588213393529557 ], [ -74.169248130408505, 40.588680627680901 ], [ -74.168167571874108, 40.588459615403423 ], [ -74.168183363993194, 40.588417350484811 ], [ -74.16819889104346, 40.588372588728284 ], [ -74.16879779167698, 40.586578675036947 ], [ -74.169995725598639, 40.578679311464256 ], [ -74.170332650835391, 40.573321325186974 ], [ -74.170304728584426, 40.572582927299749 ], [ -74.170302962363976, 40.572562701359665 ], [ -74.170211814493499, 40.571519057191672 ], [ -74.170209239733936, 40.571504522886272 ], [ -74.170207145165747, 40.571471301953537 ], [ -74.170209058875841, 40.571445972695699 ], [ -74.170213201295198, 40.571424046853977 ], [ -74.170220576105194, 40.571399796442712 ], [ -74.170232123610461, 40.571373462269442 ], [ -74.170248636033904, 40.571345815944881 ], [ -74.170267887161657, 40.571320992331444 ], [ -74.170291675523146, 40.571296662623304 ], [ -74.170320957857356, 40.571272886724515 ], [ -74.170359600172006, 40.57124860433894 ], [ -74.170398401362704, 40.571230153532433 ], [ -74.170379468019846, 40.571127899747417 ], [ -74.170584874432137, 40.571085271089515 ], [ -74.17056495889463, 40.570977715621474 ], [ -74.170512349593096, 40.570984734982304 ], [ -74.170472200945568, 40.57098594901143 ], [ -74.170427014591681, 40.57098310644961 ], [ -74.170380567706516, 40.570975377699703 ], [ -74.170333533928869, 40.570962113298563 ], [ -74.170286526278517, 40.570942423593984 ], [ -74.170242891537299, 40.570916732312782 ], [ -74.170205446335359, 40.570886492259625 ], [ -74.170175019892412, 40.570852745060627 ], [ -74.170155802624933, 40.570823494652686 ], [ -74.17013623881833, 40.570777295995896 ], [ -74.170129719604049, 40.570747397306086 ], [ -74.169928456945954, 40.56957869835589 ], [ -74.169959169466281, 40.568806196003607 ], [ -74.170012528879127, 40.567464041308654 ], [ -74.17009831935674, 40.567534674187925 ], [ -74.170126639966142, 40.567550819188838 ], [ -74.170160400125241, 40.567556448839305 ], [ -74.170189324340299, 40.567556405994431 ], [ -74.170208594357277, 40.567551031943182 ], [ -74.170223913414759, 40.567543905834036 ], [ -74.170287909318645, 40.567489471392996 ], [ -74.170320991613139, 40.567478820444059 ], [ -74.170661145115091, 40.567483259569613 ], [ -74.171415541748829, 40.567565955694967 ], [ -74.171457277228996, 40.567579261777006 ], [ -74.171543857677179, 40.567636774355115 ], [ -74.17156911839237, 40.567643463565908 ], [ -74.171600893717937, 40.567640809950717 ], [ -74.171632775626961, 40.567633688696127 ], [ -74.171791111384408, 40.567585525970586 ], [ -74.17198496866348, 40.567600740344993 ], [ -74.172216797410499, 40.567572477615215 ], [ -74.172516139963491, 40.567491037750415 ], [ -74.172971205927354, 40.567393655693252 ], [ -74.173413531989425, 40.567182151975423 ], [ -74.173591721801202, 40.567119927493508 ], [ -74.173748467606444, 40.56710261385178 ], [ -74.173879170179717, 40.567093352235467 ], [ -74.174120506071986, 40.567138665953948 ], [ -74.174372222535681, 40.567221751398236 ], [ -74.174692912372265, 40.567495052458533 ], [ -74.174838368698602, 40.567630116533991 ], [ -74.174961210727773, 40.56778919057745 ], [ -74.175211085311005, 40.568038833969958 ], [ -74.175358927019204, 40.568258699150626 ], [ -74.175491776362321, 40.568435481494994 ], [ -74.175530792328431, 40.568548667713245 ], [ -74.175524954068294, 40.568588781639249 ], [ -74.175527210187155, 40.568631299274216 ], [ -74.175563584044582, 40.568660125433929 ], [ -74.175604823447898, 40.568678175579663 ], [ -74.175644924476273, 40.568925247863127 ], [ -74.175656787468768, 40.568936821273631 ], [ -74.175703493557478, 40.568961259493733 ], [ -74.175716929842963, 40.568973850833999 ], [ -74.175745150701019, 40.569121237558036 ], [ -74.175786017985658, 40.569422776969795 ], [ -74.175843851703362, 40.569744500054668 ], [ -74.175933056561036, 40.569942972132473 ], [ -74.175924846874622, 40.570031482187566 ], [ -74.175894292644315, 40.570112680001557 ], [ -74.175896782320834, 40.570126701046973 ], [ -74.175903017932626, 40.570136735967992 ], [ -74.175910356097319, 40.570145249143785 ], [ -74.175919760056743, 40.570151647359467 ], [ -74.175967395275492, 40.570158531915787 ], [ -74.176079389981297, 40.570232055899481 ], [ -74.176074689214076, 40.570292364211021 ], [ -74.176079570668605, 40.570304306683589 ], [ -74.176087852470033, 40.570313265075001 ], [ -74.176097431208404, 40.570318733688765 ], [ -74.176108038827422, 40.570322118710486 ], [ -74.176125682864836, 40.570324313310486 ], [ -74.176142506111219, 40.570322408972032 ], [ -74.176201558639647, 40.570299712513055 ], [ -74.176212317478544, 40.570302194078366 ], [ -74.176220403737133, 40.570308674437882 ], [ -74.176342540258062, 40.570520894479976 ], [ -74.176590311402407, 40.570832670882922 ], [ -74.176819336923771, 40.571055707977919 ], [ -74.176816066164122, 40.571128742126135 ], [ -74.177184772153481, 40.571246915258179 ], [ -74.177195617691382, 40.571271168227035 ], [ -74.177230469693455, 40.571319801440467 ], [ -74.177250787027816, 40.571338994467567 ], [ -74.177252163840436, 40.571343060328466 ], [ -74.17726497423655, 40.571533699287308 ], [ -74.177269547522798, 40.571563796852885 ], [ -74.177280019879518, 40.571575289415286 ], [ -74.17730203760533, 40.571588296012671 ], [ -74.177325797830065, 40.571593938909487 ], [ -74.177348082617399, 40.571594941923898 ], [ -74.177432052503235, 40.57160826798399 ], [ -74.177606654023066, 40.57170916890118 ], [ -74.177729692104066, 40.571797590482802 ], [ -74.177754559003674, 40.571817021429766 ], [ -74.177765820322136, 40.571845402089714 ], [ -74.177836352717691, 40.571996495127401 ], [ -74.177887576359041, 40.572033302350277 ], [ -74.177947625513099, 40.572060417854367 ], [ -74.178176007603966, 40.572124158087988 ], [ -74.178340136214189, 40.57216293589682 ], [ -74.178371334542618, 40.572178793464481 ], [ -74.17839388448418, 40.572207895941609 ], [ -74.178439407840173, 40.572333582041338 ], [ -74.178450266512854, 40.572410532345209 ], [ -74.178508624161665, 40.572476246836764 ], [ -74.178528564534147, 40.572484158479021 ], [ -74.178545291012725, 40.572488778325891 ], [ -74.178565090097749, 40.572489295961738 ], [ -74.178581865575993, 40.572483538955261 ], [ -74.178696187236667, 40.572445863290852 ], [ -74.178716970385466, 40.572448284858332 ], [ -74.178745770521459, 40.572454066449694 ], [ -74.178809190082731, 40.572488362497317 ], [ -74.178905007275546, 40.572562060249638 ], [ -74.178993965181078, 40.572611325484139 ], [ -74.179309231469816, 40.572723163024655 ], [ -74.179342787279253, 40.572742896143723 ], [ -74.179353537720587, 40.572761005166306 ], [ -74.179356087061294, 40.572777166536206 ], [ -74.179347658277109, 40.572795146120441 ], [ -74.17928011472678, 40.572858439725117 ], [ -74.179275431159624, 40.572883619439892 ], [ -74.179284898395181, 40.572899733122455 ], [ -74.179304623482906, 40.572915333677479 ], [ -74.179329401379619, 40.57292194455092 ], [ -74.179362851934584, 40.572920464060061 ], [ -74.17939188147372, 40.572905968880036 ], [ -74.179467787528779, 40.572829548705762 ], [ -74.179492768514635, 40.572814122390795 ], [ -74.179516107679774, 40.572813124148553 ], [ -74.179538617014884, 40.572817096307659 ], [ -74.179698904742523, 40.572926946923353 ], [ -74.179787871396144, 40.573013776127809 ], [ -74.179870594697888, 40.573068176331525 ], [ -74.180089631772063, 40.573206741355399 ], [ -74.180158561972377, 40.573281839041528 ], [ -74.180172866679882, 40.573297020182167 ], [ -74.180189662020027, 40.573302973339246 ], [ -74.180206227800994, 40.573303944275438 ], [ -74.180223942448109, 40.573303049250413 ], [ -74.180257431653573, 40.573293533952132 ], [ -74.180353507651972, 40.573299652652587 ], [ -74.180405997048837, 40.573312281193338 ], [ -74.180487013819132, 40.573353221654109 ], [ -74.180514257543877, 40.573360113770825 ], [ -74.180573572058762, 40.573361845072057 ], [ -74.180684458086986, 40.573382588190633 ], [ -74.180919237638236, 40.573438930330681 ], [ -74.181247529204782, 40.573539461144136 ], [ -74.181396351023466, 40.573612016799089 ], [ -74.181498423464134, 40.573619447940978 ], [ -74.181584595366786, 40.573636134556459 ], [ -74.181738121550566, 40.573696442408554 ], [ -74.181971638841844, 40.57378123292817 ], [ -74.182217107504158, 40.573854863665623 ], [ -74.182533077489737, 40.573994085229245 ], [ -74.18267239722104, 40.574041137067454 ], [ -74.182797205959048, 40.574147265607202 ], [ -74.183091073803183, 40.574266559785116 ], [ -74.183172815086792, 40.574333863634898 ], [ -74.183273528116231, 40.574373623392368 ], [ -74.183317736892505, 40.574413473307509 ], [ -74.183330273262669, 40.574461778267192 ], [ -74.18335934306549, 40.574509005964629 ], [ -74.18343962856045, 40.574627952769504 ], [ -74.183505118526483, 40.574770911318666 ], [ -74.183535693359119, 40.574807009679638 ], [ -74.183617519263137, 40.574877636970889 ], [ -74.183656889114474, 40.574927054382798 ], [ -74.183671117399314, 40.574960021596439 ], [ -74.183686663195914, 40.575100768944765 ], [ -74.183695009292478, 40.575129120469398 ], [ -74.183721275224087, 40.575158494137007 ], [ -74.183818070526115, 40.575277050429037 ], [ -74.183933357714949, 40.575455060509036 ], [ -74.184077241150092, 40.57565653470504 ], [ -74.184152169121774, 40.575735741163342 ], [ -74.184423487147484, 40.576170230047566 ], [ -74.184518404663606, 40.576271129457638 ], [ -74.184600750265247, 40.576371092564266 ], [ -74.184692126006567, 40.576466284574153 ], [ -74.184873971563661, 40.576608556794888 ], [ -74.184881156339273, 40.57662322959861 ], [ -74.184930562314094, 40.576665006552538 ], [ -74.184968779195316, 40.576711069182153 ], [ -74.184990142897661, 40.576740075895643 ], [ -74.18502830559116, 40.576767347260301 ], [ -74.185032826577682, 40.576781861871005 ], [ -74.185020546165077, 40.576796402615372 ], [ -74.184943279473373, 40.576807630543478 ], [ -74.184877207689425, 40.576815423732796 ], [ -74.184807759419286, 40.576818100108277 ], [ -74.184732713008344, 40.576820782846269 ], [ -74.18465878032805, 40.576822609975721 ], [ -74.18458706443495, 40.576815036490459 ], [ -74.184507532537211, 40.576816874273334 ], [ -74.184432511954427, 40.5768298056256 ], [ -74.184355225103872, 40.576832492550537 ], [ -74.184276813927383, 40.576835182146624 ], [ -74.184200625434912, 40.576831032184636 ], [ -74.184124431219573, 40.576824320198057 ], [ -74.184051620433067, 40.576826147815623 ], [ -74.183975468515541, 40.576834810403362 ], [ -74.183903797300673, 40.576843466605979 ], [ -74.183829880957617, 40.576850418144701 ], [ -74.18375147559361, 40.576853960976287 ], [ -74.183677545191145, 40.576856640320059 ], [ -74.183598016658664, 40.57685933123873 ], [ -74.183526350092762, 40.576870549181393 ], [ -74.183458082278491, 40.576894575330385 ], [ -74.183393190716174, 40.576924574540151 ], [ -74.183332751954438, 40.576944316001111 ], [ -74.183257709951405, 40.576949561508869 ], [ -74.183179306885663, 40.576953956796771 ], [ -74.183100917653206, 40.576964332505312 ], [ -74.183020293852351, 40.576976418091249 ], [ -74.182949759557019, 40.576991905989253 ], [ -74.182872524950909, 40.577014237769099 ], [ -74.182827862331067, 40.577026183828771 ], [ -74.182808599673038, 40.577023637600163 ], [ -74.182546629489067, 40.577006029081005 ], [ -74.182416789441248, 40.577003535999673 ], [ -74.182413173290215, 40.576995320188452 ], [ -74.182420986301977, 40.576984206083708 ], [ -74.182470201095924, 40.576956793298621 ], [ -74.182539565714748, 40.576923370915566 ], [ -74.18255744255147, 40.576906258561529 ], [ -74.182554055686978, 40.576896868778391 ], [ -74.182531625774416, 40.576887508327395 ], [ -74.182458803331812, 40.576885061078116 ], [ -74.182387092282667, 40.576879196265949 ], [ -74.182372765373998, 40.576879723151322 ], [ -74.182314284916288, 40.576881873786022 ], [ -74.182245918848125, 40.576870878776219 ], [ -74.182174198640098, 40.576861597339175 ], [ -74.182093517796588, 40.5768531828245 ], [ -74.18202069882679, 40.576851588979359 ], [ -74.181946754517199, 40.576848290331846 ], [ -74.18187393778733, 40.576848405606043 ], [ -74.181800009713086, 40.576850230050503 ], [ -74.181724961958636, 40.576853766271689 ], [ -74.181653299705772, 40.576865836725446 ], [ -74.18158053527435, 40.576884743980557 ], [ -74.181533547788575, 40.576907880663818 ], [ -74.181479881925384, 40.576946402614347 ], [ -74.181426227488842, 40.576990051246277 ], [ -74.181379304707562, 40.577037103142402 ], [ -74.181336863919753, 40.577084149701335 ], [ -74.181321297354231, 40.577094693510517 ], [ -74.181234284276414, 40.577098489570041 ], [ -74.181211652111244, 40.577100294798576 ], [ -74.181112327580578, 40.577138269889026 ], [ -74.181028928985484, 40.577128095732334 ], [ -74.180997518173129, 40.577177955158817 ], [ -74.180988978338021, 40.577187657341568 ], [ -74.180975836623361, 40.577192824592949 ], [ -74.180934411995906, 40.577200012978494 ], [ -74.180810448733652, 40.577226385530459 ], [ -74.180696284763215, 40.577289569559582 ], [ -74.180592043414421, 40.577349178145369 ], [ -74.180428772493869, 40.57749088309626 ], [ -74.180246280357593, 40.577662816187747 ], [ -74.180109612469309, 40.577787870528276 ], [ -74.179973000883578, 40.577894070292196 ], [ -74.179917122426644, 40.577896170450579 ], [ -74.179902337381989, 40.577907381719925 ], [ -74.17989520290908, 40.577922447033664 ], [ -74.179870259357358, 40.578087769684444 ], [ -74.179860801956053, 40.578107843628153 ], [ -74.179836306081029, 40.57812859400515 ], [ -74.17979050559984, 40.578177351778855 ], [ -74.179745829392971, 40.578226964140221 ], [ -74.179723487815195, 40.578250915295023 ], [ -74.179700031073764, 40.578276576482075 ], [ -74.179659835658285, 40.578326179961948 ], [ -74.179624133779427, 40.578380902292366 ], [ -74.179586178602008, 40.578431359611351 ], [ -74.179535892326882, 40.578477561390166 ], [ -74.179485593329105, 40.578519496404255 ], [ -74.179429706213895, 40.578566560570671 ], [ -74.17938279009239, 40.578617031812279 ], [ -74.179342586160232, 40.57866407237308 ], [ -74.179300141697539, 40.578711118173061 ], [ -74.179258815729696, 40.578757307603908 ], [ -74.179221994752382, 40.578812031550093 ], [ -74.179189662613894, 40.578871020518669 ], [ -74.179165176226633, 40.578929996409336 ], [ -74.179132822199492, 40.578980441160965 ], [ -74.179093743405204, 40.579029189093561 ], [ -74.179052430818402, 40.579080505150465 ], [ -74.179014477216612, 40.579130959513662 ], [ -74.179001295543159, 40.579150508850702 ], [ -74.178850145133211, 40.579283710729186 ], [ -74.178845352856698, 40.579299401801137 ], [ -74.178845030820753, 40.579321654303911 ], [ -74.178864254722541, 40.579372226763432 ], [ -74.178863430184009, 40.57938706475052 ], [ -74.178855003521107, 40.579402833763332 ], [ -74.178822664049676, 40.579458404205944 ], [ -74.178791442991823, 40.579513121052273 ], [ -74.178787770306002, 40.57952005414726 ], [ -74.178737072851476, 40.579558172701383 ], [ -74.178656600019934, 40.579614985117878 ], [ -74.178581916139322, 40.579660530922425 ], [ -74.178541616527156, 40.579670807331659 ], [ -74.178500377503227, 40.579664993637572 ], [ -74.17842065222105, 40.579639095886115 ], [ -74.178363651815559, 40.579600153703609 ], [ -74.178302811667493, 40.579543868879007 ], [ -74.178183201854551, 40.579332775466128 ], [ -74.178160049268712, 40.579251664071151 ], [ -74.17815146049648, 40.579173189207069 ], [ -74.17813807988145, 40.579141197185507 ], [ -74.178101534645222, 40.579100261790877 ], [ -74.178085155642847, 40.579063057665628 ], [ -74.178070032614372, 40.579028708900374 ], [ -74.178029304358972, 40.578950153311133 ], [ -74.177966479916265, 40.578874437033605 ], [ -74.177929633085725, 40.57880128222164 ], [ -74.177929025179367, 40.578800076422269 ], [ -74.177924720687841, 40.578510696118101 ], [ -74.178019367800559, 40.578203909360155 ], [ -74.178061816114877, 40.578007239705798 ], [ -74.178151997079155, 40.57774152557635 ], [ -74.178156923021291, 40.577695330817448 ], [ -74.17814416676859, 40.577645314600865 ], [ -74.178099755581826, 40.577528614775083 ], [ -74.178085381054558, 40.577375981563904 ], [ -74.178019274488378, 40.57724423783953 ], [ -74.17789524913195, 40.577125112813462 ], [ -74.177791344325456, 40.576977091035545 ], [ -74.177788665571356, 40.576945467757668 ], [ -74.177793695493804, 40.576911656000455 ], [ -74.177823433928722, 40.576701843947255 ], [ -74.177868719309387, 40.576591570979282 ], [ -74.177951746098131, 40.576483673697531 ], [ -74.178054973153863, 40.576377668528302 ], [ -74.178145528295957, 40.576252437801543 ], [ -74.178159648198346, 40.576222995656451 ], [ -74.178180698116321, 40.576105185789814 ], [ -74.1781711159379, 40.576080589287763 ], [ -74.178139226498701, 40.576069280354574 ], [ -74.178115211447476, 40.57606613691879 ], [ -74.17808319853718, 40.576068783656162 ], [ -74.178055287150784, 40.576077133378654 ], [ -74.17803182784283, 40.576093784503257 ], [ -74.178016526235012, 40.576122534068723 ], [ -74.177991512143237, 40.576198492677527 ], [ -74.177940398025328, 40.576240930845678 ], [ -74.17789930424378, 40.576269861721045 ], [ -74.177845204611316, 40.576293317790189 ], [ -74.177646024852052, 40.576393696881752 ], [ -74.177631700735773, 40.576409921348166 ], [ -74.177598357712156, 40.576507313483532 ], [ -74.177490237829574, 40.576672983927715 ], [ -74.177429938258243, 40.576782771096134 ], [ -74.177440423962665, 40.576929013097981 ], [ -74.177518876541242, 40.577000097509853 ], [ -74.177650298353896, 40.577136268351637 ], [ -74.177704783017873, 40.577267287341073 ], [ -74.177791186133575, 40.577342445825025 ], [ -74.177839462494944, 40.57745437866749 ], [ -74.177921140513362, 40.577650753476249 ], [ -74.17791899759473, 40.577720728608561 ], [ -74.177885732567134, 40.577800003098886 ], [ -74.177826673802926, 40.577963076307363 ], [ -74.177695082251816, 40.578327548362452 ], [ -74.17764865507381, 40.578422504156784 ], [ -74.177612891710467, 40.578627350982394 ], [ -74.177622070714605, 40.578758917219105 ], [ -74.177597592245363, 40.578786245514848 ], [ -74.177550624618647, 40.578794277863089 ], [ -74.177465767875347, 40.578788439320562 ], [ -74.177282973840022, 40.578766833309189 ], [ -74.177198073789754, 40.578745076015913 ], [ -74.177124953565212, 40.57873523974007 ], [ -74.177023191770971, 40.57875330439726 ], [ -74.176913155777171, 40.578763503920229 ], [ -74.176770872670986, 40.578759744330817 ], [ -74.176674348003573, 40.578783770241081 ], [ -74.176563124444812, 40.578818871742541 ], [ -74.176401057123087, 40.578880528462456 ], [ -74.176361777667765, 40.578875863689142 ], [ -74.176341029383948, 40.578844390594519 ], [ -74.176336805570017, 40.578809742099899 ], [ -74.176325732033064, 40.578746202658387 ], [ -74.17617607716565, 40.578418782756749 ], [ -74.176128314303654, 40.578330642169476 ], [ -74.176107580582737, 40.578305470850687 ], [ -74.176060021002513, 40.578294516822794 ], [ -74.175914716634054, 40.578267870294326 ], [ -74.175716285709981, 40.578252421001075 ], [ -74.175602566187308, 40.578230541863405 ], [ -74.175557127357038, 40.578240063172103 ], [ -74.175317556484217, 40.578297136864954 ], [ -74.175112776989138, 40.578314954453127 ], [ -74.175089319576699, 40.578353203149803 ], [ -74.175082226645543, 40.578396735515575 ], [ -74.175125471888549, 40.578562514223428 ], [ -74.175131288788549, 40.578686647466959 ], [ -74.175063895838392, 40.578741348140937 ], [ -74.174935005447637, 40.578757143367291 ], [ -74.174793738712779, 40.578735518782445 ], [ -74.174648354119924, 40.578704541097515 ], [ -74.174393866576821, 40.578600472736568 ], [ -74.174181648012592, 40.578525884316903 ], [ -74.174178164687163, 40.578527575385067 ], [ -74.174176336613172, 40.5785308434847 ], [ -74.174175976782934, 40.57853373563885 ], [ -74.174178927229164, 40.578538303964869 ], [ -74.17438206787989, 40.578619109953827 ], [ -74.174616211074081, 40.578721681002072 ], [ -74.174844453842894, 40.578832195056592 ], [ -74.174883218223968, 40.578845885334395 ], [ -74.174923192984778, 40.578848655781613 ], [ -74.17496032413024, 40.578845229433817 ], [ -74.174985390067434, 40.578839380189635 ], [ -74.175137749113929, 40.578790816804435 ], [ -74.175207322354808, 40.57878759049224 ], [ -74.175409923470596, 40.578785721707341 ], [ -74.175444669181132, 40.57876851000853 ], [ -74.175444599637714, 40.578741989595741 ], [ -74.17541383594255, 40.578717078427069 ], [ -74.175313426653958, 40.578667312797485 ], [ -74.175253932108703, 40.578611244927011 ], [ -74.175231263374457, 40.578552002292589 ], [ -74.175214606675084, 40.578442830709164 ], [ -74.175241129582204, 40.578411591535186 ], [ -74.175306572139903, 40.578394332223915 ], [ -74.175380140432864, 40.578353662053232 ], [ -74.175433320971933, 40.578342660143434 ], [ -74.175914278636526, 40.578352845624998 ], [ -74.175963450543051, 40.578374608968431 ], [ -74.176061844216719, 40.578435296015613 ], [ -74.176133681500232, 40.5785147429741 ], [ -74.176208115456461, 40.578672417409038 ], [ -74.176253505789518, 40.578811182882781 ], [ -74.176294853805487, 40.578970235296282 ], [ -74.176274939368696, 40.579079916692336 ], [ -74.176209735292716, 40.579231840044777 ], [ -74.1761813106652, 40.579317681346737 ], [ -74.176134721623413, 40.579457638717159 ], [ -74.176028567104566, 40.579601826247625 ], [ -74.175936858404427, 40.579831019168324 ], [ -74.175856873241528, 40.579944063196407 ], [ -74.175824937665723, 40.580049695167887 ], [ -74.175773543261741, 40.580106249396479 ], [ -74.175512649764372, 40.580259806136404 ], [ -74.175446981030362, 40.58031308966703 ], [ -74.175417737261071, 40.58034879154917 ], [ -74.17536645789842, 40.580446775083523 ], [ -74.175321293331308, 40.580458327521661 ], [ -74.175307870470618, 40.580480104717239 ], [ -74.175316642330486, 40.580499429216907 ], [ -74.175351601000827, 40.580526573556696 ], [ -74.175335145235792, 40.580563296909688 ], [ -74.175219837486082, 40.58064534690309 ], [ -74.175158247080944, 40.580703404073503 ], [ -74.175118662000997, 40.580717255910862 ], [ -74.17508624605297, 40.580727925270821 ], [ -74.175067892383993, 40.580738125523922 ], [ -74.174921605998478, 40.58086677686569 ], [ -74.174900052965825, 40.580904665125587 ], [ -74.174884718939339, 40.580943189537336 ], [ -74.174864451508967, 40.580973166513573 ], [ -74.174814044012095, 40.581013883096304 ], [ -74.174684603539518, 40.581070417728832 ], [ -74.174661098066096, 40.581094335436816 ], [ -74.17465248103322, 40.581133857315834 ], [ -74.174654801896978, 40.581165035443846 ], [ -74.174663035126613, 40.581196137909252 ], [ -74.174751392950029, 40.581372866930749 ], [ -74.174752663914418, 40.58140225913084 ], [ -74.174738965557481, 40.581443056639493 ], [ -74.174706309333544, 40.581494404799521 ], [ -74.174704652418725, 40.581520714408484 ], [ -74.174719019343868, 40.58153645180591 ], [ -74.174747909455576, 40.581547251058971 ], [ -74.174761607850158, 40.581559349502157 ], [ -74.174760584479245, 40.581582695426555 ], [ -74.17475082552977, 40.581613666787348 ], [ -74.174740740691732, 40.581709386483091 ], [ -74.174749311158905, 40.581736638638247 ], [ -74.174783985387847, 40.581788144691934 ], [ -74.174820107947454, 40.58186910825529 ], [ -74.174815956840177, 40.581929877591193 ], [ -74.174808893040279, 40.581975323479789 ], [ -74.174774609107715, 40.582041132090453 ], [ -74.174734818236971, 40.582089163616907 ], [ -74.174677735430791, 40.582134002936975 ], [ -74.174555916881815, 40.582168781748592 ], [ -74.174206237125915, 40.582216189215174 ], [ -74.173870660962777, 40.582294495658687 ], [ -74.173732461968214, 40.582330330428711 ], [ -74.173509705361766, 40.582361616186112 ], [ -74.173349393438698, 40.582394942561017 ], [ -74.17329817623218, 40.582419738399402 ], [ -74.173245527437359, 40.582445003624173 ], [ -74.173185572453136, 40.582466712071188 ], [ -74.173000853574692, 40.582489304427348 ], [ -74.172716483323029, 40.582539847326444 ], [ -74.172502386538255, 40.582546305899029 ], [ -74.172498367095628, 40.582548107653302 ], [ -74.17249748407383, 40.582551508415001 ], [ -74.172497874721358, 40.582554616455454 ], [ -74.172502342269894, 40.582557522943944 ], [ -74.172698275492962, 40.582571679451114 ], [ -74.17289694923636, 40.582574919808224 ], [ -74.173009987633478, 40.582565678650589 ], [ -74.17311408205191, 40.582550403935151 ], [ -74.173368238237401, 40.582491504633943 ], [ -74.173607587805733, 40.582461035978667 ], [ -74.173803339075405, 40.582428359000204 ], [ -74.174092806973206, 40.582394107052799 ], [ -74.174179435913956, 40.582383521562406 ], [ -74.174247775194829, 40.582364464601284 ], [ -74.174314356555897, 40.582322545870056 ], [ -74.174410477116595, 40.582264470066079 ], [ -74.174453781153858, 40.582254564270876 ], [ -74.174524594329512, 40.582251614761084 ], [ -74.174790211555049, 40.582305487550649 ], [ -74.174833852799523, 40.582320199721899 ], [ -74.174866839596561, 40.582346006354648 ], [ -74.174901239942756, 40.582389259451233 ], [ -74.174930775231488, 40.582445213721847 ], [ -74.174951535290319, 40.582517606947746 ], [ -74.174978196139747, 40.582590385653113 ], [ -74.174982624002737, 40.582682880016655 ], [ -74.17503944446949, 40.582676745567817 ], [ -74.175116447891142, 40.582646525515969 ], [ -74.175165826734499, 40.582648357507829 ], [ -74.17520287563184, 40.582660071854534 ], [ -74.175409295721295, 40.58274892801542 ], [ -74.175446694265972, 40.582775056456306 ], [ -74.175542820798995, 40.58289088841709 ], [ -74.17556194348316, 40.582939455180799 ], [ -74.17557775418183, 40.582993893128076 ], [ -74.175587678818232, 40.583032809475888 ], [ -74.17558061406649, 40.583085347100443 ], [ -74.175553242625682, 40.583135518493791 ], [ -74.175450601932255, 40.583222474267245 ], [ -74.175455064683973, 40.583241519878044 ], [ -74.175553112183707, 40.58325910239099 ], [ -74.175539245037285, 40.583288224966878 ], [ -74.175472688503575, 40.583340981269153 ], [ -74.175446050655211, 40.583352067825281 ], [ -74.175412441995235, 40.583357420532799 ], [ -74.175306844330933, 40.583322678133754 ], [ -74.175286923701151, 40.583320667918706 ], [ -74.17527074924503, 40.58332439287112 ], [ -74.175258378549884, 40.583337741345261 ], [ -74.175259446040073, 40.583346623363653 ], [ -74.175315328169404, 40.583424825400691 ], [ -74.175313781647446, 40.583460735390318 ], [ -74.175206984508918, 40.583635044719159 ], [ -74.175168289786669, 40.583679303318746 ], [ -74.175127493976973, 40.583707814905871 ], [ -74.175110905576204, 40.583708172487434 ], [ -74.175059439930635, 40.583662985921265 ], [ -74.175038744207697, 40.583656883933038 ], [ -74.174992671787606, 40.583685303616043 ], [ -74.174954644767723, 40.583708049293406 ], [ -74.174826493733676, 40.583736074200864 ], [ -74.17487744610365, 40.5837620957005 ], [ -74.174955358118495, 40.583778448658819 ], [ -74.175035004254084, 40.583810681476407 ], [ -74.175136798393908, 40.583882141709388 ], [ -74.175310462658871, 40.583960192984755 ], [ -74.175486782938123, 40.5840586728701 ], [ -74.175578775089832, 40.584094407541286 ], [ -74.175620927069417, 40.584124889039714 ], [ -74.175651049982747, 40.58415398941127 ], [ -74.175664121920988, 40.584190402039674 ], [ -74.175662582203302, 40.584241877580261 ], [ -74.175621430660627, 40.584306400081651 ], [ -74.175557147013095, 40.584358284875336 ], [ -74.175531313246495, 40.584400908435477 ], [ -74.175486451629908, 40.584453326317885 ], [ -74.175419696215243, 40.584494681348801 ], [ -74.175388980589247, 40.58451301246194 ], [ -74.175349677235701, 40.584555896978678 ], [ -74.175240272544428, 40.58462777543668 ], [ -74.175117101397674, 40.584755318329961 ], [ -74.174926159817389, 40.584904210287903 ], [ -74.174900399896828, 40.584944127461959 ], [ -74.174868845130661, 40.584973258878016 ], [ -74.17486171164974, 40.585026455723821 ], [ -74.174945668607592, 40.585161810287694 ], [ -74.174960655984918, 40.585189983893095 ], [ -74.174970148102716, 40.5852189510288 ], [ -74.174963348860189, 40.585250427558044 ], [ -74.17493768799207, 40.58527316619525 ], [ -74.174876683775025, 40.58529511571389 ], [ -74.174781595862655, 40.585293769999041 ], [ -74.174633034400443, 40.585272079652079 ], [ -74.174565733620767, 40.585249363511181 ], [ -74.174516729932918, 40.585215016225078 ], [ -74.174482740181531, 40.585201032200054 ], [ -74.174384437389449, 40.585213801376028 ], [ -74.174242474940812, 40.585241803320201 ], [ -74.174087000309171, 40.585286839132543 ], [ -74.174070873708573, 40.585311863085614 ], [ -74.174079560139106, 40.585349532440524 ], [ -74.174161294383453, 40.585469155212351 ], [ -74.174164290708418, 40.58551255783415 ], [ -74.174147246406534, 40.585563486765501 ], [ -74.174117004625018, 40.585624893512524 ], [ -74.174186869542226, 40.585642432542535 ], [ -74.17425280183069, 40.585564117472373 ], [ -74.174267724740076, 40.585492381419165 ], [ -74.17427153775111, 40.585441658011035 ], [ -74.17423940551123, 40.585400732788713 ], [ -74.174221293876414, 40.585372859236372 ], [ -74.174218784640942, 40.585351410695679 ], [ -74.174223440646756, 40.585330467319771 ], [ -74.174247128180539, 40.585316832580475 ], [ -74.174443473757449, 40.58530828500929 ], [ -74.174598564805919, 40.585326791296858 ], [ -74.174694734449389, 40.585356047319863 ], [ -74.174757402754253, 40.585367929094986 ], [ -74.17482091502086, 40.585370976190411 ], [ -74.174909710846052, 40.585366859873957 ], [ -74.174974020798061, 40.585349769076615 ], [ -74.175037869090488, 40.585314195595366 ], [ -74.175092665695502, 40.585270901321159 ], [ -74.175122221743422, 40.584970992794482 ], [ -74.175129472076307, 40.584908355590215 ], [ -74.175146143614938, 40.584848474912349 ], [ -74.175211925989032, 40.584764638322191 ], [ -74.175261529563656, 40.584708273509904 ], [ -74.175303304923503, 40.584662526106854 ], [ -74.175467913742111, 40.584549504712562 ], [ -74.175665949476254, 40.584387544213918 ], [ -74.175725127646132, 40.5843287214661 ], [ -74.175754937243923, 40.58429694399252 ], [ -74.175785752082035, 40.584280948554166 ], [ -74.175828298089868, 40.584276558234428 ], [ -74.175880867106073, 40.584280541010806 ], [ -74.175924541566488, 40.584299666220694 ], [ -74.175952958441599, 40.584316381464717 ], [ -74.17597762728839, 40.584319144363469 ], [ -74.176003473659634, 40.58430791842936 ], [ -74.176016483706007, 40.584277179759859 ], [ -74.176007865956109, 40.584211213204895 ], [ -74.175977359197219, 40.584125615339552 ], [ -74.175903633615064, 40.584073685943125 ], [ -74.175673355231254, 40.583983971119657 ], [ -74.175436615834727, 40.583864736539716 ], [ -74.175361550447263, 40.583783123822265 ], [ -74.175354451322221, 40.583764536098414 ], [ -74.175355766669441, 40.583749033286487 ], [ -74.175364124265542, 40.58373042197907 ], [ -74.175379260288494, 40.583712211860899 ], [ -74.17541174792278, 40.583696834406616 ], [ -74.175434319264824, 40.583698836119858 ], [ -74.175490859089948, 40.583723617817398 ], [ -74.17551810372548, 40.583726306606444 ], [ -74.175537078277969, 40.583723309468134 ], [ -74.175558280129493, 40.583690928350066 ], [ -74.175570795989785, 40.583568606068496 ], [ -74.175777583931122, 40.583400617441214 ], [ -74.175924464616813, 40.583246733198337 ], [ -74.175954838658129, 40.583234901489703 ], [ -74.175981170055238, 40.58321916317707 ], [ -74.175984381090558, 40.583199651051373 ], [ -74.175965798293916, 40.583109969111959 ], [ -74.175972683533985, 40.583049456745812 ], [ -74.175968677956192, 40.583003522502565 ], [ -74.175943289476237, 40.582947038928438 ], [ -74.175885663712592, 40.582874270944473 ], [ -74.175838189616243, 40.582793272798099 ], [ -74.175804812087236, 40.582742647630454 ], [ -74.175763891208248, 40.582713793464535 ], [ -74.175606815790417, 40.582653940525141 ], [ -74.175516409709459, 40.582617331780803 ], [ -74.175428549698225, 40.58256882753502 ], [ -74.17535006494127, 40.582510555437807 ], [ -74.175298101999203, 40.582454695805225 ], [ -74.175248681336583, 40.582384984878281 ], [ -74.175176038398476, 40.582231371273423 ], [ -74.175121987763191, 40.5821706140758 ], [ -74.175064155885067, 40.582062678683066 ], [ -74.175067397270382, 40.582020843344957 ], [ -74.175083738659055, 40.581980851284939 ], [ -74.175098662120746, 40.581970892184202 ], [ -74.175119540852194, 40.581964983536835 ], [ -74.175145794329595, 40.58196562068958 ], [ -74.175185843810539, 40.582012887728105 ], [ -74.17527018537173, 40.582098334370059 ], [ -74.175307122658566, 40.582114466792042 ], [ -74.175330314689745, 40.582108820204347 ], [ -74.175328538573666, 40.582085955837748 ], [ -74.175282874177498, 40.581997791058278 ], [ -74.175234814345316, 40.581930271748483 ], [ -74.17517044776767, 40.581878478786869 ], [ -74.175099877792363, 40.581772860014162 ], [ -74.17508555459294, 40.581718369450698 ], [ -74.175080504141548, 40.581461124600814 ], [ -74.175063651502612, 40.581297593115764 ], [ -74.175081384728543, 40.581200064255448 ], [ -74.175139282422975, 40.581121316876668 ], [ -74.175156558999063, 40.581090799603324 ], [ -74.175165956891988, 40.581040632264916 ], [ -74.175175225512177, 40.581014186807664 ], [ -74.175187422868547, 40.5810002127267 ], [ -74.175207119724149, 40.580988270572277 ], [ -74.175225315546754, 40.580990390600356 ], [ -74.17524609633162, 40.581014864009248 ], [ -74.175256512967692, 40.581037997060164 ], [ -74.17530338500525, 40.581067570858991 ], [ -74.175369965749582, 40.581118592185938 ], [ -74.175286212855937, 40.580922435818437 ], [ -74.175555333308225, 40.580735506156387 ], [ -74.175668079169469, 40.580680531422523 ], [ -74.175759050352099, 40.580650396746549 ], [ -74.175849854444039, 40.580631324209172 ], [ -74.175935552625347, 40.580633380470843 ], [ -74.176006810871286, 40.580640913211099 ], [ -74.176048346284176, 40.580652841030734 ], [ -74.176062782098143, 40.580669146305162 ], [ -74.176070805349937, 40.580687071643936 ], [ -74.17608531694701, 40.580713738336883 ], [ -74.176088591401864, 40.580714794069422 ], [ -74.176095197566312, 40.580715812404023 ], [ -74.176097652298893, 40.580712806265481 ], [ -74.176099995640627, 40.580696203300427 ], [ -74.17610032252955, 40.580675903974353 ], [ -74.176092644400669, 40.580649527662331 ], [ -74.176075084518487, 40.5806269351271 ], [ -74.176050290727375, 40.580612118926709 ], [ -74.175966046917168, 40.580602596117899 ], [ -74.175893482363563, 40.580607154842767 ], [ -74.175837680176002, 40.580610876605263 ], [ -74.175798874014419, 40.580610522601127 ], [ -74.175779398585306, 40.580604588212331 ], [ -74.17576138028366, 40.580592695527201 ], [ -74.17575092753512, 40.580582380680774 ], [ -74.175746969962375, 40.5805645059067 ], [ -74.175747714992099, 40.580550000874389 ], [ -74.175763914754185, 40.580526978423187 ], [ -74.175872304119366, 40.580436909427753 ], [ -74.175987716782416, 40.580339495679716 ], [ -74.176125406570591, 40.580168354010027 ], [ -74.17616454422641, 40.580088379502513 ], [ -74.176178137694293, 40.580037353712413 ], [ -74.176249877483471, 40.579946339183117 ], [ -74.176324242672749, 40.579826693703126 ], [ -74.176404065156177, 40.579604819228649 ], [ -74.176434722641602, 40.579545678684887 ], [ -74.176485023558058, 40.57948240610208 ], [ -74.176525318303874, 40.57941780885438 ], [ -74.176575491416457, 40.57930617996027 ], [ -74.176597252334986, 40.579277350396403 ], [ -74.176679173941864, 40.579221215276874 ], [ -74.176717435225555, 40.579168084787447 ], [ -74.176761580213565, 40.579134441660429 ], [ -74.176874527346243, 40.579090421288072 ], [ -74.176972497249409, 40.579072365280709 ], [ -74.177086484862457, 40.579030614186507 ], [ -74.177242054624145, 40.579063856801312 ], [ -74.177415756595906, 40.579144773029505 ], [ -74.177517423462106, 40.57921092360062 ], [ -74.177592200935734, 40.57934651653207 ], [ -74.177592291277975, 40.579346737009786 ], [ -74.177728599069852, 40.579682503839244 ], [ -74.177810033276529, 40.57988309714078 ], [ -74.177924358157341, 40.579985626171819 ], [ -74.177944319502544, 40.580021935945382 ], [ -74.177950030667446, 40.580077649924164 ], [ -74.177961603224063, 40.580144766238135 ], [ -74.177992985833939, 40.580186826307667 ], [ -74.178042160763525, 40.580221869765658 ], [ -74.178141015327853, 40.580296867297285 ], [ -74.178179814048548, 40.580351265585328 ], [ -74.178158797216412, 40.580419905690775 ], [ -74.178111436433824, 40.580486543346709 ], [ -74.178025308990755, 40.580546832869324 ], [ -74.177912451646762, 40.580639907759753 ], [ -74.177776071266223, 40.580724632315835 ], [ -74.177617530298164, 40.580796369390349 ], [ -74.177477247940899, 40.580863688890339 ], [ -74.177462269231299, 40.580870877503067 ], [ -74.177344294790984, 40.580942894561694 ], [ -74.177213842675869, 40.58104515882048 ], [ -74.177202721632824, 40.581057766178098 ], [ -74.177050942084705, 40.581229835052767 ], [ -74.17701819364521, 40.581293354577404 ], [ -74.177020004664271, 40.581319827291658 ], [ -74.177063796722322, 40.581397841726847 ], [ -74.177064847782447, 40.581417436505248 ], [ -74.177050789433508, 40.581439055505385 ], [ -74.17681525405078, 40.581548543888438 ], [ -74.176819198008317, 40.581560223057139 ], [ -74.176834541395067, 40.581564922753721 ], [ -74.176974996387216, 40.581526348617338 ], [ -74.177073943800536, 40.581505432721094 ], [ -74.177107816375994, 40.581458704417287 ], [ -74.177112892061032, 40.581390606031817 ], [ -74.177095883594305, 40.581317735548012 ], [ -74.177110721529203, 40.58121897622847 ], [ -74.177212756625323, 40.581133208545225 ], [ -74.177231611281314, 40.581117359907694 ], [ -74.177254055739454, 40.581105698619595 ], [ -74.17727813537185, 40.581102647386111 ], [ -74.177293297483047, 40.581118304929802 ], [ -74.177294431704723, 40.581139402482911 ], [ -74.177291527930407, 40.581169050495959 ], [ -74.17728511428416, 40.581226462634923 ], [ -74.177293187236927, 40.581298686868003 ], [ -74.177300726316801, 40.581390061565237 ], [ -74.177286276464301, 40.581443954227076 ], [ -74.177301855537891, 40.581472081531366 ], [ -74.177326615278858, 40.581483182001918 ], [ -74.177366238123611, 40.581488459998106 ], [ -74.177423521481529, 40.581468036862312 ], [ -74.177463791818539, 40.581473843405668 ], [ -74.17751179871, 40.581493513241561 ], [ -74.177542311046253, 40.581488757276446 ], [ -74.177557667525946, 40.581479688686976 ], [ -74.177563460512843, 40.581469767632342 ], [ -74.17756849519786, 40.581461144509198 ], [ -74.177572955679778, 40.581439546634009 ], [ -74.177566395464169, 40.581422966347198 ], [ -74.177550950937814, 40.581420229196915 ], [ -74.177539209785692, 40.581418148172695 ], [ -74.177492978491046, 40.581419534415943 ], [ -74.177451199095714, 40.581425860280056 ], [ -74.17740427370974, 40.581422058675898 ], [ -74.177379956004543, 40.581414198520044 ], [ -74.177367772903835, 40.581400873320263 ], [ -74.177385312704416, 40.58123123571243 ], [ -74.177389362461696, 40.581120641199497 ], [ -74.177373345923101, 40.581067839231622 ], [ -74.177374561626124, 40.581029641558665 ], [ -74.177397236147982, 40.580999157026532 ], [ -74.177452137710972, 40.580952373649659 ], [ -74.177477934960905, 40.580939676925425 ], [ -74.177514141787938, 40.580921857221959 ], [ -74.17758503688691, 40.580906284781541 ], [ -74.177684911298414, 40.580853272175027 ], [ -74.177759536686366, 40.580826361590915 ], [ -74.177864323524474, 40.580807237973268 ], [ -74.177911087349699, 40.580774906945443 ], [ -74.177938222852944, 40.58074807602874 ], [ -74.177969318966092, 40.580711208987388 ], [ -74.177992683420669, 40.5806605172235 ], [ -74.178060610105192, 40.58059131639326 ], [ -74.178169148604781, 40.580503815172797 ], [ -74.178239660027543, 40.58044511215099 ], [ -74.178257135218601, 40.58039221334252 ], [ -74.178251422702843, 40.580331197971383 ], [ -74.178216549156588, 40.580271206755654 ], [ -74.178163872453311, 40.580214571456658 ], [ -74.178095807870136, 40.580167893672552 ], [ -74.178048402292902, 40.580135563499468 ], [ -74.17802834273742, 40.580105430577582 ], [ -74.178023478162785, 40.580082499835619 ], [ -74.178024575731882, 40.580032011047969 ], [ -74.178112292692688, 40.580076166627691 ], [ -74.178190795626563, 40.580104145908173 ], [ -74.178288372710199, 40.580118195855704 ], [ -74.178353464080359, 40.580140795282219 ], [ -74.178404879972774, 40.580193634030017 ], [ -74.178433051058491, 40.580260306719978 ], [ -74.178436187962689, 40.58038430708384 ], [ -74.17842625337768, 40.58049309172042 ], [ -74.178322018835502, 40.580611486311639 ], [ -74.178210818697792, 40.580711150818729 ], [ -74.178062198406764, 40.580781576363464 ], [ -74.178009156995813, 40.580826795601034 ], [ -74.177998223989547, 40.580854949485357 ], [ -74.178019548306523, 40.580876887515451 ], [ -74.178061898688611, 40.580889947969752 ], [ -74.178104019659258, 40.580901571533857 ], [ -74.178157706216126, 40.580929636981729 ], [ -74.178201875738864, 40.580962714209953 ], [ -74.178232740285139, 40.581010080858789 ], [ -74.178276306916857, 40.581119578531307 ], [ -74.178310506476038, 40.581154753195669 ], [ -74.178357661315161, 40.581197710729711 ], [ -74.178416864166522, 40.581258632266547 ], [ -74.178504140102589, 40.581453300417337 ], [ -74.178520159417744, 40.581535517945852 ], [ -74.178550678109488, 40.581620820569604 ], [ -74.178665618450893, 40.581772712990926 ], [ -74.178671244987413, 40.581861498892522 ], [ -74.178672916691724, 40.581916498610155 ], [ -74.178701326504537, 40.58200319853151 ], [ -74.178718012422323, 40.582045220930809 ], [ -74.178732874458944, 40.582092066599472 ], [ -74.178734512236602, 40.582131676412239 ], [ -74.17872316805321, 40.582161515871249 ], [ -74.178679133515928, 40.582229333647277 ], [ -74.17865705644455, 40.582281356277889 ], [ -74.178676211753782, 40.582310418028548 ], [ -74.178777314310352, 40.582398294455388 ], [ -74.178897780946713, 40.582594419082973 ], [ -74.17892771090078, 40.582647800703569 ], [ -74.178967136537111, 40.582716386396157 ], [ -74.179172832268861, 40.582893108536041 ], [ -74.179238583299067, 40.582975184496078 ], [ -74.179360367720093, 40.583082213850666 ], [ -74.179381513424985, 40.583103650269642 ], [ -74.179385316662049, 40.583119490915763 ], [ -74.179383266601477, 40.58313462112158 ], [ -74.179375025712062, 40.583153096592824 ], [ -74.179352868822747, 40.583172147623138 ], [ -74.179318846672459, 40.583207312221752 ], [ -74.17930484340225, 40.583278419810888 ], [ -74.179300788711743, 40.583306283064765 ], [ -74.179289248944656, 40.583324377324537 ], [ -74.179232725518801, 40.58335240155985 ], [ -74.179136187200683, 40.583374379982665 ], [ -74.178973507386104, 40.583383429735143 ], [ -74.178754471221112, 40.583388976570149 ], [ -74.178679789192401, 40.583383194281744 ], [ -74.178568833851045, 40.583355743051321 ], [ -74.178478876174381, 40.583338993442105 ], [ -74.178325479110782, 40.583327246477126 ], [ -74.178255316229254, 40.583319243372934 ], [ -74.178222875553899, 40.583311607658096 ], [ -74.178196315209831, 40.58328862598848 ], [ -74.178170637492016, 40.58326886769477 ], [ -74.178145904518843, 40.583263257930426 ], [ -74.178144266815366, 40.58326389989783 ], [ -74.178124197519281, 40.583271773645606 ], [ -74.178102627594271, 40.583313107976792 ], [ -74.178080021832756, 40.583340329885118 ], [ -74.178060061675424, 40.583366544498823 ], [ -74.177987738689595, 40.583422143319474 ], [ -74.177918191768541, 40.583496572367288 ], [ -74.1779080921158, 40.583507381734336 ], [ -74.17785473387147, 40.583544896524621 ], [ -74.177811979373473, 40.583562605734258 ], [ -74.17776879085649, 40.583571683189589 ], [ -74.177704224219895, 40.583562407712805 ], [ -74.177644173858653, 40.583541420073068 ], [ -74.177592720026922, 40.583516824330367 ], [ -74.177518047571553, 40.583456396370117 ], [ -74.17743559034551, 40.583401765437451 ], [ -74.177367027347728, 40.583368161852562 ], [ -74.177316519948477, 40.583350757866775 ], [ -74.177283249573506, 40.583346438942201 ], [ -74.177258782891869, 40.583350822585189 ], [ -74.177191428584578, 40.583399356771835 ], [ -74.177130433874893, 40.58343462445994 ], [ -74.177057732412038, 40.583480091479132 ], [ -74.177004064770557, 40.583506184985318 ], [ -74.176966147051701, 40.583516813730881 ], [ -74.176925880619208, 40.58352679142515 ], [ -74.176841564669544, 40.583539197163141 ], [ -74.176818752843175, 40.583543604351462 ], [ -74.176815661619202, 40.58355114914189 ], [ -74.176817990341746, 40.583559436711525 ], [ -74.176826400882518, 40.583562845797424 ], [ -74.176898431288564, 40.583559683967202 ], [ -74.176972006543366, 40.583547530653362 ], [ -74.177025493678869, 40.583525527673523 ], [ -74.177222069832936, 40.58342598581563 ], [ -74.177262231992785, 40.583413718181824 ], [ -74.177314772038926, 40.583409228985822 ], [ -74.177356679451577, 40.583420379544918 ], [ -74.177453065639597, 40.583462844573063 ], [ -74.177622908869239, 40.583604798687062 ], [ -74.177656353555108, 40.583622221720226 ], [ -74.177695284165168, 40.583634063788431 ], [ -74.177737064826545, 40.583639681503939 ], [ -74.177784955007894, 40.583633935904672 ], [ -74.177828005288973, 40.583622171518407 ], [ -74.177872460360632, 40.583602521642071 ], [ -74.177939324614712, 40.583563921502794 ], [ -74.177946211998986, 40.583559944927593 ], [ -74.178005570018371, 40.583515593063872 ], [ -74.178051220860567, 40.583485972523647 ], [ -74.17810349047916, 40.583423387760746 ], [ -74.178144779393236, 40.583380114702187 ], [ -74.178180597486943, 40.583375069410472 ], [ -74.178229464768009, 40.583368186565174 ], [ -74.178451742448729, 40.583404445267497 ], [ -74.178512436138973, 40.58342615097903 ], [ -74.178576122236393, 40.583450259132306 ], [ -74.178635597223831, 40.583453891252383 ], [ -74.178703212949728, 40.583456269809666 ], [ -74.178715578713664, 40.583463464670402 ], [ -74.178725597263352, 40.583477142464325 ], [ -74.178716398470556, 40.583495728389018 ], [ -74.178603808252404, 40.583610749296945 ], [ -74.178569492315162, 40.583644037504357 ], [ -74.178536105597516, 40.583688273687351 ], [ -74.178519729546736, 40.583724857732186 ], [ -74.178511479300582, 40.583761205024899 ], [ -74.17850467353783, 40.5839622031868 ], [ -74.178504386044168, 40.583984168329557 ], [ -74.178518580560521, 40.584027287831653 ], [ -74.178546846271047, 40.584073466157903 ], [ -74.178558032823616, 40.584091065730149 ], [ -74.178559432797513, 40.584106188802828 ], [ -74.178555843209296, 40.584126557116868 ], [ -74.178522929914436, 40.584161933172894 ], [ -74.178451842553557, 40.584207142807749 ], [ -74.178273388053242, 40.584320634804364 ], [ -74.178212282612321, 40.584354353481274 ], [ -74.178190196963442, 40.584367176961429 ], [ -74.178169892183703, 40.5843789666283 ], [ -74.178127624008269, 40.584390077113035 ], [ -74.178073151750112, 40.584396691173751 ], [ -74.178009007833751, 40.584404111879849 ], [ -74.177985720601029, 40.584410156213238 ], [ -74.177969436758218, 40.584418509475967 ], [ -74.177960562883257, 40.584429712250689 ], [ -74.17795976620684, 40.584444150778808 ], [ -74.177969531681185, 40.584452871639456 ], [ -74.177988818905931, 40.584466597305195 ], [ -74.178010499953899, 40.584474817983235 ], [ -74.178032159408161, 40.584475334596071 ], [ -74.178058412381304, 40.584471442380867 ], [ -74.178199768467209, 40.584427648634055 ], [ -74.178206210632723, 40.584424994760816 ], [ -74.178283645946451, 40.584393104037403 ], [ -74.178399990063483, 40.584307086244962 ], [ -74.178467066482966, 40.584254449923542 ], [ -74.178471054014452, 40.584251320714024 ], [ -74.178606443511512, 40.58416115503988 ], [ -74.178640377596679, 40.584127660354206 ], [ -74.1786487214179, 40.584098502734641 ], [ -74.178646086656784, 40.584069888078297 ], [ -74.178616411799254, 40.584030374972961 ], [ -74.178596283827233, 40.583992412173011 ], [ -74.178582053774008, 40.583869195435575 ], [ -74.178580356072757, 40.583802679780383 ], [ -74.178587011519653, 40.583728635370669 ], [ -74.178696974487977, 40.583573184902875 ], [ -74.178749221077524, 40.583521607034037 ], [ -74.178775451966146, 40.583501640294664 ], [ -74.178810121979268, 40.583485114823517 ], [ -74.179164168638238, 40.583434737382952 ], [ -74.179406634180552, 40.583361749669926 ], [ -74.179480547260397, 40.583332731897926 ], [ -74.179511872099496, 40.583332963911936 ], [ -74.179536207626015, 40.583337419550936 ], [ -74.1795542038478, 40.58335200693314 ], [ -74.179595348081506, 40.583414908407399 ], [ -74.179639655046358, 40.583484235515577 ], [ -74.179703697998676, 40.583542077924328 ], [ -74.179793133989904, 40.583614994194853 ], [ -74.179930853641821, 40.583684421740749 ], [ -74.180016094096388, 40.583732594348113 ], [ -74.180075601241583, 40.583779237551227 ], [ -74.180092854265865, 40.583813355729845 ], [ -74.180102390215083, 40.583875377144629 ], [ -74.180131114922546, 40.583925403233877 ], [ -74.180308837294078, 40.583980078255323 ], [ -74.180463129257575, 40.584043986922232 ], [ -74.180565899623659, 40.58407483239111 ], [ -74.180648145929538, 40.584162093852257 ], [ -74.180685169732314, 40.584236006724765 ], [ -74.180815188345221, 40.584392977411483 ], [ -74.180896850740297, 40.584519090056773 ], [ -74.180992004909086, 40.584681037745895 ], [ -74.181040085360664, 40.584739344942356 ], [ -74.18111496308056, 40.584788805390112 ], [ -74.181133944125733, 40.584823932915626 ], [ -74.181140333196623, 40.584884617430284 ], [ -74.18112944191158, 40.584936247420956 ], [ -74.181098728314197, 40.58497922838135 ], [ -74.181097117697476, 40.584990327173962 ], [ -74.181100558954611, 40.584997924951871 ], [ -74.181204869237021, 40.585120890379933 ], [ -74.181225755142222, 40.585175917399511 ], [ -74.181254364751879, 40.585256173132372 ], [ -74.181278646843296, 40.585308196089905 ], [ -74.181271169024527, 40.585365401212542 ], [ -74.18121711667736, 40.585538550512275 ], [ -74.181178528236984, 40.58563185093498 ], [ -74.181160002581962, 40.585817739706691 ], [ -74.181151515287624, 40.585928819525577 ], [ -74.181142984294837, 40.585988027238798 ], [ -74.181127882445153, 40.586016281680394 ], [ -74.181106238859414, 40.586036210183117 ], [ -74.181037729083982, 40.586093336751574 ], [ -74.18099669396895, 40.586132594999818 ], [ -74.180939900074193, 40.586155566803868 ], [ -74.180868829736951, 40.586166584920903 ], [ -74.180797024199663, 40.58617657218074 ], [ -74.180709444475482, 40.586183389063983 ], [ -74.18067108919108, 40.586198533193659 ], [ -74.180606110767627, 40.586262681639717 ], [ -74.180477953129099, 40.58626650484166 ], [ -74.180398099702487, 40.586255380848797 ], [ -74.180309973239716, 40.58623467918904 ], [ -74.180263340146169, 40.586242028584927 ], [ -74.180201219271154, 40.586276627852243 ], [ -74.180138313159659, 40.586326266217327 ], [ -74.180069388239744, 40.586334478888823 ], [ -74.180004882171346, 40.58632378444333 ], [ -74.179961086368237, 40.586309226655032 ], [ -74.179924381123939, 40.586277423555536 ], [ -74.179780605411239, 40.586106689009341 ], [ -74.179754338716634, 40.586027876438692 ], [ -74.179710191559749, 40.585936969788158 ], [ -74.179633280869368, 40.585853240238656 ], [ -74.179530656805994, 40.5857685485338 ], [ -74.179511915428009, 40.585755168050625 ], [ -74.179506812719239, 40.585741534853248 ], [ -74.179510831568493, 40.585728918460475 ], [ -74.179527765340424, 40.585719765162125 ], [ -74.179549105044302, 40.585724673990562 ], [ -74.179709757232672, 40.585805192844106 ], [ -74.179723202357494, 40.585805889556966 ], [ -74.179731483117919, 40.585800820164053 ], [ -74.179734368589635, 40.585794177911545 ], [ -74.179722634711851, 40.585771342658212 ], [ -74.179628792051076, 40.585710604786769 ], [ -74.179498320414709, 40.585651039765281 ], [ -74.179448245703128, 40.585639475978049 ], [ -74.179423971842141, 40.585623053132238 ], [ -74.179403355279703, 40.585596186656673 ], [ -74.179397025184059, 40.58557325918855 ], [ -74.179410385400857, 40.58555467223939 ], [ -74.179445013280599, 40.585524718903486 ], [ -74.179519687527375, 40.585465467425948 ], [ -74.179578634958787, 40.585430742884363 ], [ -74.179631246348748, 40.585380607643387 ], [ -74.179680346898451, 40.585333427955106 ], [ -74.179687083827986, 40.585318674929695 ], [ -74.179687758006409, 40.585306729291112 ], [ -74.179672914487568, 40.585298958380747 ], [ -74.179656247646875, 40.585297541850075 ], [ -74.179629168325505, 40.585300853935479 ], [ -74.17948237459396, 40.585439846246608 ], [ -74.179364278431621, 40.585484502206754 ], [ -74.179350667093345, 40.585486085917339 ], [ -74.179336229135274, 40.585480720532232 ], [ -74.179283837312042, 40.585411928229426 ], [ -74.179157952726783, 40.585323986398627 ], [ -74.179082539551104, 40.585248485895683 ], [ -74.178936284945436, 40.585138085803059 ], [ -74.178922589872855, 40.585112769931079 ], [ -74.178923291932776, 40.585034760752052 ], [ -74.178921203585546, 40.585018855262405 ], [ -74.178908884373769, 40.585001814008052 ], [ -74.178784949643145, 40.584974729046614 ], [ -74.178684843016669, 40.584936618662468 ], [ -74.178590416448657, 40.584879813382493 ], [ -74.178577002205785, 40.584870673240211 ], [ -74.17852324105138, 40.584834040452179 ], [ -74.178379493670562, 40.584780400480469 ], [ -74.178338423703408, 40.584789537019049 ], [ -74.178282608674593, 40.584811401908219 ], [ -74.178274513039909, 40.584814572621184 ], [ -74.178222415697618, 40.584847309191041 ], [ -74.178174131591803, 40.584886421894666 ], [ -74.178156068847699, 40.584910312962698 ], [ -74.178158954467762, 40.584924490866129 ], [ -74.178176033371955, 40.584929005729187 ], [ -74.178247595200773, 40.584888204519224 ], [ -74.178284428922581, 40.584865531553234 ], [ -74.178288405950823, 40.584864621248826 ], [ -74.178340486652573, 40.584852693998123 ], [ -74.178415067510912, 40.584863305385163 ], [ -74.178495547429264, 40.584895704681301 ], [ -74.178575025626884, 40.584947048137117 ], [ -74.178583386678937, 40.584954798557824 ], [ -74.178609459592963, 40.584978967806514 ], [ -74.178668590723149, 40.585015638973466 ], [ -74.178740976643439, 40.585030476064375 ], [ -74.17878963531021, 40.585037899923769 ], [ -74.178823887489372, 40.585050363051536 ], [ -74.178840767465644, 40.585076326041161 ], [ -74.178829442324954, 40.585126718203114 ], [ -74.17882504640221, 40.585164895643899 ], [ -74.178844718507321, 40.585185880584305 ], [ -74.178881044767408, 40.585193863047223 ], [ -74.178920384980543, 40.585218887767425 ], [ -74.179024102227046, 40.585328209567265 ], [ -74.179107855106764, 40.585413598420971 ], [ -74.179233975580573, 40.585573654037134 ], [ -74.179322823515236, 40.585670073481964 ], [ -74.179393417931337, 40.585776811686024 ], [ -74.17946096486439, 40.585838972235173 ], [ -74.179550003624968, 40.585940654797916 ], [ -74.179619956567066, 40.586044432900479 ], [ -74.179633317614943, 40.58607804487837 ], [ -74.179634593184133, 40.586153681658679 ], [ -74.179665055958097, 40.586223427525631 ], [ -74.179727715819638, 40.586301011609947 ], [ -74.179838270410556, 40.586424317954823 ], [ -74.179838513577337, 40.586446233659501 ], [ -74.179828603187644, 40.586460264048796 ], [ -74.179807207583465, 40.586472867980909 ], [ -74.179744920469147, 40.586505557258256 ], [ -74.179704066735383, 40.586540569665523 ], [ -74.179639100388471, 40.586564404610598 ], [ -74.179503796377844, 40.586550352557339 ], [ -74.179217824764294, 40.58646021124283 ], [ -74.179040162034639, 40.586279879542332 ], [ -74.17890431446078, 40.586181145755639 ], [ -74.178803675267403, 40.586090770673785 ], [ -74.178687445944774, 40.585918233166062 ], [ -74.178626672706912, 40.585838836393428 ], [ -74.178551595787695, 40.585746355579474 ], [ -74.178524424100402, 40.585722628422076 ], [ -74.178523695944747, 40.585721992800849 ], [ -74.178500402543762, 40.585710416699868 ], [ -74.178473686091536, 40.585700144510746 ], [ -74.178434097791438, 40.58569685598431 ], [ -74.17842333411744, 40.585706811818099 ], [ -74.178420373393038, 40.585724292057726 ], [ -74.178452253302936, 40.585782529095631 ], [ -74.178493324651882, 40.585843153617859 ], [ -74.178496281530315, 40.585851669745203 ], [ -74.178520498048869, 40.585921459830999 ], [ -74.178578393630204, 40.58603708934988 ], [ -74.178674054247381, 40.586165247662898 ], [ -74.178759908636891, 40.586260237639522 ], [ -74.178891035806245, 40.586391116008393 ], [ -74.179065426930393, 40.586527467764419 ], [ -74.179094362563902, 40.586546741647055 ], [ -74.179102023312282, 40.58656326608078 ], [ -74.179101143715769, 40.586581940798929 ], [ -74.179081102561199, 40.586597993205743 ], [ -74.179039781565166, 40.586610401145769 ], [ -74.178878173582518, 40.586606237508775 ], [ -74.178710640809598, 40.586630860057596 ], [ -74.178440195277162, 40.586652084119756 ], [ -74.178275826132221, 40.58666012158313 ], [ -74.178172673565086, 40.586688184296243 ], [ -74.178146758781182, 40.586695234165177 ], [ -74.178041333295553, 40.586740981230925 ], [ -74.17789314637966, 40.586761801220845 ], [ -74.177787802247565, 40.586768068022167 ], [ -74.177722424155789, 40.586771958515122 ], [ -74.177608317457597, 40.586779466105135 ], [ -74.177330160446431, 40.586826251915788 ], [ -74.177236875863784, 40.586813153618131 ], [ -74.177176576928275, 40.586789850855325 ], [ -74.177126683461069, 40.586758586736337 ], [ -74.177096340257037, 40.586713906228027 ], [ -74.177100052486068, 40.586616487888534 ], [ -74.17710870598529, 40.586529051504385 ], [ -74.177098355735012, 40.586480656971538 ], [ -74.177071161870003, 40.586445815184369 ], [ -74.177026169014582, 40.586415691646636 ], [ -74.176956778472899, 40.586403420715527 ], [ -74.176739665066151, 40.586428362595683 ], [ -74.176727048726363, 40.586442255486709 ], [ -74.176722402430002, 40.586455432778415 ], [ -74.176729998058505, 40.586468593170039 ], [ -74.176745505474187, 40.586478174301412 ], [ -74.176776832731164, 40.586479223852926 ], [ -74.176803800002148, 40.586465461062069 ], [ -74.176839394994772, 40.586447296754834 ], [ -74.176872921118672, 40.586437907574364 ], [ -74.176912896880182, 40.586441963306164 ], [ -74.176943892754636, 40.586454811998749 ], [ -74.176967864274687, 40.586482090717396 ], [ -74.176978507186675, 40.586515666693167 ], [ -74.17697388166917, 40.586634910656379 ], [ -74.176991159396422, 40.586750152305257 ], [ -74.176983651276387, 40.586807639034816 ], [ -74.176966819462976, 40.586827486389112 ], [ -74.176940694563072, 40.586837771014316 ], [ -74.176854063511328, 40.586841068772429 ], [ -74.176662145764993, 40.586853649832939 ], [ -74.176500859440551, 40.586847991083452 ], [ -74.176284168023713, 40.586813134663956 ], [ -74.176233046806047, 40.586783763134825 ], [ -74.176199686640672, 40.586761224551985 ], [ -74.176206710339301, 40.58670255446718 ], [ -74.176219049429662, 40.586620968588875 ], [ -74.176212675655762, 40.586476135948452 ], [ -74.176196383754828, 40.586363792394991 ], [ -74.176154477411075, 40.586274700939548 ], [ -74.176130921714588, 40.586250445375285 ], [ -74.17610987715797, 40.586246778258101 ], [ -74.17608859267294, 40.586251558433815 ], [ -74.176077586259225, 40.58628165193025 ], [ -74.176061235383955, 40.5862935279428 ], [ -74.176045436297287, 40.586296075386706 ], [ -74.176027259693484, 40.586290140805737 ], [ -74.175938847429521, 40.586237501803915 ], [ -74.175863165560145, 40.586214252519149 ], [ -74.175804463524344, 40.586211229261764 ], [ -74.175746588703745, 40.58622403948857 ], [ -74.175875028167937, 40.586292369435483 ], [ -74.175988061782149, 40.586337432598945 ], [ -74.176062779078279, 40.586398065776073 ], [ -74.176114143903391, 40.586434869033198 ], [ -74.176141047856277, 40.586461155633749 ], [ -74.176151225144693, 40.586489888455368 ], [ -74.176146589480794, 40.586518359359346 ], [ -74.176096921255478, 40.586579989990547 ], [ -74.176042149914295, 40.586686006388099 ], [ -74.175976502685245, 40.586837311562817 ], [ -74.175970757650035, 40.586894013870456 ], [ -74.175929521700155, 40.586926488716813 ], [ -74.175873339496434, 40.586942196973375 ], [ -74.175801842469198, 40.586982109603959 ], [ -74.175737756224009, 40.587029149314326 ], [ -74.175641057654502, 40.587053697793472 ], [ -74.175555120880063, 40.587112392101048 ], [ -74.175486750966755, 40.587146748955483 ], [ -74.175373181067087, 40.587168264703223 ], [ -74.175298796975241, 40.587181273739148 ], [ -74.175269891295386, 40.587183506081473 ], [ -74.175246465586753, 40.587176405101765 ], [ -74.175210493603529, 40.587151041689964 ], [ -74.175148234315316, 40.587116489744993 ], [ -74.175093525849789, 40.587101949493785 ], [ -74.175010298683517, 40.587093536538134 ], [ -74.174951063768958, 40.58706767804555 ], [ -74.174886708119928, 40.587020530834202 ], [ -74.174810201934449, 40.586937400748624 ], [ -74.174754269407558, 40.58690549824626 ], [ -74.17462581059209, 40.586854654349075 ], [ -74.174461781929111, 40.586785695356831 ], [ -74.174422537673976, 40.58675640229437 ], [ -74.174381143870647, 40.586698179423749 ], [ -74.17432688780724, 40.586673949316044 ], [ -74.174289052058683, 40.586679699805423 ], [ -74.174255016521272, 40.586693273772084 ], [ -74.174197550192304, 40.586702666010737 ], [ -74.174148668540113, 40.586707398462998 ], [ -74.173951733091286, 40.586867268089733 ], [ -74.173941324931775, 40.586916620035616 ], [ -74.173946225255676, 40.586960948254685 ], [ -74.173941827264514, 40.586979908270308 ], [ -74.173915656475941, 40.58699633925211 ], [ -74.173872394350312, 40.587022274059052 ], [ -74.17383062329138, 40.58707421022924 ], [ -74.173784216433518, 40.587129140457307 ], [ -74.173692680155497, 40.587207374215964 ], [ -74.17364556744235, 40.587217058489607 ], [ -74.173600107629909, 40.587223704658363 ], [ -74.173564901840919, 40.58721616818319 ], [ -74.173518281138655, 40.587203329536585 ], [ -74.173450810347887, 40.587202665949256 ], [ -74.173307974628685, 40.587228184368129 ], [ -74.173159726876236, 40.587262561106847 ], [ -74.173042274500801, 40.587276296323452 ], [ -74.17296327382256, 40.587276133372669 ], [ -74.172872053924593, 40.587269754342763 ], [ -74.172798284572195, 40.587247000046247 ], [ -74.172730352137265, 40.587211213529379 ], [ -74.172703109472906, 40.587201079418421 ], [ -74.172683214553459, 40.587202176416589 ], [ -74.172679054338985, 40.587209025794451 ], [ -74.172689155862813, 40.587217613322139 ], [ -74.172724898131889, 40.587233504325191 ], [ -74.172770157483711, 40.587263548992091 ], [ -74.172794473327301, 40.587285199785732 ], [ -74.172798509901114, 40.587326036129916 ], [ -74.172819657030118, 40.587338252442869 ], [ -74.172930936288594, 40.587341763690965 ], [ -74.172954555262876, 40.58734329781899 ], [ -74.17296099861079, 40.587349146884094 ], [ -74.172961931857415, 40.587357388940774 ], [ -74.172898181168662, 40.587407663935842 ], [ -74.172851455659355, 40.587468090181993 ], [ -74.172773164829493, 40.587502749304015 ], [ -74.172741008286863, 40.587508709604307 ], [ -74.172703793899331, 40.587494126613478 ], [ -74.172665360444071, 40.587492348142412 ], [ -74.172602795915253, 40.587552448621601 ], [ -74.172564452842835, 40.58759257063204 ], [ -74.172553740226803, 40.587658941074366 ], [ -74.172559764452146, 40.587702901975163 ], [ -74.172598932889898, 40.587721668688538 ], [ -74.172677347980084, 40.587778508283662 ], [ -74.17269758494912, 40.587816066678926 ], [ -74.17271391525037, 40.587905682290334 ], [ -74.172738784920128, 40.58793858345372 ], [ -74.17275431084704, 40.587953595337915 ], [ -74.172757687840217, 40.587976392402105 ], [ -74.172740640906014, 40.588064019412279 ], [ -74.172715857547871, 40.588093385844786 ], [ -74.172682752763279, 40.588154014843113 ], [ -74.172691455690057, 40.588243551893662 ], [ -74.17271530330251, 40.588309251740867 ], [ -74.17273240023539, 40.588353963254981 ], [ -74.172732502581226, 40.588414638737675 ], [ -74.172753146721973, 40.588437333384952 ], [ -74.172782582622574, 40.588450305345937 ], [ -74.172823909747095, 40.588463170237809 ], [ -74.172857614035209, 40.588481861331772 ], [ -74.172894042391007, 40.588550842599844 ], [ -74.172914816731804, 40.588604681759044 ], [ -74.172961984388834, 40.588647832378946 ], [ -74.173029299192876, 40.588687206525364 ], [ -74.173034647421886, 40.588704371504868 ], [ -74.173025713106398, 40.58873021113552 ], [ -74.172946722422111, 40.588784370586957 ], [ -74.172933578640297, 40.588802637693973 ], [ -74.172940249817003, 40.588836239751039 ], [ -74.172982699182583, 40.588901971954343 ], [ -74.172981558396316, 40.588931334400748 ], [ -74.172955711478295, 40.588945995137657 ], [ -74.17290024220668, 40.588946894457735 ], [ -74.172675577358319, 40.58890021116791 ], [ -74.172603474948019, 40.588894699302216 ], [ -74.172489072243167, 40.588953955415455 ], [ -74.172386639119196, 40.589010934925533 ], [ -74.172250992428516, 40.589107331565955 ], [ -74.172025031349406, 40.589209810262204 ], [ -74.172019632143858, 40.589217290939438 ], [ -74.172026489359652, 40.589224648781872 ], [ -74.172068611887553, 40.58923200336708 ], [ -74.172102901756872, 40.589230318449843 ], [ -74.172126071967412, 40.58922566227384 ], [ -74.172373783237518, 40.589092414885016 ], [ -74.17241876997943, 40.589045131059365 ], [ -74.17247284123431, 40.588993116644389 ], [ -74.172545885675191, 40.588968084974262 ], [ -74.172638159710985, 40.588960504448167 ], [ -74.172746740132965, 40.588963123999591 ], [ -74.172840536884706, 40.58897842155092 ], [ -74.172939272405458, 40.589002372945096 ], [ -74.172974733952088, 40.588993340406205 ], [ -74.17306037250799, 40.588904778101593 ], [ -74.173065821455822, 40.588872759846701 ], [ -74.173026051315347, 40.588801146808706 ], [ -74.173026257109413, 40.588787537800954 ], [ -74.173035700158238, 40.588774326338694 ], [ -74.173108859837612, 40.588745655177931 ], [ -74.173119925759892, 40.588719182858185 ], [ -74.173112755820156, 40.588682266709192 ], [ -74.17305555292279, 40.588617525736893 ], [ -74.173026374460179, 40.588595432051754 ], [ -74.173015023876943, 40.588572608178687 ], [ -74.173021834184752, 40.588526637836821 ], [ -74.173018500865126, 40.588497902560789 ], [ -74.172998900449244, 40.588475960100148 ], [ -74.172955801112138, 40.58844520089702 ], [ -74.172864920473614, 40.588421238625415 ], [ -74.172822531315347, 40.588359873019435 ], [ -74.172801268113389, 40.588291843257643 ], [ -74.17283173877567, 40.588186923970156 ], [ -74.172859583331231, 40.587915514126898 ], [ -74.172858086079117, 40.587866352116784 ], [ -74.17281668714611, 40.587822831610218 ], [ -74.172763060624845, 40.587757967233138 ], [ -74.172724516029248, 40.587718260650554 ], [ -74.172679701357652, 40.587700406597158 ], [ -74.172661484152584, 40.587680643150414 ], [ -74.17265265869554, 40.587650228482154 ], [ -74.172662748808094, 40.587626009932123 ], [ -74.172677867957404, 40.587602421330722 ], [ -74.172707564360138, 40.587590198884321 ], [ -74.172889095130657, 40.587599632773752 ], [ -74.172916169431574, 40.587584294799321 ], [ -74.172943418801026, 40.587550806519253 ], [ -74.172958595838054, 40.587499864360005 ], [ -74.172976229462449, 40.587462959481776 ], [ -74.173007389793952, 40.587430370271406 ], [ -74.173072002170912, 40.587397683836869 ], [ -74.173140327386676, 40.587372447306088 ], [ -74.173554470778299, 40.587368832982179 ], [ -74.173629322693387, 40.587343352972582 ], [ -74.17371823042501, 40.587301718806224 ], [ -74.173835016534326, 40.58720024839532 ], [ -74.173996868026038, 40.587067831540843 ], [ -74.174140240509331, 40.58693244099797 ], [ -74.174192803587033, 40.586901644369824 ], [ -74.174237791193093, 40.586891144460367 ], [ -74.174291184917493, 40.586892191939839 ], [ -74.174333146202954, 40.586899789980372 ], [ -74.174563798407107, 40.587027327131764 ], [ -74.174643543903457, 40.587079437392262 ], [ -74.174683497114614, 40.587116410888001 ], [ -74.174700964902996, 40.587165206347692 ], [ -74.174728597682758, 40.587189343395941 ], [ -74.174944699214436, 40.587302504436806 ], [ -74.175027654077653, 40.587327290244403 ], [ -74.175179236104782, 40.587341856775971 ], [ -74.175308550424646, 40.587371526426757 ], [ -74.175415269671547, 40.587366220743903 ], [ -74.175498279136178, 40.587350063735009 ], [ -74.175563146684226, 40.587321475694026 ], [ -74.175638023087359, 40.587293052363371 ], [ -74.175737631892744, 40.587219222644684 ], [ -74.175832785537878, 40.58717617971493 ], [ -74.176042556229135, 40.587160469513222 ], [ -74.176229662103111, 40.587146754130394 ], [ -74.176371312209398, 40.587153193590702 ], [ -74.176394879044935, 40.587177940769315 ], [ -74.176393817745691, 40.587201035518355 ], [ -74.176372178648279, 40.587223305398403 ], [ -74.176244044396725, 40.587276695958792 ], [ -74.176156071918626, 40.587340496210039 ], [ -74.175855945533613, 40.587498300202995 ], [ -74.175762801746401, 40.587569151058531 ], [ -74.175415886195452, 40.587741456359986 ], [ -74.174966554826199, 40.587979278516499 ], [ -74.174918682997301, 40.588022242504074 ], [ -74.174886676123606, 40.588074646002319 ], [ -74.174878140533039, 40.58816005581005 ], [ -74.174865401714769, 40.588199240850699 ], [ -74.174843147608357, 40.588227867338325 ], [ -74.174672998335041, 40.588339615578164 ], [ -74.174582069450523, 40.588406008105792 ], [ -74.174501530285227, 40.58849852704563 ], [ -74.17446716932335, 40.588556144461499 ], [ -74.17446403457599, 40.58861287693685 ], [ -74.174488927041409, 40.588699820023699 ], [ -74.174542206356037, 40.588800435035346 ], [ -74.174566605133933, 40.588802294515453 ], [ -74.174585499858608, 40.588793918785768 ], [ -74.174586947152378, 40.588775926849884 ], [ -74.174526708451396, 40.588723076396086 ], [ -74.174507532494388, 40.588666633548321 ], [ -74.174507371051476, 40.588607480048481 ], [ -74.174545663382887, 40.588541321460916 ], [ -74.174603070674038, 40.588475674199643 ], [ -74.174659725383407, 40.588417688890452 ], [ -74.174778291909576, 40.588354566372047 ], [ -74.174889160968391, 40.588275036205239 ], [ -74.174935072549374, 40.588202432541436 ], [ -74.174981699312355, 40.58810792524519 ], [ -74.175002288266185, 40.588059179988221 ], [ -74.175038223493274, 40.588008476089762 ], [ -74.175126469784914, 40.587967748656276 ], [ -74.175292575133625, 40.587917256891011 ], [ -74.175540865930103, 40.58786102016424 ], [ -74.175721944600085, 40.587760863432941 ], [ -74.175862649493823, 40.587644091442684 ], [ -74.176148603756445, 40.587465009915455 ], [ -74.176463361108034, 40.587278080389041 ], [ -74.176537428232109, 40.587243060467372 ], [ -74.176559665717761, 40.587220593282794 ], [ -74.176581727727964, 40.587192560250323 ], [ -74.176615901187517, 40.587169999087791 ], [ -74.17667211377605, 40.587156356202044 ], [ -74.176935455980981, 40.587175433981784 ], [ -74.177070471171646, 40.587191210432131 ], [ -74.177200037676741, 40.587190554213606 ], [ -74.177446273538976, 40.587155232090915 ], [ -74.177504360111257, 40.587146772024802 ], [ -74.177583877517094, 40.587135190941943 ], [ -74.177760718744892, 40.587137247235361 ], [ -74.17784236340124, 40.587133181130874 ], [ -74.177904681105815, 40.587130077798932 ], [ -74.177941335298911, 40.58714019251093 ], [ -74.177982461724582, 40.587197002474554 ], [ -74.178005648342037, 40.587209570323679 ], [ -74.178039880723105, 40.587208005365326 ], [ -74.178189528423488, 40.587163610754004 ], [ -74.178325762835726, 40.587102265431461 ], [ -74.178419505207501, 40.587065781892115 ], [ -74.178503031347617, 40.587057281828343 ], [ -74.17878283939416, 40.587057582666333 ], [ -74.178906700086316, 40.587057715051181 ], [ -74.179061439339975, 40.587034152320768 ], [ -74.179211798499438, 40.587033050743216 ], [ -74.179338623038362, 40.587045196414003 ], [ -74.179522044659862, 40.587063957143791 ], [ -74.179698786088764, 40.587075478716571 ], [ -74.179786012307076, 40.587063276167484 ], [ -74.179887140135151, 40.587060655016984 ], [ -74.179933613417361, 40.587082401143853 ], [ -74.179954370283866, 40.587121195739648 ], [ -74.179970541804607, 40.587163574395383 ], [ -74.179973870903083, 40.58721686142578 ], [ -74.179955624636108, 40.58728275177409 ], [ -74.179911262983651, 40.587344389218281 ], [ -74.179894133963472, 40.587358932547197 ], [ -74.179891373844754, 40.587360341551161 ], [ -74.179825335875634, 40.587384361913863 ], [ -74.179754818604493, 40.587410096698662 ], [ -74.179697765343136, 40.587443498172263 ], [ -74.179639606020643, 40.587481173459068 ], [ -74.17958592936921, 40.587519694478587 ], [ -74.179535615508073, 40.58755906482785 ], [ -74.179484189885216, 40.587600999789835 ], [ -74.179437243335457, 40.587642925979772 ], [ -74.179388069817037, 40.587689127655061 ], [ -74.179332156656443, 40.58772936125893 ], [ -74.17927736562919, 40.587769593083749 ], [ -74.179228185999108, 40.587814941012809 ], [ -74.179176773706061, 40.587861998016862 ], [ -74.179069029986834, 40.587943318086595 ], [ -74.179028321457508, 40.587965429766776 ], [ -74.178903691999693, 40.588060539288591 ], [ -74.178818340237399, 40.588119339785145 ], [ -74.178817806334038, 40.58811966355173 ], [ -74.178812904456933, 40.588123084583373 ], [ -74.178698791389451, 40.588201699381344 ], [ -74.178643869300146, 40.588255110285374 ], [ -74.178593630020075, 40.588325461787626 ], [ -74.17856551082663, 40.58838929058826 ], [ -74.178550237495671, 40.588398642870949 ], [ -74.178530761426984, 40.588402704790788 ], [ -74.17849652256217, 40.588402969630131 ], [ -74.17819405668908, 40.588305271692235 ], [ -74.17809667415807, 40.588281846853867 ], [ -74.177982071320258, 40.588266756816196 ], [ -74.177881686996088, 40.588263118308888 ], [ -74.177726355997322, 40.588294178136806 ], [ -74.177574356903961, 40.588360284780308 ], [ -74.177408737518363, 40.588422265291115 ], [ -74.177319280763811, 40.588456606163739 ], [ -74.177309435799501, 40.588469796933097 ], [ -74.177303313922948, 40.588489569331806 ], [ -74.177307683949707, 40.588507209317598 ], [ -74.177330260177285, 40.58852246630159 ], [ -74.177412770152671, 40.588553630465711 ], [ -74.177432989423167, 40.588571383691168 ], [ -74.177448310468407, 40.588597776126498 ], [ -74.177443237647836, 40.588642539158208 ], [ -74.177401833115638, 40.588698897673112 ], [ -74.177332546535268, 40.588736576321416 ], [ -74.177245440503384, 40.588783119280599 ], [ -74.177184787342782, 40.588803380084684 ], [ -74.177068697471825, 40.588813994210071 ], [ -74.176975519486447, 40.588836410437928 ], [ -74.176923109055693, 40.588843770042068 ], [ -74.176853188578733, 40.588838883358157 ], [ -74.176756676326065, 40.588849847121274 ], [ -74.176694373274287, 40.588868057892157 ], [ -74.176619570812889, 40.588910230121805 ], [ -74.176580782203274, 40.588930865863297 ], [ -74.176522093434116, 40.588932872282861 ], [ -74.176483203127873, 40.58894409492671 ], [ -74.176486034610363, 40.58895845307277 ], [ -74.176519416465212, 40.588979775762098 ], [ -74.176524074880717, 40.588994856031825 ], [ -74.17646415830184, 40.589102382571404 ], [ -74.176424117247947, 40.589162836898517 ], [ -74.176381758808674, 40.589208604486359 ], [ -74.176271317590704, 40.589278703303187 ], [ -74.176198321772247, 40.58934866990991 ], [ -74.17613109630804, 40.589430346152092 ], [ -74.175796072468373, 40.589647734457103 ], [ -74.175779980603124, 40.589668176672149 ], [ -74.17577620702032, 40.589702530344013 ], [ -74.175794699029709, 40.589758024880183 ], [ -74.175802202285141, 40.589806494062223 ], [ -74.175786219565211, 40.589849148516819 ], [ -74.175731865541579, 40.589886342292097 ], [ -74.175542149101972, 40.589968769092785 ], [ -74.175327355136645, 40.590040451902262 ], [ -74.175041334451649, 40.590119680167518 ], [ -74.175029706604079, 40.590130334900074 ], [ -74.175029214117188, 40.590144780966099 ], [ -74.175040966094585, 40.590169903976218 ], [ -74.175069368542282, 40.59021453936181 ], [ -74.175078387470293, 40.590247881126324 ], [ -74.175076225653925, 40.590274943440022 ], [ -74.175026717038335, 40.590324989003605 ], [ -74.174894547391517, 40.590412136813001 ], [ -74.174795716367896, 40.590435441408452 ], [ -74.174700824389404, 40.59044548336739 ], [ -74.174350290041431, 40.590431692735358 ], [ -74.174085307989273, 40.590405389207213 ], [ -74.173831903823228, 40.59036765858631 ], [ -74.173771555850706, 40.590335422033789 ], [ -74.173704270724798, 40.590313314923925 ], [ -74.173639216541901, 40.590287787904948 ], [ -74.173575278004535, 40.590259696180453 ], [ -74.173512458232622, 40.590230749965976 ], [ -74.17345075604058, 40.590201802032212 ], [ -74.173385705488926, 40.590177130305477 ], [ -74.173319533837443, 40.590152459313572 ], [ -74.17325223708248, 40.590125224486179 ], [ -74.173187189896495, 40.59010226177169 ], [ -74.1731165621987, 40.590086993527962 ], [ -74.173059376377182, 40.590070850315058 ], [ -74.173048165451306, 40.590068303457301 ], [ -74.172976410164694, 40.590050475683761 ], [ -74.17290578256501, 40.590035205469015 ], [ -74.172832920669535, 40.590023357834355 ], [ -74.172758958925613, 40.590018344137405 ], [ -74.172687243355995, 40.590016743604686 ], [ -74.172612171613324, 40.59001600083139 ], [ -74.172538226424251, 40.59001782197879 ], [ -74.172520202835273, 40.590020809406916 ], [ -74.172513399802696, 40.590019705407869 ] ] ], [ [ [ -74.169859332704149, 40.589879022702704 ], [ -74.169699488536963, 40.589844256242252 ], [ -74.169545153265062, 40.589808288248548 ], [ -74.16958192709842, 40.589808678750401 ], [ -74.169617285133896, 40.589811193245623 ], [ -74.169652527700947, 40.58981369945058 ], [ -74.16971979016472, 40.589828122024123 ], [ -74.169787073477309, 40.589850228788336 ], [ -74.169849880572158, 40.58987405301432 ], [ -74.169860216714909, 40.589879334376008 ], [ -74.169859332704149, 40.589879022702704 ] ] ], [ [ [ -74.169113229284363, 40.589890751685211 ], [ -74.16906063253856, 40.589898441196581 ], [ -74.168936660162174, 40.58991690324703 ], [ -74.168762165686232, 40.589943040614962 ], [ -74.168778844107806, 40.589921755550847 ], [ -74.168829190744248, 40.58989263964677 ], [ -74.168866151543085, 40.589886608550998 ], [ -74.168936742596699, 40.589887358514758 ], [ -74.169009579913165, 40.589889812589114 ], [ -74.169085767927285, 40.589889700546394 ], [ -74.16913980868739, 40.589879628717384 ], [ -74.169113229284363, 40.589890751685211 ] ] ], [ [ [ -74.168551331165929, 40.590128845593327 ], [ -74.16846389936336, 40.590126084914807 ], [ -74.168327573879068, 40.590056390385925 ], [ -74.168345565219212, 40.590055642538367 ], [ -74.168381454404624, 40.590070109996269 ], [ -74.168408390243385, 40.590087153541376 ], [ -74.168473428115746, 40.590107557829675 ], [ -74.168533974491069, 40.590124551997043 ], [ -74.168556992681232, 40.590121886411346 ], [ -74.168551331165929, 40.590128845593327 ] ] ], [ [ [ -74.173188596885652, 40.590215934090956 ], [ -74.173162720229229, 40.590207367611505 ], [ -74.173160683746673, 40.590204586913167 ], [ -74.173161684617114, 40.590204799830445 ], [ -74.173203948278584, 40.590220556371449 ], [ -74.173188596885652, 40.590215934090956 ] ] ] ] } },
{ "type": "Feature", "properties": { "Borough": "SI", "Block": 2600, "Lot": 250, "CD": 502, "BCT2020": "5022802", "BCTCB2020": "50228021001", "CT2010": "228", "CB2010": "1001", "SchoolDist": "31", "Council": 50, "ZipCode": 10314, "FireComp": "Q008", "PolicePrct": 121, "HealthCent": 51, "HealthArea": 800, "Sanitboro": "5", "SanitDistr": "02", "SanitSub": "4D", "Address": "RICHMOND AVENUE", "ZoneDist1": "PARK", "ZoneDist2": null, "ZoneDist3": null, "ZoneDist4": null, "Overlay1": null, "Overlay2": null, "SPDist1": null, "SPDist2": null, "SPDist3": null, "LtdHeight": null, "SplitZone": "N", "BldgClass": "Q0", "LandUse": "09", "Easements": 0, "OwnerType": "C", "OwnerName": "NYC DEPARTMENT OF SANITATION", "LotArea": 618552, "BldgArea": 0, "ComArea": 0, "ResArea": 0, "OfficeArea": 0, "RetailArea": 0, "GarageArea": 0, "StrgeArea": 0, "FactryArea": 0, "OtherArea": 0, "AreaSource": "7", "NumBldgs": 0, "NumFloors": 0.0, "UnitsRes": 0, "UnitsTotal": 0, "LotFront": 211.0, "LotDepth": 1336.42, "BldgFront": 0.0, "BldgDepth": 0.0, "Ext": null, "ProxCode": "0", "IrrLotCode": "Y", "LotType": "5", "BsmtCode": "5", "AssessLand": 6848550.0, "AssessTot": 6848550.0, "ExemptTot": 6848550.0, "YearBuilt": 0, "YearAlter1": 0, "YearAlter2": 0, "HistDist": null, "Landmark": null, "BuiltFAR": 0.0, "ResidFAR": 0.0, "CommFAR": 0.0, "FacilFAR": 0.0, "BoroCode": 5, "BBL": 5026000250.0, "CondoNo": 0, "Tract2010": "0228", "XCoord": 936067, "YCoord": 155104, "ZoneMap": "26c", "ZMCode": null, "Sanborn": "599 999", "TaxMap": "51101", "EDesigNum": null, "APPBBL": 0.0, "APPDate": null, "PLUTOMapID": "1", "FIRM07_FLA": "1", "PFIRM15_FL": "1", "Version": "25v4", "DCPEdited": "t", "Latitude": 40.5922698, "Longitude": -74.1734894, "Notes": null, "Shape_Leng": 0.0, "Shape_Area": 610051.07756100001 }, "geometry": { "type": "MultiPolygon", "coordinates": [ [ [ [ -74.172950941783341, 40.590761797855443 ], [ -74.173043415003534, 40.590745299776003 ], [ -74.173084252006788, 40.590750344263917 ], [ -74.173175772413074, 40.590791559413319 ], [ -74.173212226754956, 40.590796554656414 ], [ -74.17326054922556, 40.590793215671866 ], [ -74.173288497847977, 40.590806635495817 ], [ -74.173305037671469, 40.590821495351726 ], [ -74.173313328748037, 40.590838237066073 ], [ -74.173282722475207, 40.590977195587847 ], [ -74.173256521261393, 40.591024961181866 ], [ -74.173264504896949, 40.591120956862412 ], [ -74.173261096962833, 40.591201720239674 ], [ -74.173273691605388, 40.591237634040567 ], [ -74.173296615979694, 40.591269594217074 ], [ -74.173326202798904, 40.591291538633641 ], [ -74.17334175990473, 40.591272659959735 ], [ -74.173354007243972, 40.591242885465306 ], [ -74.173348243882756, 40.591205135117043 ], [ -74.173324088412258, 40.591162134523501 ], [ -74.173315137952983, 40.591131207758714 ], [ -74.173332939729519, 40.591098718762609 ], [ -74.17336372786616, 40.59107280834359 ], [ -74.173490576464772, 40.591040658208961 ], [ -74.173554496790672, 40.591025923650648 ], [ -74.173594406904897, 40.591009624279238 ], [ -74.173640802101914, 40.590982334892033 ], [ -74.173747045842944, 40.590939993701326 ], [ -74.173833382995397, 40.590917405893855 ], [ -74.17388969153285, 40.590927423740638 ], [ -74.174013628004886, 40.590966215443878 ], [ -74.174070753142729, 40.590975018952321 ], [ -74.174137124844961, 40.590983117712128 ], [ -74.174199219092216, 40.591001618575397 ], [ -74.174280976629262, 40.591032204340436 ], [ -74.174301032721985, 40.591031378809092 ], [ -74.174317127217094, 40.591022554427447 ], [ -74.174330601638701, 40.591005098017916 ], [ -74.174358012877704, 40.590994922896769 ], [ -74.174419417399761, 40.590988530504042 ], [ -74.174751348642133, 40.590997504436793 ], [ -74.174792084204881, 40.591304449717541 ], [ -74.174819552481878, 40.591356309697254 ], [ -74.174836927826206, 40.591386027670026 ], [ -74.174837106101791, 40.591453774795234 ], [ -74.174860459953635, 40.591547613695298 ], [ -74.174852673604164, 40.59162879707214 ], [ -74.174871444815039, 40.591684509260602 ], [ -74.174996366078091, 40.591843880549824 ], [ -74.175010280825532, 40.591857016118709 ], [ -74.175023236967263, 40.591887109070356 ], [ -74.175051186881348, 40.591918829838932 ], [ -74.175115681313116, 40.591968849435446 ], [ -74.175332397114033, 40.592041158205632 ], [ -74.175370086163639, 40.592067994918288 ], [ -74.175395771037273, 40.592101647967219 ], [ -74.175443315019763, 40.592147556243447 ], [ -74.17549342322576, 40.592195979395136 ], [ -74.175523526857859, 40.592255975066685 ], [ -74.175540638912267, 40.592340895458051 ], [ -74.175528565294229, 40.592404123633152 ], [ -74.175498739494643, 40.592461764945845 ], [ -74.17548459894229, 40.592525627499363 ], [ -74.175550827898007, 40.592691160944007 ], [ -74.175589001335481, 40.592738504465743 ], [ -74.175623724887757, 40.592771305363677 ], [ -74.175634432096516, 40.592790079298815 ], [ -74.173732655329516, 40.592806634627749 ], [ -74.173686917554917, 40.592781826713129 ], [ -74.173442322991704, 40.592701250537509 ], [ -74.17317830372285, 40.592694249849401 ], [ -74.173003482153334, 40.592725552387726 ], [ -74.172881866131533, 40.592799448740735 ], [ -74.172697936275199, 40.593046344857363 ], [ -74.172663374081736, 40.593122708201214 ], [ -74.172586134187526, 40.593407446907044 ], [ -74.172430983940345, 40.593698906871559 ], [ -74.172380325886394, 40.593913424949029 ], [ -74.172291555823051, 40.594100789853485 ], [ -74.172292438208231, 40.594284221944747 ], [ -74.172180990095299, 40.594370099994066 ], [ -74.171473378244002, 40.594117741721028 ], [ -74.172950941783341, 40.590761797855443 ] ] ] ] } },
{ "type": "Feature", "properties": { "Borough": "SI", "Block": 2610, "Lot": 27, "CD": 502, "BCT2020": "5029102", "BCTCB2020": "50291022000", "CT2010": "291.02", "CB2010": "2000", "SchoolDist": "31", "Council": 50, "ZipCode": 10314, "FireComp": "Q008", "PolicePrct": 121, "HealthCent": 51, "HealthArea": 100, "Sanitboro": "5", "SanitDistr": "02", "SanitSub": "4D", "Address": "3808 VICTORY BOULEVARD", "ZoneDist1": "M1-1", "ZoneDist2": "PARK", "ZoneDist3": "R3-2", "ZoneDist4": "R3A", "Overlay1": null, "Overlay2": null, "SPDist1": "NA-1", "SPDist2": null, "SPDist3": null, "LtdHeight": null, "SplitZone": "Y", "BldgClass": "Q9", "LandUse": "09", "Easements": 0, "OwnerType": "C", "OwnerName": "NYC DEPARTMENT OF PARKS AND RECREATION", "LotArea": 609840, "BldgArea": 15180, "ComArea": 9180, "ResArea": 6000, "OfficeArea": 500, "RetailArea": 0, "GarageArea": 680, "StrgeArea": 0, "FactryArea": 0, "OtherArea": 8000, "AreaSource": "2", "NumBldgs": 10, "NumFloors": 1.0, "UnitsRes": 0, "UnitsTotal": 1, "LotFront": 799.0, "LotDepth": 755.42, "BldgFront": 47.0, "BldgDepth": 38.0, "Ext": "G", "ProxCode": "0", "IrrLotCode": "Y", "LotType": "5", "BsmtCode": "0", "AssessLand": 2980350.0, "AssessTot": 3456900.0, "ExemptTot": 3456900.0, "YearBuilt": 1940, "YearAlter1": 0, "YearAlter2": 0, "HistDist": null, "Landmark": null, "BuiltFAR": 0.02, "ResidFAR": 0.0, "CommFAR": 1.0, "FacilFAR": 2.4, "BoroCode": 5, "BBL": 5026100027.0, "CondoNo": 0, "Tract2010": "029102", "XCoord": 933936, "YCoord": 156556, "ZoneMap": "26a", "ZMCode": null, "Sanborn": "502 266", "TaxMap": "51101", "EDesigNum": null, "APPBBL": 0.0, "APPDate": null, "PLUTOMapID": "1", "FIRM07_FLA": "1", "PFIRM15_FL": "1", "Version": "25v4", "DCPEdited": "t", "Latitude": 40.5962434, "Longitude": -74.1811732, "Notes": null, "Shape_Leng": 0.0, "Shape_Area": 654286.68534500001 }, "geometry": { "type": "MultiPolygon", "coordinates": [ [ [ [ -74.180326362944726, 40.597450106173262 ], [ -74.179075831182118, 40.596664189460618 ], [ -74.181466030360539, 40.594600923652543 ], [ -74.181635625177478, 40.594731353605191 ], [ -74.182022305174812, 40.595028739405748 ], [ -74.182085713920785, 40.595077505150385 ], [ -74.18212375785015, 40.595106764197915 ], [ -74.182161804118749, 40.595136023229188 ], [ -74.182199849211912, 40.595165282249717 ], [ -74.182237894448278, 40.595194541257399 ], [ -74.182275939609767, 40.59522380025134 ], [ -74.182313984910252, 40.595253058313681 ], [ -74.182390074303484, 40.595311577162782 ], [ -74.182650603261408, 40.595511937436129 ], [ -74.182804857548803, 40.595630566184667 ], [ -74.183055538061154, 40.59582335072357 ], [ -74.18334790192074, 40.596048189057022 ], [ -74.182982930345389, 40.596305560827886 ], [ -74.182692179078799, 40.596081960801044 ], [ -74.182559938412311, 40.596175213093794 ], [ -74.182427696174159, 40.596268466237596 ], [ -74.182295452470314, 40.596361720066056 ], [ -74.182586203626656, 40.596585321089158 ], [ -74.180872805704368, 40.597793515882429 ], [ -74.180326362944726, 40.597450106173262 ] ] ] ] } },
{ "type": "Feature", "properties": { "Borough": "SI", "Block": 2665, "Lot": 120, "CD": 502, "BCT2020": "5022802", "BCTCB2020": "50228021005", "CT2010": "228", "CB2010": "1008", "SchoolDist": "31", "Council": 50, "ZipCode": 10314, "FireComp": "Q008", "PolicePrct": 121, "HealthCent": 51, "HealthArea": 800, "Sanitboro": "5", "SanitDistr": "02", "SanitSub": "4D", "Address": "150 MELVIN AVENUE", "ZoneDist1": "PARK", "ZoneDist2": "M1-1", "ZoneDist3": "R3-2", "ZoneDist4": null, "Overlay1": null, "Overlay2": null, "SPDist1": null, "SPDist2": null, "SPDist3": null, "LtdHeight": null, "SplitZone": "Y", "BldgClass": "Q2", "LandUse": "09", "Easements": 0, "OwnerType": "C", "OwnerName": "NYC DEPARTMENT OF PARKS AND RECREATION", "LotArea": 342360, "BldgArea": 600, "ComArea": 600, "ResArea": 0, "OfficeArea": 600, "RetailArea": 0, "GarageArea": 0, "StrgeArea": 0, "FactryArea": 0, "OtherArea": 0, "AreaSource": "2", "NumBldgs": 2, "NumFloors": 1.0, "UnitsRes": 0, "UnitsTotal": 1, "LotFront": 320.0, "LotDepth": 800.0, "BldgFront": 20.0, "BldgDepth": 30.0, "Ext": "N", "ProxCode": "0", "IrrLotCode": "Y", "LotType": "5", "BsmtCode": "0", "AssessLand": 1086300.0, "AssessTot": 1287450.0, "ExemptTot": 1287450.0, "YearBuilt": 1973, "YearAlter1": 0, "YearAlter2": 0, "HistDist": null, "Landmark": null, "BuiltFAR": 0.0, "ResidFAR": 0.0, "CommFAR": 0.0, "FacilFAR": 0.0, "BoroCode": 5, "BBL": 5026650120.0, "CondoNo": 0, "Tract2010": "0228", "XCoord": 932528, "YCoord": 153872, "ZoneMap": "26a", "ZMCode": null, "Sanborn": "599 999", "TaxMap": "51101", "EDesigNum": null, "APPBBL": 0.0, "APPDate": null, "PLUTOMapID": "1", "FIRM07_FLA": "1", "PFIRM15_FL": "1", "Version": "25v4", "DCPEdited": "t", "Latitude": 40.5888683, "Longitude": -74.1862226, "Notes": null, "Shape_Leng": 0.0, "Shape_Area": 356867.61245199997 }, "geometry": { "type": "MultiPolygon", "coordinates": [ [ [ [ -74.186033054930462, 40.589224825169552 ], [ -74.184246163129671, 40.588190149521424 ], [ -74.184200051446041, 40.588039273583938 ], [ -74.184180887964956, 40.587956381155045 ], [ -74.18417567152251, 40.587907825002752 ], [ -74.184181754768261, 40.58788936712385 ], [ -74.184197981338528, 40.587873459404889 ], [ -74.184223120154627, 40.587859224108776 ], [ -74.184229545306422, 40.587857691079307 ], [ -74.184262710838496, 40.587853843930176 ], [ -74.184302301426484, 40.587855242029285 ], [ -74.184397982665544, 40.587880572587771 ], [ -74.18443484336234, 40.587883243838334 ], [ -74.184485485911921, 40.587880487977898 ], [ -74.184534938971808, 40.587871762631593 ], [ -74.184557846984887, 40.587865033145313 ], [ -74.184599827665281, 40.587846084397917 ], [ -74.184636851303026, 40.587814916233938 ], [ -74.184693333702015, 40.587750536962595 ], [ -74.184854323802043, 40.587535961901949 ], [ -74.186298609394342, 40.588134186565867 ], [ -74.18624603735212, 40.588311979808303 ], [ -74.186533646003667, 40.588472494178191 ], [ -74.186581523223026, 40.588499252131562 ], [ -74.186656962964946, 40.588541415666803 ], [ -74.186738206990029, 40.588586821494928 ], [ -74.186819452442293, 40.588632227263368 ], [ -74.1869006966933, 40.588677634817934 ], [ -74.186919604917037, 40.588688202368225 ], [ -74.186981941159416, 40.588723040473312 ], [ -74.187063184419372, 40.588768446158362 ], [ -74.187094730598631, 40.588786075681888 ], [ -74.186876981490173, 40.58900852044863 ], [ -74.186779458884473, 40.589108145663815 ], [ -74.188608272208896, 40.590134622942308 ], [ -74.188383349700246, 40.590585642991471 ], [ -74.186033054930462, 40.589224825169552 ] ] ] ] } },
{ "type": "Feature", "properties": { "Borough": "SI", "Block": 2685, "Lot": 1, "CD": 502, "BCT2020": "5022802", "BCTCB2020": "50228021005", "CT2010": "228", "CB2010": "1008", "SchoolDist": "31", "Council": 50, "ZipCode": 10314, "FireComp": "Q008", "PolicePrct": 121, "HealthCent": 51, "HealthArea": 800, "Sanitboro": "5", "SanitDistr": "02", "SanitSub": "4D", "Address": "WEST SHORE EXPWY", "ZoneDist1": "M1-1", "ZoneDist2": "PARK", "ZoneDist3": null, "ZoneDist4": null, "Overlay1": null, "Overlay2": null, "SPDist1": "NA-1", "SPDist2": null, "SPDist3": null, "LtdHeight": null, "SplitZone": "Y", "BldgClass": "Y6", "LandUse": "07", "Easements": 5, "OwnerType": "C", "OwnerName": "NYC DEPARTMENT OF SANITATION", "LotArea": 2750000, "BldgArea": 24175, "ComArea": 24175, "ResArea": 0, "OfficeArea": 20975, "RetailArea": 0, "GarageArea": 0, "StrgeArea": 0, "FactryArea": 0, "OtherArea": 3200, "AreaSource": "2", "NumBldgs": 13, "NumFloors": 1.0, "UnitsRes": 0, "UnitsTotal": 1, "LotFront": 1600.0, "LotDepth": 1400.0, "BldgFront": 160.0, "BldgDepth": 100.0, "Ext": "N", "ProxCode": "0", "IrrLotCode": "Y", "LotType": "5", "BsmtCode": "0", "AssessLand": 3997350.0, "AssessTot": 4733550.0, "ExemptTot": 4733550.0, "YearBuilt": 1955, "YearAlter1": 0, "YearAlter2": 0, "HistDist": null, "Landmark": null, "BuiltFAR": 0.01, "ResidFAR": 0.0, "CommFAR": 1.0, "FacilFAR": 2.4, "BoroCode": 5, "BBL": 5026850001.0, "CondoNo": 0, "Tract2010": "0228", "XCoord": 932528, "YCoord": 151280, "ZoneMap": "26b", "ZMCode": "Y", "Sanborn": "599 999", "TaxMap": "51101", "EDesigNum": null, "APPBBL": 0.0, "APPDate": null, "PLUTOMapID": "1", "FIRM07_FLA": "1", "PFIRM15_FL": "1", "Version": "25v4", "DCPEdited": "t", "Latitude": 40.5817538, "Longitude": -74.1862028, "Notes": null, "Shape_Leng": 0.0, "Shape_Area": 7209892.4045399996 }, "geometry": { "type": "MultiPolygon", "coordinates": [ [ [ [ -74.190395703675051, 40.585615509056822 ], [ -74.190069236948958, 40.585753111347621 ], [ -74.189987941585287, 40.585813591907709 ], [ -74.189910550995265, 40.585765850508345 ], [ -74.189774247954432, 40.585681762010765 ], [ -74.189651542296929, 40.58560606363055 ], [ -74.1893497615618, 40.585175052296947 ], [ -74.187109969169043, 40.585481327156195 ], [ -74.186953600332231, 40.585364543769089 ], [ -74.185989170176072, 40.58567785453161 ], [ -74.185554288973279, 40.586377295739581 ], [ -74.183206865574562, 40.584927574920336 ], [ -74.183219475836083, 40.58487623831973 ], [ -74.183221320489238, 40.584835970207877 ], [ -74.183212322401701, 40.584803681742194 ], [ -74.182673694303006, 40.58406849021042 ], [ -74.18250712466731, 40.58390299401762 ], [ -74.182346056109679, 40.583589126206469 ], [ -74.18234764205441, 40.583465479642804 ], [ -74.181840955543677, 40.582617640594165 ], [ -74.18188871457987, 40.58243458076619 ], [ -74.181706901788573, 40.582267503727337 ], [ -74.181284249538535, 40.582090190184005 ], [ -74.180737076708581, 40.581394832366925 ], [ -74.180580455548267, 40.581204048035552 ], [ -74.180183181671794, 40.580637105673702 ], [ -74.180015208006282, 40.579896941453555 ], [ -74.180103647866545, 40.579719960142896 ], [ -74.180328373383958, 40.579270249369451 ], [ -74.181354157578255, 40.578381552274706 ], [ -74.182023800288732, 40.577953345665335 ], [ -74.182643319052673, 40.57794553090973 ], [ -74.182666723496837, 40.577953294271985 ], [ -74.182739607770046, 40.577977949212638 ], [ -74.182809109918495, 40.577994922535296 ], [ -74.182857316602039, 40.578007656750991 ], [ -74.182881977943055, 40.578013597918641 ], [ -74.182954835570058, 40.57802885659855 ], [ -74.183028773097661, 40.578028738857526 ], [ -74.18310495465731, 40.578030325788973 ], [ -74.183181158477851, 40.578039600420588 ], [ -74.183258473602763, 40.578046309491462 ], [ -74.183331288091665, 40.578045340579742 ], [ -74.183407454382433, 40.578040947841906 ], [ -74.183482489368345, 40.578033141106069 ], [ -74.183554166604324, 40.578026194375724 ], [ -74.183669450070582, 40.577988425756942 ], [ -74.183751470401234, 40.577990984115097 ], [ -74.183844163672219, 40.577993875380884 ], [ -74.184575956617365, 40.578166469166717 ], [ -74.185162195815565, 40.578014533800946 ], [ -74.186322717928604, 40.578302029722181 ], [ -74.187904245720759, 40.578091947794988 ], [ -74.188381993574978, 40.577927187557378 ], [ -74.18839340066863, 40.57792611078245 ], [ -74.188465069950482, 40.577916598933562 ], [ -74.188514323871402, 40.577902849018528 ], [ -74.188553498768286, 40.577890829353933 ], [ -74.188629657417053, 40.577884723950056 ], [ -74.188710310105023, 40.577882029545378 ], [ -74.188789842059919, 40.577880189693872 ], [ -74.188867142004611, 40.577880917278215 ], [ -74.188944444253778, 40.577882498494112 ], [ -74.18902621544612, 40.577879801109681 ], [ -74.189083317446503, 40.57786860454042 ], [ -74.189151586750555, 40.577845427058982 ], [ -74.189232212799666, 40.577834191692332 ], [ -74.189291535834528, 40.577816156339495 ], [ -74.189356408691012, 40.577780174248069 ], [ -74.189414560034933, 40.577744204120762 ], [ -74.189480307891387, 40.577712824188914 ], [ -74.189482803591289, 40.57771163299229 ], [ -74.189548830949136, 40.577687607040858 ], [ -74.189623857551908, 40.577677231644337 ], [ -74.189702261033148, 40.577671978271681 ], [ -74.189768299178553, 40.577652222370688 ], [ -74.189832066437077, 40.57762136764233 ], [ -74.189855067097369, 40.577615845762232 ], [ -74.191629047596152, 40.585132697876944 ], [ -74.191646058873189, 40.58520477645515 ], [ -74.191669938217046, 40.585305946826765 ], [ -74.191766813560065, 40.58571637674774 ], [ -74.191806743428117, 40.585885548804924 ], [ -74.191876566974244, 40.586181370512463 ], [ -74.191869426534524, 40.58622666457218 ], [ -74.191856653236812, 40.586271233146974 ], [ -74.191842142427973, 40.586306767785359 ], [ -74.191824724264393, 40.586330614926013 ], [ -74.19153814025654, 40.586618287008768 ], [ -74.191474522983896, 40.586577596407551 ], [ -74.190228749950336, 40.585780781767184 ], [ -74.190395703675051, 40.585615509056822 ] ] ] ] } },
{ "type": "Feature", "properties": { "Borough": "SI", "Block": 2685, "Lot": 100, "CD": 502, "BCT2020": "5022802", "BCTCB2020": "50228021009", "CT2010": "228", "CB2010": "1011", "SchoolDist": "31", "Council": 50, "ZipCode": 10314, "FireComp": "Q008", "PolicePrct": 121, "HealthCent": 51, "HealthArea": 800, "Sanitboro": "5", "SanitDistr": "02", "SanitSub": "4D", "Address": "450 WILD AVENUE", "ZoneDist1": "M3-1", "ZoneDist2": "M2-1", "ZoneDist3": null, "ZoneDist4": null, "Overlay1": null, "Overlay2": null, "SPDist1": null, "SPDist2": null, "SPDist3": null, "LtdHeight": null, "SplitZone": "Y", "BldgClass": "Y6", "LandUse": "07", "Easements": 2, "OwnerType": "C", "OwnerName": "NYC DEPARTMENT OF SANITATION", "LotArea": 4051080, "BldgArea": 78722, "ComArea": 78722, "ResArea": 0, "OfficeArea": 0, "RetailArea": 0, "GarageArea": 73508, "StrgeArea": 5214, "FactryArea": 0, "OtherArea": 0, "AreaSource": "2", "NumBldgs": 11, "NumFloors": 2.0, "UnitsRes": 0, "UnitsTotal": 0, "LotFront": 2944.17, "LotDepth": 2937.92, "BldgFront": 285.0, "BldgDepth": 270.0, "Ext": null, "ProxCode": "1", "IrrLotCode": "Y", "LotType": "5", "BsmtCode": "0", "AssessLand": 42822000.0, "AssessTot": 52493400.0, "ExemptTot": 52493400.0, "YearBuilt": 2005, "YearAlter1": 0, "YearAlter2": 0, "HistDist": null, "Landmark": null, "BuiltFAR": 0.02, "ResidFAR": 0.0, "CommFAR": 2.0, "FacilFAR": 0.0, "BoroCode": 5, "BBL": 5026850100.0, "CondoNo": 0, "Tract2010": "0228", "XCoord": 929963, "YCoord": 151236, "ZoneMap": "26b", "ZMCode": "Y", "Sanborn": "599 999", "TaxMap": "51101", "EDesigNum": null, "APPBBL": 0.0, "APPDate": null, "PLUTOMapID": "1", "FIRM07_FLA": "1", "PFIRM15_FL": "1", "Version": "25v4", "DCPEdited": "t", "Latitude": 40.5816177, "Longitude": -74.1954366, "Notes": null, "Shape_Leng": 0.0, "Shape_Area": 4068219.9925299999 }, "geometry": { "type": "MultiPolygon", "coordinates": [ [ [ [ -74.193076053734131, 40.585257272886892 ], [ -74.193034726089891, 40.585094689139815 ], [ -74.192961141838509, 40.584805212307579 ], [ -74.192925543540483, 40.584665171748327 ], [ -74.192421719416473, 40.58268306968543 ], [ -74.192378100059045, 40.582511455432439 ], [ -74.191084299112319, 40.577420903284342 ], [ -74.191092889440299, 40.577418547632746 ], [ -74.191119753894313, 40.577410816084324 ], [ -74.191166796992988, 40.57740817576569 ], [ -74.191239641199147, 40.577418303493921 ], [ -74.191310271725655, 40.577436978097239 ], [ -74.191375327617223, 40.577465911799592 ], [ -74.191404481365396, 40.57747525932902 ], [ -74.191418486201187, 40.577475236000431 ], [ -74.19143249486099, 40.577477776487868 ], [ -74.191460532685753, 40.577488833235826 ], [ -74.191469501762953, 40.577491380359014 ], [ -74.191498651959606, 40.577499018654024 ], [ -74.191532270849677, 40.577503235662199 ], [ -74.191570369256851, 40.57750658690469 ], [ -74.191621901965064, 40.577507354668803 ], [ -74.191684633062735, 40.577506396355062 ], [ -74.19179216810582, 40.577503654938809 ], [ -74.191856007879224, 40.577498422561831 ], [ -74.191882893115405, 40.577498377670608 ], [ -74.191891859723384, 40.577499216384837 ], [ -74.191900825280541, 40.57750091246934 ], [ -74.191908672312564, 40.577502607659554 ], [ -74.191909162471902, 40.577502731162674 ], [ -74.191950506414017, 40.57752118815209 ], [ -74.191953539963094, 40.577523030509603 ], [ -74.191971501438744, 40.577535815022848 ], [ -74.191990597230571, 40.577553718006591 ], [ -74.192006324537829, 40.577569068231107 ], [ -74.192024311795464, 40.577591247858585 ], [ -74.192082776648633, 40.577664607025334 ], [ -74.192136741142136, 40.577731570108895 ], [ -74.19214740576075, 40.577739665991423 ], [ -74.192158062889149, 40.577744771300743 ], [ -74.192173760730412, 40.577749872697304 ], [ -74.192212997430346, 40.577759203157747 ], [ -74.192249991276071, 40.577768535517009 ], [ -74.192297027376071, 40.577779420226221 ], [ -74.192345277297207, 40.577790585829682 ], [ -74.192372185962142, 40.577798227654164 ], [ -74.19239849718079, 40.577809607659134 ], [ -74.192403344883161, 40.577823373162843 ], [ -74.19243391809195, 40.577839125312181 ], [ -74.192498967481626, 40.577865493646314 ], [ -74.192615617287927, 40.577914839837369 ], [ -74.192672819730205, 40.577939516527742 ], [ -74.192726668151636, 40.577965904433555 ], [ -74.192773790333376, 40.577990595301827 ], [ -74.192827653614785, 40.578022110699877 ], [ -74.192884890698664, 40.578058743538442 ], [ -74.192938767604218, 40.578094527384131 ], [ -74.193058874351948, 40.578177180551378 ], [ -74.19311499562734, 40.578214667917507 ], [ -74.193140368620277, 40.578231126696544 ], [ -74.194418530142755, 40.579297971082354 ], [ -74.19443534792174, 40.579304156292217 ], [ -74.195175392203666, 40.579576310794359 ], [ -74.195650769770637, 40.579606879370687 ], [ -74.195657581759875, 40.579607786299491 ], [ -74.195771901439912, 40.579624673718833 ], [ -74.195889577743728, 40.579640703371787 ], [ -74.196011737424115, 40.579656724422065 ], [ -74.196137252512585, 40.579671884923037 ], [ -74.196231380374641, 40.579680266625722 ], [ -74.196421870266718, 40.57969360855467 ], [ -74.196502552511689, 40.579701157489069 ], [ -74.196542895553364, 40.579705358775477 ], [ -74.196586605087177, 40.579712117191406 ], [ -74.196739044127199, 40.579739190968311 ], [ -74.196798447346708, 40.57974848625873 ], [ -74.196858962581302, 40.579755214870616 ], [ -74.19691386588417, 40.579758535639293 ], [ -74.197165949591465, 40.579764938428227 ], [ -74.197382172650464, 40.579767982913026 ], [ -74.197452753338183, 40.579768717187932 ], [ -74.197491967889292, 40.579769929413082 ], [ -74.197505422422765, 40.579773750644399 ], [ -74.197539070463762, 40.579787360095089 ], [ -74.197574964076566, 40.579801818526349 ], [ -74.197615346417763, 40.579819688495597 ], [ -74.197748847178147, 40.579882665951821 ], [ -74.197801569526121, 40.579906492275718 ], [ -74.197822882711733, 40.579914997150063 ], [ -74.197844189865677, 40.57992264825959 ], [ -74.197865495593746, 40.579929444759976 ], [ -74.197887918338054, 40.579934529280031 ], [ -74.197910335056022, 40.579938762795116 ], [ -74.197932751550937, 40.579942140778506 ], [ -74.197955165630177, 40.579944665074144 ], [ -74.197976452478642, 40.579945483010974 ], [ -74.198062719511483, 40.579947042653778 ], [ -74.19812209153649, 40.579946086537028 ], [ -74.198174735504267, 40.579942577415665 ], [ -74.198199371082111, 40.579939119173268 ], [ -74.198221766247855, 40.57993566395384 ], [ -74.198307968763416, 40.579915868447408 ], [ -74.198330367546291, 40.579913267808152 ], [ -74.198351649202181, 40.5799115227816 ], [ -74.198396386188634, 40.579886674721202 ], [ -74.19844743757308, 40.579852966217196 ], [ -74.198493663001344, 40.579822444098298 ], [ -74.198529506261536, 40.579820673047891 ], [ -74.198537341181591, 40.579818952053088 ], [ -74.198546301912984, 40.579818083804049 ], [ -74.198572053314052, 40.579812911660468 ], [ -74.198625325106107, 40.579800932637738 ], [ -74.198639249749789, 40.579805962343265 ], [ -74.198654963892565, 40.579816185874584 ], [ -74.198662254141652, 40.579819163939092 ], [ -74.198703169837941, 40.579827206077304 ], [ -74.198742397314405, 40.579833118656317 ], [ -74.198784979880614, 40.579837314362699 ], [ -74.198830924934768, 40.57984150699712 ], [ -74.198874624503304, 40.579843993361195 ], [ -74.198923921017453, 40.579845617254108 ], [ -74.199100933364321, 40.579847873606326 ], [ -74.199212965723675, 40.579849387741724 ], [ -74.199330597193651, 40.579849183760651 ], [ -74.199402363721887, 40.579848082080431 ], [ -74.199478452947957, 40.579852973430548 ], [ -74.200433234542757, 40.580010038119227 ], [ -74.20017769281182, 40.580117418482459 ], [ -74.199926085076683, 40.580339597875614 ], [ -74.199841885963821, 40.580703070203818 ], [ -74.199944951786918, 40.581164240115967 ], [ -74.199961257048273, 40.581442013633371 ], [ -74.199973337249503, 40.581656056971312 ], [ -74.19989217208105, 40.581923048688722 ], [ -74.199815988950093, 40.582173657424342 ], [ -74.199805802583811, 40.582207160370515 ], [ -74.2004167421604, 40.583249215117029 ], [ -74.199817579565632, 40.583644104870977 ], [ -74.19928867452262, 40.583386170283468 ], [ -74.198655092682486, 40.583562863710945 ], [ -74.197566828520095, 40.583671844728542 ], [ -74.197292078937494, 40.583846874870041 ], [ -74.196926036851679, 40.583906396296449 ], [ -74.196444812988659, 40.584161021672713 ], [ -74.196297100901305, 40.584239179554231 ], [ -74.194427955601881, 40.585228139268075 ], [ -74.19402086679284, 40.58535817252892 ], [ -74.193099806620168, 40.585350715737718 ], [ -74.193076053734131, 40.585257272886892 ] ] ] ] } },
{ "type": "Feature", "properties": { "Borough": "SI", "Block": 5804, "Lot": 1, "CD": 502, "BCT2020": "5022802", "BCTCB2020": "50228021018", "CT2010": "228", "CB2010": "1020", "SchoolDist": "31", "Council": 51, "ZipCode": 10314, "FireComp": "L087", "PolicePrct": 123, "HealthCent": 51, "HealthArea": 800, "Sanitboro": "5", "SanitDistr": "02", "SanitSub": "4D", "Address": "ARDEN AVENUE", "ZoneDist1": "PARK", "ZoneDist2": "M1-1", "ZoneDist3": null, "ZoneDist4": null, "Overlay1": null, "Overlay2": null, "SPDist1": "NA-1", "SPDist2": "SRD", "SPDist3": null, "LtdHeight": null, "SplitZone": "Y", "BldgClass": "Q0", "LandUse": "09", "Easements": 0, "OwnerType": "C", "OwnerName": "NYC DEPARTMENT OF PARKS AND RECREATION", "LotArea": 6359760, "BldgArea": 0, "ComArea": 0, "ResArea": 0, "OfficeArea": 0, "RetailArea": 0, "GarageArea": 0, "StrgeArea": 0, "FactryArea": 0, "OtherArea": 0, "AreaSource": "7", "NumBldgs": 0, "NumFloors": 0.0, "UnitsRes": 0, "UnitsTotal": 0, "LotFront": 8000.0, "LotDepth": 1184.0, "BldgFront": 0.0, "BldgDepth": 0.0, "Ext": null, "ProxCode": "0", "IrrLotCode": "Y", "LotType": "5", "BsmtCode": "5", "AssessLand": 92205000.0, "AssessTot": 92205000.0, "ExemptTot": 92205000.0, "YearBuilt": 0, "YearAlter1": 0, "YearAlter2": 0, "HistDist": null, "Landmark": null, "BuiltFAR": 0.0, "ResidFAR": 0.0, "CommFAR": 0.0, "FacilFAR": 0.0, "BoroCode": 5, "BBL": 5058040001.0, "CondoNo": 0, "Tract2010": "0228", "XCoord": 935062, "YCoord": 145719, "ZoneMap": "26d", "ZMCode": "Y", "Sanborn": "599 999", "TaxMap": "52501", "EDesigNum": null, "APPBBL": 0.0, "APPDate": null, "PLUTOMapID": "1", "FIRM07_FLA": "1", "PFIRM15_FL": "1", "Version": "25v4", "DCPEdited": "t", "Latitude": 40.5665044, "Longitude": -74.1770398, "Notes": null, "Shape_Leng": 0.0, "Shape_Area": 5868927.7573699998 }, "geometry": { "type": "MultiPolygon", "coordinates": [ [ [ [ -74.170101603025387, 40.565076570564521 ], [ -74.170103701406191, 40.564571125644306 ], [ -74.170103971827615, 40.564506087340483 ], [ -74.170105406325675, 40.564160398818757 ], [ -74.170080924071968, 40.564182968031268 ], [ -74.170098964661094, 40.563317528827135 ], [ -74.170063320411117, 40.563147232355632 ], [ -74.170043553233583, 40.563063776466464 ], [ -74.170036293712798, 40.563038683143908 ], [ -74.169996029300222, 40.56289951034946 ], [ -74.170009668741827, 40.562467742940775 ], [ -74.170014966027068, 40.562300038848527 ], [ -74.170025537554281, 40.561965393353994 ], [ -74.170018209821095, 40.561257569467749 ], [ -74.170021815751824, 40.561254751828727 ], [ -74.170026644658279, 40.561251316374758 ], [ -74.1700400973087, 40.561243532115157 ], [ -74.170054406002706, 40.561237074806407 ], [ -74.170070690036965, 40.561231580031894 ], [ -74.170088872718736, 40.561227429570778 ], [ -74.170102072495283, 40.561225597316167 ], [ -74.170111418791592, 40.561224868415565 ], [ -74.170772822216321, 40.561330531087826 ], [ -74.17115310524467, 40.561386406555236 ], [ -74.171160782428345, 40.561372520674254 ], [ -74.171252659077467, 40.561403487130598 ], [ -74.171505052128978, 40.561488551750081 ], [ -74.171496909265656, 40.561502280729627 ], [ -74.171884174439867, 40.561686831498847 ], [ -74.171968479254531, 40.561727806336705 ], [ -74.17221155582628, 40.56184594980104 ], [ -74.173290363112883, 40.562360035357699 ], [ -74.173327106121675, 40.562312835482494 ], [ -74.173552614344374, 40.562399845344409 ], [ -74.174575290679101, 40.562796259598258 ], [ -74.17476971654898, 40.562874644906216 ], [ -74.175122561323164, 40.563014264741874 ], [ -74.175213210964131, 40.563054888948791 ], [ -74.175211833765189, 40.563059697188159 ], [ -74.174938741735957, 40.5640122928097 ], [ -74.174987836044707, 40.564020324557035 ], [ -74.175271376412425, 40.563069982210912 ], [ -74.175271722872026, 40.563068820033223 ], [ -74.175341396128019, 40.563076224050796 ], [ -74.175994233854652, 40.563145602840805 ], [ -74.176170953683084, 40.563195633630045 ], [ -74.177058972763248, 40.563533096435734 ], [ -74.177222623181024, 40.563634470456414 ], [ -74.177912327457051, 40.564028642401112 ], [ -74.17813251957854, 40.564137824326103 ], [ -74.178941233223597, 40.564415058358961 ], [ -74.179270449754398, 40.564528560045083 ], [ -74.180171506612766, 40.564858960659691 ], [ -74.181622259369647, 40.565362441413477 ], [ -74.181640381230181, 40.565451038218939 ], [ -74.182234711636255, 40.568356423608421 ], [ -74.182873511800736, 40.571361430207013 ], [ -74.182683649077077, 40.571510545251307 ], [ -74.182536331136035, 40.571949123827459 ], [ -74.182211324849163, 40.57193962578021 ], [ -74.181887631701429, 40.572142497136802 ], [ -74.18188214884961, 40.572119141592793 ], [ -74.181829770950969, 40.572129092521209 ], [ -74.181807894582306, 40.572132886829273 ], [ -74.181798340266695, 40.572133606131295 ], [ -74.181790942138747, 40.572133382830266 ], [ -74.181781382151357, 40.572132458681409 ], [ -74.181773982110329, 40.572131531115872 ], [ -74.181677714829803, 40.572098722279108 ], [ -74.181607184896677, 40.572079675083714 ], [ -74.181596330294283, 40.572075560589504 ], [ -74.181582503164989, 40.572065816234108 ], [ -74.181555842455865, 40.572048578132694 ], [ -74.181533142861923, 40.572038847792449 ], [ -74.18150056060351, 40.57201936501081 ], [ -74.181486735646729, 40.572010371675283 ], [ -74.181431966093811, 40.571987544305287 ], [ -74.181410527713027, 40.571972555544647 ], [ -74.181389995527311, 40.571956372160749 ], [ -74.181386031912226, 40.571947969292211 ], [ -74.18138443210718, 40.571938962919653 ], [ -74.181385976555759, 40.571927549057754 ], [ -74.181390679490633, 40.571918532734912 ], [ -74.181432343358239, 40.571880627683015 ], [ -74.181477918781866, 40.571831906462414 ], [ -74.181517955982272, 40.571775986234016 ], [ -74.181529738094213, 40.57176155289509 ], [ -74.181549353879163, 40.571730289762129 ], [ -74.181554840729618, 40.571719470279149 ], [ -74.181560303133111, 40.571699641934821 ], [ -74.181564178570738, 40.571669885996073 ], [ -74.181562529855142, 40.571642861067176 ], [ -74.181558504308754, 40.571611635372847 ], [ -74.181546487146633, 40.571538980883602 ], [ -74.181521817530395, 40.57145072943495 ], [ -74.181492372166858, 40.571363333857803 ], [ -74.181452804659401, 40.571267944953618 ], [ -74.181443885575348, 40.571286904317425 ], [ -74.181442336239485, 40.571293876818906 ], [ -74.181442116818147, 40.571309213176193 ], [ -74.181444503319057, 40.57134178775393 ], [ -74.181443271007666, 40.57134943156089 ], [ -74.181435806617316, 40.57137045993084 ], [ -74.181434166660253, 40.571381925312487 ], [ -74.181434194291953, 40.571392115644734 ], [ -74.18143759802301, 40.571414401025592 ], [ -74.181441064562748, 40.571442449703909 ], [ -74.181465320440708, 40.571519291152867 ], [ -74.181481489497372, 40.571569161172413 ], [ -74.181484871698046, 40.571584429680215 ], [ -74.181484920313807, 40.57160275803912 ], [ -74.181488351136167, 40.571636355825746 ], [ -74.181488407005531, 40.571659987344972 ], [ -74.181487093450642, 40.571668136515989 ], [ -74.181471149551228, 40.5717012551533 ], [ -74.181463862281063, 40.571723159437454 ], [ -74.181453933210776, 40.571757287074092 ], [ -74.181450021796806, 40.571792932540347 ], [ -74.181444070339026, 40.571815344299395 ], [ -74.181440716769472, 40.571822449409638 ], [ -74.18143612329537, 40.571829991353184 ], [ -74.181430868570743, 40.571836278991917 ], [ -74.181425278400511, 40.571840808498472 ], [ -74.181414422870986, 40.571848109092805 ], [ -74.181370179718073, 40.571869897865973 ], [ -74.181361766503315, 40.571875933895363 ], [ -74.181340230871726, 40.57190086563552 ], [ -74.18132709911626, 40.571914941839957 ], [ -74.181319208049061, 40.571919772977139 ], [ -74.181304470800072, 40.571925818982216 ], [ -74.181290253765042, 40.571929053620806 ], [ -74.18128182639694, 40.571929871077955 ], [ -74.181268126307927, 40.571929491031874 ], [ -74.181254949693354, 40.57192790525702 ], [ -74.181230496731501, 40.571920445199254 ], [ -74.181109937452035, 40.571886606171574 ], [ -74.181058510315808, 40.571872561554635 ], [ -74.181019732115999, 40.57186234937263 ], [ -74.18099613006504, 40.571857250876199 ], [ -74.180941355815875, 40.571850916420253 ], [ -74.180913537838762, 40.571844540333792 ], [ -74.180847686890118, 40.571827099063803 ], [ -74.180739766297762, 40.571794522962563 ], [ -74.180678206806007, 40.571770864776383 ], [ -74.180565203217284, 40.571726741016967 ], [ -74.180394024050344, 40.571664729439142 ], [ -74.180333863373505, 40.571647317593168 ], [ -74.180272325437841, 40.57163200436397 ], [ -74.180218364096064, 40.571614753819375 ], [ -74.180130669417935, 40.571584072575988 ], [ -74.180062386169382, 40.571551232064536 ], [ -74.179973365779887, 40.571506201973271 ], [ -74.179899177841378, 40.571466281592663 ], [ -74.179857359926544, 40.571442736121504 ], [ -74.179827693498765, 40.571430463401562 ], [ -74.179775105117955, 40.571408987071827 ], [ -74.179737338277945, 40.571389541603317 ], [ -74.179673932139892, 40.571351657444673 ], [ -74.179561950607649, 40.571283051078716 ], [ -74.179485188189204, 40.571241617159565 ], [ -74.17936770641127, 40.571176188147696 ], [ -74.179300443095656, 40.571140241479227 ], [ -74.179257820654598, 40.571120841245531 ], [ -74.179166885573892, 40.571076999511767 ], [ -74.179064366704083, 40.571035752217561 ], [ -74.179035985989245, 40.571024991908345 ], [ -74.179021786112784, 40.57101648334892 ], [ -74.179002350765444, 40.571003433484364 ], [ -74.178980684806035, 40.57099266269978 ], [ -74.178938855940444, 40.570976236469782 ], [ -74.178904910389775, 40.570956522746485 ], [ -74.178871457967588, 40.570938389626143 ], [ -74.178767495925214, 40.570873993513935 ], [ -74.178718485866384, 40.570837699265446 ], [ -74.178601372683133, 40.570763322161405 ], [ -74.178490241554442, 40.570695298813533 ], [ -74.178418532338284, 40.570646310766556 ], [ -74.178345608857143, 40.57059005006014 ], [ -74.178295392019834, 40.570548301231355 ], [ -74.178230844327999, 40.570501120098712 ], [ -74.178203340277136, 40.570476612546116 ], [ -74.178178232487269, 40.570455738562458 ], [ -74.178126506902629, 40.570415441780298 ], [ -74.178101408948336, 40.57039820413754 ], [ -74.178076316950083, 40.570383694949854 ], [ -74.178047645735944, 40.570369190468462 ], [ -74.178022547711748, 40.570351953643666 ], [ -74.17799983031847, 40.570332894982485 ], [ -74.17792924572413, 40.57025844426073 ], [ -74.177905321210829, 40.570233931093206 ], [ -74.177867058749243, 40.570201256211931 ], [ -74.177779729314693, 40.570110465095674 ], [ -74.177652510666874, 40.569986181083863 ], [ -74.177607057042096, 40.569940788218496 ], [ -74.177541271919594, 40.56987633197442 ], [ -74.177504190446726, 40.569839110119752 ], [ -74.177491009092421, 40.569817307985709 ], [ -74.177417955903692, 40.569711036129675 ], [ -74.177383226170775, 40.569660171261241 ], [ -74.177371220788558, 40.569632002369637 ], [ -74.177335261119197, 40.569567499957316 ], [ -74.177271516171984, 40.569438906652259 ], [ -74.177200758869176, 40.569298989170761 ], [ -74.177167181350981, 40.569232664048911 ], [ -74.177118027752158, 40.569141813550694 ], [ -74.176964845125681, 40.568904908275343 ], [ -74.176901627110979, 40.568801784450201 ], [ -74.176869039611944, 40.568740774358055 ], [ -74.176847924209966, 40.568689924340042 ], [ -74.176842094116964, 40.568649226776586 ], [ -74.17684578276959, 40.568601243740702 ], [ -74.17683993720901, 40.568554731434524 ], [ -74.176832173068746, 40.56850386002472 ], [ -74.176808844203393, 40.568453685211928 ], [ -74.1767820117133, 40.568405750903047 ], [ -74.176747505827052, 40.568340381584314 ], [ -74.17672453613018, 40.568309886285114 ], [ -74.176690131368758, 40.568282317329967 ], [ -74.176598449779291, 40.568234481774354 ], [ -74.176571696665007, 40.568215624468039 ], [ -74.176562112626996, 40.56819819322763 ], [ -74.176554421616146, 40.568174943558404 ], [ -74.176542743695379, 40.568086279363456 ], [ -74.176533091850814, 40.568042678891608 ], [ -74.17652540854273, 40.568022337888586 ], [ -74.176485172877491, 40.567954070371506 ], [ -74.176412113815289, 40.567813771419843 ], [ -74.176357337100484, 40.567689936662561 ], [ -74.17633161792682, 40.567634937699381 ], [ -74.176316516294463, 40.56761317351399 ], [ -74.17630291715956, 40.567590261519179 ], [ -74.176289286621625, 40.567555883180823 ], [ -74.176277157592736, 40.567520355277466 ], [ -74.176249919038582, 40.567459624092862 ], [ -74.176213669084603, 40.56740464033809 ], [ -74.17618700254279, 40.567372786323048 ], [ -74.176177440973348, 40.567353472115471 ], [ -74.176168920461109, 40.567327713829606 ], [ -74.176167835073983, 40.567316440940104 ], [ -74.176168861095022, 40.567305163808975 ], [ -74.176174129496076, 40.567299518410408 ], [ -74.176183626238469, 40.567294672528959 ], [ -74.176195237711653, 40.56729062756235 ], [ -74.176199449197881, 40.567284983784909 ], [ -74.17620154170541, 40.567276927179662 ], [ -74.176199393147428, 40.567263238003179 ], [ -74.176188767406742, 40.567240705024339 ], [ -74.176165449977603, 40.567213358431751 ], [ -74.176127330498304, 40.567182009211507 ], [ -74.176077581434754, 40.567148260722114 ], [ -74.176029797951244, 40.567121445122254 ], [ -74.175979010334572, 40.567094141500384 ], [ -74.175954674250519, 40.56708129314277 ], [ -74.175931380370372, 40.567062804943006 ], [ -74.175894327370585, 40.567035480250865 ], [ -74.175853045968623, 40.567007355097445 ], [ -74.175841394315356, 40.566996098378368 ], [ -74.175835022559284, 40.566984028412733 ], [ -74.175791534315309, 40.566920471789167 ], [ -74.175657634297536, 40.566772635284053 ], [ -74.175627982690642, 40.566746909349604 ], [ -74.175608932110336, 40.56673485783373 ], [ -74.175586712145758, 40.56672281124267 ], [ -74.175558150996963, 40.566710775258095 ], [ -74.175525378651315, 40.56670357693605 ], [ -74.175424965349606, 40.56669003959734 ], [ -74.175368948780743, 40.566683681885706 ], [ -74.175341463773194, 40.566678086520866 ], [ -74.175272729285794, 40.566657252294355 ], [ -74.175114913328642, 40.566597645708597 ], [ -74.175081057698719, 40.566580786356923 ], [ -74.175035571705379, 40.566560721635497 ], [ -74.175019690668293, 40.566548665276599 ], [ -74.174986875135588, 40.566525360074976 ], [ -74.174965701722584, 40.566509284611215 ], [ -74.174932897852173, 40.566490006533805 ], [ -74.174888434089382, 40.566457054562463 ], [ -74.174862740598002, 40.566430257971057 ], [ -74.17485319969316, 40.566418191854673 ], [ -74.174846823961317, 40.566404510844322 ], [ -74.174843604085282, 40.566385187709571 ], [ -74.174846724169015, 40.566365855846882 ], [ -74.174854059684478, 40.566343293733233 ], [ -74.174859260668157, 40.566311876307729 ], [ -74.17486238074153, 40.566292543524384 ], [ -74.174868682920376, 40.56627803813511 ], [ -74.17486970704104, 40.566265956021255 ], [ -74.174868621887597, 40.566254682114824 ], [ -74.174861199793895, 40.566245028935249 ], [ -74.174850613642647, 40.566236992572186 ], [ -74.174824164515286, 40.566224146270194 ], [ -74.174745899310992, 40.566194466836045 ], [ -74.17470148408637, 40.566180038676109 ], [ -74.174663424739038, 40.566171237987845 ], [ -74.174612679221028, 40.566160039656204 ], [ -74.17459469838235, 40.566152818669423 ], [ -74.174580943020928, 40.566144786092963 ], [ -74.174574578772791, 40.566135938207992 ], [ -74.174573494564925, 40.566125469377802 ], [ -74.174577697709196, 40.566116603677543 ], [ -74.174590348267643, 40.566105309814041 ], [ -74.174640850020936, 40.566071084110128 ], [ -74.174675655863254, 40.566047675999066 ], [ -74.174712553122177, 40.566016211300393 ], [ -74.17474836432217, 40.565972667686545 ], [ -74.174876920106655, 40.565839588378964 ], [ -74.174947680052455, 40.565775517037494 ], [ -74.17502465205483, 40.565714998687177 ], [ -74.175055219914626, 40.565686764760564 ], [ -74.175085790752917, 40.565660140899737 ], [ -74.175112121494351, 40.565628692090826 ], [ -74.175160561396282, 40.56556580013757 ], [ -74.175179528245536, 40.565546443180331 ], [ -74.175238578207896, 40.565501253809501 ], [ -74.175320044733638, 40.565434743549652 ], [ -74.175367495966654, 40.565398429371164 ], [ -74.175391760464052, 40.565384701609943 ], [ -74.175418140714427, 40.565371775693329 ], [ -74.175445586170824, 40.565362069302331 ], [ -74.175481483131676, 40.565351545834389 ], [ -74.175519503193939, 40.565345044430309 ], [ -74.17558288249063, 40.565339310255517 ], [ -74.175643103929517, 40.565338413197615 ], [ -74.175750235334988, 40.565347887639263 ], [ -74.175793568875093, 40.565353458655302 ], [ -74.17583796776978, 40.565362250101664 ], [ -74.175895070996233, 40.565379879636737 ], [ -74.175971201834727, 40.565402313158003 ], [ -74.176003973886097, 40.565408706271988 ], [ -74.176068444789649, 40.565416660875762 ], [ -74.176095921157597, 40.565418229841441 ], [ -74.176126572006396, 40.565422209090187 ], [ -74.176145607355124, 40.565428622303706 ], [ -74.176208038058022, 40.565463962311462 ], [ -74.176262416720164, 40.565492158100149 ], [ -74.176292044675691, 40.565509024596359 ], [ -74.176330151647093, 40.565535543383845 ], [ -74.176351329431128, 40.565553228751945 ], [ -74.176369314432108, 40.565562059618912 ], [ -74.176412667273098, 40.565574879608825 ], [ -74.17650993829632, 40.565599695547917 ], [ -74.176567025824511, 40.565611688374723 ], [ -74.176604018799537, 40.565616463750217 ], [ -74.176636785557349, 40.56562124561087 ], [ -74.1766600452208, 40.565626847164594 ], [ -74.176686480604488, 40.565634858985916 ], [ -74.176728760858268, 40.565641237269041 ], [ -74.176825998967786, 40.565653973272696 ], [ -74.17689282191715, 40.565663913111266 ], [ -74.177055385582563, 40.565686530622173 ], [ -74.177114560487368, 40.565688979803227 ], [ -74.17715956386732, 40.565689546157763 ], [ -74.177182888794462, 40.565686334036592 ], [ -74.177212030283371, 40.565676760642013 ], [ -74.177270310974663, 40.565656344846836 ], [ -74.17731191680808, 40.565632777776223 ], [ -74.17738946622309, 40.565590028028481 ], [ -74.177397784263718, 40.565584297715652 ], [ -74.177400275659664, 40.565581117720235 ], [ -74.177397765741048, 40.565577310536277 ], [ -74.177390264976239, 40.56557732211899 ], [ -74.177346964410759, 40.565590093650485 ], [ -74.177235387178385, 40.565624566892872 ], [ -74.177193747682722, 40.565635429395492 ], [ -74.177162926574354, 40.56563992373971 ], [ -74.177128765862705, 40.565642516816872 ], [ -74.177096264497635, 40.565642567762296 ], [ -74.177036252157691, 40.565638213454335 ], [ -74.176957055599658, 40.56562753637197 ], [ -74.176917039673953, 40.56562188145768 ], [ -74.176887853412239, 40.565614939194489 ], [ -74.176773288914092, 40.565580778441834 ], [ -74.176708233770242, 40.565560551818784 ], [ -74.176657366562367, 40.565547926297683 ], [ -74.176623182297291, 40.565541626564972 ], [ -74.176563998690355, 40.565535366084703 ], [ -74.176482313034299, 40.565529138388946 ], [ -74.176468136530019, 40.565525349107261 ], [ -74.176453951652618, 40.565518383772421 ], [ -74.17644643258501, 40.565511409033988 ], [ -74.176396273519302, 40.565451140758768 ], [ -74.176345078571998, 40.565371041784402 ], [ -74.176280676054517, 40.565282847494949 ], [ -74.176253926867872, 40.56525112873156 ], [ -74.176233036612018, 40.565229563409623 ], [ -74.176216339680607, 40.565218790755637 ], [ -74.176201315666901, 40.565209285356914 ], [ -74.176192125470465, 40.565200406756858 ], [ -74.176182936949516, 40.565192162981582 ], [ -74.176165158295149, 40.565180490604064 ], [ -74.176093418472192, 40.565153286676647 ], [ -74.175992472602005, 40.565111518209989 ], [ -74.175979951890781, 40.565103278602017 ], [ -74.175969919645169, 40.56509122512746 ], [ -74.175963221052825, 40.565079166544358 ], [ -74.175960684513527, 40.565065196934007 ], [ -74.175958115664017, 40.565038521777005 ], [ -74.175961377845297, 40.565011838692172 ], [ -74.17597202317036, 40.564971479599095 ], [ -74.175979463619996, 40.564948600252826 ], [ -74.175987754403195, 40.564932072735822 ], [ -74.175992712796813, 40.564916820147268 ], [ -74.175993507541762, 40.564901574773749 ], [ -74.175990956429885, 40.56488252262988 ], [ -74.175984254403289, 40.564869193393093 ], [ -74.175976738326995, 40.564862851607096 ], [ -74.175965059651134, 40.564857788780934 ], [ -74.175945054267487, 40.564856548763309 ], [ -74.175921402636348, 40.56485845893409 ], [ -74.175898915938021, 40.564864209080007 ], [ -74.175803151167941, 40.564890399857035 ], [ -74.175707356298929, 40.564905155663929 ], [ -74.175676533124147, 40.564909649613384 ], [ -74.175614041637871, 40.564912920391308 ], [ -74.175553216310362, 40.564916190429209 ], [ -74.175495719505179, 40.564917548021683 ], [ -74.17545489547885, 40.564921421441362 ], [ -74.175434060535991, 40.564920818349897 ], [ -74.175419885884423, 40.564917663848107 ], [ -74.175409873748066, 40.564913232328649 ], [ -74.175398177250912, 40.564901818012466 ], [ -74.175387293306571, 40.564882777658312 ], [ -74.175382210492089, 40.564851025610849 ], [ -74.175377851897252, 40.564777983201644 ], [ -74.175381128711749, 40.564756381747046 ], [ -74.17538275657968, 40.564741769097687 ], [ -74.175386057903424, 40.564729060302795 ], [ -74.175386030170458, 40.564718896989099 ], [ -74.175381837596774, 40.564708740954146 ], [ -74.17537180884807, 40.5646979580807 ], [ -74.175348135945455, 40.564681812628955 ], [ -74.1753314437168, 40.564672309579279 ], [ -74.175292235506788, 40.564656490431581 ], [ -74.175274712535966, 40.564647623553149 ], [ -74.175268027767331, 40.564641281456375 ], [ -74.175250480951988, 40.564622887922866 ], [ -74.175229600100778, 40.564605134300542 ], [ -74.175216244183588, 40.564596261976831 ], [ -74.175182037261948, 40.564581069154798 ], [ -74.175173686009856, 40.564574094682079 ], [ -74.175167822789604, 40.564562669606737 ], [ -74.175162758847634, 40.564538539556338 ], [ -74.175157722715838, 40.564524572903167 ], [ -74.175151022555156, 40.564511879363167 ], [ -74.175151002603656, 40.564504256437395 ], [ -74.17515264547994, 40.564495361153874 ], [ -74.175157603011428, 40.564478838862591 ], [ -74.175171463025265, 40.56441325566859 ], [ -74.174840286980171, 40.564358578602622 ], [ -74.174876715846864, 40.564219205165301 ], [ -74.174692626330355, 40.564184658237281 ], [ -74.174704288221406, 40.564144041122404 ], [ -74.174704706489933, 40.564134198643949 ], [ -74.174702466582801, 40.564128770956778 ], [ -74.174698449447448, 40.564124705817342 ], [ -74.174693098256043, 40.56412165936861 ], [ -74.174683746303302, 40.564120315586734 ], [ -74.174667273687618, 40.564120680136128 ], [ -74.174654813458105, 40.56412375366822 ], [ -74.174634792008959, 40.564128874778497 ], [ -74.174588049729337, 40.564143447901941 ], [ -74.174569456758334, 40.564145775193445 ], [ -74.174530757760195, 40.564148898539628 ], [ -74.174518198589581, 40.564151601165825 ], [ -74.174446883640442, 40.564176614525323 ], [ -74.174343037094829, 40.564208901188103 ], [ -74.174184346740176, 40.564251334311294 ], [ -74.174153511938073, 40.564257606442638 ], [ -74.174125386815419, 40.564259723898637 ], [ -74.174105420407543, 40.564258370976717 ], [ -74.174080904702706, 40.564252183669389 ], [ -74.174064565202031, 40.56425013361018 ], [ -74.174011914292123, 40.564242603891685 ], [ -74.173983763998592, 40.564235038885329 ], [ -74.173959240528049, 40.564225391717883 ], [ -74.173925620380103, 40.564208150673139 ], [ -74.173837462051651, 40.564155025157071 ], [ -74.173806395474401, 40.564132072701419 ], [ -74.173713700652669, 40.564078954790645 ], [ -74.173655529736564, 40.564042383181061 ], [ -74.173634626105326, 40.564029273304079 ], [ -74.173596443130265, 40.564002355756472 ], [ -74.173564617759752, 40.563976810856929 ], [ -74.173544619160481, 40.563963008044738 ], [ -74.173441097462472, 40.563864126117409 ], [ -74.173409342482188, 40.563827426232407 ], [ -74.173378314052513, 40.563794015755583 ], [ -74.173354505295251, 40.56376937002932 ], [ -74.173336474295382, 40.563752942826554 ], [ -74.173317034673872, 40.563738183375627 ], [ -74.173302593079754, 40.563717720999605 ], [ -74.173286855544148, 40.563696391411924 ], [ -74.173243054911026, 40.563649477859151 ], [ -74.17320373528672, 40.563603412142605 ], [ -74.17318126041306, 40.563574403984319 ], [ -74.173134157834696, 40.563550557914645 ], [ -74.173062435401462, 40.563534437552015 ], [ -74.172986255141936, 40.563526865423825 ], [ -74.172913449804639, 40.563525264901763 ], [ -74.172900762294944, 40.563524258218649 ], [ -74.172703023850019, 40.563441181454891 ], [ -74.172651295124581, 40.56342234806575 ], [ -74.172632843375979, 40.563418472039459 ], [ -74.172582622840494, 40.563410738147482 ], [ -74.172540597421502, 40.563402211104332 ], [ -74.172510861189807, 40.563392103201963 ], [ -74.172399092270581, 40.563354005793947 ], [ -74.172325284098164, 40.563336155544334 ], [ -74.172252114519026, 40.563318216024946 ], [ -74.172230591259193, 40.56331512527499 ], [ -74.172201896113535, 40.563311262697283 ], [ -74.172136314867728, 40.563305894759161 ], [ -74.172079940398319, 40.563295045926544 ], [ -74.172042475976752, 40.563288125376658 ], [ -74.172012314109651, 40.563275493980051 ], [ -74.171948421838636, 40.563255089076172 ], [ -74.171876708783202, 40.563242384635799 ], [ -74.171818430027116, 40.563227951678684 ], [ -74.171746753301989, 40.563228912555125 ], [ -74.171671714933197, 40.56322987757445 ], [ -74.171596680834767, 40.563232551671895 ], [ -74.17156504547674, 40.563234427527405 ], [ -74.171547784830835, 40.563230069996948 ], [ -74.171419630175421, 40.563193559417016 ], [ -74.171417884577323, 40.563233497959288 ], [ -74.171383871882483, 40.563229454537662 ], [ -74.171313270673963, 40.563214183342907 ], [ -74.171250527568461, 40.563204882563532 ], [ -74.171192213037074, 40.563175926605929 ], [ -74.171141711590082, 40.563136709114403 ], [ -74.171123717575909, 40.563107696639406 ], [ -74.171103444413447, 40.563063308286594 ], [ -74.171059646702716, 40.563017247587204 ], [ -74.1710113810406, 40.56297631933446 ], [ -74.170995673018822, 40.562965241007937 ], [ -74.170973809082554, 40.562955876541196 ], [ -74.170948593465582, 40.562949935492888 ], [ -74.17085094427388, 40.562868081370283 ], [ -74.170826266469703, 40.562853596171735 ], [ -74.170810554138811, 40.562840806853913 ], [ -74.170794845093042, 40.562828872053281 ], [ -74.17079033250225, 40.562816065158287 ], [ -74.17078469158993, 40.562800697956874 ], [ -74.170773476613903, 40.562794737810066 ], [ -74.170755539617545, 40.562787930368891 ], [ -74.170720797974255, 40.562779440525738 ], [ -74.170708479858078, 40.562780313440491 ], [ -74.170706255162642, 40.562786295324742 ], [ -74.170706279129718, 40.562795691379158 ], [ -74.170718702812692, 40.562836673035093 ], [ -74.170726557506626, 40.562841785413774 ], [ -74.170751201275635, 40.562843457081158 ], [ -74.170771378342167, 40.562850261191485 ], [ -74.170825236489421, 40.562888618325807 ], [ -74.170893688779529, 40.562940621934985 ], [ -74.170901537927818, 40.562944025092705 ], [ -74.170935209405741, 40.562971309576461 ], [ -74.170938609084317, 40.562987533877219 ], [ -74.170942024157227, 40.563008882039966 ], [ -74.170944285923966, 40.563017419319756 ], [ -74.170953265373825, 40.563025094672057 ], [ -74.170964488162724, 40.563033619451325 ], [ -74.171016122871862, 40.563078812990106 ], [ -74.171030729020003, 40.563096728899446 ], [ -74.171058794670131, 40.563122313396192 ], [ -74.171072271519861, 40.563136812549992 ], [ -74.171162031881281, 40.563199034126797 ], [ -74.17121025190643, 40.563222024728653 ], [ -74.17126185851086, 40.56325611473207 ], [ -74.171277555828269, 40.563262923676071 ], [ -74.171293255228605, 40.563270588060448 ], [ -74.171358280038007, 40.563295261000874 ], [ -74.171415131303988, 40.563296492015894 ], [ -74.171414144459561, 40.563319070543521 ], [ -74.171411928329547, 40.56333111935254 ], [ -74.171406250321979, 40.563344686188678 ], [ -74.171385396182501, 40.563371419737209 ], [ -74.171363626617861, 40.563395727693113 ], [ -74.171308241969712, 40.5634560394017 ], [ -74.17135787971975, 40.563429436782663 ], [ -74.171374433741548, 40.563423094845696 ], [ -74.171395965701734, 40.563419904559815 ], [ -74.171421647336004, 40.563420497551959 ], [ -74.171443197091307, 40.563424254783435 ], [ -74.17147221828121, 40.563433686784613 ], [ -74.171558459290011, 40.563466403924735 ], [ -74.171594100994966, 40.563473930391858 ], [ -74.171622280372276, 40.563478309920235 ], [ -74.17165624595863, 40.563478260005631 ], [ -74.171687725651481, 40.563477580808645 ], [ -74.171711756580393, 40.563480071819932 ], [ -74.17175154341696, 40.563488223355797 ], [ -74.171778895841683, 40.563493867463798 ], [ -74.171808394933663, 40.563495808982488 ], [ -74.171860582566993, 40.563493836220346 ], [ -74.171891230431783, 40.563492526898237 ], [ -74.171926040839907, 40.563498159894785 ], [ -74.171950083145703, 40.563505072380195 ], [ -74.171998141490505, 40.563508158592725 ], [ -74.172127386884839, 40.56351112307658 ], [ -74.172167164457605, 40.56351611632175 ], [ -74.172210261397467, 40.56352300019379 ], [ -74.172279060222607, 40.563537425291628 ], [ -74.172383887311312, 40.563560793392654 ], [ -74.172432805953633, 40.563576510775555 ], [ -74.17245270086012, 40.563580902452117 ], [ -74.172499113984941, 40.563588412551262 ], [ -74.172528128095152, 40.563595948679861 ], [ -74.17258450899152, 40.563614182557359 ], [ -74.17265250353698, 40.563638083038789 ], [ -74.172674897532161, 40.56364815601092 ], [ -74.172691492121544, 40.563657605463419 ], [ -74.172720012606291, 40.563677458854428 ], [ -74.172750730229708, 40.563702679706388 ], [ -74.172770668018629, 40.563724126367774 ], [ -74.172786461467936, 40.563744314959159 ], [ -74.172798945327912, 40.563766404141141 ], [ -74.172807254810579, 40.563776498274919 ], [ -74.172828853699357, 40.563799205892657 ], [ -74.172861277068293, 40.56384337394956 ], [ -74.17288542740117, 40.563891974233222 ], [ -74.17289293305565, 40.56391091365775 ], [ -74.172898856915566, 40.563932734358389 ], [ -74.172903908515153, 40.563964310118713 ], [ -74.172911424510616, 40.563987671068674 ], [ -74.172918922128162, 40.564003450586306 ], [ -74.17295884861322, 40.564065924885931 ], [ -74.172981314633716, 40.564103789737445 ], [ -74.172992150080731, 40.564129039542337 ], [ -74.172999822524332, 40.564162189970844 ], [ -74.173003196363567, 40.564185557152541 ], [ -74.173004950513132, 40.564222821960044 ], [ -74.17300582719605, 40.56424176951996 ], [ -74.173011678489516, 40.564261973971753 ], [ -74.173020836570146, 40.564279647434773 ], [ -74.173034141769591, 40.564299208508011 ], [ -74.17308327515299, 40.56436570416875 ], [ -74.173118187851159, 40.56441113094526 ], [ -74.173127345439269, 40.564428171328842 ], [ -74.173148183285946, 40.564477409619606 ], [ -74.173158199326522, 40.564505818718942 ], [ -74.173158235282315, 40.564519714688728 ], [ -74.173156601448071, 40.564528561239598 ], [ -74.173150817632873, 40.564534886278942 ], [ -74.173135116497775, 40.564550070352254 ], [ -74.17311444705004, 40.564565892221935 ], [ -74.173104520882518, 40.56457222442139 ], [ -74.17308962303035, 40.564577930955956 ], [ -74.173035561829209, 40.564589482474474 ], [ -74.172951098116314, 40.564604769160134 ], [ -74.172895615478211, 40.564613696767353 ], [ -74.172869108685148, 40.564615631354449 ], [ -74.172852537766616, 40.564615024138547 ], [ -74.172829328773034, 40.564610006119317 ], [ -74.172795353144082, 40.564606899153965 ], [ -74.172770499272076, 40.564606935616574 ], [ -74.172701756295979, 40.564614619607525 ], [ -74.172637538941331, 40.564621654733479 ], [ -74.172596954997587, 40.564626138177992 ], [ -74.172555548120457, 40.56463251670457 ], [ -74.172515801213294, 40.56464015610473 ], [ -74.172487644190753, 40.564644620012473 ], [ -74.1724619642345, 40.564645290718907 ], [ -74.172437934378095, 40.564643432097256 ], [ -74.172421360311148, 40.564641561359934 ], [ -74.172374636145705, 40.564629590498093 ], [ -74.172366335710095, 40.564623918865877 ], [ -74.172353861592384, 40.564605619014394 ], [ -74.172345558690267, 40.564598050848915 ], [ -74.172184636055078, 40.564519966961356 ], [ -74.172119937858071, 40.564489744942954 ], [ -74.1719994177529, 40.564407619025943 ], [ -74.171984844270426, 40.56440540037476 ], [ -74.171967791952554, 40.564405356547354 ], [ -74.171953564307515, 40.564406746641303 ], [ -74.171936567151135, 40.564410282376038 ], [ -74.171921626195996, 40.56441623111008 ], [ -74.171908718110231, 40.564422898970093 ], [ -74.171904397418956, 40.564426073468901 ], [ -74.171901843445283, 40.564430729489011 ], [ -74.171898932728283, 40.564443161095937 ], [ -74.171898296881537, 40.564449818705867 ], [ -74.171898906902072, 40.564453777436036 ], [ -74.172074122976653, 40.564555772775698 ], [ -74.172094626294438, 40.564573072663293 ], [ -74.172123895503304, 40.564597452035947 ], [ -74.172134280565487, 40.564606056347046 ], [ -74.172149377003421, 40.564614653598234 ], [ -74.172239000867862, 40.564661211570098 ], [ -74.17231918273734, 40.564699881584801 ], [ -74.172357862648127, 40.564719936844192 ], [ -74.172371066066773, 40.564725663280321 ], [ -74.172389919965099, 40.564729227187982 ], [ -74.172406881434327, 40.564730638043606 ], [ -74.17242762066418, 40.564734916852608 ], [ -74.172460626536676, 40.564747078457692 ], [ -74.172478533304542, 40.564749206540789 ], [ -74.172510568432131, 40.56474987709457 ], [ -74.172547310250252, 40.564749103255451 ], [ -74.172585000508164, 40.564751202526011 ], [ -74.172623329103914, 40.564759076770919 ], [ -74.172694988480771, 40.564780519584552 ], [ -74.172716665817603, 40.564784078273931 ], [ -74.172733626015017, 40.564784052772751 ], [ -74.172772259736007, 40.564786150563265 ], [ -74.172869301512677, 40.564786723228615 ], [ -74.172902273324794, 40.564785236374469 ], [ -74.172924877519662, 40.564782328724988 ], [ -74.173031740700779, 40.56476208966069 ], [ -74.173091997237606, 40.56474619553115 ], [ -74.173108004582929, 40.564742579210659 ], [ -74.173137205363005, 40.564740380235776 ], [ -74.173175831742611, 40.5647396033552 ], [ -74.173194666654879, 40.564736702254855 ], [ -74.173255872801576, 40.564723680232426 ], [ -74.173338744564759, 40.564709188174206 ], [ -74.17343104167503, 40.564696118219693 ], [ -74.173546862762166, 40.564671520076985 ], [ -74.173560837604796, 40.564668834074645 ], [ -74.173564969053601, 40.564693640169537 ], [ -74.173567616087297, 40.564707182737905 ], [ -74.173558266742475, 40.564709574456856 ], [ -74.173539447416459, 40.564718942254537 ], [ -74.173520642327347, 40.564733336782851 ], [ -74.173508429020202, 40.564747002693409 ], [ -74.173499989906219, 40.564762101974594 ], [ -74.173491566225977, 40.564783664380052 ], [ -74.173478485160032, 40.564826066516865 ], [ -74.1734756892386, 40.564837563317703 ], [ -74.173472907008033, 40.564854808101707 ], [ -74.173473023373361, 40.564923355210269 ], [ -74.173459107260015, 40.56500670383803 ], [ -74.173452625948968, 40.565050532399574 ], [ -74.173448884598756, 40.565061312889924 ], [ -74.173415854556069, 40.565113318674697 ], [ -74.173407421608189, 40.565131289723816 ], [ -74.173402765274616, 40.565152128697882 ], [ -74.17339809219078, 40.565166503627559 ], [ -74.173358674053574, 40.565225465751922 ], [ -74.173346451323212, 40.565235541300481 ], [ -74.173337040640192, 40.565239865437327 ], [ -74.173252297965149, 40.565259388823705 ], [ -74.17323158750601, 40.565265884040791 ], [ -74.173213712186566, 40.565275968098959 ], [ -74.173206195377674, 40.565283881568966 ], [ -74.173191056745665, 40.565316571010221 ], [ -74.173170500551336, 40.565382689028084 ], [ -74.173080478393985, 40.565546605453186 ], [ -74.173036128731724, 40.565633934333128 ], [ -74.173007105730036, 40.565705093582032 ], [ -74.172993975891217, 40.565728817919755 ], [ -74.17294330558731, 40.565808630541092 ], [ -74.172932032468381, 40.565821577319568 ], [ -74.172918868519687, 40.565831653318412 ], [ -74.172871842930945, 40.565863330793533 ], [ -74.172792762931792, 40.565915949651426 ], [ -74.172780531923905, 40.56592243378806 ], [ -74.172766407788714, 40.565926046393287 ], [ -74.1727447474115, 40.565929670245602 ], [ -74.172707081237107, 40.565937629012993 ], [ -74.172644940131562, 40.565953525768151 ], [ -74.172595221492543, 40.565960736266845 ], [ -74.172548870706521, 40.565962515948804 ], [ -74.172477837520788, 40.565960912566077 ], [ -74.172408306250887, 40.565961586928523 ], [ -74.172354485273999, 40.56596508796374 ], [ -74.172329811844449, 40.565965694968881 ], [ -74.172293170351409, 40.565963469802156 ], [ -74.17225055669806, 40.565964673768931 ], [ -74.172180750021397, 40.565973944852281 ], [ -74.172143388604468, 40.565981981370086 ], [ -74.172106015450268, 40.565985457555868 ], [ -74.172043979478616, 40.565994100994715 ], [ -74.171963069841397, 40.566013741087659 ], [ -74.17188836217062, 40.566036655162037 ], [ -74.171797968881748, 40.566065862113888 ], [ -74.171738219993415, 40.56609103384563 ], [ -74.171719559155633, 40.566103032446023 ], [ -74.171705029747926, 40.566116293687784 ], [ -74.171672985111002, 40.566156814030968 ], [ -74.171661797248575, 40.566167662228416 ], [ -74.171575972671221, 40.566228785870869 ], [ -74.171555071117197, 40.566241927017785 ], [ -74.171447996652844, 40.566294653342084 ], [ -74.171438280314987, 40.566296378815743 ], [ -74.171423330143085, 40.566297541187353 ], [ -74.171400150769529, 40.56629643571118 ], [ -74.171369491833531, 40.566295341386741 ], [ -74.171353046714941, 40.566296505980588 ], [ -74.171301839333609, 40.566306296352593 ], [ -74.171262000532707, 40.566390056062893 ], [ -74.171197076051342, 40.566390152833272 ], [ -74.17112315224432, 40.566391118500377 ], [ -74.17104586927951, 40.566391233593606 ], [ -74.170970806627778, 40.566383657454885 ], [ -74.17089910130764, 40.566375222668881 ], [ -74.170822891765951, 40.566358252136361 ], [ -74.170748943272272, 40.566348111375447 ], [ -74.170668289741471, 40.566344816388899 ], [ -74.17059435096543, 40.566338945793724 ], [ -74.17051481034656, 40.566333084387288 ], [ -74.170440866278327, 40.566324651716982 ], [ -74.170365791694721, 40.566312805925207 ], [ -74.170291843189815, 40.566303518559238 ], [ -74.1702123005999, 40.56629594948609 ], [ -74.170137235848983, 40.56628837381011 ], [ -74.170065535077512, 40.56628164679276 ], [ -74.170037227521348, 40.566279186362124 ], [ -74.170042340799739, 40.566033922749895 ], [ -74.170047651822514, 40.565779112410773 ], [ -74.17006231985323, 40.565075451767854 ], [ -74.170101603025387, 40.565076570564521 ] ] ] ] } },
{ "type": "Feature", "properties": { "Borough": "SI", "Block": 5804, "Lot": 325, "CD": 502, "BCT2020": "5022802", "BCTCB2020": "50228021016", "CT2010": "228", "CB2010": "1023", "SchoolDist": null, "Council": 51, "ZipCode": 10312, "FireComp": null, "PolicePrct": 123, "HealthCent": 51, "HealthArea": 800, "Sanitboro": "5", "SanitDistr": "02", "SanitSub": "4D", "Address": "ARDEN AVENUE", "ZoneDist1": "PARK", "ZoneDist2": null, "ZoneDist3": null, "ZoneDist4": null, "Overlay1": null, "Overlay2": null, "SPDist1": null, "SPDist2": null, "SPDist3": null, "LtdHeight": null, "SplitZone": "N", "BldgClass": "Q0", "LandUse": "09", "Easements": 0, "OwnerType": "C", "OwnerName": "NYC DEPARTMENT OF PARKS AND RECREATION", "LotArea": 56192, "BldgArea": 0, "ComArea": 0, "ResArea": 0, "OfficeArea": 0, "RetailArea": 0, "GarageArea": 0, "StrgeArea": 0, "FactryArea": 0, "OtherArea": 0, "AreaSource": "7", "NumBldgs": 0, "NumFloors": 0.0, "UnitsRes": 0, "UnitsTotal": 0, "LotFront": 304.0, "LotDepth": 340.0, "BldgFront": 0.0, "BldgDepth": 0.0, "Ext": null, "ProxCode": "0", "IrrLotCode": "Y", "LotType": "5", "BsmtCode": "5", "AssessLand": 946350.0, "AssessTot": 946350.0, "ExemptTot": 946350.0, "YearBuilt": 0, "YearAlter1": 0, "YearAlter2": 0, "HistDist": null, "Landmark": null, "BuiltFAR": 0.0, "ResidFAR": 0.0, "CommFAR": 0.0, "FacilFAR": 0.0, "BoroCode": 5, "BBL": 5058040325.0, "CondoNo": 0, "Tract2010": "0228", "XCoord": 935905, "YCoord": 145458, "ZoneMap": "26d", "ZMCode": null, "Sanborn": "599 999", "TaxMap": "52501", "EDesigNum": null, "APPBBL": 0.0, "APPDate": null, "PLUTOMapID": "1", "FIRM07_FLA": "1", "PFIRM15_FL": "1", "Version": "25v4", "DCPEdited": "t", "Latitude": 40.5657926, "Longitude": -74.1740038, "Notes": null, "Shape_Leng": 0.0, "Shape_Area": 39269.024840700011 }, "geometry": { "type": "MultiPolygon", "coordinates": [ [ [ [ -74.173473815188444, 40.565871565527473 ], [ -74.17344424385837, 40.565859487290865 ], [ -74.173418061389739, 40.565839608047071 ], [ -74.173390724076881, 40.565811938251855 ], [ -74.173381597999921, 40.565798097417343 ], [ -74.173378160987141, 40.565786844197525 ], [ -74.173375846389789, 40.56577039411787 ], [ -74.173384888241742, 40.565752194341101 ], [ -74.173402998751811, 40.565726188587931 ], [ -74.173417730469211, 40.56571144449947 ], [ -74.173487414104983, 40.565660807968584 ], [ -74.173559965841832, 40.56559921309978 ], [ -74.173589448268459, 40.56557751989908 ], [ -74.173616690275338, 40.565567952882155 ], [ -74.173685937243576, 40.565546198632525 ], [ -74.173717730984663, 40.565539221914925 ], [ -74.173743858256557, 40.565538317001746 ], [ -74.173763179792203, 40.565541752141279 ], [ -74.173806382641402, 40.565552944272092 ], [ -74.17386551601129, 40.565574503444019 ], [ -74.174003108060646, 40.565621058629162 ], [ -74.174083823997123, 40.565640853275035 ], [ -74.174152655785434, 40.565655147528553 ], [ -74.174198883915693, 40.56567078348963 ], [ -74.174253619569143, 40.56567990841048 ], [ -74.174381565629602, 40.565696503654465 ], [ -74.174479651640013, 40.565706645995 ], [ -74.174568227913483, 40.565723034273503 ], [ -74.174628516771136, 40.565734677422491 ], [ -74.174648990255449, 40.565743305826793 ], [ -74.174678578630946, 40.56576231237279 ], [ -74.174686554219861, 40.565770959689758 ], [ -74.174687712810837, 40.565779618376425 ], [ -74.174683206206325, 40.565794346996761 ], [ -74.174673044537045, 40.565818609145758 ], [ -74.174653803033124, 40.565846349460905 ], [ -74.174639069297768, 40.565860227390807 ], [ -74.174608444327461, 40.565879326394736 ], [ -74.174592567809739, 40.565890608012545 ], [ -74.174546056034643, 40.565917523430926 ], [ -74.174463955720199, 40.565951638546537 ], [ -74.174411741456609, 40.565969904046035 ], [ -74.174383372435912, 40.565982936322854 ], [ -74.174367491347482, 40.565992487113959 ], [ -74.174352741725428, 40.566000302624296 ], [ -74.174326630071548, 40.566007269138204 ], [ -74.174291428316266, 40.566014251194254 ], [ -74.174238046399907, 40.566020394494437 ], [ -74.174194879290468, 40.566022190759398 ], [ -74.174159648055081, 40.566018780816769 ], [ -74.174083495918211, 40.566005907032327 ], [ -74.173917528478796, 40.565969786989882 ], [ -74.173773918436694, 40.565936060681111 ], [ -74.173581818062715, 40.565899980602097 ], [ -74.173498834752792, 40.565881052589461 ], [ -74.173473815188444, 40.565871565527473 ] ] ] ] } },
{ "type": "Feature", "properties": { "Borough": "SI", "Block": 5804, "Lot": 350, "CD": 502, "BCT2020": "5022802", "BCTCB2020": "50228021020", "CT2010": "228", "CB2010": "1025", "SchoolDist": "31", "Council": 51, "ZipCode": 10312, "FireComp": "L087", "PolicePrct": 123, "HealthCent": 51, "HealthArea": 800, "Sanitboro": "5", "SanitDistr": "02", "SanitSub": "4D", "Address": "ARTHUR KILL ROAD", "ZoneDist1": "PARK", "ZoneDist2": null, "ZoneDist3": null, "ZoneDist4": null, "Overlay1": null, "Overlay2": null, "SPDist1": null, "SPDist2": null, "SPDist3": null, "LtdHeight": null, "SplitZone": "N", "BldgClass": "Q0", "LandUse": "09", "Easements": 0, "OwnerType": "C", "OwnerName": "NYS DEPARTMENT OF TRANSPORTATION", "LotArea": 3300, "BldgArea": 0, "ComArea": 0, "ResArea": 0, "OfficeArea": 0, "RetailArea": 0, "GarageArea": 0, "StrgeArea": 0, "FactryArea": 0, "OtherArea": 0, "AreaSource": "7", "NumBldgs": 0, "NumFloors": 0.0, "UnitsRes": 0, "UnitsTotal": 0, "LotFront": 10.0, "LotDepth": 330.0, "BldgFront": 0.0, "BldgDepth": 0.0, "Ext": null, "ProxCode": "0", "IrrLotCode": "N", "LotType": "8", "BsmtCode": "5", "AssessLand": 49950.0, "AssessTot": 49950.0, "ExemptTot": 49950.0, "YearBuilt": 0, "YearAlter1": 0, "YearAlter2": 0, "HistDist": null, "Landmark": null, "BuiltFAR": 0.0, "ResidFAR": 0.0, "CommFAR": 0.0, "FacilFAR": 0.0, "BoroCode": 5, "BBL": 5058040350.0, "CondoNo": 0, "Tract2010": "0228", "XCoord": 936992, "YCoord": 145043, "ZoneMap": "26d", "ZMCode": null, "Sanborn": "599 999", "TaxMap": "52501", "EDesigNum": null, "APPBBL": 0.0, "APPDate": null, "PLUTOMapID": "1", "FIRM07_FLA": "1", "PFIRM15_FL": "1", "Version": "25v4", "DCPEdited": "t", "Latitude": 40.5646594, "Longitude": -74.1700885, "Notes": null, "Shape_Leng": 0.0, "Shape_Area": 2906.4060116000001 }, "geometry": { "type": "MultiPolygon", "coordinates": [ [ [ [ -74.17006231985323, 40.565075451767854 ], [ -74.170073019825892, 40.564562182000188 ], [ -74.170074250091531, 40.564503111900116 ], [ -74.170080924071968, 40.564182968031268 ], [ -74.170105406325675, 40.564160398818757 ], [ -74.170103971827615, 40.564506087340483 ], [ -74.170103701406191, 40.564571125644306 ], [ -74.170101603025387, 40.565076570564521 ], [ -74.17006231985323, 40.565075451767854 ] ] ] ] } },
{ "type": "Feature", "properties": { "Borough": "SI", "Block": 5900, "Lot": 100, "CD": 503, "BCT2020": "5022801", "BCTCB2020": "50228011005", "CT2010": "228", "CB2010": "1020", "SchoolDist": "31", "Council": 51, "ZipCode": 10312, "FireComp": "L087", "PolicePrct": 123, "HealthCent": 51, "HealthArea": 800, "Sanitboro": "5", "SanitDistr": "03", "SanitSub": "5C", "Address": "1315 ARTHUR KILL ROAD", "ZoneDist1": "M1-1", "ZoneDist2": null, "ZoneDist3": null, "ZoneDist4": null, "Overlay1": null, "Overlay2": null, "SPDist1": "SRD", "SPDist2": null, "SPDist3": null, "LtdHeight": null, "SplitZone": "N", "BldgClass": "Y6", "LandUse": "07", "Easements": 4, "OwnerType": "C", "OwnerName": "NYC DEPARTMENT OF SANITATION", "LotArea": 10323720, "BldgArea": 0, "ComArea": 0, "ResArea": 0, "OfficeArea": 0, "RetailArea": 0, "GarageArea": 0, "StrgeArea": 0, "FactryArea": 0, "OtherArea": 0, "AreaSource": "7", "NumBldgs": 2, "NumFloors": 0.0, "UnitsRes": 0, "UnitsTotal": 0, "LotFront": 1137.0, "LotDepth": 3648.0, "BldgFront": 0.0, "BldgDepth": 0.0, "Ext": null, "ProxCode": "0", "IrrLotCode": "Y", "LotType": "5", "BsmtCode": "0", "AssessLand": 101757600.0, "AssessTot": 101757600.0, "ExemptTot": 101757600.0, "YearBuilt": 0, "YearAlter1": 0, "YearAlter2": 0, "HistDist": null, "Landmark": null, "BuiltFAR": 0.0, "ResidFAR": 0.0, "CommFAR": 1.0, "FacilFAR": 2.4, "BoroCode": 5, "BBL": 5059000100.0, "CondoNo": 0, "Tract2010": "0228", "XCoord": 932044, "YCoord": 146583, "ZoneMap": "26b", "ZMCode": null, "Sanborn": "504 474", "TaxMap": "52501", "EDesigNum": null, "APPBBL": 0.0, "APPDate": null, "PLUTOMapID": "1", "FIRM07_FLA": "1", "PFIRM15_FL": "1", "Version": "25v4", "DCPEdited": "t", "Latitude": 40.5688586, "Longitude": -74.1879089, "Notes": null, "Shape_Leng": 0.0, "Shape_Area": 10203590.078 }, "geometry": { "type": "MultiPolygon", "coordinates": [ [ [ [ -74.182211324849163, 40.57193962578021 ], [ -74.182536331136035, 40.571949123827459 ], [ -74.182683649077077, 40.571510545251307 ], [ -74.182873511800736, 40.571361430207013 ], [ -74.182234711636255, 40.568356423608421 ], [ -74.181640381230181, 40.565451038218939 ], [ -74.181622259369647, 40.565362441413477 ], [ -74.182256190361429, 40.565533837175465 ], [ -74.18251006698037, 40.565551046659124 ], [ -74.18279180451141, 40.56555143348448 ], [ -74.182798907568511, 40.565584824534938 ], [ -74.182988903502192, 40.566477798052816 ], [ -74.183340244169614, 40.566476764176741 ], [ -74.184091018013007, 40.566474552310709 ], [ -74.183924592685472, 40.565697302944464 ], [ -74.184225441965154, 40.56556869291348 ], [ -74.184175289935496, 40.565311065616761 ], [ -74.184161731207737, 40.565241420644135 ], [ -74.184230558374452, 40.565212235853828 ], [ -74.184515794136146, 40.565078422459841 ], [ -74.184783120209744, 40.564938184887197 ], [ -74.185042324904089, 40.564777574487948 ], [ -74.185302610503754, 40.564640986927159 ], [ -74.185473550033066, 40.564567707978377 ], [ -74.185606804357519, 40.564525473190237 ], [ -74.185906835720729, 40.564471480479313 ], [ -74.187015382492802, 40.564251200334432 ], [ -74.187046198157304, 40.564246948313269 ], [ -74.187062254904959, 40.564244401594678 ], [ -74.187077360565752, 40.564240413751691 ], [ -74.187098958799623, 40.564231946016442 ], [ -74.187366166663395, 40.564133180862214 ], [ -74.187735312095029, 40.564030606886234 ], [ -74.188024464472875, 40.563970826029362 ], [ -74.188160674727428, 40.563954055793623 ], [ -74.188267713465521, 40.563947115659438 ], [ -74.188351314646695, 40.56393863699342 ], [ -74.188447161880717, 40.563924665751749 ], [ -74.188630781640057, 40.563902085311888 ], [ -74.188697087025986, 40.563889689537504 ], [ -74.189143033341836, 40.56378497034023 ], [ -74.189564970205183, 40.56367691928498 ], [ -74.189909438774336, 40.5635371420816 ], [ -74.189947329118226, 40.563517447019315 ], [ -74.189989739273074, 40.563491782955083 ], [ -74.190090783347472, 40.563423355746458 ], [ -74.190183455950077, 40.563353027784139 ], [ -74.190406583090493, 40.563137469691156 ], [ -74.190683802541315, 40.562903410928406 ], [ -74.190701622518418, 40.562978214393851 ], [ -74.190789849556722, 40.563294783737362 ], [ -74.19109249831061, 40.564380695253597 ], [ -74.191619042780815, 40.564371876334569 ], [ -74.192134817812686, 40.564349430978247 ], [ -74.192460085013522, 40.564298137177971 ], [ -74.192332194640628, 40.562632794192552 ], [ -74.192328800346658, 40.562588602821997 ], [ -74.192622593265241, 40.562650560416692 ], [ -74.193214907921998, 40.56276193991755 ], [ -74.193329525218758, 40.562728945302133 ], [ -74.193741343404525, 40.562489526686868 ], [ -74.19419173890617, 40.562208835903014 ], [ -74.194257493695986, 40.56216958955708 ], [ -74.194375911478488, 40.562082091087703 ], [ -74.194474596386982, 40.561989139004304 ], [ -74.194741690697057, 40.561740480012404 ], [ -74.19523562621707, 40.561266404659705 ], [ -74.195257904814468, 40.561287799371605 ], [ -74.19661012485345, 40.562586342605307 ], [ -74.196180819007154, 40.563014119963135 ], [ -74.195310099278416, 40.563902836057672 ], [ -74.194613168238291, 40.564629176673122 ], [ -74.194081627524284, 40.565192991815756 ], [ -74.193710206418828, 40.565608028367429 ], [ -74.192783035896966, 40.566644049244587 ], [ -74.192722188695271, 40.566714187265553 ], [ -74.192580247769527, 40.566877799985129 ], [ -74.192418781569373, 40.567063917969044 ], [ -74.192198362386605, 40.567327485203045 ], [ -74.191605789729522, 40.568033998358892 ], [ -74.191513034793388, 40.568157760392843 ], [ -74.191430364811794, 40.568268066980835 ], [ -74.191291884929569, 40.568452839320877 ], [ -74.190823771027112, 40.5691247525425 ], [ -74.190725109062072, 40.569284262934246 ], [ -74.190602488785444, 40.569482502451805 ], [ -74.190599713386817, 40.569486989923426 ], [ -74.190418862067688, 40.569812805395159 ], [ -74.190414654580536, 40.56982195638755 ], [ -74.190352973241062, 40.569956108484568 ], [ -74.190263971084292, 40.570149677533223 ], [ -74.190205966324683, 40.570275831300236 ], [ -74.190112498441692, 40.570503562004305 ], [ -74.190079290253351, 40.570593558989053 ], [ -74.190009508829377, 40.57078266912832 ], [ -74.189911610825774, 40.571080184357193 ], [ -74.189788014861819, 40.571540122388235 ], [ -74.189729931433916, 40.571782160412901 ], [ -74.189677126956141, 40.572067703180267 ], [ -74.189623397546995, 40.572475415767599 ], [ -74.189604374963309, 40.57267557324527 ], [ -74.189591784260244, 40.57287003861137 ], [ -74.189587028806585, 40.573050617609432 ], [ -74.189578803591573, 40.573376653638952 ], [ -74.189587544719814, 40.573677811681513 ], [ -74.189598510771816, 40.573860991547427 ], [ -74.189608120708144, 40.574025257064989 ], [ -74.18965240926623, 40.574418644311891 ], [ -74.189691617588437, 40.57466331685329 ], [ -74.189698767973852, 40.574711416599506 ], [ -74.189708166112311, 40.57477465957043 ], [ -74.189710135616053, 40.574786167718216 ], [ -74.189723170339946, 40.574862382175368 ], [ -74.189742649168522, 40.574965844936102 ], [ -74.189771040277762, 40.575090667879479 ], [ -74.189793475765484, 40.575196376172016 ], [ -74.189891057850389, 40.575565437511905 ], [ -74.190106599233019, 40.576421015603998 ], [ -74.190066186707099, 40.576433689409903 ], [ -74.190007980951791, 40.576450014942566 ], [ -74.189931827819663, 40.576458681484134 ], [ -74.189854540410053, 40.576461371190057 ], [ -74.189783916161105, 40.576443551128953 ], [ -74.189707707305956, 40.576432573510125 ], [ -74.18963376780539, 40.576430985421034 ], [ -74.189555360830511, 40.57643453322251 ], [ -74.189480313941132, 40.576437218061841 ], [ -74.189407509757515, 40.576440753846761 ], [ -74.189344821940765, 40.576457089106114 ], [ -74.189278811424984, 40.576486237213402 ], [ -74.189204944458908, 40.576510275924079 ], [ -74.189133299623208, 40.576528331519278 ], [ -74.189065018486076, 40.576547236059021 ], [ -74.188993365128354, 40.576561874989331 ], [ -74.188918334960462, 40.576570539847644 ], [ -74.188841075104918, 40.576583478683766 ], [ -74.188763804481056, 40.576593000810455 ], [ -74.18868989374073, 40.576601664601839 ], [ -74.188611511799238, 40.576613752274788 ], [ -74.188536511606827, 40.576633520379275 ], [ -74.188466006524436, 40.576657553098549 ], [ -74.188392093365636, 40.576666214944218 ], [ -74.18831928767419, 40.576669752717592 ], [ -74.18824313037868, 40.576675856997774 ], [ -74.188171461193733, 40.576685370470415 ], [ -74.188098680682984, 40.576697446863491 ], [ -74.188028135870837, 40.576707813013556 ], [ -74.187950848082281, 40.576711356047163 ], [ -74.187878040022269, 40.576714036175439 ], [ -74.187799630223367, 40.576716728174482 ], [ -74.187742601266606, 40.576720835303057 ], [ -74.18738281950516, 40.576650766113687 ], [ -74.186409915481221, 40.576159108181578 ], [ -74.185920113072356, 40.575620697520499 ], [ -74.185381082726153, 40.574604161644316 ], [ -74.184736341102635, 40.573887800356879 ], [ -74.18454044370155, 40.573703237796629 ], [ -74.183839978999458, 40.573064698492743 ], [ -74.183864264814844, 40.573056151701515 ], [ -74.183929138255948, 40.57302188095035 ], [ -74.183992908485422, 40.572992735979568 ], [ -74.184060043247797, 40.572964440108642 ], [ -74.184123804014902, 40.572932734852216 ], [ -74.184184197795247, 40.572897616526824 ], [ -74.184213233316967, 40.572865113194219 ], [ -74.184252359030026, 40.572836862195388 ], [ -74.184289145312505, 40.572819951984037 ], [ -74.184319485264297, 40.572806005121343 ], [ -74.184358614405184, 40.572777753077901 ], [ -74.18439996846682, 40.572744375321989 ], [ -74.18446597729772, 40.572715227330178 ], [ -74.184522997907507, 40.572675843040827 ], [ -74.184563195741489, 40.572629654403393 ], [ -74.184602269274194, 40.572581759177488 ], [ -74.184650323893109, 40.572540681852537 ], [ -74.184690519196323, 40.572493637645742 ], [ -74.184725130888637, 40.572452582816993 ], [ -74.184749727863064, 40.572435457547911 ], [ -74.184818002515229, 40.57241484902945 ], [ -74.184879613024719, 40.572415603596212 ], [ -74.184930019732633, 40.572415522475787 ], [ -74.184953540774245, 40.572414630927746 ], [ -74.185027511143417, 40.57242903188672 ], [ -74.185094781902166, 40.57245113146697 ], [ -74.185158716654911, 40.572481778783704 ], [ -74.185210251246517, 40.57248425954738 ], [ -74.185247174982848, 40.572469678961369 ], [ -74.185285233573069, 40.572459367816975 ], [ -74.185307596146316, 40.572444810775998 ], [ -74.185346669032796, 40.572396913538995 ], [ -74.185345500973554, 40.57237983238003 ], [ -74.185314063811205, 40.572353403036615 ], [ -74.185292780697139, 40.572353437361826 ], [ -74.18527826320873, 40.572369691048891 ], [ -74.185245857900185, 40.572397930645089 ], [ -74.185215640872258, 40.572408228298393 ], [ -74.185159637628999, 40.572410026860048 ], [ -74.185142837281859, 40.572410907620842 ], [ -74.185071121459018, 40.572401628913475 ], [ -74.184998268270093, 40.572386369734488 ], [ -74.184925406999525, 40.572367697445813 ], [ -74.184852551522354, 40.57235158449059 ], [ -74.184804373328191, 40.572347389872796 ], [ -74.184767437825485, 40.572358554663523 ], [ -74.184720489943174, 40.572393651599235 ], [ -74.184675807058099, 40.572438994734881 ], [ -74.184638966972116, 40.572484325333434 ], [ -74.184589799924183, 40.572527967345529 ], [ -74.184549605674917, 40.572575864283813 ], [ -74.18450828356373, 40.572621201117073 ], [ -74.18445799329325, 40.572663136578832 ], [ -74.184407692271947, 40.572702508212359 ], [ -74.184349536770043, 40.572735914770149 ], [ -74.184289145567178, 40.572771885026832 ], [ -74.184228751910979, 40.572806150640581 ], [ -74.184172830600332, 40.572837845146701 ], [ -74.184120287804504, 40.57287551019202 ], [ -74.184064347632486, 40.572901226099106 ], [ -74.183997205845102, 40.572926105393641 ], [ -74.183933449831017, 40.572959519787403 ], [ -74.183871937456388, 40.572995491617718 ], [ -74.183805924430601, 40.573023786503967 ], [ -74.183797946849154, 40.573026382248578 ], [ -74.183510476703248, 40.572764326147542 ], [ -74.183457782432598, 40.572716290549934 ], [ -74.183273083179131, 40.572628413772215 ], [ -74.183087654732205, 40.572540190328112 ], [ -74.181887631701429, 40.572142497136802 ], [ -74.182211324849163, 40.57193962578021 ] ] ] ] } },
{ "type": "Feature", "properties": { "Borough": "SI", "Block": 2120, "Lot": 1, "CD": 502, "BCT2020": "5022802", "BCTCB2020": "50228021000", "CT2010": "228", "CB2010": "1000", "SchoolDist": "31", "Council": 50, "ZipCode": 10314, "FireComp": "Q008", "PolicePrct": 121, "HealthCent": 51, "HealthArea": 800, "Sanitboro": "5", "SanitDistr": "02", "SanitSub": "4D", "Address": "TRAVIS AVENUE", "ZoneDist1": "PARK", "ZoneDist2": "R3-1", "ZoneDist3": null, "ZoneDist4": null, "Overlay1": null, "Overlay2": null, "SPDist1": "NA-1", "SPDist2": null, "SPDist3": null, "LtdHeight": null, "SplitZone": "Y", "BldgClass": "Q0", "LandUse": "09", "Easements": 0, "OwnerType": "C", "OwnerName": "NYC DEPARTMENT OF PARKS AND RECREATION", "LotArea": 1066911, "BldgArea": 0, "ComArea": 0, "ResArea": 0, "OfficeArea": 0, "RetailArea": 0, "GarageArea": 0, "StrgeArea": 0, "FactryArea": 0, "OtherArea": 0, "AreaSource": "7", "NumBldgs": 0, "NumFloors": 0.0, "UnitsRes": 0, "UnitsTotal": 0, "LotFront": 580.75, "LotDepth": 2467.0, "BldgFront": 0.0, "BldgDepth": 0.0, "Ext": null, "ProxCode": "0", "IrrLotCode": "Y", "LotType": "5", "BsmtCode": "5", "AssessLand": 11095200.0, "AssessTot": 11095200.0, "ExemptTot": 11095200.0, "YearBuilt": 0, "YearAlter1": 0, "YearAlter2": 0, "HistDist": null, "Landmark": null, "BuiltFAR": 0.0, "ResidFAR": 0.0, "CommFAR": 0.0, "FacilFAR": 0.0, "BoroCode": 5, "BBL": 5021200001.0, "CondoNo": 0, "Tract2010": "0228", "XCoord": 937433, "YCoord": 157179, "ZoneMap": "26c", "ZMCode": null, "Sanborn": "502 264", "TaxMap": "50902", "EDesigNum": null, "APPBBL": 0.0, "APPDate": null, "PLUTOMapID": "1", "FIRM07_FLA": null, "PFIRM15_FL": null, "Version": "25v4", "DCPEdited": "t", "Latitude": 40.5979726, "Longitude": -74.1685854, "Notes": null, "Shape_Leng": 0.0, "Shape_Area": 913255.12007800001 }, "geometry": { "type": "MultiPolygon", "coordinates": [ [ [ [ -74.168196546109627, 40.596410818379269 ], [ -74.167933986586348, 40.596379612652939 ], [ -74.167948102888985, 40.596308052546163 ], [ -74.167948241719955, 40.59630734991913 ], [ -74.16796202550826, 40.596237479678969 ], [ -74.167962500286521, 40.596235068269344 ], [ -74.167976126469924, 40.596165997060687 ], [ -74.167976759921146, 40.596162786615643 ], [ -74.167990583299328, 40.596092709250364 ], [ -74.16799101842777, 40.596090504961239 ], [ -74.168003783708869, 40.59602578726237 ], [ -74.168003867700222, 40.596025362054121 ], [ -74.168005275692664, 40.596018222469937 ], [ -74.16801663525986, 40.595960643344831 ], [ -74.168016718156409, 40.59596021914205 ], [ -74.168023248336041, 40.595927116154755 ], [ -74.168029568475731, 40.59589507614583 ], [ -74.168029666437533, 40.595894576206796 ], [ -74.168041982573925, 40.595832146473519 ], [ -74.168042418881811, 40.595829933230021 ], [ -74.168055473432261, 40.595763753445219 ], [ -74.168055976183709, 40.595761207884074 ], [ -74.168065736371091, 40.595711724118658 ], [ -74.168069527597908, 40.595692508646522 ], [ -74.168069762000542, 40.59569131687627 ], [ -74.168083078876464, 40.595623810243396 ], [ -74.168083148891952, 40.595623458091886 ], [ -74.16809133428292, 40.595581960727259 ], [ -74.168095997984608, 40.59555831508758 ], [ -74.168096634885359, 40.595555083972862 ], [ -74.168109064023923, 40.59549207587682 ], [ -74.168109486367726, 40.5954899410455 ], [ -74.168121914275019, 40.595426932950744 ], [ -74.168122335409251, 40.595424798121108 ], [ -74.168128863106332, 40.595391709518687 ], [ -74.168134624483145, 40.5953624997627 ], [ -74.168135186731433, 40.595359655107714 ], [ -74.168147714937263, 40.595296136272765 ], [ -74.168148035722837, 40.595294512178256 ], [ -74.168162172601399, 40.595222849352645 ], [ -74.16816229385897, 40.595222230496134 ], [ -74.168170475692563, 40.595180753876697 ], [ -74.168176093561499, 40.595152276453355 ], [ -74.168176547314275, 40.595149976678165 ], [ -74.168190500866757, 40.595079239835179 ], [ -74.168190805386985, 40.59507769499141 ], [ -74.168204957230003, 40.595005952909752 ], [ -74.16820506222183, 40.595005413305451 ], [ -74.168208431044135, 40.594988337175884 ], [ -74.168217912175891, 40.594940270364205 ], [ -74.168217954230542, 40.594940059558247 ], [ -74.168230763421832, 40.594875127420472 ], [ -74.168230913834677, 40.594874362614668 ], [ -74.168244320336129, 40.594806401960497 ], [ -74.168244834651901, 40.594803790624653 ], [ -74.168251145370718, 40.594771798300357 ], [ -74.168257871255548, 40.594737703615543 ], [ -74.168257951755763, 40.594737288367106 ], [ -74.16827113301396, 40.594670469940176 ], [ -74.168271422254662, 40.594669004346947 ], [ -74.1682845182915, 40.594602611964611 ], [ -74.168284977878514, 40.59460027896624 ], [ -74.168287768077263, 40.594586137535835 ], [ -74.168290464957508, 40.594572464496473 ], [ -74.168293010238628, 40.594559564379423 ], [ -74.16829655675869, 40.594554419839866 ], [ -74.168322329521814, 40.594517047255032 ], [ -74.170050592766316, 40.595452497992341 ], [ -74.170037789965932, 40.595496063674553 ], [ -74.168113011900275, 40.602045105528838 ], [ -74.167412111529146, 40.601962364926571 ], [ -74.167288649134463, 40.601947788596533 ], [ -74.168355293641994, 40.596429685273804 ], [ -74.168196546109627, 40.596410818379269 ] ] ] ] } },
{ "type": "Feature", "properties": { "Borough": "SI", "Block": 2130, "Lot": 1, "CD": 502, "BCT2020": "5022802", "BCTCB2020": "50228021000", "CT2010": "228", "CB2010": "1000", "SchoolDist": "31", "Council": 50, "ZipCode": 10314, "FireComp": "Q008", "PolicePrct": 121, "HealthCent": 51, "HealthArea": 800, "Sanitboro": "5", "SanitDistr": "02", "SanitSub": "4D", "Address": "TRAVIS AVENUE", "ZoneDist1": "PARK", "ZoneDist2": null, "ZoneDist3": null, "ZoneDist4": null, "Overlay1": null, "Overlay2": null, "SPDist1": null, "SPDist2": null, "SPDist3": null, "LtdHeight": null, "SplitZone": "N", "BldgClass": "Q0", "LandUse": "09", "Easements": 0, "OwnerType": "C", "OwnerName": "NYC DEPARTMENT OF PARKS AND RECREATION", "LotArea": 1859220, "BldgArea": 0, "ComArea": 0, "ResArea": 0, "OfficeArea": 0, "RetailArea": 0, "GarageArea": 0, "StrgeArea": 0, "FactryArea": 0, "OtherArea": 0, "AreaSource": "7", "NumBldgs": 0, "NumFloors": 0.0, "UnitsRes": 0, "UnitsTotal": 0, "LotFront": 1284.0, "LotDepth": 2256.0, "BldgFront": 0.0, "BldgDepth": 0.0, "Ext": null, "ProxCode": "0", "IrrLotCode": "Y", "LotType": "5", "BsmtCode": "5", "AssessLand": 18911700.0, "AssessTot": 18911700.0, "ExemptTot": 18911700.0, "YearBuilt": 0, "YearAlter1": 0, "YearAlter2": 0, "HistDist": null, "Landmark": null, "BuiltFAR": 0.0, "ResidFAR": 0.0, "CommFAR": 0.0, "FacilFAR": 0.0, "BoroCode": 5, "BBL": 5021300001.0, "CondoNo": 0, "Tract2010": "0228", "XCoord": 936490, "YCoord": 157718, "ZoneMap": "26c", "ZMCode": null, "Sanborn": "599 999", "TaxMap": "50902", "EDesigNum": null, "APPBBL": 0.0, "APPDate": null, "PLUTOMapID": "1", "FIRM07_FLA": "1", "PFIRM15_FL": "1", "Version": "25v4", "DCPEdited": "t", "Latitude": 40.599447, "Longitude": -74.1719849, "Notes": null, "Shape_Leng": 0.0, "Shape_Area": 1841618.78257 }, "geometry": { "type": "MultiPolygon", "coordinates": [ [ [ [ -74.169288137705934, 40.601912288549009 ], [ -74.171235465610437, 40.596903502369784 ], [ -74.171483366435467, 40.596278465693082 ], [ -74.171499853515328, 40.596236895379178 ], [ -74.175508793380104, 40.59843390399611 ], [ -74.175486965685522, 40.598442264596073 ], [ -74.175469053288111, 40.598449125099549 ], [ -74.175434338523729, 40.598457720450092 ], [ -74.175360441080002, 40.598481748422579 ], [ -74.175324648681411, 40.598507429299609 ], [ -74.175274320765112, 40.598545088522677 ], [ -74.175226260789358, 40.598592994096698 ], [ -74.175202833151999, 40.598634030710286 ], [ -74.175182812795001, 40.598690435827322 ], [ -74.175168391168071, 40.598746834250967 ], [ -74.175164494676181, 40.598768602891454 ], [ -74.175133503202105, 40.598820644178069 ], [ -74.17497624562958, 40.59916110007503 ], [ -74.174956326744251, 40.599198147402916 ], [ -74.174937350976421, 40.599225408119821 ], [ -74.174909073638688, 40.599263036386624 ], [ -74.174882738249124, 40.599293740181274 ], [ -74.174827004019804, 40.599363340060464 ], [ -74.174800206994036, 40.599394204918454 ], [ -74.17478388796053, 40.59940786183747 ], [ -74.174760856786307, 40.599422693361937 ], [ -74.174738069328669, 40.59943401874466 ], [ -74.17470406974482, 40.599448892192022 ], [ -74.174676535564615, 40.599456756909092 ], [ -74.174643593433998, 40.599462571167159 ], [ -74.174606866075408, 40.599467567262664 ], [ -74.174565813826717, 40.599471335231243 ], [ -74.174519347079411, 40.599470582705116 ], [ -74.174514385015954, 40.599470101652251 ], [ -74.174456418582452, 40.599456872077724 ], [ -74.174385781728603, 40.599442459220484 ], [ -74.174317375055125, 40.599423771669066 ], [ -74.174246739470988, 40.599409357804461 ], [ -74.174176096150646, 40.599392382767782 ], [ -74.174105458400803, 40.599377112374313 ], [ -74.174031463904129, 40.599364413511879 ], [ -74.17402936994138, 40.599364087471201 ], [ -74.174002038965554, 40.599354390348452 ], [ -74.173920958398071, 40.599335849658843 ], [ -74.173809226120838, 40.599315784668129 ], [ -74.173761226913058, 40.599299904327616 ], [ -74.173724186012379, 40.59927604414387 ], [ -74.173671432374917, 40.599243665308684 ], [ -74.173626570037356, 40.59922921305067 ], [ -74.173548090128307, 40.599214811439026 ], [ -74.173479744743148, 40.599220038615876 ], [ -74.173430495567658, 40.599241467930241 ], [ -74.173406474035261, 40.599262531307282 ], [ -74.173389178953698, 40.599267156615859 ], [ -74.173374470468175, 40.599272801707301 ], [ -74.173352142871451, 40.599284779019698 ], [ -74.173320257343647, 40.599305833569787 ], [ -74.173297272038255, 40.599331659317492 ], [ -74.173277747628575, 40.59935946806791 ], [ -74.173259705638486, 40.599398598796157 ], [ -74.17324201536394, 40.599444874630592 ], [ -74.173239031970283, 40.599459361322353 ], [ -74.173238742527857, 40.599476267304887 ], [ -74.173244074979678, 40.599504318693342 ], [ -74.173258446974828, 40.599538873634401 ], [ -74.173261825884396, 40.599556694452232 ], [ -74.173260295572291, 40.59956383972078 ], [ -74.173228464303321, 40.599643328352244 ], [ -74.173180259739567, 40.599718840592402 ], [ -74.173141489384278, 40.599788158340132 ], [ -74.173100286658084, 40.599850307992696 ], [ -74.173048119710913, 40.599916884866992 ], [ -74.173025999671935, 40.599939787868131 ], [ -74.17300579196953, 40.599955219999543 ], [ -74.172984763201129, 40.599968426284377 ], [ -74.172959482499991, 40.599982558404399 ], [ -74.172926161887418, 40.599996161486338 ], [ -74.172882762111684, 40.600009232985023 ], [ -74.172777571751567, 40.600039354246299 ], [ -74.172753992202828, 40.600048445398308 ], [ -74.172742090848089, 40.600055496394077 ], [ -74.172734417023193, 40.600062246548113 ], [ -74.172722921438762, 40.600077794211401 ], [ -74.172706850865012, 40.600107775224252 ], [ -74.172696946695609, 40.600128810133043 ], [ -74.172689581473506, 40.600149364019622 ], [ -74.172686896409246, 40.600162803806683 ], [ -74.172686738637907, 40.600172606280069 ], [ -74.172689329456134, 40.600183541088555 ], [ -74.172693619084512, 40.600193089160996 ], [ -74.172702038345633, 40.600205522717026 ], [ -74.172713164526286, 40.600216295535041 ], [ -74.172711355869552, 40.60022313275249 ], [ -74.172729395753493, 40.600265813004356 ], [ -74.172770941315989, 40.600298208192712 ], [ -74.172843859663459, 40.600327995153243 ], [ -74.17292121178896, 40.600338982278018 ], [ -74.172981741168925, 40.60034487162811 ], [ -74.17302097608939, 40.600349937467833 ], [ -74.173064675848082, 40.600348161653173 ], [ -74.173102773202444, 40.600346396014146 ], [ -74.173129000038529, 40.600346764628966 ], [ -74.173128854506672, 40.600352112093042 ], [ -74.173125442400277, 40.600371717186732 ], [ -74.173112176041172, 40.600406038172565 ], [ -74.17309926465451, 40.600427303696854 ], [ -74.17308801969692, 40.600440610556632 ], [ -74.173065335461629, 40.600463778282624 ], [ -74.173035417766968, 40.600485394422563 ], [ -74.173004032946352, 40.600502032037966 ], [ -74.172988329220175, 40.600510327895442 ], [ -74.172972156179, 40.600523091077108 ], [ -74.172959497562914, 40.600530244046311 ], [ -74.172942121763157, 40.600537028634882 ], [ -74.172906230442777, 40.600540767580668 ], [ -74.172760519923528, 40.600547557737372 ], [ -74.172585946786498, 40.600543057871974 ], [ -74.1725457651076, 40.600544762549362 ], [ -74.172519036147605, 40.600547627582493 ], [ -74.172508460024076, 40.600550029902884 ], [ -74.172499084199799, 40.600553348861979 ], [ -74.172488500144254, 40.600558167263586 ], [ -74.172485219510904, 40.600560561231447 ], [ -74.17248030513484, 40.600569915134059 ], [ -74.172477649448652, 40.60057914860537 ], [ -74.172477499228677, 40.600589636341198 ], [ -74.17248156336349, 40.600596486832842 ], [ -74.172511936681929, 40.600616828814893 ], [ -74.172512922503032, 40.600626594685032 ], [ -74.172543285249503, 40.600667549105232 ], [ -74.172585950186999, 40.600698234388503 ], [ -74.172644314497859, 40.600734022713759 ], [ -74.172710508403142, 40.60076381893505 ], [ -74.17276771432617, 40.600784234320997 ], [ -74.172783582302245, 40.600786628137335 ], [ -74.172788280253357, 40.600805336225115 ], [ -74.17279030464681, 40.600825199601573 ], [ -74.172788725527681, 40.600846919995533 ], [ -74.172785133711571, 40.600859637137376 ], [ -74.172779212540377, 40.600873931959285 ], [ -74.172758671147633, 40.6009025788454 ], [ -74.172724818523918, 40.600948297089388 ], [ -74.172712185213484, 40.600962485783676 ], [ -74.172700511698721, 40.600974139923544 ], [ -74.172683076077888, 40.600986207972646 ], [ -74.172664402391817, 40.600996513702725 ], [ -74.172637438150602, 40.601006226666527 ], [ -74.172565951940996, 40.601023941022248 ], [ -74.172517880175207, 40.601030675314625 ], [ -74.172469459920066, 40.601035201941471 ], [ -74.172426889781988, 40.601041310100882 ], [ -74.172401855295931, 40.6010480303786 ], [ -74.172372243234221, 40.601060482238438 ], [ -74.172341807629323, 40.60107707231866 ], [ -74.172319713677325, 40.601090149479788 ], [ -74.172294721832216, 40.601108874636779 ], [ -74.172284346322641, 40.601119909949006 ], [ -74.172274874254285, 40.601134052446781 ], [ -74.172264919967702, 40.601153170195175 ], [ -74.172263229604482, 40.601161557482094 ], [ -74.172263276850259, 40.601166562562881 ], [ -74.17226476039626, 40.601171035912529 ], [ -74.17228490260581, 40.601201940609705 ], [ -74.172300469488121, 40.601215204452636 ], [ -74.172307366349187, 40.601219098111677 ], [ -74.172310556733777, 40.601243606157347 ], [ -74.172342030954738, 40.601281142381893 ], [ -74.172364465424067, 40.601289650290056 ], [ -74.172392510085999, 40.601300711675115 ], [ -74.172451920162018, 40.601306601145048 ], [ -74.172525857139746, 40.60129624232809 ], [ -74.17259530038173, 40.601282469027176 ], [ -74.172615476115325, 40.601283293347159 ], [ -74.172651425180405, 40.601318261629764 ], [ -74.172696357081279, 40.6013591941309 ], [ -74.172745783929045, 40.601373690342179 ], [ -74.172751082892134, 40.601386672634931 ], [ -74.172755490964462, 40.601404944861791 ], [ -74.17275631674913, 40.601411717048599 ], [ -74.172750287085805, 40.601412925818316 ], [ -74.172714452618976, 40.601422375708282 ], [ -74.172702203387786, 40.601453143419349 ], [ -74.172705145521007, 40.601456094604167 ], [ -74.17270464378106, 40.601456132336004 ], [ -74.172691813880149, 40.601454671127115 ], [ -74.172670949423846, 40.601446569863469 ], [ -74.172652683292483, 40.601436730217735 ], [ -74.172642695162324, 40.601434462418872 ], [ -74.172635146046602, 40.60143375777632 ], [ -74.172628717681235, 40.601434229407346 ], [ -74.172623696207737, 40.601436892623582 ], [ -74.172621252979297, 40.601441011698711 ], [ -74.172619107500623, 40.601450220061047 ], [ -74.172615841352936, 40.601473807890237 ], [ -74.172614706791762, 40.601485101260714 ], [ -74.172613362448814, 40.601493407968434 ], [ -74.172609815113773, 40.601500079884225 ], [ -74.172600183536247, 40.601508678128333 ], [ -74.172593654660702, 40.601512354824884 ], [ -74.172587324860942, 40.601514828166238 ], [ -74.172573389300297, 40.601518936547144 ], [ -74.172542298877644, 40.601526749362549 ], [ -74.172520851792513, 40.601530051381587 ], [ -74.172485467137136, 40.601536644979461 ], [ -74.172454860095556, 40.601539988586062 ], [ -74.172432282553629, 40.601547464330494 ], [ -74.172403885630686, 40.601559768469905 ], [ -74.172368522959118, 40.601574944946904 ], [ -74.172356058390022, 40.601579511235848 ], [ -74.172340510521551, 40.601582396443909 ], [ -74.172326563346914, 40.601582008491327 ], [ -74.172313684780136, 40.601579983599677 ], [ -74.172300810427586, 40.601579594957663 ], [ -74.172287943444189, 40.601582066364045 ], [ -74.172275080562088, 40.601586173101403 ], [ -74.172262762617166, 40.601593547939018 ], [ -74.172248855443627, 40.601608693071469 ], [ -74.172222614888454, 40.601639888786679 ], [ -74.172202755531501, 40.601662865707873 ], [ -74.172193125826794, 40.60167269039605 ], [ -74.172181878313793, 40.601679655687377 ], [ -74.17216312694022, 40.601687858694419 ], [ -74.17211649794983, 40.601702234250936 ], [ -74.172109752597478, 40.601705322348636 ], [ -74.172104684976176, 40.601708922121006 ], [ -74.172102048660406, 40.601713777196963 ], [ -74.172100544429767, 40.60172012009297 ], [ -74.17210002385012, 40.601729516008689 ], [ -74.172100982904013, 40.601733502982327 ], [ -74.172104427087049, 40.601739527751654 ], [ -74.172112523373187, 40.60174721695428 ], [ -74.172124305241354, 40.601755054575463 ], [ -74.172133443464702, 40.601759908256696 ], [ -74.172169112889435, 40.601772545931816 ], [ -74.172180073235708, 40.60177703303431 ], [ -74.172186102441017, 40.601784881104628 ], [ -74.172188026941058, 40.601791709544386 ], [ -74.172188069427548, 40.601799941216072 ], [ -74.172187050976902, 40.601808230279552 ], [ -74.172182700636469, 40.601816896209954 ], [ -74.172172792057097, 40.601826700648772 ], [ -74.172154362072916, 40.601838630474063 ], [ -74.172135832069159, 40.60185157710319 ], [ -74.172122463627005, 40.601865394118413 ], [ -74.172100293176669, 40.601888786849372 ], [ -74.172084628546415, 40.601916586096969 ], [ -74.172079417230805, 40.601936868330064 ], [ -74.172078468538373, 40.601960545036611 ], [ -74.172050197835532, 40.601971744226994 ], [ -74.171984147993385, 40.601998323838423 ], [ -74.171922594882631, 40.6020308734861 ], [ -74.17190356672657, 40.602039442465859 ], [ -74.171772571293431, 40.602087472365525 ], [ -74.171703183936941, 40.60212430386337 ], [ -74.171696474406062, 40.602129440594133 ], [ -74.171676456501018, 40.602189259889876 ], [ -74.171667589457897, 40.602215059870055 ], [ -74.171655438282514, 40.6022082789843 ], [ -74.171639731387671, 40.602201745687957 ], [ -74.171625310223206, 40.602197631057884 ], [ -74.171617967174242, 40.602196672209942 ], [ -74.171612461060263, 40.602197008213651 ], [ -74.171604209001529, 40.602198637879113 ], [ -74.171598404645863, 40.60220102303829 ], [ -74.171594025680335, 40.602204090424415 ], [ -74.171591330850873, 40.602207851446622 ], [ -74.171588979394258, 40.602213250890124 ], [ -74.171588172798394, 40.602217082047105 ], [ -74.171587952333965, 40.602221894769826 ], [ -74.171595832305613, 40.602297663953195 ], [ -74.171627966260715, 40.602418208788443 ], [ -74.171536378286262, 40.602402534964064 ], [ -74.171447566714008, 40.602384967593046 ], [ -74.171397771257048, 40.602377455793928 ], [ -74.171333041870781, 40.602369966309745 ], [ -74.171270807901337, 40.602364370354927 ], [ -74.171125995084296, 40.602353749077849 ], [ -74.171079529828631, 40.602350656472716 ], [ -74.171008168504656, 40.602344441805982 ], [ -74.169193253329965, 40.602172619391638 ], [ -74.169288137705934, 40.601912288549009 ] ] ], [ [ [ -74.175583547435991, 40.598474871172051 ], [ -74.175542483397933, 40.598489660199682 ], [ -74.175518549134949, 40.598496485731971 ], [ -74.175503304938161, 40.598500833399306 ], [ -74.175490217922231, 40.598505640505948 ], [ -74.175479501790448, 40.598511703019668 ], [ -74.175460384328673, 40.598525337284606 ], [ -74.175393176306045, 40.598562528881295 ], [ -74.175319121452972, 40.598615368447369 ], [ -74.175254171051023, 40.598668543377912 ], [ -74.17526114696328, 40.59864931645518 ], [ -74.175278991074123, 40.59861683071864 ], [ -74.175320345513896, 40.598575769515215 ], [ -74.175367319033512, 40.598540677365577 ], [ -74.175394161336555, 40.598520989608751 ], [ -74.175455743131238, 40.598501249839629 ], [ -74.17549829923621, 40.598490933303204 ], [ -74.175544188400934, 40.598469510904614 ], [ -74.17556024422089, 40.598462100387003 ], [ -74.175583547435991, 40.598474871172051 ] ] ], [ [ [ -74.173622479626829, 40.599281428141254 ], [ -74.173533803939264, 40.599263829804762 ], [ -74.173527547512876, 40.59926305525191 ], [ -74.173543729690749, 40.599261797485589 ], [ -74.173606513624719, 40.59927366082421 ], [ -74.173640160155401, 40.599283858003986 ], [ -74.173642028444192, 40.599285028205209 ], [ -74.173622479626829, 40.599281428141254 ] ] ], [ [ [ -74.172842776526451, 40.600267760856404 ], [ -74.172877140634995, 40.600270617865107 ], [ -74.172942449011629, 40.600272458432848 ], [ -74.172973743748727, 40.600274924726193 ], [ -74.173012108417794, 40.600281508414845 ], [ -74.173090911582392, 40.60029666177622 ], [ -74.173100444569002, 40.600298917670855 ], [ -74.173107491886796, 40.600301505011885 ], [ -74.173101536043205, 40.600301127545293 ], [ -74.173053351700531, 40.600302054680959 ], [ -74.173024216968486, 40.600302953131973 ], [ -74.172989467781974, 40.600298733310872 ], [ -74.172930057347514, 40.600292844120965 ], [ -74.172863915692673, 40.600283547520078 ], [ -74.172812433446325, 40.600262456124803 ], [ -74.172842776526451, 40.600267760856404 ] ] ], [ [ [ -74.172360246995467, 40.601236226751823 ], [ -74.172406101595854, 40.601235107130449 ], [ -74.172453275555071, 40.601230161834003 ], [ -74.172571189049052, 40.601209727639876 ], [ -74.17258558927908, 40.601208511001524 ], [ -74.172597131416452, 40.601208661168315 ], [ -74.172605677740492, 40.601209424637503 ], [ -74.17261357151672, 40.601210949989294 ], [ -74.172619077047614, 40.601212717529911 ], [ -74.172630264612707, 40.601218295701024 ], [ -74.172633576762308, 40.601221255284592 ], [ -74.172636088132776, 40.601224275470024 ], [ -74.17264015828934, 40.601231609511714 ], [ -74.172659468128629, 40.601272926520117 ], [ -74.172636683465768, 40.601250803904257 ], [ -74.172589615241478, 40.601250019957838 ], [ -74.172516807269758, 40.60126379738368 ], [ -74.172450714262709, 40.601273292584963 ], [ -74.172404757233693, 40.601269091235238 ], [ -74.172372222297824, 40.601255471848155 ], [ -74.172354281433769, 40.601235047362238 ], [ -74.172360246995467, 40.601236226751823 ] ] ], [ [ [ -74.172092178995868, 40.602033099123283 ], [ -74.172103116292377, 40.602072209622669 ], [ -74.17210418747085, 40.602079884993429 ], [ -74.172104232249154, 40.602087646566972 ], [ -74.172103068538746, 40.602094090601625 ], [ -74.172087176357422, 40.602136749779923 ], [ -74.1720795411117, 40.602150336588586 ], [ -74.172068062212404, 40.602165230423857 ], [ -74.172032570517715, 40.60220431134136 ], [ -74.171965074022694, 40.602252813750489 ], [ -74.171920885263816, 40.602281816352459 ], [ -74.171893599617462, 40.602298216958197 ], [ -74.171872217126506, 40.602307457659123 ], [ -74.171856002256561, 40.602312480770884 ], [ -74.171846036105663, 40.602314194920382 ], [ -74.171836674099751, 40.602315140066771 ], [ -74.171825747702627, 40.602314707047654 ], [ -74.171812792396508, 40.602312298540312 ], [ -74.171789922135261, 40.602304399145645 ], [ -74.171742416630366, 40.602271548688876 ], [ -74.171784119837739, 40.602220703848815 ], [ -74.171799676187121, 40.602168578129046 ], [ -74.171848862422962, 40.602120670578209 ], [ -74.17191038150834, 40.602075306541636 ], [ -74.171946199091693, 40.602058170000539 ], [ -74.172006633176707, 40.60202647569912 ], [ -74.172069323847268, 40.602000757464417 ], [ -74.172082980369751, 40.601995438893368 ], [ -74.172092178995868, 40.602033099123283 ] ] ] ] } },
{ "type": "Feature", "properties": { "Borough": "SI", "Block": 2130, "Lot": 200, "CD": 502, "BCT2020": "5022802", "BCTCB2020": "50228021000", "CT2010": "228", "CB2010": "1000", "SchoolDist": "31", "Council": 50, "ZipCode": 10314, "FireComp": "Q008", "PolicePrct": 121, "HealthCent": 51, "HealthArea": 800, "Sanitboro": "5", "SanitDistr": "02", "SanitSub": "4D", "Address": "TRAVIS AVENUE", "ZoneDist1": "PARK", "ZoneDist2": null, "ZoneDist3": null, "ZoneDist4": null, "Overlay1": null, "Overlay2": null, "SPDist1": null, "SPDist2": null, "SPDist3": null, "LtdHeight": null, "SplitZone": "N", "BldgClass": "Q0", "LandUse": "09", "Easements": 0, "OwnerType": "C", "OwnerName": "NYC DEPARTMENT OF PARKS AND RECREATION", "LotArea": 1342847, "BldgArea": 0, "ComArea": 0, "ResArea": 0, "OfficeArea": 0, "RetailArea": 0, "GarageArea": 0, "StrgeArea": 0, "FactryArea": 0, "OtherArea": 0, "AreaSource": "7", "NumBldgs": 0, "NumFloors": 0.0, "UnitsRes": 0, "UnitsTotal": 0, "LotFront": 890.83, "LotDepth": 2200.08, "BldgFront": 0.0, "BldgDepth": 0.0, "Ext": null, "ProxCode": "0", "IrrLotCode": "Y", "LotType": "5", "BsmtCode": "5", "AssessLand": 13658850.0, "AssessTot": 13658850.0, "ExemptTot": 13658850.0, "YearBuilt": 0, "YearAlter1": 0, "YearAlter2": 0, "HistDist": null, "Landmark": null, "BuiltFAR": 0.0, "ResidFAR": 0.0, "CommFAR": 0.0, "FacilFAR": 0.0, "BoroCode": 5, "BBL": 5021300200.0, "CondoNo": 0, "Tract2010": "0228", "XCoord": 935744, "YCoord": 158157, "ZoneMap": "26c", "ZMCode": null, "Sanborn": "599 999", "TaxMap": "50902", "EDesigNum": null, "APPBBL": 0.0, "APPDate": null, "PLUTOMapID": "1", "FIRM07_FLA": "1", "PFIRM15_FL": "1", "Version": "25v4", "DCPEdited": "t", "Latitude": 40.6006479, "Longitude": -74.1746744, "Notes": null, "Shape_Leng": 0.0, "Shape_Area": 1291257.6483700001 }, "geometry": { "type": "MultiPolygon", "coordinates": [ [ [ [ -74.171595832305613, 40.602297663953195 ], [ -74.171587952333965, 40.602221894769826 ], [ -74.171588172798394, 40.602217082047105 ], [ -74.171588979394258, 40.602213250890124 ], [ -74.171591330850873, 40.602207851446622 ], [ -74.171594025680335, 40.602204090424415 ], [ -74.171598404645863, 40.60220102303829 ], [ -74.171604209001529, 40.602198637879113 ], [ -74.171612461060263, 40.602197008213651 ], [ -74.171617967174242, 40.602196672209942 ], [ -74.171625310223206, 40.602197631057884 ], [ -74.171639731387671, 40.602201745687957 ], [ -74.171655438282514, 40.6022082789843 ], [ -74.171667589457897, 40.602215059870055 ], [ -74.171624174990583, 40.602341381542999 ], [ -74.171657807419379, 40.602345600769198 ], [ -74.171682470273254, 40.602348979609424 ], [ -74.171723794142551, 40.602294253366061 ], [ -74.171742416630366, 40.602271548688876 ], [ -74.171789922135261, 40.602304399145645 ], [ -74.171812792396508, 40.602312298540312 ], [ -74.171825747702627, 40.602314707047654 ], [ -74.171836674099751, 40.602315140066771 ], [ -74.171846036105663, 40.602314194920382 ], [ -74.171856002256561, 40.602312480770884 ], [ -74.171872217126506, 40.602307457659123 ], [ -74.171893599617462, 40.602298216958197 ], [ -74.171920885263816, 40.602281816352459 ], [ -74.171965074022694, 40.602252813750489 ], [ -74.172032570517715, 40.60220431134136 ], [ -74.172068062212404, 40.602165230423857 ], [ -74.1720795411117, 40.602150336588586 ], [ -74.172087176357422, 40.602136749779923 ], [ -74.172103068538746, 40.602094090601625 ], [ -74.172104232249154, 40.602087646566972 ], [ -74.17210418747085, 40.602079884993429 ], [ -74.172103116292377, 40.602072209622669 ], [ -74.172092178995868, 40.602033099123283 ], [ -74.172082980369751, 40.601995438893368 ], [ -74.172135375859753, 40.601975033327079 ], [ -74.172199181065892, 40.601946750457927 ], [ -74.17226410404345, 40.601917612192437 ], [ -74.172324535858763, 40.601884207594772 ], [ -74.172377099302082, 40.601843128834339 ], [ -74.172408416408828, 40.60181916489659 ], [ -74.172437459114335, 40.601783248921095 ], [ -74.172439542968263, 40.601722664608666 ], [ -74.172439545213692, 40.601722599098622 ], [ -74.172438288660302, 40.601669643812038 ], [ -74.172442739113691, 40.601657677263432 ], [ -74.172481921014992, 40.601641390113215 ], [ -74.172532328743017, 40.601633625801483 ], [ -74.172587236800766, 40.601631836030343 ], [ -74.172638760332347, 40.601621508941157 ], [ -74.172710481737425, 40.601620546630969 ], [ -74.172786667782916, 40.601614452694896 ], [ -74.17282921193744, 40.601598160373463 ], [ -74.172849314826038, 40.601571651109566 ], [ -74.172846965416639, 40.601529800060547 ], [ -74.17281775189781, 40.601499947507286 ], [ -74.1727649837147, 40.601462446085741 ], [ -74.172750377535337, 40.601447945261043 ], [ -74.172763817362721, 40.601444509408807 ], [ -74.172807496772194, 40.601435045873536 ], [ -74.172825346236877, 40.601403415127528 ], [ -74.172816298619111, 40.601370969366911 ], [ -74.172790471717008, 40.601351364972864 ], [ -74.172722059119508, 40.601330966431327 ], [ -74.172684993204854, 40.601297709894446 ], [ -74.172659468128629, 40.601272926520117 ], [ -74.17264015828934, 40.601231609511714 ], [ -74.172636088132776, 40.601224275470024 ], [ -74.172633576762308, 40.601221255284592 ], [ -74.172630264612707, 40.601218295701024 ], [ -74.172619077047614, 40.601212717529911 ], [ -74.17261357151672, 40.601210949989294 ], [ -74.172605677740492, 40.601209424637503 ], [ -74.172597131416452, 40.601208661168315 ], [ -74.17258558927908, 40.601208511001524 ], [ -74.172571189049052, 40.601209727639876 ], [ -74.172453275555071, 40.601230161834003 ], [ -74.172406101595854, 40.601235107130449 ], [ -74.172360246995467, 40.601236226751823 ], [ -74.172354281433769, 40.601235047362238 ], [ -74.172351991655887, 40.601232440628714 ], [ -74.172346260310135, 40.601182906870804 ], [ -74.172349565531832, 40.601160693135867 ], [ -74.172385379106629, 40.601142702775924 ], [ -74.172452585497609, 40.60112978843933 ], [ -74.172523163030604, 40.601121142953133 ], [ -74.172559743940084, 40.601116660510456 ], [ -74.172593741637186, 40.601112494661606 ], [ -74.172663233399163, 40.601116660597398 ], [ -74.172738327428362, 40.601121671760019 ], [ -74.17277235871552, 40.601116660656459 ], [ -74.172814504276275, 40.601110454786536 ], [ -74.172854797943387, 40.601091602019885 ], [ -74.172877112084791, 40.6010531304713 ], [ -74.172897166214995, 40.601007830074025 ], [ -74.172921715906256, 40.600967647784849 ], [ -74.172949597189003, 40.600915500603605 ], [ -74.172968517861207, 40.600865077862899 ], [ -74.172958278353377, 40.600805301086311 ], [ -74.172926840346491, 40.600782285988309 ], [ -74.172851709055323, 40.600763606756239 ], [ -74.172781081199346, 40.600752609479677 ], [ -74.172730606778288, 40.600734748639816 ], [ -74.172670018636111, 40.600706650545511 ], [ -74.172615023269728, 40.600673421746137 ], [ -74.172577973097574, 40.600646997476417 ], [ -74.172555481422094, 40.600617136522573 ], [ -74.172554322850246, 40.600601762725617 ], [ -74.172566615962396, 40.600588930715901 ], [ -74.172581172220532, 40.600584640360111 ], [ -74.17262937682581, 40.600590546554045 ], [ -74.172694427314354, 40.600611801206995 ], [ -74.17276172357488, 40.600633908895489 ], [ -74.172839050663825, 40.600635500975912 ], [ -74.17291302205949, 40.600638808097273 ], [ -74.172988096893832, 40.600636130520179 ], [ -74.173063157352161, 40.600627475195537 ], [ -74.173128105316778, 40.60060858798083 ], [ -74.173157174735067, 40.600582918843145 ], [ -74.17319963641134, 40.600535021747966 ], [ -74.173233120923967, 40.600482866890573 ], [ -74.173257632603224, 40.600428162731212 ], [ -74.173266491327894, 40.600387150321325 ], [ -74.173254042296762, 40.600340189622344 ], [ -74.173232709436135, 40.600323992459629 ], [ -74.173196816702642, 40.600312088496025 ], [ -74.173154213849983, 40.60030446572938 ], [ -74.173107491886796, 40.600301505011885 ], [ -74.173100444569002, 40.600298917670855 ], [ -74.173090911582392, 40.60029666177622 ], [ -74.173012108417794, 40.600281508414845 ], [ -74.172973743748727, 40.600274924726193 ], [ -74.172942449011629, 40.600272458432848 ], [ -74.172877140634995, 40.600270617865107 ], [ -74.172842776526451, 40.600267760856404 ], [ -74.172812433446325, 40.600262456124803 ], [ -74.172807825962039, 40.600260568528114 ], [ -74.172783119595323, 40.60024096161095 ], [ -74.172774102934568, 40.600220473746887 ], [ -74.172780759240666, 40.600194839383803 ], [ -74.172815387076838, 40.600151226223474 ], [ -74.172858982957266, 40.600109305184006 ], [ -74.172903723278793, 40.600075925700253 ], [ -74.172963063633603, 40.600056191483731 ], [ -74.173032511128056, 40.60004412803864 ], [ -74.173101955278312, 40.6000303581053 ], [ -74.173146720745549, 40.60000722639316 ], [ -74.173185801985241, 40.599952502983079 ], [ -74.17321703818449, 40.599898641465174 ], [ -74.173225432417809, 40.59988079103119 ], [ -74.173241557512043, 40.59984650111214 ], [ -74.173270565912361, 40.599796915043839 ], [ -74.173302930911774, 40.599745617373564 ], [ -74.173328565781901, 40.599691766107789 ], [ -74.173349710291617, 40.599635358625463 ], [ -74.173363006935162, 40.599577256521975 ], [ -74.173366220971431, 40.599520023304777 ], [ -74.173371682813823, 40.599465347836812 ], [ -74.173383872592808, 40.599412370514536 ], [ -74.173401669103711, 40.599361093863017 ], [ -74.173429562631668, 40.599314071408166 ], [ -74.173469810744521, 40.599278138339947 ], [ -74.173498913892999, 40.599265280864799 ], [ -74.173527547512876, 40.59926305525191 ], [ -74.173533803939264, 40.599263829804762 ], [ -74.173622479626829, 40.599281428141254 ], [ -74.173642028444192, 40.599285028205209 ], [ -74.173685056820432, 40.59931197929302 ], [ -74.173728834742519, 40.599340099577077 ], [ -74.173801734517312, 40.599363905560175 ], [ -74.17387350011451, 40.599380880886002 ], [ -74.173945262237396, 40.599397857092441 ], [ -74.174018135673052, 40.599410556787014 ], [ -74.174089886831624, 40.599422408046237 ], [ -74.174158282319112, 40.599436825400311 ], [ -74.174228925798317, 40.59945380228794 ], [ -74.17429956354276, 40.59946907076548 ], [ -74.174367966930745, 40.599486903727289 ], [ -74.174439725931961, 40.599502169498287 ], [ -74.174512609706127, 40.599518289043999 ], [ -74.174587718780089, 40.599529276692977 ], [ -74.174663934784164, 40.599534287651814 ], [ -74.174740138433947, 40.599535027390374 ], [ -74.174818555331441, 40.599524657523048 ], [ -74.174850890913376, 40.599513918462826 ], [ -74.174885733963592, 40.599502346574916 ], [ -74.174945010844851, 40.599457838907611 ], [ -74.174984100070475, 40.599408237982274 ], [ -74.175020949457618, 40.599357786683889 ], [ -74.175039925209987, 40.599328715009392 ], [ -74.175055550797452, 40.599304774141288 ], [ -74.17508006290663, 40.599250926864357 ], [ -74.175102333693644, 40.599197080318667 ], [ -74.175124601290506, 40.599141525398942 ], [ -74.175143514129502, 40.599089390408004 ], [ -74.175169145031077, 40.599034685880873 ], [ -74.175183566721913, 40.598978288378902 ], [ -74.175199108186547, 40.59892274377372 ], [ -74.175210163020523, 40.598864643943827 ], [ -74.175213468321161, 40.598843285645302 ], [ -74.175218980062283, 40.598808255813324 ], [ -74.175228924867099, 40.598754427103721 ], [ -74.175242231814082, 40.598701450550372 ], [ -74.175254171051023, 40.598668543377912 ], [ -74.175319121452972, 40.598615368447369 ], [ -74.175393176306045, 40.598562528881295 ], [ -74.175460384328673, 40.598525337284606 ], [ -74.175479501790448, 40.598511703019668 ], [ -74.175490217922231, 40.598505640505948 ], [ -74.175503304938161, 40.598500833399306 ], [ -74.175518549134949, 40.598496485731971 ], [ -74.175542483397933, 40.598489660199682 ], [ -74.175583547435991, 40.598474871172051 ], [ -74.178036935989155, 40.599830328203971 ], [ -74.175475535395762, 40.601595817522494 ], [ -74.174640831234314, 40.60217111786983 ], [ -74.172780713114804, 40.602848853068004 ], [ -74.172810106475055, 40.602778413099415 ], [ -74.172793018727376, 40.60278399685015 ], [ -74.172767365745145, 40.60279122161019 ], [ -74.172750086315546, 40.602794840594179 ], [ -74.172732804887929, 40.602797261123165 ], [ -74.172712377231932, 40.602799288228169 ], [ -74.17269718551016, 40.602799710864829 ], [ -74.172673607962892, 40.602798947553353 ], [ -74.172658409767735, 40.602797372853672 ], [ -74.172637443405137, 40.602793412242896 ], [ -74.172615424779266, 40.602787856690554 ], [ -74.172597077057631, 40.602782693602272 ], [ -74.172571907173833, 40.602774748203665 ], [ -74.172548306978399, 40.602765202085251 ], [ -74.172455765700306, 40.602717360954728 ], [ -74.172326217357735, 40.602651901495051 ], [ -74.172299157258337, 40.602639383322078 ], [ -74.172255601405908, 40.602622869988721 ], [ -74.172178382589507, 40.602590331685832 ], [ -74.172073284608501, 40.602549694343111 ], [ -74.172025115260183, 40.602533188663983 ], [ -74.171987501921237, 40.602519681259558 ], [ -74.17194725291445, 40.602506680172567 ], [ -74.171892493359763, 40.602490686848341 ], [ -74.17176028216862, 40.602452082571808 ], [ -74.171669901504302, 40.602428103281873 ], [ -74.171627966260715, 40.602418208788443 ], [ -74.171595832305613, 40.602297663953195 ] ] ], [ [ [ -74.172079417230805, 40.601936868330064 ], [ -74.172084628546415, 40.601916586096969 ], [ -74.172100293176669, 40.601888786849372 ], [ -74.172122463627005, 40.601865394118413 ], [ -74.172135832069159, 40.60185157710319 ], [ -74.172154362072916, 40.601838630474063 ], [ -74.172172792057097, 40.601826700648772 ], [ -74.172182700636469, 40.601816896209954 ], [ -74.172187050976902, 40.601808230279552 ], [ -74.172188069427548, 40.601799941216072 ], [ -74.172188026941058, 40.601791709544386 ], [ -74.172186102441017, 40.601784881104628 ], [ -74.172180073235708, 40.60177703303431 ], [ -74.172169112889435, 40.601772545931816 ], [ -74.172133443464702, 40.601759908256696 ], [ -74.172124305241354, 40.601755054575463 ], [ -74.172112523373187, 40.60174721695428 ], [ -74.172104427087049, 40.601739527751654 ], [ -74.172100982904013, 40.601733502982327 ], [ -74.17210002385012, 40.601729516008689 ], [ -74.172100544429767, 40.60172012009297 ], [ -74.172102048660406, 40.601713777196963 ], [ -74.172104684976176, 40.601708922121006 ], [ -74.172109752597478, 40.601705322348636 ], [ -74.17211649794983, 40.601702234250936 ], [ -74.17216312694022, 40.601687858694419 ], [ -74.172181878313793, 40.601679655687377 ], [ -74.172193125826794, 40.60167269039605 ], [ -74.172202755531501, 40.601662865707873 ], [ -74.172222614888454, 40.601639888786679 ], [ -74.172248855443627, 40.601608693071469 ], [ -74.172262762617166, 40.601593547939018 ], [ -74.172275080562088, 40.601586173101403 ], [ -74.172287943444189, 40.601582066364045 ], [ -74.172300810427586, 40.601579594957663 ], [ -74.172313684780136, 40.601579983599677 ], [ -74.172326563346914, 40.601582008491327 ], [ -74.172340510521551, 40.601582396443909 ], [ -74.172356058390022, 40.601579511235848 ], [ -74.172368522959118, 40.601574944946904 ], [ -74.172403885630686, 40.601559768469905 ], [ -74.172432282553629, 40.601547464330494 ], [ -74.172454860095556, 40.601539988586062 ], [ -74.172485467137136, 40.601536644979461 ], [ -74.172520851792513, 40.601530051381587 ], [ -74.172542298877644, 40.601526749362549 ], [ -74.172573389300297, 40.601518936547144 ], [ -74.172587324860942, 40.601514828166238 ], [ -74.172593654660702, 40.601512354824884 ], [ -74.172600183536247, 40.601508678128333 ], [ -74.172609815113773, 40.601500079884225 ], [ -74.172613362448814, 40.601493407968434 ], [ -74.172614706791762, 40.601485101260714 ], [ -74.172615841352936, 40.601473807890237 ], [ -74.172619107500623, 40.601450220061047 ], [ -74.172621252979297, 40.601441011698711 ], [ -74.172623696207737, 40.601436892623582 ], [ -74.172628717681235, 40.601434229407346 ], [ -74.172635146046602, 40.60143375777632 ], [ -74.172642695162324, 40.601434462418872 ], [ -74.172652683292483, 40.601436730217735 ], [ -74.172670949423846, 40.601446569863469 ], [ -74.172691813880149, 40.601454671127115 ], [ -74.17270464378106, 40.601456132336004 ], [ -74.172705145521007, 40.601456094604167 ], [ -74.172733663583941, 40.601484700080448 ], [ -74.172785310546942, 40.601522204957561 ], [ -74.172804409170482, 40.601540968456071 ], [ -74.172805589980754, 40.601564029062921 ], [ -74.172798890526096, 40.601573436109518 ], [ -74.172774257580201, 40.601582013740945 ], [ -74.172707032143634, 40.601587237763923 ], [ -74.172631951818104, 40.601588206035075 ], [ -74.172580430516277, 40.601599387722956 ], [ -74.172526643715742, 40.601601177650096 ], [ -74.172467270810344, 40.601609807335173 ], [ -74.172405699577354, 40.601634670340879 ], [ -74.172394571396893, 40.601665438178685 ], [ -74.17239584134073, 40.601722664631545 ], [ -74.172393727571702, 40.601773063831637 ], [ -74.172374743580832, 40.6017987176525 ], [ -74.172346782236744, 40.601820111898817 ], [ -74.172296453555873, 40.601858624400826 ], [ -74.17223938104047, 40.601890314658256 ], [ -74.172177814857235, 40.601917741432665 ], [ -74.172115130899144, 40.601946021691631 ], [ -74.172078468538373, 40.601960545036611 ], [ -74.172079417230805, 40.601936868330064 ] ] ], [ [ [ -74.172755490964462, 40.601404944861791 ], [ -74.172751082892134, 40.601386672634931 ], [ -74.172745783929045, 40.601373690342179 ], [ -74.172765890913013, 40.601379587488857 ], [ -74.17277711917005, 40.601388112989945 ], [ -74.172780511320312, 40.601400067767649 ], [ -74.172776048699276, 40.601407761320488 ], [ -74.17275631674913, 40.601411717048599 ], [ -74.172755490964462, 40.601404944861791 ] ] ], [ [ [ -74.172300469488121, 40.601215204452636 ], [ -74.17228490260581, 40.601201940609705 ], [ -74.17226476039626, 40.601171035912529 ], [ -74.172263276850259, 40.601166562562881 ], [ -74.172263229604482, 40.601161557482094 ], [ -74.172264919967702, 40.601153170195175 ], [ -74.172274874254285, 40.601134052446781 ], [ -74.172284346322641, 40.601119909949006 ], [ -74.172294721832216, 40.601108874636779 ], [ -74.172319713677325, 40.601090149479788 ], [ -74.172341807629323, 40.60107707231866 ], [ -74.172372243234221, 40.601060482238438 ], [ -74.172401855295931, 40.6010480303786 ], [ -74.172426889781988, 40.601041310100882 ], [ -74.172469459920066, 40.601035201941471 ], [ -74.172517880175207, 40.601030675314625 ], [ -74.172565951940996, 40.601023941022248 ], [ -74.172637438150602, 40.601006226666527 ], [ -74.172664402391817, 40.600996513702725 ], [ -74.172683076077888, 40.600986207972646 ], [ -74.172700511698721, 40.600974139923544 ], [ -74.172712185213484, 40.600962485783676 ], [ -74.172724818523918, 40.600948297089388 ], [ -74.172758671147633, 40.6009025788454 ], [ -74.172779212540377, 40.600873931959285 ], [ -74.172785133711571, 40.600859637137376 ], [ -74.172788725527681, 40.600846919995533 ], [ -74.17279030464681, 40.600825199601573 ], [ -74.172788280253357, 40.600805336225115 ], [ -74.172783582302245, 40.600786628137335 ], [ -74.172840585735074, 40.600795227397015 ], [ -74.172903382026377, 40.600811362289235 ], [ -74.172917977055079, 40.600821591005364 ], [ -74.172924806716978, 40.600862581633081 ], [ -74.172908103947421, 40.600904459494899 ], [ -74.172882459549854, 40.6009548932551 ], [ -74.172857910939314, 40.600995076455675 ], [ -74.17283673677926, 40.601040379449771 ], [ -74.172820000806908, 40.601069446465367 ], [ -74.172798735023719, 40.601079729172241 ], [ -74.172736001267154, 40.601088363964806 ], [ -74.172667630852516, 40.601084194548967 ], [ -74.172592534459241, 40.601079185100275 ], [ -74.172516353417805, 40.60108784004052 ], [ -74.17244353909625, 40.601098198088607 ], [ -74.172367371115911, 40.601111979621713 ], [ -74.172358285853008, 40.601116660315022 ], [ -74.172309174857588, 40.601141962474856 ], [ -74.172302552172482, 40.601182117770541 ], [ -74.172307366349187, 40.601219098111677 ], [ -74.172300469488121, 40.601215204452636 ] ] ], [ [ [ -74.17248156336349, 40.600596486832842 ], [ -74.172477499228677, 40.600589636341198 ], [ -74.172477649448652, 40.60057914860537 ], [ -74.17248030513484, 40.600569915134059 ], [ -74.172485219510904, 40.600560561231447 ], [ -74.172488500144254, 40.600558167263586 ], [ -74.172499084199799, 40.600553348861979 ], [ -74.172508460024076, 40.600550029902884 ], [ -74.172519036147605, 40.600547627582493 ], [ -74.1725457651076, 40.600544762549362 ], [ -74.172585946786498, 40.600543057871974 ], [ -74.172760519923528, 40.600547557737372 ], [ -74.172906230442777, 40.600540767580668 ], [ -74.172942121763157, 40.600537028634882 ], [ -74.172959497562914, 40.600530244046311 ], [ -74.172972156179, 40.600523091077108 ], [ -74.172988329220175, 40.600510327895442 ], [ -74.173004032946352, 40.600502032037966 ], [ -74.173035417766968, 40.600485394422563 ], [ -74.173065335461629, 40.600463778282624 ], [ -74.17308801969692, 40.600440610556632 ], [ -74.17309926465451, 40.600427303696854 ], [ -74.173112176041172, 40.600406038172565 ], [ -74.173125442400277, 40.600371717186732 ], [ -74.173128854506672, 40.600352112093042 ], [ -74.173129000038529, 40.600346764628966 ], [ -74.173157686821554, 40.600347167934189 ], [ -74.173193554032309, 40.600349677646562 ], [ -74.173214864769136, 40.600357332476506 ], [ -74.173222789330552, 40.600388068934393 ], [ -74.17321615087188, 40.600420537461687 ], [ -74.173192743476704, 40.600470115075922 ], [ -74.173184859083023, 40.600482866890076 ], [ -74.17316261250933, 40.600518847369557 ], [ -74.173123504600099, 40.600562469136342 ], [ -74.173102258914668, 40.600580437714207 ], [ -74.173051867310363, 40.600595034581211 ], [ -74.172983529409635, 40.600602825180026 ], [ -74.172912935937603, 40.600605495178797 ], [ -74.172841208000023, 40.600603039206419 ], [ -74.172771722383075, 40.600600582497862 ], [ -74.172711158608507, 40.600581881367916 ], [ -74.172641619104638, 40.600558069648116 ], [ -74.172577726257913, 40.600551331480673 ], [ -74.172538527396654, 40.600560787286106 ], [ -74.172509474267457, 40.600592434800028 ], [ -74.172511936681929, 40.600616828814893 ], [ -74.17248156336349, 40.600596486832842 ] ] ], [ [ [ -74.172702038345633, 40.600205522717026 ], [ -74.172693619084512, 40.600193089160996 ], [ -74.172689329456134, 40.600183541088555 ], [ -74.172686738637907, 40.600172606280069 ], [ -74.172686896409246, 40.600162803806683 ], [ -74.172689581473506, 40.600149364019622 ], [ -74.172696946695609, 40.600128810133043 ], [ -74.172706850865012, 40.600107775224252 ], [ -74.172722921438762, 40.600077794211401 ], [ -74.172734417023193, 40.600062246548113 ], [ -74.172742090848089, 40.600055496394077 ], [ -74.172753992202828, 40.600048445398308 ], [ -74.172777571751567, 40.600039354246299 ], [ -74.172882762111684, 40.600009232985023 ], [ -74.172926161887418, 40.599996161486338 ], [ -74.172959482499991, 40.599982558404399 ], [ -74.172984763201129, 40.599968426284377 ], [ -74.17300579196953, 40.599955219999543 ], [ -74.173025999671935, 40.599939787868131 ], [ -74.173048119710913, 40.599916884866992 ], [ -74.173100286658084, 40.599850307992696 ], [ -74.173141489384278, 40.599788158340132 ], [ -74.173180259739567, 40.599718840592402 ], [ -74.173228464303321, 40.599643328352244 ], [ -74.173260295572291, 40.59956383972078 ], [ -74.173261825884396, 40.599556694452232 ], [ -74.173258446974828, 40.599538873634401 ], [ -74.173244074979678, 40.599504318693342 ], [ -74.173238742527857, 40.599476267304887 ], [ -74.173239031970283, 40.599459361322353 ], [ -74.17324201536394, 40.599444874630592 ], [ -74.173259705638486, 40.599398598796157 ], [ -74.173277747628575, 40.59935946806791 ], [ -74.173297272038255, 40.599331659317492 ], [ -74.173320257343647, 40.599305833569787 ], [ -74.173352142871451, 40.599284779019698 ], [ -74.173374470468175, 40.599272801707301 ], [ -74.173389178953698, 40.599267156615859 ], [ -74.173406474035261, 40.599262531307282 ], [ -74.173376826824068, 40.599288527415318 ], [ -74.173343354093745, 40.599344954411976 ], [ -74.173323330650362, 40.599402211128499 ], [ -74.173310035328711, 40.599460314984164 ], [ -74.173308958494275, 40.599476544993863 ], [ -74.173304581175827, 40.599517553332937 ], [ -74.173301360444256, 40.599572222825294 ], [ -74.173290291767586, 40.599625199368184 ], [ -74.17327025613092, 40.599677333897759 ], [ -74.173246851339911, 40.599726910603387 ], [ -74.173214485192943, 40.599777354573234 ], [ -74.173185483501342, 40.599829502593828 ], [ -74.173159839523876, 40.599880791028653 ], [ -74.173130835624875, 40.599931229826446 ], [ -74.173099570395564, 40.599974839779065 ], [ -74.173076070436196, 40.599987686039135 ], [ -74.173017826761054, 40.599998879887281 ], [ -74.172943897033463, 40.600010948309098 ], [ -74.172868881289773, 40.600036685478869 ], [ -74.172814079489257, 40.600078623365469 ], [ -74.172764891033154, 40.60012482130147 ], [ -74.17272356274961, 40.600176989563394 ], [ -74.172713164526286, 40.600216295535041 ], [ -74.172702038345633, 40.600205522717026 ] ] ], [ [ [ -74.173920958398071, 40.599335849658843 ], [ -74.174002038965554, 40.599354390348452 ], [ -74.17402936994138, 40.599364087471201 ], [ -74.173960834912108, 40.599353415123687 ], [ -74.173891315217759, 40.599336438295921 ], [ -74.17382291424444, 40.59932031333755 ], [ -74.173809226120838, 40.599315784668129 ], [ -74.173920958398071, 40.599335849658843 ] ] ], [ [ [ -74.174519347079411, 40.599470582705116 ], [ -74.174565813826717, 40.599471335231243 ], [ -74.174606866075408, 40.599467567262664 ], [ -74.174643593433998, 40.599462571167159 ], [ -74.174676535564615, 40.599456756909092 ], [ -74.17470406974482, 40.599448892192022 ], [ -74.174738069328669, 40.59943401874466 ], [ -74.174760856786307, 40.599422693361937 ], [ -74.17478388796053, 40.59940786183747 ], [ -74.174800206994036, 40.599394204918454 ], [ -74.174827004019804, 40.599363340060464 ], [ -74.174882738249124, 40.599293740181274 ], [ -74.174909073638688, 40.599263036386624 ], [ -74.174937350976421, 40.599225408119821 ], [ -74.174956326744251, 40.599198147402916 ], [ -74.17497624562958, 40.59916110007503 ], [ -74.175133503202105, 40.598820644178069 ], [ -74.175164494676181, 40.598768602891454 ], [ -74.175158450784636, 40.59880236948387 ], [ -74.175151835792889, 40.598843379551596 ], [ -74.175148511481893, 40.598857904712617 ], [ -74.175144102987005, 40.598886099612038 ], [ -74.175138574510072, 40.598914294459448 ], [ -74.17512302834551, 40.598968984542005 ], [ -74.175110843363214, 40.599022817572937 ], [ -74.175085205821702, 40.599074960037733 ], [ -74.175066295058826, 40.599127946023167 ], [ -74.175044027531825, 40.599183501769105 ], [ -74.175021753257468, 40.599236493785952 ], [ -74.174998352154546, 40.599286925455132 ], [ -74.174967101959396, 40.599335659935853 ], [ -74.174931370470929, 40.599384400220607 ], [ -74.174895626564307, 40.599428873007184 ], [ -74.17485089111392, 40.599463107870051 ], [ -74.174801627596111, 40.599479412085252 ], [ -74.174735533234752, 40.599488053084364 ], [ -74.174667173261398, 40.599487303267729 ], [ -74.174595443208162, 40.599483141024578 ], [ -74.174527058609883, 40.599472994181014 ], [ -74.174514385015954, 40.599470101652251 ], [ -74.174519347079411, 40.599470582705116 ] ] ] ] } },
{ "type": "Feature", "properties": { "Borough": "SI", "Block": 2600, "Lot": 1, "CD": 502, "BCT2020": "5022802", "BCTCB2020": "50228021001", "CT2010": "228", "CB2010": "1001", "SchoolDist": "31", "Council": 50, "ZipCode": 10314, "FireComp": "Q008", "PolicePrct": 121, "HealthCent": 51, "HealthArea": 800, "Sanitboro": "5", "SanitDistr": "02", "SanitSub": "4D", "Address": "TRAVIS AVENUE", "ZoneDist1": "PARK", "ZoneDist2": null, "ZoneDist3": null, "ZoneDist4": null, "Overlay1": null, "Overlay2": null, "SPDist1": null, "SPDist2": null, "SPDist3": null, "LtdHeight": null, "SplitZone": "N", "BldgClass": "Q0", "LandUse": "09", "Easements": 0, "OwnerType": "C", "OwnerName": "NYC DEPARTMENT OF PARKS AND RECREATION", "LotArea": 1481000, "BldgArea": 0, "ComArea": 0, "ResArea": 0, "OfficeArea": 0, "RetailArea": 0, "GarageArea": 0, "StrgeArea": 0, "FactryArea": 0, "OtherArea": 0, "AreaSource": "7", "NumBldgs": 0, "NumFloors": 0.0, "UnitsRes": 0, "UnitsTotal": 0, "LotFront": 1397.0, "LotDepth": 608.58, "BldgFront": 0.0, "BldgDepth": 0.0, "Ext": null, "ProxCode": "0", "IrrLotCode": "Y", "LotType": "5", "BsmtCode": "5", "AssessLand": 10190700.0, "AssessTot": 10190700.0, "ExemptTot": 10190700.0, "YearBuilt": 0, "YearAlter1": 0, "YearAlter2": 0, "HistDist": null, "Landmark": null, "BuiltFAR": 0.0, "ResidFAR": 0.0, "CommFAR": 0.0, "FacilFAR": 0.0, "BoroCode": 5, "BBL": 5026000001.0, "CondoNo": 0, "Tract2010": "0228", "XCoord": 935931, "YCoord": 156271, "ZoneMap": "26c", "ZMCode": null, "Sanborn": "599 999", "TaxMap": "51101", "EDesigNum": null, "APPBBL": 0.0, "APPDate": null, "PLUTOMapID": "1", "FIRM07_FLA": "1", "PFIRM15_FL": "1", "Version": "25v4", "DCPEdited": "t", "Latitude": 40.5954723, "Longitude": -74.1739875, "Notes": null, "Shape_Leng": 0.0, "Shape_Area": 1442395.60418 }, "geometry": { "type": "MultiPolygon", "coordinates": [ [ [ [ -74.171502887755821, 40.596069383267185 ], [ -74.171516935643652, 40.596029799541391 ], [ -74.172077626205237, 40.59444974858723 ], [ -74.172094522631554, 40.594436727846386 ], [ -74.172180990095299, 40.594370099994066 ], [ -74.172292438208231, 40.594284221944747 ], [ -74.172291555823051, 40.594100789853485 ], [ -74.172380325886394, 40.593913424949029 ], [ -74.172430983940345, 40.593698906871559 ], [ -74.172586134187526, 40.593407446907044 ], [ -74.172663374081736, 40.593122708201214 ], [ -74.172697936275199, 40.593046344857363 ], [ -74.172881866131533, 40.592799448740735 ], [ -74.173003482153334, 40.592725552387726 ], [ -74.17317830372285, 40.592694249849401 ], [ -74.173442322991704, 40.592701250537509 ], [ -74.173686917554917, 40.592781826713129 ], [ -74.173732655329516, 40.592806634627749 ], [ -74.174065494419182, 40.592987164661452 ], [ -74.174293097654541, 40.593226490186275 ], [ -74.174362997258086, 40.59332635152014 ], [ -74.174506625331404, 40.593646368505972 ], [ -74.174632088684021, 40.594125394309977 ], [ -74.17465623209641, 40.594263965615077 ], [ -74.174596683148394, 40.59442249810413 ], [ -74.174500554548104, 40.594678414796832 ], [ -74.17431404621864, 40.595174934012242 ], [ -74.17424812848536, 40.595350419327339 ], [ -74.174924155161534, 40.59551510194224 ], [ -74.174712588173406, 40.596053641496326 ], [ -74.175226817536355, 40.595614510211433 ], [ -74.176674874061945, 40.594647021805059 ], [ -74.176716641863109, 40.594730610115619 ], [ -74.176741771483606, 40.594835594414242 ], [ -74.176754499831873, 40.594984643241915 ], [ -74.176714914944412, 40.595115680108108 ], [ -74.176653803187378, 40.595260211985909 ], [ -74.176616426814931, 40.595340617019872 ], [ -74.176610172700606, 40.59538087108308 ], [ -74.176610249016917, 40.595418753396324 ], [ -74.176632582169788, 40.595500403023252 ], [ -74.176738025916876, 40.595711677942539 ], [ -74.17676174139352, 40.595813407195365 ], [ -74.176741173183686, 40.595897254288502 ], [ -74.176718299677532, 40.595946548219523 ], [ -74.17668891982315, 40.595986747725959 ], [ -74.176638290952155, 40.596043634275262 ], [ -74.17641021887809, 40.59617535760394 ], [ -74.176383580578332, 40.596197976469398 ], [ -74.176373548897828, 40.596222398786693 ], [ -74.176373150869978, 40.59625738210412 ], [ -74.176392360823698, 40.596327539581431 ], [ -74.176398977719714, 40.596391137125956 ], [ -74.176394213416117, 40.596443173162726 ], [ -74.17635905958366, 40.596544262428552 ], [ -74.176343703760537, 40.59661544365845 ], [ -74.176353765152243, 40.596674404482677 ], [ -74.176356062314326, 40.596711323448467 ], [ -74.176349631810268, 40.596751597589368 ], [ -74.17635511569334, 40.596795459114517 ], [ -74.176353078089434, 40.596818855184488 ], [ -74.176355350939048, 40.596879312115263 ], [ -74.176345910418021, 40.596898996753467 ], [ -74.176327312082464, 40.59692108364905 ], [ -74.176295417539961, 40.596937061025407 ], [ -74.176199313443675, 40.5969549900937 ], [ -74.176149533476448, 40.596973074171061 ], [ -74.176071125852587, 40.596984000626179 ], [ -74.17594500774068, 40.597079827652799 ], [ -74.175910069568957, 40.597113691296649 ], [ -74.175810845179981, 40.597209865212974 ], [ -74.175785778150882, 40.597224200265821 ], [ -74.175753597752248, 40.597236252512651 ], [ -74.175715211770509, 40.597244807717338 ], [ -74.175672261297862, 40.597248160259539 ], [ -74.175542289358816, 40.597214725040345 ], [ -74.175463412695137, 40.5971996274384 ], [ -74.175379222139782, 40.597202577308302 ], [ -74.175067691299802, 40.597265026208746 ], [ -74.175032738221063, 40.597272638442185 ], [ -74.174938327832976, 40.597258171094154 ], [ -74.174911642063705, 40.597260306337319 ], [ -74.174880552208663, 40.597271546248813 ], [ -74.17485729905718, 40.597294297314519 ], [ -74.174833324724034, 40.597332181056835 ], [ -74.174789701669582, 40.597362537492295 ], [ -74.174717959497457, 40.597390891447908 ], [ -74.174614649374533, 40.59740259674426 ], [ -74.174595220270234, 40.59741266985634 ], [ -74.174575839366923, 40.597441634070748 ], [ -74.174565505172126, 40.597494884298001 ], [ -74.174547211088452, 40.597565925671901 ], [ -74.174563874713428, 40.597608002611182 ], [ -74.174582248614144, 40.597623639306491 ], [ -74.174604542087039, 40.597624240362222 ], [ -74.174708985271565, 40.597587964294824 ], [ -74.174861524892208, 40.59752382302824 ], [ -74.174956198088282, 40.5974959185763 ], [ -74.175098026200402, 40.597487562784863 ], [ -74.175221244764231, 40.597471964381292 ], [ -74.175347600562688, 40.597517497710442 ], [ -74.175448897664054, 40.597571055839836 ], [ -74.175474600631333, 40.597601370639325 ], [ -74.175523156850446, 40.597740650054682 ], [ -74.17553751722285, 40.597804263759848 ], [ -74.175562650006853, 40.597844566208394 ], [ -74.175556984191402, 40.597883354134062 ], [ -74.17554017079577, 40.59792988567041 ], [ -74.175482082563704, 40.597992711191765 ], [ -74.175474638835581, 40.598026602087934 ], [ -74.175460483335982, 40.598063634436784 ], [ -74.175445815015919, 40.598101036682472 ], [ -74.175445443994903, 40.598166338833543 ], [ -74.175445175158885, 40.59821339794415 ], [ -74.171502887755821, 40.596069383267185 ] ] ] ] } },
{ "type": "Feature", "properties": { "Borough": "SI", "Block": 2600, "Lot": 75, "CD": 502, "BCT2020": "5022802", "BCTCB2020": "50228021001", "CT2010": "228", "CB2010": "1001", "SchoolDist": "31", "Council": 50, "ZipCode": 10314, "FireComp": "Q008", "PolicePrct": 121, "HealthCent": 51, "HealthArea": 800, "Sanitboro": "5", "SanitDistr": "02", "SanitSub": "4D", "Address": "TRAVIS AVENUE", "ZoneDist1": "PARK", "ZoneDist2": null, "ZoneDist3": null, "ZoneDist4": null, "Overlay1": null, "Overlay2": null, "SPDist1": null, "SPDist2": null, "SPDist3": null, "LtdHeight": null, "SplitZone": "N", "BldgClass": "Q0", "LandUse": "09", "Easements": 0, "OwnerType": "C", "OwnerName": "NYC DEPARTMENT OF PARKS AND RECREATION", "LotArea": 398600, "BldgArea": 0, "ComArea": 0, "ResArea": 0, "OfficeArea": 0, "RetailArea": 0, "GarageArea": 0, "StrgeArea": 0, "FactryArea": 0, "OtherArea": 0, "AreaSource": "4", "NumBldgs": 0, "NumFloors": 0.0, "UnitsRes": 0, "UnitsTotal": 0, "LotFront": 525.0, "LotDepth": 1876.0, "BldgFront": 0.0, "BldgDepth": 0.0, "Ext": null, "ProxCode": "0", "IrrLotCode": "Y", "LotType": "5", "BsmtCode": "5", "AssessLand": 4406400.0, "AssessTot": 4406400.0, "ExemptTot": 4406400.0, "YearBuilt": 0, "YearAlter1": 0, "YearAlter2": 0, "HistDist": null, "Landmark": null, "BuiltFAR": 0.0, "ResidFAR": 0.0, "CommFAR": 0.0, "FacilFAR": 0.0, "BoroCode": 5, "BBL": 5026000075.0, "CondoNo": 0, "Tract2010": "0228", "XCoord": 935583, "YCoord": 155840, "ZoneMap": "26c", "ZMCode": null, "Sanborn": "599 999", "TaxMap": "51101", "EDesigNum": null, "APPBBL": 0.0, "APPDate": null, "PLUTOMapID": "1", "FIRM07_FLA": "1", "PFIRM15_FL": "1", "Version": "25v4", "DCPEdited": "t", "Latitude": 40.5942874, "Longitude": -74.1752375, "Notes": null, "Shape_Leng": 0.0, "Shape_Area": 401499.64977900003 }, "geometry": { "type": "MultiPolygon", "coordinates": [ [ [ [ -74.173732655329516, 40.592806634627749 ], [ -74.175634432096516, 40.592790079298815 ], [ -74.175637077211505, 40.592816686681665 ], [ -74.175630177159249, 40.592866622373201 ], [ -74.175601363082265, 40.592941638737749 ], [ -74.175534579096933, 40.593075223858406 ], [ -74.17551818694723, 40.593093664625115 ], [ -74.17549971427556, 40.593100770038482 ], [ -74.175474848825516, 40.593098173065087 ], [ -74.17543787946687, 40.593060886504851 ], [ -74.175378420460831, 40.593013338561221 ], [ -74.175321132671641, 40.592985165627766 ], [ -74.175262846470588, 40.592981217484152 ], [ -74.175231097811547, 40.592994992539914 ], [ -74.175219425327526, 40.593027080776437 ], [ -74.175245736470785, 40.593079655630696 ], [ -74.175286919149784, 40.593135257948276 ], [ -74.175289242712765, 40.593166356715102 ], [ -74.175281326966015, 40.593193048727208 ], [ -74.175237701055423, 40.593209057176729 ], [ -74.175185677566702, 40.59323739678242 ], [ -74.175158391955833, 40.593259765121687 ], [ -74.175146861377996, 40.59334381695313 ], [ -74.175135358287662, 40.593422616949709 ], [ -74.175113030450618, 40.593470192413243 ], [ -74.175079332852761, 40.593523399067344 ], [ -74.175073684958775, 40.593551431136831 ], [ -74.175082207626133, 40.593570145451096 ], [ -74.175101136961004, 40.593592109237306 ], [ -74.17515654206403, 40.593622537326361 ], [ -74.175176257626418, 40.593635257858423 ], [ -74.175247641716567, 40.593755021560298 ], [ -74.175255773316408, 40.593763308422609 ], [ -74.175269794459155, 40.593766865768089 ], [ -74.175370093573392, 40.593772706679367 ], [ -74.17539455934039, 40.593792632250725 ], [ -74.17542215126673, 40.593841481399934 ], [ -74.175449767838472, 40.593929502587962 ], [ -74.175443984004943, 40.593991189294336 ], [ -74.175420432345447, 40.594054533935321 ], [ -74.175363977203659, 40.594157769892213 ], [ -74.175356945965405, 40.594186179557617 ], [ -74.17542708617033, 40.594324105107283 ], [ -74.175429972194166, 40.594345281883434 ], [ -74.17541815747407, 40.594359679548056 ], [ -74.175357928827353, 40.594386265810343 ], [ -74.175354672718441, 40.594393338950837 ], [ -74.175355699441468, 40.594400162520103 ], [ -74.175366653507098, 40.594406233300028 ], [ -74.175441630562361, 40.594442879262708 ], [ -74.175475816192986, 40.594473391866977 ], [ -74.175488872947128, 40.594501485422569 ], [ -74.17547575519643, 40.594525780858717 ], [ -74.175443942357774, 40.594541459877554 ], [ -74.175283324059436, 40.594571015151217 ], [ -74.175265340774558, 40.594581094208294 ], [ -74.175262093585062, 40.594596563052022 ], [ -74.175275457847079, 40.594610392733436 ], [ -74.175298425585979, 40.594614832369537 ], [ -74.175360031658911, 40.59460797644347 ], [ -74.17551094374177, 40.59460040230951 ], [ -74.175547400152297, 40.594611140368308 ], [ -74.175615174825879, 40.594655883051168 ], [ -74.175634877605333, 40.594660451008878 ], [ -74.175652933082588, 40.594657146387803 ], [ -74.17566094555859, 40.594646131520641 ], [ -74.175659065535413, 40.594634229475979 ], [ -74.175621617857061, 40.594561807896106 ], [ -74.175590495850557, 40.594418961872634 ], [ -74.175597132640902, 40.594264154172365 ], [ -74.175629716394141, 40.594141247515999 ], [ -74.175659777113353, 40.594026211680621 ], [ -74.175665176362969, 40.593920210688587 ], [ -74.175654252328982, 40.593770793289032 ], [ -74.175657587393005, 40.59372092336902 ], [ -74.17566265313225, 40.593675536420271 ], [ -74.175674532524752, 40.593647175127572 ], [ -74.175694548676873, 40.59362048802214 ], [ -74.175723719305793, 40.593604254694256 ], [ -74.175777192558101, 40.59360657738744 ], [ -74.175855048986961, 40.593632361959685 ], [ -74.1759073968352, 40.593658618632247 ], [ -74.17600518179799, 40.593750634073992 ], [ -74.176205713665354, 40.593930360896842 ], [ -74.176482354019953, 40.594154681559679 ], [ -74.176518376023736, 40.594197346270214 ], [ -74.176544421653404, 40.594241865178937 ], [ -74.176576592996739, 40.594353205371817 ], [ -74.17662753595728, 40.594525749683058 ], [ -74.176674874061945, 40.594647021805059 ], [ -74.175226817536355, 40.595614510211433 ], [ -74.174712588173406, 40.596053641496326 ], [ -74.174924155161534, 40.59551510194224 ], [ -74.17424812848536, 40.595350419327339 ], [ -74.17431404621864, 40.595174934012242 ], [ -74.174500554548104, 40.594678414796832 ], [ -74.174596683148394, 40.59442249810413 ], [ -74.17465623209641, 40.594263965615077 ], [ -74.174632088684021, 40.594125394309977 ], [ -74.174506625331404, 40.593646368505972 ], [ -74.174362997258086, 40.59332635152014 ], [ -74.174293097654541, 40.593226490186275 ], [ -74.174065494419182, 40.592987164661452 ], [ -74.173732655329516, 40.592806634627749 ] ] ] ] } },
{ "type": "Feature", "properties": { "Borough": "SI", "Block": 2600, "Lot": 125, "CD": 502, "BCT2020": "5022802", "BCTCB2020": "50228021001", "CT2010": "228", "CB2010": "1001", "SchoolDist": "31", "Council": 50, "ZipCode": 10314, "FireComp": "Q008", "PolicePrct": 121, "HealthCent": 51, "HealthArea": 800, "Sanitboro": "5", "SanitDistr": "02", "SanitSub": "4D", "Address": "RICHMOND AVENUE", "ZoneDist1": "PARK", "ZoneDist2": null, "ZoneDist3": null, "ZoneDist4": null, "Overlay1": null, "Overlay2": null, "SPDist1": null, "SPDist2": null, "SPDist3": null, "LtdHeight": null, "SplitZone": "N", "BldgClass": "Q0", "LandUse": "09", "Easements": 0, "OwnerType": "C", "OwnerName": "NYC DEPARTMENT OF SANITATION", "LotArea": 1481040, "BldgArea": 0, "ComArea": 0, "ResArea": 0, "OfficeArea": 0, "RetailArea": 0, "GarageArea": 0, "StrgeArea": 0, "FactryArea": 0, "OtherArea": 0, "AreaSource": "7", "NumBldgs": 0, "NumFloors": 0.0, "UnitsRes": 0, "UnitsTotal": 0, "LotFront": 1000.0, "LotDepth": 1481.0, "BldgFront": 0.0, "BldgDepth": 0.0, "Ext": null, "ProxCode": "0", "IrrLotCode": "Y", "LotType": "5", "BsmtCode": "5", "AssessLand": 16392150.0, "AssessTot": 16392150.0, "ExemptTot": 16392150.0, "YearBuilt": 0, "YearAlter1": 0, "YearAlter2": 0, "HistDist": null, "Landmark": null, "BuiltFAR": 0.0, "ResidFAR": 0.0, "CommFAR": 0.0, "FacilFAR": 0.0, "BoroCode": 5, "BBL": 5026000125.0, "CondoNo": 0, "Tract2010": "0228", "XCoord": 934814, "YCoord": 154842, "ZoneMap": "26c", "ZMCode": "Y", "Sanborn": "599 999", "TaxMap": "51101", "EDesigNum": null, "APPBBL": 0.0, "APPDate": null, "PLUTOMapID": "1", "FIRM07_FLA": "1", "PFIRM15_FL": "1", "Version": "25v4", "DCPEdited": "t", "Latitude": 40.5915438, "Longitude": -74.1779991, "Notes": null, "Shape_Leng": 0.0, "Shape_Area": 1446022.4571100001 }, "geometry": { "type": "MultiPolygon", "coordinates": [ [ [ [ -74.174751348642133, 40.590997504436793 ], [ -74.174836937318545, 40.590990088177577 ], [ -74.175138014857211, 40.591003228683689 ], [ -74.175427677586768, 40.591019028869468 ], [ -74.175533960103195, 40.59102378259756 ], [ -74.175628290181379, 40.59102944239185 ], [ -74.175711446949222, 40.591018600816561 ], [ -74.175789458181526, 40.59099703916629 ], [ -74.175852664345427, 40.590973727819019 ], [ -74.17591222249898, 40.59094001740668 ], [ -74.17593862046499, 40.590924647301478 ], [ -74.17596440322356, 40.590925980310281 ], [ -74.175985971360902, 40.59093951273659 ], [ -74.176007624306123, 40.590963293108743 ], [ -74.176019755832257, 40.591032324133678 ], [ -74.176013699525498, 40.591068741645628 ], [ -74.1760154769255, 40.591090121067154 ], [ -74.176071640045123, 40.591213032445133 ], [ -74.176195143899008, 40.591319222247463 ], [ -74.176296613077824, 40.591414478307165 ], [ -74.176358327225344, 40.591486529234068 ], [ -74.176365131952423, 40.59151803992286 ], [ -74.176332378296863, 40.591568334077117 ], [ -74.176334788624573, 40.591575230227676 ], [ -74.17634390886515, 40.591577671045542 ], [ -74.176406608469492, 40.591556566504451 ], [ -74.17647336034274, 40.591587096268128 ], [ -74.176511246905065, 40.591624657594146 ], [ -74.176565533460334, 40.591648803798385 ], [ -74.17649922046779, 40.591532590994476 ], [ -74.176378279617211, 40.591357593784892 ], [ -74.176373957392244, 40.591340620982081 ], [ -74.176374277544738, 40.591325853663776 ], [ -74.176383516800399, 40.591314756794262 ], [ -74.176400130979133, 40.59130731450518 ], [ -74.176423500002727, 40.591303978263916 ], [ -74.176527187467329, 40.591330618669225 ], [ -74.176566432263158, 40.591432590696819 ], [ -74.176579657785567, 40.59144322355364 ], [ -74.176597388151336, 40.591452721225238 ], [ -74.176613247335226, 40.591456395302451 ], [ -74.176626762190949, 40.591454903090977 ], [ -74.176635977558973, 40.591450937413207 ], [ -74.17663862169708, 40.591444376599199 ], [ -74.176639335196001, 40.591404991076317 ], [ -74.176647559457393, 40.591395172592975 ], [ -74.176660554460895, 40.591389203760173 ], [ -74.176679460368632, 40.591391157658244 ], [ -74.17669276236623, 40.591397666940473 ], [ -74.176789958860994, 40.591463613333225 ], [ -74.176804534579375, 40.591480038092762 ], [ -74.176804694968396, 40.591498242928381 ], [ -74.176792757830597, 40.591510700222031 ], [ -74.176755085126132, 40.591524162465959 ], [ -74.176722177987699, 40.591578811987915 ], [ -74.176700722467785, 40.591597743358463 ], [ -74.176677908853534, 40.591631148311592 ], [ -74.176670028182315, 40.591673584202859 ], [ -74.176710478688207, 40.591638854460626 ], [ -74.176756051677557, 40.591615872328013 ], [ -74.17682357010321, 40.591595781327257 ], [ -74.176861873217135, 40.591581322097888 ], [ -74.176896112592331, 40.591560089984718 ], [ -74.176942826395546, 40.591483464351825 ], [ -74.177003135885357, 40.591456056812902 ], [ -74.177084958314083, 40.59143637674849 ], [ -74.177305241562991, 40.591388176056945 ], [ -74.177374299301249, 40.591371838440978 ], [ -74.177461432264181, 40.591364489878721 ], [ -74.177505039939859, 40.5913436284672 ], [ -74.17754190317055, 40.591323030531832 ], [ -74.177563357709786, 40.591306084637914 ], [ -74.177592024979532, 40.591302366256379 ], [ -74.177665240150588, 40.591315187336562 ], [ -74.177688757942832, 40.591311855962282 ], [ -74.177701850315458, 40.59130519346958 ], [ -74.177711084922265, 40.591293339947235 ], [ -74.177712092609994, 40.591268925174965 ], [ -74.177676021277023, 40.591216223650633 ], [ -74.177657940166483, 40.591189034955441 ], [ -74.177623581073021, 40.59116543214521 ], [ -74.177586227249222, 40.591158238880162 ], [ -74.177540086592899, 40.591160257048273 ], [ -74.17742865972555, 40.591185056644903 ], [ -74.177284473877478, 40.591210597373546 ], [ -74.177201299111232, 40.591226197549233 ], [ -74.17694861749294, 40.591334021303865 ], [ -74.176901997670896, 40.591340693898431 ], [ -74.176855657468238, 40.591332545252271 ], [ -74.176794491160905, 40.591307478607916 ], [ -74.176591374150206, 40.591203912514864 ], [ -74.176484047356865, 40.591156726793628 ], [ -74.17627234792478, 40.591010961113419 ], [ -74.176202925735552, 40.590933313510163 ], [ -74.176185823323266, 40.59087286220575 ], [ -74.176188845279015, 40.590837987458123 ], [ -74.176226773817831, 40.590804264937375 ], [ -74.176289884383806, 40.590767667148526 ], [ -74.176381267629068, 40.590731920207482 ], [ -74.176469801271566, 40.590622176851909 ], [ -74.17657878370683, 40.590486023751261 ], [ -74.176607598586614, 40.590388018497748 ], [ -74.176862605517385, 40.590068462080772 ], [ -74.17690205783903, 40.590048845566571 ], [ -74.176920910772466, 40.590009499634817 ], [ -74.176947122830015, 40.589962907538911 ], [ -74.177005264505013, 40.589898469125188 ], [ -74.17712421351213, 40.589788238936357 ], [ -74.177155490146475, 40.589755744805977 ], [ -74.177206383275575, 40.589728783860174 ], [ -74.177267692288922, 40.58971140728638 ], [ -74.177337367794337, 40.589713072108779 ], [ -74.177450665200325, 40.589720156355831 ], [ -74.177604563079214, 40.589677020355502 ], [ -74.177710596828504, 40.589625394102839 ], [ -74.177822879932336, 40.58958820164613 ], [ -74.177937507342122, 40.589561522674103 ], [ -74.178037990063615, 40.589557855040454 ], [ -74.178069724511118, 40.589572882514908 ], [ -74.178076124639887, 40.589622146628663 ], [ -74.178101431967789, 40.589644294645296 ], [ -74.178152477734386, 40.589653517912708 ], [ -74.178196379828719, 40.589671378444933 ], [ -74.178245413248618, 40.589724254227328 ], [ -74.178270279698012, 40.589731650449266 ], [ -74.178295272174225, 40.589724278718471 ], [ -74.17833463935942, 40.589692021111446 ], [ -74.178383553334484, 40.589669480733249 ], [ -74.178405218633429, 40.589582098790352 ], [ -74.178453448434368, 40.589553332235319 ], [ -74.178684093422561, 40.589489988465992 ], [ -74.178883167499492, 40.589439000874592 ], [ -74.17898610144195, 40.58943898738341 ], [ -74.179165486901596, 40.58950305858226 ], [ -74.179204461216983, 40.58953647221896 ], [ -74.179235866921687, 40.589598893613321 ], [ -74.17928012593427, 40.589701351279921 ], [ -74.179285721013699, 40.589810890649659 ], [ -74.179307245258542, 40.589837450440591 ], [ -74.179337440476786, 40.589860686449512 ], [ -74.179394007389334, 40.589883834445779 ], [ -74.17952341551235, 40.589941056284076 ], [ -74.179544029986815, 40.589989524578044 ], [ -74.179586707785958, 40.59002944663635 ], [ -74.179598378747386, 40.590054501797162 ], [ -74.179599283852411, 40.590082313120782 ], [ -74.179616559537578, 40.590094927694743 ], [ -74.179660183935695, 40.590108554725305 ], [ -74.179738292017021, 40.590148981462036 ], [ -74.179762792762389, 40.590168740321396 ], [ -74.179806395318749, 40.590243660734465 ], [ -74.17987373004658, 40.590317319268934 ], [ -74.179917414879355, 40.590394185487099 ], [ -74.179958824821526, 40.590468938183598 ], [ -74.180014473603919, 40.590527700435828 ], [ -74.180089506670129, 40.590577908732364 ], [ -74.180137841214759, 40.590615221092655 ], [ -74.180189939657836, 40.590715772264026 ], [ -74.180204033214139, 40.590746756198293 ], [ -74.180201815442729, 40.590775951995923 ], [ -74.180038717854259, 40.590967802557437 ], [ -74.180059303622372, 40.590999601164022 ], [ -74.180120771409378, 40.591041518877169 ], [ -74.180190597394187, 40.591081391891606 ], [ -74.180244517641981, 40.591116131630812 ], [ -74.180272147731259, 40.591140973457343 ], [ -74.180288476846144, 40.591172166376793 ], [ -74.180289305591842, 40.591197390567586 ], [ -74.180287687317616, 40.591232057919512 ], [ -74.180271484864235, 40.591287778155348 ], [ -74.180229805909917, 40.59134677211938 ], [ -74.180185651733183, 40.591381063161286 ], [ -74.180132433119226, 40.591407817401624 ], [ -74.180126632130239, 40.591414945200086 ], [ -74.18012651494135, 40.591422329635932 ], [ -74.180129539095603, 40.591430228855572 ], [ -74.180132509070773, 40.591436021721663 ], [ -74.180176975836275, 40.591452403813854 ], [ -74.18021122279508, 40.59145456541431 ], [ -74.180234909640319, 40.591463130982213 ], [ -74.18025860152737, 40.591492014251301 ], [ -74.180301880767587, 40.591626136406603 ], [ -74.180309133179222, 40.591822586377617 ], [ -74.180283894271895, 40.592032403437464 ], [ -74.180264371095092, 40.592167982077441 ], [ -74.180259161246738, 40.592246779938066 ], [ -74.180228652258009, 40.592347439920538 ], [ -74.180177509515829, 40.592448704066349 ], [ -74.180119578561531, 40.592670073814745 ], [ -74.180113920650811, 40.592681265432923 ], [ -74.180102829873945, 40.592689814398867 ], [ -74.180079370535225, 40.592693510857721 ], [ -74.180049762920987, 40.592692133476049 ], [ -74.179910314448762, 40.592632077833507 ], [ -74.179887247690004, 40.592627531183574 ], [ -74.179861178391434, 40.592629742246892 ], [ -74.179840506787912, 40.592647850830922 ], [ -74.179830804167111, 40.592688558991711 ], [ -74.179799133182982, 40.592756308246933 ], [ -74.179775289548758, 40.592773511285912 ], [ -74.179743915774694, 40.592779995535444 ], [ -74.179703608048271, 40.592766395810983 ], [ -74.179651011373906, 40.592733152220852 ], [ -74.179608026807287, 40.592690937917943 ], [ -74.179555096528063, 40.592664043571915 ], [ -74.179392571679514, 40.592641933648366 ], [ -74.179537128774641, 40.592701518201444 ], [ -74.179587174366532, 40.592723150795614 ], [ -74.179613409185293, 40.592751338588528 ], [ -74.179624139457545, 40.592792344349398 ], [ -74.179626254124386, 40.592824069236727 ], [ -74.179630426599616, 40.592836387369601 ], [ -74.179640374015534, 40.592843703871374 ], [ -74.179651315128993, 40.592845801243726 ], [ -74.179706347422353, 40.592818252789996 ], [ -74.179897820834398, 40.592896482722438 ], [ -74.179931361303545, 40.592899256997164 ], [ -74.180010729001808, 40.592865218048154 ], [ -74.180026543187068, 40.592866046969512 ], [ -74.180037714785158, 40.592871241693807 ], [ -74.180044464354538, 40.592880257991581 ], [ -74.180038866710319, 40.592904963333581 ], [ -74.179999375876889, 40.592937878368367 ], [ -74.179955791446204, 40.592980654917639 ], [ -74.179913345213095, 40.593030262002181 ], [ -74.179876500830659, 40.593079007455934 ], [ -74.17983741072257, 40.593126901804723 ], [ -74.179799442959208, 40.593174793546844 ], [ -74.179772676573776, 40.593204746711876 ], [ -74.179731763939373, 40.593216293113457 ], [ -74.179677757577309, 40.59322389690098 ], [ -74.179602000254476, 40.593214278796054 ], [ -74.179551813984347, 40.593220471788946 ], [ -74.179395949944734, 40.593353184204474 ], [ -74.179320652885764, 40.593373808468236 ], [ -74.179267151548899, 40.593366758813744 ], [ -74.17919275488272, 40.593338531660912 ], [ -74.179134838552585, 40.59332073484223 ], [ -74.179058284992308, 40.593333593805795 ], [ -74.179007955642547, 40.593343748176309 ], [ -74.178966676394765, 40.593332714361708 ], [ -74.178946861374456, 40.59333338998934 ], [ -74.178907388525005, 40.59334447831592 ], [ -74.178882397270073, 40.593343513179832 ], [ -74.178845807305365, 40.593330012700065 ], [ -74.178816311427838, 40.59332631329319 ], [ -74.178788425782443, 40.593333282614843 ], [ -74.178768289924733, 40.593355339847584 ], [ -74.178771930395797, 40.593389246201284 ], [ -74.178805247572399, 40.593445378199327 ], [ -74.178851863519611, 40.593518049199574 ], [ -74.178887399674821, 40.593587571237236 ], [ -74.178889322755666, 40.593618446343861 ], [ -74.178847224404066, 40.593667383360156 ], [ -74.178789454731856, 40.593717789154788 ], [ -74.178743335417934, 40.5937134104785 ], [ -74.178635568928101, 40.593662455216659 ], [ -74.178603630762609, 40.59363298649869 ], [ -74.178595896495949, 40.593567892328146 ], [ -74.17860229527696, 40.593519482726833 ], [ -74.178595616872641, 40.593462752769398 ], [ -74.178606727194079, 40.59342330147399 ], [ -74.178622343079127, 40.59339495481597 ], [ -74.178621403512011, 40.593351883199425 ], [ -74.178613052716415, 40.593322269824412 ], [ -74.17859877231011, 40.593312360090167 ], [ -74.178571675283038, 40.59330805628386 ], [ -74.178479351845652, 40.593325695954142 ], [ -74.17838057217071, 40.593329074019756 ], [ -74.178311407807897, 40.593320737158244 ], [ -74.17820471633685, 40.593271199819362 ], [ -74.178138466692346, 40.593242965712598 ], [ -74.178052328211947, 40.593220505847306 ], [ -74.177978067373488, 40.593193823015667 ], [ -74.177926434798323, 40.593183469466553 ], [ -74.177870427502882, 40.593181075145623 ], [ -74.177817401755306, 40.59319634457237 ], [ -74.177759109107512, 40.593216362485393 ], [ -74.177704697305501, 40.593223543647809 ], [ -74.177621081111155, 40.593254015115697 ], [ -74.177550075124216, 40.593295880371741 ], [ -74.177517207404151, 40.593317413160896 ], [ -74.177484202670954, 40.593326485634442 ], [ -74.177431686653122, 40.593323357179969 ], [ -74.177199696009879, 40.5932783708502 ], [ -74.177008333991893, 40.593194586297017 ], [ -74.176991094737346, 40.593160143471096 ], [ -74.176968809300348, 40.593019613838088 ], [ -74.176934070362606, 40.59298756088932 ], [ -74.176755688436415, 40.592888457773448 ], [ -74.176713933875234, 40.592847019477254 ], [ -74.176675525804555, 40.592828800564618 ], [ -74.176556670892452, 40.592789484296922 ], [ -74.176508310558674, 40.59276639977687 ], [ -74.176480050962979, 40.592731011097641 ], [ -74.176473402175475, 40.592729556133897 ], [ -74.176468141327959, 40.592731160814047 ], [ -74.176459113461533, 40.592773200382979 ], [ -74.176449597496841, 40.592786893960266 ], [ -74.176413758859226, 40.592808041967025 ], [ -74.176372942426894, 40.592824858893657 ], [ -74.176298580611046, 40.59284455486182 ], [ -74.176213755839058, 40.592849957540167 ], [ -74.176130315042315, 40.592827330967609 ], [ -74.176040852008711, 40.592777786895027 ], [ -74.176003992939712, 40.592725909963143 ], [ -74.175974557465324, 40.592694279965393 ], [ -74.175829683109882, 40.592639998265057 ], [ -74.175753763247911, 40.592601260272865 ], [ -74.175734345639313, 40.592577766408724 ], [ -74.175687361044467, 40.59243514910289 ], [ -74.175659185767444, 40.592341251985737 ], [ -74.175663780373696, 40.592289224333676 ], [ -74.175659757920116, 40.592257722909075 ], [ -74.175639848427181, 40.59222544427832 ], [ -74.175576006929063, 40.592160674218626 ], [ -74.175559056952736, 40.592135711469908 ], [ -74.175556014462288, 40.592105744827848 ], [ -74.175574660826442, 40.592060974638194 ], [ -74.175597254499706, 40.592033530818092 ], [ -74.175620992575631, 40.592022631476212 ], [ -74.175641295457581, 40.592028833937924 ], [ -74.175658356952937, 40.592059360020635 ], [ -74.175666591795633, 40.592062052560799 ], [ -74.175674625326835, 40.592061389227041 ], [ -74.175828183076419, 40.59193672252988 ], [ -74.175848617863551, 40.591913574821255 ], [ -74.17585878776795, 40.591894270846431 ], [ -74.17585413289531, 40.591875631737416 ], [ -74.175824158280989, 40.591861637448069 ], [ -74.175686733875921, 40.591849573436477 ], [ -74.175519842303302, 40.59182015241548 ], [ -74.17548033446856, 40.591820456772673 ], [ -74.175449516389548, 40.591827112768406 ], [ -74.175422592064194, 40.59184918521516 ], [ -74.175403409539314, 40.591883239946739 ], [ -74.175402165856966, 40.591950447193923 ], [ -74.175390510821643, 40.591964770742408 ], [ -74.175353305410724, 40.591980903637683 ], [ -74.175307686969091, 40.591982297917312 ], [ -74.175262431928687, 40.591975829079573 ], [ -74.175138962470882, 40.591926434365334 ], [ -74.175081968676565, 40.591876139488356 ], [ -74.175018314010416, 40.591796203108643 ], [ -74.174960921651035, 40.591724865217728 ], [ -74.174913754765043, 40.591658067632416 ], [ -74.174889138621424, 40.591525574685178 ], [ -74.174870820549117, 40.591447095651226 ], [ -74.174867741924601, 40.591397760562558 ], [ -74.174856363518572, 40.591359719821831 ], [ -74.174792084204881, 40.591304449717541 ], [ -74.174751348642133, 40.590997504436793 ] ] ] ] } },
{ "type": "Feature", "properties": { "Borough": "SI", "Block": 2600, "Lot": 200, "CD": 502, "BCT2020": "5022802", "BCTCB2020": "50228021001", "CT2010": "228", "CB2010": "1001", "SchoolDist": "31", "Council": 50, "ZipCode": 10314, "FireComp": "Q008", "PolicePrct": 121, "HealthCent": 51, "HealthArea": 800, "Sanitboro": "5", "SanitDistr": "02", "SanitSub": "4D", "Address": "RICHMOND AVENUE", "ZoneDist1": "PARK", "ZoneDist2": null, "ZoneDist3": null, "ZoneDist4": null, "Overlay1": null, "Overlay2": null, "SPDist1": null, "SPDist2": null, "SPDist3": null, "LtdHeight": null, "SplitZone": "N", "BldgClass": "Q0", "LandUse": "09", "Easements": 0, "OwnerType": "C", "OwnerName": "NYC DEPARTMENT OF PARKS AND RECREATION", "LotArea": 300960, "BldgArea": 0, "ComArea": 0, "ResArea": 0, "OfficeArea": 0, "RetailArea": 0, "GarageArea": 0, "StrgeArea": 0, "FactryArea": 0, "OtherArea": 0, "AreaSource": "7", "NumBldgs": 0, "NumFloors": 0.0, "UnitsRes": 0, "UnitsTotal": 0, "LotFront": 495.17, "LotDepth": 608.08, "BldgFront": 0.0, "BldgDepth": 0.0, "Ext": null, "ProxCode": "0", "IrrLotCode": "Y", "LotType": "5", "BsmtCode": "5", "AssessLand": 3326850.0, "AssessTot": 3326850.0, "ExemptTot": 3326850.0, "YearBuilt": 0, "YearAlter1": 0, "YearAlter2": 0, "HistDist": null, "Landmark": null, "BuiltFAR": 0.0, "ResidFAR": 0.0, "CommFAR": 0.0, "FacilFAR": 0.0, "BoroCode": 5, "BBL": 5026000200.0, "CondoNo": 0, "Tract2010": "0228", "XCoord": 936745, "YCoord": 156066, "ZoneMap": "26c", "ZMCode": null, "Sanborn": "599 999", "TaxMap": "51101", "EDesigNum": null, "APPBBL": 0.0, "APPDate": null, "PLUTOMapID": "1", "FIRM07_FLA": "1", "PFIRM15_FL": "1", "Version": "25v4", "DCPEdited": "t", "Latitude": 40.594914, "Longitude": -74.171055, "Notes": null, "Shape_Leng": 0.0, "Shape_Area": 270366.531403 }, "geometry": { "type": "MultiPolygon", "coordinates": [ [ [ [ -74.170051160776268, 40.595278140249171 ], [ -74.170063212384079, 40.5952374682008 ], [ -74.170446050077587, 40.593945444608046 ], [ -74.170668811534483, 40.593929965550743 ], [ -74.172094522631554, 40.594436727846386 ], [ -74.172077626205237, 40.59444974858723 ], [ -74.171516935643652, 40.596029799541391 ], [ -74.171502887755821, 40.596069383267185 ], [ -74.170051160776268, 40.595278140249171 ] ] ] ] } },
{ "type": "Feature", "properties": { "Borough": "SI", "Block": 2610, "Lot": 200, "CD": 502, "BCT2020": "5029102", "BCTCB2020": "50291022000", "CT2010": "291.02", "CB2010": "2000", "SchoolDist": "31", "Council": 50, "ZipCode": 10314, "FireComp": "Q008", "PolicePrct": 121, "HealthCent": 51, "HealthArea": 100, "Sanitboro": "5", "SanitDistr": "02", "SanitSub": "4D", "Address": "VICTORY BOULEVARD", "ZoneDist1": "M1-1", "ZoneDist2": null, "ZoneDist3": null, "ZoneDist4": null, "Overlay1": null, "Overlay2": null, "SPDist1": null, "SPDist2": null, "SPDist3": null, "LtdHeight": null, "SplitZone": "N", "BldgClass": "V1", "LandUse": "11", "Easements": 0, "OwnerType": "C", "OwnerName": "NYC DEPARTMENT OF PARKS AND RECREATION", "LotArea": 21660, "BldgArea": 0, "ComArea": 0, "ResArea": 0, "OfficeArea": 0, "RetailArea": 0, "GarageArea": 0, "StrgeArea": 0, "FactryArea": 0, "OtherArea": 0, "AreaSource": "7", "NumBldgs": 0, "NumFloors": 0.0, "UnitsRes": 0, "UnitsTotal": 0, "LotFront": 57.92, "LotDepth": 380.0, "BldgFront": 0.0, "BldgDepth": 0.0, "Ext": null, "ProxCode": "0", "IrrLotCode": "Y", "LotType": "5", "BsmtCode": "5", "AssessLand": 236250.0, "AssessTot": 236250.0, "ExemptTot": 236250.0, "YearBuilt": 0, "YearAlter1": 0, "YearAlter2": 0, "HistDist": null, "Landmark": null, "BuiltFAR": 0.0, "ResidFAR": 0.0, "CommFAR": 1.0, "FacilFAR": 2.4, "BoroCode": 5, "BBL": 5026100200.0, "CondoNo": 0, "Tract2010": "029102", "XCoord": 933679, "YCoord": 155835, "ZoneMap": "26a", "ZMCode": null, "Sanborn": "502 266", "TaxMap": "51101", "EDesigNum": null, "APPBBL": 0.0, "APPDate": null, "PLUTOMapID": "1", "FIRM07_FLA": "1", "PFIRM15_FL": "1", "Version": "25v4", "DCPEdited": "t", "Latitude": 40.594263, "Longitude": -74.1820932, "Notes": null, "Shape_Leng": 0.0, "Shape_Area": 36306.434197800001 }, "geometry": { "type": "MultiPolygon", "coordinates": [ [ [ [ -74.181466030360539, 40.594600923652543 ], [ -74.182356898182633, 40.5938318654188 ], [ -74.182368013097204, 40.593838283896865 ], [ -74.18271483203452, 40.59403854861398 ], [ -74.181635625177478, 40.594731353605191 ], [ -74.181466030360539, 40.594600923652543 ] ] ] ] } },
{ "type": "Feature", "properties": { "Borough": "SI", "Block": 2665, "Lot": 20, "CD": 502, "BCT2020": "5022802", "BCTCB2020": "50228021001", "CT2010": "228", "CB2010": "1001", "SchoolDist": "31", "Council": 50, "ZipCode": 10314, "FireComp": "Q008", "PolicePrct": 121, "HealthCent": 51, "HealthArea": 800, "Sanitboro": "5", "SanitDistr": "02", "SanitSub": "4D", "Address": "VICTORY BOULEVARD", "ZoneDist1": "M1-1", "ZoneDist2": "PARK", "ZoneDist3": "R3-2", "ZoneDist4": null, "Overlay1": null, "Overlay2": null, "SPDist1": "NA-1", "SPDist2": null, "SPDist3": null, "LtdHeight": null, "SplitZone": "Y", "BldgClass": "V9", "LandUse": "11", "Easements": 1, "OwnerType": "C", "OwnerName": "NYC DEPARTMENT OF PARKS AND RECREATION", "LotArea": 5717250, "BldgArea": 0, "ComArea": 0, "ResArea": 0, "OfficeArea": 0, "RetailArea": 0, "GarageArea": 0, "StrgeArea": 0, "FactryArea": 0, "OtherArea": 0, "AreaSource": "7", "NumBldgs": 0, "NumFloors": 0.0, "UnitsRes": 0, "UnitsTotal": 0, "LotFront": 131.0, "LotDepth": 2684.0, "BldgFront": 0.0, "BldgDepth": 0.0, "Ext": null, "ProxCode": "0", "IrrLotCode": "Y", "LotType": "5", "BsmtCode": "0", "AssessLand": 50998500.0, "AssessTot": 50998500.0, "ExemptTot": 50998500.0, "YearBuilt": 0, "YearAlter1": 0, "YearAlter2": 0, "HistDist": null, "Landmark": null, "BuiltFAR": 0.0, "ResidFAR": 0.0, "CommFAR": 1.0, "FacilFAR": 2.4, "BoroCode": 5, "BBL": 5026650020.0, "CondoNo": 0, "Tract2010": "0228", "XCoord": 935212, "YCoord": 157490, "ZoneMap": "26a", "ZMCode": "Y", "Sanborn": "599 999", "TaxMap": "51101", "EDesigNum": null, "APPBBL": 0.0, "APPDate": null, "PLUTOMapID": "1", "FIRM07_FLA": "1", "PFIRM15_FL": "1", "Version": "25v4", "DCPEdited": "t", "Latitude": 40.5988142, "Longitude": -74.1765853, "Notes": null, "Shape_Leng": 0.0, "Shape_Area": 5605476.7497300003 }, "geometry": { "type": "MultiPolygon", "coordinates": [ [ [ [ -74.181127556906787, 40.590230272356514 ], [ -74.181094128423865, 40.590230890496393 ], [ -74.181057699175724, 40.590221324000282 ], [ -74.181014508494243, 40.590183459202891 ], [ -74.180674940379021, 40.589687454195541 ], [ -74.180653121205509, 40.589597343177175 ], [ -74.180648279929144, 40.589582287706008 ], [ -74.180633685488317, 40.589573595326669 ], [ -74.180578777086367, 40.589542201035982 ], [ -74.180543063435266, 40.589504803363262 ], [ -74.180524242202978, 40.589469250415938 ], [ -74.180486053311114, 40.58942992226374 ], [ -74.180423063030432, 40.58932889838853 ], [ -74.180421867510077, 40.58925485276206 ], [ -74.180421671097449, 40.589224101870784 ], [ -74.180413663436056, 40.589207928365099 ], [ -74.180382691447349, 40.589185775439319 ], [ -74.180296778882393, 40.589074547576757 ], [ -74.180248813464146, 40.588962142593786 ], [ -74.180243867834122, 40.588832470166047 ], [ -74.180272958911303, 40.5887453877694 ], [ -74.180283312083489, 40.588709267640091 ], [ -74.180280330589795, 40.588693500535953 ], [ -74.180267356328471, 40.58868054516882 ], [ -74.180226841738587, 40.58863841003717 ], [ -74.180159204090884, 40.588561851615715 ], [ -74.180118082872369, 40.588525582517654 ], [ -74.180107979852963, 40.588479124895414 ], [ -74.180113178842205, 40.58844239426071 ], [ -74.180193685825955, 40.588346088306551 ], [ -74.180210622741839, 40.588308071201538 ], [ -74.180245483028202, 40.5882298158024 ], [ -74.180254308247015, 40.588190003224099 ], [ -74.180268037940294, 40.588156275551434 ], [ -74.180270774227338, 40.588152489071042 ], [ -74.180293429854189, 40.588133071825297 ], [ -74.180369117338756, 40.588081239459584 ], [ -74.180436803481584, 40.588007716021664 ], [ -74.180493287458631, 40.587981286962389 ], [ -74.18056236103628, 40.587963220188925 ], [ -74.180636155375211, 40.587947539521977 ], [ -74.180734927461529, 40.587874351644196 ], [ -74.180797883353975, 40.587826596783401 ], [ -74.180966642329238, 40.58769858259577 ], [ -74.181097361666886, 40.587622542512371 ], [ -74.18120196856475, 40.587566140672394 ], [ -74.1812163271847, 40.587562494301878 ], [ -74.18123385992935, 40.587561077117343 ], [ -74.181263978002121, 40.587565127972823 ], [ -74.181294872223773, 40.58757398004235 ], [ -74.181313565057025, 40.587584839744807 ], [ -74.181359881289993, 40.587631533620957 ], [ -74.181375378814522, 40.587634085620557 ], [ -74.181387125593901, 40.587631279049276 ], [ -74.181398031857583, 40.587626039658623 ], [ -74.181407222042822, 40.587612600171859 ], [ -74.181418493578747, 40.587439777703274 ], [ -74.181691731525888, 40.587143732202719 ], [ -74.182038640129804, 40.586781041141293 ], [ -74.182134093043913, 40.586719039977481 ], [ -74.182169626937849, 40.5866941120508 ], [ -74.182203847498315, 40.586626331945631 ], [ -74.182284145796345, 40.586564164680716 ], [ -74.182338301888961, 40.586523432619458 ], [ -74.182402771652121, 40.586489815427981 ], [ -74.182440130029519, 40.586464798015491 ], [ -74.182457447884858, 40.586446670008414 ], [ -74.182462011473348, 40.586429092580815 ], [ -74.182435972503242, 40.586373101314436 ], [ -74.18243272798037, 40.586350646490985 ], [ -74.182461228005806, 40.586320727153812 ], [ -74.182549403327826, 40.586236112402027 ], [ -74.182627919354559, 40.586202847411023 ], [ -74.182733995259156, 40.586175710713725 ], [ -74.182810411464089, 40.586182826708992 ], [ -74.182901143615979, 40.586195026851549 ], [ -74.182995134850017, 40.586214626654147 ], [ -74.183089176816026, 40.58625274295089 ], [ -74.18315267921615, 40.586272457866365 ], [ -74.18319161662744, 40.586297082785222 ], [ -74.183207901133542, 40.586329150731117 ], [ -74.183215522250066, 40.586370549247157 ], [ -74.18321437301374, 40.586449942435543 ], [ -74.183202454495529, 40.586509866244668 ], [ -74.183187831756598, 40.586556236940964 ], [ -74.183166715573662, 40.586583540295521 ], [ -74.18308301996565, 40.58666004454966 ], [ -74.182943046051349, 40.586869849677093 ], [ -74.182933528564504, 40.586934482980475 ], [ -74.182937501481291, 40.586970088792938 ], [ -74.182943227055773, 40.586982262952397 ], [ -74.182949210981491, 40.586990432890779 ], [ -74.182958543068992, 40.587000936184971 ], [ -74.182964584965873, 40.587004822286161 ], [ -74.182969085601698, 40.587005748956848 ], [ -74.182974399458374, 40.58700472919184 ], [ -74.182976946934602, 40.587001997422853 ], [ -74.18300102152368, 40.58686733219141 ], [ -74.183292013706051, 40.586480925504645 ], [ -74.183316278665473, 40.586418632516484 ], [ -74.183309179704437, 40.5863755446236 ], [ -74.183278287937142, 40.586313171268891 ], [ -74.183274959720109, 40.586272366519189 ], [ -74.183275685602027, 40.586259656189689 ], [ -74.183280238310914, 40.586255053544534 ], [ -74.183322616369324, 40.58624295495148 ], [ -74.18332882220902, 40.586235564310485 ], [ -74.183332252391551, 40.586224750716411 ], [ -74.183324256032506, 40.586210264099286 ], [ -74.183308670959903, 40.586202381478955 ], [ -74.183283061375846, 40.58619767743113 ], [ -74.183261268426676, 40.586196920654707 ], [ -74.183221555354308, 40.586203042684382 ], [ -74.183132856828351, 40.586215707656997 ], [ -74.18304733206385, 40.58617786512724 ], [ -74.182983163875534, 40.586147912243689 ], [ -74.182917408742853, 40.58613799579512 ], [ -74.182833590192189, 40.586133120483758 ], [ -74.182799803675451, 40.586126412163033 ], [ -74.182775302752731, 40.586111114215456 ], [ -74.182766888605997, 40.586091070225116 ], [ -74.182768822095326, 40.58606898624803 ], [ -74.182773016500192, 40.586051237384218 ], [ -74.182789849880933, 40.586023589699899 ], [ -74.182837624547076, 40.58596258495929 ], [ -74.182894916324742, 40.585879665194767 ], [ -74.182970234741191, 40.58577055552454 ], [ -74.182978661725855, 40.585703331345584 ], [ -74.182970103113547, 40.585642989886246 ], [ -74.18293708705805, 40.585547350716425 ], [ -74.182939498284966, 40.585430851180128 ], [ -74.183034458046436, 40.585225915815059 ], [ -74.183080518034103, 40.585101026735067 ], [ -74.183088564138075, 40.585058698193521 ], [ -74.183072136726238, 40.585012249965864 ], [ -74.183089538684186, 40.584981467517736 ], [ -74.183115041322935, 40.584961949377657 ], [ -74.183148644649648, 40.584953694785149 ], [ -74.183179555547156, 40.584944419616306 ], [ -74.183206865574562, 40.584927574920336 ], [ -74.185554288973279, 40.586377295739581 ], [ -74.185989170176072, 40.58567785453161 ], [ -74.186953600332231, 40.585364543769089 ], [ -74.187109969169043, 40.585481327156195 ], [ -74.1893497615618, 40.585175052296947 ], [ -74.189651542296929, 40.58560606363055 ], [ -74.189774247954432, 40.585681762010765 ], [ -74.189910550995265, 40.585765850508345 ], [ -74.189987941585287, 40.585813591907709 ], [ -74.189571399430534, 40.5861287489777 ], [ -74.189307323297257, 40.58628385776408 ], [ -74.188713673018185, 40.586628519034058 ], [ -74.1885638228093, 40.586715517177225 ], [ -74.187969811092302, 40.587060380468557 ], [ -74.187826200962107, 40.587143754577419 ], [ -74.187620280932094, 40.587263302599439 ], [ -74.187256425504472, 40.587497197074313 ], [ -74.187140439134595, 40.587571756867902 ], [ -74.187116422452348, 40.587597554651516 ], [ -74.186846260341341, 40.587887765482506 ], [ -74.186745653168728, 40.58807594628292 ], [ -74.186675707434588, 40.588206776700076 ], [ -74.186533646003667, 40.588472494178191 ], [ -74.18624603735212, 40.588311979808303 ], [ -74.186298609394342, 40.588134186565867 ], [ -74.184854323802043, 40.587535961901949 ], [ -74.184693333702015, 40.587750536962595 ], [ -74.184636851303026, 40.587814916233938 ], [ -74.184599827665281, 40.587846084397917 ], [ -74.184557846984887, 40.587865033145313 ], [ -74.184534938971808, 40.587871762631593 ], [ -74.184485485911921, 40.587880487977898 ], [ -74.18443484336234, 40.587883243838334 ], [ -74.184397982665544, 40.587880572587771 ], [ -74.184302301426484, 40.587855242029285 ], [ -74.184262166409411, 40.587835873962803 ], [ -74.184220716550641, 40.587831864561537 ], [ -74.184182219259, 40.587831519239806 ], [ -74.184160576704173, 40.587836239406343 ], [ -74.184140690708119, 40.587844447130941 ], [ -74.184117846415717, 40.587864013438178 ], [ -74.184106466544193, 40.587889377893624 ], [ -74.184113624795273, 40.587915126864679 ], [ -74.184131684740279, 40.587939613815848 ], [ -74.184154283641163, 40.587979750994506 ], [ -74.184166970791125, 40.588034922125104 ], [ -74.184156662173649, 40.588067571907388 ], [ -74.18415382541049, 40.588104220639337 ], [ -74.184160775092636, 40.588140017156093 ], [ -74.184164795596217, 40.588178055236163 ], [ -74.18416853229408, 40.588197949081007 ], [ -74.184167797121034, 40.588211495965901 ], [ -74.184162660286844, 40.588215935685817 ], [ -74.184150827515154, 40.588217119051052 ], [ -74.184130960919703, 40.588212203361145 ], [ -74.184118709741384, 40.58820000374012 ], [ -74.184100718757392, 40.588182574063495 ], [ -74.184077762208759, 40.588164862365758 ], [ -74.184054073867514, 40.588158499323981 ], [ -74.184031160967535, 40.588156207281024 ], [ -74.183989046323347, 40.588169950084968 ], [ -74.183968488641213, 40.588191224592087 ], [ -74.183954045509793, 40.588214814527518 ], [ -74.183930725967954, 40.588230031052532 ], [ -74.183903254241557, 40.588236185093173 ], [ -74.18387194954461, 40.588236817880677 ], [ -74.183841396785468, 40.588233374450148 ], [ -74.183791164288891, 40.588212214100409 ], [ -74.183770507000332, 40.588197698231461 ], [ -74.183744509486985, 40.58818493700447 ], [ -74.183717390174735, 40.588180034677158 ], [ -74.18368531925762, 40.58818037590634 ], [ -74.18362916943174, 40.588193851033139 ], [ -74.183602099226036, 40.588207278767257 ], [ -74.183581342521279, 40.58822925954707 ], [ -74.183570688771454, 40.588250708243578 ], [ -74.183571408929154, 40.588271675791511 ], [ -74.183569525928405, 40.588282812028233 ], [ -74.183573302947764, 40.588307144512655 ], [ -74.183583030250659, 40.588332033885749 ], [ -74.183594445050105, 40.588365318046399 ], [ -74.183600607668154, 40.588416567963648 ], [ -74.183594392455873, 40.588449875765427 ], [ -74.183583031183517, 40.588473968559363 ], [ -74.183568929961268, 40.588492214995114 ], [ -74.183555725186764, 40.588501814120697 ], [ -74.183541442150513, 40.588507196816082 ], [ -74.183515627103006, 40.588514052299722 ], [ -74.183372050640685, 40.588537886995098 ], [ -74.183288434618021, 40.588572231319013 ], [ -74.183235713495733, 40.588605941957063 ], [ -74.18319582667479, 40.588635858879385 ], [ -74.183180406975097, 40.588659232248929 ], [ -74.183183609023715, 40.588716497931671 ], [ -74.18320941572857, 40.588778158993307 ], [ -74.183210929870143, 40.588846246276375 ], [ -74.183200287754033, 40.588901795110552 ], [ -74.183170032743874, 40.588951118289309 ], [ -74.183149490477845, 40.588998888862513 ], [ -74.183129666442369, 40.589061369153669 ], [ -74.183107152793653, 40.589095864620823 ], [ -74.183076637574743, 40.589122265318174 ], [ -74.183035444249697, 40.589149226896907 ], [ -74.18298627174984, 40.589162481691915 ], [ -74.182931111919046, 40.58917422502126 ], [ -74.182898680990576, 40.589181304314941 ], [ -74.182863169984387, 40.58918905578917 ], [ -74.182758369856543, 40.58921017685217 ], [ -74.182672061947514, 40.589227703180732 ], [ -74.182608016519637, 40.589240273585283 ], [ -74.182563528903216, 40.589258353906835 ], [ -74.182536723201366, 40.589261167361393 ], [ -74.182515808868843, 40.589258083913677 ], [ -74.182498841042147, 40.589247170299146 ], [ -74.1824909208581, 40.58923380106291 ], [ -74.182481568519535, 40.589220708761005 ], [ -74.182471144982699, 40.589208983355512 ], [ -74.182461803931915, 40.589199985701455 ], [ -74.182449608246671, 40.589195090004182 ], [ -74.182437062704338, 40.58919401762607 ], [ -74.182428744433139, 40.589196638738976 ], [ -74.182423115363349, 40.589203870793547 ], [ -74.182414215211665, 40.589214492163883 ], [ -74.182398203154193, 40.589236981222243 ], [ -74.182392673664538, 40.589240891070006 ], [ -74.182384723528017, 40.589243374723686 ], [ -74.182377551077337, 40.589243018743787 ], [ -74.182370260002358, 40.589242020764011 ], [ -74.182363107395588, 40.589238517389688 ], [ -74.182358977995719, 40.589235137974534 ], [ -74.182349331215718, 40.589221029386565 ], [ -74.182340626239352, 40.58920188268678 ], [ -74.18233584640673, 40.589197379553092 ], [ -74.182320169736542, 40.589193830213759 ], [ -74.182307376931874, 40.589194765514279 ], [ -74.18229141430659, 40.589206369726973 ], [ -74.182276483980402, 40.589226576009743 ], [ -74.18226680089893, 40.58924251449141 ], [ -74.182253552552837, 40.589270924586948 ], [ -74.18223746789117, 40.589309286332146 ], [ -74.182226286969453, 40.589352118725529 ], [ -74.182206318268641, 40.589394357075484 ], [ -74.182177013147879, 40.589428459622177 ], [ -74.182151602955997, 40.589471369440247 ], [ -74.182111402433023, 40.589507479384473 ], [ -74.18207321238576, 40.589582624881878 ], [ -74.182030074969092, 40.589678121018849 ], [ -74.182026667389934, 40.589735132402545 ], [ -74.182042780954504, 40.589797598919837 ], [ -74.182086186477534, 40.589844398924832 ], [ -74.182136784310018, 40.589871917161119 ], [ -74.182192850763954, 40.589909603595856 ], [ -74.182229751060845, 40.589954632610777 ], [ -74.182237844270091, 40.589991177535921 ], [ -74.182236467584019, 40.590016132391582 ], [ -74.182253846872555, 40.590032317935147 ], [ -74.182265693211633, 40.590042508416488 ], [ -74.182282242616679, 40.590049346887717 ], [ -74.182320324294281, 40.590046243623242 ], [ -74.182371394302706, 40.59004108633777 ], [ -74.182438037633105, 40.59004521212271 ], [ -74.182472475900838, 40.590050234650896 ], [ -74.182497647087274, 40.590059135975721 ], [ -74.182534352310455, 40.590073674360063 ], [ -74.182547522060091, 40.5900865823102 ], [ -74.182551942128072, 40.590098166819146 ], [ -74.182556284483141, 40.590119797743597 ], [ -74.182554692687376, 40.590134733759569 ], [ -74.182478475226546, 40.590221589780967 ], [ -74.182448908467038, 40.590238228882875 ], [ -74.182420134831972, 40.590244248681145 ], [ -74.182332068776461, 40.590259585679526 ], [ -74.182294096973408, 40.59027486208538 ], [ -74.182264984557605, 40.590303085672765 ], [ -74.182248982141289, 40.590325762931286 ], [ -74.182245435143159, 40.590426044824731 ], [ -74.182255579286547, 40.590565404915154 ], [ -74.182239516828986, 40.590659281412194 ], [ -74.182252743249663, 40.590726359483746 ], [ -74.182241211928542, 40.590778506509281 ], [ -74.182225055131383, 40.59083346872842 ], [ -74.182229477223572, 40.590883101433889 ], [ -74.182222771798479, 40.590953170226989 ], [ -74.182242344730426, 40.591034742203419 ], [ -74.182279621988528, 40.591127692067772 ], [ -74.182278438404452, 40.591195764717334 ], [ -74.182266252915539, 40.591253260951866 ], [ -74.182243105087878, 40.591332920377667 ], [ -74.182224039401703, 40.591382067095459 ], [ -74.182200817277845, 40.591414500311416 ], [ -74.182154224200261, 40.591426068465168 ], [ -74.182112161565684, 40.591422968840355 ], [ -74.182067541054451, 40.591415829955125 ], [ -74.181828491953766, 40.591339927477961 ], [ -74.181733018067618, 40.591318013797 ], [ -74.181644737386662, 40.591298378664071 ], [ -74.18156682362202, 40.591273452706844 ], [ -74.181502747537607, 40.591248505768803 ], [ -74.181447328037265, 40.59122618098494 ], [ -74.181407464770345, 40.591198559919903 ], [ -74.181378774442564, 40.591176681920551 ], [ -74.181364652082493, 40.591156194733934 ], [ -74.181365998161695, 40.591109339089471 ], [ -74.181375495254969, 40.591066034080264 ], [ -74.181379645470557, 40.591033071845722 ], [ -74.181239114677055, 40.590667338762088 ], [ -74.181143509893218, 40.590438729729868 ], [ -74.181126960258851, 40.590378583556642 ], [ -74.181127669744058, 40.590329091389776 ], [ -74.181145296445422, 40.590298029639143 ], [ -74.181171388806575, 40.590278063509082 ], [ -74.181183985046871, 40.590258119484218 ], [ -74.181186190257776, 40.59024365629962 ], [ -74.181181101758881, 40.590236372764444 ], [ -74.18117244024107, 40.590231009380773 ], [ -74.181155927414196, 40.590227156837983 ], [ -74.181127556906787, 40.590230272356514 ] ] ], [ [ [ -74.175902390148465, 40.597982809722048 ], [ -74.175859558671618, 40.597878810613011 ], [ -74.175845424525846, 40.597781218262114 ], [ -74.175847152145565, 40.597770339580201 ], [ -74.17586606414973, 40.597718207140034 ], [ -74.175890580606236, 40.597666065286219 ], [ -74.175900370559546, 40.597652036278717 ], [ -74.17591119318989, 40.597653231980551 ], [ -74.175933880578626, 40.597658956130495 ], [ -74.175966852275579, 40.597678653297827 ], [ -74.176066271453649, 40.597765334228704 ], [ -74.176074327972813, 40.597772268502801 ], [ -74.176088140038033, 40.597774576159608 ], [ -74.176101421197217, 40.597774044309205 ], [ -74.176114863323974, 40.597771368961915 ], [ -74.176133232870555, 40.597762356292847 ], [ -74.176483049853729, 40.597486804851954 ], [ -74.176505553338018, 40.597474790683009 ], [ -74.176549015431405, 40.597461145798889 ], [ -74.176617775630604, 40.597459407530337 ], [ -74.176653389149564, 40.597450967136609 ], [ -74.17667956201997, 40.59743934711409 ], [ -74.17678556606262, 40.597356352904448 ], [ -74.17684972297161, 40.597321820856152 ], [ -74.176908000487714, 40.597302717534767 ], [ -74.176956996803696, 40.597294244740638 ], [ -74.177006287126318, 40.597292442586856 ], [ -74.177060641600875, 40.597294914509057 ], [ -74.177104622489026, 40.59730103699308 ], [ -74.177156260794121, 40.597313271205898 ], [ -74.177210519955707, 40.597331459252864 ], [ -74.177280434316671, 40.597360532975358 ], [ -74.177102112930854, 40.597228211788291 ], [ -74.176953182800446, 40.59712527699903 ], [ -74.176898920305334, 40.597075360578437 ], [ -74.176877394907365, 40.597038591096002 ], [ -74.176865053361638, 40.596986515599554 ], [ -74.176859207321783, 40.596909924964251 ], [ -74.176856305056873, 40.596811339949959 ], [ -74.176875927089071, 40.596718525998831 ], [ -74.176976846139652, 40.596571163630792 ], [ -74.177048073491946, 40.596508812383099 ], [ -74.177158100911811, 40.596477638639854 ], [ -74.177300638946804, 40.596484908572101 ], [ -74.177393539945555, 40.5964859215552 ], [ -74.177536352934013, 40.59646365721111 ], [ -74.177637344138589, 40.596435365143229 ], [ -74.177736367597888, 40.596406379123209 ], [ -74.177855215889565, 40.596378733820231 ], [ -74.177935917170814, 40.596371113847844 ], [ -74.178027274588374, 40.596385256510565 ], [ -74.178126768117721, 40.596412201902801 ], [ -74.178210872779232, 40.596440416538876 ], [ -74.178264515960009, 40.596430209702987 ], [ -74.178297584510233, 40.596398880429547 ], [ -74.178299849323849, 40.596367927714553 ], [ -74.178300376902925, 40.596307028835589 ], [ -74.178298177729772, 40.596257159398121 ], [ -74.178280095137623, 40.59622022085729 ], [ -74.178252418218065, 40.596175639116588 ], [ -74.178219948166159, 40.596141566789861 ], [ -74.178145575217755, 40.596130325544088 ], [ -74.178050270515541, 40.596122173005178 ], [ -74.177966916719811, 40.59611227652988 ], [ -74.17788545807278, 40.596108198922948 ], [ -74.177821869320837, 40.596109132072868 ], [ -74.177763738694878, 40.596101702607847 ], [ -74.177719841464835, 40.596085896890273 ], [ -74.177672614329879, 40.596055056657569 ], [ -74.177640841862953, 40.596016631751922 ], [ -74.177615357915556, 40.595984414288033 ], [ -74.177596022276333, 40.595949253466294 ], [ -74.177593626629303, 40.595916414110086 ], [ -74.177645489687336, 40.595797429465009 ], [ -74.177684192802218, 40.595744554750624 ], [ -74.177732636828594, 40.595687020978005 ], [ -74.177775155383415, 40.595641619203583 ], [ -74.177791963834594, 40.595593119687742 ], [ -74.177801937742416, 40.595558300756231 ], [ -74.177827374658591, 40.595550644836472 ], [ -74.177859507312675, 40.59556107896686 ], [ -74.177888065550221, 40.595601438697749 ], [ -74.17791610310708, 40.595652097585663 ], [ -74.177940298388734, 40.595700338228731 ], [ -74.177971008844565, 40.59571527093614 ], [ -74.178012766473273, 40.5957133466503 ], [ -74.178042503624525, 40.595705671390412 ], [ -74.178057949812086, 40.595697147422385 ], [ -74.178063392117394, 40.595685505976746 ], [ -74.178064086571254, 40.59566325920904 ], [ -74.178054663797411, 40.59563699468805 ], [ -74.178046443543977, 40.595596979981337 ], [ -74.178047835700866, 40.595566073546095 ], [ -74.178058663029574, 40.595542594557401 ], [ -74.17808696654383, 40.595527597496094 ], [ -74.178149448132899, 40.595501045886195 ], [ -74.178230719776948, 40.595484848306178 ], [ -74.178317420994134, 40.595477548386825 ], [ -74.178432480641888, 40.595450212717935 ], [ -74.178504472523514, 40.595411884464255 ], [ -74.178544898983873, 40.595395532051157 ], [ -74.178561762242907, 40.595374909058961 ], [ -74.178565559017201, 40.595336791160157 ], [ -74.178522901350107, 40.595285097896536 ], [ -74.178475018221235, 40.595255870923694 ], [ -74.178406438573049, 40.595233619150655 ], [ -74.178348084617681, 40.595223259068177 ], [ -74.178297333100389, 40.595242694554734 ], [ -74.178226556878528, 40.59528855011272 ], [ -74.178170793148212, 40.595309905154437 ], [ -74.178114003012723, 40.595333623869152 ], [ -74.178051026401789, 40.59536365396734 ], [ -74.177966314085864, 40.59538269079335 ], [ -74.177904057447179, 40.59539386088742 ], [ -74.17782138722032, 40.595403441574753 ], [ -74.177772812977437, 40.59540745558165 ], [ -74.177715916875982, 40.595391788844374 ], [ -74.177678639094751, 40.595367426984062 ], [ -74.177643247697006, 40.595329605519794 ], [ -74.177605646763737, 40.595288051285131 ], [ -74.177602348730005, 40.595228543336468 ], [ -74.177620915696238, 40.595141166381772 ], [ -74.177622921527828, 40.595066810546726 ], [ -74.177592533683026, 40.594994420110588 ], [ -74.177543733624603, 40.594922597554628 ], [ -74.17753366718334, 40.594882044450713 ], [ -74.17756643815207, 40.594801535457385 ], [ -74.177711923677762, 40.594662944028066 ], [ -74.177768288079747, 40.594553900502 ], [ -74.177831839432756, 40.59453631855316 ], [ -74.177980841235112, 40.594553305084496 ], [ -74.178300152159082, 40.594524863375852 ], [ -74.178428244469032, 40.594574748325122 ], [ -74.17849513028996, 40.59462035333344 ], [ -74.178513129986769, 40.594623223264399 ], [ -74.178527682235668, 40.594623364560611 ], [ -74.178541271422816, 40.594622070123627 ], [ -74.178553168358135, 40.594617902016473 ], [ -74.178767068722749, 40.594502496859548 ], [ -74.178789519430055, 40.594495122707116 ], [ -74.178822790183801, 40.594495704865722 ], [ -74.178848614608256, 40.594499687406369 ], [ -74.178869757406929, 40.594507255780869 ], [ -74.178946506132007, 40.594582297845676 ], [ -74.179051633103086, 40.594627612510244 ], [ -74.179157106310541, 40.594661880660396 ], [ -74.179406642197904, 40.594671471121565 ], [ -74.179477269627085, 40.594663597475964 ], [ -74.179530272299218, 40.594643362743632 ], [ -74.17957936166043, 40.594616312643737 ], [ -74.179638408937592, 40.59458320172201 ], [ -74.179669136937889, 40.594553682212492 ], [ -74.179698550926489, 40.594523167834126 ], [ -74.179713732375703, 40.594480913087189 ], [ -74.179703610241262, 40.594453960834862 ], [ -74.179678261467672, 40.594425186381301 ], [ -74.179623860343355, 40.594383831902853 ], [ -74.179594931510707, 40.594350875495813 ], [ -74.179578247253858, 40.594326192940102 ], [ -74.179579617292802, 40.594310663989681 ], [ -74.179578139587747, 40.594287847852762 ], [ -74.179586218836675, 40.594274204032438 ], [ -74.179681232677098, 40.594216785740173 ], [ -74.179792650699696, 40.594160298054049 ], [ -74.179862066512811, 40.594139185566554 ], [ -74.179920620389098, 40.594130615560481 ], [ -74.180012926544606, 40.594129077920286 ], [ -74.180061328616674, 40.594115071912228 ], [ -74.180181568344835, 40.594033563321403 ], [ -74.180201875149777, 40.594014520498014 ], [ -74.180346642831182, 40.593821776414785 ], [ -74.180456531015452, 40.593744698189901 ], [ -74.180556285758939, 40.593675239806373 ], [ -74.180831315612721, 40.593477038642973 ], [ -74.180894278231065, 40.593427246757251 ], [ -74.180929443647742, 40.593354557743183 ], [ -74.180940518907647, 40.593235433118579 ], [ -74.180967955249912, 40.593145040262442 ], [ -74.180967620098684, 40.593048259443449 ], [ -74.180962235615084, 40.592992328223268 ], [ -74.180934084207635, 40.592959867124591 ], [ -74.180903731207437, 40.592942805783238 ], [ -74.180892438056816, 40.592918016794918 ], [ -74.180896764058062, 40.592898345257197 ], [ -74.180904970284459, 40.59286327390479 ], [ -74.180913829002264, 40.592786383037236 ], [ -74.18093590708564, 40.592671659109222 ], [ -74.180935700941404, 40.592595449793862 ], [ -74.180946520692743, 40.592550046261167 ], [ -74.180958207514422, 40.592507712173862 ], [ -74.180967869284757, 40.592482754169602 ], [ -74.180988960984152, 40.592478155283104 ], [ -74.181016003933294, 40.59246603033241 ], [ -74.181043580584259, 40.592451190377027 ], [ -74.181058655236285, 40.592435003154115 ], [ -74.181057739117549, 40.592415603650387 ], [ -74.181050032409075, 40.592383782180903 ], [ -74.181043966888979, 40.592355168567259 ], [ -74.181037191134095, 40.592320814271382 ], [ -74.181042225499681, 40.592290080418451 ], [ -74.181059484554083, 40.592265709292789 ], [ -74.181096260393403, 40.592238788694772 ], [ -74.181143556692433, 40.592221862658995 ], [ -74.181171632785691, 40.592200864032343 ], [ -74.181183784346388, 40.592187113702572 ], [ -74.181188455403188, 40.592170614067371 ], [ -74.181184180200532, 40.59213743731172 ], [ -74.181173470519255, 40.59203542555953 ], [ -74.181135142304882, 40.591852399139718 ], [ -74.181134114716059, 40.591745111211608 ], [ -74.181181637394687, 40.591680617230068 ], [ -74.181188914899593, 40.591624612846246 ], [ -74.18121929389595, 40.591562910475396 ], [ -74.181259396060668, 40.591513440786642 ], [ -74.181282036403132, 40.591496289696693 ], [ -74.181325704521811, 40.591481573796678 ], [ -74.181393855731585, 40.591471056222247 ], [ -74.181477623422211, 40.591461715171754 ], [ -74.181512145688131, 40.591461739057721 ], [ -74.181534516467266, 40.591475463774231 ], [ -74.181550290099082, 40.59150929951916 ], [ -74.181573918623954, 40.591548100989584 ], [ -74.181589659739956, 40.5915699859274 ], [ -74.181593462830861, 40.591574931868642 ], [ -74.181597824117532, 40.591577541922547 ], [ -74.181602675035791, 40.591579038166259 ], [ -74.181607445163408, 40.591578588477283 ], [ -74.181612409263664, 40.591576984867558 ], [ -74.181619908116801, 40.591573901371689 ], [ -74.181696743661064, 40.591522264453992 ], [ -74.181713371803795, 40.59150929307728 ], [ -74.181736219776127, 40.591507733306855 ], [ -74.181755833639414, 40.591509773514233 ], [ -74.181822246477552, 40.59153940829119 ], [ -74.181854006658767, 40.591545398776411 ], [ -74.181894836983119, 40.591546227518059 ], [ -74.181956943168288, 40.591540373037397 ], [ -74.182035952797193, 40.591558936597046 ], [ -74.182100484612391, 40.591583159426385 ], [ -74.182143772795968, 40.59159682470095 ], [ -74.182192802263472, 40.591604073694526 ], [ -74.182245517785475, 40.59160623963399 ], [ -74.18227872463801, 40.591606883969909 ], [ -74.182306842892487, 40.591605485897347 ], [ -74.182337928822946, 40.591586861471484 ], [ -74.182356973856685, 40.591586024425354 ], [ -74.182388260886896, 40.591596564964632 ], [ -74.182394192044868, 40.591628563853227 ], [ -74.182408965079006, 40.591724633656597 ], [ -74.1824126937626, 40.591729111517715 ], [ -74.182418503013707, 40.591731571497277 ], [ -74.182435963469558, 40.591732753203893 ], [ -74.182446065190149, 40.5917307226768 ], [ -74.182454677801331, 40.591726295589048 ], [ -74.182526205195813, 40.591611839533464 ], [ -74.182587461919354, 40.591640994056135 ], [ -74.182659514564236, 40.591670132229652 ], [ -74.182729412237421, 40.591693951712728 ], [ -74.182855519299196, 40.591743510700717 ], [ -74.182890757331165, 40.591759855893223 ], [ -74.182944441967123, 40.591756929309277 ], [ -74.18299437842245, 40.591747188044664 ], [ -74.18301299529287, 40.591737497630781 ], [ -74.183015233097109, 40.591727291997934 ], [ -74.183011488697204, 40.591716603288795 ], [ -74.182990831115561, 40.591708772790859 ], [ -74.182979240063716, 40.591696209074577 ], [ -74.182986238507667, 40.591689907812068 ], [ -74.183005612771453, 40.591680754640933 ], [ -74.18301549676643, 40.591672561203573 ], [ -74.183022057522265, 40.591656508750866 ], [ -74.183016659941572, 40.591645193285409 ], [ -74.183002176805516, 40.591631691306354 ], [ -74.182863360339596, 40.591636625560646 ], [ -74.182812215244667, 40.591639357152403 ], [ -74.182783555354348, 40.591631466389302 ], [ -74.18276330446318, 40.591622440260906 ], [ -74.182734150624697, 40.591602782134785 ], [ -74.182714188880524, 40.591568144531195 ], [ -74.182705943259975, 40.59153952902971 ], [ -74.182700820899669, 40.591515204101 ], [ -74.182694753317151, 40.591504668577173 ], [ -74.182594405444192, 40.591437986491741 ], [ -74.182561337178598, 40.591408915126728 ], [ -74.182536681846443, 40.591374963863238 ], [ -74.182517866033024, 40.59134937921992 ], [ -74.18253089239154, 40.591316526250942 ], [ -74.182550367245312, 40.591281073116846 ], [ -74.182560217052639, 40.591232647924642 ], [ -74.182568359071951, 40.591184378543687 ], [ -74.182567265199509, 40.591119467662828 ], [ -74.182570834640217, 40.591079482217289 ], [ -74.182582615070785, 40.591033396238451 ], [ -74.182578887104967, 40.591009670617431 ], [ -74.182548567726698, 40.590990885132172 ], [ -74.182521215068988, 40.59098398554756 ], [ -74.182537364394989, 40.590966215962254 ], [ -74.182649518812113, 40.590888117935393 ], [ -74.182667891564307, 40.590872171054066 ], [ -74.182680608894003, 40.590859476899865 ], [ -74.182683890328988, 40.590843418884134 ], [ -74.182681070588416, 40.590825679423098 ], [ -74.182648840040599, 40.590797004731108 ], [ -74.182616367223432, 40.590773482400387 ], [ -74.182595322311968, 40.590756026640648 ], [ -74.182589806883968, 40.590742614940432 ], [ -74.182591351840401, 40.590732589620053 ], [ -74.182602311487926, 40.590712583201345 ], [ -74.182623922208592, 40.590688907346582 ], [ -74.182635409007233, 40.590671616170738 ], [ -74.182640370636861, 40.590651335580532 ], [ -74.182637855233295, 40.590633031000223 ], [ -74.18262461076678, 40.590621783784755 ], [ -74.182601472061847, 40.590613248457991 ], [ -74.182578442082004, 40.590593441016559 ], [ -74.182571659006115, 40.590552245528578 ], [ -74.182578436798948, 40.590509683133746 ], [ -74.182599906712895, 40.590423632600817 ], [ -74.182643868636546, 40.590348593969978 ], [ -74.182706729265092, 40.590266891980249 ], [ -74.182770399552723, 40.59020748482439 ], [ -74.182778507732962, 40.590184123140865 ], [ -74.182774363618606, 40.590162856591846 ], [ -74.182764779575081, 40.590143673508429 ], [ -74.182750433283019, 40.590126055028165 ], [ -74.182727672316148, 40.590105248514305 ], [ -74.18271895874588, 40.590060097386427 ], [ -74.182729767887892, 40.590001881950002 ], [ -74.182743849264085, 40.589960583945377 ], [ -74.182737255017415, 40.589926739120578 ], [ -74.182723065891906, 40.589888776563285 ], [ -74.182704545993204, 40.5898524733798 ], [ -74.182688113193606, 40.5898035424566 ], [ -74.182665286410128, 40.589777153693447 ], [ -74.182646527413198, 40.589769618203384 ], [ -74.182627310223111, 40.589771682977243 ], [ -74.182612387899425, 40.589782286991813 ], [ -74.182557839591482, 40.589861608184862 ], [ -74.182530270467481, 40.589878651234912 ], [ -74.182514347416443, 40.589882723497482 ], [ -74.182495756858813, 40.589881944337243 ], [ -74.182475568195741, 40.589879951936524 ], [ -74.182453237107808, 40.589870273481445 ], [ -74.182430329305632, 40.589851857111753 ], [ -74.182414330539245, 40.589849372728416 ], [ -74.182390818836637, 40.589851202075366 ], [ -74.182373426155209, 40.589854813833455 ], [ -74.182356511767154, 40.589860933599731 ], [ -74.182341003783904, 40.589865618421406 ], [ -74.18232924358523, 40.589864919340272 ], [ -74.182320298497075, 40.589861708779708 ], [ -74.182312751238925, 40.589853834859667 ], [ -74.182320604487671, 40.589797133327664 ], [ -74.182343052152362, 40.589721327530945 ], [ -74.182347956819783, 40.589662833280109 ], [ -74.182333400838232, 40.589616319836388 ], [ -74.182311661684707, 40.589586258776485 ], [ -74.182287765939492, 40.589561135095337 ], [ -74.18227125398306, 40.589533319675233 ], [ -74.182267388587988, 40.589512370580529 ], [ -74.182278530151507, 40.589465082495892 ], [ -74.182320465680547, 40.589426345599342 ], [ -74.182369371454428, 40.589382319648386 ], [ -74.182403994755887, 40.589354792388953 ], [ -74.182471853221614, 40.589334367886771 ], [ -74.182528143777276, 40.589335231256236 ], [ -74.182593855490254, 40.589316411296416 ], [ -74.182688403331809, 40.589300318111675 ], [ -74.182817749011022, 40.589270585153507 ], [ -74.182910864619657, 40.589256068246904 ], [ -74.182971896599128, 40.589246555210849 ], [ -74.183054432151394, 40.589218441725379 ], [ -74.183067885842718, 40.589206045275574 ], [ -74.183089444637162, 40.58919342700986 ], [ -74.183117362059065, 40.589184186334727 ], [ -74.183169936926376, 40.589176670541022 ], [ -74.183188476243998, 40.589180367383598 ], [ -74.183213077018493, 40.589178185758549 ], [ -74.183226765668735, 40.589170930946899 ], [ -74.183228865213707, 40.589155165689739 ], [ -74.18322891253689, 40.589134901938834 ], [ -74.18322458679522, 40.589109496016427 ], [ -74.183230193120849, 40.589072440315491 ], [ -74.18324257816964, 40.589019214838395 ], [ -74.18326124037759, 40.588958265385195 ], [ -74.183271878583824, 40.588920731563618 ], [ -74.183283193370926, 40.588828737419192 ], [ -74.18327177711771, 40.588771141739755 ], [ -74.183257635922899, 40.588701143921476 ], [ -74.183271958496803, 40.588673077768156 ], [ -74.183285261420508, 40.588652731722576 ], [ -74.183313596655708, 40.588635263183534 ], [ -74.183439127929248, 40.588616785791473 ], [ -74.183486250044055, 40.588599520475988 ], [ -74.183557860130463, 40.588565693136459 ], [ -74.183615170642923, 40.588530410791186 ], [ -74.183642517691652, 40.588490420696317 ], [ -74.183663862190528, 40.58844072527765 ], [ -74.183668723520611, 40.588393161629966 ], [ -74.183654581417272, 40.588358210519807 ], [ -74.183642872126853, 40.588320878935917 ], [ -74.183652872152152, 40.588294959376647 ], [ -74.183664789537175, 40.588280259000776 ], [ -74.183697691674041, 40.588258694676099 ], [ -74.18372061072651, 40.588252909129857 ], [ -74.183768488117536, 40.588257388322603 ], [ -74.183828783638788, 40.588289747808524 ], [ -74.183844240783458, 40.588303711784199 ], [ -74.183872155037335, 40.588308143717256 ], [ -74.18389344959941, 40.588308668846985 ], [ -74.183919860913946, 40.588301353018593 ], [ -74.183994365070618, 40.588234675927929 ], [ -74.184011328656894, 40.588226459354949 ], [ -74.184029681568106, 40.5882195607401 ], [ -74.184051753229866, 40.588218786998951 ], [ -74.184074076994023, 40.588228472435446 ], [ -74.184115786415035, 40.588270481822775 ], [ -74.184144640247155, 40.588290928847009 ], [ -74.184171447601159, 40.588300917801021 ], [ -74.184184470766354, 40.588304761949374 ], [ -74.184198341776664, 40.58830509185492 ], [ -74.184212433623685, 40.588296787992945 ], [ -74.184225367901092, 40.588279950874657 ], [ -74.184233520945241, 40.588255537129569 ], [ -74.184242029750735, 40.588215339315951 ], [ -74.184246163129671, 40.588190149521424 ], [ -74.186033054930462, 40.589224825169552 ], [ -74.186007517035137, 40.589297811856568 ], [ -74.186541805817427, 40.589629251872964 ], [ -74.186293913911186, 40.589907529200353 ], [ -74.18619871565231, 40.590014548870535 ], [ -74.186346205359058, 40.590095425641344 ], [ -74.186147573123961, 40.590318723213599 ], [ -74.186217874348074, 40.590357273379034 ], [ -74.186120506092337, 40.590466732476543 ], [ -74.186022173124755, 40.590577273628668 ], [ -74.185827669457552, 40.590795924310314 ], [ -74.185905382985169, 40.590838539445649 ], [ -74.18568430995424, 40.591087057402049 ], [ -74.185602125343749, 40.591044957249537 ], [ -74.185500073741679, 40.591158726104432 ], [ -74.18544113135961, 40.591127819690968 ], [ -74.185235436203982, 40.591357129869643 ], [ -74.185155023772339, 40.59131516433321 ], [ -74.184927149294467, 40.591196241198688 ], [ -74.184723906328657, 40.591422812521451 ], [ -74.184628197999885, 40.591529507490961 ], [ -74.184712447297557, 40.591573650052922 ], [ -74.184508300722101, 40.591800520520955 ], [ -74.184730848355329, 40.591917126069895 ], [ -74.184866870670078, 40.591988394760264 ], [ -74.185003249371576, 40.592059850034296 ], [ -74.185127023129397, 40.592124701179841 ], [ -74.185247912941193, 40.592188041219877 ], [ -74.185361308874164, 40.592247151724827 ], [ -74.185387605134807, 40.592260859491986 ], [ -74.185332880322079, 40.592322045704378 ], [ -74.185287866350322, 40.592372374822993 ], [ -74.185259378589521, 40.592404225487911 ], [ -74.185230676469786, 40.592436316934254 ], [ -74.185204472246184, 40.592465613638716 ], [ -74.185172861201693, 40.59250095709433 ], [ -74.185146377718794, 40.592530567632302 ], [ -74.185080207851101, 40.592604547915442 ], [ -74.185024194064653, 40.592667175958084 ], [ -74.18499771864856, 40.592696774735309 ], [ -74.184966045016722, 40.592732186669281 ], [ -74.184939059704988, 40.592762359003423 ], [ -74.184908074863074, 40.592797001628597 ], [ -74.18486048738491, 40.592852880163505 ], [ -74.18461250744258, 40.593105688854997 ], [ -74.184400821660276, 40.593321497366489 ], [ -74.184359405843168, 40.593358113424642 ], [ -74.184329775827194, 40.593384310390654 ], [ -74.18430014699095, 40.593410506510637 ], [ -74.184270516925963, 40.593436702539762 ], [ -74.184240885739143, 40.593462898647992 ], [ -74.184211256724836, 40.593489094661209 ], [ -74.184175173421295, 40.593520996877146 ], [ -74.184141931178104, 40.593550386598181 ], [ -74.184110003037304, 40.593578614232591 ], [ -74.18407844010612, 40.593606518922336 ], [ -74.184046097078848, 40.593635113809235 ], [ -74.184012594373812, 40.593664735317589 ], [ -74.183920226983687, 40.593746397775071 ], [ -74.183908441867658, 40.59373908634052 ], [ -74.183867747522072, 40.5937138403619 ], [ -74.18382752879279, 40.593688888096899 ], [ -74.18378913846891, 40.593665071116838 ], [ -74.183752771683402, 40.593642509916357 ], [ -74.18371092355089, 40.593616547989711 ], [ -74.183641105860659, 40.593573232569483 ], [ -74.183537375863253, 40.593508880923871 ], [ -74.183058572971134, 40.593211833316857 ], [ -74.18282841844038, 40.593420623572058 ], [ -74.182368013097204, 40.593838283896865 ], [ -74.182356898182633, 40.5938318654188 ], [ -74.181466030360539, 40.594600923652543 ], [ -74.179075831182118, 40.596664189460618 ], [ -74.180326362944726, 40.597450106173262 ], [ -74.180317167588882, 40.597507319210081 ], [ -74.180187494257439, 40.598064697310868 ], [ -74.180183967409718, 40.598078177417776 ], [ -74.180183282568066, 40.598084875622114 ], [ -74.180183296002767, 40.598091166722654 ], [ -74.180184014058071, 40.598098549007176 ], [ -74.180185698246916, 40.598106235061124 ], [ -74.18018881370152, 40.598115030987572 ], [ -74.180195241803375, 40.598126903323198 ], [ -74.18020188726841, 40.598135654145644 ], [ -74.180211864946457, 40.598145535285703 ], [ -74.180220993563992, 40.598152491935096 ], [ -74.180223161741736, 40.598153927519512 ], [ -74.180229240529215, 40.598157584974437 ], [ -74.180235512113626, 40.598160857532328 ], [ -74.180247253438665, 40.598165830727226 ], [ -74.180257694243863, 40.598169173381919 ], [ -74.18026928998006, 40.598171846853347 ], [ -74.18027584264037, 40.598172914478035 ], [ -74.180282380314367, 40.598173675088454 ], [ -74.180294802195434, 40.598174311183357 ], [ -74.180301129732271, 40.598174234666253 ], [ -74.180309415923858, 40.598173721875426 ], [ -74.180322030071423, 40.598172027097704 ], [ -74.180329858520963, 40.598170395628003 ], [ -74.180334894861929, 40.59816909456697 ], [ -74.180340552819544, 40.598166961350529 ], [ -74.180349414655026, 40.598162569173013 ], [ -74.178173290332992, 40.599696925745043 ], [ -74.17576820245732, 40.598389063448458 ], [ -74.175805087148092, 40.598361920192936 ], [ -74.175901647861366, 40.598290856121508 ], [ -74.175917076650322, 40.598270879584106 ], [ -74.175921807187621, 40.598240408557309 ], [ -74.175890548059812, 40.598130332963478 ], [ -74.175902390148465, 40.597982809722048 ] ] ] ] } },
{ "type": "Feature", "properties": { "Borough": "SI", "Block": 5804, "Lot": 340, "CD": 502, "BCT2020": "5022802", "BCTCB2020": "50228021018", "CT2010": "228", "CB2010": "1020", "SchoolDist": "31", "Council": 51, "ZipCode": 10312, "FireComp": "L087", "PolicePrct": 123, "HealthCent": 51, "HealthArea": 800, "Sanitboro": "5", "SanitDistr": "02", "SanitSub": "4D", "Address": "ARTHUR KILL ROAD", "ZoneDist1": "PARK", "ZoneDist2": null, "ZoneDist3": null, "ZoneDist4": null, "Overlay1": null, "Overlay2": null, "SPDist1": null, "SPDist2": null, "SPDist3": null, "LtdHeight": null, "SplitZone": "N", "BldgClass": "Q0", "LandUse": "09", "Easements": 0, "OwnerType": "C", "OwnerName": "NYC DEPARTMENT OF PARKS AND RECREATION", "LotArea": 79280, "BldgArea": 0, "ComArea": 0, "ResArea": 0, "OfficeArea": 0, "RetailArea": 0, "GarageArea": 0, "StrgeArea": 0, "FactryArea": 0, "OtherArea": 0, "AreaSource": "7", "NumBldgs": 0, "NumFloors": 0.0, "UnitsRes": 0, "UnitsTotal": 0, "LotFront": 425.0, "LotDepth": 300.0, "BldgFront": 0.0, "BldgDepth": 0.0, "Ext": null, "ProxCode": "0", "IrrLotCode": "Y", "LotType": "5", "BsmtCode": "5", "AssessLand": 1336050.0, "AssessTot": 1336050.0, "ExemptTot": 1336050.0, "YearBuilt": 0, "YearAlter1": 0, "YearAlter2": 0, "HistDist": null, "Landmark": null, "BuiltFAR": 0.0, "ResidFAR": 0.0, "CommFAR": 0.0, "FacilFAR": 0.0, "BoroCode": 5, "BBL": 5058040340.0, "CondoNo": 0, "Tract2010": "0228", "XCoord": 935788, "YCoord": 145189, "ZoneMap": "26d", "ZMCode": null, "Sanborn": "599 999", "TaxMap": "52501", "EDesigNum": null, "APPBBL": 0.0, "APPDate": null, "PLUTOMapID": "1", "FIRM07_FLA": "1", "PFIRM15_FL": "1", "Version": "25v4", "DCPEdited": "t", "Latitude": 40.5650537, "Longitude": -74.1744229, "Notes": null, "Shape_Leng": 0.0, "Shape_Area": 79763.953112899995 }, "geometry": { "type": "MultiPolygon", "coordinates": [ [ [ [ -74.174358823550548, 40.565518292235488 ], [ -74.174270922577193, 40.565484957515096 ], [ -74.174145700330158, 40.565426325849167 ], [ -74.174049654369966, 40.565379477405891 ], [ -74.173971057762913, 40.565343086321846 ], [ -74.173932420227828, 40.565322861372977 ], [ -74.173923077981001, 40.565311718842317 ], [ -74.173915048098991, 40.565293476431791 ], [ -74.173911003069719, 40.565273199099906 ], [ -74.173906945963353, 40.565247850858022 ], [ -74.173905542789853, 40.565220470628937 ], [ -74.173912062410508, 40.565168738090776 ], [ -74.17391729206922, 40.565133234019491 ], [ -74.173913223091304, 40.565085122343611 ], [ -74.173914240255527, 40.564964434715598 ], [ -74.173916784682547, 40.564919807006689 ], [ -74.173923338421531, 40.564881259059888 ], [ -74.173924619142653, 40.564861988484822 ], [ -74.173920568863679, 40.564839682270915 ], [ -74.173920535698841, 40.564826498596084 ], [ -74.173929819884108, 40.564815327863826 ], [ -74.17393511551704, 40.564805178995641 ], [ -74.173947062620442, 40.564795020139314 ], [ -74.173969657533249, 40.564785857217046 ], [ -74.173996258023578, 40.564781760990513 ], [ -74.174024202384174, 40.564782732646421 ], [ -74.174052165542975, 40.564791817146329 ], [ -74.174081479184878, 40.564808000247218 ], [ -74.174096157666114, 40.564824204601429 ], [ -74.174104174238778, 40.564837376176975 ], [ -74.174120237848001, 40.5648748758708 ], [ -74.174130933072462, 40.564894128295357 ], [ -74.174150950851853, 40.564917424281767 ], [ -74.174161644997483, 40.564936677541425 ], [ -74.174165674244023, 40.564950869225527 ], [ -74.174164380393805, 40.564965069732629 ], [ -74.174156449686251, 40.564985366216526 ], [ -74.174151159352334, 40.564997543893902 ], [ -74.174151188381416, 40.565008698767734 ], [ -74.174160515883926, 40.565013755470034 ], [ -74.174177817982411, 40.565015757206901 ], [ -74.174245692514603, 40.565022754006343 ], [ -74.174298934591263, 40.565030787037365 ], [ -74.174316231417478, 40.565030760791885 ], [ -74.174333516361088, 40.565026678539112 ], [ -74.174349446484442, 40.565012454897115 ], [ -74.174360047011518, 40.564996212209216 ], [ -74.174363998575345, 40.564980993598013 ], [ -74.174365272341348, 40.564958680153403 ], [ -74.174359859403197, 40.564924207203447 ], [ -74.174347790690149, 40.56488771538023 ], [ -74.174337054336121, 40.564852235602807 ], [ -74.17432768974713, 40.564832980257826 ], [ -74.174296937048112, 40.564775219423993 ], [ -74.17428220680101, 40.564738731631792 ], [ -74.174258154497537, 40.564699216026639 ], [ -74.174240794492349, 40.564674902041872 ], [ -74.174210236778876, 40.564647105807474 ], [ -74.174175601310907, 40.564630930892285 ], [ -74.174156958067684, 40.564624874246896 ], [ -74.174139656069286, 40.564622872506945 ], [ -74.174123689048045, 40.564622896710418 ], [ -74.173977426085116, 40.564658614390446 ], [ -74.173831149681845, 40.564689260140732 ], [ -74.173812526098104, 40.564690302388726 ], [ -74.173797879210525, 40.564686267607819 ], [ -74.173785878228401, 40.564676144912454 ], [ -74.173779201753433, 40.564667028231682 ], [ -74.173780508845766, 40.564657898468212 ], [ -74.173791134363412, 40.564650782660735 ], [ -74.173830996891851, 40.564630439725022 ], [ -74.173868213608813, 40.564616183935954 ], [ -74.173904105999071, 40.564603960701966 ], [ -74.173958623132179, 40.564590692675885 ], [ -74.174059658061609, 40.5645580864335 ], [ -74.174111504528057, 40.564541781180118 ], [ -74.174146055482737, 40.564525503127911 ], [ -74.174176615243937, 40.56450922927668 ], [ -74.174257704994304, 40.564481724862716 ], [ -74.174330813877361, 40.564455244645792 ], [ -74.174432329807502, 40.564411195296067 ], [ -74.174520427484481, 40.564369198646304 ], [ -74.174566148991062, 40.564350734053434 ], [ -74.174582772080015, 40.564343731539481 ], [ -74.174671680464584, 40.564293486464152 ], [ -74.174698985902509, 40.564281372500545 ], [ -74.174720261550391, 40.5642762692991 ], [ -74.174734904439731, 40.564279289900583 ], [ -74.174741578358137, 40.564287391709719 ], [ -74.174742943573193, 40.564300574195414 ], [ -74.174737663995799, 40.564316809746565 ], [ -74.174728372177313, 40.564324936761395 ], [ -74.174696481731829, 40.564341211863805 ], [ -74.174659260049467, 40.564353439124027 ], [ -74.174624693431255, 40.564363633363861 ], [ -74.174601026938873, 40.564373376149398 ], [ -74.174583501952483, 40.56438499257915 ], [ -74.174564915502458, 40.564400233440637 ], [ -74.174543738880431, 40.564442860589345 ], [ -74.174538462227758, 40.564461124096141 ], [ -74.174537213092009, 40.564491551222396 ], [ -74.174541282412292, 40.564521970269048 ], [ -74.174556110284811, 40.564594967017491 ], [ -74.174570840649707, 40.564631454775139 ], [ -74.174578878459371, 40.56465274000292 ], [ -74.174598910490317, 40.564681466146084 ], [ -74.174630938737522, 40.564717927518352 ], [ -74.174638944818255, 40.564727043133743 ], [ -74.174673710266603, 40.564792910741325 ], [ -74.174693753237349, 40.564825334381759 ], [ -74.17471110550224, 40.564846605434958 ], [ -74.17474846516447, 40.56488711560872 ], [ -74.174813830256269, 40.564952350316737 ], [ -74.174848509646111, 40.564984750735796 ], [ -74.174875205805591, 40.565018177365381 ], [ -74.174913944177774, 40.565076939954984 ], [ -74.174925975774315, 40.565098219997019 ], [ -74.174930021448247, 40.565119511278681 ], [ -74.174934076281659, 40.565143844583638 ], [ -74.174939375706899, 40.565177663024059 ], [ -74.174951443240928, 40.565213140801582 ], [ -74.174954180536531, 40.56524254695541 ], [ -74.174951591713821, 40.565269932332377 ], [ -74.174946336083266, 40.565295296477593 ], [ -74.174938427876228, 40.565323704859118 ], [ -74.174931879982282, 40.565364280908092 ], [ -74.174929281988213, 40.565388625263424 ], [ -74.174917379886963, 40.565416026577132 ], [ -74.174893541541806, 40.565458657002772 ], [ -74.174857738975589, 40.565505363328974 ], [ -74.174841820644232, 40.56552364212542 ], [ -74.174832525912208, 40.565530756004122 ], [ -74.174817905382852, 40.565536863166479 ], [ -74.174793971678923, 40.565542984412922 ], [ -74.17475939376223, 40.565549121932683 ], [ -74.174728814787173, 40.565557282164136 ], [ -74.174690244635485, 40.565563425735164 ], [ -74.174619730383839, 40.565565561831804 ], [ -74.174541220309706, 40.565561625121902 ], [ -74.174510607257091, 40.565557613851361 ], [ -74.174490628829346, 40.565549531402496 ], [ -74.174465327151765, 40.565541456950996 ], [ -74.174440030766149, 40.565535409617659 ], [ -74.174358823550548, 40.565518292235488 ] ] ] ] } }
]
}
