{
"type": "FeatureCollection",
"name": "pluto_Freshkills_Park_(South)",
"crs": { "type": "name", "properties": { "name": "urn:ogc:def:crs:OGC:1.3:CRS84" } },
"features": [
{ "type": "Feature", "properties": { "Borough": "SI", "Block": 2705, "Lot": 300, "CD": 502, "BCT2020": "5029102", "BCTCB2020": "50291022018", "CT2010": "291.02", "CB2010": "2023", "SchoolDist": "31", "Council": 50, "ZipCode": 10314, "FireComp": "Q008", "PolicePrct": 121, "HealthCent": 51, "HealthArea": 100, "Sanitboro": "5", "SanitDistr": "02", "SanitSub": "4D", "Address": "VICTORY BOULEVARD", "ZoneDist1": "M3-1", "ZoneDist2": null, "ZoneDist3": null, "ZoneDist4": null, "Overlay1": null, "Overlay2": null, "SPDist1": null, "SPDist2": null, "SPDist3": null, "LtdHeight": null, "SplitZone": "N", "BldgClass": "U0", "LandUse": "07", "Easements": 0, "OwnerType": "X", "OwnerName": "CONSOLIDATED EDISON CO.OF N.Y.,INC.", "LotArea": 4425876, "BldgArea": 0, "ComArea": 0, "ResArea": 0, "OfficeArea": 0, "RetailArea": 0, "GarageArea": 0, "StrgeArea": 0, "FactryArea": 0, "OtherArea": 0, "AreaSource": "7", "NumBldgs": 0, "NumFloors": 0.0, "UnitsRes": 0, "UnitsTotal": 0, "LotFront": 0.0, "LotDepth": 0.0, "BldgFront": 0.0, "BldgDepth": 0.0, "Ext": "N", "ProxCode": "0", "IrrLotCode": "N", "LotType": "0", "BsmtCode": "0", "AssessLand": 0.0, "AssessTot": 0.0, "ExemptTot": 0.0, "YearBuilt": 0, "YearAlter1": 0, "YearAlter2": 0, "HistDist": null, "Landmark": null, "BuiltFAR": 0.0, "ResidFAR": 0.0, "CommFAR": 2.0, "FacilFAR": 0.0, "BoroCode": 5, "BBL": 5027050300.0, "CondoNo": 0, "Tract2010": "029102", "XCoord": 928115, "YCoord": 151746, "ZoneMap": "26a", "ZMCode": "Y", "Sanborn": "500 000", "TaxMap": "51101", "EDesigNum": null, "APPBBL": 0.0, "APPDate": null, "PLUTOMapID": "1", "FIRM07_FLA": "1", "PFIRM15_FL": "1", "Version": "25v4", "DCPEdited": "t", "Latitude": 40.583006, "Longitude": -74.2020937, "Notes": null, "Shape_Leng": 0.0, "Shape_Area": 3589784.0271899998 }, "geometry": { "type": "MultiPolygon", "coordinates": [ [ [ [ -74.196958737801211, 40.585213121877757 ], [ -74.196646493592837, 40.585285529420204 ], [ -74.196474263668392, 40.585325466971426 ], [ -74.196314440584899, 40.585362529361255 ], [ -74.196284248105513, 40.585542038800625 ], [ -74.196259999503425, 40.585686208614618 ], [ -74.196245480692056, 40.585772524583632 ], [ -74.193812664539223, 40.585621604605279 ], [ -74.193800382467558, 40.585567788228843 ], [ -74.193702000753802, 40.585566516848154 ], [ -74.193618561862976, 40.58556632605687 ], [ -74.193527784170143, 40.585567753202497 ], [ -74.193441811893805, 40.585570902989097 ], [ -74.193355986206498, 40.585575756241902 ], [ -74.193251473212044, 40.585585632462461 ], [ -74.193162255665072, 40.585596387102001 ], [ -74.193110891565738, 40.58539432316973 ], [ -74.193099806620168, 40.585350715737718 ], [ -74.19402086679284, 40.58535817252892 ], [ -74.194427955601881, 40.585228139268075 ], [ -74.196297100901305, 40.584239179554231 ], [ -74.196444812988659, 40.584161021672713 ], [ -74.196926036851679, 40.583906396296449 ], [ -74.197292078937494, 40.583846874870041 ], [ -74.197566828520095, 40.583671844728542 ], [ -74.198655092682486, 40.583562863710945 ], [ -74.19928867452262, 40.583386170283468 ], [ -74.199817579565632, 40.583644104870977 ], [ -74.2004167421604, 40.583249215117029 ], [ -74.199805802583811, 40.582207160370515 ], [ -74.199815988950093, 40.582173657424342 ], [ -74.19989217208105, 40.581923048688722 ], [ -74.199973337249503, 40.581656056971312 ], [ -74.199961257048273, 40.581442013633371 ], [ -74.199944951786918, 40.581164240115967 ], [ -74.199841885963821, 40.580703070203818 ], [ -74.199926085076683, 40.580339597875614 ], [ -74.20017769281182, 40.580117418482459 ], [ -74.200433234542757, 40.580010038119227 ], [ -74.200527333673335, 40.580006882451748 ], [ -74.200579734722837, 40.580005124116489 ], [ -74.200579412628187, 40.579980809467827 ], [ -74.200578682399012, 40.579925625062465 ], [ -74.200751318266512, 40.579914190778517 ], [ -74.200835333335391, 40.579912332921175 ], [ -74.20088800022809, 40.579916512985648 ], [ -74.201015740403818, 40.579924830250832 ], [ -74.201141230244644, 40.579931444772683 ], [ -74.201235350025968, 40.579936404881543 ], [ -74.201307069782487, 40.579943111529388 ], [ -74.201365364496297, 40.579956677603619 ], [ -74.201406900866147, 40.57998479132052 ], [ -74.201467505452158, 40.580020561224927 ], [ -74.201511265780937, 40.580043546116407 ], [ -74.201521710125434, 40.580050360316541 ], [ -74.201575247467545, 40.580085289538616 ], [ -74.201632411296174, 40.580095437188852 ], [ -74.201702998623915, 40.580097877138805 ], [ -74.201782554674637, 40.580102861440281 ], [ -74.201836369785411, 40.58011643514169 ], [ -74.201883508532617, 40.58014539345313 ], [ -74.201922808661877, 40.580175220128055 ], [ -74.201962027408456, 40.580177714113404 ], [ -74.202017999498111, 40.580163949362003 ], [ -74.202093093760922, 40.580174920788835 ], [ -74.20219287405105, 40.580199517947349 ], [ -74.202311717678597, 40.580230056354431 ], [ -74.202459699841995, 40.580263963578808 ], [ -74.202569562170041, 40.580288539886133 ], [ -74.202646909039487, 40.580303780022156 ], [ -74.202785880209731, 40.58032147151981 ], [ -74.202884517993255, 40.580338381382525 ], [ -74.202971935204417, 40.580350186006868 ], [ -74.203075048947184, 40.58036537674333 ], [ -74.203179275835581, 40.580378007032813 ], [ -74.203286846280577, 40.580385503662555 ], [ -74.203366414277951, 40.580393904360982 ], [ -74.203441527494931, 40.580411707220883 ], [ -74.203524450546126, 40.580418394493677 ], [ -74.203652129900945, 40.58040706483041 ], [ -74.203776409989715, 40.580382928288977 ], [ -74.203892838388882, 40.580356240883013 ], [ -74.203999180916327, 40.580327865643298 ], [ -74.204121229414596, 40.580307147441559 ], [ -74.204299309248569, 40.580291457242524 ], [ -74.204407952054311, 40.580282721644394 ], [ -74.204594797596442, 40.580277501516321 ], [ -74.204636473102042, 40.580276337193169 ], [ -74.204689000787994, 40.580235243530502 ], [ -74.204676583197525, 40.580204514393095 ], [ -74.204670945899053, 40.580192566360488 ], [ -74.204683217130764, 40.580175463299469 ], [ -74.204769275448072, 40.580108684424005 ], [ -74.204836400917344, 40.58007866906533 ], [ -74.204897913953005, 40.580045246245582 ], [ -74.204961668761527, 40.580011818390354 ], [ -74.205032168522038, 40.579986068099934 ], [ -74.205108284744242, 40.579965433549916 ], [ -74.205183283764754, 40.579945651953992 ], [ -74.205249303857229, 40.579920763298389 ], [ -74.205314173890315, 40.579885628556724 ], [ -74.205379063618039, 40.579857323412774 ], [ -74.205447331937052, 40.579834994365875 ], [ -74.205518986295615, 40.57982034517569 ], [ -74.20558950170242, 40.579800571333436 ], [ -74.205657772198563, 40.579778242157111 ], [ -74.205729409590987, 40.579758468060909 ], [ -74.205842529738987, 40.579748869397818 ], [ -74.205849920234186, 40.57974763009247 ], [ -74.205868281974816, 40.579744551144991 ], [ -74.20593098057347, 40.579731627878274 ], [ -74.206002649616821, 40.579722957940959 ], [ -74.206035154609168, 40.579728024554527 ], [ -74.206057621542683, 40.579747630222045 ], [ -74.20606332099328, 40.579780078553313 ], [ -74.206057884648999, 40.579833046575835 ], [ -74.206053581322308, 40.579891137454766 ], [ -74.206052639042582, 40.579948368535014 ], [ -74.206055050579238, 40.58000388538931 ], [ -74.206056345416471, 40.580061111537496 ], [ -74.206059881872875, 40.580118332829485 ], [ -74.206067896547594, 40.580173840555439 ], [ -74.206070313365444, 40.580231065610768 ], [ -74.206067119161901, 40.580285737906458 ], [ -74.206051603522326, 40.580339580365489 ], [ -74.206034940996503, 40.580385734323563 ], [ -74.206038447312366, 40.580433561418708 ], [ -74.206031749384181, 40.58044126030051 ], [ -74.206002634061775, 40.580444730009894 ], [ -74.205985883473844, 40.580462696687036 ], [ -74.205969256273661, 40.580519955961009 ], [ -74.205941404323752, 40.580571256688806 ], [ -74.205904592139916, 40.58062171617879 ], [ -74.205859889003335, 40.5806568196436 ], [ -74.205834190506096, 40.580679073527115 ], [ -74.20582421401069, 40.580714112931517 ], [ -74.205816539691568, 40.580768791402328 ], [ -74.205811111174725, 40.580825177742476 ], [ -74.205806205581538, 40.5808691763879 ], [ -74.205796855561672, 40.580925141148782 ], [ -74.205781349173421, 40.580983251152773 ], [ -74.205762470496865, 40.581037098670116 ], [ -74.205755856548578, 40.581072130206216 ], [ -74.205739096436204, 40.581086680352833 ], [ -74.205703256737621, 40.58109016294523 ], [ -74.205630434119982, 40.581089438665209 ], [ -74.205582274577864, 40.581093795109972 ], [ -74.205535274069433, 40.581110962226973 ], [ -74.205510701309535, 40.581134922318462 ], [ -74.205480613231686, 40.581187081536576 ], [ -74.205439298577204, 40.581231571267843 ], [ -74.205393502753864, 40.581276072506057 ], [ -74.20537896088473, 40.581283784531543 ], [ -74.205370007916684, 40.581287217122558 ], [ -74.205346604321747, 40.58132654983828 ], [ -74.205319787024223, 40.581349660294777 ], [ -74.205291936641188, 40.581400960018343 ], [ -74.205260714167267, 40.581448849083188 ], [ -74.205240722025025, 40.581505261402874 ], [ -74.205238654309937, 40.581561640788173 ], [ -74.205227549611422, 40.581593262882834 ], [ -74.2051952165926, 40.5816445714241 ], [ -74.2051729629992, 40.581695005595456 ], [ -74.205169776855257, 40.581751387895245 ], [ -74.205185639061199, 40.581809442725088 ], [ -74.205192540177123, 40.581867514390694 ], [ -74.205187069114288, 40.581910230805065 ], [ -74.205154690081272, 40.581946166506803 ], [ -74.20515142693489, 40.581978630039188 ], [ -74.205159451548241, 40.582037551630073 ], [ -74.205147262724736, 40.582081991927573 ], [ -74.205129495058586, 40.582133273525343 ], [ -74.20512743116214, 40.582190505749502 ], [ -74.205101822290189, 40.582242656029592 ], [ -74.205087426518091, 40.582297348192562 ], [ -74.205077422997562, 40.582322991486564 ], [ -74.20505517694545, 40.582375988438081 ], [ -74.205029572869194, 40.582428993299949 ], [ -74.205024147575287, 40.582487086041233 ], [ -74.20501535653014, 40.582542621965842 ], [ -74.204998662431294, 40.582578527883108 ], [ -74.204955074590188, 40.582612773383389 ], [ -74.204922663880822, 40.582639308553169 ], [ -74.204911524739174, 40.582659829805941 ], [ -74.204863470177344, 40.582699208205874 ], [ -74.20481978912153, 40.582702700815652 ], [ -74.204797550385507, 40.582757407000486 ], [ -74.204786512268711, 40.582812094060031 ], [ -74.204786546260948, 40.582823197545785 ], [ -74.204790075144189, 40.582877857725407 ], [ -74.2047891292315, 40.58293423333879 ], [ -74.204787056171483, 40.58298975819163 ], [ -74.20478611166952, 40.583046990167269 ], [ -74.204785166850868, 40.583103366696534 ], [ -74.204776371903662, 40.583158902523373 ], [ -74.204749645295394, 40.583211910154006 ], [ -74.204718430633079, 40.583262361112368 ], [ -74.20468161375112, 40.583312823797343 ], [ -74.20466161412098, 40.583367525043897 ], [ -74.204643851074806, 40.583420514845237 ], [ -74.204626098346822, 40.58347692222047 ], [ -74.204611707452429, 40.583534176290847 ], [ -74.204599560793298, 40.583591426447455 ], [ -74.204588531423866, 40.58364867636989 ], [ -74.204579741164906, 40.583705068702692 ], [ -74.204569828857018, 40.5837614593487 ], [ -74.20456104249169, 40.583818704354755 ], [ -74.204556730979817, 40.583874233183842 ], [ -74.20455466010992, 40.583929757019234 ], [ -74.204554829894818, 40.583985278791531 ], [ -74.204563964910605, 40.584041638209882 ], [ -74.20458094022429, 40.584097127307039 ], [ -74.204603486779533, 40.584143212153371 ], [ -74.204654035387904, 40.58418583146338 ], [ -74.204709040843142, 40.584221606953712 ], [ -74.20474613393813, 40.584260833515806 ], [ -74.20475069893206, 40.584288160035406 ], [ -74.204734012407215, 40.584327481564301 ], [ -74.204691588344161, 40.584375389572934 ], [ -74.204646905880381, 40.584419032146059 ], [ -74.204598861441099, 40.584461825157682 ], [ -74.204547450107881, 40.584502916766489 ], [ -74.204494912548938, 40.584542301139585 ], [ -74.204467057485999, 40.584592747884692 ], [ -74.204461568671704, 40.584629486545069 ], [ -74.204469582751059, 40.584685847041634 ], [ -74.204482072980923, 40.584740491361039 ], [ -74.20450353108977, 40.584795975166983 ], [ -74.204521623679042, 40.584850610350408 ], [ -74.204534116700728, 40.584906108345926 ], [ -74.204548852736593, 40.58496160326925 ], [ -74.204557990491438, 40.585018816365775 ], [ -74.204562079266452, 40.585073900632381 ], [ -74.204562825912788, 40.585134973938381 ], [ -74.204559636471359, 40.585190499841964 ], [ -74.204551964631037, 40.58524688925182 ], [ -74.204548840525234, 40.585273366154418 ], [ -74.203973464800058, 40.585302659658751 ], [ -74.203964869736538, 40.585169158234876 ], [ -74.203963583971401, 40.585149189548758 ], [ -74.203957700550845, 40.585057804557266 ], [ -74.203957520766849, 40.585055021356666 ], [ -74.202637609425892, 40.585283843249258 ], [ -74.200754298277602, 40.586078363934455 ], [ -74.20074482287626, 40.586076869381124 ], [ -74.200732936013921, 40.586075530383773 ], [ -74.200720532262849, 40.58607476771418 ], [ -74.200706224270192, 40.586074749448116 ], [ -74.200691959012289, 40.58607558755309 ], [ -74.200677825134733, 40.586077275517368 ], [ -74.200663907550734, 40.586079805076714 ], [ -74.20065029356131, 40.586083159848002 ], [ -74.200637068372785, 40.586087319940212 ], [ -74.200624310808521, 40.586092259111318 ], [ -74.200612102412762, 40.586097944758912 ], [ -74.200600516287949, 40.586104345215432 ], [ -74.200589625503525, 40.586111418939559 ], [ -74.200579497414537, 40.586119121726092 ], [ -74.200570193121749, 40.586127409293034 ], [ -74.200561771501597, 40.586136226657345 ], [ -74.20055428342458, 40.586145521440208 ], [ -74.200547776889493, 40.586155235078216 ], [ -74.200542289690546, 40.58616530894345 ], [ -74.200537858180184, 40.586175679890992 ], [ -74.199787583101028, 40.586518540258488 ], [ -74.199528439796836, 40.586628628669871 ], [ -74.198607797055985, 40.584550394082633 ], [ -74.196895491941433, 40.585045657557025 ], [ -74.196958737801211, 40.585213121877757 ] ] ] ] } },
{ "type": "Feature", "properties": { "Borough": "SI", "Block": 2725, "Lot": 1, "CD": 503, "BCT2020": "5022801", "BCTCB2020": "50228012003", "CT2010": "228", "CB2010": "1014", "SchoolDist": "31", "Council": 51, "ZipCode": 10314, "FireComp": "L087", "PolicePrct": 123, "HealthCent": 51, "HealthArea": 800, "Sanitboro": "5", "SanitDistr": "03", "SanitSub": "5C", "Address": "ARTHUR KILL ROAD", "ZoneDist1": "M3-1", "ZoneDist2": null, "ZoneDist3": null, "ZoneDist4": null, "Overlay1": null, "Overlay2": null, "SPDist1": "SRD", "SPDist2": null, "SPDist3": null, "LtdHeight": null, "SplitZone": "N", "BldgClass": "V1", "LandUse": "11", "Easements": 0, "OwnerType": "C", "OwnerName": "NYC DEPARTMENT OF PARKS AND RECREATION", "LotArea": 3659040, "BldgArea": 0, "ComArea": 0, "ResArea": 0, "OfficeArea": 0, "RetailArea": 0, "GarageArea": 0, "StrgeArea": 0, "FactryArea": 0, "OtherArea": 0, "AreaSource": "7", "NumBldgs": 0, "NumFloors": 0.0, "UnitsRes": 0, "UnitsTotal": 0, "LotFront": 84.33, "LotDepth": 3000.0, "BldgFront": 0.0, "BldgDepth": 0.0, "Ext": null, "ProxCode": "0", "IrrLotCode": "Y", "LotType": "5", "BsmtCode": "5", "AssessLand": 3345300.0, "AssessTot": 3345300.0, "ExemptTot": 3345300.0, "YearBuilt": 0, "YearAlter1": 0, "YearAlter2": 0, "HistDist": null, "Landmark": null, "BuiltFAR": 0.0, "ResidFAR": 0.0, "CommFAR": 2.0, "FacilFAR": 0.0, "BoroCode": 5, "BBL": 5027250001.0, "CondoNo": 0, "Tract2010": "0228", "XCoord": 927751, "YCoord": 149291, "ZoneMap": "26b", "ZMCode": null, "Sanborn": "599 999", "TaxMap": "51101", "EDesigNum": null, "APPBBL": 0.0, "APPDate": null, "PLUTOMapID": "1", "FIRM07_FLA": "1", "PFIRM15_FL": "1", "Version": "25v4", "DCPEdited": "t", "Latitude": 40.5762652, "Longitude": -74.2033836, "Notes": null, "Shape_Leng": 0.0, "Shape_Area": 3286061.5115899998 }, "geometry": { "type": "MultiPolygon", "coordinates": [ [ [ [ -74.202887530084695, 40.57349498522948 ], [ -74.20292610984022, 40.573492465797457 ], [ -74.203001693044172, 40.573498458608995 ], [ -74.203066012800036, 40.573500796166208 ], [ -74.203150791894956, 40.573511317572553 ], [ -74.203238256704324, 40.573521885449608 ], [ -74.203352871955943, 40.573537767032647 ], [ -74.203427178528742, 40.573551897129541 ], [ -74.203501498663229, 40.573571990507894 ], [ -74.203542456979903, 40.573575342666217 ], [ -74.203589558172538, 40.573571491407854 ], [ -74.203679366829491, 40.57355586838105 ], [ -74.203743124692807, 40.573552441399301 ], [ -74.203814152450562, 40.573556734293014 ], [ -74.203896751610145, 40.573553272882172 ], [ -74.204091342102032, 40.573536299130033 ], [ -74.204185522476322, 40.573528398991719 ], [ -74.204233341625539, 40.573526104986186 ], [ -74.204257982512203, 40.573527166193443 ], [ -74.204273939135405, 40.573531555771815 ], [ -74.204304399852163, 40.57354033850995 ], [ -74.204343307230985, 40.573555395517594 ], [ -74.204402270864904, 40.573581525661332 ], [ -74.204444900147479, 40.573598711155981 ], [ -74.204461310828833, 40.573599804029818 ], [ -74.204486788902997, 40.573598895045336 ], [ -74.20451396098882, 40.573595825475685 ], [ -74.204538066691569, 40.573588699896739 ], [ -74.20457950142783, 40.573575176769694 ], [ -74.204603272975902, 40.573569254331503 ], [ -74.204616008158169, 40.573585675696457 ], [ -74.20465640167825, 40.573607809861699 ], [ -74.204722563174641, 40.573630754551345 ], [ -74.204790949333699, 40.573648569341458 ], [ -74.204864933195111, 40.573665522263518 ], [ -74.204938901389866, 40.573677348517045 ], [ -74.204954591391328, 40.573679882516515 ], [ -74.205027422842306, 40.573685732077614 ], [ -74.205102468744286, 40.573683890760911 ], [ -74.205175269094212, 40.573680345026006 ], [ -74.205250340866712, 40.573686188687482 ], [ -74.205324282941206, 40.573689474090237 ], [ -74.205397081754839, 40.573685071851372 ], [ -74.205471012132762, 40.573684939665895 ], [ -74.205544943397726, 40.573683953741643 ], [ -74.205618861858994, 40.573679552037056 ], [ -74.205693905101981, 40.573676853052397 ], [ -74.205770064946435, 40.573672446400195 ], [ -74.205841729927769, 40.573663776463334 ], [ -74.205913392149697, 40.57365425112436 ], [ -74.205987321070481, 40.573653264837048 ], [ -74.206061256345166, 40.573653986034898 ], [ -74.206135191739293, 40.573654709779049 ], [ -74.206191173184479, 40.573646065082535 ], [ -74.206260558281514, 40.573624588126307 ], [ -74.206327704116546, 40.573603112471318 ], [ -74.206393721251075, 40.573579076735598 ], [ -74.206459728132401, 40.573552480834046 ], [ -74.20648880582398, 40.573537052064204 ], [ -74.206493167796594, 40.573498607911041 ], [ -74.206500967375732, 40.573484925673796 ], [ -74.206519997356381, 40.573480621187045 ], [ -74.206592812031488, 40.573482200338908 ], [ -74.206666764160232, 40.573488045087771 ], [ -74.206738463139246, 40.573490478086008 ], [ -74.206814658464623, 40.573498029678099 ], [ -74.206889750215396, 40.573510707178414 ], [ -74.206941294323187, 40.57351573748911 ], [ -74.207012974738205, 40.573512193525978 ], [ -74.207065641161279, 40.573518077203587 ], [ -74.207090515926453, 40.57353038341541 ], [ -74.207090528380064, 40.573530791245361 ], [ -74.207076864519848, 40.573615931064552 ], [ -74.20707537876288, 40.573674643653867 ], [ -74.207082044017966, 40.573701273767092 ], [ -74.207098100056612, 40.573740009014514 ], [ -74.20710242506587, 40.573756861818886 ], [ -74.20710496173534, 40.57378581823567 ], [ -74.20710336791511, 40.573809650849022 ], [ -74.207094866799125, 40.573826707815854 ], [ -74.207076747854245, 40.573843773917794 ], [ -74.207044167868972, 40.573861295682683 ], [ -74.207004637786525, 40.57387385005282 ], [ -74.206958133944951, 40.573882617621827 ], [ -74.206908625823132, 40.573887597508914 ], [ -74.206831570702192, 40.573893557289004 ], [ -74.206776715541352, 40.57389259702564 ], [ -74.206742019549679, 40.573899539501468 ], [ -74.206722274453483, 40.573914005995476 ], [ -74.206690655239456, 40.573950523427186 ], [ -74.206662314763534, 40.574000881539135 ], [ -74.206652677931459, 40.574028417191613 ], [ -74.206655528090764, 40.574050728021277 ], [ -74.206705701876785, 40.574096805215085 ], [ -74.206728706956255, 40.574126397458237 ], [ -74.206746851022928, 40.574155999365111 ], [ -74.206760847773509, 40.574191429775837 ], [ -74.206784703470092, 40.574251272875308 ], [ -74.206833528375128, 40.574307918300534 ], [ -74.206856675266451, 40.574355086841322 ], [ -74.206874844103908, 40.574392625960748 ], [ -74.206887588165102, 40.574460968369607 ], [ -74.206919132973709, 40.57454622042723 ], [ -74.206923450107041, 40.574594897909641 ], [ -74.206930489738355, 40.574625744514037 ], [ -74.20694520618305, 40.574669639461533 ], [ -74.206973239130477, 40.57475385230223 ], [ -74.206980584354795, 40.574811681817451 ], [ -74.206984300111799, 40.574890410983919 ], [ -74.206993901681614, 40.574907582072662 ], [ -74.207003474894819, 40.574917892080521 ], [ -74.20702918852939, 40.574933777031738 ], [ -74.207043113923405, 40.574945659571213 ], [ -74.207044442935043, 40.574954586855661 ], [ -74.207043521813873, 40.574966029730653 ], [ -74.20703120702612, 40.574981531089151 ], [ -74.207002955939842, 40.575003214423923 ], [ -74.20699239511552, 40.575015347391442 ], [ -74.206982716761331, 40.5750268060415 ], [ -74.206976533095073, 40.575053943791382 ], [ -74.206955808223086, 40.57524581429859 ], [ -74.206948135574578, 40.575271126710376 ], [ -74.20693497814878, 40.575300597638211 ], [ -74.206917369900921, 40.575322968727775 ], [ -74.206900298433851, 40.575343225375704 ], [ -74.206865535905479, 40.575364408053474 ], [ -74.206724955803949, 40.575440672793739 ], [ -74.206713937627626, 40.575450453477941 ], [ -74.206710354484869, 40.575467318679792 ], [ -74.206713120289876, 40.575481017059452 ], [ -74.206718842565607, 40.575488376645524 ], [ -74.20672994173367, 40.57550096949543 ], [ -74.206786570325619, 40.575547975149199 ], [ -74.206805659470277, 40.575571783162758 ], [ -74.206817497898641, 40.575590103773905 ], [ -74.206825914889109, 40.575604973454361 ], [ -74.206836082111963, 40.575645028645155 ], [ -74.20685193399909, 40.575704679067044 ], [ -74.206857126624811, 40.575759958506701 ], [ -74.206861193852319, 40.57581147668315 ], [ -74.206870170792342, 40.575829399940964 ], [ -74.206884724054845, 40.575843409399006 ], [ -74.20691495247064, 40.575873975642409 ], [ -74.206928987544757, 40.575895684617223 ], [ -74.206936301166579, 40.575916169254477 ], [ -74.20694061062099, 40.575941333920824 ], [ -74.206936179631384, 40.575985704665563 ], [ -74.206599839360862, 40.577037041418102 ], [ -74.206566616817426, 40.57718817820016 ], [ -74.206143102023262, 40.577508575815266 ], [ -74.206172547621762, 40.577516526857693 ], [ -74.20619952886949, 40.577528797689482 ], [ -74.206218050514224, 40.577546934356334 ], [ -74.206230363449521, 40.577567776586648 ], [ -74.206237624866418, 40.577592407401056 ], [ -74.206237714351602, 40.577621433977974 ], [ -74.206234957847215, 40.577662073445531 ], [ -74.206226507700265, 40.577718496787689 ], [ -74.206214385514869, 40.577749185977481 ], [ -74.206198660894046, 40.577783269443977 ], [ -74.206195852559787, 40.577805180738778 ], [ -74.206200938265482, 40.577823972831048 ], [ -74.206211891500928, 40.577880361350779 ], [ -74.206211330467568, 40.577933608773726 ], [ -74.206203637416962, 40.578004964188395 ], [ -74.206206071366381, 40.578095322428673 ], [ -74.206191241529226, 40.578186386048991 ], [ -74.20619081149448, 40.578282924360167 ], [ -74.206180988348677, 40.578365228604746 ], [ -74.206171776148679, 40.578407415019143 ], [ -74.206150289432969, 40.578438249841028 ], [ -74.206105868386942, 40.578481594462112 ], [ -74.206078641305908, 40.57852339001451 ], [ -74.206058593760858, 40.578547522241706 ], [ -74.206001219096422, 40.578601392906606 ], [ -74.205960115854907, 40.578625319821704 ], [ -74.205934376928312, 40.578651463258844 ], [ -74.205923151795417, 40.578670930212311 ], [ -74.205905450558177, 40.578681526949367 ], [ -74.205855679456064, 40.578706987575153 ], [ -74.205813238007366, 40.57872285883515 ], [ -74.205772045585221, 40.578738956660182 ], [ -74.205733865826744, 40.578751861130797 ], [ -74.205706534050293, 40.57876899846368 ], [ -74.205672227412151, 40.578796265700461 ], [ -74.205611746706396, 40.578844585475743 ], [ -74.205511713064737, 40.578907216005369 ], [ -74.205460404987178, 40.578938446286287 ], [ -74.205416227884911, 40.578964184850236 ], [ -74.205371263966555, 40.578979078931098 ], [ -74.205297563738341, 40.579000694466188 ], [ -74.205216378629956, 40.57903333592995 ], [ -74.205127175712875, 40.579058881959554 ], [ -74.205053944601005, 40.57907830831833 ], [ -74.205000720515073, 40.579103790041977 ], [ -74.204935250496462, 40.579137583825947 ], [ -74.204810153390596, 40.579190612948445 ], [ -74.204702060178107, 40.579222409578172 ], [ -74.204640824472719, 40.579242828204002 ], [ -74.204600852877746, 40.579243914285037 ], [ -74.204555572457451, 40.579253135231795 ], [ -74.204486378633078, 40.579275882369821 ], [ -74.204446413507682, 40.579281031517709 ], [ -74.204396457241771, 40.579286834255186 ], [ -74.204364786902048, 40.579281176713373 ], [ -74.204327307422943, 40.579281878273406 ], [ -74.204285681689072, 40.579288934969547 ], [ -74.204265269236629, 40.579295184922458 ], [ -74.204250002146779, 40.579311302622955 ], [ -74.204237910773728, 40.579331234855196 ], [ -74.204214651086332, 40.579378235977607 ], [ -74.204182817747807, 40.579415530290831 ], [ -74.20415425871802, 40.579429304124602 ], [ -74.204078862017255, 40.579444884831176 ], [ -74.20398567003646, 40.579453931277641 ], [ -74.203912606160074, 40.579463747933872 ], [ -74.203850121687665, 40.579468701824872 ], [ -74.203759736586321, 40.579480275393358 ], [ -74.203689856993222, 40.579491700939144 ], [ -74.20363902388614, 40.579496634983521 ], [ -74.203560633129982, 40.579495966115815 ], [ -74.203492853907434, 40.579501736948394 ], [ -74.203400558685047, 40.579514033109959 ], [ -74.203313767345435, 40.579537596857698 ], [ -74.203211039022918, 40.579546658626867 ], [ -74.203108338803332, 40.579563792641387 ], [ -74.203009607765679, 40.579576106221573 ], [ -74.202963001250524, 40.579576996306201 ], [ -74.20288564902566, 40.579569867432831 ], [ -74.202848575002861, 40.579570740724463 ], [ -74.202757530858506, 40.579589468444084 ], [ -74.202702300952652, 40.579587956638861 ], [ -74.202652524771409, 40.579592080623648 ], [ -74.202606701142088, 40.579592716021459 ], [ -74.202544997405937, 40.579575353641197 ], [ -74.202457468917842, 40.579526819059438 ], [ -74.202391233972349, 40.579481667100474 ], [ -74.202351888735905, 40.579436464157276 ], [ -74.202355079567994, 40.57938008459972 ], [ -74.202432175883658, 40.579313323254823 ], [ -74.202484645910886, 40.579252584833917 ], [ -74.202505732228701, 40.579186776726715 ], [ -74.202485366307045, 40.579121041663093 ], [ -74.202459483627749, 40.579082649139309 ], [ -74.202314814959109, 40.579031653122243 ], [ -74.202172341912359, 40.57896613384041 ], [ -74.202013122757904, 40.578919434244469 ], [ -74.201842789311627, 40.578902649592955 ], [ -74.201702805923063, 40.578919124743763 ], [ -74.20158200496607, 40.578981691912567 ], [ -74.201521715015645, 40.579049275983394 ], [ -74.201406343449264, 40.579055457746762 ], [ -74.201216907074439, 40.579019061623214 ], [ -74.201016327502202, 40.579002327868089 ], [ -74.200818997907618, 40.578948861851217 ], [ -74.200671048769905, 40.578924348634089 ], [ -74.200524224615748, 40.57890154331681 ], [ -74.200508506743773, 40.578890465438811 ], [ -74.200472584681421, 40.578865757276397 ], [ -74.200444529430385, 40.57884957694467 ], [ -74.200421996556827, 40.578806907756309 ], [ -74.200352473854679, 40.578784820222161 ], [ -74.200297483021188, 40.57875245929813 ], [ -74.200344192697983, 40.578637919021659 ], [ -74.200371965316833, 40.578560140656258 ], [ -74.200495810523719, 40.578391653831765 ], [ -74.20062522088773, 40.578211198158648 ], [ -74.200672037494826, 40.578133387386778 ], [ -74.200707652929708, 40.578055596994986 ], [ -74.200736554759686, 40.577981233240799 ], [ -74.200762112783238, 40.577911146436165 ], [ -74.200782032196102, 40.577829966849635 ], [ -74.200795287722769, 40.577767588488825 ], [ -74.20081303044482, 40.57770691049766 ], [ -74.200819405739907, 40.57759158772528 ], [ -74.200812471508712, 40.577520704918705 ], [ -74.200805114358474, 40.577308883007127 ], [ -74.200800310465269, 40.5772012666405 ], [ -74.200813518601421, 40.577123513605329 ], [ -74.200842500351328, 40.577074775041972 ], [ -74.200823263857899, 40.57701074600056 ], [ -74.200765956827127, 40.57695276389682 ], [ -74.200780337035667, 40.576892091864366 ], [ -74.200780167841813, 40.576835716370397 ], [ -74.200731704712808, 40.5767375732852 ], [ -74.200697807684435, 40.576641112115695 ], [ -74.200678533015633, 40.576564268674225 ], [ -74.200711948097194, 40.576500148566431 ], [ -74.20070616198808, 40.576438659832917 ], [ -74.200683543851142, 40.576366948877762 ], [ -74.200649702339589, 40.57628927801975 ], [ -74.200628201346419, 40.576216711414361 ], [ -74.200615719770283, 40.576163773169696 ], [ -74.200621149738964, 40.576106536049878 ], [ -74.200609782658248, 40.576051887562294 ], [ -74.200579242321851, 40.575953712195556 ], [ -74.200539694355214, 40.575840177788564 ], [ -74.200524858688283, 40.575749661034081 ], [ -74.200523503458427, 40.575671080669984 ], [ -74.200522333876307, 40.575653998740712 ], [ -74.200522216113839, 40.575614708961524 ], [ -74.200517567751177, 40.575559195049621 ], [ -74.200510662317143, 40.57549770733501 ], [ -74.200507193639666, 40.575461837234421 ], [ -74.200507157800956, 40.575449879220841 ], [ -74.200508244100249, 40.575438772853325 ], [ -74.200527218807466, 40.575415678196322 ], [ -74.200555154852111, 40.575392566891203 ], [ -74.200625673133658, 40.575373651517985 ], [ -74.200659236516344, 40.575359926537637 ], [ -74.200709526189712, 40.575319692268266 ], [ -74.20072510497603, 40.575284644429644 ], [ -74.20074398974792, 40.575231653237594 ], [ -74.200744936393221, 40.575174421176278 ], [ -74.200738052503738, 40.575119767542176 ], [ -74.20072110195153, 40.575071110154532 ], [ -74.200717566551702, 40.57501303139918 ], [ -74.20072299633695, 40.574955793346973 ], [ -74.20073403527492, 40.574901107479249 ], [ -74.200739511170326, 40.574859244099279 ], [ -74.200754027891961, 40.574843842226166 ], [ -74.200785285193632, 40.574807913295132 ], [ -74.200815306307462, 40.574733547453981 ], [ -74.200842031300468, 40.574679690608157 ], [ -74.20086763059922, 40.57462497751883 ], [ -74.200895471293435, 40.57457026225967 ], [ -74.200923314617697, 40.57451640076188 ], [ -74.200953408498037, 40.574465953671073 ], [ -74.20097901385067, 40.574412948841022 ], [ -74.201006859609478, 40.57435994184199 ], [ -74.201045926033984, 40.574312894785017 ], [ -74.201086113432623, 40.574266699441964 ], [ -74.201122981975885, 40.574234177189354 ], [ -74.201174387516843, 40.574193087067876 ], [ -74.201228032218765, 40.574151992917798 ], [ -74.201282803591198, 40.574111750540446 ], [ -74.20133644816147, 40.574070656424368 ], [ -74.201392344369495, 40.574032974928926 ], [ -74.201450487338406, 40.573997851534969 ], [ -74.201506388405832, 40.573961023663031 ], [ -74.201565661109598, 40.57392931741699 ], [ -74.20161931685719, 40.57389163798387 ], [ -74.201679695963449, 40.57385480484659 ], [ -74.201736719070041, 40.573819681431793 ], [ -74.201799359074272, 40.573789675691742 ], [ -74.201867617125458, 40.573765639546956 ], [ -74.201934750529205, 40.573739896203953 ], [ -74.202003016053823, 40.573717568261593 ], [ -74.202070169884067, 40.573698657991393 ], [ -74.202137296501022, 40.573670353309417 ], [ -74.202203298621185, 40.573641195204758 ], [ -74.202259219802031, 40.573612054725814 ], [ -74.202319668044638, 40.573598282760102 ], [ -74.202389106006407, 40.573593889265695 ], [ -74.202457478583753, 40.5736074352697 ], [ -74.202491068970446, 40.573602251184383 ], [ -74.202560473193813, 40.573586752334762 ], [ -74.202629877500186, 40.573571255199404 ], [ -74.202656717279211, 40.57355668863498 ], [ -74.202686906258577, 40.573537843194444 ], [ -74.202726095537798, 40.573532649164562 ], [ -74.202798880023678, 40.573523123705307 ], [ -74.202836900541328, 40.573501704174959 ], [ -74.202842727919844, 40.573498945167948 ], [ -74.202887530084695, 40.57349498522948 ] ] ] ] } },
{ "type": "Feature", "properties": { "Borough": "SI", "Block": 5804, "Lot": 1, "CD": 502, "BCT2020": "5022802", "BCTCB2020": "50228021018", "CT2010": "228", "CB2010": "1020", "SchoolDist": "31", "Council": 51, "ZipCode": 10314, "FireComp": "L087", "PolicePrct": 123, "HealthCent": 51, "HealthArea": 800, "Sanitboro": "5", "SanitDistr": "02", "SanitSub": "4D", "Address": "ARDEN AVENUE", "ZoneDist1": "PARK", "ZoneDist2": "M1-1", "ZoneDist3": null, "ZoneDist4": null, "Overlay1": null, "Overlay2": null, "SPDist1": "NA-1", "SPDist2": "SRD", "SPDist3": null, "LtdHeight": null, "SplitZone": "Y", "BldgClass": "Q0", "LandUse": "09", "Easements": 0, "OwnerType": "C", "OwnerName": "NYC DEPARTMENT OF PARKS AND RECREATION", "LotArea": 6359760, "BldgArea": 0, "ComArea": 0, "ResArea": 0, "OfficeArea": 0, "RetailArea": 0, "GarageArea": 0, "StrgeArea": 0, "FactryArea": 0, "OtherArea": 0, "AreaSource": "7", "NumBldgs": 0, "NumFloors": 0.0, "UnitsRes": 0, "UnitsTotal": 0, "LotFront": 8000.0, "LotDepth": 1184.0, "BldgFront": 0.0, "BldgDepth": 0.0, "Ext": null, "ProxCode": "0", "IrrLotCode": "Y", "LotType": "5", "BsmtCode": "5", "AssessLand": 92205000.0, "AssessTot": 92205000.0, "ExemptTot": 92205000.0, "YearBuilt": 0, "YearAlter1": 0, "YearAlter2": 0, "HistDist": null, "Landmark": null, "BuiltFAR": 0.0, "ResidFAR": 0.0, "CommFAR": 0.0, "FacilFAR": 0.0, "BoroCode": 5, "BBL": 5058040001.0, "CondoNo": 0, "Tract2010": "0228", "XCoord": 935062, "YCoord": 145719, "ZoneMap": "26d", "ZMCode": "Y", "Sanborn": "599 999", "TaxMap": "52501", "EDesigNum": null, "APPBBL": 0.0, "APPDate": null, "PLUTOMapID": "1", "FIRM07_FLA": "1", "PFIRM15_FL": "1", "Version": "25v4", "DCPEdited": "t", "Latitude": 40.5665044, "Longitude": -74.1770398, "Notes": null, "Shape_Leng": 0.0, "Shape_Area": 5868927.7573699998 }, "geometry": { "type": "MultiPolygon", "coordinates": [ [ [ [ -74.170101603025387, 40.565076570564521 ], [ -74.170103701406191, 40.564571125644306 ], [ -74.170103971827615, 40.564506087340483 ], [ -74.170105406325675, 40.564160398818757 ], [ -74.170080924071968, 40.564182968031268 ], [ -74.170098964661094, 40.563317528827135 ], [ -74.170063320411117, 40.563147232355632 ], [ -74.170043553233583, 40.563063776466464 ], [ -74.170036293712798, 40.563038683143908 ], [ -74.169996029300222, 40.56289951034946 ], [ -74.170009668741827, 40.562467742940775 ], [ -74.170014966027068, 40.562300038848527 ], [ -74.170025537554281, 40.561965393353994 ], [ -74.170018209821095, 40.561257569467749 ], [ -74.170021815751824, 40.561254751828727 ], [ -74.170026644658279, 40.561251316374758 ], [ -74.1700400973087, 40.561243532115157 ], [ -74.170054406002706, 40.561237074806407 ], [ -74.170070690036965, 40.561231580031894 ], [ -74.170088872718736, 40.561227429570778 ], [ -74.170102072495283, 40.561225597316167 ], [ -74.170111418791592, 40.561224868415565 ], [ -74.170772822216321, 40.561330531087826 ], [ -74.17115310524467, 40.561386406555236 ], [ -74.171160782428345, 40.561372520674254 ], [ -74.171252659077467, 40.561403487130598 ], [ -74.171505052128978, 40.561488551750081 ], [ -74.171496909265656, 40.561502280729627 ], [ -74.171884174439867, 40.561686831498847 ], [ -74.171968479254531, 40.561727806336705 ], [ -74.17221155582628, 40.56184594980104 ], [ -74.173290363112883, 40.562360035357699 ], [ -74.173327106121675, 40.562312835482494 ], [ -74.173552614344374, 40.562399845344409 ], [ -74.174575290679101, 40.562796259598258 ], [ -74.17476971654898, 40.562874644906216 ], [ -74.175122561323164, 40.563014264741874 ], [ -74.175213210964131, 40.563054888948791 ], [ -74.175211833765189, 40.563059697188159 ], [ -74.174938741735957, 40.5640122928097 ], [ -74.174987836044707, 40.564020324557035 ], [ -74.175271376412425, 40.563069982210912 ], [ -74.175271722872026, 40.563068820033223 ], [ -74.175341396128019, 40.563076224050796 ], [ -74.175994233854652, 40.563145602840805 ], [ -74.176170953683084, 40.563195633630045 ], [ -74.177058972763248, 40.563533096435734 ], [ -74.177222623181024, 40.563634470456414 ], [ -74.177912327457051, 40.564028642401112 ], [ -74.17813251957854, 40.564137824326103 ], [ -74.178941233223597, 40.564415058358961 ], [ -74.179270449754398, 40.564528560045083 ], [ -74.180171506612766, 40.564858960659691 ], [ -74.181622259369647, 40.565362441413477 ], [ -74.181640381230181, 40.565451038218939 ], [ -74.182234711636255, 40.568356423608421 ], [ -74.182873511800736, 40.571361430207013 ], [ -74.182683649077077, 40.571510545251307 ], [ -74.182536331136035, 40.571949123827459 ], [ -74.182211324849163, 40.57193962578021 ], [ -74.181887631701429, 40.572142497136802 ], [ -74.18188214884961, 40.572119141592793 ], [ -74.181829770950969, 40.572129092521209 ], [ -74.181807894582306, 40.572132886829273 ], [ -74.181798340266695, 40.572133606131295 ], [ -74.181790942138747, 40.572133382830266 ], [ -74.181781382151357, 40.572132458681409 ], [ -74.181773982110329, 40.572131531115872 ], [ -74.181677714829803, 40.572098722279108 ], [ -74.181607184896677, 40.572079675083714 ], [ -74.181596330294283, 40.572075560589504 ], [ -74.181582503164989, 40.572065816234108 ], [ -74.181555842455865, 40.572048578132694 ], [ -74.181533142861923, 40.572038847792449 ], [ -74.18150056060351, 40.57201936501081 ], [ -74.181486735646729, 40.572010371675283 ], [ -74.181431966093811, 40.571987544305287 ], [ -74.181410527713027, 40.571972555544647 ], [ -74.181389995527311, 40.571956372160749 ], [ -74.181386031912226, 40.571947969292211 ], [ -74.18138443210718, 40.571938962919653 ], [ -74.181385976555759, 40.571927549057754 ], [ -74.181390679490633, 40.571918532734912 ], [ -74.181432343358239, 40.571880627683015 ], [ -74.181477918781866, 40.571831906462414 ], [ -74.181517955982272, 40.571775986234016 ], [ -74.181529738094213, 40.57176155289509 ], [ -74.181549353879163, 40.571730289762129 ], [ -74.181554840729618, 40.571719470279149 ], [ -74.181560303133111, 40.571699641934821 ], [ -74.181564178570738, 40.571669885996073 ], [ -74.181562529855142, 40.571642861067176 ], [ -74.181558504308754, 40.571611635372847 ], [ -74.181546487146633, 40.571538980883602 ], [ -74.181521817530395, 40.57145072943495 ], [ -74.181492372166858, 40.571363333857803 ], [ -74.181452804659401, 40.571267944953618 ], [ -74.181443885575348, 40.571286904317425 ], [ -74.181442336239485, 40.571293876818906 ], [ -74.181442116818147, 40.571309213176193 ], [ -74.181444503319057, 40.57134178775393 ], [ -74.181443271007666, 40.57134943156089 ], [ -74.181435806617316, 40.57137045993084 ], [ -74.181434166660253, 40.571381925312487 ], [ -74.181434194291953, 40.571392115644734 ], [ -74.18143759802301, 40.571414401025592 ], [ -74.181441064562748, 40.571442449703909 ], [ -74.181465320440708, 40.571519291152867 ], [ -74.181481489497372, 40.571569161172413 ], [ -74.181484871698046, 40.571584429680215 ], [ -74.181484920313807, 40.57160275803912 ], [ -74.181488351136167, 40.571636355825746 ], [ -74.181488407005531, 40.571659987344972 ], [ -74.181487093450642, 40.571668136515989 ], [ -74.181471149551228, 40.5717012551533 ], [ -74.181463862281063, 40.571723159437454 ], [ -74.181453933210776, 40.571757287074092 ], [ -74.181450021796806, 40.571792932540347 ], [ -74.181444070339026, 40.571815344299395 ], [ -74.181440716769472, 40.571822449409638 ], [ -74.18143612329537, 40.571829991353184 ], [ -74.181430868570743, 40.571836278991917 ], [ -74.181425278400511, 40.571840808498472 ], [ -74.181414422870986, 40.571848109092805 ], [ -74.181370179718073, 40.571869897865973 ], [ -74.181361766503315, 40.571875933895363 ], [ -74.181340230871726, 40.57190086563552 ], [ -74.18132709911626, 40.571914941839957 ], [ -74.181319208049061, 40.571919772977139 ], [ -74.181304470800072, 40.571925818982216 ], [ -74.181290253765042, 40.571929053620806 ], [ -74.18128182639694, 40.571929871077955 ], [ -74.181268126307927, 40.571929491031874 ], [ -74.181254949693354, 40.57192790525702 ], [ -74.181230496731501, 40.571920445199254 ], [ -74.181109937452035, 40.571886606171574 ], [ -74.181058510315808, 40.571872561554635 ], [ -74.181019732115999, 40.57186234937263 ], [ -74.18099613006504, 40.571857250876199 ], [ -74.180941355815875, 40.571850916420253 ], [ -74.180913537838762, 40.571844540333792 ], [ -74.180847686890118, 40.571827099063803 ], [ -74.180739766297762, 40.571794522962563 ], [ -74.180678206806007, 40.571770864776383 ], [ -74.180565203217284, 40.571726741016967 ], [ -74.180394024050344, 40.571664729439142 ], [ -74.180333863373505, 40.571647317593168 ], [ -74.180272325437841, 40.57163200436397 ], [ -74.180218364096064, 40.571614753819375 ], [ -74.180130669417935, 40.571584072575988 ], [ -74.180062386169382, 40.571551232064536 ], [ -74.179973365779887, 40.571506201973271 ], [ -74.179899177841378, 40.571466281592663 ], [ -74.179857359926544, 40.571442736121504 ], [ -74.179827693498765, 40.571430463401562 ], [ -74.179775105117955, 40.571408987071827 ], [ -74.179737338277945, 40.571389541603317 ], [ -74.179673932139892, 40.571351657444673 ], [ -74.179561950607649, 40.571283051078716 ], [ -74.179485188189204, 40.571241617159565 ], [ -74.17936770641127, 40.571176188147696 ], [ -74.179300443095656, 40.571140241479227 ], [ -74.179257820654598, 40.571120841245531 ], [ -74.179166885573892, 40.571076999511767 ], [ -74.179064366704083, 40.571035752217561 ], [ -74.179035985989245, 40.571024991908345 ], [ -74.179021786112784, 40.57101648334892 ], [ -74.179002350765444, 40.571003433484364 ], [ -74.178980684806035, 40.57099266269978 ], [ -74.178938855940444, 40.570976236469782 ], [ -74.178904910389775, 40.570956522746485 ], [ -74.178871457967588, 40.570938389626143 ], [ -74.178767495925214, 40.570873993513935 ], [ -74.178718485866384, 40.570837699265446 ], [ -74.178601372683133, 40.570763322161405 ], [ -74.178490241554442, 40.570695298813533 ], [ -74.178418532338284, 40.570646310766556 ], [ -74.178345608857143, 40.57059005006014 ], [ -74.178295392019834, 40.570548301231355 ], [ -74.178230844327999, 40.570501120098712 ], [ -74.178203340277136, 40.570476612546116 ], [ -74.178178232487269, 40.570455738562458 ], [ -74.178126506902629, 40.570415441780298 ], [ -74.178101408948336, 40.57039820413754 ], [ -74.178076316950083, 40.570383694949854 ], [ -74.178047645735944, 40.570369190468462 ], [ -74.178022547711748, 40.570351953643666 ], [ -74.17799983031847, 40.570332894982485 ], [ -74.17792924572413, 40.57025844426073 ], [ -74.177905321210829, 40.570233931093206 ], [ -74.177867058749243, 40.570201256211931 ], [ -74.177779729314693, 40.570110465095674 ], [ -74.177652510666874, 40.569986181083863 ], [ -74.177607057042096, 40.569940788218496 ], [ -74.177541271919594, 40.56987633197442 ], [ -74.177504190446726, 40.569839110119752 ], [ -74.177491009092421, 40.569817307985709 ], [ -74.177417955903692, 40.569711036129675 ], [ -74.177383226170775, 40.569660171261241 ], [ -74.177371220788558, 40.569632002369637 ], [ -74.177335261119197, 40.569567499957316 ], [ -74.177271516171984, 40.569438906652259 ], [ -74.177200758869176, 40.569298989170761 ], [ -74.177167181350981, 40.569232664048911 ], [ -74.177118027752158, 40.569141813550694 ], [ -74.176964845125681, 40.568904908275343 ], [ -74.176901627110979, 40.568801784450201 ], [ -74.176869039611944, 40.568740774358055 ], [ -74.176847924209966, 40.568689924340042 ], [ -74.176842094116964, 40.568649226776586 ], [ -74.17684578276959, 40.568601243740702 ], [ -74.17683993720901, 40.568554731434524 ], [ -74.176832173068746, 40.56850386002472 ], [ -74.176808844203393, 40.568453685211928 ], [ -74.1767820117133, 40.568405750903047 ], [ -74.176747505827052, 40.568340381584314 ], [ -74.17672453613018, 40.568309886285114 ], [ -74.176690131368758, 40.568282317329967 ], [ -74.176598449779291, 40.568234481774354 ], [ -74.176571696665007, 40.568215624468039 ], [ -74.176562112626996, 40.56819819322763 ], [ -74.176554421616146, 40.568174943558404 ], [ -74.176542743695379, 40.568086279363456 ], [ -74.176533091850814, 40.568042678891608 ], [ -74.17652540854273, 40.568022337888586 ], [ -74.176485172877491, 40.567954070371506 ], [ -74.176412113815289, 40.567813771419843 ], [ -74.176357337100484, 40.567689936662561 ], [ -74.17633161792682, 40.567634937699381 ], [ -74.176316516294463, 40.56761317351399 ], [ -74.17630291715956, 40.567590261519179 ], [ -74.176289286621625, 40.567555883180823 ], [ -74.176277157592736, 40.567520355277466 ], [ -74.176249919038582, 40.567459624092862 ], [ -74.176213669084603, 40.56740464033809 ], [ -74.17618700254279, 40.567372786323048 ], [ -74.176177440973348, 40.567353472115471 ], [ -74.176168920461109, 40.567327713829606 ], [ -74.176167835073983, 40.567316440940104 ], [ -74.176168861095022, 40.567305163808975 ], [ -74.176174129496076, 40.567299518410408 ], [ -74.176183626238469, 40.567294672528959 ], [ -74.176195237711653, 40.56729062756235 ], [ -74.176199449197881, 40.567284983784909 ], [ -74.17620154170541, 40.567276927179662 ], [ -74.176199393147428, 40.567263238003179 ], [ -74.176188767406742, 40.567240705024339 ], [ -74.176165449977603, 40.567213358431751 ], [ -74.176127330498304, 40.567182009211507 ], [ -74.176077581434754, 40.567148260722114 ], [ -74.176029797951244, 40.567121445122254 ], [ -74.175979010334572, 40.567094141500384 ], [ -74.175954674250519, 40.56708129314277 ], [ -74.175931380370372, 40.567062804943006 ], [ -74.175894327370585, 40.567035480250865 ], [ -74.175853045968623, 40.567007355097445 ], [ -74.175841394315356, 40.566996098378368 ], [ -74.175835022559284, 40.566984028412733 ], [ -74.175791534315309, 40.566920471789167 ], [ -74.175657634297536, 40.566772635284053 ], [ -74.175627982690642, 40.566746909349604 ], [ -74.175608932110336, 40.56673485783373 ], [ -74.175586712145758, 40.56672281124267 ], [ -74.175558150996963, 40.566710775258095 ], [ -74.175525378651315, 40.56670357693605 ], [ -74.175424965349606, 40.56669003959734 ], [ -74.175368948780743, 40.566683681885706 ], [ -74.175341463773194, 40.566678086520866 ], [ -74.175272729285794, 40.566657252294355 ], [ -74.175114913328642, 40.566597645708597 ], [ -74.175081057698719, 40.566580786356923 ], [ -74.175035571705379, 40.566560721635497 ], [ -74.175019690668293, 40.566548665276599 ], [ -74.174986875135588, 40.566525360074976 ], [ -74.174965701722584, 40.566509284611215 ], [ -74.174932897852173, 40.566490006533805 ], [ -74.174888434089382, 40.566457054562463 ], [ -74.174862740598002, 40.566430257971057 ], [ -74.17485319969316, 40.566418191854673 ], [ -74.174846823961317, 40.566404510844322 ], [ -74.174843604085282, 40.566385187709571 ], [ -74.174846724169015, 40.566365855846882 ], [ -74.174854059684478, 40.566343293733233 ], [ -74.174859260668157, 40.566311876307729 ], [ -74.17486238074153, 40.566292543524384 ], [ -74.174868682920376, 40.56627803813511 ], [ -74.17486970704104, 40.566265956021255 ], [ -74.174868621887597, 40.566254682114824 ], [ -74.174861199793895, 40.566245028935249 ], [ -74.174850613642647, 40.566236992572186 ], [ -74.174824164515286, 40.566224146270194 ], [ -74.174745899310992, 40.566194466836045 ], [ -74.17470148408637, 40.566180038676109 ], [ -74.174663424739038, 40.566171237987845 ], [ -74.174612679221028, 40.566160039656204 ], [ -74.17459469838235, 40.566152818669423 ], [ -74.174580943020928, 40.566144786092963 ], [ -74.174574578772791, 40.566135938207992 ], [ -74.174573494564925, 40.566125469377802 ], [ -74.174577697709196, 40.566116603677543 ], [ -74.174590348267643, 40.566105309814041 ], [ -74.174640850020936, 40.566071084110128 ], [ -74.174675655863254, 40.566047675999066 ], [ -74.174712553122177, 40.566016211300393 ], [ -74.17474836432217, 40.565972667686545 ], [ -74.174876920106655, 40.565839588378964 ], [ -74.174947680052455, 40.565775517037494 ], [ -74.17502465205483, 40.565714998687177 ], [ -74.175055219914626, 40.565686764760564 ], [ -74.175085790752917, 40.565660140899737 ], [ -74.175112121494351, 40.565628692090826 ], [ -74.175160561396282, 40.56556580013757 ], [ -74.175179528245536, 40.565546443180331 ], [ -74.175238578207896, 40.565501253809501 ], [ -74.175320044733638, 40.565434743549652 ], [ -74.175367495966654, 40.565398429371164 ], [ -74.175391760464052, 40.565384701609943 ], [ -74.175418140714427, 40.565371775693329 ], [ -74.175445586170824, 40.565362069302331 ], [ -74.175481483131676, 40.565351545834389 ], [ -74.175519503193939, 40.565345044430309 ], [ -74.17558288249063, 40.565339310255517 ], [ -74.175643103929517, 40.565338413197615 ], [ -74.175750235334988, 40.565347887639263 ], [ -74.175793568875093, 40.565353458655302 ], [ -74.17583796776978, 40.565362250101664 ], [ -74.175895070996233, 40.565379879636737 ], [ -74.175971201834727, 40.565402313158003 ], [ -74.176003973886097, 40.565408706271988 ], [ -74.176068444789649, 40.565416660875762 ], [ -74.176095921157597, 40.565418229841441 ], [ -74.176126572006396, 40.565422209090187 ], [ -74.176145607355124, 40.565428622303706 ], [ -74.176208038058022, 40.565463962311462 ], [ -74.176262416720164, 40.565492158100149 ], [ -74.176292044675691, 40.565509024596359 ], [ -74.176330151647093, 40.565535543383845 ], [ -74.176351329431128, 40.565553228751945 ], [ -74.176369314432108, 40.565562059618912 ], [ -74.176412667273098, 40.565574879608825 ], [ -74.17650993829632, 40.565599695547917 ], [ -74.176567025824511, 40.565611688374723 ], [ -74.176604018799537, 40.565616463750217 ], [ -74.176636785557349, 40.56562124561087 ], [ -74.1766600452208, 40.565626847164594 ], [ -74.176686480604488, 40.565634858985916 ], [ -74.176728760858268, 40.565641237269041 ], [ -74.176825998967786, 40.565653973272696 ], [ -74.17689282191715, 40.565663913111266 ], [ -74.177055385582563, 40.565686530622173 ], [ -74.177114560487368, 40.565688979803227 ], [ -74.17715956386732, 40.565689546157763 ], [ -74.177182888794462, 40.565686334036592 ], [ -74.177212030283371, 40.565676760642013 ], [ -74.177270310974663, 40.565656344846836 ], [ -74.17731191680808, 40.565632777776223 ], [ -74.17738946622309, 40.565590028028481 ], [ -74.177397784263718, 40.565584297715652 ], [ -74.177400275659664, 40.565581117720235 ], [ -74.177397765741048, 40.565577310536277 ], [ -74.177390264976239, 40.56557732211899 ], [ -74.177346964410759, 40.565590093650485 ], [ -74.177235387178385, 40.565624566892872 ], [ -74.177193747682722, 40.565635429395492 ], [ -74.177162926574354, 40.56563992373971 ], [ -74.177128765862705, 40.565642516816872 ], [ -74.177096264497635, 40.565642567762296 ], [ -74.177036252157691, 40.565638213454335 ], [ -74.176957055599658, 40.56562753637197 ], [ -74.176917039673953, 40.56562188145768 ], [ -74.176887853412239, 40.565614939194489 ], [ -74.176773288914092, 40.565580778441834 ], [ -74.176708233770242, 40.565560551818784 ], [ -74.176657366562367, 40.565547926297683 ], [ -74.176623182297291, 40.565541626564972 ], [ -74.176563998690355, 40.565535366084703 ], [ -74.176482313034299, 40.565529138388946 ], [ -74.176468136530019, 40.565525349107261 ], [ -74.176453951652618, 40.565518383772421 ], [ -74.17644643258501, 40.565511409033988 ], [ -74.176396273519302, 40.565451140758768 ], [ -74.176345078571998, 40.565371041784402 ], [ -74.176280676054517, 40.565282847494949 ], [ -74.176253926867872, 40.56525112873156 ], [ -74.176233036612018, 40.565229563409623 ], [ -74.176216339680607, 40.565218790755637 ], [ -74.176201315666901, 40.565209285356914 ], [ -74.176192125470465, 40.565200406756858 ], [ -74.176182936949516, 40.565192162981582 ], [ -74.176165158295149, 40.565180490604064 ], [ -74.176093418472192, 40.565153286676647 ], [ -74.175992472602005, 40.565111518209989 ], [ -74.175979951890781, 40.565103278602017 ], [ -74.175969919645169, 40.56509122512746 ], [ -74.175963221052825, 40.565079166544358 ], [ -74.175960684513527, 40.565065196934007 ], [ -74.175958115664017, 40.565038521777005 ], [ -74.175961377845297, 40.565011838692172 ], [ -74.17597202317036, 40.564971479599095 ], [ -74.175979463619996, 40.564948600252826 ], [ -74.175987754403195, 40.564932072735822 ], [ -74.175992712796813, 40.564916820147268 ], [ -74.175993507541762, 40.564901574773749 ], [ -74.175990956429885, 40.56488252262988 ], [ -74.175984254403289, 40.564869193393093 ], [ -74.175976738326995, 40.564862851607096 ], [ -74.175965059651134, 40.564857788780934 ], [ -74.175945054267487, 40.564856548763309 ], [ -74.175921402636348, 40.56485845893409 ], [ -74.175898915938021, 40.564864209080007 ], [ -74.175803151167941, 40.564890399857035 ], [ -74.175707356298929, 40.564905155663929 ], [ -74.175676533124147, 40.564909649613384 ], [ -74.175614041637871, 40.564912920391308 ], [ -74.175553216310362, 40.564916190429209 ], [ -74.175495719505179, 40.564917548021683 ], [ -74.17545489547885, 40.564921421441362 ], [ -74.175434060535991, 40.564920818349897 ], [ -74.175419885884423, 40.564917663848107 ], [ -74.175409873748066, 40.564913232328649 ], [ -74.175398177250912, 40.564901818012466 ], [ -74.175387293306571, 40.564882777658312 ], [ -74.175382210492089, 40.564851025610849 ], [ -74.175377851897252, 40.564777983201644 ], [ -74.175381128711749, 40.564756381747046 ], [ -74.17538275657968, 40.564741769097687 ], [ -74.175386057903424, 40.564729060302795 ], [ -74.175386030170458, 40.564718896989099 ], [ -74.175381837596774, 40.564708740954146 ], [ -74.17537180884807, 40.5646979580807 ], [ -74.175348135945455, 40.564681812628955 ], [ -74.1753314437168, 40.564672309579279 ], [ -74.175292235506788, 40.564656490431581 ], [ -74.175274712535966, 40.564647623553149 ], [ -74.175268027767331, 40.564641281456375 ], [ -74.175250480951988, 40.564622887922866 ], [ -74.175229600100778, 40.564605134300542 ], [ -74.175216244183588, 40.564596261976831 ], [ -74.175182037261948, 40.564581069154798 ], [ -74.175173686009856, 40.564574094682079 ], [ -74.175167822789604, 40.564562669606737 ], [ -74.175162758847634, 40.564538539556338 ], [ -74.175157722715838, 40.564524572903167 ], [ -74.175151022555156, 40.564511879363167 ], [ -74.175151002603656, 40.564504256437395 ], [ -74.17515264547994, 40.564495361153874 ], [ -74.175157603011428, 40.564478838862591 ], [ -74.175171463025265, 40.56441325566859 ], [ -74.174840286980171, 40.564358578602622 ], [ -74.174876715846864, 40.564219205165301 ], [ -74.174692626330355, 40.564184658237281 ], [ -74.174704288221406, 40.564144041122404 ], [ -74.174704706489933, 40.564134198643949 ], [ -74.174702466582801, 40.564128770956778 ], [ -74.174698449447448, 40.564124705817342 ], [ -74.174693098256043, 40.56412165936861 ], [ -74.174683746303302, 40.564120315586734 ], [ -74.174667273687618, 40.564120680136128 ], [ -74.174654813458105, 40.56412375366822 ], [ -74.174634792008959, 40.564128874778497 ], [ -74.174588049729337, 40.564143447901941 ], [ -74.174569456758334, 40.564145775193445 ], [ -74.174530757760195, 40.564148898539628 ], [ -74.174518198589581, 40.564151601165825 ], [ -74.174446883640442, 40.564176614525323 ], [ -74.174343037094829, 40.564208901188103 ], [ -74.174184346740176, 40.564251334311294 ], [ -74.174153511938073, 40.564257606442638 ], [ -74.174125386815419, 40.564259723898637 ], [ -74.174105420407543, 40.564258370976717 ], [ -74.174080904702706, 40.564252183669389 ], [ -74.174064565202031, 40.56425013361018 ], [ -74.174011914292123, 40.564242603891685 ], [ -74.173983763998592, 40.564235038885329 ], [ -74.173959240528049, 40.564225391717883 ], [ -74.173925620380103, 40.564208150673139 ], [ -74.173837462051651, 40.564155025157071 ], [ -74.173806395474401, 40.564132072701419 ], [ -74.173713700652669, 40.564078954790645 ], [ -74.173655529736564, 40.564042383181061 ], [ -74.173634626105326, 40.564029273304079 ], [ -74.173596443130265, 40.564002355756472 ], [ -74.173564617759752, 40.563976810856929 ], [ -74.173544619160481, 40.563963008044738 ], [ -74.173441097462472, 40.563864126117409 ], [ -74.173409342482188, 40.563827426232407 ], [ -74.173378314052513, 40.563794015755583 ], [ -74.173354505295251, 40.56376937002932 ], [ -74.173336474295382, 40.563752942826554 ], [ -74.173317034673872, 40.563738183375627 ], [ -74.173302593079754, 40.563717720999605 ], [ -74.173286855544148, 40.563696391411924 ], [ -74.173243054911026, 40.563649477859151 ], [ -74.17320373528672, 40.563603412142605 ], [ -74.17318126041306, 40.563574403984319 ], [ -74.173134157834696, 40.563550557914645 ], [ -74.173062435401462, 40.563534437552015 ], [ -74.172986255141936, 40.563526865423825 ], [ -74.172913449804639, 40.563525264901763 ], [ -74.172900762294944, 40.563524258218649 ], [ -74.172703023850019, 40.563441181454891 ], [ -74.172651295124581, 40.56342234806575 ], [ -74.172632843375979, 40.563418472039459 ], [ -74.172582622840494, 40.563410738147482 ], [ -74.172540597421502, 40.563402211104332 ], [ -74.172510861189807, 40.563392103201963 ], [ -74.172399092270581, 40.563354005793947 ], [ -74.172325284098164, 40.563336155544334 ], [ -74.172252114519026, 40.563318216024946 ], [ -74.172230591259193, 40.56331512527499 ], [ -74.172201896113535, 40.563311262697283 ], [ -74.172136314867728, 40.563305894759161 ], [ -74.172079940398319, 40.563295045926544 ], [ -74.172042475976752, 40.563288125376658 ], [ -74.172012314109651, 40.563275493980051 ], [ -74.171948421838636, 40.563255089076172 ], [ -74.171876708783202, 40.563242384635799 ], [ -74.171818430027116, 40.563227951678684 ], [ -74.171746753301989, 40.563228912555125 ], [ -74.171671714933197, 40.56322987757445 ], [ -74.171596680834767, 40.563232551671895 ], [ -74.17156504547674, 40.563234427527405 ], [ -74.171547784830835, 40.563230069996948 ], [ -74.171419630175421, 40.563193559417016 ], [ -74.171417884577323, 40.563233497959288 ], [ -74.171383871882483, 40.563229454537662 ], [ -74.171313270673963, 40.563214183342907 ], [ -74.171250527568461, 40.563204882563532 ], [ -74.171192213037074, 40.563175926605929 ], [ -74.171141711590082, 40.563136709114403 ], [ -74.171123717575909, 40.563107696639406 ], [ -74.171103444413447, 40.563063308286594 ], [ -74.171059646702716, 40.563017247587204 ], [ -74.1710113810406, 40.56297631933446 ], [ -74.170995673018822, 40.562965241007937 ], [ -74.170973809082554, 40.562955876541196 ], [ -74.170948593465582, 40.562949935492888 ], [ -74.17085094427388, 40.562868081370283 ], [ -74.170826266469703, 40.562853596171735 ], [ -74.170810554138811, 40.562840806853913 ], [ -74.170794845093042, 40.562828872053281 ], [ -74.17079033250225, 40.562816065158287 ], [ -74.17078469158993, 40.562800697956874 ], [ -74.170773476613903, 40.562794737810066 ], [ -74.170755539617545, 40.562787930368891 ], [ -74.170720797974255, 40.562779440525738 ], [ -74.170708479858078, 40.562780313440491 ], [ -74.170706255162642, 40.562786295324742 ], [ -74.170706279129718, 40.562795691379158 ], [ -74.170718702812692, 40.562836673035093 ], [ -74.170726557506626, 40.562841785413774 ], [ -74.170751201275635, 40.562843457081158 ], [ -74.170771378342167, 40.562850261191485 ], [ -74.170825236489421, 40.562888618325807 ], [ -74.170893688779529, 40.562940621934985 ], [ -74.170901537927818, 40.562944025092705 ], [ -74.170935209405741, 40.562971309576461 ], [ -74.170938609084317, 40.562987533877219 ], [ -74.170942024157227, 40.563008882039966 ], [ -74.170944285923966, 40.563017419319756 ], [ -74.170953265373825, 40.563025094672057 ], [ -74.170964488162724, 40.563033619451325 ], [ -74.171016122871862, 40.563078812990106 ], [ -74.171030729020003, 40.563096728899446 ], [ -74.171058794670131, 40.563122313396192 ], [ -74.171072271519861, 40.563136812549992 ], [ -74.171162031881281, 40.563199034126797 ], [ -74.17121025190643, 40.563222024728653 ], [ -74.17126185851086, 40.56325611473207 ], [ -74.171277555828269, 40.563262923676071 ], [ -74.171293255228605, 40.563270588060448 ], [ -74.171358280038007, 40.563295261000874 ], [ -74.171415131303988, 40.563296492015894 ], [ -74.171414144459561, 40.563319070543521 ], [ -74.171411928329547, 40.56333111935254 ], [ -74.171406250321979, 40.563344686188678 ], [ -74.171385396182501, 40.563371419737209 ], [ -74.171363626617861, 40.563395727693113 ], [ -74.171308241969712, 40.5634560394017 ], [ -74.17135787971975, 40.563429436782663 ], [ -74.171374433741548, 40.563423094845696 ], [ -74.171395965701734, 40.563419904559815 ], [ -74.171421647336004, 40.563420497551959 ], [ -74.171443197091307, 40.563424254783435 ], [ -74.17147221828121, 40.563433686784613 ], [ -74.171558459290011, 40.563466403924735 ], [ -74.171594100994966, 40.563473930391858 ], [ -74.171622280372276, 40.563478309920235 ], [ -74.17165624595863, 40.563478260005631 ], [ -74.171687725651481, 40.563477580808645 ], [ -74.171711756580393, 40.563480071819932 ], [ -74.17175154341696, 40.563488223355797 ], [ -74.171778895841683, 40.563493867463798 ], [ -74.171808394933663, 40.563495808982488 ], [ -74.171860582566993, 40.563493836220346 ], [ -74.171891230431783, 40.563492526898237 ], [ -74.171926040839907, 40.563498159894785 ], [ -74.171950083145703, 40.563505072380195 ], [ -74.171998141490505, 40.563508158592725 ], [ -74.172127386884839, 40.56351112307658 ], [ -74.172167164457605, 40.56351611632175 ], [ -74.172210261397467, 40.56352300019379 ], [ -74.172279060222607, 40.563537425291628 ], [ -74.172383887311312, 40.563560793392654 ], [ -74.172432805953633, 40.563576510775555 ], [ -74.17245270086012, 40.563580902452117 ], [ -74.172499113984941, 40.563588412551262 ], [ -74.172528128095152, 40.563595948679861 ], [ -74.17258450899152, 40.563614182557359 ], [ -74.17265250353698, 40.563638083038789 ], [ -74.172674897532161, 40.56364815601092 ], [ -74.172691492121544, 40.563657605463419 ], [ -74.172720012606291, 40.563677458854428 ], [ -74.172750730229708, 40.563702679706388 ], [ -74.172770668018629, 40.563724126367774 ], [ -74.172786461467936, 40.563744314959159 ], [ -74.172798945327912, 40.563766404141141 ], [ -74.172807254810579, 40.563776498274919 ], [ -74.172828853699357, 40.563799205892657 ], [ -74.172861277068293, 40.56384337394956 ], [ -74.17288542740117, 40.563891974233222 ], [ -74.17289293305565, 40.56391091365775 ], [ -74.172898856915566, 40.563932734358389 ], [ -74.172903908515153, 40.563964310118713 ], [ -74.172911424510616, 40.563987671068674 ], [ -74.172918922128162, 40.564003450586306 ], [ -74.17295884861322, 40.564065924885931 ], [ -74.172981314633716, 40.564103789737445 ], [ -74.172992150080731, 40.564129039542337 ], [ -74.172999822524332, 40.564162189970844 ], [ -74.173003196363567, 40.564185557152541 ], [ -74.173004950513132, 40.564222821960044 ], [ -74.17300582719605, 40.56424176951996 ], [ -74.173011678489516, 40.564261973971753 ], [ -74.173020836570146, 40.564279647434773 ], [ -74.173034141769591, 40.564299208508011 ], [ -74.17308327515299, 40.56436570416875 ], [ -74.173118187851159, 40.56441113094526 ], [ -74.173127345439269, 40.564428171328842 ], [ -74.173148183285946, 40.564477409619606 ], [ -74.173158199326522, 40.564505818718942 ], [ -74.173158235282315, 40.564519714688728 ], [ -74.173156601448071, 40.564528561239598 ], [ -74.173150817632873, 40.564534886278942 ], [ -74.173135116497775, 40.564550070352254 ], [ -74.17311444705004, 40.564565892221935 ], [ -74.173104520882518, 40.56457222442139 ], [ -74.17308962303035, 40.564577930955956 ], [ -74.173035561829209, 40.564589482474474 ], [ -74.172951098116314, 40.564604769160134 ], [ -74.172895615478211, 40.564613696767353 ], [ -74.172869108685148, 40.564615631354449 ], [ -74.172852537766616, 40.564615024138547 ], [ -74.172829328773034, 40.564610006119317 ], [ -74.172795353144082, 40.564606899153965 ], [ -74.172770499272076, 40.564606935616574 ], [ -74.172701756295979, 40.564614619607525 ], [ -74.172637538941331, 40.564621654733479 ], [ -74.172596954997587, 40.564626138177992 ], [ -74.172555548120457, 40.56463251670457 ], [ -74.172515801213294, 40.56464015610473 ], [ -74.172487644190753, 40.564644620012473 ], [ -74.1724619642345, 40.564645290718907 ], [ -74.172437934378095, 40.564643432097256 ], [ -74.172421360311148, 40.564641561359934 ], [ -74.172374636145705, 40.564629590498093 ], [ -74.172366335710095, 40.564623918865877 ], [ -74.172353861592384, 40.564605619014394 ], [ -74.172345558690267, 40.564598050848915 ], [ -74.172184636055078, 40.564519966961356 ], [ -74.172119937858071, 40.564489744942954 ], [ -74.1719994177529, 40.564407619025943 ], [ -74.171984844270426, 40.56440540037476 ], [ -74.171967791952554, 40.564405356547354 ], [ -74.171953564307515, 40.564406746641303 ], [ -74.171936567151135, 40.564410282376038 ], [ -74.171921626195996, 40.56441623111008 ], [ -74.171908718110231, 40.564422898970093 ], [ -74.171904397418956, 40.564426073468901 ], [ -74.171901843445283, 40.564430729489011 ], [ -74.171898932728283, 40.564443161095937 ], [ -74.171898296881537, 40.564449818705867 ], [ -74.171898906902072, 40.564453777436036 ], [ -74.172074122976653, 40.564555772775698 ], [ -74.172094626294438, 40.564573072663293 ], [ -74.172123895503304, 40.564597452035947 ], [ -74.172134280565487, 40.564606056347046 ], [ -74.172149377003421, 40.564614653598234 ], [ -74.172239000867862, 40.564661211570098 ], [ -74.17231918273734, 40.564699881584801 ], [ -74.172357862648127, 40.564719936844192 ], [ -74.172371066066773, 40.564725663280321 ], [ -74.172389919965099, 40.564729227187982 ], [ -74.172406881434327, 40.564730638043606 ], [ -74.17242762066418, 40.564734916852608 ], [ -74.172460626536676, 40.564747078457692 ], [ -74.172478533304542, 40.564749206540789 ], [ -74.172510568432131, 40.56474987709457 ], [ -74.172547310250252, 40.564749103255451 ], [ -74.172585000508164, 40.564751202526011 ], [ -74.172623329103914, 40.564759076770919 ], [ -74.172694988480771, 40.564780519584552 ], [ -74.172716665817603, 40.564784078273931 ], [ -74.172733626015017, 40.564784052772751 ], [ -74.172772259736007, 40.564786150563265 ], [ -74.172869301512677, 40.564786723228615 ], [ -74.172902273324794, 40.564785236374469 ], [ -74.172924877519662, 40.564782328724988 ], [ -74.173031740700779, 40.56476208966069 ], [ -74.173091997237606, 40.56474619553115 ], [ -74.173108004582929, 40.564742579210659 ], [ -74.173137205363005, 40.564740380235776 ], [ -74.173175831742611, 40.5647396033552 ], [ -74.173194666654879, 40.564736702254855 ], [ -74.173255872801576, 40.564723680232426 ], [ -74.173338744564759, 40.564709188174206 ], [ -74.17343104167503, 40.564696118219693 ], [ -74.173546862762166, 40.564671520076985 ], [ -74.173560837604796, 40.564668834074645 ], [ -74.173564969053601, 40.564693640169537 ], [ -74.173567616087297, 40.564707182737905 ], [ -74.173558266742475, 40.564709574456856 ], [ -74.173539447416459, 40.564718942254537 ], [ -74.173520642327347, 40.564733336782851 ], [ -74.173508429020202, 40.564747002693409 ], [ -74.173499989906219, 40.564762101974594 ], [ -74.173491566225977, 40.564783664380052 ], [ -74.173478485160032, 40.564826066516865 ], [ -74.1734756892386, 40.564837563317703 ], [ -74.173472907008033, 40.564854808101707 ], [ -74.173473023373361, 40.564923355210269 ], [ -74.173459107260015, 40.56500670383803 ], [ -74.173452625948968, 40.565050532399574 ], [ -74.173448884598756, 40.565061312889924 ], [ -74.173415854556069, 40.565113318674697 ], [ -74.173407421608189, 40.565131289723816 ], [ -74.173402765274616, 40.565152128697882 ], [ -74.17339809219078, 40.565166503627559 ], [ -74.173358674053574, 40.565225465751922 ], [ -74.173346451323212, 40.565235541300481 ], [ -74.173337040640192, 40.565239865437327 ], [ -74.173252297965149, 40.565259388823705 ], [ -74.17323158750601, 40.565265884040791 ], [ -74.173213712186566, 40.565275968098959 ], [ -74.173206195377674, 40.565283881568966 ], [ -74.173191056745665, 40.565316571010221 ], [ -74.173170500551336, 40.565382689028084 ], [ -74.173080478393985, 40.565546605453186 ], [ -74.173036128731724, 40.565633934333128 ], [ -74.173007105730036, 40.565705093582032 ], [ -74.172993975891217, 40.565728817919755 ], [ -74.17294330558731, 40.565808630541092 ], [ -74.172932032468381, 40.565821577319568 ], [ -74.172918868519687, 40.565831653318412 ], [ -74.172871842930945, 40.565863330793533 ], [ -74.172792762931792, 40.565915949651426 ], [ -74.172780531923905, 40.56592243378806 ], [ -74.172766407788714, 40.565926046393287 ], [ -74.1727447474115, 40.565929670245602 ], [ -74.172707081237107, 40.565937629012993 ], [ -74.172644940131562, 40.565953525768151 ], [ -74.172595221492543, 40.565960736266845 ], [ -74.172548870706521, 40.565962515948804 ], [ -74.172477837520788, 40.565960912566077 ], [ -74.172408306250887, 40.565961586928523 ], [ -74.172354485273999, 40.56596508796374 ], [ -74.172329811844449, 40.565965694968881 ], [ -74.172293170351409, 40.565963469802156 ], [ -74.17225055669806, 40.565964673768931 ], [ -74.172180750021397, 40.565973944852281 ], [ -74.172143388604468, 40.565981981370086 ], [ -74.172106015450268, 40.565985457555868 ], [ -74.172043979478616, 40.565994100994715 ], [ -74.171963069841397, 40.566013741087659 ], [ -74.17188836217062, 40.566036655162037 ], [ -74.171797968881748, 40.566065862113888 ], [ -74.171738219993415, 40.56609103384563 ], [ -74.171719559155633, 40.566103032446023 ], [ -74.171705029747926, 40.566116293687784 ], [ -74.171672985111002, 40.566156814030968 ], [ -74.171661797248575, 40.566167662228416 ], [ -74.171575972671221, 40.566228785870869 ], [ -74.171555071117197, 40.566241927017785 ], [ -74.171447996652844, 40.566294653342084 ], [ -74.171438280314987, 40.566296378815743 ], [ -74.171423330143085, 40.566297541187353 ], [ -74.171400150769529, 40.56629643571118 ], [ -74.171369491833531, 40.566295341386741 ], [ -74.171353046714941, 40.566296505980588 ], [ -74.171301839333609, 40.566306296352593 ], [ -74.171262000532707, 40.566390056062893 ], [ -74.171197076051342, 40.566390152833272 ], [ -74.17112315224432, 40.566391118500377 ], [ -74.17104586927951, 40.566391233593606 ], [ -74.170970806627778, 40.566383657454885 ], [ -74.17089910130764, 40.566375222668881 ], [ -74.170822891765951, 40.566358252136361 ], [ -74.170748943272272, 40.566348111375447 ], [ -74.170668289741471, 40.566344816388899 ], [ -74.17059435096543, 40.566338945793724 ], [ -74.17051481034656, 40.566333084387288 ], [ -74.170440866278327, 40.566324651716982 ], [ -74.170365791694721, 40.566312805925207 ], [ -74.170291843189815, 40.566303518559238 ], [ -74.1702123005999, 40.56629594948609 ], [ -74.170137235848983, 40.56628837381011 ], [ -74.170065535077512, 40.56628164679276 ], [ -74.170037227521348, 40.566279186362124 ], [ -74.170042340799739, 40.566033922749895 ], [ -74.170047651822514, 40.565779112410773 ], [ -74.17006231985323, 40.565075451767854 ], [ -74.170101603025387, 40.565076570564521 ] ] ] ] } },
{ "type": "Feature", "properties": { "Borough": "SI", "Block": 5900, "Lot": 17, "CD": 503, "BCT2020": "5022801", "BCTCB2020": "50228011005", "CT2010": "228", "CB2010": "1020", "SchoolDist": "31", "Council": 51, "ZipCode": 10312, "FireComp": "L087", "PolicePrct": 123, "HealthCent": 51, "HealthArea": 800, "Sanitboro": "5", "SanitDistr": "03", "SanitSub": "5C", "Address": "1555 ARTHUR KILL ROAD", "ZoneDist1": "M1-1", "ZoneDist2": null, "ZoneDist3": null, "ZoneDist4": null, "Overlay1": null, "Overlay2": null, "SPDist1": "SRD", "SPDist2": null, "SPDist3": null, "LtdHeight": null, "SplitZone": "N", "BldgClass": "Z9", "LandUse": null, "Easements": 0, "OwnerType": null, "OwnerName": "1547 ARTHUR KILL LLC", "LotArea": 4920, "BldgArea": 0, "ComArea": 0, "ResArea": 0, "OfficeArea": 0, "RetailArea": 0, "GarageArea": 0, "StrgeArea": 0, "FactryArea": 0, "OtherArea": 0, "AreaSource": "7", "NumBldgs": 0, "NumFloors": 0.0, "UnitsRes": 0, "UnitsTotal": 1, "LotFront": 60.0, "LotDepth": 82.0, "BldgFront": 0.0, "BldgDepth": 0.0, "Ext": "N", "ProxCode": "1", "IrrLotCode": "Y", "LotType": "5", "BsmtCode": "0", "AssessLand": 101700.0, "AssessTot": 101700.0, "ExemptTot": 0.0, "YearBuilt": 2009, "YearAlter1": 0, "YearAlter2": 0, "HistDist": null, "Landmark": null, "BuiltFAR": 0.0, "ResidFAR": 0.0, "CommFAR": 1.0, "FacilFAR": 2.4, "BoroCode": 5, "BBL": 5059000017.0, "CondoNo": 0, "Tract2010": "0228", "XCoord": 930893, "YCoord": 144353, "ZoneMap": "26b", "ZMCode": null, "Sanborn": "504 474", "TaxMap": "52501", "EDesigNum": null, "APPBBL": 0.0, "APPDate": null, "PLUTOMapID": "1", "FIRM07_FLA": null, "PFIRM15_FL": null, "Version": "25v4", "DCPEdited": null, "Latitude": 40.5627309, "Longitude": -74.1920342, "Notes": null, "Shape_Leng": 0.0, "Shape_Area": 5630.4215068000003 }, "geometry": { "type": "MultiPolygon", "coordinates": [ [ [ [ -74.191937792217928, 40.562854180644472 ], [ -74.191905125386455, 40.562606255773211 ], [ -74.192025324567425, 40.562610271220876 ], [ -74.192140064618485, 40.562618692873784 ], [ -74.192157441409037, 40.56285974339032 ], [ -74.191937792217928, 40.562854180644472 ] ] ] ] } },
{ "type": "Feature", "properties": { "Borough": "SI", "Block": 5900, "Lot": 27, "CD": 503, "BCT2020": "5022801", "BCTCB2020": "50228011005", "CT2010": "228", "CB2010": "1020", "SchoolDist": "31", "Council": 51, "ZipCode": 10314, "FireComp": "L087", "PolicePrct": 123, "HealthCent": 51, "HealthArea": 800, "Sanitboro": "5", "SanitDistr": "03", "SanitSub": "5C", "Address": "ARTHUR KILL ROAD", "ZoneDist1": "M1-1", "ZoneDist2": null, "ZoneDist3": null, "ZoneDist4": null, "Overlay1": null, "Overlay2": null, "SPDist1": "SRD", "SPDist2": null, "SPDist3": null, "LtdHeight": null, "SplitZone": "N", "BldgClass": "V1", "LandUse": "11", "Easements": 0, "OwnerType": null, "OwnerName": "1547 ARTHUR KILL LLC", "LotArea": 7800, "BldgArea": 0, "ComArea": 0, "ResArea": 0, "OfficeArea": 0, "RetailArea": 0, "GarageArea": 0, "StrgeArea": 0, "FactryArea": 0, "OtherArea": 0, "AreaSource": "7", "NumBldgs": 0, "NumFloors": 0.0, "UnitsRes": 0, "UnitsTotal": 0, "LotFront": 92.0, "LotDepth": 90.0, "BldgFront": 0.0, "BldgDepth": 0.0, "Ext": null, "ProxCode": "0", "IrrLotCode": "Y", "LotType": "5", "BsmtCode": "5", "AssessLand": 101250.0, "AssessTot": 101250.0, "ExemptTot": 0.0, "YearBuilt": 0, "YearAlter1": 0, "YearAlter2": 0, "HistDist": null, "Landmark": null, "BuiltFAR": 0.0, "ResidFAR": 0.0, "CommFAR": 1.0, "FacilFAR": 2.4, "BoroCode": 5, "BBL": 5059000027.0, "CondoNo": 0, "Tract2010": "0228", "XCoord": 931037, "YCoord": 144359, "ZoneMap": "26b", "ZMCode": null, "Sanborn": "504 474", "TaxMap": "52501", "EDesigNum": null, "APPBBL": 0.0, "APPDate": null, "PLUTOMapID": "1", "FIRM07_FLA": null, "PFIRM15_FL": null, "Version": "25v4", "DCPEdited": null, "Latitude": 40.5627482, "Longitude": -74.191516, "Notes": null, "Shape_Leng": 0.0, "Shape_Area": 8842.5661904999997 }, "geometry": { "type": "MultiPolygon", "coordinates": [ [ [ [ -74.191690380759354, 40.562865709059835 ], [ -74.191378668348122, 40.562907086660857 ], [ -74.191335187280558, 40.562642111982221 ], [ -74.191502217811234, 40.562608614902736 ], [ -74.191606136010847, 40.562600157629767 ], [ -74.191653817687197, 40.562599023606374 ], [ -74.191690380759354, 40.562865709059835 ] ] ] ] } },
{ "type": "Feature", "properties": { "Borough": "SI", "Block": 6169, "Lot": 91, "CD": 503, "BCT2020": "5022801", "BCTCB2020": "50228011007", "CT2010": "228", "CB2010": "1038", "SchoolDist": "31", "Council": 51, "ZipCode": 10312, "FireComp": "L087", "PolicePrct": 123, "HealthCent": 51, "HealthArea": 800, "Sanitboro": "5", "SanitDistr": "03", "SanitSub": "5C", "Address": "26 MAZZA COURT", "ZoneDist1": "R3-2", "ZoneDist2": null, "ZoneDist3": null, "ZoneDist4": null, "Overlay1": null, "Overlay2": null, "SPDist1": "SRD", "SPDist2": null, "SPDist3": null, "LtdHeight": null, "SplitZone": "N", "BldgClass": "A5", "LandUse": "01", "Easements": 0, "OwnerType": null, "OwnerName": "CHAN, KA YEE", "LotArea": 1365, "BldgArea": 1990, "ComArea": 0, "ResArea": 1990, "OfficeArea": 0, "RetailArea": 0, "GarageArea": 0, "StrgeArea": 0, "FactryArea": 0, "OtherArea": 0, "AreaSource": "2", "NumBldgs": 1, "NumFloors": 3.0, "UnitsRes": 1, "UnitsTotal": 1, "LotFront": 15.0, "LotDepth": 91.0, "BldgFront": 15.0, "BldgDepth": 47.0, "Ext": "N", "ProxCode": "3", "IrrLotCode": "N", "LotType": "5", "BsmtCode": "5", "AssessLand": 5340.0, "AssessTot": 46860.0, "ExemptTot": 0.0, "YearBuilt": 1996, "YearAlter1": 0, "YearAlter2": 0, "HistDist": null, "Landmark": null, "BuiltFAR": 1.46, "ResidFAR": 0.75, "CommFAR": 0.0, "FacilFAR": 1.0, "BoroCode": 5, "BBL": 5061690091.0, "CondoNo": 0, "Tract2010": "0228", "XCoord": 928347, "YCoord": 142085, "ZoneMap": "33a", "ZMCode": null, "Sanborn": "504 474", "TaxMap": "52601", "EDesigNum": null, "APPBBL": 5061690086.0, "APPDate": "12/07/1999", "PLUTOMapID": "1", "FIRM07_FLA": null, "PFIRM15_FL": null, "Version": "25v4", "DCPEdited": null, "Latitude": 40.55649, "Longitude": -74.2011786, "Notes": null, "Shape_Leng": 0.0, "Shape_Area": 1351.3883537 }, "geometry": { "type": "MultiPolygon", "coordinates": [ [ [ [ -74.201066419198924, 40.556396687070219 ], [ -74.201110160266552, 40.556373266959618 ], [ -74.201284952562546, 40.556584857073361 ], [ -74.201241213833185, 40.556608278165903 ], [ -74.201066419198924, 40.556396687070219 ] ] ] ] } },
{ "type": "Feature", "properties": { "Borough": "SI", "Block": 5900, "Lot": 14, "CD": 503, "BCT2020": "5022801", "BCTCB2020": "50228011005", "CT2010": "228", "CB2010": "1020", "SchoolDist": "31", "Council": 51, "ZipCode": 10314, "FireComp": "L087", "PolicePrct": 123, "HealthCent": 51, "HealthArea": 800, "Sanitboro": "5", "SanitDistr": "03", "SanitSub": "5C", "Address": "ARTHUR KILL ROAD", "ZoneDist1": "M1-1", "ZoneDist2": null, "ZoneDist3": null, "ZoneDist4": null, "Overlay1": null, "Overlay2": null, "SPDist1": "SRD", "SPDist2": null, "SPDist3": null, "LtdHeight": null, "SplitZone": "N", "BldgClass": "V9", "LandUse": "11", "Easements": 0, "OwnerType": "C", "OwnerName": "NYC DEPARTMENT OF ENVIRONMENTAL PROTECTION", "LotArea": 3798, "BldgArea": 0, "ComArea": 0, "ResArea": 0, "OfficeArea": 0, "RetailArea": 0, "GarageArea": 0, "StrgeArea": 0, "FactryArea": 0, "OtherArea": 0, "AreaSource": "7", "NumBldgs": 0, "NumFloors": 0.0, "UnitsRes": 0, "UnitsTotal": 0, "LotFront": 210.0, "LotDepth": 18.08, "BldgFront": 0.0, "BldgDepth": 0.0, "Ext": null, "ProxCode": "0", "IrrLotCode": "N", "LotType": "5", "BsmtCode": "5", "AssessLand": 40050.0, "AssessTot": 40050.0, "ExemptTot": 40050.0, "YearBuilt": 0, "YearAlter1": 0, "YearAlter2": 0, "HistDist": null, "Landmark": null, "BuiltFAR": 0.0, "ResidFAR": 0.0, "CommFAR": 1.0, "FacilFAR": 2.4, "BoroCode": 5, "BBL": 5059000014.0, "CondoNo": 0, "Tract2010": "0228", "XCoord": 931177, "YCoord": 144350, "ZoneMap": "26b", "ZMCode": null, "Sanborn": "504 474", "TaxMap": "52501", "EDesigNum": null, "APPBBL": 0.0, "APPDate": null, "PLUTOMapID": "1", "FIRM07_FLA": null, "PFIRM15_FL": null, "Version": "25v4", "DCPEdited": "t", "Latitude": 40.5627244, "Longitude": -74.1910121, "Notes": null, "Shape_Leng": 0.0, "Shape_Area": 8396.4856598999995 }, "geometry": { "type": "MultiPolygon", "coordinates": [ [ [ [ -74.190937629271275, 40.562706401180655 ], [ -74.191004695906457, 40.56265434634777 ], [ -74.191326674786865, 40.562573070901628 ], [ -74.191624806367585, 40.562546064156479 ], [ -74.192118709330018, 40.562565762237519 ], [ -74.192240508597905, 40.562573965755838 ], [ -74.192328800346658, 40.562588602821997 ], [ -74.192332194640628, 40.562632794192552 ], [ -74.192140064618485, 40.562618692873784 ], [ -74.192025324567425, 40.562610271220876 ], [ -74.191905125386455, 40.562606255773211 ], [ -74.191798799453309, 40.562602704284735 ], [ -74.191674166050944, 40.562598540304812 ], [ -74.191661552489208, 40.562598839611759 ], [ -74.191653817687197, 40.562599023606374 ], [ -74.191606136010847, 40.562600157629767 ], [ -74.191502217811234, 40.562608614902736 ], [ -74.191335187280558, 40.562642111982221 ], [ -74.19113382971679, 40.562703654283567 ], [ -74.190956076866371, 40.562762719328695 ], [ -74.190937629271275, 40.562706401180655 ] ] ] ] } },
{ "type": "Feature", "properties": { "Borough": "SI", "Block": 5900, "Lot": 20, "CD": 503, "BCT2020": "5022801", "BCTCB2020": "50228011005", "CT2010": "228", "CB2010": "1020", "SchoolDist": "31", "Council": 51, "ZipCode": 10312, "FireComp": "L087", "PolicePrct": 123, "HealthCent": 51, "HealthArea": 800, "Sanitboro": "5", "SanitDistr": "03", "SanitSub": "5C", "Address": "1549 ARTHUR KILL ROAD", "ZoneDist1": "M1-1", "ZoneDist2": null, "ZoneDist3": null, "ZoneDist4": null, "Overlay1": null, "Overlay2": null, "SPDist1": "SRD", "SPDist2": null, "SPDist3": null, "LtdHeight": null, "SplitZone": "N", "BldgClass": "K6", "LandUse": "05", "Easements": 0, "OwnerType": null, "OwnerName": "1547 ARTHUR KILL LLC", "LotArea": 76440, "BldgArea": 17564, "ComArea": 17564, "ResArea": 0, "OfficeArea": 0, "RetailArea": 17564, "GarageArea": 0, "StrgeArea": 0, "FactryArea": 0, "OtherArea": 0, "AreaSource": "2", "NumBldgs": 3, "NumFloors": 1.0, "UnitsRes": 0, "UnitsTotal": 10, "LotFront": 97.0, "LotDepth": 587.54, "BldgFront": 40.0, "BldgDepth": 434.0, "Ext": "N", "ProxCode": "1", "IrrLotCode": "Y", "LotType": "5", "BsmtCode": "0", "AssessLand": 533250.0, "AssessTot": 1183950.0, "ExemptTot": 0.0, "YearBuilt": 1981, "YearAlter1": 0, "YearAlter2": 0, "HistDist": null, "Landmark": null, "BuiltFAR": 0.23, "ResidFAR": 0.0, "CommFAR": 1.0, "FacilFAR": 2.4, "BoroCode": 5, "BBL": 5059000020.0, "CondoNo": 0, "Tract2010": "0228", "XCoord": 930967, "YCoord": 144648, "ZoneMap": "26b", "ZMCode": null, "Sanborn": "504 474", "TaxMap": "52501", "EDesigNum": null, "APPBBL": 0.0, "APPDate": null, "PLUTOMapID": "1", "FIRM07_FLA": null, "PFIRM15_FL": null, "Version": "25v4", "DCPEdited": null, "Latitude": 40.5635411, "Longitude": -74.1917702, "Notes": null, "Shape_Leng": 0.0, "Shape_Area": 88205.615138699999 }, "geometry": { "type": "MultiPolygon", "coordinates": [ [ [ [ -74.19139835168815, 40.563027028596508 ], [ -74.191378668348122, 40.562907086660857 ], [ -74.191690380759354, 40.562865709059835 ], [ -74.191653817687197, 40.562599023606374 ], [ -74.191661552489208, 40.562598839611759 ], [ -74.191674166050944, 40.562598540304812 ], [ -74.191798799453309, 40.562602704284735 ], [ -74.191905125386455, 40.562606255773211 ], [ -74.191937792217928, 40.562854180644472 ], [ -74.192134817812686, 40.564349430978247 ], [ -74.191619042780815, 40.564371876334569 ], [ -74.19139835168815, 40.563027028596508 ] ] ] ] } },
{ "type": "Feature", "properties": { "Borough": "SI", "Block": 5900, "Lot": 30, "CD": 503, "BCT2020": "5022801", "BCTCB2020": "50228011005", "CT2010": "228", "CB2010": "1020", "SchoolDist": "31", "Council": 51, "ZipCode": 10312, "FireComp": "L087", "PolicePrct": 123, "HealthCent": 51, "HealthArea": 800, "Sanitboro": "5", "SanitDistr": "03", "SanitSub": "5C", "Address": "1531 ARTHUR KILL ROAD", "ZoneDist1": "M1-1", "ZoneDist2": null, "ZoneDist3": null, "ZoneDist4": null, "Overlay1": null, "Overlay2": null, "SPDist1": "SRD", "SPDist2": null, "SPDist3": null, "LtdHeight": null, "SplitZone": "N", "BldgClass": "GW", "LandUse": "05", "Easements": 0, "OwnerType": null, "OwnerName": "1531 ARTHUR KILL LLC", "LotArea": 7800, "BldgArea": 3618, "ComArea": 3618, "ResArea": 0, "OfficeArea": 918, "RetailArea": 0, "GarageArea": 0, "StrgeArea": 0, "FactryArea": 0, "OtherArea": 2700, "AreaSource": "2", "NumBldgs": 1, "NumFloors": 1.5, "UnitsRes": 0, "UnitsTotal": 1, "LotFront": 60.67, "LotDepth": 130.0, "BldgFront": 40.0, "BldgDepth": 72.0, "Ext": "N", "ProxCode": "0", "IrrLotCode": "Y", "LotType": "5", "BsmtCode": "0", "AssessLand": 105300.0, "AssessTot": 314550.0, "ExemptTot": 0.0, "YearBuilt": 2005, "YearAlter1": 0, "YearAlter2": 0, "HistDist": null, "Landmark": null, "BuiltFAR": 0.46, "ResidFAR": 0.0, "CommFAR": 1.0, "FacilFAR": 2.4, "BoroCode": 5, "BBL": 5059000030.0, "CondoNo": 0, "Tract2010": "0228", "XCoord": 931103, "YCoord": 144394, "ZoneMap": "26b", "ZMCode": null, "Sanborn": "504 474", "TaxMap": "52501", "EDesigNum": null, "APPBBL": 0.0, "APPDate": null, "PLUTOMapID": "1", "FIRM07_FLA": null, "PFIRM15_FL": null, "Version": "25v4", "DCPEdited": null, "Latitude": 40.5628447, "Longitude": -74.1912787, "Notes": null, "Shape_Leng": 0.0, "Shape_Area": 7006.553865 }, "geometry": { "type": "MultiPolygon", "coordinates": [ [ [ [ -74.19113382971679, 40.562703654283567 ], [ -74.191335187280558, 40.562642111982221 ], [ -74.191378668348122, 40.562907086660857 ], [ -74.19139835168815, 40.563027028596508 ], [ -74.1912419223314, 40.563051425087188 ], [ -74.19113382971679, 40.562703654283567 ] ] ] ] } },
{ "type": "Feature", "properties": { "Borough": "SI", "Block": 5900, "Lot": 33, "CD": 503, "BCT2020": "5022801", "BCTCB2020": "50228011005", "CT2010": "228", "CB2010": "1020", "SchoolDist": "31", "Council": 51, "ZipCode": 10312, "FireComp": "L087", "PolicePrct": 123, "HealthCent": 51, "HealthArea": 800, "Sanitboro": "5", "SanitDistr": "03", "SanitSub": "5C", "Address": "1529 ARTHUR KILL ROAD", "ZoneDist1": "M1-1", "ZoneDist2": null, "ZoneDist3": null, "ZoneDist4": null, "Overlay1": null, "Overlay2": null, "SPDist1": "SRD", "SPDist2": null, "SPDist3": null, "LtdHeight": null, "SplitZone": "N", "BldgClass": "V1", "LandUse": "11", "Easements": 0, "OwnerType": null, "OwnerName": "MARCIANO WHOLESALE CABINETS INC", "LotArea": 6372, "BldgArea": 0, "ComArea": 0, "ResArea": 0, "OfficeArea": 0, "RetailArea": 0, "GarageArea": 0, "StrgeArea": 0, "FactryArea": 0, "OtherArea": 0, "AreaSource": "7", "NumBldgs": 1, "NumFloors": 0.0, "UnitsRes": 0, "UnitsTotal": 0, "LotFront": 56.0, "LotDepth": 120.0, "BldgFront": 0.0, "BldgDepth": 0.0, "Ext": null, "ProxCode": "0", "IrrLotCode": "Y", "LotType": "5", "BsmtCode": "5", "AssessLand": 118800.0, "AssessTot": 118800.0, "ExemptTot": 0.0, "YearBuilt": 0, "YearAlter1": 0, "YearAlter2": 0, "HistDist": null, "Landmark": null, "BuiltFAR": 0.0, "ResidFAR": 0.0, "CommFAR": 1.0, "FacilFAR": 2.4, "BoroCode": 5, "BBL": 5059000033.0, "CondoNo": 0, "Tract2010": "0228", "XCoord": 931153, "YCoord": 144413, "ZoneMap": "26b", "ZMCode": null, "Sanborn": "504 474", "TaxMap": "52501", "EDesigNum": null, "APPBBL": 0.0, "APPDate": null, "PLUTOMapID": "1", "FIRM07_FLA": null, "PFIRM15_FL": null, "Version": "25v4", "DCPEdited": null, "Latitude": 40.5628971, "Longitude": -74.1910989, "Notes": null, "Shape_Leng": 0.0, "Shape_Area": 6521.6424467999996 }, "geometry": { "type": "MultiPolygon", "coordinates": [ [ [ [ -74.190956076866371, 40.562762719328695 ], [ -74.19113382971679, 40.562703654283567 ], [ -74.1912419223314, 40.563051425087188 ], [ -74.191059949522142, 40.563079806350238 ], [ -74.190956076866371, 40.562762719328695 ] ] ] ] } },
{ "type": "Feature", "properties": { "Borough": "SI", "Block": 5900, "Lot": 36, "CD": 503, "BCT2020": "5022801", "BCTCB2020": "50228011005", "CT2010": "228", "CB2010": "1020", "SchoolDist": "31", "Council": 51, "ZipCode": 10312, "FireComp": "L087", "PolicePrct": 123, "HealthCent": 51, "HealthArea": 800, "Sanitboro": "5", "SanitDistr": "03", "SanitSub": "5C", "Address": "1527 ARTHUR KILL ROAD", "ZoneDist1": "M1-1", "ZoneDist2": null, "ZoneDist3": null, "ZoneDist4": null, "Overlay1": null, "Overlay2": null, "SPDist1": "SRD", "SPDist2": null, "SPDist3": null, "LtdHeight": null, "SplitZone": "N", "BldgClass": "E1", "LandUse": "06", "Easements": 0, "OwnerType": null, "OwnerName": "MARCIANO WHOLESALE CABINETS INC", "LotArea": 62640, "BldgArea": 82760, "ComArea": 82760, "ResArea": 0, "OfficeArea": 1400, "RetailArea": 6360, "GarageArea": 0, "StrgeArea": 37500, "FactryArea": 37500, "OtherArea": 0, "AreaSource": "2", "NumBldgs": 1, "NumFloors": 2.0, "UnitsRes": 0, "UnitsTotal": 1, "LotFront": 150.08, "LotDepth": 369.0, "BldgFront": 110.0, "BldgDepth": 395.0, "Ext": "N", "ProxCode": "1", "IrrLotCode": "Y", "LotType": "5", "BsmtCode": "2", "AssessLand": 704700.0, "AssessTot": 2318400.0, "ExemptTot": 0.0, "YearBuilt": 2007, "YearAlter1": 0, "YearAlter2": 0, "HistDist": null, "Landmark": null, "BuiltFAR": 1.32, "ResidFAR": 0.0, "CommFAR": 1.0, "FacilFAR": 2.4, "BoroCode": 5, "BBL": 5059000036.0, "CondoNo": 0, "Tract2010": "0228", "XCoord": 931120, "YCoord": 144703, "ZoneMap": "26b", "ZMCode": null, "Sanborn": "504 474", "TaxMap": "52501", "EDesigNum": null, "APPBBL": 0.0, "APPDate": null, "PLUTOMapID": "1", "FIRM07_FLA": null, "PFIRM15_FL": null, "Version": "25v4", "DCPEdited": null, "Latitude": 40.5636929, "Longitude": -74.19122, "Notes": null, "Shape_Leng": 0.0, "Shape_Area": 78423.557356200021 }, "geometry": { "type": "MultiPolygon", "coordinates": [ [ [ [ -74.190789849556722, 40.563294783737362 ], [ -74.191024065540176, 40.563231361064368 ], [ -74.190887350034259, 40.562814015983015 ], [ -74.190869436106993, 40.562759329604042 ], [ -74.190937629271275, 40.562706401180655 ], [ -74.190956076866371, 40.562762719328695 ], [ -74.191059949522142, 40.563079806350238 ], [ -74.1912419223314, 40.563051425087188 ], [ -74.19139835168815, 40.563027028596508 ], [ -74.191619042780815, 40.564371876334569 ], [ -74.19109249831061, 40.564380695253597 ], [ -74.190789849556722, 40.563294783737362 ] ] ] ] } },
{ "type": "Feature", "properties": { "Borough": "SI", "Block": 5900, "Lot": 39, "CD": 503, "BCT2020": "5022801", "BCTCB2020": "50228011005", "CT2010": "228", "CB2010": "1020", "SchoolDist": "31", "Council": 51, "ZipCode": 10312, "FireComp": "L087", "PolicePrct": 123, "HealthCent": 51, "HealthArea": 800, "Sanitboro": "5", "SanitDistr": "03", "SanitSub": "5C", "Address": "1525 ARTHUR KILL ROAD", "ZoneDist1": "M1-1", "ZoneDist2": null, "ZoneDist3": null, "ZoneDist4": null, "Overlay1": null, "Overlay2": null, "SPDist1": "SRD", "SPDist2": null, "SPDist3": null, "LtdHeight": null, "SplitZone": "N", "BldgClass": "V1", "LandUse": "11", "Easements": 0, "OwnerType": null, "OwnerName": "BECKY MANAGEMENT, LLC.", "LotArea": 8642, "BldgArea": 0, "ComArea": 0, "ResArea": 0, "OfficeArea": 0, "RetailArea": 0, "GarageArea": 0, "StrgeArea": 0, "FactryArea": 0, "OtherArea": 0, "AreaSource": "7", "NumBldgs": 1, "NumFloors": 0.0, "UnitsRes": 0, "UnitsTotal": 0, "LotFront": 77.0, "LotDepth": 130.0, "BldgFront": 0.0, "BldgDepth": 0.0, "Ext": null, "ProxCode": "0", "IrrLotCode": "Y", "LotType": "5", "BsmtCode": "5", "AssessLand": 80550.0, "AssessTot": 80550.0, "ExemptTot": 0.0, "YearBuilt": 0, "YearAlter1": 0, "YearAlter2": 0, "HistDist": null, "Landmark": null, "BuiltFAR": 0.0, "ResidFAR": 0.0, "CommFAR": 1.0, "FacilFAR": 2.4, "BoroCode": 5, "BBL": 5059000039.0, "CondoNo": 0, "Tract2010": "0228", "XCoord": 931220, "YCoord": 144479, "ZoneMap": "26b", "ZMCode": null, "Sanborn": "504 474", "TaxMap": "52501", "EDesigNum": null, "APPBBL": 0.0, "APPDate": null, "PLUTOMapID": "1", "FIRM07_FLA": null, "PFIRM15_FL": null, "Version": "25v4", "DCPEdited": null, "Latitude": 40.5630787, "Longitude": -74.1908583, "Notes": null, "Shape_Leng": 0.0, "Shape_Area": 9095.3844737 }, "geometry": { "type": "MultiPolygon", "coordinates": [ [ [ [ -74.190789849556722, 40.563294783737362 ], [ -74.190701622518418, 40.562978214393851 ], [ -74.190887350034259, 40.562814015983015 ], [ -74.191024065540176, 40.563231361064368 ], [ -74.190789849556722, 40.563294783737362 ] ] ] ] } },
{ "type": "Feature", "properties": { "Borough": "SI", "Block": 5900, "Lot": 50, "CD": 503, "BCT2020": "5022801", "BCTCB2020": "50228011005", "CT2010": "228", "CB2010": "1020", "SchoolDist": "31", "Council": 51, "ZipCode": 10314, "FireComp": "L087", "PolicePrct": 123, "HealthCent": 51, "HealthArea": 800, "Sanitboro": "5", "SanitDistr": "03", "SanitSub": "5C", "Address": "ARTHUR KILL ROAD", "ZoneDist1": "M1-1", "ZoneDist2": null, "ZoneDist3": null, "ZoneDist4": null, "Overlay1": null, "Overlay2": null, "SPDist1": "SRD", "SPDist2": null, "SPDist3": null, "LtdHeight": null, "SplitZone": "N", "BldgClass": "V9", "LandUse": "11", "Easements": 0, "OwnerType": "C", "OwnerName": "NYC DEPARTMENT OF ENVIRONMENTAL PROTECTION", "LotArea": 1704, "BldgArea": 0, "ComArea": 0, "ResArea": 0, "OfficeArea": 0, "RetailArea": 0, "GarageArea": 0, "StrgeArea": 0, "FactryArea": 0, "OtherArea": 0, "AreaSource": "7", "NumBldgs": 0, "NumFloors": 0.0, "UnitsRes": 0, "UnitsTotal": 0, "LotFront": 71.0, "LotDepth": 24.0, "BldgFront": 0.0, "BldgDepth": 0.0, "Ext": null, "ProxCode": "0", "IrrLotCode": "N", "LotType": "5", "BsmtCode": "5", "AssessLand": 27450.0, "AssessTot": 27450.0, "ExemptTot": 27450.0, "YearBuilt": 0, "YearAlter1": 0, "YearAlter2": 0, "HistDist": null, "Landmark": null, "BuiltFAR": 0.0, "ResidFAR": 0.0, "CommFAR": 1.0, "FacilFAR": 2.4, "BoroCode": 5, "BBL": 5059000050.0, "CondoNo": 0, "Tract2010": "0228", "XCoord": 931241, "YCoord": 144401, "ZoneMap": "26b", "ZMCode": null, "Sanborn": "504 474", "TaxMap": "52501", "EDesigNum": null, "APPBBL": 0.0, "APPDate": null, "PLUTOMapID": "1", "FIRM07_FLA": null, "PFIRM15_FL": null, "Version": "25v4", "DCPEdited": "t", "Latitude": 40.5628647, "Longitude": -74.1907821, "Notes": null, "Shape_Leng": 0.0, "Shape_Area": 1495.7282244 }, "geometry": { "type": "MultiPolygon", "coordinates": [ [ [ [ -74.190683802541315, 40.562903410928406 ], [ -74.190869436106993, 40.562759329604042 ], [ -74.190887350034259, 40.562814015983015 ], [ -74.190701622518418, 40.562978214393851 ], [ -74.190683802541315, 40.562903410928406 ] ] ] ] } },
{ "type": "Feature", "properties": { "Borough": "SI", "Block": 5900, "Lot": 100, "CD": 503, "BCT2020": "5022801", "BCTCB2020": "50228011005", "CT2010": "228", "CB2010": "1020", "SchoolDist": "31", "Council": 51, "ZipCode": 10312, "FireComp": "L087", "PolicePrct": 123, "HealthCent": 51, "HealthArea": 800, "Sanitboro": "5", "SanitDistr": "03", "SanitSub": "5C", "Address": "1315 ARTHUR KILL ROAD", "ZoneDist1": "M1-1", "ZoneDist2": null, "ZoneDist3": null, "ZoneDist4": null, "Overlay1": null, "Overlay2": null, "SPDist1": "SRD", "SPDist2": null, "SPDist3": null, "LtdHeight": null, "SplitZone": "N", "BldgClass": "Y6", "LandUse": "07", "Easements": 4, "OwnerType": "C", "OwnerName": "NYC DEPARTMENT OF SANITATION", "LotArea": 10323720, "BldgArea": 0, "ComArea": 0, "ResArea": 0, "OfficeArea": 0, "RetailArea": 0, "GarageArea": 0, "StrgeArea": 0, "FactryArea": 0, "OtherArea": 0, "AreaSource": "7", "NumBldgs": 2, "NumFloors": 0.0, "UnitsRes": 0, "UnitsTotal": 0, "LotFront": 1137.0, "LotDepth": 3648.0, "BldgFront": 0.0, "BldgDepth": 0.0, "Ext": null, "ProxCode": "0", "IrrLotCode": "Y", "LotType": "5", "BsmtCode": "0", "AssessLand": 101757600.0, "AssessTot": 101757600.0, "ExemptTot": 101757600.0, "YearBuilt": 0, "YearAlter1": 0, "YearAlter2": 0, "HistDist": null, "Landmark": null, "BuiltFAR": 0.0, "ResidFAR": 0.0, "CommFAR": 1.0, "FacilFAR": 2.4, "BoroCode": 5, "BBL": 5059000100.0, "CondoNo": 0, "Tract2010": "0228", "XCoord": 932044, "YCoord": 146583, "ZoneMap": "26b", "ZMCode": null, "Sanborn": "504 474", "TaxMap": "52501", "EDesigNum": null, "APPBBL": 0.0, "APPDate": null, "PLUTOMapID": "1", "FIRM07_FLA": "1", "PFIRM15_FL": "1", "Version": "25v4", "DCPEdited": "t", "Latitude": 40.5688586, "Longitude": -74.1879089, "Notes": null, "Shape_Leng": 0.0, "Shape_Area": 10203590.078 }, "geometry": { "type": "MultiPolygon", "coordinates": [ [ [ [ -74.182211324849163, 40.57193962578021 ], [ -74.182536331136035, 40.571949123827459 ], [ -74.182683649077077, 40.571510545251307 ], [ -74.182873511800736, 40.571361430207013 ], [ -74.182234711636255, 40.568356423608421 ], [ -74.181640381230181, 40.565451038218939 ], [ -74.181622259369647, 40.565362441413477 ], [ -74.182256190361429, 40.565533837175465 ], [ -74.18251006698037, 40.565551046659124 ], [ -74.18279180451141, 40.56555143348448 ], [ -74.182798907568511, 40.565584824534938 ], [ -74.182988903502192, 40.566477798052816 ], [ -74.183340244169614, 40.566476764176741 ], [ -74.184091018013007, 40.566474552310709 ], [ -74.183924592685472, 40.565697302944464 ], [ -74.184225441965154, 40.56556869291348 ], [ -74.184175289935496, 40.565311065616761 ], [ -74.184161731207737, 40.565241420644135 ], [ -74.184230558374452, 40.565212235853828 ], [ -74.184515794136146, 40.565078422459841 ], [ -74.184783120209744, 40.564938184887197 ], [ -74.185042324904089, 40.564777574487948 ], [ -74.185302610503754, 40.564640986927159 ], [ -74.185473550033066, 40.564567707978377 ], [ -74.185606804357519, 40.564525473190237 ], [ -74.185906835720729, 40.564471480479313 ], [ -74.187015382492802, 40.564251200334432 ], [ -74.187046198157304, 40.564246948313269 ], [ -74.187062254904959, 40.564244401594678 ], [ -74.187077360565752, 40.564240413751691 ], [ -74.187098958799623, 40.564231946016442 ], [ -74.187366166663395, 40.564133180862214 ], [ -74.187735312095029, 40.564030606886234 ], [ -74.188024464472875, 40.563970826029362 ], [ -74.188160674727428, 40.563954055793623 ], [ -74.188267713465521, 40.563947115659438 ], [ -74.188351314646695, 40.56393863699342 ], [ -74.188447161880717, 40.563924665751749 ], [ -74.188630781640057, 40.563902085311888 ], [ -74.188697087025986, 40.563889689537504 ], [ -74.189143033341836, 40.56378497034023 ], [ -74.189564970205183, 40.56367691928498 ], [ -74.189909438774336, 40.5635371420816 ], [ -74.189947329118226, 40.563517447019315 ], [ -74.189989739273074, 40.563491782955083 ], [ -74.190090783347472, 40.563423355746458 ], [ -74.190183455950077, 40.563353027784139 ], [ -74.190406583090493, 40.563137469691156 ], [ -74.190683802541315, 40.562903410928406 ], [ -74.190701622518418, 40.562978214393851 ], [ -74.190789849556722, 40.563294783737362 ], [ -74.19109249831061, 40.564380695253597 ], [ -74.191619042780815, 40.564371876334569 ], [ -74.192134817812686, 40.564349430978247 ], [ -74.192460085013522, 40.564298137177971 ], [ -74.192332194640628, 40.562632794192552 ], [ -74.192328800346658, 40.562588602821997 ], [ -74.192622593265241, 40.562650560416692 ], [ -74.193214907921998, 40.56276193991755 ], [ -74.193329525218758, 40.562728945302133 ], [ -74.193741343404525, 40.562489526686868 ], [ -74.19419173890617, 40.562208835903014 ], [ -74.194257493695986, 40.56216958955708 ], [ -74.194375911478488, 40.562082091087703 ], [ -74.194474596386982, 40.561989139004304 ], [ -74.194741690697057, 40.561740480012404 ], [ -74.19523562621707, 40.561266404659705 ], [ -74.195257904814468, 40.561287799371605 ], [ -74.19661012485345, 40.562586342605307 ], [ -74.196180819007154, 40.563014119963135 ], [ -74.195310099278416, 40.563902836057672 ], [ -74.194613168238291, 40.564629176673122 ], [ -74.194081627524284, 40.565192991815756 ], [ -74.193710206418828, 40.565608028367429 ], [ -74.192783035896966, 40.566644049244587 ], [ -74.192722188695271, 40.566714187265553 ], [ -74.192580247769527, 40.566877799985129 ], [ -74.192418781569373, 40.567063917969044 ], [ -74.192198362386605, 40.567327485203045 ], [ -74.191605789729522, 40.568033998358892 ], [ -74.191513034793388, 40.568157760392843 ], [ -74.191430364811794, 40.568268066980835 ], [ -74.191291884929569, 40.568452839320877 ], [ -74.190823771027112, 40.5691247525425 ], [ -74.190725109062072, 40.569284262934246 ], [ -74.190602488785444, 40.569482502451805 ], [ -74.190599713386817, 40.569486989923426 ], [ -74.190418862067688, 40.569812805395159 ], [ -74.190414654580536, 40.56982195638755 ], [ -74.190352973241062, 40.569956108484568 ], [ -74.190263971084292, 40.570149677533223 ], [ -74.190205966324683, 40.570275831300236 ], [ -74.190112498441692, 40.570503562004305 ], [ -74.190079290253351, 40.570593558989053 ], [ -74.190009508829377, 40.57078266912832 ], [ -74.189911610825774, 40.571080184357193 ], [ -74.189788014861819, 40.571540122388235 ], [ -74.189729931433916, 40.571782160412901 ], [ -74.189677126956141, 40.572067703180267 ], [ -74.189623397546995, 40.572475415767599 ], [ -74.189604374963309, 40.57267557324527 ], [ -74.189591784260244, 40.57287003861137 ], [ -74.189587028806585, 40.573050617609432 ], [ -74.189578803591573, 40.573376653638952 ], [ -74.189587544719814, 40.573677811681513 ], [ -74.189598510771816, 40.573860991547427 ], [ -74.189608120708144, 40.574025257064989 ], [ -74.18965240926623, 40.574418644311891 ], [ -74.189691617588437, 40.57466331685329 ], [ -74.189698767973852, 40.574711416599506 ], [ -74.189708166112311, 40.57477465957043 ], [ -74.189710135616053, 40.574786167718216 ], [ -74.189723170339946, 40.574862382175368 ], [ -74.189742649168522, 40.574965844936102 ], [ -74.189771040277762, 40.575090667879479 ], [ -74.189793475765484, 40.575196376172016 ], [ -74.189891057850389, 40.575565437511905 ], [ -74.190106599233019, 40.576421015603998 ], [ -74.190066186707099, 40.576433689409903 ], [ -74.190007980951791, 40.576450014942566 ], [ -74.189931827819663, 40.576458681484134 ], [ -74.189854540410053, 40.576461371190057 ], [ -74.189783916161105, 40.576443551128953 ], [ -74.189707707305956, 40.576432573510125 ], [ -74.18963376780539, 40.576430985421034 ], [ -74.189555360830511, 40.57643453322251 ], [ -74.189480313941132, 40.576437218061841 ], [ -74.189407509757515, 40.576440753846761 ], [ -74.189344821940765, 40.576457089106114 ], [ -74.189278811424984, 40.576486237213402 ], [ -74.189204944458908, 40.576510275924079 ], [ -74.189133299623208, 40.576528331519278 ], [ -74.189065018486076, 40.576547236059021 ], [ -74.188993365128354, 40.576561874989331 ], [ -74.188918334960462, 40.576570539847644 ], [ -74.188841075104918, 40.576583478683766 ], [ -74.188763804481056, 40.576593000810455 ], [ -74.18868989374073, 40.576601664601839 ], [ -74.188611511799238, 40.576613752274788 ], [ -74.188536511606827, 40.576633520379275 ], [ -74.188466006524436, 40.576657553098549 ], [ -74.188392093365636, 40.576666214944218 ], [ -74.18831928767419, 40.576669752717592 ], [ -74.18824313037868, 40.576675856997774 ], [ -74.188171461193733, 40.576685370470415 ], [ -74.188098680682984, 40.576697446863491 ], [ -74.188028135870837, 40.576707813013556 ], [ -74.187950848082281, 40.576711356047163 ], [ -74.187878040022269, 40.576714036175439 ], [ -74.187799630223367, 40.576716728174482 ], [ -74.187742601266606, 40.576720835303057 ], [ -74.18738281950516, 40.576650766113687 ], [ -74.186409915481221, 40.576159108181578 ], [ -74.185920113072356, 40.575620697520499 ], [ -74.185381082726153, 40.574604161644316 ], [ -74.184736341102635, 40.573887800356879 ], [ -74.18454044370155, 40.573703237796629 ], [ -74.183839978999458, 40.573064698492743 ], [ -74.183864264814844, 40.573056151701515 ], [ -74.183929138255948, 40.57302188095035 ], [ -74.183992908485422, 40.572992735979568 ], [ -74.184060043247797, 40.572964440108642 ], [ -74.184123804014902, 40.572932734852216 ], [ -74.184184197795247, 40.572897616526824 ], [ -74.184213233316967, 40.572865113194219 ], [ -74.184252359030026, 40.572836862195388 ], [ -74.184289145312505, 40.572819951984037 ], [ -74.184319485264297, 40.572806005121343 ], [ -74.184358614405184, 40.572777753077901 ], [ -74.18439996846682, 40.572744375321989 ], [ -74.18446597729772, 40.572715227330178 ], [ -74.184522997907507, 40.572675843040827 ], [ -74.184563195741489, 40.572629654403393 ], [ -74.184602269274194, 40.572581759177488 ], [ -74.184650323893109, 40.572540681852537 ], [ -74.184690519196323, 40.572493637645742 ], [ -74.184725130888637, 40.572452582816993 ], [ -74.184749727863064, 40.572435457547911 ], [ -74.184818002515229, 40.57241484902945 ], [ -74.184879613024719, 40.572415603596212 ], [ -74.184930019732633, 40.572415522475787 ], [ -74.184953540774245, 40.572414630927746 ], [ -74.185027511143417, 40.57242903188672 ], [ -74.185094781902166, 40.57245113146697 ], [ -74.185158716654911, 40.572481778783704 ], [ -74.185210251246517, 40.57248425954738 ], [ -74.185247174982848, 40.572469678961369 ], [ -74.185285233573069, 40.572459367816975 ], [ -74.185307596146316, 40.572444810775998 ], [ -74.185346669032796, 40.572396913538995 ], [ -74.185345500973554, 40.57237983238003 ], [ -74.185314063811205, 40.572353403036615 ], [ -74.185292780697139, 40.572353437361826 ], [ -74.18527826320873, 40.572369691048891 ], [ -74.185245857900185, 40.572397930645089 ], [ -74.185215640872258, 40.572408228298393 ], [ -74.185159637628999, 40.572410026860048 ], [ -74.185142837281859, 40.572410907620842 ], [ -74.185071121459018, 40.572401628913475 ], [ -74.184998268270093, 40.572386369734488 ], [ -74.184925406999525, 40.572367697445813 ], [ -74.184852551522354, 40.57235158449059 ], [ -74.184804373328191, 40.572347389872796 ], [ -74.184767437825485, 40.572358554663523 ], [ -74.184720489943174, 40.572393651599235 ], [ -74.184675807058099, 40.572438994734881 ], [ -74.184638966972116, 40.572484325333434 ], [ -74.184589799924183, 40.572527967345529 ], [ -74.184549605674917, 40.572575864283813 ], [ -74.18450828356373, 40.572621201117073 ], [ -74.18445799329325, 40.572663136578832 ], [ -74.184407692271947, 40.572702508212359 ], [ -74.184349536770043, 40.572735914770149 ], [ -74.184289145567178, 40.572771885026832 ], [ -74.184228751910979, 40.572806150640581 ], [ -74.184172830600332, 40.572837845146701 ], [ -74.184120287804504, 40.57287551019202 ], [ -74.184064347632486, 40.572901226099106 ], [ -74.183997205845102, 40.572926105393641 ], [ -74.183933449831017, 40.572959519787403 ], [ -74.183871937456388, 40.572995491617718 ], [ -74.183805924430601, 40.573023786503967 ], [ -74.183797946849154, 40.573026382248578 ], [ -74.183510476703248, 40.572764326147542 ], [ -74.183457782432598, 40.572716290549934 ], [ -74.183273083179131, 40.572628413772215 ], [ -74.183087654732205, 40.572540190328112 ], [ -74.181887631701429, 40.572142497136802 ], [ -74.182211324849163, 40.57193962578021 ] ] ] ] } },
{ "type": "Feature", "properties": { "Borough": "SI", "Block": 5900, "Lot": 101, "CD": 503, "BCT2020": "5022801", "BCTCB2020": "50228011005", "CT2010": "228", "CB2010": "1020", "SchoolDist": "31", "Council": 51, "ZipCode": 10312, "FireComp": "L087", "PolicePrct": 123, "HealthCent": 51, "HealthArea": 800, "Sanitboro": "5", "SanitDistr": "03", "SanitSub": "5C", "Address": "1307 ARTHUR KILL ROAD", "ZoneDist1": "M1-1", "ZoneDist2": null, "ZoneDist3": null, "ZoneDist4": null, "Overlay1": null, "Overlay2": null, "SPDist1": "SRD", "SPDist2": null, "SPDist3": null, "LtdHeight": null, "SplitZone": "N", "BldgClass": "K1", "LandUse": "05", "Easements": 0, "OwnerType": null, "OwnerName": "KRISSA CORP", "LotArea": 10955, "BldgArea": 3008, "ComArea": 3008, "ResArea": 0, "OfficeArea": 0, "RetailArea": 3008, "GarageArea": 0, "StrgeArea": 0, "FactryArea": 0, "OtherArea": 0, "AreaSource": "2", "NumBldgs": 1, "NumFloors": 1.0, "UnitsRes": 0, "UnitsTotal": 3, "LotFront": 100.0, "LotDepth": 125.0, "BldgFront": 68.0, "BldgDepth": 40.0, "Ext": "N", "ProxCode": "0", "IrrLotCode": "Y", "LotType": "5", "BsmtCode": "0", "AssessLand": 96300.0, "AssessTot": 228600.0, "ExemptTot": 0.0, "YearBuilt": 1931, "YearAlter1": 0, "YearAlter2": 0, "HistDist": null, "Landmark": null, "BuiltFAR": 0.27, "ResidFAR": 0.0, "CommFAR": 1.0, "FacilFAR": 2.4, "BoroCode": 5, "BBL": 5059000101.0, "CondoNo": 0, "Tract2010": "0228", "XCoord": 933116, "YCoord": 145345, "ZoneMap": "26b", "ZMCode": null, "Sanborn": "500 000", "TaxMap": "52501", "EDesigNum": null, "APPBBL": 0.0, "APPDate": null, "PLUTOMapID": "1", "FIRM07_FLA": null, "PFIRM15_FL": null, "Version": "25v4", "DCPEdited": null, "Latitude": 40.5654668, "Longitude": -74.1840411, "Notes": null, "Shape_Leng": 0.0, "Shape_Area": 10976.997871199999 }, "geometry": { "type": "MultiPolygon", "coordinates": [ [ [ [ -74.183854084428035, 40.565368008070259 ], [ -74.184161731207737, 40.565241420644135 ], [ -74.184175289935496, 40.565311065616761 ], [ -74.184225441965154, 40.56556869291348 ], [ -74.183924592685472, 40.565697302944464 ], [ -74.183864506845595, 40.565416683834982 ], [ -74.183854084428035, 40.565368008070259 ] ] ] ] } },
{ "type": "Feature", "properties": { "Borough": "SI", "Block": 5900, "Lot": 105, "CD": 503, "BCT2020": "5022801", "BCTCB2020": "50228011005", "CT2010": "228", "CB2010": "1020", "SchoolDist": "31", "Council": 51, "ZipCode": 10312, "FireComp": "L087", "PolicePrct": 123, "HealthCent": 51, "HealthArea": 800, "Sanitboro": "5", "SanitDistr": "03", "SanitSub": "5C", "Address": "1297 ARTHUR KILL ROAD", "ZoneDist1": "M1-1", "ZoneDist2": null, "ZoneDist3": null, "ZoneDist4": null, "Overlay1": null, "Overlay2": null, "SPDist1": "SRD", "SPDist2": null, "SPDist3": null, "LtdHeight": null, "SplitZone": "N", "BldgClass": "P5", "LandUse": "08", "Easements": 0, "OwnerType": "X", "OwnerName": "JEWISH COMMUNITY CENTER OF S I  INC", "LotArea": 86404, "BldgArea": 24000, "ComArea": 24000, "ResArea": 0, "OfficeArea": 0, "RetailArea": 0, "GarageArea": 0, "StrgeArea": 8000, "FactryArea": 0, "OtherArea": 16000, "AreaSource": "2", "NumBldgs": 2, "NumFloors": 2.0, "UnitsRes": 0, "UnitsTotal": 1, "LotFront": 211.0, "LotDepth": 435.0, "BldgFront": 104.0, "BldgDepth": 40.0, "Ext": "N", "ProxCode": "0", "IrrLotCode": "Y", "LotType": "5", "BsmtCode": "0", "AssessLand": 981000.0, "AssessTot": 4532850.0, "ExemptTot": 4532850.0, "YearBuilt": 1979, "YearAlter1": 1988, "YearAlter2": 0, "HistDist": null, "Landmark": null, "BuiltFAR": 0.28, "ResidFAR": 0.0, "CommFAR": 1.0, "FacilFAR": 2.4, "BoroCode": 5, "BBL": 5059000105.0, "CondoNo": 0, "Tract2010": "0228", "XCoord": 933235, "YCoord": 145521, "ZoneMap": "26b", "ZMCode": null, "Sanborn": "504 474", "TaxMap": "52501", "EDesigNum": null, "APPBBL": 0.0, "APPDate": null, "PLUTOMapID": "1", "FIRM07_FLA": null, "PFIRM15_FL": null, "Version": "25v4", "DCPEdited": null, "Latitude": 40.5659506, "Longitude": -74.1836141, "Notes": null, "Shape_Leng": 0.0, "Shape_Area": 79383.20973800002 }, "geometry": { "type": "MultiPolygon", "coordinates": [ [ [ [ -74.183130148375568, 40.565495434657343 ], [ -74.183854084428035, 40.565368008070259 ], [ -74.183864506845595, 40.565416683834982 ], [ -74.183924592685472, 40.565697302944464 ], [ -74.184091018013007, 40.566474552310709 ], [ -74.183340244169614, 40.566476764176741 ], [ -74.183140818999206, 40.565545278096316 ], [ -74.183130148375568, 40.565495434657343 ] ] ] ] } },
{ "type": "Feature", "properties": { "Borough": "SI", "Block": 5900, "Lot": 120, "CD": 503, "BCT2020": "5022801", "BCTCB2020": "50228011005", "CT2010": "228", "CB2010": "1020", "SchoolDist": "31", "Council": 51, "ZipCode": 10312, "FireComp": "L087", "PolicePrct": 123, "HealthCent": 51, "HealthArea": 800, "Sanitboro": "5", "SanitDistr": "03", "SanitSub": "5C", "Address": "1281 ARTHUR KILL ROAD", "ZoneDist1": "M1-1", "ZoneDist2": null, "ZoneDist3": null, "ZoneDist4": null, "Overlay1": null, "Overlay2": null, "SPDist1": "SRD", "SPDist2": null, "SPDist3": null, "LtdHeight": null, "SplitZone": "N", "BldgClass": "K1", "LandUse": "05", "Easements": 0, "OwnerType": null, "OwnerName": "S & S ASSETS LLC", "LotArea": 36800, "BldgArea": 14053, "ComArea": 14053, "ResArea": 0, "OfficeArea": 0, "RetailArea": 14053, "GarageArea": 0, "StrgeArea": 0, "FactryArea": 0, "OtherArea": 0, "AreaSource": "2", "NumBldgs": 1, "NumFloors": 1.0, "UnitsRes": 0, "UnitsTotal": 9, "LotFront": 96.0, "LotDepth": 384.0, "BldgFront": 95.0, "BldgDepth": 70.0, "Ext": "N", "ProxCode": "1", "IrrLotCode": "N", "LotType": "5", "BsmtCode": "2", "AssessLand": 662400.0, "AssessTot": 1426050.0, "ExemptTot": 0.0, "YearBuilt": 2007, "YearAlter1": 0, "YearAlter2": 0, "HistDist": null, "Landmark": null, "BuiltFAR": 0.38, "ResidFAR": 0.0, "CommFAR": 1.0, "FacilFAR": 2.4, "BoroCode": 5, "BBL": 5059000120.0, "CondoNo": 0, "Tract2010": "0228", "XCoord": 933387, "YCoord": 145539, "ZoneMap": "26b", "ZMCode": null, "Sanborn": "504 474", "TaxMap": "52501", "EDesigNum": null, "APPBBL": 0.0, "APPDate": null, "PLUTOMapID": "1", "FIRM07_FLA": null, "PFIRM15_FL": null, "Version": "25v4", "DCPEdited": null, "Latitude": 40.5660009, "Longitude": -74.1830671, "Notes": null, "Shape_Leng": 0.0, "Shape_Area": 33860.933980399997 }, "geometry": { "type": "MultiPolygon", "coordinates": [ [ [ [ -74.18279180451141, 40.56555143348448 ], [ -74.183009298127558, 40.565516706839304 ], [ -74.183130148375568, 40.565495434657343 ], [ -74.183140818999206, 40.565545278096316 ], [ -74.183340244169614, 40.566476764176741 ], [ -74.182988903502192, 40.566477798052816 ], [ -74.182798907568511, 40.565584824534938 ], [ -74.18279180451141, 40.56555143348448 ] ] ] ] } },
{ "type": "Feature", "properties": { "Borough": "SI", "Block": 5900, "Lot": 500, "CD": 503, "BCT2020": "5022801", "BCTCB2020": "50228012004", "CT2010": "228", "CB2010": "1017", "SchoolDist": "31", "Council": 51, "ZipCode": 10314, "FireComp": "L087", "PolicePrct": 123, "HealthCent": 51, "HealthArea": 800, "Sanitboro": "5", "SanitDistr": "03", "SanitSub": "5C", "Address": "1323 WEST SERVICE ROAD", "ZoneDist1": "M3-1", "ZoneDist2": "M2-1", "ZoneDist3": null, "ZoneDist4": null, "Overlay1": null, "Overlay2": null, "SPDist1": "SRD", "SPDist2": null, "SPDist3": null, "LtdHeight": null, "SplitZone": "Y", "BldgClass": "Y6", "LandUse": "07", "Easements": 5, "OwnerType": "C", "OwnerName": "NYC DEPARTMENT OF SANITATION", "LotArea": 12369565, "BldgArea": 80875, "ComArea": 80875, "ResArea": 0, "OfficeArea": 0, "RetailArea": 0, "GarageArea": 80875, "StrgeArea": 0, "FactryArea": 0, "OtherArea": 0, "AreaSource": "2", "NumBldgs": 60, "NumFloors": 2.0, "UnitsRes": 0, "UnitsTotal": 71, "LotFront": 5262.0, "LotDepth": 2838.0, "BldgFront": 217.0, "BldgDepth": 413.0, "Ext": "N", "ProxCode": "0", "IrrLotCode": "Y", "LotType": "5", "BsmtCode": "0", "AssessLand": 13637250.0, "AssessTot": 20174400.0, "ExemptTot": 20174400.0, "YearBuilt": 1969, "YearAlter1": 0, "YearAlter2": 0, "HistDist": null, "Landmark": null, "BuiltFAR": 0.01, "ResidFAR": 0.0, "CommFAR": 2.0, "FacilFAR": 0.0, "BoroCode": 5, "BBL": 5059000500.0, "CondoNo": 0, "Tract2010": "0228", "XCoord": 929318, "YCoord": 147491, "ZoneMap": "26b", "ZMCode": null, "Sanborn": "504 474", "TaxMap": "52501", "EDesigNum": null, "APPBBL": 0.0, "APPDate": null, "PLUTOMapID": "1", "FIRM07_FLA": "1", "PFIRM15_FL": "1", "Version": "25v4", "DCPEdited": "t", "Latitude": 40.5713345, "Longitude": -74.1977282, "Notes": null, "Shape_Leng": 0.0, "Shape_Area": 12776803.430600001 }, "geometry": { "type": "MultiPolygon", "coordinates": [ [ [ [ -74.192758643709766, 40.567673616359947 ], [ -74.193237297419742, 40.567171680011555 ], [ -74.193331007118573, 40.56707341158009 ], [ -74.193389017341261, 40.567012576894179 ], [ -74.194175596397727, 40.566216567210311 ], [ -74.194600688099996, 40.5657989446361 ], [ -74.195148178203041, 40.565273392370763 ], [ -74.195620607463269, 40.564830583361662 ], [ -74.196305536469566, 40.564205368397154 ], [ -74.196981224929289, 40.563607118904692 ], [ -74.19705907407625, 40.5636772374381 ], [ -74.202159472370639, 40.568270688419645 ], [ -74.202258688749978, 40.568279485717603 ], [ -74.202234466245869, 40.569181543630918 ], [ -74.202269122076828, 40.569281477310213 ], [ -74.206497272402174, 40.569405147951528 ], [ -74.206483081471617, 40.569133481290166 ], [ -74.20707686110444, 40.569202189992325 ], [ -74.207354049780321, 40.569168180486642 ], [ -74.207690600081278, 40.569298171735099 ], [ -74.208251284526327, 40.569349238809295 ], [ -74.208815435479622, 40.569462665668411 ], [ -74.208875106114917, 40.569717503895845 ], [ -74.208846225100316, 40.569766762229733 ], [ -74.20881390711115, 40.569819778382723 ], [ -74.208778216446049, 40.569869385815409 ], [ -74.208734677333936, 40.569915589060066 ], [ -74.208694496635204, 40.569961788947573 ], [ -74.20867107147464, 40.56999343555605 ], [ -74.208657801957813, 40.570048126281392 ], [ -74.208651253341316, 40.570103659325319 ], [ -74.208640226747121, 40.570159199663166 ], [ -74.208623597739333, 40.570214751010788 ], [ -74.208602485761176, 40.570269455969161 ], [ -74.208573495184609, 40.570312217058536 ], [ -74.208526562690338, 40.570348176593384 ], [ -74.208471777109366, 40.570380733764168 ], [ -74.208432703348095, 40.570422661263571 ], [ -74.20839589523645, 40.570473123368885 ], [ -74.208359082850791, 40.570521878176265 ], [ -74.208330120903398, 40.570573178798419 ], [ -74.208298915208758, 40.570624487162668 ], [ -74.20825761959351, 40.570672395455901 ], [ -74.20821183286823, 40.570716894272067 ], [ -74.208161560350277, 40.570759693821373 ], [ -74.20810229915196, 40.570793969059821 ], [ -74.208043029810682, 40.570825680454718 ], [ -74.207981528031709, 40.570859103238618 ], [ -74.207915514043023, 40.570883138976285 ], [ -74.207848376758136, 40.570906324775876 ], [ -74.207776736323765, 40.570921829123257 ], [ -74.207708487286155, 40.570947577081981 ], [ -74.207641364321503, 40.570975032098396 ], [ -74.207579852938991, 40.5710058926961 ], [ -74.207525084908085, 40.571044429801915 ], [ -74.207469198743539, 40.571083821667557 ], [ -74.207416681166464, 40.571124917563012 ], [ -74.207365289769683, 40.571168574307293 ], [ -74.207310521471783, 40.57120710863213 ], [ -74.207258007782869, 40.57124991182539 ], [ -74.20720772367487, 40.571289295296374 ], [ -74.20716303947313, 40.571328667727741 ], [ -74.207153001249253, 40.571342351373524 ], [ -74.207125111492402, 40.571379132358231 ], [ -74.207090535493464, 40.571427880877771 ], [ -74.207051486450325, 40.571477492893948 ], [ -74.207001206125497, 40.571518583644384 ], [ -74.206946439981621, 40.571557974155454 ], [ -74.206889418894988, 40.571592243806819 ], [ -74.206832399183554, 40.57162736803572 ], [ -74.206764143782564, 40.571651407141729 ], [ -74.20669362038646, 40.571666055947134 ], [ -74.206621965563727, 40.571677286551854 ], [ -74.206548062683837, 40.571685961842995 ], [ -74.206476403983473, 40.571696342271935 ], [ -74.206407002627756, 40.571711842573016 ], [ -74.206343239218256, 40.571739289953356 ], [ -74.206287345083638, 40.571776119266751 ], [ -74.206247083995947, 40.571797543970526 ], [ -74.206188871755842, 40.571808754690451 ], [ -74.206114963295192, 40.571815718737426 ], [ -74.206038788600537, 40.571815001679667 ], [ -74.205967094181901, 40.571813421931175 ], [ -74.205890917748661, 40.571810997316554 ], [ -74.205818097242783, 40.571807710274683 ], [ -74.205743027202828, 40.57180101153989 ], [ -74.205670205621161, 40.571797725326363 ], [ -74.205595149055341, 40.571796152284485 ], [ -74.205521203811159, 40.5717911578501 ], [ -74.205449510529931, 40.571789578695459 ], [ -74.20537333566466, 40.571788007424651 ], [ -74.205299403554449, 40.571787284110265 ], [ -74.205225470355302, 40.57178656334564 ], [ -74.205153816571794, 40.571798648558811 ], [ -74.205084417417524, 40.571815000908977 ], [ -74.205036246199839, 40.571813379423098 ], [ -74.204994777402774, 40.571805767463168 ], [ -74.204972363273683, 40.571802389016284 ], [ -74.204963398159393, 40.571800696713098 ], [ -74.204889434965111, 40.571790578851065 ], [ -74.204815493602666, 40.571786438564175 ], [ -74.204742668063886, 40.571781444309309 ], [ -74.20466761926312, 40.571782431796649 ], [ -74.204594839346299, 40.571791956597913 ], [ -74.204525442569178, 40.571809164050627 ], [ -74.204461678408123, 40.571836612225383 ], [ -74.204394533435945, 40.571857231266335 ], [ -74.204324004277765, 40.57187102317873 ], [ -74.20427358897625, 40.571868550840406 ], [ -74.204264626475435, 40.571867712165158 ], [ -74.204204059067862, 40.571842193444361 ], [ -74.204170390105148, 40.57182090086004 ], [ -74.204134550184264, 40.57182267284071 ], [ -74.204066279186151, 40.571841584555742 ], [ -74.203999143412588, 40.57186562094769 ], [ -74.203926381425703, 40.571881124794579 ], [ -74.203855854752248, 40.571895771860881 ], [ -74.203785323941375, 40.571908710593007 ], [ -74.203711425636456, 40.571919091510935 ], [ -74.203637512991605, 40.571925201118219 ], [ -74.203563583459371, 40.57192533212784 ], [ -74.203489653817002, 40.571925463090061 ], [ -74.203414603556766, 40.571925595988724 ], [ -74.20334068170034, 40.571928288827692 ], [ -74.203269020848779, 40.571937810891072 ], [ -74.203197396411127, 40.571959293604401 ], [ -74.203130264181326, 40.571985035937352 ], [ -74.203063116053073, 40.572004798757703 ], [ -74.202988090413825, 40.572013473740355 ], [ -74.202913059464237, 40.572020440386581 ], [ -74.202892906173446, 40.572023038883984 ], [ -74.202872750185421, 40.57202478461307 ], [ -74.202840276450146, 40.572029110391739 ], [ -74.202769738743982, 40.572039486526343 ], [ -74.202698088043007, 40.572052424809726 ], [ -74.202629830831057, 40.572076461373555 ], [ -74.202573869711728, 40.572091933892487 ], [ -74.202499967118385, 40.572101461185433 ], [ -74.202426068123842, 40.572110988424392 ], [ -74.202353282532243, 40.572119657288688 ], [ -74.202297257954214, 40.572113776445718 ], [ -74.2022613789823, 40.572102735137342 ], [ -74.202199781587154, 40.57210626199312 ], [ -74.20212925160088, 40.572120051638343 ], [ -74.202062114850975, 40.572144086811512 ], [ -74.201996107888661, 40.572171535717231 ], [ -74.201930102249378, 40.572199840112241 ], [ -74.201860724977877, 40.572223879104882 ], [ -74.20179920473069, 40.572253027391696 ], [ -74.201738810214522, 40.572283884725607 ], [ -74.201675056119313, 40.572315600692825 ], [ -74.201610177287961, 40.572345610301447 ], [ -74.201565668760068, 40.572366322572478 ], [ -74.201547534772516, 40.572374761341912 ], [ -74.201512847191481, 40.572386781185543 ], [ -74.201493822347388, 40.57239279405217 ], [ -74.201479275453579, 40.572397943533453 ], [ -74.20139080867007, 40.572406640204044 ], [ -74.201329273997302, 40.572431518816622 ], [ -74.200350649606904, 40.572938897619991 ], [ -74.200269019220613, 40.572986874174198 ], [ -74.200250010637177, 40.572998010859529 ], [ -74.200049822269207, 40.573105986143744 ], [ -74.19976131443201, 40.573273048941907 ], [ -74.199705403740793, 40.573305604696742 ], [ -74.199648372351291, 40.573338161533805 ], [ -74.199611511239553, 40.573373248969645 ], [ -74.199581416946629, 40.573423695713132 ], [ -74.199550211945066, 40.573477563647799 ], [ -74.199524605812314, 40.573530566322802 ], [ -74.1994722725575, 40.573636573684453 ], [ -74.199199277254877, 40.574123494488177 ], [ -74.198994230492403, 40.574483028976658 ], [ -74.198861639319503, 40.574722426084392 ], [ -74.198843891742243, 40.574781393658697 ], [ -74.19875642380218, 40.575127482786392 ], [ -74.198748732868424, 40.575177891380953 ], [ -74.198747784639195, 40.575235977947976 ], [ -74.198746832655928, 40.575293208155372 ], [ -74.19874588175675, 40.575349584672686 ], [ -74.198737085231187, 40.575405121908233 ], [ -74.19872492632534, 40.575460663200303 ], [ -74.198702591033765, 40.575483764289359 ], [ -74.198641067744674, 40.575513766397286 ], [ -74.198595249693696, 40.575550575434981 ], [ -74.198574065659244, 40.575584778059628 ], [ -74.198576397410932, 40.575615523449684 ], [ -74.198591128986848, 40.575671872860241 ], [ -74.198608019948509, 40.575701741154141 ], [ -74.198637224763942, 40.575728168053068 ], [ -74.19865856354518, 40.575746925099722 ], [ -74.198665306173552, 40.575753745791822 ], [ -74.198690034151738, 40.575781891306157 ], [ -74.198699112361197, 40.57582116751302 ], [ -74.198694807848241, 40.575880111727507 ], [ -74.198688252916725, 40.575936497011526 ], [ -74.19867833800302, 40.575992889023333 ], [ -74.19866395354785, 40.576052708033679 ], [ -74.198654771051167, 40.576106535370108 ], [ -74.198654042456766, 40.576110806492956 ], [ -74.198643007896393, 40.576167200436345 ], [ -74.198629740534855, 40.576226161980735 ], [ -74.198610871446064, 40.576285132369406 ], [ -74.198593114301687, 40.5763406841549 ], [ -74.198576489413256, 40.576401359875604 ], [ -74.198568815942139, 40.576457746997647 ], [ -74.198552190992203, 40.576517569025015 ], [ -74.198535558520376, 40.576575679085138 ], [ -74.198521172480056, 40.576634642547155 ], [ -74.198507894897801, 40.576691040350831 ], [ -74.198482296614884, 40.576746605663594 ], [ -74.198477831116705, 40.576752592036804 ], [ -74.198464436793628, 40.576768843525954 ], [ -74.198457744640066, 40.576778252094563 ], [ -74.198447452330669, 40.576791601423828 ], [ -74.19839971311562, 40.576853520270049 ], [ -74.198395285248949, 40.576870610040551 ], [ -74.198389762130063, 40.576897098712017 ], [ -74.198385376345286, 40.576929565753311 ], [ -74.198376584375296, 40.576986810403298 ], [ -74.198371072571348, 40.577016713806344 ], [ -74.198363402721256, 40.577074811961843 ], [ -74.198400391980954, 40.577082434138589 ], [ -74.198447450974143, 40.577084916701729 ], [ -74.198478892903154, 40.577110486002752 ], [ -74.198497968958165, 40.577121559194701 ], [ -74.198501480932066, 40.577171948493209 ], [ -74.198500528482711, 40.577228325000895 ], [ -74.198493946588869, 40.57727531597935 ], [ -74.198451439377976, 40.577296743561568 ], [ -74.198447449880462, 40.577296980103888 ], [ -74.198392077310771, 40.577300262659158 ], [ -74.198319280364515, 40.577306366981006 ], [ -74.198297995800061, 40.577307258322911 ], [ -74.198244229233978, 40.577309059390871 ], [ -74.19820839236624, 40.577312535964438 ], [ -74.198199450783449, 40.577319385492601 ], [ -74.198198423476398, 40.577350136678966 ], [ -74.198198458908593, 40.577362096530941 ], [ -74.198197379895547, 40.577376617613162 ], [ -74.198188580120274, 40.577431301111034 ], [ -74.198180899937739, 40.577485980921857 ], [ -74.198176558231992, 40.577532968016698 ], [ -74.198175465128543, 40.57754151230229 ], [ -74.198177735922741, 40.577551756406685 ], [ -74.198182263668571, 40.577567977870665 ], [ -74.198184557251253, 40.577585913324782 ], [ -74.19818466099575, 40.577620933759682 ], [ -74.198201569857233, 40.577655924373111 ], [ -74.198229053038958, 40.577668690567336 ], [ -74.19828901178856, 40.577677127677887 ], [ -74.198306977267762, 40.577691616815976 ], [ -74.198322755265693, 40.577723195363625 ], [ -74.198336278960099, 40.577750504844786 ], [ -74.198358827642323, 40.577798298380692 ], [ -74.198372430119122, 40.577852944055302 ], [ -74.198363626555178, 40.577905915678826 ], [ -74.198349219929867, 40.577958897891854 ], [ -74.198329176092699, 40.577999079830242 ], [ -74.198269932602855, 40.578043598767493 ], [ -74.198189292533613, 40.57804971737302 ], [ -74.198136728354683, 40.578078848216393 ], [ -74.198089766109305, 40.578109679514355 ], [ -74.198063009496437, 40.578153289568988 ], [ -74.19803957257929, 40.578183224767031 ], [ -74.198025040434118, 40.578193501426384 ], [ -74.198004918063404, 40.578208054401017 ], [ -74.197985886194132, 40.578212359313454 ], [ -74.197945576821581, 40.57821926378174 ], [ -74.197805566119001, 40.578226337142141 ], [ -74.1977002076232, 40.57820857904688 ], [ -74.197628453342375, 40.578188204679996 ], [ -74.197563391736011, 40.578159274520836 ], [ -74.197491626353184, 40.578136333586606 ], [ -74.197452381032619, 40.5781235910259 ], [ -74.197409777164808, 40.578112558920367 ], [ -74.197366037150204, 40.578095551094108 ], [ -74.197322299668684, 40.578079395095649 ], [ -74.197278568567071, 40.578065804649285 ], [ -74.197218033254799, 40.578051388420342 ], [ -74.197161984228657, 40.578039524690034 ], [ -74.197107074662028, 40.578033640314636 ], [ -74.197034230311417, 40.578024369153162 ], [ -74.196962521796038, 40.578020222643865 ], [ -74.196913874257078, 40.578018593956813 ], [ -74.196889698797108, 40.578017784538318 ], [ -74.196838160810003, 40.578016162780749 ], [ -74.196801195131542, 40.578017081539734 ], [ -74.196781010838308, 40.578010282002268 ], [ -74.196758583698696, 40.578002633534119 ], [ -74.196735033110116, 40.577994132377292 ], [ -74.196701309585535, 40.577954898299048 ], [ -74.196647523675082, 40.577950719992408 ], [ -74.196611666303895, 40.577947364757755 ], [ -74.196352577234464, 40.577841890489651 ], [ -74.196320029982928, 40.577821446464093 ], [ -74.196291912115143, 40.577783058216625 ], [ -74.196286142484325, 40.57772583769016 ], [ -74.196277062930591, 40.577685708621232 ], [ -74.196264733674624, 40.577684021383391 ], [ -74.196243516310929, 40.577706263711612 ], [ -74.19622344761612, 40.577739610298394 ], [ -74.196198828881052, 40.57774819565492 ], [ -74.196126011103516, 40.57774746443377 ], [ -74.196098000024605, 40.577746657629959 ], [ -74.196051995105705, 40.577721111607765 ], [ -74.196021377010425, 40.577728323140605 ], [ -74.195708989830464, 40.577535870788942 ], [ -74.19398452076382, 40.576991932558975 ], [ -74.193728430114632, 40.576892240169187 ], [ -74.193626370494428, 40.576851411164611 ], [ -74.193416641380935, 40.576767201264076 ], [ -74.192965797825948, 40.576590293302942 ], [ -74.192951159472329, 40.576564692441771 ], [ -74.192937654094095, 40.576542507188393 ], [ -74.192918532493223, 40.576516060246789 ], [ -74.192865817073439, 40.576493940808319 ], [ -74.192854603952341, 40.576489687508676 ], [ -74.192790666760899, 40.576460752765335 ], [ -74.192746914238384, 40.576438619155574 ], [ -74.19272332790959, 40.576417303637804 ], [ -74.192696372905317, 40.576393431697731 ], [ -74.192652556506332, 40.576349089390781 ], [ -74.192595313788061, 40.576310747227851 ], [ -74.192530246359695, 40.576278398562437 ], [ -74.192506711616048, 40.576274165873599 ], [ -74.192438321131476, 40.576254635403636 ], [ -74.192372158800794, 40.57623083004686 ], [ -74.192297034832677, 40.576207039564729 ], [ -74.192225273318812, 40.576183243409943 ], [ -74.192153509547452, 40.576159445457719 ], [ -74.192081744476411, 40.576134795530464 ], [ -74.192016694621614, 40.576108423365191 ], [ -74.191952755820466, 40.576078635307951 ], [ -74.191886586336039, 40.576051411251896 ], [ -74.191815935042172, 40.576024197316087 ], [ -74.191748642455991, 40.575996974971815 ], [ -74.1916791157539, 40.575971465614231 ], [ -74.191616301719804, 40.575943384794385 ], [ -74.19156472264693, 40.57592638683235 ], [ -74.191489667762028, 40.575926511935428 ], [ -74.191450489663737, 40.575936827078344 ], [ -74.191431462904347, 40.5759428382732 ], [ -74.191388928492344, 40.575954866278003 ], [ -74.191330771206893, 40.575987422677258 ], [ -74.191277109318008, 40.576025950138416 ], [ -74.191224573047052, 40.576066183997561 ], [ -74.191180960282068, 40.576091879249169 ], [ -74.191154123215512, 40.576109007776779 ], [ -74.191116093831781, 40.576129571588311 ], [ -74.191075842315527, 40.576156117658229 ], [ -74.191026598856354, 40.576173281572615 ], [ -74.19097736973977, 40.57619386487648 ], [ -74.190914721528685, 40.576223864702918 ], [ -74.190902474768777, 40.576229835682327 ], [ -74.190853195269895, 40.57625386254773 ], [ -74.19078605873942, 40.576281307774217 ], [ -74.190748568502485, 40.576292546013185 ], [ -74.190435105637192, 40.575164022099706 ], [ -74.190371534103576, 40.574859324157359 ], [ -74.190328936710216, 40.574655151494369 ], [ -74.190228927209432, 40.574175797852874 ], [ -74.190176524512154, 40.573590093217959 ], [ -74.190211848793894, 40.572769631568725 ], [ -74.190218240783679, 40.572621150050878 ], [ -74.190226614857806, 40.572426668162528 ], [ -74.190228174581961, 40.572390436463124 ], [ -74.190244144392722, 40.572306854508703 ], [ -74.190375804769573, 40.571617849788261 ], [ -74.190389970638847, 40.571573175432839 ], [ -74.190434901505398, 40.571431494742583 ], [ -74.190640524494981, 40.570783061874657 ], [ -74.190929251267633, 40.570169136586244 ], [ -74.190970371649229, 40.570081698055148 ], [ -74.191099818506132, 40.569806445441436 ], [ -74.191611995033853, 40.569004629434531 ], [ -74.192082926149567, 40.568415870177226 ], [ -74.192145154104509, 40.568338069512414 ], [ -74.192758643709766, 40.567673616359947 ] ] ] ] } },
{ "type": "Feature", "properties": { "Borough": "SI", "Block": 5965, "Lot": 40, "CD": 503, "BCT2020": "5022801", "BCTCB2020": "50228011000", "CT2010": "228", "CB2010": "1020", "SchoolDist": "31", "Council": 51, "ZipCode": 10312, "FireComp": "L087", "PolicePrct": 123, "HealthCent": 51, "HealthArea": 800, "Sanitboro": "5", "SanitDistr": "03", "SanitSub": "5C", "Address": "1757 ARTHUR KILL ROAD", "ZoneDist1": "M1-1", "ZoneDist2": null, "ZoneDist3": null, "ZoneDist4": null, "Overlay1": null, "Overlay2": null, "SPDist1": "SRD", "SPDist2": null, "SPDist3": null, "LtdHeight": null, "SplitZone": "N", "BldgClass": "K1", "LandUse": "05", "Easements": 0, "OwnerType": null, "OwnerName": "JADD LLC", "LotArea": 11684, "BldgArea": 7320, "ComArea": 7320, "ResArea": 0, "OfficeArea": 0, "RetailArea": 7320, "GarageArea": 0, "StrgeArea": 0, "FactryArea": 0, "OtherArea": 0, "AreaSource": "2", "NumBldgs": 1, "NumFloors": 1.0, "UnitsRes": 0, "UnitsTotal": 5, "LotFront": 92.0, "LotDepth": 127.0, "BldgFront": 60.1, "BldgDepth": 113.0, "Ext": "N", "ProxCode": "0", "IrrLotCode": "N", "LotType": "5", "BsmtCode": "0", "AssessLand": 210150.0, "AssessTot": 946350.0, "ExemptTot": 0.0, "YearBuilt": 1992, "YearAlter1": 0, "YearAlter2": 0, "HistDist": null, "Landmark": null, "BuiltFAR": 0.63, "ResidFAR": 0.0, "CommFAR": 1.0, "FacilFAR": 2.4, "BoroCode": 5, "BBL": 5059650040.0, "CondoNo": 0, "Tract2010": "0228", "XCoord": 929427, "YCoord": 143264, "ZoneMap": "33a", "ZMCode": "Y", "Sanborn": "599 999", "TaxMap": "52501", "EDesigNum": null, "APPBBL": 0.0, "APPDate": null, "PLUTOMapID": "1", "FIRM07_FLA": null, "PFIRM15_FL": null, "Version": "25v4", "DCPEdited": null, "Latitude": 40.5597329, "Longitude": -74.1973016, "Notes": null, "Shape_Leng": 0.0, "Shape_Area": 13586.750379499999 }, "geometry": { "type": "MultiPolygon", "coordinates": [ [ [ [ -74.19761333933684, 40.559755823081105 ], [ -74.197292096260085, 40.559959727377134 ], [ -74.197018353178962, 40.559708661540782 ], [ -74.197246072931833, 40.559504931199172 ], [ -74.19761333933684, 40.559755823081105 ] ] ] ] } },
{ "type": "Feature", "properties": { "Borough": "SI", "Block": 5965, "Lot": 45, "CD": 503, "BCT2020": "5022801", "BCTCB2020": "50228011000", "CT2010": "228", "CB2010": "1020", "SchoolDist": "31", "Council": 51, "ZipCode": 10312, "FireComp": "L087", "PolicePrct": 123, "HealthCent": 51, "HealthArea": 800, "Sanitboro": "5", "SanitDistr": "03", "SanitSub": "5C", "Address": "1765 WEST SERVICE ROAD", "ZoneDist1": "M1-1", "ZoneDist2": null, "ZoneDist3": null, "ZoneDist4": null, "Overlay1": null, "Overlay2": null, "SPDist1": "SRD", "SPDist2": null, "SPDist3": null, "LtdHeight": null, "SplitZone": "N", "BldgClass": "A9", "LandUse": "01", "Easements": 0, "OwnerType": null, "OwnerName": "NEIS, CARMELA", "LotArea": 3225, "BldgArea": 1952, "ComArea": 0, "ResArea": 1952, "OfficeArea": 0, "RetailArea": 0, "GarageArea": 0, "StrgeArea": 0, "FactryArea": 0, "OtherArea": 0, "AreaSource": "2", "NumBldgs": 1, "NumFloors": 2.0, "UnitsRes": 1, "UnitsTotal": 1, "LotFront": 22.0, "LotDepth": 131.0, "BldgFront": 16.0, "BldgDepth": 27.0, "Ext": "N", "ProxCode": "2", "IrrLotCode": "Y", "LotType": "5", "BsmtCode": "2", "AssessLand": 9720.0, "AssessTot": 39660.0, "ExemptTot": 0.0, "YearBuilt": 1935, "YearAlter1": 0, "YearAlter2": 0, "HistDist": null, "Landmark": null, "BuiltFAR": 0.61, "ResidFAR": 0.0, "CommFAR": 1.0, "FacilFAR": 2.4, "BoroCode": 5, "BBL": 5059650045.0, "CondoNo": 0, "Tract2010": "0228", "XCoord": 929382, "YCoord": 143217, "ZoneMap": "33a", "ZMCode": null, "Sanborn": "599 999", "TaxMap": "52501", "EDesigNum": null, "APPBBL": 0.0, "APPDate": null, "PLUTOMapID": "1", "FIRM07_FLA": null, "PFIRM15_FL": null, "Version": "25v4", "DCPEdited": null, "Latitude": 40.5596036, "Longitude": -74.1974631, "Notes": null, "Shape_Leng": 0.0, "Shape_Area": 3521.1469831 }, "geometry": { "type": "MultiPolygon", "coordinates": [ [ [ [ -74.197305160345906, 40.559452067719512 ], [ -74.197684080555973, 40.559710920730701 ], [ -74.19761333933684, 40.559755823081105 ], [ -74.197246072931833, 40.559504931199172 ], [ -74.197305160345906, 40.559452067719512 ] ] ] ] } },
{ "type": "Feature", "properties": { "Borough": "SI", "Block": 5965, "Lot": 55, "CD": 503, "BCT2020": "5022801", "BCTCB2020": "50228011000", "CT2010": "228", "CB2010": "1020", "SchoolDist": "31", "Council": 51, "ZipCode": 10312, "FireComp": "L087", "PolicePrct": 123, "HealthCent": 51, "HealthArea": 800, "Sanitboro": "5", "SanitDistr": "03", "SanitSub": "5C", "Address": "1769 ARTHUR KILL ROAD", "ZoneDist1": "M1-1", "ZoneDist2": null, "ZoneDist3": null, "ZoneDist4": null, "Overlay1": null, "Overlay2": null, "SPDist1": "SRD", "SPDist2": null, "SPDist3": null, "LtdHeight": null, "SplitZone": "N", "BldgClass": "G3", "LandUse": "07", "Easements": 1, "OwnerType": null, "OwnerName": "1769 ARTHUR KILL ROAD LLC", "LotArea": 22115, "BldgArea": 2200, "ComArea": 2200, "ResArea": 0, "OfficeArea": 0, "RetailArea": 1000, "GarageArea": 1200, "StrgeArea": 0, "FactryArea": 0, "OtherArea": 0, "AreaSource": "2", "NumBldgs": 1, "NumFloors": 1.0, "UnitsRes": 0, "UnitsTotal": 1, "LotFront": 166.0, "LotDepth": 154.0, "BldgFront": 79.0, "BldgDepth": 35.0, "Ext": "N", "ProxCode": "0", "IrrLotCode": "Y", "LotType": "5", "BsmtCode": "0", "AssessLand": 181800.0, "AssessTot": 360000.0, "ExemptTot": 0.0, "YearBuilt": 1965, "YearAlter1": 0, "YearAlter2": 0, "HistDist": null, "Landmark": null, "BuiltFAR": 0.1, "ResidFAR": 0.0, "CommFAR": 1.0, "FacilFAR": 2.4, "BoroCode": 5, "BBL": 5059650055.0, "CondoNo": 0, "Tract2010": "0228", "XCoord": 929314, "YCoord": 143148, "ZoneMap": "33a", "ZMCode": null, "Sanborn": "599 999", "TaxMap": "52501", "EDesigNum": null, "APPBBL": 0.0, "APPDate": null, "PLUTOMapID": "1", "FIRM07_FLA": null, "PFIRM15_FL": null, "Version": "25v4", "DCPEdited": null, "Latitude": 40.5594138, "Longitude": -74.1977073, "Notes": null, "Shape_Leng": 0.0, "Shape_Area": 25312.310251800001 }, "geometry": { "type": "MultiPolygon", "coordinates": [ [ [ [ -74.197305160345906, 40.559452067719512 ], [ -74.197678891004315, 40.559117703465901 ], [ -74.197711868856715, 40.55908819944365 ], [ -74.198108693837611, 40.559441401094865 ], [ -74.198046133286397, 40.559481110661167 ], [ -74.197684080555973, 40.559710920730701 ], [ -74.197305160345906, 40.559452067719512 ] ] ] ] } },
{ "type": "Feature", "properties": { "Borough": "SI", "Block": 5965, "Lot": 84, "CD": 503, "BCT2020": "5022801", "BCTCB2020": "50228011000", "CT2010": "228", "CB2010": "1020", "SchoolDist": "31", "Council": 51, "ZipCode": 10309, "FireComp": "L087", "PolicePrct": 123, "HealthCent": 51, "HealthArea": 800, "Sanitboro": "5", "SanitDistr": "03", "SanitSub": "5C", "Address": "7A ARDEN AVENUE", "ZoneDist1": "M1-1", "ZoneDist2": null, "ZoneDist3": null, "ZoneDist4": null, "Overlay1": null, "Overlay2": null, "SPDist1": "SRD", "SPDist2": null, "SPDist3": null, "LtdHeight": null, "SplitZone": "N", "BldgClass": "E7", "LandUse": "06", "Easements": 1, "OwnerType": null, "OwnerName": "ESS PRISA II LLC", "LotArea": 114080, "BldgArea": 114636, "ComArea": 114636, "ResArea": 0, "OfficeArea": 0, "RetailArea": 0, "GarageArea": 0, "StrgeArea": 114636, "FactryArea": 0, "OtherArea": 0, "AreaSource": "2", "NumBldgs": 5, "NumFloors": 4.0, "UnitsRes": 0, "UnitsTotal": 1, "LotFront": 292.0, "LotDepth": 424.0, "BldgFront": 0.0, "BldgDepth": 0.0, "Ext": "N", "ProxCode": "1", "IrrLotCode": "Y", "LotType": "5", "BsmtCode": "0", "AssessLand": 1190700.0, "AssessTot": 9081000.0, "ExemptTot": 0.0, "YearBuilt": 2000, "YearAlter1": 0, "YearAlter2": 0, "HistDist": null, "Landmark": null, "BuiltFAR": 1.0, "ResidFAR": 0.0, "CommFAR": 1.0, "FacilFAR": 2.4, "BoroCode": 5, "BBL": 5059650084.0, "CondoNo": 0, "Tract2010": "0228", "XCoord": 929179, "YCoord": 143420, "ZoneMap": "26b", "ZMCode": "Y", "Sanborn": "599 999", "TaxMap": "52501", "EDesigNum": null, "APPBBL": 0.0, "APPDate": null, "PLUTOMapID": "1", "FIRM07_FLA": null, "PFIRM15_FL": null, "Version": "25v4", "DCPEdited": null, "Latitude": 40.5601595, "Longitude": -74.1981954, "Notes": null, "Shape_Leng": 0.0, "Shape_Area": 128777.451992 }, "geometry": { "type": "MultiPolygon", "coordinates": [ [ [ [ -74.197292096260085, 40.559959727377134 ], [ -74.19761333933684, 40.559755823081105 ], [ -74.197684080555973, 40.559710920730701 ], [ -74.198046133286397, 40.559481110661167 ], [ -74.198108693837611, 40.559441401094865 ], [ -74.199056874831712, 40.560285328773936 ], [ -74.198848978064603, 40.560473178075419 ], [ -74.19834673672743, 40.56092697744068 ], [ -74.197292096260085, 40.559959727377134 ] ] ] ] } },
{ "type": "Feature", "properties": { "Borough": "SI", "Block": 5965, "Lot": 100, "CD": 503, "BCT2020": "5022801", "BCTCB2020": "50228011000", "CT2010": "228", "CB2010": "1020", "SchoolDist": "31", "Council": 51, "ZipCode": 10312, "FireComp": "L087", "PolicePrct": 123, "HealthCent": 51, "HealthArea": 800, "Sanitboro": "5", "SanitDistr": "03", "SanitSub": "5C", "Address": "ARTHUR KILL ROAD", "ZoneDist1": "M1-1", "ZoneDist2": null, "ZoneDist3": null, "ZoneDist4": null, "Overlay1": null, "Overlay2": null, "SPDist1": "SRD", "SPDist2": null, "SPDist3": null, "LtdHeight": null, "SplitZone": "N", "BldgClass": "Q6", "LandUse": "09", "Easements": 0, "OwnerType": "C", "OwnerName": "NYC DEPARTMENT OF PARKS AND RECREATION", "LotArea": 421868, "BldgArea": 0, "ComArea": 0, "ResArea": 0, "OfficeArea": 0, "RetailArea": 0, "GarageArea": 0, "StrgeArea": 0, "FactryArea": 0, "OtherArea": 0, "AreaSource": "7", "NumBldgs": 1, "NumFloors": 0.0, "UnitsRes": 0, "UnitsTotal": 0, "LotFront": 746.18, "LotDepth": 571.01, "BldgFront": 0.0, "BldgDepth": 0.0, "Ext": null, "ProxCode": "0", "IrrLotCode": "Y", "LotType": "5", "BsmtCode": "5", "AssessLand": 3924450.0, "AssessTot": 3924450.0, "ExemptTot": 3924450.0, "YearBuilt": 0, "YearAlter1": 0, "YearAlter2": 0, "HistDist": null, "Landmark": null, "BuiltFAR": 0.0, "ResidFAR": 0.0, "CommFAR": 1.0, "FacilFAR": 2.4, "BoroCode": 5, "BBL": 5059650100.0, "CondoNo": 0, "Tract2010": "0228", "XCoord": 929572, "YCoord": 143766, "ZoneMap": "26b", "ZMCode": "Y", "Sanborn": "504 474", "TaxMap": "52501", "EDesigNum": null, "APPBBL": 0.0, "APPDate": null, "PLUTOMapID": "1", "FIRM07_FLA": null, "PFIRM15_FL": null, "Version": "25v4", "DCPEdited": "t", "Latitude": 40.5611116, "Longitude": -74.1967838, "Notes": null, "Shape_Leng": 0.0, "Shape_Area": 451990.15480100003 }, "geometry": { "type": "MultiPolygon", "coordinates": [ [ [ [ -74.19523562621707, 40.561266404659705 ], [ -74.195269378026481, 40.561230244204495 ], [ -74.195773596056043, 40.560749631897323 ], [ -74.196489185915468, 40.560112378202014 ], [ -74.196980777582013, 40.559674198760426 ], [ -74.197018353178962, 40.559708661540782 ], [ -74.197292096260085, 40.559959727377134 ], [ -74.19834673672743, 40.56092697744068 ], [ -74.198238438183083, 40.561024829488332 ], [ -74.197290081538995, 40.56190879501316 ], [ -74.19661012485345, 40.562586342605307 ], [ -74.195257904814468, 40.561287799371605 ], [ -74.19523562621707, 40.561266404659705 ] ] ] ] } },
{ "type": "Feature", "properties": { "Borough": "SI", "Block": 5965, "Lot": 500, "CD": 503, "BCT2020": "5022801", "BCTCB2020": "50228012004", "CT2010": "228", "CB2010": "1017", "SchoolDist": "31", "Council": 51, "ZipCode": 10314, "FireComp": "L087", "PolicePrct": 123, "HealthCent": 51, "HealthArea": 800, "Sanitboro": "5", "SanitDistr": "03", "SanitSub": "5C", "Address": "ARTHUR KILL ROAD", "ZoneDist1": "M3-1", "ZoneDist2": null, "ZoneDist3": null, "ZoneDist4": null, "Overlay1": null, "Overlay2": null, "SPDist1": "SRD", "SPDist2": null, "SPDist3": null, "LtdHeight": null, "SplitZone": "N", "BldgClass": "V9", "LandUse": "11", "Easements": 1, "OwnerType": "C", "OwnerName": "NYC DEPARTMENT OF SANITATION", "LotArea": 5140080, "BldgArea": 0, "ComArea": 0, "ResArea": 0, "OfficeArea": 0, "RetailArea": 0, "GarageArea": 0, "StrgeArea": 0, "FactryArea": 0, "OtherArea": 0, "AreaSource": "7", "NumBldgs": 0, "NumFloors": 0.0, "UnitsRes": 0, "UnitsTotal": 0, "LotFront": 774.33, "LotDepth": 2091.17, "BldgFront": 0.0, "BldgDepth": 0.0, "Ext": null, "ProxCode": "0", "IrrLotCode": "Y", "LotType": "5", "BsmtCode": "0", "AssessLand": 95774400.0, "AssessTot": 95774400.0, "ExemptTot": 95774400.0, "YearBuilt": 0, "YearAlter1": 0, "YearAlter2": 0, "HistDist": null, "Landmark": null, "BuiltFAR": 0.0, "ResidFAR": 0.0, "CommFAR": 2.0, "FacilFAR": 0.0, "BoroCode": 5, "BBL": 5059650500.0, "CondoNo": 0, "Tract2010": "0228", "XCoord": 927323, "YCoord": 145671, "ZoneMap": "26b", "ZMCode": null, "Sanborn": "599 999", "TaxMap": "52501", "EDesigNum": null, "APPBBL": 0.0, "APPDate": null, "PLUTOMapID": "1", "FIRM07_FLA": "1", "PFIRM15_FL": "1", "Version": "25v4", "DCPEdited": "t", "Latitude": 40.5663263, "Longitude": -74.2048939, "Notes": null, "Shape_Leng": 0.0, "Shape_Area": 5187004.0641200002 }, "geometry": { "type": "MultiPolygon", "coordinates": [ [ [ [ -74.197729484319211, 40.562707855840202 ], [ -74.198529943072757, 40.561835132517004 ], [ -74.198664210242029, 40.561948546191246 ], [ -74.201694176797787, 40.564507748691113 ], [ -74.202102200243687, 40.564854541056619 ], [ -74.202110732594875, 40.5648407353358 ], [ -74.20214827602112, 40.564824402164923 ], [ -74.202184333661236, 40.564820464646189 ], [ -74.202220441741915, 40.564833182244989 ], [ -74.202257045760533, 40.564842801198871 ], [ -74.202320628195935, 40.564839953478455 ], [ -74.202342505369614, 40.564831356302832 ], [ -74.202373911252351, 40.564801479004188 ], [ -74.202401808444108, 40.5647867116651 ], [ -74.202440952265349, 40.564781451115614 ], [ -74.202538717980815, 40.564772970539352 ], [ -74.202723928347169, 40.564750020742096 ], [ -74.202840636928741, 40.564745891130087 ], [ -74.203102027389463, 40.564713388408826 ], [ -74.203144360030123, 40.564702119970754 ], [ -74.203179666226717, 40.564684067729551 ], [ -74.203209964135652, 40.564657738517475 ], [ -74.203219843736818, 40.564630794277498 ], [ -74.203223405570441, 40.56461111230044 ], [ -74.20321781329055, 40.564585872272502 ], [ -74.203276708500752, 40.564611692556397 ], [ -74.20335124755313, 40.564643790488127 ], [ -74.203394456746054, 40.564648619188269 ], [ -74.203443168582993, 40.564649933266303 ], [ -74.203511441643812, 40.5646383495232 ], [ -74.20366997112977, 40.564629536017982 ], [ -74.203960072659399, 40.564594380631213 ], [ -74.203971978030765, 40.564589815462853 ], [ -74.203974600401423, 40.564581228737808 ], [ -74.203962593134833, 40.564551969375053 ], [ -74.203949298380365, 40.56453533324116 ], [ -74.203928722183633, 40.564519719418549 ], [ -74.203947881185542, 40.564505044601795 ], [ -74.204032143061966, 40.564543266555816 ], [ -74.204081163375093, 40.564549742526395 ], [ -74.204134125961559, 40.564545610464592 ], [ -74.20432873464712, 40.564521536363479 ], [ -74.204423061303345, 40.564520833689173 ], [ -74.204503800508789, 40.564505544861923 ], [ -74.20461135719809, 40.564500270769166 ], [ -74.204706651374437, 40.564480412680837 ], [ -74.20480802718663, 40.564477691577601 ], [ -74.204894904555943, 40.564467927124355 ], [ -74.205030151649524, 40.564487388508638 ], [ -74.205089092241039, 40.56448930222917 ], [ -74.205129744695569, 40.564496335742824 ], [ -74.205250408174777, 40.564544080573761 ], [ -74.205337345294154, 40.564578801802597 ], [ -74.205409629360986, 40.564613001600826 ], [ -74.205470742651116, 40.564657936789743 ], [ -74.205607600992835, 40.564752740044199 ], [ -74.205734334313291, 40.564880600731172 ], [ -74.205853228920645, 40.565021253890187 ], [ -74.205883056476949, 40.565105223392166 ], [ -74.206014590414739, 40.565311898515191 ], [ -74.206029475542493, 40.565373493216327 ], [ -74.206048217934622, 40.565386191231049 ], [ -74.206079819370927, 40.565452849295518 ], [ -74.20611269538162, 40.565479397402726 ], [ -74.206152342465245, 40.565532402481935 ], [ -74.206189895973054, 40.565579697512042 ], [ -74.20624229887116, 40.565631653128207 ], [ -74.206300544022668, 40.565673817532698 ], [ -74.206398285526376, 40.565721555555335 ], [ -74.20650685395384, 40.565758078607914 ], [ -74.206603159792223, 40.565795081914487 ], [ -74.20665400778546, 40.565801109590325 ], [ -74.206727494177244, 40.565803014376563 ], [ -74.206805154127082, 40.565792126763554 ], [ -74.206972350496031, 40.565752245559892 ], [ -74.207056308454298, 40.565719016986179 ], [ -74.207119913001151, 40.565679622165803 ], [ -74.207176678425853, 40.565621634677093 ], [ -74.207237376106107, 40.565520225570395 ], [ -74.20737544259876, 40.565299749367668 ], [ -74.20751611062478, 40.565153114416482 ], [ -74.207713246782262, 40.564881386437861 ], [ -74.207761836451368, 40.564810945588746 ], [ -74.207818917422571, 40.564755365252815 ], [ -74.207899544946613, 40.564671983487337 ], [ -74.207917728385979, 40.564633575386992 ], [ -74.207921940574977, 40.564602877784594 ], [ -74.207916831285715, 40.56459150880422 ], [ -74.207907853864057, 40.564584015531949 ], [ -74.20788810486988, 40.564582207943701 ], [ -74.207770831219406, 40.564593571370864 ], [ -74.20775366693077, 40.564593602414782 ], [ -74.20766733724416, 40.564581918303361 ], [ -74.207615978187675, 40.564576094714624 ], [ -74.207579846302835, 40.564579577530154 ], [ -74.207524537103552, 40.564597244939009 ], [ -74.207514568686591, 40.564508576146842 ], [ -74.207682963669967, 40.56449764738781 ], [ -74.20778992352696, 40.564478590556462 ], [ -74.20790362400372, 40.564446407959608 ], [ -74.207972566808564, 40.564412022562621 ], [ -74.208034997046525, 40.564397704591798 ], [ -74.208210255459306, 40.564327107954014 ], [ -74.2083089285494, 40.564298360671614 ], [ -74.208353775566792, 40.564269033785912 ], [ -74.208732821682261, 40.56408926096988 ], [ -74.209318605851735, 40.563835186917913 ], [ -74.209377127687631, 40.563806033741329 ], [ -74.209471881086969, 40.563772273954889 ], [ -74.209592931324494, 40.563728055098785 ], [ -74.209752357263596, 40.563689724806601 ], [ -74.209909509010856, 40.563649220134032 ], [ -74.210061117438102, 40.563622117112807 ], [ -74.210158842313419, 40.563649604375279 ], [ -74.210253099366611, 40.563693698329146 ], [ -74.210330945338498, 40.563730873773842 ], [ -74.210411842833224, 40.56377830148616 ], [ -74.210470716918877, 40.56382715628019 ], [ -74.210532055625166, 40.563875657155435 ], [ -74.210579279860156, 40.56392822182891 ], [ -74.210633444260239, 40.564036069808836 ], [ -74.210667808135213, 40.564080271389692 ], [ -74.210702355062679, 40.564172067399163 ], [ -74.210710434507035, 40.5642149196009 ], [ -74.210714222727688, 40.564247592875503 ], [ -74.21074822655919, 40.56436227140204 ], [ -74.210751823589035, 40.564403962893429 ], [ -74.210800934330877, 40.564515396121884 ], [ -74.210868417040558, 40.564609048837902 ], [ -74.210953688737902, 40.564684420609389 ], [ -74.2109406169713, 40.564719067975709 ], [ -74.210921748520192, 40.564773767437387 ], [ -74.210901760750417, 40.564828470790879 ], [ -74.210882889662599, 40.564882319237753 ], [ -74.210864023818175, 40.564937875971246 ], [ -74.210841787858882, 40.564990020532427 ], [ -74.210827391214863, 40.565042150617948 ], [ -74.210832050093956, 40.565098517019329 ], [ -74.210840058034165, 40.565152315203491 ], [ -74.210842479603102, 40.565209541240925 ], [ -74.210844899962709, 40.565266764519954 ], [ -74.210840599042371, 40.565324001891561 ], [ -74.210822852166757, 40.565378701115051 ], [ -74.210792746818854, 40.565421465759279 ], [ -74.210742467964309, 40.565460848966836 ], [ -74.210705617401516, 40.565496793686194 ], [ -74.210668807949773, 40.565544692728245 ], [ -74.210638734696431, 40.5655977071481 ], [ -74.210612017063127, 40.565649860714629 ], [ -74.210584182547066, 40.565702870011087 ], [ -74.210559702181058, 40.565754164936735 ], [ -74.210535228249185, 40.565807168060786 ], [ -74.210508514234249, 40.565860175367995 ], [ -74.210484032545821, 40.565911470196447 ], [ -74.210452830290734, 40.565961923725006 ], [ -74.210422750203307, 40.566013227875693 ], [ -74.210397152760393, 40.56606538117768 ], [ -74.210369315318303, 40.566117534057597 ], [ -74.210341475052218, 40.566168836844511 ], [ -74.210315880274081, 40.566221842054993 ], [ -74.210290285340889, 40.566274846339624 ], [ -74.210260211463336, 40.566327861492645 ], [ -74.210232373808026, 40.566380015258041 ], [ -74.210205655436454, 40.566432169646085 ], [ -74.210178935538451, 40.566483466743371 ], [ -74.210152214514054, 40.566534767434128 ], [ -74.210127737289483, 40.566586915862899 ], [ -74.210101018860826, 40.566639069388962 ], [ -74.210075420921541, 40.566691220775638 ], [ -74.210049825735112, 40.566744226760321 ], [ -74.210023110953429, 40.56679723210793 ], [ -74.210004243963127, 40.566852787852973 ], [ -74.209984252031788, 40.566906637267728 ], [ -74.209963139538161, 40.566960490568214 ], [ -74.209948723134573, 40.567006641981905 ], [ -74.209929880027218, 40.567069883631838 ], [ -74.209913248813635, 40.567123726056408 ], [ -74.209888756587588, 40.567171605090394 ], [ -74.209854184622216, 40.567219499857003 ], [ -74.209814012880955, 40.567267408437033 ], [ -74.20978505373202, 40.567319565892248 ], [ -74.209765061591753, 40.567373414429753 ], [ -74.209761877586942, 40.567429796018949 ], [ -74.209760937824015, 40.567487880972891 ], [ -74.209754390115961, 40.567542561323918 ], [ -74.209740003991513, 40.567598107919075 ], [ -74.209722249417439, 40.567651950522041 ], [ -74.209706746476868, 40.567708355516636 ], [ -74.209688999621164, 40.567763908237779 ], [ -74.20967125420556, 40.567820315479729 ], [ -74.209654622487164, 40.567874157861723 ], [ -74.209636868991737, 40.567928004965893 ], [ -74.209610156094215, 40.567981866572914 ], [ -74.209565490468947, 40.568026363986739 ], [ -74.209515221934552, 40.568069163218404 ], [ -74.209475052485004, 40.568118779967691 ], [ -74.209446089767383, 40.568169228204091 ], [ -74.209424975232139, 40.568223080480884 ], [ -74.209397133354514, 40.568274380349798 ], [ -74.209372661827487, 40.568329091503735 ], [ -74.209353797635231, 40.568385501735413 ], [ -74.209338286558022, 40.56844019655076 ], [ -74.209321657093582, 40.568494894322853 ], [ -74.209299419951037, 40.568547036806585 ], [ -74.209271583193797, 40.568600047609209 ], [ -74.209235901528629, 40.568652216243692 ], [ -74.209202455705821, 40.568702673416318 ], [ -74.209167886231242, 40.56875142441077 ], [ -74.209131074146867, 40.568800178472983 ], [ -74.209093151754288, 40.568851497534141 ], [ -74.20904960818801, 40.568895993535449 ], [ -74.20901616100592, 40.568946450654465 ], [ -74.208989449871112, 40.569001166800376 ], [ -74.20898962862843, 40.569058394172899 ], [ -74.209002122413423, 40.569113893520836 ], [ -74.209002301184753, 40.5691711218129 ], [ -74.208997998074054, 40.569227505405756 ], [ -74.208986972164112, 40.569283899469958 ], [ -74.208972582724044, 40.569339445963543 ], [ -74.208953715350845, 40.569395002355968 ], [ -74.208932603799028, 40.569449709136222 ], [ -74.208922658478897, 40.569493289369724 ], [ -74.208923955204881, 40.569549661938034 ], [ -74.208923015896232, 40.569607748626318 ], [ -74.208904145619513, 40.569662447727552 ], [ -74.208876306981026, 40.56971545575373 ], [ -74.208875106114917, 40.569717503895845 ], [ -74.208815435479622, 40.569462665668411 ], [ -74.208251284526327, 40.569349238809295 ], [ -74.207690600081278, 40.569298171735099 ], [ -74.207354049780321, 40.569168180486642 ], [ -74.20707686110444, 40.569202189992325 ], [ -74.206483081471617, 40.569133481290166 ], [ -74.206497272402174, 40.569405147951528 ], [ -74.202269122076828, 40.569281477310213 ], [ -74.202234466245869, 40.569181543630918 ], [ -74.202258688749978, 40.568279485717603 ], [ -74.202159472370639, 40.568270688419645 ], [ -74.19705907407625, 40.5636772374381 ], [ -74.196981224929289, 40.563607118904692 ], [ -74.197729484319211, 40.562707855840202 ] ] ] ] } },
{ "type": "Feature", "properties": { "Borough": "SI", "Block": 6169, "Lot": 16, "CD": 503, "BCT2020": "5022801", "BCTCB2020": "50228011007", "CT2010": "228", "CB2010": "1038", "SchoolDist": "31", "Council": 51, "ZipCode": 10309, "FireComp": "L087", "PolicePrct": 123, "HealthCent": 51, "HealthArea": 800, "Sanitboro": "5", "SanitDistr": "03", "SanitSub": "5C", "Address": "1781 ARTHUR KILL ROAD", "ZoneDist1": "R3-2", "ZoneDist2": null, "ZoneDist3": null, "ZoneDist4": null, "Overlay1": null, "Overlay2": null, "SPDist1": "SRD", "SPDist2": null, "SPDist3": null, "LtdHeight": null, "SplitZone": "N", "BldgClass": "G3", "LandUse": "07", "Easements": 1, "OwnerType": null, "OwnerName": "SUNOCO, LLC", "LotArea": 33652, "BldgArea": 1980, "ComArea": 1980, "ResArea": 0, "OfficeArea": 0, "RetailArea": 1980, "GarageArea": 0, "StrgeArea": 0, "FactryArea": 0, "OtherArea": 0, "AreaSource": "2", "NumBldgs": 1, "NumFloors": 1.0, "UnitsRes": 0, "UnitsTotal": 1, "LotFront": 191.0, "LotDepth": 193.0, "BldgFront": 66.0, "BldgDepth": 30.0, "Ext": "N", "ProxCode": "0", "IrrLotCode": "Y", "LotType": "5", "BsmtCode": "0", "AssessLand": 265050.0, "AssessTot": 586350.0, "ExemptTot": 0.0, "YearBuilt": 1973, "YearAlter1": 0, "YearAlter2": 0, "HistDist": null, "Landmark": null, "BuiltFAR": 0.06, "ResidFAR": 0.75, "CommFAR": 0.0, "FacilFAR": 1.0, "BoroCode": 5, "BBL": 5061690016.0, "CondoNo": 0, "Tract2010": "0228", "XCoord": 929146, "YCoord": 142961, "ZoneMap": "33a", "ZMCode": null, "Sanborn": "504 474", "TaxMap": "52601", "EDesigNum": null, "APPBBL": 0.0, "APPDate": null, "PLUTOMapID": "1", "FIRM07_FLA": null, "PFIRM15_FL": null, "Version": "25v4", "DCPEdited": null, "Latitude": 40.5588994, "Longitude": -74.1983104, "Notes": null, "Shape_Leng": 0.0, "Shape_Area": 28893.286193 }, "geometry": { "type": "MultiPolygon", "coordinates": [ [ [ [ -74.198261158973565, 40.558561723655707 ], [ -74.198758473631315, 40.558903321814107 ], [ -74.198355136836526, 40.559175948237971 ], [ -74.198292269776999, 40.559218441076304 ], [ -74.197891142208547, 40.558942911859965 ], [ -74.197938677269505, 40.558893941092926 ], [ -74.198261158973565, 40.558561723655707 ] ] ] ] } },
{ "type": "Feature", "properties": { "Borough": "SI", "Block": 6169, "Lot": 30, "CD": 503, "BCT2020": "5022801", "BCTCB2020": "50228011007", "CT2010": "228", "CB2010": "1038", "SchoolDist": "31", "Council": 51, "ZipCode": 10312, "FireComp": "L087", "PolicePrct": 123, "HealthCent": 51, "HealthArea": 800, "Sanitboro": "5", "SanitDistr": "03", "SanitSub": "5C", "Address": "1815 ARTHUR KILL ROAD", "ZoneDist1": "R3-2", "ZoneDist2": null, "ZoneDist3": null, "ZoneDist4": null, "Overlay1": null, "Overlay2": null, "SPDist1": "SRD", "SPDist2": null, "SPDist3": null, "LtdHeight": null, "SplitZone": "N", "BldgClass": "K4", "LandUse": "04", "Easements": 0, "OwnerType": null, "OwnerName": "GALLO UMBERTO", "LotArea": 18042, "BldgArea": 1680, "ComArea": 880, "ResArea": 800, "OfficeArea": 0, "RetailArea": 880, "GarageArea": 0, "StrgeArea": 0, "FactryArea": 0, "OtherArea": 0, "AreaSource": "2", "NumBldgs": 2, "NumFloors": 2.0, "UnitsRes": 1, "UnitsTotal": 2, "LotFront": 99.09, "LotDepth": 207.75, "BldgFront": 36.0, "BldgDepth": 18.0, "Ext": "N", "ProxCode": "1", "IrrLotCode": "Y", "LotType": "5", "BsmtCode": "2", "AssessLand": 60750.0, "AssessTot": 167850.0, "ExemptTot": 0.0, "YearBuilt": 1899, "YearAlter1": 0, "YearAlter2": 0, "HistDist": null, "Landmark": null, "BuiltFAR": 0.09, "ResidFAR": 0.75, "CommFAR": 0.0, "FacilFAR": 1.0, "BoroCode": 5, "BBL": 5061690030.0, "CondoNo": 0, "Tract2010": "0228", "XCoord": 929057, "YCoord": 142864, "ZoneMap": "33a", "ZMCode": null, "Sanborn": "504 474", "TaxMap": "52601", "EDesigNum": null, "APPBBL": 0.0, "APPDate": null, "PLUTOMapID": "1", "FIRM07_FLA": null, "PFIRM15_FL": null, "Version": "25v4", "DCPEdited": null, "Latitude": 40.5586326, "Longitude": -74.1986299, "Notes": null, "Shape_Leng": 0.0, "Shape_Area": 18919.061000999998 }, "geometry": { "type": "MultiPolygon", "coordinates": [ [ [ [ -74.198261158973565, 40.558561723655707 ], [ -74.198468748783526, 40.55834786590502 ], [ -74.199020025730491, 40.558726529092624 ], [ -74.198758473631315, 40.558903321814107 ], [ -74.198261158973565, 40.558561723655707 ] ] ] ] } },
{ "type": "Feature", "properties": { "Borough": "SI", "Block": 6169, "Lot": 37, "CD": 503, "BCT2020": "5022801", "BCTCB2020": "50228011007", "CT2010": "228", "CB2010": "1038", "SchoolDist": "31", "Council": 51, "ZipCode": 10312, "FireComp": "L087", "PolicePrct": 123, "HealthCent": 51, "HealthArea": 800, "Sanitboro": "5", "SanitDistr": "03", "SanitSub": "5C", "Address": "1951 ARTHUR KILL ROAD", "ZoneDist1": "R3-2", "ZoneDist2": null, "ZoneDist3": null, "ZoneDist4": null, "Overlay1": null, "Overlay2": null, "SPDist1": "SRD", "SPDist2": null, "SPDist3": null, "LtdHeight": null, "SplitZone": "N", "BldgClass": "Y9", "LandUse": "07", "Easements": 4, "OwnerType": "C", "OwnerName": "NYC DEPARTMENT OF SANITATION", "LotArea": 765968, "BldgArea": 45000, "ComArea": 45000, "ResArea": 0, "OfficeArea": 0, "RetailArea": 0, "GarageArea": 0, "StrgeArea": 0, "FactryArea": 0, "OtherArea": 45000, "AreaSource": "2", "NumBldgs": 1, "NumFloors": 1.0, "UnitsRes": 0, "UnitsTotal": 1, "LotFront": 1200.0, "LotDepth": 800.0, "BldgFront": 70.0, "BldgDepth": 70.0, "Ext": "N", "ProxCode": "1", "IrrLotCode": "Y", "LotType": "5", "BsmtCode": "0", "AssessLand": 3429450.0, "AssessTot": 7627050.0, "ExemptTot": 7627050.0, "YearBuilt": 1955, "YearAlter1": 0, "YearAlter2": 0, "HistDist": null, "Landmark": null, "BuiltFAR": 0.06, "ResidFAR": 0.75, "CommFAR": 0.0, "FacilFAR": 1.0, "BoroCode": 5, "BBL": 5061690037.0, "CondoNo": 0, "Tract2010": "0228", "XCoord": 928460, "YCoord": 142522, "ZoneMap": "33a", "ZMCode": null, "Sanborn": "504 474", "TaxMap": "52601", "EDesigNum": null, "APPBBL": 0.0, "APPDate": null, "PLUTOMapID": "1", "FIRM07_FLA": "1", "PFIRM15_FL": "1", "Version": "25v4", "DCPEdited": "t", "Latitude": 40.5576902, "Longitude": -74.2007756, "Notes": null, "Shape_Leng": 0.0, "Shape_Area": 911240.78684199997 }, "geometry": { "type": "MultiPolygon", "coordinates": [ [ [ [ -74.198292269776999, 40.559218441076304 ], [ -74.198355136836526, 40.559175948237971 ], [ -74.198758473631315, 40.558903321814107 ], [ -74.199020025730491, 40.558726529092624 ], [ -74.198468748783526, 40.55834786590502 ], [ -74.19842264612447, 40.558316199174584 ], [ -74.198860757644951, 40.557907366631362 ], [ -74.199179251293074, 40.557610156156777 ], [ -74.200284858496076, 40.55648738246105 ], [ -74.20045732608861, 40.55635961435194 ], [ -74.200928012507376, 40.556775985543879 ], [ -74.201044821029697, 40.556713439287265 ], [ -74.20110841071498, 40.556679388776111 ], [ -74.201154787712639, 40.556654555579165 ], [ -74.201197148502359, 40.556631873579533 ], [ -74.201241213833185, 40.556608278165903 ], [ -74.201284952562546, 40.556584857073361 ], [ -74.201328976657877, 40.556561285122207 ], [ -74.201374463476341, 40.556536927093944 ], [ -74.20144639495966, 40.556498410516049 ], [ -74.201513151670994, 40.556462664832445 ], [ -74.201551782547199, 40.556441978566092 ], [ -74.201590414605604, 40.556421292202174 ], [ -74.201667295686391, 40.556380124659611 ], [ -74.201348626304679, 40.556023556305021 ], [ -74.20154377562919, 40.555998352181817 ], [ -74.201558781944456, 40.55601479835849 ], [ -74.202091620290432, 40.556060552646542 ], [ -74.202336862438102, 40.556081611926295 ], [ -74.202878361938772, 40.55612810737783 ], [ -74.203076128215514, 40.556175933515554 ], [ -74.203164591089305, 40.556204598458876 ], [ -74.20324954400823, 40.556236806870679 ], [ -74.203384570636928, 40.556298541406655 ], [ -74.203519963620593, 40.556378910651937 ], [ -74.203631291189367, 40.556457750059515 ], [ -74.203716976271423, 40.556528220349087 ], [ -74.203811011514645, 40.556618134425662 ], [ -74.203560234459871, 40.556789254698806 ], [ -74.202255383669566, 40.55767961066956 ], [ -74.201086021588168, 40.558477484182994 ], [ -74.200696753814796, 40.558720321866055 ], [ -74.200421206876001, 40.558913440577264 ], [ -74.200209235652906, 40.559075780340322 ], [ -74.200068187789043, 40.559191249751954 ], [ -74.199826250374201, 40.55940500625254 ], [ -74.199432570023248, 40.559771983359632 ], [ -74.199290697910484, 40.559904232778777 ], [ -74.198292269776999, 40.559218441076304 ] ] ] ] } },
{ "type": "Feature", "properties": { "Borough": "SI", "Block": 6169, "Lot": 84, "CD": 503, "BCT2020": "5022801", "BCTCB2020": "50228011007", "CT2010": "228", "CB2010": "1038", "SchoolDist": "31", "Council": 51, "ZipCode": 10312, "FireComp": "L087", "PolicePrct": 123, "HealthCent": 51, "HealthArea": 800, "Sanitboro": "5", "SanitDistr": "03", "SanitSub": "5C", "Address": "1915 ARTHUR KILL ROAD", "ZoneDist1": "R3-2", "ZoneDist2": null, "ZoneDist3": null, "ZoneDist4": null, "Overlay1": null, "Overlay2": null, "SPDist1": "SRD", "SPDist2": null, "SPDist3": null, "LtdHeight": null, "SplitZone": "N", "BldgClass": "B2", "LandUse": "01", "Easements": 0, "OwnerType": null, "OwnerName": "M MASTROPIERO , TTEE, JANICE", "LotArea": 8000, "BldgArea": 1820, "ComArea": 0, "ResArea": 1820, "OfficeArea": 0, "RetailArea": 0, "GarageArea": 0, "StrgeArea": 0, "FactryArea": 0, "OtherArea": 0, "AreaSource": "2", "NumBldgs": 2, "NumFloors": 2.5, "UnitsRes": 2, "UnitsTotal": 2, "LotFront": 80.0, "LotDepth": 100.0, "BldgFront": 20.0, "BldgDepth": 34.0, "Ext": "EG", "ProxCode": "1", "IrrLotCode": "N", "LotType": "5", "BsmtCode": "2", "AssessLand": 18240.0, "AssessTot": 45480.0, "ExemptTot": 0.0, "YearBuilt": 1910, "YearAlter1": 2006, "YearAlter2": 0, "HistDist": null, "Landmark": null, "BuiltFAR": 0.23, "ResidFAR": 0.75, "CommFAR": 0.0, "FacilFAR": 1.0, "BoroCode": 5, "BBL": 5061690084.0, "CondoNo": 0, "Tract2010": "0228", "XCoord": 928466, "YCoord": 142100, "ZoneMap": "33a", "ZMCode": null, "Sanborn": "504 474", "TaxMap": "52601", "EDesigNum": null, "APPBBL": 0.0, "APPDate": null, "PLUTOMapID": "1", "FIRM07_FLA": null, "PFIRM15_FL": null, "Version": "25v4", "DCPEdited": null, "Latitude": 40.5565319, "Longitude": -74.2007505, "Notes": null, "Shape_Leng": 0.0, "Shape_Area": 8076.8609161000004 }, "geometry": { "type": "MultiPolygon", "coordinates": [ [ [ [ -74.20045732608861, 40.55635961435194 ], [ -74.200560598554873, 40.556283106976672 ], [ -74.200720496361214, 40.556425210329657 ], [ -74.200830529263072, 40.556522998265109 ], [ -74.201044821029697, 40.556713439287265 ], [ -74.200928012507376, 40.556775985543879 ], [ -74.20045732608861, 40.55635961435194 ] ] ] ] } },
{ "type": "Feature", "properties": { "Borough": "SI", "Block": 6169, "Lot": 86, "CD": 503, "BCT2020": "5022801", "BCTCB2020": "50228011007", "CT2010": "228", "CB2010": "1038", "SchoolDist": "31", "Council": 51, "ZipCode": 10312, "FireComp": "L087", "PolicePrct": 123, "HealthCent": 51, "HealthArea": 800, "Sanitboro": "5", "SanitDistr": "03", "SanitSub": "5C", "Address": "1919 ARTHUR KILL ROAD", "ZoneDist1": "R3-2", "ZoneDist2": null, "ZoneDist3": null, "ZoneDist4": null, "Overlay1": null, "Overlay2": null, "SPDist1": "SRD", "SPDist2": null, "SPDist3": null, "LtdHeight": null, "SplitZone": "N", "BldgClass": "A1", "LandUse": "01", "Easements": 0, "OwnerType": null, "OwnerName": "MEZARINA, DIANA", "LotArea": 5700, "BldgArea": 1516, "ComArea": 0, "ResArea": 1516, "OfficeArea": 0, "RetailArea": 0, "GarageArea": 0, "StrgeArea": 0, "FactryArea": 0, "OtherArea": 0, "AreaSource": "2", "NumBldgs": 1, "NumFloors": 2.5, "UnitsRes": 1, "UnitsTotal": 1, "LotFront": 30.42, "LotDepth": 71.66, "BldgFront": 28.0, "BldgDepth": 22.0, "Ext": "EG", "ProxCode": "1", "IrrLotCode": "Y", "LotType": "5", "BsmtCode": "2", "AssessLand": 13140.0, "AssessTot": 36540.0, "ExemptTot": 1420.0, "YearBuilt": 1899, "YearAlter1": 0, "YearAlter2": 0, "HistDist": null, "Landmark": null, "BuiltFAR": 0.27, "ResidFAR": 0.75, "CommFAR": 0.0, "FacilFAR": 1.0, "BoroCode": 5, "BBL": 5061690086.0, "CondoNo": 0, "Tract2010": "0228", "XCoord": 928463, "YCoord": 142008, "ZoneMap": "33a", "ZMCode": null, "Sanborn": "504 474", "TaxMap": "52601", "EDesigNum": null, "APPBBL": 5061690086.0, "APPDate": "12/07/1999", "PLUTOMapID": "1", "FIRM07_FLA": null, "PFIRM15_FL": null, "Version": "25v4", "DCPEdited": null, "Latitude": 40.5562794, "Longitude": -74.2007605, "Notes": null, "Shape_Leng": 0.0, "Shape_Area": 6137.671283 }, "geometry": { "type": "MultiPolygon", "coordinates": [ [ [ [ -74.200560598554873, 40.556283106976672 ], [ -74.200721251663296, 40.556164091512244 ], [ -74.20081494045364, 40.556136557962816 ], [ -74.200951299841634, 40.556301624269487 ], [ -74.200720496361214, 40.556425210329657 ], [ -74.200560598554873, 40.556283106976672 ] ] ] ] } },
{ "type": "Feature", "properties": { "Borough": "SI", "Block": 6169, "Lot": 87, "CD": 503, "BCT2020": "5022801", "BCTCB2020": "50228011007", "CT2010": "228", "CB2010": "1038", "SchoolDist": "31", "Council": 51, "ZipCode": 10312, "FireComp": "L087", "PolicePrct": 123, "HealthCent": 51, "HealthArea": 800, "Sanitboro": "5", "SanitDistr": "03", "SanitSub": "5C", "Address": "34 MAZZA COURT", "ZoneDist1": "R3-2", "ZoneDist2": null, "ZoneDist3": null, "ZoneDist4": null, "Overlay1": null, "Overlay2": null, "SPDist1": "SRD", "SPDist2": null, "SPDist3": null, "LtdHeight": null, "SplitZone": "N", "BldgClass": "B9", "LandUse": "01", "Easements": 0, "OwnerType": null, "OwnerName": "BONANNO, VICKIE", "LotArea": 2534, "BldgArea": 1440, "ComArea": 0, "ResArea": 1440, "OfficeArea": 0, "RetailArea": 0, "GarageArea": 0, "StrgeArea": 0, "FactryArea": 0, "OtherArea": 0, "AreaSource": "2", "NumBldgs": 1, "NumFloors": 2.0, "UnitsRes": 2, "UnitsTotal": 2, "LotFront": 34.09, "LotDepth": 91.85, "BldgFront": 15.0, "BldgDepth": 47.0, "Ext": "N", "ProxCode": "2", "IrrLotCode": "Y", "LotType": "5", "BsmtCode": "2", "AssessLand": 9420.0, "AssessTot": 42600.0, "ExemptTot": 1420.0, "YearBuilt": 1996, "YearAlter1": 0, "YearAlter2": 0, "HistDist": null, "Landmark": null, "BuiltFAR": 0.57, "ResidFAR": 0.75, "CommFAR": 0.0, "FacilFAR": 1.0, "BoroCode": 5, "BBL": 5061690087.0, "CondoNo": 0, "Tract2010": "0228", "XCoord": 928404, "YCoord": 142120, "ZoneMap": "33a", "ZMCode": null, "Sanborn": "504 474", "TaxMap": "52601", "EDesigNum": null, "APPBBL": 5061690086.0, "APPDate": "12/07/1999", "PLUTOMapID": "1", "FIRM07_FLA": null, "PFIRM15_FL": null, "Version": "25v4", "DCPEdited": null, "Latitude": 40.5565864, "Longitude": -74.2009738, "Notes": null, "Shape_Leng": 0.0, "Shape_Area": 2574.8477698000002 }, "geometry": { "type": "MultiPolygon", "coordinates": [ [ [ [ -74.200933617528406, 40.556467799234142 ], [ -74.20110841071498, 40.556679388776111 ], [ -74.201044821029697, 40.556713439287265 ], [ -74.200830529263072, 40.556522998265109 ], [ -74.200933617528406, 40.556467799234142 ] ] ] ] } },
{ "type": "Feature", "properties": { "Borough": "SI", "Block": 6169, "Lot": 88, "CD": 503, "BCT2020": "5022801", "BCTCB2020": "50228011007", "CT2010": "228", "CB2010": "1038", "SchoolDist": "31", "Council": 51, "ZipCode": 10312, "FireComp": "L087", "PolicePrct": 123, "HealthCent": 51, "HealthArea": 800, "Sanitboro": "5", "SanitDistr": "03", "SanitSub": "5C", "Address": "32 MAZZA COURT", "ZoneDist1": "R3-2", "ZoneDist2": null, "ZoneDist3": null, "ZoneDist4": null, "Overlay1": null, "Overlay2": null, "SPDist1": "SRD", "SPDist2": null, "SPDist3": null, "LtdHeight": null, "SplitZone": "N", "BldgClass": "B9", "LandUse": "01", "Easements": 0, "OwnerType": null, "OwnerName": "BOK MIN", "LotArea": 1365, "BldgArea": 1440, "ComArea": 0, "ResArea": 1440, "OfficeArea": 0, "RetailArea": 0, "GarageArea": 0, "StrgeArea": 0, "FactryArea": 0, "OtherArea": 0, "AreaSource": "2", "NumBldgs": 1, "NumFloors": 2.0, "UnitsRes": 2, "UnitsTotal": 2, "LotFront": 15.0, "LotDepth": 91.0, "BldgFront": 15.0, "BldgDepth": 47.0, "Ext": "N", "ProxCode": "3", "IrrLotCode": "N", "LotType": "5", "BsmtCode": "2", "AssessLand": 5340.0, "AssessTot": 37680.0, "ExemptTot": 0.0, "YearBuilt": 1996, "YearAlter1": 0, "YearAlter2": 0, "HistDist": null, "Landmark": null, "BuiltFAR": 1.05, "ResidFAR": 0.75, "CommFAR": 0.0, "FacilFAR": 1.0, "BoroCode": 5, "BBL": 5061690088.0, "CondoNo": 0, "Tract2010": "0228", "XCoord": 928384, "YCoord": 142110, "ZoneMap": "33a", "ZMCode": null, "Sanborn": "504 474", "TaxMap": "52601", "EDesigNum": null, "APPBBL": 5061690086.0, "APPDate": "12/07/1999", "PLUTOMapID": "1", "FIRM07_FLA": null, "PFIRM15_FL": null, "Version": "25v4", "DCPEdited": null, "Latitude": 40.5565589, "Longitude": -74.2010457, "Notes": null, "Shape_Leng": 0.0, "Shape_Area": 1432.8742463000001 }, "geometry": { "type": "MultiPolygon", "coordinates": [ [ [ [ -74.201154787712639, 40.556654555579165 ], [ -74.20110841071498, 40.556679388776111 ], [ -74.200933617528406, 40.556467799234142 ], [ -74.20097999444171, 40.556442965272254 ], [ -74.201154787712639, 40.556654555579165 ] ] ] ] } },
{ "type": "Feature", "properties": { "Borough": "SI", "Block": 6169, "Lot": 89, "CD": 503, "BCT2020": "5022801", "BCTCB2020": "50228011007", "CT2010": "228", "CB2010": "1038", "SchoolDist": "31", "Council": 51, "ZipCode": 10312, "FireComp": "L087", "PolicePrct": 123, "HealthCent": 51, "HealthArea": 800, "Sanitboro": "5", "SanitDistr": "03", "SanitSub": "5C", "Address": "30 MAZZA COURT", "ZoneDist1": "R3-2", "ZoneDist2": null, "ZoneDist3": null, "ZoneDist4": null, "Overlay1": null, "Overlay2": null, "SPDist1": "SRD", "SPDist2": null, "SPDist3": null, "LtdHeight": null, "SplitZone": "N", "BldgClass": "A5", "LandUse": "01", "Easements": 0, "OwnerType": null, "OwnerName": "GLENDALE REALTY ASSOC", "LotArea": 1365, "BldgArea": 1990, "ComArea": 0, "ResArea": 1990, "OfficeArea": 0, "RetailArea": 0, "GarageArea": 0, "StrgeArea": 0, "FactryArea": 0, "OtherArea": 0, "AreaSource": "2", "NumBldgs": 1, "NumFloors": 3.0, "UnitsRes": 1, "UnitsTotal": 1, "LotFront": 15.0, "LotDepth": 91.0, "BldgFront": 15.0, "BldgDepth": 47.0, "Ext": "N", "ProxCode": "3", "IrrLotCode": "N", "LotType": "5", "BsmtCode": "5", "AssessLand": 5340.0, "AssessTot": 46860.0, "ExemptTot": 0.0, "YearBuilt": 1996, "YearAlter1": 0, "YearAlter2": 0, "HistDist": null, "Landmark": null, "BuiltFAR": 1.46, "ResidFAR": 0.75, "CommFAR": 0.0, "FacilFAR": 1.0, "BoroCode": 5, "BBL": 5061690089.0, "CondoNo": 0, "Tract2010": "0228", "XCoord": 928372, "YCoord": 142102, "ZoneMap": "33a", "ZMCode": null, "Sanborn": "504 474", "TaxMap": "52601", "EDesigNum": null, "APPBBL": 5061690086.0, "APPDate": "12/07/1999", "PLUTOMapID": "1", "FIRM07_FLA": null, "PFIRM15_FL": null, "Version": "25v4", "DCPEdited": null, "Latitude": 40.5565368, "Longitude": -74.2010888, "Notes": null, "Shape_Leng": 0.0, "Shape_Area": 1308.7634638 }, "geometry": { "type": "MultiPolygon", "coordinates": [ [ [ [ -74.201197148502359, 40.556631873579533 ], [ -74.201154787712639, 40.556654555579165 ], [ -74.20097999444171, 40.556442965272254 ], [ -74.201022355159466, 40.556420284256681 ], [ -74.201197148502359, 40.556631873579533 ] ] ] ] } },
{ "type": "Feature", "properties": { "Borough": "SI", "Block": 6169, "Lot": 90, "CD": 503, "BCT2020": "5022801", "BCTCB2020": "50228011007", "CT2010": "228", "CB2010": "1038", "SchoolDist": "31", "Council": 51, "ZipCode": 10312, "FireComp": "L087", "PolicePrct": 123, "HealthCent": 51, "HealthArea": 800, "Sanitboro": "5", "SanitDistr": "03", "SanitSub": "5C", "Address": "28 MAZZA COURT", "ZoneDist1": "R3-2", "ZoneDist2": null, "ZoneDist3": null, "ZoneDist4": null, "Overlay1": null, "Overlay2": null, "SPDist1": "SRD", "SPDist2": null, "SPDist3": null, "LtdHeight": null, "SplitZone": "N", "BldgClass": "A5", "LandUse": "01", "Easements": 0, "OwnerType": null, "OwnerName": "LIN, WEN JUN", "LotArea": 1365, "BldgArea": 1904, "ComArea": 0, "ResArea": 1904, "OfficeArea": 0, "RetailArea": 0, "GarageArea": 0, "StrgeArea": 0, "FactryArea": 0, "OtherArea": 0, "AreaSource": "2", "NumBldgs": 1, "NumFloors": 3.0, "UnitsRes": 1, "UnitsTotal": 1, "LotFront": 15.0, "LotDepth": 91.0, "BldgFront": 15.0, "BldgDepth": 47.0, "Ext": "N", "ProxCode": "3", "IrrLotCode": "N", "LotType": "5", "BsmtCode": "5", "AssessLand": 5340.0, "AssessTot": 44940.0, "ExemptTot": 0.0, "YearBuilt": 1996, "YearAlter1": 0, "YearAlter2": 0, "HistDist": null, "Landmark": null, "BuiltFAR": 1.39, "ResidFAR": 0.75, "CommFAR": 0.0, "FacilFAR": 1.0, "BoroCode": 5, "BBL": 5061690090.0, "CondoNo": 0, "Tract2010": "0228", "XCoord": 928360, "YCoord": 142093, "ZoneMap": "33a", "ZMCode": null, "Sanborn": "504 474", "TaxMap": "52601", "EDesigNum": null, "APPBBL": 5061690086.0, "APPDate": "12/07/1999", "PLUTOMapID": "1", "FIRM07_FLA": null, "PFIRM15_FL": null, "Version": "25v4", "DCPEdited": null, "Latitude": 40.556512, "Longitude": -74.2011319, "Notes": null, "Shape_Leng": 0.0, "Shape_Area": 1361.4536594000001 }, "geometry": { "type": "MultiPolygon", "coordinates": [ [ [ [ -74.201022355159466, 40.556420284256681 ], [ -74.201066419198924, 40.556396687070219 ], [ -74.201241213833185, 40.556608278165903 ], [ -74.201197148502359, 40.556631873579533 ], [ -74.201022355159466, 40.556420284256681 ] ] ] ] } },
{ "type": "Feature", "properties": { "Borough": "SI", "Block": 6169, "Lot": 92, "CD": 503, "BCT2020": "5022801", "BCTCB2020": "50228011007", "CT2010": "228", "CB2010": "1038", "SchoolDist": "31", "Council": 51, "ZipCode": 10312, "FireComp": "L087", "PolicePrct": 123, "HealthCent": 51, "HealthArea": 800, "Sanitboro": "5", "SanitDistr": "03", "SanitSub": "5C", "Address": "24 MAZZA COURT", "ZoneDist1": "R3-2", "ZoneDist2": null, "ZoneDist3": null, "ZoneDist4": null, "Overlay1": null, "Overlay2": null, "SPDist1": "SRD", "SPDist2": null, "SPDist3": null, "LtdHeight": null, "SplitZone": "N", "BldgClass": "A5", "LandUse": "01", "Easements": 0, "OwnerType": null, "OwnerName": "LINDA VAN PELT", "LotArea": 1365, "BldgArea": 1990, "ComArea": 0, "ResArea": 1990, "OfficeArea": 0, "RetailArea": 0, "GarageArea": 0, "StrgeArea": 0, "FactryArea": 0, "OtherArea": 0, "AreaSource": "2", "NumBldgs": 1, "NumFloors": 3.0, "UnitsRes": 1, "UnitsTotal": 1, "LotFront": 15.0, "LotDepth": 91.0, "BldgFront": 15.0, "BldgDepth": 47.0, "Ext": "N", "ProxCode": "3", "IrrLotCode": "N", "LotType": "5", "BsmtCode": "5", "AssessLand": 5340.0, "AssessTot": 46860.0, "ExemptTot": 0.0, "YearBuilt": 1996, "YearAlter1": 0, "YearAlter2": 0, "HistDist": null, "Landmark": null, "BuiltFAR": 1.46, "ResidFAR": 0.75, "CommFAR": 0.0, "FacilFAR": 1.0, "BoroCode": 5, "BBL": 5061690092.0, "CondoNo": 0, "Tract2010": "0228", "XCoord": 928335, "YCoord": 142076, "ZoneMap": "33a", "ZMCode": null, "Sanborn": "504 474", "TaxMap": "52601", "EDesigNum": null, "APPBBL": 5061690086.0, "APPDate": "12/07/1999", "PLUTOMapID": "1", "FIRM07_FLA": null, "PFIRM15_FL": null, "Version": "25v4", "DCPEdited": null, "Latitude": 40.5564652, "Longitude": -74.2012217, "Notes": null, "Shape_Leng": 0.0, "Shape_Area": 1360.135696 }, "geometry": { "type": "MultiPolygon", "coordinates": [ [ [ [ -74.201328976657877, 40.556561285122207 ], [ -74.201284952562546, 40.556584857073361 ], [ -74.201110160266552, 40.556373266959618 ], [ -74.201154183077861, 40.556349695078382 ], [ -74.201328976657877, 40.556561285122207 ] ] ] ] } },
{ "type": "Feature", "properties": { "Borough": "SI", "Block": 6169, "Lot": 94, "CD": 503, "BCT2020": "5022801", "BCTCB2020": "50228011007", "CT2010": "228", "CB2010": "1038", "SchoolDist": "31", "Council": 51, "ZipCode": 10312, "FireComp": "L087", "PolicePrct": 123, "HealthCent": 51, "HealthArea": 800, "Sanitboro": "5", "SanitDistr": "03", "SanitSub": "5C", "Address": "10 MAZZA COURT", "ZoneDist1": "R3-2", "ZoneDist2": null, "ZoneDist3": null, "ZoneDist4": null, "Overlay1": null, "Overlay2": null, "SPDist1": "SRD", "SPDist2": null, "SPDist3": null, "LtdHeight": null, "SplitZone": "N", "BldgClass": "A5", "LandUse": "01", "Easements": 0, "OwnerType": null, "OwnerName": "RICKY PATAT", "LotArea": 2567, "BldgArea": 1124, "ComArea": 0, "ResArea": 1124, "OfficeArea": 0, "RetailArea": 0, "GarageArea": 0, "StrgeArea": 0, "FactryArea": 0, "OtherArea": 0, "AreaSource": "2", "NumBldgs": 1, "NumFloors": 2.0, "UnitsRes": 1, "UnitsTotal": 1, "LotFront": 58.48, "LotDepth": 50.79, "BldgFront": 22.5, "BldgDepth": 24.0, "Ext": "N", "ProxCode": "2", "IrrLotCode": "Y", "LotType": "5", "BsmtCode": "2", "AssessLand": 10740.0, "AssessTot": 40020.0, "ExemptTot": 0.0, "YearBuilt": 1996, "YearAlter1": 0, "YearAlter2": 0, "HistDist": null, "Landmark": null, "BuiltFAR": 0.44, "ResidFAR": 0.75, "CommFAR": 0.0, "FacilFAR": 1.0, "BoroCode": 5, "BBL": 5061690094.0, "CondoNo": 0, "Tract2010": "0228", "XCoord": 928385, "YCoord": 141958, "ZoneMap": "33a", "ZMCode": null, "Sanborn": "504 474", "TaxMap": "52601", "EDesigNum": null, "APPBBL": 5061690094.0, "APPDate": "12/28/1999", "PLUTOMapID": "1", "FIRM07_FLA": null, "PFIRM15_FL": null, "Version": "25v4", "DCPEdited": null, "Latitude": 40.5561417, "Longitude": -74.2010408, "Notes": null, "Shape_Leng": 0.0, "Shape_Area": 2508.6886198000002 }, "geometry": { "type": "MultiPolygon", "coordinates": [ [ [ [ -74.201082511681705, 40.55605792382287 ], [ -74.201166326800674, 40.556159384684292 ], [ -74.201018056608589, 40.556238779246812 ], [ -74.200910430639851, 40.556108495286381 ], [ -74.201082511681705, 40.55605792382287 ] ] ] ] } },
{ "type": "Feature", "properties": { "Borough": "SI", "Block": 6169, "Lot": 95, "CD": 503, "BCT2020": "5022801", "BCTCB2020": "50228011007", "CT2010": "228", "CB2010": "1038", "SchoolDist": "31", "Council": 51, "ZipCode": 10312, "FireComp": "L087", "PolicePrct": 123, "HealthCent": 51, "HealthArea": 800, "Sanitboro": "5", "SanitDistr": "03", "SanitSub": "5C", "Address": "1927 ARTHUR KILL ROAD", "ZoneDist1": "R3-2", "ZoneDist2": null, "ZoneDist3": null, "ZoneDist4": null, "Overlay1": null, "Overlay2": null, "SPDist1": "SRD", "SPDist2": null, "SPDist3": null, "LtdHeight": null, "SplitZone": "N", "BldgClass": "B9", "LandUse": "01", "Easements": 0, "OwnerType": null, "OwnerName": "1927 ARTHUR KILL RD LLC", "LotArea": 4520, "BldgArea": 1882, "ComArea": 0, "ResArea": 1882, "OfficeArea": 0, "RetailArea": 0, "GarageArea": 0, "StrgeArea": 0, "FactryArea": 0, "OtherArea": 0, "AreaSource": "2", "NumBldgs": 1, "NumFloors": 3.0, "UnitsRes": 2, "UnitsTotal": 2, "LotFront": 23.75, "LotDepth": 193.38, "BldgFront": 13.75, "BldgDepth": 55.0, "Ext": "N", "ProxCode": "2", "IrrLotCode": "Y", "LotType": "5", "BsmtCode": "2", "AssessLand": 9600.0, "AssessTot": 50940.0, "ExemptTot": 0.0, "YearBuilt": 2008, "YearAlter1": 0, "YearAlter2": 0, "HistDist": null, "Landmark": null, "BuiltFAR": 0.42, "ResidFAR": 0.75, "CommFAR": 0.0, "FacilFAR": 1.0, "BoroCode": 5, "BBL": 5061690095.0, "CondoNo": 0, "Tract2010": "0228", "XCoord": 928312, "YCoord": 142003, "ZoneMap": "33a", "ZMCode": null, "Sanborn": "504 474", "TaxMap": "52601", "EDesigNum": null, "APPBBL": 5061690095.0, "APPDate": "10/22/2008", "PLUTOMapID": "1", "FIRM07_FLA": null, "PFIRM15_FL": null, "Version": "25v4", "DCPEdited": null, "Latitude": 40.5562647, "Longitude": -74.2013039, "Notes": null, "Shape_Leng": 0.0, "Shape_Area": 4174.2442374000002 }, "geometry": { "type": "MultiPolygon", "coordinates": [ [ [ [ -74.201169513532307, 40.556046688723633 ], [ -74.201513151670994, 40.556462664832445 ], [ -74.20144639495966, 40.556498410516049 ], [ -74.201242789398123, 40.556251943150691 ], [ -74.201166326800674, 40.556159384684292 ], [ -74.201082511681705, 40.55605792382287 ], [ -74.201169513532307, 40.556046688723633 ] ] ] ] } },
{ "type": "Feature", "properties": { "Borough": "SI", "Block": 6169, "Lot": 96, "CD": 503, "BCT2020": "5022801", "BCTCB2020": "50228011007", "CT2010": "228", "CB2010": "1038", "SchoolDist": "31", "Council": 51, "ZipCode": 10312, "FireComp": "L087", "PolicePrct": 123, "HealthCent": 51, "HealthArea": 800, "Sanitboro": "5", "SanitDistr": "03", "SanitSub": "5C", "Address": "12 MAZZA COURT", "ZoneDist1": "R3-2", "ZoneDist2": null, "ZoneDist3": null, "ZoneDist4": null, "Overlay1": null, "Overlay2": null, "SPDist1": "SRD", "SPDist2": null, "SPDist3": null, "LtdHeight": null, "SplitZone": "N", "BldgClass": "A5", "LandUse": "01", "Easements": 0, "OwnerType": null, "OwnerName": "TSE, FONG PUI", "LotArea": 1552, "BldgArea": 1124, "ComArea": 0, "ResArea": 1124, "OfficeArea": 0, "RetailArea": 0, "GarageArea": 0, "StrgeArea": 0, "FactryArea": 0, "OtherArea": 0, "AreaSource": "2", "NumBldgs": 1, "NumFloors": 2.0, "UnitsRes": 1, "UnitsTotal": 1, "LotFront": 16.5, "LotDepth": 49.2, "BldgFront": 22.5, "BldgDepth": 24.0, "Ext": "N", "ProxCode": "2", "IrrLotCode": "Y", "LotType": "5", "BsmtCode": "2", "AssessLand": 5880.0, "AssessTot": 34200.0, "ExemptTot": 0.0, "YearBuilt": 1996, "YearAlter1": 0, "YearAlter2": 0, "HistDist": null, "Landmark": null, "BuiltFAR": 0.72, "ResidFAR": 0.75, "CommFAR": 0.0, "FacilFAR": 1.0, "BoroCode": 5, "BBL": 5061690096.0, "CondoNo": 0, "Tract2010": "0228", "XCoord": 928359, "YCoord": 141990, "ZoneMap": "33a", "ZMCode": null, "Sanborn": "504 474", "TaxMap": "52601", "EDesigNum": null, "APPBBL": 5061690094.0, "APPDate": "12/28/1999", "PLUTOMapID": "1", "FIRM07_FLA": null, "PFIRM15_FL": null, "Version": "25v4", "DCPEdited": null, "Latitude": 40.5562293, "Longitude": -74.2011346, "Notes": null, "Shape_Leng": 0.0, "Shape_Area": 1499.5731147 }, "geometry": { "type": "MultiPolygon", "coordinates": [ [ [ [ -74.201018056608589, 40.556238779246812 ], [ -74.201166326800674, 40.556159384684292 ], [ -74.201242789398123, 40.556251943150691 ], [ -74.201189707806464, 40.556280366782168 ], [ -74.201160931528889, 40.556245533375076 ], [ -74.201093023321519, 40.556281895956339 ], [ -74.201082849194009, 40.556285348356468 ], [ -74.201071772708573, 40.556285971121802 ], [ -74.201063763505815, 40.55628456681761 ], [ -74.201057911431377, 40.556282391469296 ], [ -74.201054013503907, 40.556280228930639 ], [ -74.201050419601941, 40.556277508419051 ], [ -74.201046676374119, 40.556273423887042 ], [ -74.201018056608589, 40.556238779246812 ] ] ] ] } },
{ "type": "Feature", "properties": { "Borough": "SI", "Block": 6169, "Lot": 97, "CD": 503, "BCT2020": "5022801", "BCTCB2020": "50228011007", "CT2010": "228", "CB2010": "1038", "SchoolDist": "31", "Council": 51, "ZipCode": 10312, "FireComp": "L087", "PolicePrct": 123, "HealthCent": 51, "HealthArea": 800, "Sanitboro": "5", "SanitDistr": "03", "SanitSub": "5C", "Address": "20 MAZZA COURT", "ZoneDist1": "R3-2", "ZoneDist2": null, "ZoneDist3": null, "ZoneDist4": null, "Overlay1": null, "Overlay2": null, "SPDist1": "SRD", "SPDist2": null, "SPDist3": null, "LtdHeight": null, "SplitZone": "N", "BldgClass": "B9", "LandUse": "01", "Easements": 0, "OwnerType": null, "OwnerName": "CHRISTOPHER STRABINICK", "LotArea": 2545, "BldgArea": 1440, "ComArea": 0, "ResArea": 1440, "OfficeArea": 0, "RetailArea": 0, "GarageArea": 0, "StrgeArea": 0, "FactryArea": 0, "OtherArea": 0, "AreaSource": "2", "NumBldgs": 1, "NumFloors": 2.0, "UnitsRes": 2, "UnitsTotal": 2, "LotFront": 21.2, "LotDepth": 15.71, "BldgFront": 15.0, "BldgDepth": 47.0, "Ext": "N", "ProxCode": "2", "IrrLotCode": "Y", "LotType": "5", "BsmtCode": "2", "AssessLand": 6180.0, "AssessTot": 42600.0, "ExemptTot": 1420.0, "YearBuilt": 1996, "YearAlter1": 0, "YearAlter2": 0, "HistDist": null, "Landmark": null, "BuiltFAR": 0.57, "ResidFAR": 0.75, "CommFAR": 0.0, "FacilFAR": 1.0, "BoroCode": 5, "BBL": 5061690097.0, "CondoNo": 0, "Tract2010": "0228", "XCoord": 928309, "YCoord": 142051, "ZoneMap": "33a", "ZMCode": null, "Sanborn": "504 474", "TaxMap": "52601", "EDesigNum": null, "APPBBL": 5061690086.0, "APPDate": "12/07/1999", "PLUTOMapID": "1", "FIRM07_FLA": null, "PFIRM15_FL": null, "Version": "25v4", "DCPEdited": null, "Latitude": 40.5563964, "Longitude": -74.2013151, "Notes": null, "Shape_Leng": 0.0, "Shape_Area": 2492.7461692000002 }, "geometry": { "type": "MultiPolygon", "coordinates": [ [ [ [ -74.201199669818834, 40.556325338037595 ], [ -74.201218520885732, 40.556315245128296 ], [ -74.201189707806464, 40.556280366782168 ], [ -74.201242789398123, 40.556251943150691 ], [ -74.20144639495966, 40.556498410516049 ], [ -74.201374463476341, 40.556536927093944 ], [ -74.201199669818834, 40.556325338037595 ] ] ] ] } },
{ "type": "Feature", "properties": { "Borough": "SI", "Block": 6169, "Lot": 98, "CD": 503, "BCT2020": "5022801", "BCTCB2020": "50228011007", "CT2010": "228", "CB2010": "1038", "SchoolDist": "31", "Council": 51, "ZipCode": 10312, "FireComp": "L087", "PolicePrct": 123, "HealthCent": 51, "HealthArea": 800, "Sanitboro": "5", "SanitDistr": "03", "SanitSub": "5C", "Address": "22 MAZZA COURT", "ZoneDist1": "R3-2", "ZoneDist2": null, "ZoneDist3": null, "ZoneDist4": null, "Overlay1": null, "Overlay2": null, "SPDist1": "SRD", "SPDist2": null, "SPDist3": null, "LtdHeight": null, "SplitZone": "N", "BldgClass": "B9", "LandUse": "01", "Easements": 0, "OwnerType": null, "OwnerName": "BROOKS, LEONARD", "LotArea": 1365, "BldgArea": 1440, "ComArea": 0, "ResArea": 1440, "OfficeArea": 0, "RetailArea": 0, "GarageArea": 0, "StrgeArea": 0, "FactryArea": 0, "OtherArea": 0, "AreaSource": "2", "NumBldgs": 1, "NumFloors": 2.0, "UnitsRes": 2, "UnitsTotal": 2, "LotFront": 15.0, "LotDepth": 91.0, "BldgFront": 15.0, "BldgDepth": 47.0, "Ext": "N", "ProxCode": "3", "IrrLotCode": "Y", "LotType": "5", "BsmtCode": "2", "AssessLand": 5340.0, "AssessTot": 37680.0, "ExemptTot": 1420.0, "YearBuilt": 1996, "YearAlter1": 0, "YearAlter2": 0, "HistDist": null, "Landmark": null, "BuiltFAR": 1.05, "ResidFAR": 0.75, "CommFAR": 0.0, "FacilFAR": 1.0, "BoroCode": 5, "BBL": 5061690098.0, "CondoNo": 0, "Tract2010": "0228", "XCoord": 928323, "YCoord": 142068, "ZoneMap": "33a", "ZMCode": null, "Sanborn": "504 474", "TaxMap": "52601", "EDesigNum": null, "APPBBL": 5061690086.0, "APPDate": "12/07/1999", "PLUTOMapID": "1", "FIRM07_FLA": null, "PFIRM15_FL": null, "Version": "25v4", "DCPEdited": null, "Latitude": 40.5564432, "Longitude": -74.2012648, "Notes": null, "Shape_Leng": 0.0, "Shape_Area": 1405.3845888000001 }, "geometry": { "type": "MultiPolygon", "coordinates": [ [ [ [ -74.201154183077861, 40.556349695078382 ], [ -74.201199669818834, 40.556325338037595 ], [ -74.201374463476341, 40.556536927093944 ], [ -74.201328976657877, 40.556561285122207 ], [ -74.201154183077861, 40.556349695078382 ] ] ] ] } },
{ "type": "Feature", "properties": { "Borough": "SI", "Block": 6169, "Lot": 99, "CD": 503, "BCT2020": "5022801", "BCTCB2020": "50228011007", "CT2010": "228", "CB2010": "1038", "SchoolDist": "31", "Council": 51, "ZipCode": 10312, "FireComp": "L087", "PolicePrct": 123, "HealthCent": 51, "HealthArea": 800, "Sanitboro": "5", "SanitDistr": "03", "SanitSub": "5C", "Address": "1929 ARTHUR KILL ROAD", "ZoneDist1": "R3-2", "ZoneDist2": null, "ZoneDist3": null, "ZoneDist4": null, "Overlay1": null, "Overlay2": null, "SPDist1": "SRD", "SPDist2": null, "SPDist3": null, "LtdHeight": null, "SplitZone": "N", "BldgClass": "B9", "LandUse": "01", "Easements": 0, "OwnerType": null, "OwnerName": "1927 ARTHUR KILL RD LLC", "LotArea": 2551, "BldgArea": 1882, "ComArea": 0, "ResArea": 1882, "OfficeArea": 0, "RetailArea": 0, "GarageArea": 0, "StrgeArea": 0, "FactryArea": 0, "OtherArea": 0, "AreaSource": "2", "NumBldgs": 1, "NumFloors": 3.0, "UnitsRes": 2, "UnitsTotal": 2, "LotFront": 13.75, "LotDepth": 187.0, "BldgFront": 13.75, "BldgDepth": 55.0, "Ext": "N", "ProxCode": "2", "IrrLotCode": "Y", "LotType": "5", "BsmtCode": "2", "AssessLand": 6360.0, "AssessTot": 44220.0, "ExemptTot": 0.0, "YearBuilt": 2008, "YearAlter1": 0, "YearAlter2": 0, "HistDist": null, "Landmark": null, "BuiltFAR": 0.74, "ResidFAR": 0.75, "CommFAR": 0.0, "FacilFAR": 1.0, "BoroCode": 5, "BBL": 5061690099.0, "CondoNo": 0, "Tract2010": "0228", "XCoord": 928295, "YCoord": 141996, "ZoneMap": "33a", "ZMCode": null, "Sanborn": "504 474", "TaxMap": "52601", "EDesigNum": null, "APPBBL": 5061690095.0, "APPDate": "10/22/2008", "PLUTOMapID": "1", "FIRM07_FLA": null, "PFIRM15_FL": null, "Version": "25v4", "DCPEdited": null, "Latitude": 40.5562454, "Longitude": -74.201365, "Notes": null, "Shape_Leng": 0.0, "Shape_Area": 2306.4963861000001 }, "geometry": { "type": "MultiPolygon", "coordinates": [ [ [ [ -74.201219861499567, 40.556040186055029 ], [ -74.201551782547199, 40.556441978566092 ], [ -74.201513151670994, 40.556462664832445 ], [ -74.201169513532307, 40.556046688723633 ], [ -74.201219861499567, 40.556040186055029 ] ] ] ] } },
{ "type": "Feature", "properties": { "Borough": "SI", "Block": 6169, "Lot": 100, "CD": 503, "BCT2020": "5022801", "BCTCB2020": "50228011007", "CT2010": "228", "CB2010": "1038", "SchoolDist": "31", "Council": 51, "ZipCode": 10312, "FireComp": "L087", "PolicePrct": 123, "HealthCent": 51, "HealthArea": 800, "Sanitboro": "5", "SanitDistr": "03", "SanitSub": "5C", "Address": "1931 ARTHUR KILL ROAD", "ZoneDist1": "R3-2", "ZoneDist2": null, "ZoneDist3": null, "ZoneDist4": null, "Overlay1": null, "Overlay2": null, "SPDist1": "SRD", "SPDist2": null, "SPDist3": null, "LtdHeight": null, "SplitZone": "N", "BldgClass": "B9", "LandUse": "01", "Easements": 0, "OwnerType": null, "OwnerName": "1927 ARTHUR KILL RD LLC", "LotArea": 2503, "BldgArea": 1882, "ComArea": 0, "ResArea": 1882, "OfficeArea": 0, "RetailArea": 0, "GarageArea": 0, "StrgeArea": 0, "FactryArea": 0, "OtherArea": 0, "AreaSource": "2", "NumBldgs": 1, "NumFloors": 3.0, "UnitsRes": 2, "UnitsTotal": 2, "LotFront": 13.75, "LotDepth": 180.0, "BldgFront": 13.75, "BldgDepth": 55.0, "Ext": "N", "ProxCode": "2", "IrrLotCode": "Y", "LotType": "5", "BsmtCode": "2", "AssessLand": 6360.0, "AssessTot": 44220.0, "ExemptTot": 0.0, "YearBuilt": 2008, "YearAlter1": 0, "YearAlter2": 0, "HistDist": null, "Landmark": null, "BuiltFAR": 0.75, "ResidFAR": 0.75, "CommFAR": 0.0, "FacilFAR": 1.0, "BoroCode": 5, "BBL": 5061690100.0, "CondoNo": 0, "Tract2010": "0228", "XCoord": 928283, "YCoord": 141992, "ZoneMap": "33a", "ZMCode": null, "Sanborn": "504 474", "TaxMap": "52601", "EDesigNum": null, "APPBBL": 5061690095.0, "APPDate": "10/22/2008", "PLUTOMapID": "1", "FIRM07_FLA": null, "PFIRM15_FL": null, "Version": "25v4", "DCPEdited": null, "Latitude": 40.5562343, "Longitude": -74.2014082, "Notes": null, "Shape_Leng": 0.0, "Shape_Area": 2226.5349007 }, "geometry": { "type": "MultiPolygon", "coordinates": [ [ [ [ -74.201270210555236, 40.556033683361143 ], [ -74.201590414605604, 40.556421292202174 ], [ -74.201551782547199, 40.556441978566092 ], [ -74.201219861499567, 40.556040186055029 ], [ -74.201270210555236, 40.556033683361143 ] ] ] ] } },
{ "type": "Feature", "properties": { "Borough": "SI", "Block": 6169, "Lot": 104, "CD": 503, "BCT2020": "5022801", "BCTCB2020": "50228011007", "CT2010": "228", "CB2010": "1038", "SchoolDist": "31", "Council": 51, "ZipCode": 10312, "FireComp": "L087", "PolicePrct": 123, "HealthCent": 51, "HealthArea": 800, "Sanitboro": "5", "SanitDistr": "03", "SanitSub": "5C", "Address": "1933 ARTHUR KILL ROAD", "ZoneDist1": "R3-2", "ZoneDist2": null, "ZoneDist3": null, "ZoneDist4": null, "Overlay1": null, "Overlay2": null, "SPDist1": "SRD", "SPDist2": null, "SPDist3": null, "LtdHeight": null, "SplitZone": "N", "BldgClass": "B2", "LandUse": "01", "Easements": 0, "OwnerType": null, "OwnerName": "1927 ARTHUR KILL RD LLC", "LotArea": 4209, "BldgArea": 1882, "ComArea": 0, "ResArea": 1882, "OfficeArea": 0, "RetailArea": 0, "GarageArea": 0, "StrgeArea": 0, "FactryArea": 0, "OtherArea": 0, "AreaSource": "2", "NumBldgs": 1, "NumFloors": 3.0, "UnitsRes": 2, "UnitsTotal": 2, "LotFront": 23.75, "LotDepth": 180.0, "BldgFront": 13.75, "BldgDepth": 55.0, "Ext": "N", "ProxCode": "2", "IrrLotCode": "Y", "LotType": "5", "BsmtCode": "2", "AssessLand": 9600.0, "AssessTot": 48840.0, "ExemptTot": 0.0, "YearBuilt": 2008, "YearAlter1": 0, "YearAlter2": 0, "HistDist": null, "Landmark": null, "BuiltFAR": 0.45, "ResidFAR": 0.75, "CommFAR": 0.0, "FacilFAR": 1.0, "BoroCode": 5, "BBL": 5061690104.0, "CondoNo": 0, "Tract2010": "0228", "XCoord": 928264, "YCoord": 141987, "ZoneMap": "33a", "ZMCode": null, "Sanborn": "504 474", "TaxMap": "52601", "EDesigNum": null, "APPBBL": 5061690102.0, "APPDate": "08/11/2010", "PLUTOMapID": "1", "FIRM07_FLA": null, "PFIRM15_FL": null, "Version": "25v4", "DCPEdited": null, "Latitude": 40.5562205, "Longitude": -74.2014765, "Notes": null, "Shape_Leng": 0.0, "Shape_Area": 3754.3780628999998 }, "geometry": { "type": "MultiPolygon", "coordinates": [ [ [ [ -74.201270210555236, 40.556033683361143 ], [ -74.201348626304679, 40.556023556305021 ], [ -74.201667295686391, 40.556380124659611 ], [ -74.201590414605604, 40.556421292202174 ], [ -74.201270210555236, 40.556033683361143 ] ] ] ] } },
{ "type": "Feature", "properties": { "Borough": "SI", "Block": 6169, "Lot": 200, "CD": 503, "BCT2020": "5022602", "BCTCB2020": "50226023000", "CT2010": "226", "CB2010": "1000", "SchoolDist": "31", "Council": 51, "ZipCode": 10309, "FireComp": "L087", "PolicePrct": 123, "HealthCent": 51, "HealthArea": 800, "Sanitboro": "5", "SanitDistr": "03", "SanitSub": "6C", "Address": "1540 ARTHUR KILL ROAD", "ZoneDist1": "M3-1", "ZoneDist2": "M2-1", "ZoneDist3": null, "ZoneDist4": null, "Overlay1": null, "Overlay2": null, "SPDist1": "SRD", "SPDist2": null, "SPDist3": null, "LtdHeight": null, "SplitZone": "Y", "BldgClass": "Y6", "LandUse": "07", "Easements": 7, "OwnerType": "C", "OwnerName": "NYC DEPARTMENT OF SANITATION", "LotArea": 4000000, "BldgArea": 180000, "ComArea": 180000, "ResArea": 0, "OfficeArea": 0, "RetailArea": 0, "GarageArea": 0, "StrgeArea": 0, "FactryArea": 0, "OtherArea": 180000, "AreaSource": "2", "NumBldgs": 13, "NumFloors": 2.0, "UnitsRes": 0, "UnitsTotal": 1, "LotFront": 1357.83, "LotDepth": 23.25, "BldgFront": 600.0, "BldgDepth": 150.0, "Ext": "N", "ProxCode": "1", "IrrLotCode": "Y", "LotType": "5", "BsmtCode": "0", "AssessLand": 2952000.0, "AssessTot": 21530250.0, "ExemptTot": 21530250.0, "YearBuilt": 1997, "YearAlter1": 0, "YearAlter2": 0, "HistDist": null, "Landmark": null, "BuiltFAR": 0.05, "ResidFAR": 0.0, "CommFAR": 2.0, "FacilFAR": 0.0, "BoroCode": 5, "BBL": 5061690200.0, "CondoNo": 0, "Tract2010": "0226", "XCoord": 926839, "YCoord": 143827, "ZoneMap": "26b", "ZMCode": "Y", "Sanborn": "504 458", "TaxMap": "52601", "EDesigNum": null, "APPBBL": 0.0, "APPDate": null, "PLUTOMapID": "1", "FIRM07_FLA": "1", "PFIRM15_FL": "1", "Version": "25v4", "DCPEdited": "t", "Latitude": 40.5612618, "Longitude": -74.2066202, "Notes": null, "Shape_Leng": 0.0, "Shape_Area": 7500987.9538000003 }, "geometry": { "type": "MultiPolygon", "coordinates": [ [ [ [ -74.205337345294154, 40.564578801802597 ], [ -74.205250408174777, 40.564544080573761 ], [ -74.205129744695569, 40.564496335742824 ], [ -74.205089092241039, 40.56448930222917 ], [ -74.205030151649524, 40.564487388508638 ], [ -74.204894904555943, 40.564467927124355 ], [ -74.20480802718663, 40.564477691577601 ], [ -74.204706651374437, 40.564480412680837 ], [ -74.20461135719809, 40.564500270769166 ], [ -74.204503800508789, 40.564505544861923 ], [ -74.204423061303345, 40.564520833689173 ], [ -74.20432873464712, 40.564521536363479 ], [ -74.204134125961559, 40.564545610464592 ], [ -74.204081163375093, 40.564549742526395 ], [ -74.204032143061966, 40.564543266555816 ], [ -74.203947881185542, 40.564505044601795 ], [ -74.203928722183633, 40.564519719418549 ], [ -74.203949298380365, 40.56453533324116 ], [ -74.203962593134833, 40.564551969375053 ], [ -74.203974600401423, 40.564581228737808 ], [ -74.203971978030765, 40.564589815462853 ], [ -74.203960072659399, 40.564594380631213 ], [ -74.20366997112977, 40.564629536017982 ], [ -74.203511441643812, 40.5646383495232 ], [ -74.203443168582993, 40.564649933266303 ], [ -74.203394456746054, 40.564648619188269 ], [ -74.20335124755313, 40.564643790488127 ], [ -74.203276708500752, 40.564611692556397 ], [ -74.20321781329055, 40.564585872272502 ], [ -74.203223405570441, 40.56461111230044 ], [ -74.203219843736818, 40.564630794277498 ], [ -74.203209964135652, 40.564657738517475 ], [ -74.203179666226717, 40.564684067729551 ], [ -74.203144360030123, 40.564702119970754 ], [ -74.203102027389463, 40.564713388408826 ], [ -74.202840636928741, 40.564745891130087 ], [ -74.202723928347169, 40.564750020742096 ], [ -74.202538717980815, 40.564772970539352 ], [ -74.202440952265349, 40.564781451115614 ], [ -74.202401808444108, 40.5647867116651 ], [ -74.202373911252351, 40.564801479004188 ], [ -74.202342505369614, 40.564831356302832 ], [ -74.202320628195935, 40.564839953478455 ], [ -74.202257045760533, 40.564842801198871 ], [ -74.202220441741915, 40.564833182244989 ], [ -74.202184333661236, 40.564820464646189 ], [ -74.20214827602112, 40.564824402164923 ], [ -74.202110732594875, 40.5648407353358 ], [ -74.202102200243687, 40.564854541056619 ], [ -74.201694176797787, 40.564507748691113 ], [ -74.198664210242029, 40.561948546191246 ], [ -74.198529943072757, 40.561835132517004 ], [ -74.199665713090994, 40.560824376891439 ], [ -74.20026531481858, 40.560290757505669 ], [ -74.200534005842925, 40.560082390771463 ], [ -74.200872974905039, 40.559866472897788 ], [ -74.201231680471466, 40.559682457661324 ], [ -74.201519899869453, 40.559561855128052 ], [ -74.201924658787632, 40.55942753450708 ], [ -74.202328152089152, 40.55932971409171 ], [ -74.202382208911388, 40.559322900945325 ], [ -74.203288563422689, 40.559208676505285 ], [ -74.203502834126297, 40.559181671137694 ], [ -74.203919244393433, 40.559129189087223 ], [ -74.20449311358594, 40.559037832231972 ], [ -74.20477854210877, 40.558962186215119 ], [ -74.205008329485651, 40.558883863402706 ], [ -74.205275630923921, 40.5587707216309 ], [ -74.205589663707471, 40.558602042832419 ], [ -74.205770607485817, 40.558483397371781 ], [ -74.206099327085113, 40.558278348138117 ], [ -74.206207971737228, 40.558354688282854 ], [ -74.206208166460243, 40.558354659070901 ], [ -74.206306316307405, 40.558339946495529 ], [ -74.206791327911347, 40.558267240860197 ], [ -74.206774807143333, 40.558228180417728 ], [ -74.206660996242206, 40.557959089077059 ], [ -74.206638859331392, 40.557906750559582 ], [ -74.206777119089779, 40.557810563786262 ], [ -74.207083332729709, 40.557787470041241 ], [ -74.207388973917489, 40.557760311530906 ], [ -74.208773360083498, 40.557503502836539 ], [ -74.208900771017227, 40.557479866393855 ], [ -74.208909328144813, 40.557453209583556 ], [ -74.209514497183832, 40.557366585724971 ], [ -74.210384888125773, 40.557161444330838 ], [ -74.210743281998703, 40.55706194421532 ], [ -74.211328147380343, 40.556869325999756 ], [ -74.211418143990571, 40.556831563207496 ], [ -74.211645742459808, 40.5567449111239 ], [ -74.211917297476376, 40.556624850614725 ], [ -74.212157700184875, 40.556501668178264 ], [ -74.212332927784388, 40.556400625496487 ], [ -74.212590116090723, 40.556643620628343 ], [ -74.212858663160475, 40.556264129777155 ], [ -74.2127529918899, 40.556159909176465 ], [ -74.212854686109594, 40.556102862177873 ], [ -74.213547326830749, 40.555714313389466 ], [ -74.213569114991984, 40.555802045755328 ], [ -74.213640181577375, 40.556088205551021 ], [ -74.213648149689064, 40.556120295549562 ], [ -74.21366210155827, 40.556176471668707 ], [ -74.21370907666261, 40.556365626963327 ], [ -74.213722844523147, 40.55642106501265 ], [ -74.213659032127111, 40.556445050503413 ], [ -74.213431182650396, 40.556530694827401 ], [ -74.213506993662904, 40.556636724634238 ], [ -74.213507785864834, 40.55663783260637 ], [ -74.214276949559988, 40.557713585141499 ], [ -74.213789447082362, 40.558058007873171 ], [ -74.213074410354849, 40.557057950249401 ], [ -74.212721803335413, 40.557272722771117 ], [ -74.212667633994215, 40.55765714846865 ], [ -74.212409460548287, 40.557980330219948 ], [ -74.212338946840006, 40.558020652968125 ], [ -74.212104247340918, 40.558154864877011 ], [ -74.211794098114467, 40.558604253954044 ], [ -74.211789101813125, 40.558611491754995 ], [ -74.211799554178072, 40.558720994847064 ], [ -74.211790060880034, 40.558745902129083 ], [ -74.211750832441865, 40.55884883830997 ], [ -74.2117061365187, 40.558966118327433 ], [ -74.211622058977454, 40.559074564709576 ], [ -74.211331624310915, 40.559908389102631 ], [ -74.211272275145433, 40.560078773996814 ], [ -74.211217400199914, 40.560236315414102 ], [ -74.211074735089937, 40.560200663640551 ], [ -74.210771243517186, 40.560286974771437 ], [ -74.210834067395069, 40.560395205776672 ], [ -74.211603606371028, 40.560587505186902 ], [ -74.211596261179324, 40.560602472091915 ], [ -74.21156730900644, 40.560655483717191 ], [ -74.211549564362073, 40.560711036765838 ], [ -74.211535175803846, 40.560764877089419 ], [ -74.211526389118433, 40.560819560782946 ], [ -74.211525445689119, 40.560875937495901 ], [ -74.211526745540667, 40.560932310077462 ], [ -74.211534765543504, 40.560989523888509 ], [ -74.211542781260917, 40.561045030411535 ], [ -74.211555275557899, 40.561100529521497 ], [ -74.211570012173198, 40.56115602274194 ], [ -74.211579143480165, 40.561210672513603 ], [ -74.211573683195795, 40.561254244837521 ], [ -74.211542482734203, 40.561304699524321 ], [ -74.211509037034446, 40.561353448197501 ], [ -74.211480038573796, 40.561391938958799 ], [ -74.211444353990856, 40.561440693574816 ], [ -74.211419847360489, 40.561482591646921 ], [ -74.211395376073796, 40.561536450506587 ], [ -74.211374272898638, 40.561592009703823 ], [ -74.211355408492267, 40.561647563858592 ], [ -74.211337655210784, 40.561700556652546 ], [ -74.211315427303163, 40.561754410444728 ], [ -74.211286471707652, 40.561806566552278 ], [ -74.211250786759379, 40.561855320184605 ], [ -74.211226314915464, 40.56190832448101 ], [ -74.211215289401522, 40.561963865950503 ], [ -74.21120762314267, 40.562019402163273 ], [ -74.211205560775923, 40.562074926314899 ], [ -74.211205733327589, 40.562129592666167 ], [ -74.211209272148352, 40.562186814733202 ], [ -74.211215053209372, 40.562244034600859 ], [ -74.211225311426062, 40.562300388865289 ], [ -74.211238931652687, 40.562357593311795 ], [ -74.211253664379115, 40.562412232884654 ], [ -74.211269519305517, 40.562467726758634 ], [ -74.21129208975357, 40.562521497300878 ], [ -74.211309059797799, 40.562575278978834 ], [ -74.211327150832858, 40.562629911443452 ], [ -74.211343006962693, 40.562685403464151 ], [ -74.211363341901276, 40.562740886403574 ], [ -74.211389269132084, 40.562793797896205 ], [ -74.211414075941676, 40.562846712366458 ], [ -74.211438883878699, 40.562899624149928 ], [ -74.211465933409215, 40.562953387333422 ], [ -74.21148849998302, 40.563005448538981 ], [ -74.211512183672582, 40.563057511364711 ], [ -74.211526917170502, 40.563113004589532 ], [ -74.211539416948753, 40.563169355613809 ], [ -74.211544077795679, 40.563226577441611 ], [ -74.211544253329009, 40.563282098391639 ], [ -74.211543309372871, 40.56333762040051 ], [ -74.21154124494231, 40.563393145476425 ], [ -74.211535821165782, 40.563448676653366 ], [ -74.211525912333087, 40.563503361564536 ], [ -74.21150700552586, 40.563545251174013 ], [ -74.211473547774332, 40.563590584167763 ], [ -74.211422151318871, 40.563629970661964 ], [ -74.211374072184412, 40.563655682795549 ], [ -74.211332781588467, 40.563702738459156 ], [ -74.21129706897473, 40.563743805260948 ], [ -74.211270352588514, 40.563795957233971 ], [ -74.211248122614037, 40.563849811088708 ], [ -74.211225892714495, 40.563903665775001 ], [ -74.211205901439499, 40.563957514501709 ], [ -74.211179184904296, 40.564009668291277 ], [ -74.211149110046051, 40.564061827244842 ], [ -74.211129122672219, 40.56411652972163 ], [ -74.211112498441977, 40.564172081544484 ], [ -74.211094745897199, 40.564225928894722 ], [ -74.211077002216669, 40.564281482685139 ], [ -74.211059253503919, 40.564336180114687 ], [ -74.211038137293997, 40.564388323496615 ], [ -74.211021517101713, 40.564445583595614 ], [ -74.211014883311009, 40.564472929570321 ], [ -74.211008252205062, 40.564501129146343 ], [ -74.210994988769258, 40.564557527545354 ], [ -74.210978361738583, 40.564612226497026 ], [ -74.210960611268234, 40.564666072063552 ], [ -74.210953688737902, 40.564684420609389 ], [ -74.210868417040558, 40.564609048837902 ], [ -74.210800934330877, 40.564515396121884 ], [ -74.210751823589035, 40.564403962893429 ], [ -74.21074822655919, 40.56436227140204 ], [ -74.210714222727688, 40.564247592875503 ], [ -74.210710434507035, 40.5642149196009 ], [ -74.210702355062679, 40.564172067399163 ], [ -74.210667808135213, 40.564080271389692 ], [ -74.210633444260239, 40.564036069808836 ], [ -74.210579279860156, 40.56392822182891 ], [ -74.210532055625166, 40.563875657155435 ], [ -74.210470716918877, 40.56382715628019 ], [ -74.210411842833224, 40.56377830148616 ], [ -74.210330945338498, 40.563730873773842 ], [ -74.210253099366611, 40.563693698329146 ], [ -74.210158842313419, 40.563649604375279 ], [ -74.210061117438102, 40.563622117112807 ], [ -74.209909509010856, 40.563649220134032 ], [ -74.209752357263596, 40.563689724806601 ], [ -74.209592931324494, 40.563728055098785 ], [ -74.209471881086969, 40.563772273954889 ], [ -74.209377127687631, 40.563806033741329 ], [ -74.209318605851735, 40.563835186917913 ], [ -74.208732821682261, 40.56408926096988 ], [ -74.208353775566792, 40.564269033785912 ], [ -74.2083089285494, 40.564298360671614 ], [ -74.208210255459306, 40.564327107954014 ], [ -74.208034997046525, 40.564397704591798 ], [ -74.207972566808564, 40.564412022562621 ], [ -74.20790362400372, 40.564446407959608 ], [ -74.20778992352696, 40.564478590556462 ], [ -74.207682963669967, 40.56449764738781 ], [ -74.207514568686591, 40.564508576146842 ], [ -74.207524537103552, 40.564597244939009 ], [ -74.207579846302835, 40.564579577530154 ], [ -74.207615978187675, 40.564576094714624 ], [ -74.20766733724416, 40.564581918303361 ], [ -74.20775366693077, 40.564593602414782 ], [ -74.207770831219406, 40.564593571370864 ], [ -74.20788810486988, 40.564582207943701 ], [ -74.207907853864057, 40.564584015531949 ], [ -74.207916831285715, 40.56459150880422 ], [ -74.207921940574977, 40.564602877784594 ], [ -74.207917728385979, 40.564633575386992 ], [ -74.207899544946613, 40.564671983487337 ], [ -74.207818917422571, 40.564755365252815 ], [ -74.207761836451368, 40.564810945588746 ], [ -74.207713246782262, 40.564881386437861 ], [ -74.20751611062478, 40.565153114416482 ], [ -74.20737544259876, 40.565299749367668 ], [ -74.207237376106107, 40.565520225570395 ], [ -74.207176678425853, 40.565621634677093 ], [ -74.207119913001151, 40.565679622165803 ], [ -74.207056308454298, 40.565719016986179 ], [ -74.206972350496031, 40.565752245559892 ], [ -74.206805154127082, 40.565792126763554 ], [ -74.206727494177244, 40.565803014376563 ], [ -74.20665400778546, 40.565801109590325 ], [ -74.206603159792223, 40.565795081914487 ], [ -74.20650685395384, 40.565758078607914 ], [ -74.206398285526376, 40.565721555555335 ], [ -74.206300544022668, 40.565673817532698 ], [ -74.20624229887116, 40.565631653128207 ], [ -74.206189895973054, 40.565579697512042 ], [ -74.206152342465245, 40.565532402481935 ], [ -74.20611269538162, 40.565479397402726 ], [ -74.206079819370927, 40.565452849295518 ], [ -74.206048217934622, 40.565386191231049 ], [ -74.206029475542493, 40.565373493216327 ], [ -74.206014590414739, 40.565311898515191 ], [ -74.205883056476949, 40.565105223392166 ], [ -74.205853228920645, 40.565021253890187 ], [ -74.205734334313291, 40.564880600731172 ], [ -74.205607600992835, 40.564752740044199 ], [ -74.205470742651116, 40.564657936789743 ], [ -74.205409629360986, 40.564613001600826 ], [ -74.205337345294154, 40.564578801802597 ] ] ] ] } },
{ "type": "Feature", "properties": { "Borough": "SI", "Block": 7152, "Lot": 1, "CD": 503, "BCT2020": "5022602", "BCTCB2020": "50226023000", "CT2010": "226", "CB2010": "1000", "SchoolDist": "31", "Council": 51, "ZipCode": 10309, "FireComp": "L084", "PolicePrct": 123, "HealthCent": 51, "HealthArea": 800, "Sanitboro": "5", "SanitDistr": "03", "SanitSub": "6C", "Address": "2341 ARTHUR KILL ROAD", "ZoneDist1": "M3-1", "ZoneDist2": null, "ZoneDist3": null, "ZoneDist4": null, "Overlay1": null, "Overlay2": null, "SPDist1": "SRD", "SPDist2": null, "SPDist3": null, "LtdHeight": null, "SplitZone": "N", "BldgClass": "A1", "LandUse": "01", "Easements": 0, "OwnerType": null, "OwnerName": "MINDYUK, VITALIY", "LotArea": 9100, "BldgArea": 1356, "ComArea": 0, "ResArea": 1356, "OfficeArea": 0, "RetailArea": 0, "GarageArea": 0, "StrgeArea": 0, "FactryArea": 0, "OtherArea": 0, "AreaSource": "2", "NumBldgs": 1, "NumFloors": 2.5, "UnitsRes": 1, "UnitsTotal": 1, "LotFront": 35.0, "LotDepth": 260.0, "BldgFront": 18.0, "BldgDepth": 24.0, "Ext": "N", "ProxCode": "1", "IrrLotCode": "Y", "LotType": "2", "BsmtCode": "2", "AssessLand": 15840.0, "AssessTot": 44340.0, "ExemptTot": 0.0, "YearBuilt": 1899, "YearAlter1": 0, "YearAlter2": 0, "HistDist": null, "Landmark": null, "BuiltFAR": 0.15, "ResidFAR": 0.0, "CommFAR": 2.0, "FacilFAR": 0.0, "BoroCode": 5, "BBL": 5071520001.0, "CondoNo": 0, "Tract2010": "0226", "XCoord": 924991, "YCoord": 142757, "ZoneMap": "33a", "ZMCode": null, "Sanborn": "505 540", "TaxMap": "52901", "EDesigNum": null, "APPBBL": 0.0, "APPDate": null, "PLUTOMapID": "1", "FIRM07_FLA": "1", "PFIRM15_FL": "1", "Version": "25v4", "DCPEdited": null, "Latitude": 40.5583127, "Longitude": -74.2132617, "Notes": null, "Shape_Leng": 0.0, "Shape_Area": 309280.86439300003 }, "geometry": { "type": "MultiPolygon", "coordinates": [ [ [ [ -74.212667633994215, 40.55765714846865 ], [ -74.212721803335413, 40.557272722771117 ], [ -74.213074410354849, 40.557057950249401 ], [ -74.213789447082362, 40.558058007873171 ], [ -74.214276949559988, 40.557713585141499 ], [ -74.213507785864834, 40.55663783260637 ], [ -74.213506993662904, 40.556636724634238 ], [ -74.213431182650396, 40.556530694827401 ], [ -74.213659032127111, 40.556445050503413 ], [ -74.213722844523147, 40.55642106501265 ], [ -74.21370907666261, 40.556365626963327 ], [ -74.21366210155827, 40.556176471668707 ], [ -74.213648149689064, 40.556120295549562 ], [ -74.213640181577375, 40.556088205551021 ], [ -74.213569114991984, 40.555802045755328 ], [ -74.213547326830749, 40.555714313389466 ], [ -74.213670396828377, 40.555693871257148 ], [ -74.213685984830803, 40.55575663884445 ], [ -74.213777962614103, 40.556127006914942 ], [ -74.213795479841664, 40.556139076560115 ], [ -74.213811492159323, 40.556148678792425 ], [ -74.213816329169603, 40.556153815437305 ], [ -74.213819249459419, 40.55616244696099 ], [ -74.213822937523219, 40.556184863347305 ], [ -74.213824890298838, 40.556195946975322 ], [ -74.213829253975561, 40.556204025647652 ], [ -74.213839680110112, 40.556223487421185 ], [ -74.213848406166903, 40.556238173232231 ], [ -74.213854462835229, 40.556248086646505 ], [ -74.213858353613404, 40.556258556179976 ], [ -74.21385791588213, 40.556272708807342 ], [ -74.213858731289406, 40.556288456633375 ], [ -74.213863164206657, 40.556317854337365 ], [ -74.213865612748918, 40.556329612446056 ], [ -74.213861849457956, 40.556358657967962 ], [ -74.213862370279131, 40.55637198030368 ], [ -74.213865303401676, 40.556384656121892 ], [ -74.213869919052627, 40.556395859111078 ], [ -74.213878386688449, 40.556405767196665 ], [ -74.213890231679173, 40.556415854471737 ], [ -74.213900371134116, 40.556421348682157 ], [ -74.213910265154126, 40.556425005288688 ], [ -74.213926905445945, 40.556427547998354 ], [ -74.213963967434935, 40.556432112175294 ], [ -74.214002306150562, 40.556436451588084 ], [ -74.214027628532875, 40.556440630603078 ], [ -74.214043070520717, 40.556445380865881 ], [ -74.214065027968914, 40.556452507291795 ], [ -74.214079263896565, 40.556457076159319 ], [ -74.214098555411567, 40.556459796704253 ], [ -74.214118805170187, 40.556460493843446 ], [ -74.214145090702772, 40.556458659983178 ], [ -74.214164027908794, 40.556459490912239 ], [ -74.214192635563563, 40.556464203218347 ], [ -74.21421177736724, 40.556469941722554 ], [ -74.214234151627551, 40.556479284388388 ], [ -74.214248554613022, 40.556483299999215 ], [ -74.214270912701892, 40.556487589821316 ], [ -74.2142958652705, 40.55649016566062 ], [ -74.214301985595881, 40.556490437855494 ], [ -74.214323892671544, 40.556491412804391 ], [ -74.214362888877247, 40.556488307936448 ], [ -74.214396571060959, 40.556481603617264 ], [ -74.214407234018893, 40.556477243227981 ], [ -74.21442596784037, 40.556464714293121 ], [ -74.214438410318081, 40.556456394438719 ], [ -74.214468663798854, 40.556430896159696 ], [ -74.214475265506408, 40.556422943023307 ], [ -74.21447789281028, 40.556415286280561 ], [ -74.214479366564532, 40.556400664293839 ], [ -74.214478729017529, 40.556379298634759 ], [ -74.214477333700898, 40.55636206153612 ], [ -74.214463789290903, 40.556330469173304 ], [ -74.214448658703361, 40.556285089126334 ], [ -74.214422708759329, 40.556228035882732 ], [ -74.21439026109195, 40.55615423226628 ], [ -74.214377169722582, 40.556093381838977 ], [ -74.214368953753279, 40.556012036924365 ], [ -74.214364874663445, 40.555985535635678 ], [ -74.214363711268007, 40.555976586610051 ], [ -74.214364647283404, 40.555973552773153 ], [ -74.214372569774198, 40.555964008514842 ], [ -74.214375473825996, 40.555960943145905 ], [ -74.214379254233677, 40.555959059376661 ], [ -74.214402146067329, 40.555953096531354 ], [ -74.214420118724107, 40.555947721976864 ], [ -74.214438277378818, 40.555942201081159 ], [ -74.214449254414106, 40.55594044710304 ], [ -74.214454557471669, 40.555941015306928 ], [ -74.214458163970122, 40.555943462554957 ], [ -74.21446178251081, 40.555950386299088 ], [ -74.214466409700009, 40.555976221947645 ], [ -74.214469134023346, 40.555988540569309 ], [ -74.214472760425281, 40.555997196945263 ], [ -74.214479981951797, 40.556005845685831 ], [ -74.21449137961973, 40.556017086350174 ], [ -74.214494801772688, 40.556021700628456 ], [ -74.214499028058867, 40.556035898593855 ], [ -74.214500406726359, 40.556052355907006 ], [ -74.21450099551447, 40.556058851185682 ], [ -74.214503287403659, 40.556065199300143 ], [ -74.214516788385211, 40.556083221547397 ], [ -74.214529589145101, 40.556097555678932 ], [ -74.214546291651615, 40.556109941888216 ], [ -74.214565076916941, 40.556122323367646 ], [ -74.214580520209267, 40.556131562708565 ], [ -74.214595312581878, 40.556138465571031 ], [ -74.214609721072321, 40.556144213773109 ], [ -74.214621089612137, 40.556146358294711 ], [ -74.214639647120521, 40.556146612667376 ], [ -74.214672297374847, 40.556145482689537 ], [ -74.214708007371641, 40.556140106476249 ], [ -74.214737517004721, 40.556133811519054 ], [ -74.21475002189986, 40.556128771243749 ], [ -74.21477511421898, 40.556114639187612 ], [ -74.214791416902699, 40.556102471307781 ], [ -74.214806884385069, 40.556091285760061 ], [ -74.214853790254082, 40.556249072633207 ], [ -74.214872626452546, 40.556246747306126 ], [ -74.214824307298528, 40.556084206463431 ], [ -74.214847765246702, 40.556057474474876 ], [ -74.214876921880702, 40.556026183267903 ], [ -74.214888613374029, 40.556014575167737 ], [ -74.214896306631758, 40.556003179018646 ], [ -74.214914635743654, 40.555976456613983 ], [ -74.214932972043783, 40.555958942985477 ], [ -74.214940819984463, 40.555950119326432 ], [ -74.215135350816993, 40.556400061420533 ], [ -74.215126392269767, 40.556420731746911 ], [ -74.215136625544631, 40.556468546080474 ], [ -74.215156967128721, 40.556525738428057 ], [ -74.215160505844565, 40.556581252192622 ], [ -74.215155040479146, 40.556623117257985 ], [ -74.215136079012908, 40.556647069069832 ], [ -74.215071228456594, 40.556679649157694 ], [ -74.215039947674512, 40.55670362494223 ], [ -74.215014376267689, 40.5567609015119 ], [ -74.214989836710018, 40.556791696942661 ], [ -74.214930585794107, 40.556824267388045 ], [ -74.214879181322502, 40.55685852966738 ], [ -74.214815471641899, 40.556897941682017 ], [ -74.214785326059044, 40.556926186482627 ], [ -74.214756393027216, 40.556983469279466 ], [ -74.214741995676803, 40.557033891607141 ], [ -74.214750028933878, 40.557094523719677 ], [ -74.214770360609648, 40.557148296788199 ], [ -74.214807489997426, 40.557202041281577 ], [ -74.214850190804313, 40.557247232835138 ], [ -74.214889539212692, 40.557294137104854 ], [ -74.214925534571421, 40.557343611550671 ], [ -74.214926722441973, 40.557364965383485 ], [ -74.214908978380578, 40.557418808836488 ], [ -74.214904601894546, 40.557451276657417 ], [ -74.214872220610744, 40.557481233043141 ], [ -74.214821897703359, 40.557503536003885 ], [ -74.214750296599846, 40.557526732503725 ], [ -74.214678692813507, 40.557549073432391 ], [ -74.214609343659177, 40.557575683993242 ], [ -74.214554561643794, 40.557604826612057 ], [ -74.214546734340999, 40.557609113364641 ], [ -74.214488631664338, 40.55765022209831 ], [ -74.214428263301357, 40.557683646300703 ], [ -74.214363407019192, 40.557714517776752 ], [ -74.214305281047999, 40.557748793258732 ], [ -74.214249409991979, 40.557788188484949 ], [ -74.214187928783701, 40.557823325697143 ], [ -74.214120817606457, 40.557849930866027 ], [ -74.21405707341853, 40.557878235427175 ], [ -74.214010135113682, 40.557909072386295 ], [ -74.213966590136721, 40.557951009172619 ], [ -74.213953207281946, 40.557968117190121 ], [ -74.213929784445895, 40.557998055697006 ], [ -74.213920923622979, 40.558028822610126 ], [ -74.213937904465396, 40.558086019666078 ], [ -74.213963826469168, 40.558137223228336 ], [ -74.213994241423691, 40.558191833175137 ], [ -74.214002182789812, 40.558224278007124 ], [ -74.213997823403645, 40.558261869736633 ], [ -74.213969933035628, 40.558295234096448 ], [ -74.213923034147669, 40.558338882736564 ], [ -74.213897422937208, 40.558384201854402 ], [ -74.213894165185494, 40.558416665791263 ], [ -74.213918976288909, 40.558470433421881 ], [ -74.21391912100853, 40.558515702730226 ], [ -74.213903542234974, 40.558547335840842 ], [ -74.213857767578659, 40.558591839729118 ], [ -74.213829870336127, 40.558623495766653 ], [ -74.213792942896987, 40.558632959699466 ], [ -74.21373140096118, 40.558650158243026 ], [ -74.213658659967251, 40.558667375661635 ], [ -74.21358475984789, 40.558671785239504 ], [ -74.213510827320775, 40.558666797799987 ], [ -74.21343914137303, 40.558663514437562 ], [ -74.213364107421299, 40.558664506619813 ], [ -74.213289043330889, 40.558655252606123 ], [ -74.213267092466538, 40.558654970598639 ], [ -74.212409460548287, 40.557980330219948 ], [ -74.212667633994215, 40.55765714846865 ] ] ] ] } },
{ "type": "Feature", "properties": { "Borough": "SI", "Block": 5900, "Lot": 15, "CD": 503, "BCT2020": "5022801", "BCTCB2020": "50228011005", "CT2010": "228", "CB2010": "1020", "SchoolDist": "31", "Council": 51, "ZipCode": 10314, "FireComp": "L087", "PolicePrct": 123, "HealthCent": 51, "HealthArea": 800, "Sanitboro": "5", "SanitDistr": "03", "SanitSub": "5C", "Address": "ARTHUR KILL ROAD", "ZoneDist1": "M1-1", "ZoneDist2": null, "ZoneDist3": null, "ZoneDist4": null, "Overlay1": null, "Overlay2": null, "SPDist1": "SRD", "SPDist2": null, "SPDist3": null, "LtdHeight": null, "SplitZone": "N", "BldgClass": "G7", "LandUse": "10", "Easements": 0, "OwnerType": null, "OwnerName": "JOHN PETER PROPERTIES, LLC", "LotArea": 43590, "BldgArea": 0, "ComArea": 0, "ResArea": 0, "OfficeArea": 0, "RetailArea": 0, "GarageArea": 0, "StrgeArea": 0, "FactryArea": 0, "OtherArea": 0, "AreaSource": "7", "NumBldgs": 0, "NumFloors": 0.0, "UnitsRes": 0, "UnitsTotal": 0, "LotFront": 25.0, "LotDepth": 500.0, "BldgFront": 0.0, "BldgDepth": 0.0, "Ext": null, "ProxCode": "0", "IrrLotCode": "Y", "LotType": "5", "BsmtCode": "5", "AssessLand": 501750.0, "AssessTot": 501750.0, "ExemptTot": 0.0, "YearBuilt": 0, "YearAlter1": 0, "YearAlter2": 0, "HistDist": null, "Landmark": null, "BuiltFAR": 0.0, "ResidFAR": 0.0, "CommFAR": 1.0, "FacilFAR": 2.4, "BoroCode": 5, "BBL": 5059000015.0, "CondoNo": 0, "Tract2010": "0228", "XCoord": 930842, "YCoord": 144634, "ZoneMap": "26b", "ZMCode": null, "Sanborn": "504 472", "TaxMap": "52501", "EDesigNum": null, "APPBBL": 0.0, "APPDate": null, "PLUTOMapID": "1", "FIRM07_FLA": null, "PFIRM15_FL": null, "Version": "25v4", "DCPEdited": null, "Latitude": 40.5635019, "Longitude": -74.19222, "Notes": null, "Shape_Leng": 0.0, "Shape_Area": 59563.728113600002 }, "geometry": { "type": "MultiPolygon", "coordinates": [ [ [ [ -74.191937792217928, 40.562854180644472 ], [ -74.192157441409037, 40.56285974339032 ], [ -74.192140064618485, 40.562618692873784 ], [ -74.192332194640628, 40.562632794192552 ], [ -74.192460085013522, 40.564298137177971 ], [ -74.192134817812686, 40.564349430978247 ], [ -74.191937792217928, 40.562854180644472 ] ] ] ] } },
{ "type": "Feature", "properties": { "Borough": "SI", "Block": 6169, "Lot": 93, "CD": 503, "BCT2020": "5022801", "BCTCB2020": "50228011007", "CT2010": "228", "CB2010": "1038", "SchoolDist": "31", "Council": 51, "ZipCode": 10309, "FireComp": "L087", "PolicePrct": 123, "HealthCent": 51, "HealthArea": 800, "Sanitboro": "5", "SanitDistr": "03", "SanitSub": "5C", "Address": "MAZZA COURT", "ZoneDist1": "R3-2", "ZoneDist2": null, "ZoneDist3": null, "ZoneDist4": null, "Overlay1": null, "Overlay2": null, "SPDist1": "SRD", "SPDist2": null, "SPDist3": null, "LtdHeight": null, "SplitZone": "N", "BldgClass": "Z7", "LandUse": null, "Easements": 0, "OwnerType": "X", "OwnerName": "UNAVAILABLE OWNER", "LotArea": 7682, "BldgArea": 0, "ComArea": 0, "ResArea": 0, "OfficeArea": 0, "RetailArea": 0, "GarageArea": 0, "StrgeArea": 0, "FactryArea": 0, "OtherArea": 0, "AreaSource": "7", "NumBldgs": 0, "NumFloors": 0.0, "UnitsRes": 0, "UnitsTotal": 0, "LotFront": 30.97, "LotDepth": 100.0, "BldgFront": 0.0, "BldgDepth": 0.0, "Ext": "N", "ProxCode": "0", "IrrLotCode": "Y", "LotType": "5", "BsmtCode": "5", "AssessLand": 0.0, "AssessTot": 0.0, "ExemptTot": 0.0, "YearBuilt": 0, "YearAlter1": 0, "YearAlter2": 0, "HistDist": null, "Landmark": null, "BuiltFAR": 0.0, "ResidFAR": 0.75, "CommFAR": 0.0, "FacilFAR": 1.0, "BoroCode": 5, "BBL": 5061690093.0, "CondoNo": 0, "Tract2010": "0228", "XCoord": 928409, "YCoord": 142028, "ZoneMap": "33a", "ZMCode": null, "Sanborn": "504 474", "TaxMap": "52601", "EDesigNum": null, "APPBBL": 5061690086.0, "APPDate": "12/07/1999", "PLUTOMapID": "1", "FIRM07_FLA": null, "PFIRM15_FL": null, "Version": "25v4", "DCPEdited": "t", "Latitude": 40.5563339, "Longitude": -74.200955, "Notes": null, "Shape_Leng": 0.0, "Shape_Area": 7682.218015 }, "geometry": { "type": "MultiPolygon", "coordinates": [ [ [ [ -74.200720496361214, 40.556425210329657 ], [ -74.200951299841634, 40.556301624269487 ], [ -74.20081494045364, 40.556136557962816 ], [ -74.200910430639851, 40.556108495286381 ], [ -74.201018056608589, 40.556238779246812 ], [ -74.201046676374119, 40.556273423887042 ], [ -74.201050419601941, 40.556277508419051 ], [ -74.201054013503907, 40.556280228930639 ], [ -74.201057911431377, 40.556282391469296 ], [ -74.201063763505815, 40.55628456681761 ], [ -74.201071772708573, 40.556285971121802 ], [ -74.201082849194009, 40.556285348356468 ], [ -74.201093023321519, 40.556281895956339 ], [ -74.201160931528889, 40.556245533375076 ], [ -74.201189707806464, 40.556280366782168 ], [ -74.201218520885732, 40.556315245128296 ], [ -74.201199669818834, 40.556325338037595 ], [ -74.201154183077861, 40.556349695078382 ], [ -74.201110160266552, 40.556373266959618 ], [ -74.201066419198924, 40.556396687070219 ], [ -74.201022355159466, 40.556420284256681 ], [ -74.20097999444171, 40.556442965272254 ], [ -74.200933617528406, 40.556467799234142 ], [ -74.200830529263072, 40.556522998265109 ], [ -74.200720496361214, 40.556425210329657 ] ] ] ] } },
{ "type": "Feature", "properties": { "Borough": "SI", "Block": 6169, "Lot": 101, "CD": 503, "BCT2020": "5022602", "BCTCB2020": "50226023000", "CT2010": "226", "CB2010": "1000", "SchoolDist": "31", "Council": 51, "ZipCode": 10309, "FireComp": "L087", "PolicePrct": 123, "HealthCent": 51, "HealthArea": 800, "Sanitboro": "5", "SanitDistr": "03", "SanitSub": "5C", "Address": "1550 ARTHUR KILL ROAD", "ZoneDist1": "M2-1", "ZoneDist2": null, "ZoneDist3": null, "ZoneDist4": null, "Overlay1": null, "Overlay2": null, "SPDist1": "SRD", "SPDist2": null, "SPDist3": null, "LtdHeight": null, "SplitZone": "N", "BldgClass": "G3", "LandUse": "07", "Easements": 2, "OwnerType": null, "OwnerName": "15-50 W SERVICE RD CORP.", "LotArea": 14000, "BldgArea": 715, "ComArea": 715, "ResArea": 0, "OfficeArea": 0, "RetailArea": 715, "GarageArea": 0, "StrgeArea": 0, "FactryArea": 0, "OtherArea": 0, "AreaSource": "2", "NumBldgs": 1, "NumFloors": 1.0, "UnitsRes": 0, "UnitsTotal": 1, "LotFront": 126.0, "LotDepth": 184.0, "BldgFront": 55.0, "BldgDepth": 10.0, "Ext": "N", "ProxCode": "1", "IrrLotCode": "Y", "LotType": "5", "BsmtCode": "0", "AssessLand": 136800.0, "AssessTot": 295650.0, "ExemptTot": 0.0, "YearBuilt": 1997, "YearAlter1": 0, "YearAlter2": 0, "HistDist": null, "Landmark": null, "BuiltFAR": 0.05, "ResidFAR": 0.0, "CommFAR": 2.0, "FacilFAR": 0.0, "BoroCode": 5, "BBL": 5061690101.0, "CondoNo": 0, "Tract2010": "0226", "XCoord": 926873, "YCoord": 142703, "ZoneMap": "33a", "ZMCode": null, "Sanborn": "504 458", "TaxMap": "52601", "EDesigNum": null, "APPBBL": 0.0, "APPDate": null, "PLUTOMapID": "1", "FIRM07_FLA": "1", "PFIRM15_FL": "1", "Version": "25v4", "DCPEdited": null, "Latitude": 40.5581769, "Longitude": -74.2064883, "Notes": null, "Shape_Leng": 0.0, "Shape_Area": 15355.3149646 }, "geometry": { "type": "MultiPolygon", "coordinates": [ [ [ [ -74.206099327085113, 40.558278348138117 ], [ -74.206151458030007, 40.558245830102024 ], [ -74.206169029461364, 40.558233606293918 ], [ -74.206508133732825, 40.55799769414147 ], [ -74.206638859331392, 40.557906750559582 ], [ -74.206660996242206, 40.557959089077059 ], [ -74.206774807143333, 40.558228180417728 ], [ -74.206791327911347, 40.558267240860197 ], [ -74.206306316307405, 40.558339946495529 ], [ -74.206208166460243, 40.558354659070901 ], [ -74.206207971737228, 40.558354688282854 ], [ -74.206099327085113, 40.558278348138117 ] ] ] ] } }
]
}
