{
"type": "FeatureCollection",
"name": "pluto_Alley_Pond_Park",
"crs": { "type": "name", "properties": { "name": "urn:ogc:def:crs:OGC:1.3:CRS84" } },
"features": [
{ "type": "Feature", "properties": { "Borough": "QN", "Block": 6343, "Lot": 26, "CD": 411, "BCT2020": "4147100", "BCTCB2020": "41471001000", "CT2010": "1471", "CB2010": "1000", "SchoolDist": "26", "Council": 19, "ZipCode": 11361, "FireComp": "E306", "PolicePrct": 111, "HealthCent": 43, "HealthArea": 2122, "Sanitboro": "4", "SanitDistr": "11", "SanitSub": "2E", "Address": "221 STREET", "ZoneDist1": "R2A", "ZoneDist2": "R2", "ZoneDist3": null, "ZoneDist4": null, "Overlay1": null, "Overlay2": null, "SPDist1": null, "SPDist2": null, "SPDist3": null, "LtdHeight": null, "SplitZone": "Y", "BldgClass": "U7", "LandUse": "07", "Easements": 1, "OwnerType": "X", "OwnerName": "NYS DEPARTMENT OF TRANSPORTATION", "LotArea": 82875, "BldgArea": 0, "ComArea": 0, "ResArea": 0, "OfficeArea": 0, "RetailArea": 0, "GarageArea": 0, "StrgeArea": 0, "FactryArea": 0, "OtherArea": 0, "AreaSource": "7", "NumBldgs": 0, "NumFloors": 0.0, "UnitsRes": 0, "UnitsTotal": 0, "LotFront": 0.0, "LotDepth": 0.0, "BldgFront": 0.0, "BldgDepth": 0.0, "Ext": "N", "ProxCode": "0", "IrrLotCode": "N", "LotType": "5", "BsmtCode": "0", "AssessLand": 0.0, "AssessTot": 0.0, "ExemptTot": 0.0, "YearBuilt": 0, "YearAlter1": 0, "YearAlter2": 0, "HistDist": null, "Landmark": null, "BuiltFAR": 0.0, "ResidFAR": 0.75, "CommFAR": 0.0, "FacilFAR": 1.0, "BoroCode": 4, "BBL": 4063430026.0, "CondoNo": 0, "Tract2010": "1471", "XCoord": 1050930, "YCoord": 217827, "ZoneMap": "11a", "ZMCode": null, "Sanborn": "412 016", "TaxMap": "42906", "EDesigNum": null, "APPBBL": 0.0, "APPDate": null, "PLUTOMapID": "1", "FIRM07_FLA": "1", "PFIRM15_FL": "1", "Version": "25v4", "DCPEdited": "t", "Latitude": 40.7643097, "Longitude": -73.7592893, "Notes": null, "Shape_Leng": 0.0, "Shape_Area": 82875.374532999995 }, "geometry": { "type": "MultiPolygon", "coordinates": [ [ [ [ -73.75819493596515, 40.764053205452718 ], [ -73.758627812618542, 40.764011997741711 ], [ -73.759011730430998, 40.764178385677226 ], [ -73.759088184178296, 40.764211522222055 ], [ -73.759215321635622, 40.764208233846944 ], [ -73.75947453893798, 40.764205906656102 ], [ -73.759575505663847, 40.764198333515125 ], [ -73.759742365334773, 40.76419108870801 ], [ -73.759825501820146, 40.76418574115317 ], [ -73.75995585978329, 40.764173819161634 ], [ -73.760079177332003, 40.764165021539718 ], [ -73.760165911414603, 40.764159436277531 ], [ -73.760169582487791, 40.764159222474753 ], [ -73.760531455506552, 40.764125827424927 ], [ -73.760619319231722, 40.764108415939738 ], [ -73.760878611210941, 40.764058452403212 ], [ -73.761051451913204, 40.764025994031897 ], [ -73.761139787434573, 40.76426756854741 ], [ -73.761020840125695, 40.764268130395465 ], [ -73.760909908721075, 40.764268653802489 ], [ -73.760795325754913, 40.764269195700734 ], [ -73.760664254017456, 40.764269813897009 ], [ -73.76054742549924, 40.764270364351304 ], [ -73.760461099660958, 40.76427698094183 ], [ -73.76032061121883, 40.764287747733185 ], [ -73.760187364556174, 40.764297960295892 ], [ -73.760174893106011, 40.764299325592411 ], [ -73.760041546670919, 40.764313915219887 ], [ -73.759894318661807, 40.764330023631452 ], [ -73.759835283307126, 40.764336482320616 ], [ -73.759727036796605, 40.764354039749058 ], [ -73.759537756090936, 40.764384741913624 ], [ -73.759480588942083, 40.764394014807678 ], [ -73.759245514916344, 40.764441973569056 ], [ -73.759114050716875, 40.764468794940441 ], [ -73.759105082978749, 40.764475594829797 ], [ -73.758796495216416, 40.764741517372876 ], [ -73.75851099592478, 40.764768316962744 ], [ -73.75819493596515, 40.764053205452718 ] ] ] ] } },
{ "type": "Feature", "properties": { "Borough": "QN", "Block": 7494, "Lot": 10, "CD": 411, "BCT2020": "4138502", "BCTCB2020": "41385021016", "CT2010": "1385.02", "CB2010": "1024", "SchoolDist": "26", "Council": 23, "ZipCode": 11364, "FireComp": "E313", "PolicePrct": 111, "HealthCent": 43, "HealthArea": 2140, "Sanitboro": "4", "SanitDistr": "11", "SanitSub": "6E", "Address": "HORATIO PARKWAY", "ZoneDist1": "PARK", "ZoneDist2": null, "ZoneDist3": null, "ZoneDist4": null, "Overlay1": null, "Overlay2": null, "SPDist1": null, "SPDist2": null, "SPDist3": null, "LtdHeight": null, "SplitZone": "N", "BldgClass": "Q2", "LandUse": "09", "Easements": 0, "OwnerType": "C", "OwnerName": "NYC DEPARTMENT OF PARKS AND RECREATION", "LotArea": 1123848, "BldgArea": 0, "ComArea": 0, "ResArea": 0, "OfficeArea": 0, "RetailArea": 0, "GarageArea": 0, "StrgeArea": 0, "FactryArea": 0, "OtherArea": 0, "AreaSource": "7", "NumBldgs": 1, "NumFloors": 0.0, "UnitsRes": 0, "UnitsTotal": 0, "LotFront": 799.0, "LotDepth": 1306.0, "BldgFront": 0.0, "BldgDepth": 0.0, "Ext": "N", "ProxCode": "0", "IrrLotCode": "Y", "LotType": "5", "BsmtCode": "0", "AssessLand": 15341850.0, "AssessTot": 15341850.0, "ExemptTot": 15341850.0, "YearBuilt": 0, "YearAlter1": 0, "YearAlter2": 0, "HistDist": null, "Landmark": null, "BuiltFAR": 0.0, "ResidFAR": 0.0, "CommFAR": 0.0, "FacilFAR": 0.0, "BoroCode": 4, "BBL": 4074940010.0, "CondoNo": 0, "Tract2010": "138502", "XCoord": 1052320, "YCoord": 216220, "ZoneMap": "11a", "ZMCode": "Y", "Sanborn": "412 062", "TaxMap": "43304", "EDesigNum": null, "APPBBL": 0.0, "APPDate": null, "PLUTOMapID": "1", "FIRM07_FLA": "1", "PFIRM15_FL": null, "Version": "25v4", "DCPEdited": "t", "Latitude": 40.7598883, "Longitude": -73.7542878, "Notes": null, "Shape_Leng": 0.0, "Shape_Area": 1105588.94157 }, "geometry": { "type": "MultiPolygon", "coordinates": [ [ [ [ -73.751641811311117, 40.759386004065711 ], [ -73.752055213835021, 40.759547953867703 ], [ -73.752070216051891, 40.759553425269345 ], [ -73.752095736731803, 40.759560550109754 ], [ -73.752135018421043, 40.75956869602927 ], [ -73.752161749248714, 40.759572395224183 ], [ -73.75218876829382, 40.75957468761483 ], [ -73.752215870707673, 40.759575568994727 ], [ -73.752243029373986, 40.759575023158774 ], [ -73.752283522057994, 40.759571562330798 ], [ -73.752310137198322, 40.75956749881194 ], [ -73.752336360847494, 40.759562051289087 ], [ -73.752362006728475, 40.759555251818796 ], [ -73.752386956434336, 40.759547134282982 ], [ -73.75242290853933, 40.759532546762458 ], [ -73.752456704710426, 40.759515209866066 ], [ -73.752477808128788, 40.759502256417662 ], [ -73.752497743145256, 40.759488193626765 ], [ -73.752516336592763, 40.75947313657263 ], [ -73.752531887241915, 40.759456271014677 ], [ -73.752547009823076, 40.759435397368044 ], [ -73.753115819479888, 40.758605849799096 ], [ -73.75313703546469, 40.758578386492658 ], [ -73.753152300248345, 40.758560895293641 ], [ -73.753173187123508, 40.758544237438571 ], [ -73.753215678482348, 40.758518649629011 ], [ -73.753243966138115, 40.758506063480787 ], [ -73.753272909709267, 40.75849701681279 ], [ -73.753297952415636, 40.758490862370458 ], [ -73.753321625178273, 40.758486208866287 ], [ -73.753340799335461, 40.758483378216745 ], [ -73.753359900671981, 40.758481642440195 ], [ -73.753380164117388, 40.758481761474847 ], [ -73.753407341545696, 40.758483393755959 ], [ -73.753435326223126, 40.758486387575452 ], [ -73.753460955338582, 40.758491997674909 ], [ -73.753485466939182, 40.758499398303755 ], [ -73.75352520128348, 40.758515053157716 ], [ -73.753572034376305, 40.758530285564554 ], [ -73.753674663834261, 40.758562516492645 ], [ -73.753780505275429, 40.758589564577264 ], [ -73.753862725523518, 40.758606681690821 ], [ -73.753943160579993, 40.758619813700129 ], [ -73.754045132751145, 40.758633189853384 ], [ -73.754136639527843, 40.758641482699318 ], [ -73.754244829183619, 40.758643956863907 ], [ -73.754361804341798, 40.758639205012443 ], [ -73.754459202419781, 40.758632513040219 ], [ -73.754598974210651, 40.758626228297686 ], [ -73.754668957954351, 40.7586230726018 ], [ -73.754738939128302, 40.758619925810116 ], [ -73.754863157749654, 40.758614356877274 ], [ -73.754971723577313, 40.758609528024778 ], [ -73.755027139515718, 40.758607061423255 ], [ -73.755090291435394, 40.758601866604856 ], [ -73.75515095818109, 40.758592689753357 ], [ -73.755211492675357, 40.758580785844728 ], [ -73.755270856670023, 40.758565787077849 ], [ -73.755357033156585, 40.758537668154993 ], [ -73.75541221895061, 40.758515286189478 ], [ -73.755490952176373, 40.758476518032964 ], [ -73.755539588278481, 40.758447876179773 ], [ -73.755581899923683, 40.758422245621723 ], [ -73.755644273682378, 40.758382834837931 ], [ -73.755678964569015, 40.758363004558788 ], [ -73.755714997483523, 40.75834794074138 ], [ -73.755743872385395, 40.758339777598735 ], [ -73.755782512746535, 40.758331891916065 ], [ -73.755816850481636, 40.758328600425877 ], [ -73.755859024220598, 40.758328590807039 ], [ -73.755900801379426, 40.758333040519993 ], [ -73.755941333379511, 40.758341857829372 ], [ -73.75597988165967, 40.758354890584201 ], [ -73.756015670431211, 40.75837187804666 ], [ -73.756052510848832, 40.758393358532203 ], [ -73.756083912571555, 40.758420523167445 ], [ -73.756101106639832, 40.758440943533159 ], [ -73.756113836876764, 40.758460475503867 ], [ -73.756126484884476, 40.758480802492137 ], [ -73.756418016054695, 40.759165529438121 ], [ -73.756499641723451, 40.75956845133345 ], [ -73.756512221691807, 40.759611687942993 ], [ -73.756527532411098, 40.759648829390684 ], [ -73.756545202438971, 40.759682344128116 ], [ -73.756566121460693, 40.759714781492477 ], [ -73.756591758709192, 40.759747833944502 ], [ -73.756628405040402, 40.759786703561396 ], [ -73.756665340780359, 40.759819009030053 ], [ -73.756694239680854, 40.75984070484418 ], [ -73.75673024716923, 40.75986422750475 ], [ -73.756772163694023, 40.759887550974703 ], [ -73.75682033823901, 40.759909836789653 ], [ -73.756864958209832, 40.759926775955925 ], [ -73.756904099051994, 40.759939031690323 ], [ -73.756957492640751, 40.759956833058659 ], [ -73.757002591010377, 40.759979333836633 ], [ -73.75703712052686, 40.759997363737021 ], [ -73.757066152393278, 40.760012523854172 ], [ -73.757096194772757, 40.760031504271751 ], [ -73.757131009821819, 40.760061217082793 ], [ -73.757164523159261, 40.76010071740928 ], [ -73.757193766731007, 40.760155933526043 ], [ -73.757204472367178, 40.76019499680384 ], [ -73.757207736324531, 40.760237521229854 ], [ -73.757203520531405, 40.76027514545595 ], [ -73.757192842521505, 40.760311630486761 ], [ -73.757169942277343, 40.760356358230119 ], [ -73.757133400852453, 40.760401525441949 ], [ -73.75708867307317, 40.760439037263467 ], [ -73.757030260268564, 40.760472439989243 ], [ -73.756973586246289, 40.760493782194722 ], [ -73.756921065185466, 40.760506113631905 ], [ -73.754152360288487, 40.761079076196353 ], [ -73.754122643240294, 40.76108594308365 ], [ -73.752371762776846, 40.761490551967817 ], [ -73.751531088896499, 40.759523090215644 ], [ -73.751525437075117, 40.759509860345261 ], [ -73.751521544841651, 40.759499259200176 ], [ -73.751519905452753, 40.759487623854376 ], [ -73.751520019723088, 40.75947699178387 ], [ -73.751521931058434, 40.759465282951062 ], [ -73.751525809430248, 40.759453563052837 ], [ -73.751531514327496, 40.75944239465332 ], [ -73.751539784400023, 40.759430876065565 ], [ -73.751550941319522, 40.75941948802447 ], [ -73.751562324253314, 40.759410686665582 ], [ -73.751575592697463, 40.759402787216381 ], [ -73.75158998557994, 40.759396330991116 ], [ -73.751605507622756, 40.759391321679821 ], [ -73.751625413406884, 40.759387378036074 ], [ -73.751641811311117, 40.759386004065711 ] ] ] ] } },
{ "type": "Feature", "properties": { "Borough": "QN", "Block": 7494, "Lot": 100, "CD": 411, "BCT2020": "4138502", "BCTCB2020": "41385021016", "CT2010": "1385.02", "CB2010": "1024", "SchoolDist": "26", "Council": 23, "ZipCode": 11364, "FireComp": "E313", "PolicePrct": 111, "HealthCent": 43, "HealthArea": 2140, "Sanitboro": "4", "SanitDistr": "11", "SanitSub": "6E", "Address": "HORATIO PARKWAY", "ZoneDist1": "PARK", "ZoneDist2": "R3-2", "ZoneDist3": null, "ZoneDist4": null, "Overlay1": null, "Overlay2": null, "SPDist1": null, "SPDist2": null, "SPDist3": null, "LtdHeight": null, "SplitZone": "Y", "BldgClass": "Q1", "LandUse": "09", "Easements": 0, "OwnerType": "C", "OwnerName": "NYC DEPARTMENT OF PARKS AND RECREATION", "LotArea": 33942, "BldgArea": 0, "ComArea": 0, "ResArea": 0, "OfficeArea": 0, "RetailArea": 0, "GarageArea": 0, "StrgeArea": 0, "FactryArea": 0, "OtherArea": 0, "AreaSource": "7", "NumBldgs": 0, "NumFloors": 0.0, "UnitsRes": 0, "UnitsTotal": 0, "LotFront": 333.0, "LotDepth": 269.0, "BldgFront": 0.0, "BldgDepth": 0.0, "Ext": "N", "ProxCode": "0", "IrrLotCode": "Y", "LotType": "5", "BsmtCode": "0", "AssessLand": 247950.0, "AssessTot": 247950.0, "ExemptTot": 247950.0, "YearBuilt": 0, "YearAlter1": 0, "YearAlter2": 0, "HistDist": null, "Landmark": null, "BuiltFAR": 0.0, "ResidFAR": 0.0, "CommFAR": 0.0, "FacilFAR": 0.0, "BoroCode": 4, "BBL": 4074940100.0000005, "CondoNo": 0, "Tract2010": "138502", "XCoord": 1051773, "YCoord": 216523, "ZoneMap": "11a", "ZMCode": null, "Sanborn": "412 062", "TaxMap": "43304", "EDesigNum": null, "APPBBL": 0.0, "APPDate": null, "PLUTOMapID": "1", "FIRM07_FLA": null, "PFIRM15_FL": null, "Version": "25v4", "DCPEdited": "t", "Latitude": 40.7607242, "Longitude": -73.7562592, "Notes": null, "Shape_Leng": 0.0, "Shape_Area": 89825.3468096 }, "geometry": { "type": "MultiPolygon", "coordinates": [ [ [ [ -73.754152360288487, 40.761079076196353 ], [ -73.756921065185466, 40.760506113631905 ], [ -73.756973586246289, 40.760493782194722 ], [ -73.757030260268564, 40.760472439989243 ], [ -73.75708867307317, 40.760439037263467 ], [ -73.757133400852453, 40.760401525441949 ], [ -73.757169942277343, 40.760356358230119 ], [ -73.757192842521505, 40.760311630486761 ], [ -73.757203520531405, 40.76027514545595 ], [ -73.757207736324531, 40.760237521229854 ], [ -73.757204472367178, 40.76019499680384 ], [ -73.757193766731007, 40.760155933526043 ], [ -73.757164523159261, 40.76010071740928 ], [ -73.757131009821819, 40.760061217082793 ], [ -73.757096194772757, 40.760031504271751 ], [ -73.757066152393278, 40.760012523854172 ], [ -73.757780567280932, 40.760361932695709 ], [ -73.757798473040978, 40.760374179423813 ], [ -73.757817335141979, 40.760388846949141 ], [ -73.757828846812416, 40.760398859625077 ], [ -73.757841040499031, 40.760410514481642 ], [ -73.757843862854173, 40.760413388546652 ], [ -73.757846366443545, 40.760415997156116 ], [ -73.757850632150038, 40.760420583437245 ], [ -73.757852626794445, 40.760422790241854 ], [ -73.757856182731672, 40.760426831990948 ], [ -73.75785783730926, 40.760428761667747 ], [ -73.75785953766929, 40.760430778781135 ], [ -73.757862163487772, 40.760433964903733 ], [ -73.757864368188621, 40.760436711592376 ], [ -73.757871941053622, 40.760446675488843 ], [ -73.757879221751679, 40.76045716817444 ], [ -73.757885826391288, 40.760467649565634 ], [ -73.757892270275008, 40.760479011393947 ], [ -73.7578994019878, 40.760493352559955 ], [ -73.757905239243343, 40.760507093082602 ], [ -73.757908202868578, 40.760515084111546 ], [ -73.757910583458084, 40.760522201336002 ], [ -73.754470309424903, 40.761241223094999 ], [ -73.754462553499494, 40.7612190135495 ], [ -73.754452175256546, 40.761198523739772 ], [ -73.754437453262526, 40.761176971046503 ], [ -73.75441915780965, 40.761156504003608 ], [ -73.754398576049567, 40.761138447189033 ], [ -73.754377939885316, 40.761123897797802 ], [ -73.754354900400401, 40.761110758810709 ], [ -73.754330185070813, 40.761099541601517 ], [ -73.754305050162614, 40.761090666569828 ], [ -73.754273057649883, 40.761082544145154 ], [ -73.754241222928613, 40.761077609844605 ], [ -73.75421175876069, 40.761075645099737 ], [ -73.75418308403961, 40.761076062004769 ], [ -73.754152360288487, 40.761079076196353 ] ] ] ] } },
{ "type": "Feature", "properties": { "Borough": "QN", "Block": 7494, "Lot": 150, "CD": 411, "BCT2020": "4138502", "BCTCB2020": "41385021009", "CT2010": "1385.02", "CB2010": "1010", "SchoolDist": "26", "Council": 19, "ZipCode": 11362, "FireComp": "E313", "PolicePrct": 111, "HealthCent": 43, "HealthArea": 2140, "Sanitboro": "4", "SanitDistr": "11", "SanitSub": "6E", "Address": "HORATIO PARKWAY", "ZoneDist1": "PARK", "ZoneDist2": "R3-2", "ZoneDist3": null, "ZoneDist4": null, "Overlay1": null, "Overlay2": null, "SPDist1": null, "SPDist2": null, "SPDist3": null, "LtdHeight": null, "SplitZone": "Y", "BldgClass": "Q0", "LandUse": "09", "Easements": 0, "OwnerType": "C", "OwnerName": "NYC DEPARTMENT OF PARKS AND RECREATION", "LotArea": 35000, "BldgArea": 0, "ComArea": 0, "ResArea": 0, "OfficeArea": 0, "RetailArea": 0, "GarageArea": 0, "StrgeArea": 0, "FactryArea": 0, "OtherArea": 0, "AreaSource": "7", "NumBldgs": 0, "NumFloors": 0.0, "UnitsRes": 0, "UnitsTotal": 0, "LotFront": 150.0, "LotDepth": 850.17, "BldgFront": 0.0, "BldgDepth": 0.0, "Ext": null, "ProxCode": "0", "IrrLotCode": "Y", "LotType": "5", "BsmtCode": "5", "AssessLand": 1651950.0, "AssessTot": 1651950.0, "ExemptTot": 1651950.0, "YearBuilt": 0, "YearAlter1": 0, "YearAlter2": 0, "HistDist": null, "Landmark": null, "BuiltFAR": 0.0, "ResidFAR": 0.0, "CommFAR": 0.0, "FacilFAR": 0.0, "BoroCode": 4, "BBL": 4074940150.0, "CondoNo": 0, "Tract2010": "138502", "XCoord": 1053041, "YCoord": 216383, "ZoneMap": "11a", "ZMCode": "Y", "Sanborn": "412 062", "TaxMap": "43304", "EDesigNum": null, "APPBBL": 0.0, "APPDate": null, "PLUTOMapID": "1", "FIRM07_FLA": "1", "PFIRM15_FL": "1", "Version": "25v4", "DCPEdited": "t", "Latitude": 40.7603302, "Longitude": -73.7516835, "Notes": null, "Shape_Leng": 0.0, "Shape_Area": 89823.193029600021 }, "geometry": { "type": "MultiPolygon", "coordinates": [ [ [ [ -73.751974908340159, 40.761535705645585 ], [ -73.751989995120894, 40.761511265056903 ], [ -73.751997458131243, 40.761490109199926 ], [ -73.752000495196498, 40.761465795753836 ], [ -73.751998820384244, 40.761446147518974 ], [ -73.751990786425097, 40.761420282002433 ], [ -73.751076224263414, 40.759376570078302 ], [ -73.751049264601022, 40.759337530560153 ], [ -73.751023252861629, 40.759303423358524 ], [ -73.750994664576766, 40.759269183582909 ], [ -73.750969765167341, 40.759241681254032 ], [ -73.75094008959195, 40.759211292427267 ], [ -73.75089616300005, 40.759170349369938 ], [ -73.750853391215642, 40.759135740298369 ], [ -73.750626228127786, 40.759021906819797 ], [ -73.750954947651906, 40.759139357625713 ], [ -73.751641811311117, 40.759386004065711 ], [ -73.751625413406884, 40.759387378036074 ], [ -73.751605507622756, 40.759391321679821 ], [ -73.75158998557994, 40.759396330991116 ], [ -73.751575592697463, 40.759402787216381 ], [ -73.751562324253314, 40.759410686665582 ], [ -73.751550941319522, 40.75941948802447 ], [ -73.751539784400023, 40.759430876065565 ], [ -73.751531514327496, 40.75944239465332 ], [ -73.751525809430248, 40.759453563052837 ], [ -73.751521931058434, 40.759465282951062 ], [ -73.751520019723088, 40.75947699178387 ], [ -73.751519905452753, 40.759487623854376 ], [ -73.751521544841651, 40.759499259200176 ], [ -73.751525437075117, 40.759509860345261 ], [ -73.751531088896499, 40.759523090215644 ], [ -73.752371762776846, 40.761490551967817 ], [ -73.751849928494394, 40.761614987339001 ], [ -73.751891659398964, 40.761599615576159 ], [ -73.751921342677392, 40.761583479370891 ], [ -73.751949766017617, 40.761562235405144 ], [ -73.751974908340159, 40.761535705645585 ] ] ] ] } },
{ "type": "Feature", "properties": { "Borough": "QN", "Block": 7508, "Lot": 13, "CD": 411, "BCT2020": "4138502", "BCTCB2020": "41385021016", "CT2010": "1385.02", "CB2010": "1024", "SchoolDist": "26", "Council": 23, "ZipCode": 11364, "FireComp": "E313", "PolicePrct": 111, "HealthCent": 43, "HealthArea": 2140, "Sanitboro": "4", "SanitDistr": "11", "SanitSub": "6E", "Address": "EASTHAMPTON BLVD", "ZoneDist1": "PARK", "ZoneDist2": null, "ZoneDist3": null, "ZoneDist4": null, "Overlay1": null, "Overlay2": null, "SPDist1": null, "SPDist2": null, "SPDist3": null, "LtdHeight": null, "SplitZone": "N", "BldgClass": "Q1", "LandUse": "09", "Easements": 0, "OwnerType": "C", "OwnerName": "NYC DEPARTMENT OF PARKS AND RECREATION", "LotArea": 21800, "BldgArea": 0, "ComArea": 0, "ResArea": 0, "OfficeArea": 0, "RetailArea": 0, "GarageArea": 0, "StrgeArea": 0, "FactryArea": 0, "OtherArea": 0, "AreaSource": "7", "NumBldgs": 0, "NumFloors": 0.0, "UnitsRes": 0, "UnitsTotal": 0, "LotFront": 218.0, "LotDepth": 100.0, "BldgFront": 0.0, "BldgDepth": 0.0, "Ext": "N", "ProxCode": "0", "IrrLotCode": "Y", "LotType": "3", "BsmtCode": "0", "AssessLand": 274500.0, "AssessTot": 274500.0, "ExemptTot": 274500.0, "YearBuilt": 0, "YearAlter1": 0, "YearAlter2": 0, "HistDist": null, "Landmark": null, "BuiltFAR": 0.0, "ResidFAR": 0.0, "CommFAR": 0.0, "FacilFAR": 0.0, "BoroCode": 4, "BBL": 4075080013.0, "CondoNo": 0, "Tract2010": "138502", "XCoord": 1053387, "YCoord": 215693, "ZoneMap": "11b", "ZMCode": null, "Sanborn": "412 062", "TaxMap": "43304", "EDesigNum": null, "APPBBL": 0.0, "APPDate": null, "PLUTOMapID": "1", "FIRM07_FLA": null, "PFIRM15_FL": null, "Version": "25v4", "DCPEdited": "t", "Latitude": 40.7584336, "Longitude": -73.7504417, "Notes": null, "Shape_Leng": 0.0, "Shape_Area": 23981.9113172 }, "geometry": { "type": "MultiPolygon", "coordinates": [ [ [ [ -73.75035761185984, 40.758691041195078 ], [ -73.750128023459311, 40.758188048920886 ], [ -73.75045448105827, 40.758063396066603 ], [ -73.750741539039907, 40.758680548212403 ], [ -73.750738528894928, 40.758696934535145 ], [ -73.750733272406436, 40.758710093980916 ], [ -73.750725489421612, 40.758722740138381 ], [ -73.750714297794588, 40.75873548692163 ], [ -73.750700992980256, 40.758746467739996 ], [ -73.750688584906896, 40.758754198786832 ], [ -73.750677664972756, 40.758759553920648 ], [ -73.750662648856988, 40.758765159446398 ], [ -73.750644529281743, 40.758769665977084 ], [ -73.750625517533379, 40.758772086760679 ], [ -73.750606325773447, 40.758772308220962 ], [ -73.750590182778936, 40.758770782005996 ], [ -73.750572206381079, 40.758767140062162 ], [ -73.75035761185984, 40.758691041195078 ] ] ] ] } },
{ "type": "Feature", "properties": { "Borough": "QN", "Block": 7519, "Lot": 67, "CD": 411, "BCT2020": "4138501", "BCTCB2020": "41385011013", "CT2010": "1385.01", "CB2010": "1017", "SchoolDist": "26", "Council": 23, "ZipCode": 11364, "FireComp": "E313", "PolicePrct": 111, "HealthCent": 43, "HealthArea": 2122, "Sanitboro": "4", "SanitDistr": "11", "SanitSub": "6E", "Address": "56-57 EAST HAMPTON BLVD", "ZoneDist1": "R2", "ZoneDist2": null, "ZoneDist3": null, "ZoneDist4": null, "Overlay1": null, "Overlay2": null, "SPDist1": null, "SPDist2": null, "SPDist3": null, "LtdHeight": null, "SplitZone": "N", "BldgClass": "A1", "LandUse": "01", "Easements": 0, "OwnerType": null, "OwnerName": "PARK, EUI KYUNG", "LotArea": 4267, "BldgArea": 2750, "ComArea": 0, "ResArea": 2750, "OfficeArea": 0, "RetailArea": 0, "GarageArea": 0, "StrgeArea": 0, "FactryArea": 0, "OtherArea": 0, "AreaSource": "2", "NumBldgs": 2, "NumFloors": 2.0, "UnitsRes": 1, "UnitsTotal": 1, "LotFront": 42.67, "LotDepth": 100.0, "BldgFront": 37.42, "BldgDepth": 40.0, "Ext": "G", "ProxCode": "1", "IrrLotCode": "N", "LotType": "5", "BsmtCode": "2", "AssessLand": 22740.0, "AssessTot": 92160.0, "ExemptTot": 0.0, "YearBuilt": 1940, "YearAlter1": 0, "YearAlter2": 0, "HistDist": null, "Landmark": null, "BuiltFAR": 0.64, "ResidFAR": 0.75, "CommFAR": 0.0, "FacilFAR": 1.0, "BoroCode": 4, "BBL": 4075190067.0, "CondoNo": 0, "Tract2010": "138501", "XCoord": 1054053, "YCoord": 214614, "ZoneMap": "11b", "ZMCode": null, "Sanborn": "412 062", "TaxMap": "43304", "EDesigNum": null, "APPBBL": 0.0, "APPDate": null, "PLUTOMapID": "1", "FIRM07_FLA": null, "PFIRM15_FL": null, "Version": "25v4", "DCPEdited": null, "Latitude": 40.7554668, "Longitude": -73.7480489, "Notes": null, "Shape_Leng": 0.0, "Shape_Area": 6150.3788968 }, "geometry": { "type": "MultiPolygon", "coordinates": [ [ [ [ -73.747838819921014, 40.755434222673102 ], [ -73.748218021107675, 40.755345642249608 ], [ -73.748240330318851, 40.755399541489261 ], [ -73.748279806582161, 40.755446672209906 ], [ -73.747947158973517, 40.755609298340048 ], [ -73.747876894454791, 40.755526209370494 ], [ -73.747838819921014, 40.755434222673102 ] ] ] ] } },
{ "type": "Feature", "properties": { "Borough": "QN", "Block": 7575, "Lot": 1, "CD": 411, "BCT2020": "4138502", "BCTCB2020": "41385021009", "CT2010": "1385.02", "CB2010": "1010", "SchoolDist": "26", "Council": 19, "ZipCode": 11362, "FireComp": "E313", "PolicePrct": 111, "HealthCent": 43, "HealthArea": 2140, "Sanitboro": "4", "SanitDistr": "11", "SanitSub": "6E", "Address": "238-01 HORACE HARDING EXPWY", "ZoneDist1": "PARK", "ZoneDist2": "R3-2", "ZoneDist3": null, "ZoneDist4": null, "Overlay1": null, "Overlay2": null, "SPDist1": null, "SPDist2": null, "SPDist3": null, "LtdHeight": null, "SplitZone": "Y", "BldgClass": "Q1", "LandUse": "09", "Easements": 0, "OwnerType": "C", "OwnerName": "NYC DEPARTMENT OF PARKS AND RECREATION", "LotArea": 4153750, "BldgArea": 0, "ComArea": 0, "ResArea": 0, "OfficeArea": 0, "RetailArea": 0, "GarageArea": 0, "StrgeArea": 0, "FactryArea": 0, "OtherArea": 0, "AreaSource": "7", "NumBldgs": 0, "NumFloors": 0.0, "UnitsRes": 0, "UnitsTotal": 0, "LotFront": 1659.0, "LotDepth": 3756.0, "BldgFront": 0.0, "BldgDepth": 0.0, "Ext": "N", "ProxCode": "0", "IrrLotCode": "Y", "LotType": "5", "BsmtCode": "0", "AssessLand": 25022250.0, "AssessTot": 25022250.0, "ExemptTot": 25022250.0, "YearBuilt": 0, "YearAlter1": 0, "YearAlter2": 0, "HistDist": null, "Landmark": null, "BuiltFAR": 0.0, "ResidFAR": 0.0, "CommFAR": 0.0, "FacilFAR": 0.0, "BoroCode": 4, "BBL": 4075750000.9999995, "CondoNo": 0, "Tract2010": "138502", "XCoord": 1054412, "YCoord": 215644, "ZoneMap": "11b", "ZMCode": "Y", "Sanborn": "412 062", "TaxMap": "43304", "EDesigNum": null, "APPBBL": 0.0, "APPDate": null, "PLUTOMapID": "1", "FIRM07_FLA": "1", "PFIRM15_FL": "1", "Version": "25v4", "DCPEdited": "t", "Latitude": 40.758291, "Longitude": -73.7467423, "Notes": null, "Shape_Leng": 0.0, "Shape_Area": 4673807.2446299996 }, "geometry": { "type": "MultiPolygon", "coordinates": [ [ [ [ -73.746904695610297, 40.752454551104051 ], [ -73.746937709399461, 40.752457497123821 ], [ -73.746959848562355, 40.752462422079226 ], [ -73.746982689318713, 40.752470347214896 ], [ -73.747007613516658, 40.752483101873544 ], [ -73.747031565327504, 40.752501214185784 ], [ -73.747049900940809, 40.752522071525618 ], [ -73.747062470865544, 40.75254511890013 ], [ -73.74707056948337, 40.752563785361765 ], [ -73.747325566369653, 40.753189451440299 ], [ -73.747340946559234, 40.75324028566753 ], [ -73.747351088270165, 40.753298540298012 ], [ -73.747354172811157, 40.753348538889682 ], [ -73.747352111318605, 40.753398750489332 ], [ -73.747342326225947, 40.753460929931613 ], [ -73.747329155153878, 40.753508860420098 ], [ -73.747309142925417, 40.753560596758469 ], [ -73.747282309878187, 40.75361291973153 ], [ -73.746660422532159, 40.754441355104618 ], [ -73.747245448186305, 40.755861692931958 ], [ -73.749701249646748, 40.758730857222851 ], [ -73.750626228127786, 40.759021906819797 ], [ -73.750853391215642, 40.759135740298369 ], [ -73.75089616300005, 40.759170349369938 ], [ -73.75094008959195, 40.759211292427267 ], [ -73.750969765167341, 40.759241681254032 ], [ -73.750994664576766, 40.759269183582909 ], [ -73.751023252861629, 40.759303423358524 ], [ -73.751049264601022, 40.759337530560153 ], [ -73.751076224263414, 40.759376570078302 ], [ -73.751990786425097, 40.761420282002433 ], [ -73.751998820384244, 40.761446147518974 ], [ -73.752000495196498, 40.761465795753836 ], [ -73.751997458131243, 40.761490109199926 ], [ -73.751989995120894, 40.761511265056903 ], [ -73.751974908340159, 40.761535705645585 ], [ -73.751949766017617, 40.761562235405144 ], [ -73.751921342677392, 40.761583479370891 ], [ -73.751891659398964, 40.761599615576159 ], [ -73.751849928494394, 40.761614987339001 ], [ -73.751299854408643, 40.761726157998631 ], [ -73.751077151884914, 40.761773202127131 ], [ -73.751074585904163, 40.761762853062528 ], [ -73.750973775895403, 40.761684907645147 ], [ -73.750901968863062, 40.761661692092162 ], [ -73.750822141607657, 40.761680310322902 ], [ -73.750727550673503, 40.761741604910185 ], [ -73.750567176047298, 40.761671217804356 ], [ -73.750469740505892, 40.761592424664457 ], [ -73.750329746292977, 40.761479372935057 ], [ -73.750211988071982, 40.761427867768347 ], [ -73.750178343254561, 40.761413274929652 ], [ -73.750023535940656, 40.761356563475019 ], [ -73.749759772431929, 40.761297055198767 ], [ -73.749511682297438, 40.761252101189235 ], [ -73.749175997645082, 40.761200121005764 ], [ -73.748894490414656, 40.761080780143757 ], [ -73.748513331578394, 40.760874954105944 ], [ -73.748430494255913, 40.760798751387618 ], [ -73.748338797415045, 40.760688368372548 ], [ -73.74819006278932, 40.760511232902118 ], [ -73.74806474862558, 40.760379420608572 ], [ -73.74789791140185, 40.760237264986941 ], [ -73.747785941918551, 40.760141355247519 ], [ -73.74773353815354, 40.760037888119079 ], [ -73.747658595204101, 40.759953164320621 ], [ -73.747535396934822, 40.759856375981578 ], [ -73.747461437011012, 40.759809236135439 ], [ -73.747366817357261, 40.7597562489212 ], [ -73.747289933016162, 40.759713193544052 ], [ -73.747170086828035, 40.759621536026451 ], [ -73.746955850339262, 40.759538213410188 ], [ -73.746730425887534, 40.759442906039553 ], [ -73.746560080377094, 40.759338326265265 ], [ -73.746425722442822, 40.759222722207511 ], [ -73.746289306367373, 40.759058421921772 ], [ -73.746286088906373, 40.759018269210038 ], [ -73.746286261382195, 40.758973000933878 ], [ -73.746292153737144, 40.75890041121864 ], [ -73.74632624031014, 40.758798842125607 ], [ -73.746341227304441, 40.758698086481161 ], [ -73.746323595514866, 40.758608361419356 ], [ -73.746303521061677, 40.758570733519214 ], [ -73.74635648224988, 40.758527289824031 ], [ -73.746415126281747, 40.758465919473522 ], [ -73.746381703649604, 40.758393243202057 ], [ -73.746403354105894, 40.758312146854188 ], [ -73.746413637529074, 40.758266899073824 ], [ -73.746425090175478, 40.75820884227474 ], [ -73.746411937474562, 40.758123396354691 ], [ -73.746371836196573, 40.758034479098406 ], [ -73.746330498670105, 40.757976304314511 ], [ -73.746314803359823, 40.757967729277517 ], [ -73.746267698145033, 40.757948831890609 ], [ -73.746248644560055, 40.757937687513774 ], [ -73.746242485901945, 40.757932549161225 ], [ -73.746237451099447, 40.75792741328258 ], [ -73.746235512110189, 40.757920362543871 ], [ -73.746236385834194, 40.757912035653732 ], [ -73.746253349125837, 40.757882177881349 ], [ -73.746277086606042, 40.757842939123087 ], [ -73.746281619865755, 40.757832700369406 ], [ -73.746283898911358, 40.757824163155163 ], [ -73.74628450579749, 40.757812205734375 ], [ -73.74628060787758, 40.757803654916117 ], [ -73.746277265600298, 40.757795960835175 ], [ -73.746261627035096, 40.75777371889486 ], [ -73.746238154158135, 40.757742919303261 ], [ -73.746219152621762, 40.757718105338355 ], [ -73.746207963415472, 40.757706408217523 ], [ -73.746195645188308, 40.757696700646214 ], [ -73.746182197562433, 40.75768812878475 ], [ -73.746172105635111, 40.75768340859689 ], [ -73.746156399173259, 40.757678676874441 ], [ -73.746148541140101, 40.757676950375853 ], [ -73.746135627958708, 40.757676067413129 ], [ -73.746110347358268, 40.757677719962551 ], [ -73.746100790703565, 40.757679834836182 ], [ -73.746072101462701, 40.757692156358935 ], [ -73.746058598473567, 40.75769810689436 ], [ -73.74600121112816, 40.757724457152925 ], [ -73.745980954653604, 40.75773466390509 ], [ -73.745949428373208, 40.757753386193535 ], [ -73.745890874701928, 40.757790839831891 ], [ -73.745884116756159, 40.757795947955927 ], [ -73.745877354438093, 40.757801913337424 ], [ -73.745845781616964, 40.757833447924682 ], [ -73.745837896546831, 40.75783940815036 ], [ -73.745827765918975, 40.757844510587816 ], [ -73.745817642174472, 40.75784876028743 ], [ -73.745807522536467, 40.75785129989309 ], [ -73.745794316460263, 40.757852979015112 ], [ -73.745779072239429, 40.757849385708347 ], [ -73.745760403397114, 40.757835820631129 ], [ -73.745750329414179, 40.757826402494992 ], [ -73.74574473321934, 40.757821267113371 ], [ -73.745697740232103, 40.75777247552147 ], [ -73.745679836642395, 40.757754497861384 ], [ -73.745630581186688, 40.757710828711751 ], [ -73.745548858250032, 40.757638045526598 ], [ -73.745530953636774, 40.75762006784187 ], [ -73.745520884187926, 40.757609796859271 ], [ -73.745487319323928, 40.757574701946353 ], [ -73.745479238538849, 40.757567446210025 ], [ -73.745461572213884, 40.757551583891683 ], [ -73.745447009698395, 40.757541302054776 ], [ -73.745430197551229, 40.757531867243173 ], [ -73.745384226275931, 40.757509559070463 ], [ -73.745374129537765, 40.757506118387447 ], [ -73.745325897896919, 40.757488076311738 ], [ -73.745304593893096, 40.757478634229216 ], [ -73.745287782619044, 40.75746834740022 ], [ -73.74527321784548, 40.757458063779694 ], [ -73.745262025712108, 40.757447790375352 ], [ -73.7452519571832, 40.757436663943416 ], [ -73.745234097602605, 40.757407582980029 ], [ -73.745227393982603, 40.757398172249353 ], [ -73.745191615688853, 40.757354530956405 ], [ -73.745155801371325, 40.757320286312876 ], [ -73.745128928462904, 40.757298018526612 ], [ -73.745094208735892, 40.757271464011197 ], [ -73.745088046962394, 40.757267178340022 ], [ -73.745076274802713, 40.757261174750404 ], [ -73.745039273768029, 40.757244009235507 ], [ -73.745026379528667, 40.757237572724605 ], [ -73.744994437810973, 40.757219137885656 ], [ -73.744981546832918, 40.757211852140102 ], [ -73.744959697227827, 40.757197708992116 ], [ -73.74494290474469, 40.757183151956923 ], [ -73.74493619365046, 40.75717545037584 ], [ -73.744930606299889, 40.757167749442317 ], [ -73.744923914990579, 40.757155774025911 ], [ -73.744913869459396, 40.757138670075761 ], [ -73.744908295195174, 40.757127554400817 ], [ -73.744893780839845, 40.757104460252862 ], [ -73.744887085049399, 40.757093342093221 ], [ -73.744883740908207, 40.757086501636117 ], [ -73.744881520606512, 40.757079664505376 ], [ -73.744876026103583, 40.757048048094646 ], [ -73.744873812356985, 40.7570395009583 ], [ -73.744868784697772, 40.757032229853678 ], [ -73.744864030728223, 40.757027094535793 ], [ -73.744853658337036, 40.75702237361029 ], [ -73.744835699541127, 40.757018915467611 ], [ -73.744812120788907, 40.757016301305732 ], [ -73.744790228723147, 40.757013264038143 ], [ -73.744779006607061, 40.757010249486967 ], [ -73.744770039936043, 40.757005530748117 ], [ -73.744743708275365, 40.756987963778919 ], [ -73.744722433990731, 40.756970832170332 ], [ -73.744676535388734, 40.756929732059994 ], [ -73.744645203827389, 40.756898911958892 ], [ -73.744636250701873, 40.756890351717679 ], [ -73.744632903319797, 40.756884365754509 ], [ -73.744628448869832, 40.756874319721348 ], [ -73.744629054792014, 40.756863004398475 ], [ -73.744642355722576, 40.756835914090892 ], [ -73.744644358919828, 40.756825881451057 ], [ -73.744645518251374, 40.756816914950576 ], [ -73.744645564104516, 40.756804957128566 ], [ -73.744645596856515, 40.756796415887123 ], [ -73.74464568201202, 40.756774208574548 ], [ -73.74464244150964, 40.75674003605009 ], [ -73.744639201378959, 40.756706714520789 ], [ -73.74464036985519, 40.756694760107187 ], [ -73.744644352228534, 40.75668153058735 ], [ -73.744649443025338, 40.756671719966448 ], [ -73.744656226200675, 40.756660629912716 ], [ -73.744691130023483, 40.756639353526388 ], [ -73.744690127352001, 40.756607747896958 ], [ -73.744689036262898, 40.756599204080793 ], [ -73.744656062712551, 40.756556848499947 ], [ -73.744626320811506, 40.756550377192305 ], [ -73.744615097143893, 40.756547789456135 ], [ -73.744603873044781, 40.756545630394399 ], [ -73.744558899460557, 40.756557060846923 ], [ -73.744553188902657, 40.75658181937758 ], [ -73.74454064929273, 40.756629623101084 ], [ -73.744551079877326, 40.756692001130787 ], [ -73.744559894926226, 40.75673686335324 ], [ -73.744565927322114, 40.756774885431497 ], [ -73.744569135877583, 40.756816745613918 ], [ -73.744571280781628, 40.756843228988082 ], [ -73.744573343777105, 40.756891066846848 ], [ -73.744576653905767, 40.756906448551796 ], [ -73.744582212927838, 40.756921834406484 ], [ -73.744590015996735, 40.756937226992605 ], [ -73.74460119265288, 40.756951773386369 ], [ -73.744615738529319, 40.756966326411877 ], [ -73.74462469614258, 40.756974033912257 ], [ -73.744634776391806, 40.756981742980372 ], [ -73.744642619997833, 40.756986884318842 ], [ -73.744654942340574, 40.756995454702668 ], [ -73.744699764929095, 40.757023740925959 ], [ -73.744713772022067, 40.757032740200593 ], [ -73.744738967604079, 40.75705286834885 ], [ -73.744774783622347, 40.757086260293356 ], [ -73.744775020230023, 40.75708650159293 ], [ -73.74480835114322, 40.757120499996596 ], [ -73.744821761268554, 40.757138466085181 ], [ -73.7448507835188, 40.757186362728774 ], [ -73.744860847455186, 40.757198344698857 ], [ -73.744866444627959, 40.75720348096273 ], [ -73.744873164433756, 40.757208619796323 ], [ -73.744917984523468, 40.757237332762486 ], [ -73.744959458427999, 40.757260060680537 ], [ -73.744991962252882, 40.757278925365917 ], [ -73.745049133906875, 40.757308946128418 ], [ -73.745060340163263, 40.757315803141957 ], [ -73.745090597667868, 40.757334663749454 ], [ -73.745107390111613, 40.757349220677419 ], [ -73.74512306276246, 40.75736335013206 ], [ -73.745148800411471, 40.757388603340885 ], [ -73.745163337798658, 40.757405718210052 ], [ -73.745195755679461, 40.757446790145735 ], [ -73.745210289825479, 40.757464758590132 ], [ -73.745223715362485, 40.757478455388245 ], [ -73.745240516828446, 40.757491304054213 ], [ -73.745258436462436, 40.757505008945039 ], [ -73.745284488748879, 40.757521724182077 ], [ -73.745295988796173, 40.757525164293945 ], [ -73.745338097395987, 40.757529103508105 ], [ -73.745351567756515, 40.757531693461317 ], [ -73.745359421699789, 40.757533846840211 ], [ -73.74536783000849, 40.757538136543424 ], [ -73.745426613751647, 40.757587380243464 ], [ -73.74547923847868, 40.757631912354412 ], [ -73.745503876997304, 40.757650756839354 ], [ -73.745550908920464, 40.757689299021976 ], [ -73.74556657575296, 40.757704708907966 ], [ -73.74558223270131, 40.757722678947786 ], [ -73.745611288381227, 40.757762034154787 ], [ -73.745626933505889, 40.757783423363946 ], [ -73.745642580696313, 40.757803957146777 ], [ -73.74567948433203, 40.757846747109944 ], [ -73.745706342548829, 40.757873285010987 ], [ -73.745733215770272, 40.757895552660173 ], [ -73.745763472530555, 40.7579144094885 ], [ -73.745780299080948, 40.757920426000766 ], [ -73.745792647837263, 40.757922160592301 ], [ -73.74580500094747, 40.757923042441305 ], [ -73.745818484439965, 40.757922217601021 ], [ -73.745830850588973, 40.757919683872259 ], [ -73.745842096151364, 40.757916290316082 ], [ -73.74585222121064, 40.757912044298898 ], [ -73.745899494820819, 40.757887378229022 ], [ -73.745927648404347, 40.757868647596005 ], [ -73.745949428318667, 40.757852547657173 ], [ -73.745978337663701, 40.757831177434703 ], [ -73.745994106734045, 40.75782010711805 ], [ -73.746006490358241, 40.757813302291503 ], [ -73.746016049499289, 40.757809906842972 ], [ -73.746028414525412, 40.757807371249079 ], [ -73.746043856497693, 40.757808473299541 ], [ -73.746054792863717, 40.757812554186337 ], [ -73.746062636672093, 40.757817697185061 ], [ -73.746076074546437, 40.757828829213921 ], [ -73.746105167219667, 40.757857935638533 ], [ -73.746146582889523, 40.757896464277422 ], [ -73.746161122687795, 40.757912725354068 ], [ -73.746172299967654, 40.757927269751789 ], [ -73.746175639812378, 40.757934965673073 ], [ -73.746178980876365, 40.757942658917784 ], [ -73.746185584863895, 40.757978547984401 ], [ -73.746190600135321, 40.757988807687767 ], [ -73.746198429319676, 40.757997795846137 ], [ -73.746205708586245, 40.758003790340645 ], [ -73.746218045863458, 40.758008514551442 ], [ -73.746226461324099, 40.758010669107847 ], [ -73.746256191018972, 40.758020555576728 ], [ -73.746312228207628, 40.758053991572083 ], [ -73.746307371841468, 40.758149645664794 ], [ -73.746303902660102, 40.758208842255733 ], [ -73.74630136567076, 40.758252131110069 ], [ -73.746293167081859, 40.758340090198566 ], [ -73.746270370774113, 40.75842631063022 ], [ -73.746194686257326, 40.758538037649124 ], [ -73.746099992957966, 40.758625805211494 ], [ -73.74606240990552, 40.758760679028789 ], [ -73.746102276818945, 40.758911098911689 ], [ -73.746162503640505, 40.759023978107663 ], [ -73.746258630287514, 40.759149750695336 ], [ -73.746359191575507, 40.759290050891117 ], [ -73.746554040774086, 40.75944935210525 ], [ -73.7467244917203, 40.759526601681912 ], [ -73.746911802337081, 40.759600470600581 ], [ -73.747090101554321, 40.759682006231756 ], [ -73.747366817288011, 40.75987821299961 ], [ -73.747494505144019, 40.759975866870207 ], [ -73.74754696244031, 40.760064813457092 ], [ -73.747605031547877, 40.760155481494316 ], [ -73.747650832621474, 40.760223059715209 ], [ -73.747743748641128, 40.760307823789532 ], [ -73.747907147324199, 40.760467907476354 ], [ -73.748034665920173, 40.760610828923554 ], [ -73.748158922266299, 40.760725555396156 ], [ -73.748248365785713, 40.760837645488188 ], [ -73.748239219925054, 40.760879479375433 ], [ -73.748208762080921, 40.76091357988642 ], [ -73.74821307765157, 40.760960568058685 ], [ -73.748240891691466, 40.761031523245222 ], [ -73.748230495138245, 40.761107517871956 ], [ -73.748220010142973, 40.761206576217987 ], [ -73.748230829827122, 40.761315932530515 ], [ -73.748258590349323, 40.761401407352956 ], [ -73.748374827811688, 40.761557970840691 ], [ -73.748475591870729, 40.761647021551255 ], [ -73.748583252102094, 40.761695089784574 ], [ -73.748722389221697, 40.76173724811752 ], [ -73.748869326828924, 40.761795650470816 ], [ -73.749022018203917, 40.761818191515658 ], [ -73.749135315616101, 40.761861144968861 ], [ -73.749290336274768, 40.761861482412314 ], [ -73.749362297585122, 40.761843701696783 ], [ -73.749382757623053, 40.761780539451237 ], [ -73.749336991102993, 40.761702710692923 ], [ -73.749339491741239, 40.761635240021462 ], [ -73.749330808693486, 40.761554929918155 ], [ -73.749285021080709, 40.761483082221908 ], [ -73.749220044602254, 40.761435963073694 ], [ -73.749171854128406, 40.761405962128109 ], [ -73.749174210146606, 40.761376924973156 ], [ -73.749470539318651, 40.761439069069198 ], [ -73.749661291122678, 40.761496711092057 ], [ -73.749798188307565, 40.761537154078233 ], [ -73.750040686778291, 40.761575265100497 ], [ -73.750188727134642, 40.761639647643477 ], [ -73.750211987755023, 40.761659808138546 ], [ -73.750323090263279, 40.761756103017284 ], [ -73.750462094788503, 40.761834131784838 ], [ -73.750534547966197, 40.761887822806415 ], [ -73.749529768795909, 40.762100074519466 ], [ -73.749500506908547, 40.762106255896526 ], [ -73.749476122363731, 40.762111406968295 ], [ -73.74945865384521, 40.762115097055982 ], [ -73.749098767626762, 40.762191747747181 ], [ -73.749080367947116, 40.762195512382746 ], [ -73.749056361967575, 40.762200423667728 ], [ -73.749023189402052, 40.762207208798316 ], [ -73.748994327824306, 40.762213357623096 ], [ -73.748959222140158, 40.762220848131449 ], [ -73.748915875020415, 40.762230113595677 ], [ -73.748871744443008, 40.762239565486738 ], [ -73.748833192886977, 40.762247838200587 ], [ -73.748797822673097, 40.762255441527508 ], [ -73.748754660244487, 40.762264736111817 ], [ -73.748723393233774, 40.762271482060981 ], [ -73.748711605543008, 40.762274025476842 ], [ -73.748600193873813, 40.762297993569476 ], [ -73.748565540296852, 40.762305547941111 ], [ -73.748514464109462, 40.762316389362717 ], [ -73.748483573292674, 40.762322946075727 ], [ -73.74840539068083, 40.762339294278412 ], [ -73.748320511049144, 40.762356774198352 ], [ -73.748262172272192, 40.762368626238747 ], [ -73.748217609845341, 40.762377589782723 ], [ -73.748197545088061, 40.762381593671456 ], [ -73.748179881638819, 40.762385119332372 ], [ -73.748102177786052, 40.762402294188384 ], [ -73.748039870495035, 40.762416888445323 ], [ -73.748003354739012, 40.762425441747794 ], [ -73.74790694885823, 40.76244922405462 ], [ -73.747887901445253, 40.762454171127402 ], [ -73.747802302313815, 40.76247640468133 ], [ -73.74769493412397, 40.762505791903784 ], [ -73.7475763625323, 40.76254004417833 ], [ -73.74747810794824, 40.762574650656973 ], [ -73.747377549194169, 40.762613450161261 ], [ -73.747276059400306, 40.762659430867309 ], [ -73.74715800698803, 40.762716225470285 ], [ -73.747075193733082, 40.762756628687661 ], [ -73.747001710836983, 40.762794198763338 ], [ -73.746931028913608, 40.762829528915468 ], [ -73.746841837003217, 40.762878260399056 ], [ -73.746589027853716, 40.763029697956526 ], [ -73.746502790411299, 40.763085878270694 ], [ -73.746446702829772, 40.763122416415889 ], [ -73.746424693948271, 40.763127115453337 ], [ -73.746404220068257, 40.763129306382247 ], [ -73.746386301074509, 40.763129591959661 ], [ -73.746361147891008, 40.763127438469859 ], [ -73.746338985765178, 40.763122943798855 ], [ -73.746317070492211, 40.763115806752808 ], [ -73.746293111445155, 40.763104245507499 ], [ -73.746277185556877, 40.763093668142552 ], [ -73.746264614236964, 40.763082981204668 ], [ -73.746254489109916, 40.763072147392101 ], [ -73.7457375241911, 40.762136303355838 ], [ -73.745701168396309, 40.762069455767843 ], [ -73.745672128830648, 40.761986918501414 ], [ -73.74563932819035, 40.761852264966613 ], [ -73.745621010809614, 40.761649670247721 ], [ -73.745614996647959, 40.761257884031579 ], [ -73.745607789299456, 40.761201046894342 ], [ -73.745604002985587, 40.761155506947247 ], [ -73.745589399261448, 40.76108728904704 ], [ -73.745577695920531, 40.761035238980988 ], [ -73.745566007899754, 40.760979443722917 ], [ -73.745541542970173, 40.760905258792882 ], [ -73.74552205210864, 40.760853685033439 ], [ -73.745497144687477, 40.760787778482495 ], [ -73.745442140789791, 40.760660471644741 ], [ -73.74538480889386, 40.760549239162152 ], [ -73.745361905052832, 40.760504799750763 ], [ -73.745252404642287, 40.760335813038552 ], [ -73.745137114612191, 40.760190083384892 ], [ -73.74502384887009, 40.760076853972159 ], [ -73.744859648970731, 40.759939044748272 ], [ -73.744724351831323, 40.759849273060631 ], [ -73.744559854250369, 40.759750795187777 ], [ -73.744394600491063, 40.759670812801389 ], [ -73.744312596412442, 40.759633952177701 ], [ -73.744223027860556, 40.759583709361806 ], [ -73.744139481351326, 40.759523622812537 ], [ -73.744046746599935, 40.759451108611962 ], [ -73.743979177741934, 40.759385748935316 ], [ -73.743899781829953, 40.759283968883501 ], [ -73.743841283343372, 40.759194366840326 ], [ -73.743818487303699, 40.759139854215242 ], [ -73.743148706233455, 40.757538116279939 ], [ -73.742765365186173, 40.756628003258747 ], [ -73.742691122323947, 40.756414971258586 ], [ -73.742404007825627, 40.755591103832991 ], [ -73.742306853125541, 40.755420243420801 ], [ -73.742238660407111, 40.755315011195762 ], [ -73.742222707327116, 40.755290390693823 ], [ -73.744191331172232, 40.754111512082744 ], [ -73.74496778580469, 40.753637286099405 ], [ -73.746736217924607, 40.752511404667331 ], [ -73.746768402559269, 40.75249323375499 ], [ -73.746789876342575, 40.752481325792189 ], [ -73.746811579479399, 40.752471996493433 ], [ -73.746840081910676, 40.752463651927961 ], [ -73.746868346725037, 40.7524579940088 ], [ -73.746904695610297, 40.752454551104051 ] ] ] ] } },
{ "type": "Feature", "properties": { "Borough": "QN", "Block": 7575, "Lot": 100, "CD": 411, "BCT2020": "4138502", "BCTCB2020": "41385021008", "CT2010": "1385.02", "CB2010": "1006", "SchoolDist": "26", "Council": 19, "ZipCode": 11362, "FireComp": "E313", "PolicePrct": 111, "HealthCent": 43, "HealthArea": 2140, "Sanitboro": "4", "SanitDistr": "11", "SanitSub": "6E", "Address": "HORACE HARDING EXPWY", "ZoneDist1": "PARK", "ZoneDist2": null, "ZoneDist3": null, "ZoneDist4": null, "Overlay1": null, "Overlay2": null, "SPDist1": null, "SPDist2": null, "SPDist3": null, "LtdHeight": null, "SplitZone": "N", "BldgClass": "Q1", "LandUse": "09", "Easements": 0, "OwnerType": "C", "OwnerName": "NYC DEPARTMENT OF PARKS AND RECREATION", "LotArea": 267500, "BldgArea": 0, "ComArea": 0, "ResArea": 0, "OfficeArea": 0, "RetailArea": 0, "GarageArea": 0, "StrgeArea": 0, "FactryArea": 0, "OtherArea": 0, "AreaSource": "7", "NumBldgs": 0, "NumFloors": 0.0, "UnitsRes": 0, "UnitsTotal": 0, "LotFront": 50.0, "LotDepth": 3150.0, "BldgFront": 0.0, "BldgDepth": 0.0, "Ext": "N", "ProxCode": "0", "IrrLotCode": "Y", "LotType": "5", "BsmtCode": "0", "AssessLand": 2236500.0, "AssessTot": 2236500.0, "ExemptTot": 2236500.0, "YearBuilt": 0, "YearAlter1": 0, "YearAlter2": 0, "HistDist": null, "Landmark": null, "BuiltFAR": 0.0, "ResidFAR": 0.0, "CommFAR": 0.0, "FacilFAR": 0.0, "BoroCode": 4, "BBL": 4075750100.0, "CondoNo": 0, "Tract2010": "138502", "XCoord": 1054532, "YCoord": 217436, "ZoneMap": "11b", "ZMCode": "Y", "Sanborn": "412 062", "TaxMap": "43304", "EDesigNum": null, "APPBBL": 0.0, "APPDate": null, "PLUTOMapID": "1", "FIRM07_FLA": null, "PFIRM15_FL": null, "Version": "25v4", "DCPEdited": "t", "Latitude": 40.7632086, "Longitude": -73.7462904, "Notes": null, "Shape_Leng": 0.0, "Shape_Area": 351338.51336799999 }, "geometry": { "type": "MultiPolygon", "coordinates": [ [ [ [ -73.746074568042914, 40.763368465141973 ], [ -73.74540356746914, 40.762237860089776 ], [ -73.745393743443131, 40.762221151981258 ], [ -73.745384774024629, 40.762205159801304 ], [ -73.745373568167594, 40.762184047850042 ], [ -73.745363406416473, 40.762163645051558 ], [ -73.745354933016074, 40.762145553085993 ], [ -73.745343581635268, 40.762119458248236 ], [ -73.745335234873565, 40.762098608277846 ], [ -73.74532598325257, 40.762073413245467 ], [ -73.74531856558761, 40.762051180329031 ], [ -73.745311197950357, 40.762026714376837 ], [ -73.745304963617414, 40.762003510603549 ], [ -73.745298712571497, 40.761976911101904 ], [ -73.745294149126011, 40.761954370265599 ], [ -73.7452910832545, 40.761936953927439 ], [ -73.745287195240024, 40.761910596408832 ], [ -73.745215269262218, 40.761305079862467 ], [ -73.745212400775586, 40.761281264940216 ], [ -73.745209111253416, 40.761258850314462 ], [ -73.745206263941967, 40.761241579438085 ], [ -73.745202436336626, 40.761221134829455 ], [ -73.74519819116928, 40.761200866655585 ], [ -73.745193238110133, 40.761179558607324 ], [ -73.745185859435821, 40.761151515718808 ], [ -73.745175817551711, 40.761117183206835 ], [ -73.745164422234993, 40.761083111563885 ], [ -73.745152435600431, 40.76105100714129 ], [ -73.745138503370086, 40.761017267537689 ], [ -73.745124149944473, 40.760985605375339 ], [ -73.745111348182093, 40.760959474839829 ], [ -73.744959804382702, 40.760647446137092 ], [ -73.744948761488416, 40.76062436596942 ], [ -73.744938846530417, 40.760604574226747 ], [ -73.74492728819385, 40.760582496004481 ], [ -73.744912532736222, 40.760555680458133 ], [ -73.744897126045458, 40.760529124488755 ], [ -73.74487928606608, 40.760499978690774 ], [ -73.744859252645199, 40.760469049579761 ], [ -73.744839262260314, 40.760439844132136 ], [ -73.744817401268094, 40.760409570042292 ], [ -73.744791951587942, 40.760376256981019 ], [ -73.744760413123643, 40.760337494005157 ], [ -73.744727050607239, 40.760299128630663 ], [ -73.744695605126253, 40.760265145779378 ], [ -73.744665665098282, 40.760234533253517 ], [ -73.744633249546595, 40.760203114601048 ], [ -73.744597441521222, 40.760170290035781 ], [ -73.744560191309247, 40.760138043031048 ], [ -73.744522255535074, 40.760107009327314 ], [ -73.744480323208123, 40.760074641146673 ], [ -73.74444411194807, 40.760048188469924 ], [ -73.7444123867065, 40.760026075412767 ], [ -73.744379280561773, 40.760003992661218 ], [ -73.744346522884072, 40.759983085769029 ], [ -73.744309894415792, 40.759960755578312 ], [ -73.744278128263304, 40.759942241715102 ], [ -73.744243006455761, 40.759922648868709 ], [ -73.744204616800886, 40.75990223365423 ], [ -73.74416970087853, 40.759884534060845 ], [ -73.74413555631034, 40.759867991519727 ], [ -73.744073117364366, 40.759834640228775 ], [ -73.744042905608794, 40.759817224784122 ], [ -73.744017422056416, 40.759801840652919 ], [ -73.743993741478917, 40.7597869439983 ], [ -73.743977100138565, 40.759776114404545 ], [ -73.743956648180912, 40.759762377589198 ], [ -73.7439322321259, 40.759745333395863 ], [ -73.743910002502304, 40.759729171154476 ], [ -73.74388532057506, 40.759710459592739 ], [ -73.743867171874442, 40.75969615782062 ], [ -73.743848070116329, 40.759680578020181 ], [ -73.743830376312644, 40.759665636078772 ], [ -73.743816997091855, 40.759670060242875 ], [ -73.743810036842632, 40.759650703645455 ], [ -73.743789526660706, 40.759633674381426 ], [ -73.743773366018715, 40.759619803013962 ], [ -73.743758211357118, 40.759606411164256 ], [ -73.743738300129962, 40.759588220762474 ], [ -73.743715911543177, 40.759566904478781 ], [ -73.743691155719176, 40.759542180873432 ], [ -73.743668092713548, 40.759517949940431 ], [ -73.743643390903785, 40.75949057984576 ], [ -73.743614700691055, 40.759456710830115 ], [ -73.743592291476801, 40.75942848671729 ], [ -73.743570548738361, 40.759399394183447 ], [ -73.743550054732211, 40.759370200852906 ], [ -73.743529981558154, 40.759339672147661 ], [ -73.743509454672548, 40.759306113922115 ], [ -73.743490877754013, 40.759273297666688 ], [ -73.743471261170754, 40.759235530662444 ], [ -73.743453808890649, 40.759198531290593 ], [ -73.74314968525718, 40.758527470932819 ], [ -73.743115681421557, 40.758447654918491 ], [ -73.742472206484905, 40.757050301700161 ], [ -73.74243228469426, 40.756950181975462 ], [ -73.742319961461931, 40.75668901696811 ], [ -73.742233977348988, 40.756475323591815 ], [ -73.741957309103014, 40.755712701410076 ], [ -73.741942848038789, 40.755674664736596 ], [ -73.74192606049769, 40.755637695377338 ], [ -73.741906416215485, 40.755600880828226 ], [ -73.74188750014352, 40.755569888836654 ], [ -73.741858918046063, 40.755528945267272 ], [ -73.742222707327116, 40.755290390693823 ], [ -73.742238660407111, 40.755315011195762 ], [ -73.742306853125541, 40.755420243420801 ], [ -73.742404007825627, 40.755591103832991 ], [ -73.742691122323947, 40.756414971258586 ], [ -73.742765365186173, 40.756628003258747 ], [ -73.743148706233455, 40.757538116279939 ], [ -73.743818487303699, 40.759139854215242 ], [ -73.743841283343372, 40.759194366840326 ], [ -73.743899781829953, 40.759283968883501 ], [ -73.743979177741934, 40.759385748935316 ], [ -73.744046746599935, 40.759451108611962 ], [ -73.744139481351326, 40.759523622812537 ], [ -73.744223027860556, 40.759583709361806 ], [ -73.744312596412442, 40.759633952177701 ], [ -73.744394600491063, 40.759670812801389 ], [ -73.744559854250369, 40.759750795187777 ], [ -73.744724351831323, 40.759849273060631 ], [ -73.744859648970731, 40.759939044748272 ], [ -73.74502384887009, 40.760076853972159 ], [ -73.745137114612191, 40.760190083384892 ], [ -73.745252404642287, 40.760335813038552 ], [ -73.745361905052832, 40.760504799750763 ], [ -73.74538480889386, 40.760549239162152 ], [ -73.745442140789791, 40.760660471644741 ], [ -73.745497144687477, 40.760787778482495 ], [ -73.74552205210864, 40.760853685033439 ], [ -73.745541542970173, 40.760905258792882 ], [ -73.745566007899754, 40.760979443722917 ], [ -73.745577695920531, 40.761035238980988 ], [ -73.745589399261448, 40.76108728904704 ], [ -73.745604002985587, 40.761155506947247 ], [ -73.745607789299456, 40.761201046894342 ], [ -73.745614996647959, 40.761257884031579 ], [ -73.745621010809614, 40.761649670247721 ], [ -73.74563932819035, 40.761852264966613 ], [ -73.745672128830648, 40.761986918501414 ], [ -73.745701168396309, 40.762069455767843 ], [ -73.7457375241911, 40.762136303355838 ], [ -73.746254489109916, 40.763072147392101 ], [ -73.746264614236964, 40.763082981204668 ], [ -73.746277185556877, 40.763093668142552 ], [ -73.746293111445155, 40.763104245507499 ], [ -73.746317070492211, 40.763115806752808 ], [ -73.746338985765178, 40.763122943798855 ], [ -73.746361147891008, 40.763127438469859 ], [ -73.746386301074509, 40.763129591959661 ], [ -73.746404220068257, 40.763129306382247 ], [ -73.746424693948271, 40.763127115453337 ], [ -73.746446702829772, 40.763122416415889 ], [ -73.746074568042914, 40.763368465141973 ] ] ] ] } },
{ "type": "Feature", "properties": { "Borough": "QN", "Block": 7575, "Lot": 150, "CD": 411, "BCT2020": "4138502", "BCTCB2020": "41385021016", "CT2010": "1385.02", "CB2010": "1024", "SchoolDist": "26", "Council": 23, "ZipCode": 11364, "FireComp": "E313", "PolicePrct": 111, "HealthCent": 43, "HealthArea": 2140, "Sanitboro": "4", "SanitDistr": "11", "SanitSub": "6E", "Address": "HORACE HARDING EXPWY", "ZoneDist1": "PARK", "ZoneDist2": null, "ZoneDist3": null, "ZoneDist4": null, "Overlay1": null, "Overlay2": null, "SPDist1": null, "SPDist2": null, "SPDist3": null, "LtdHeight": null, "SplitZone": "N", "BldgClass": "Q1", "LandUse": "09", "Easements": 0, "OwnerType": "C", "OwnerName": "NYC DEPARTMENT OF PARKS AND RECREATION", "LotArea": 225000, "BldgArea": 0, "ComArea": 0, "ResArea": 0, "OfficeArea": 0, "RetailArea": 0, "GarageArea": 0, "StrgeArea": 0, "FactryArea": 0, "OtherArea": 0, "AreaSource": "7", "NumBldgs": 0, "NumFloors": 0.0, "UnitsRes": 0, "UnitsTotal": 0, "LotFront": 50.0, "LotDepth": 2632.0, "BldgFront": 0.0, "BldgDepth": 0.0, "Ext": "N", "ProxCode": "0", "IrrLotCode": "Y", "LotType": "5", "BsmtCode": "0", "AssessLand": 1785600.0, "AssessTot": 1785600.0, "ExemptTot": 1785600.0, "YearBuilt": 0, "YearAlter1": 0, "YearAlter2": 0, "HistDist": null, "Landmark": null, "BuiltFAR": 0.0, "ResidFAR": 0.0, "CommFAR": 0.0, "FacilFAR": 0.0, "BoroCode": 4, "BBL": 4075750149.9999995, "CondoNo": 0, "Tract2010": "138502", "XCoord": 1053306, "YCoord": 215891, "ZoneMap": "11b", "ZMCode": null, "Sanborn": "412 062", "TaxMap": "43304", "EDesigNum": null, "APPBBL": 0.0, "APPDate": null, "PLUTOMapID": "1", "FIRM07_FLA": null, "PFIRM15_FL": null, "Version": "25v4", "DCPEdited": "t", "Latitude": 40.7589777, "Longitude": -73.750732, "Notes": null, "Shape_Leng": 0.0, "Shape_Area": 271684.295461 }, "geometry": { "type": "MultiPolygon", "coordinates": [ [ [ [ -73.750626228127786, 40.759021906819797 ], [ -73.749701249646748, 40.758730857222851 ], [ -73.747245448186305, 40.755861692931958 ], [ -73.746660422532159, 40.754441355104618 ], [ -73.747282309878187, 40.75361291973153 ], [ -73.747309142925417, 40.753560596758469 ], [ -73.747329155153878, 40.753508860420098 ], [ -73.747342326225947, 40.753460929931613 ], [ -73.747352111318605, 40.753398750489332 ], [ -73.747354172811157, 40.753348538889682 ], [ -73.747351088270165, 40.753298540298012 ], [ -73.747340946559234, 40.75324028566753 ], [ -73.747325566369653, 40.753189451440299 ], [ -73.747630831877387, 40.75392699475352 ], [ -73.747617797737547, 40.75390912710543 ], [ -73.747606657983212, 40.753897925574755 ], [ -73.747597792408911, 40.753891264008359 ], [ -73.747587125441456, 40.753884983836052 ], [ -73.747564250256815, 40.753876010564802 ], [ -73.747548149159414, 40.753872509226092 ], [ -73.747529762599342, 40.753870900211318 ], [ -73.747513361794944, 40.753871498243662 ], [ -73.747491637665902, 40.753875330966267 ], [ -73.747475016602976, 40.753880920866074 ], [ -73.747458123193283, 40.753889630534566 ], [ -73.747443214818617, 40.753901054985043 ], [ -73.74743388977582, 40.753911263455812 ], [ -73.747426282125687, 40.753923252388944 ], [ -73.747198511757787, 40.754267970613753 ], [ -73.74716947925053, 40.75431904595321 ], [ -73.747151780679275, 40.754361375197959 ], [ -73.747138398378951, 40.754407802235853 ], [ -73.747131173953946, 40.754451998764083 ], [ -73.747129132352271, 40.754494427211213 ], [ -73.747131799071695, 40.754536540051653 ], [ -73.747138142728332, 40.754573990867968 ], [ -73.747146761117435, 40.754606475906265 ], [ -73.747159560798167, 40.754641794080413 ], [ -73.747567299058659, 40.755646842714164 ], [ -73.747855334022219, 40.755988649742903 ], [ -73.748147269800626, 40.755845928976484 ], [ -73.748253529380833, 40.755971577966612 ], [ -73.747953767911795, 40.756112757333291 ], [ -73.748948809955579, 40.7572893589372 ], [ -73.748995363686561, 40.757335232343593 ], [ -73.749051954281114, 40.757379738161518 ], [ -73.749134437811932, 40.75742946745806 ], [ -73.74921722616341, 40.757466212089206 ], [ -73.74930610850474, 40.757494196117285 ], [ -73.749401030698621, 40.757513034238997 ], [ -73.749484886369089, 40.757521123953417 ], [ -73.749564077592467, 40.757521237655865 ], [ -73.749692997027665, 40.757673714735041 ], [ -73.749673999655201, 40.757676782947726 ], [ -73.74965265451614, 40.757679361576926 ], [ -73.749625543668145, 40.757681198237385 ], [ -73.749597028391022, 40.757681136259869 ], [ -73.74955917036354, 40.757679555439182 ], [ -73.749532676395319, 40.757676391110202 ], [ -73.749512971784654, 40.75767449142382 ], [ -73.749496910219165, 40.757673751409207 ], [ -73.749479949303861, 40.757675654194124 ], [ -73.749466641317355, 40.757678341205953 ], [ -73.749453579342259, 40.757682049909661 ], [ -73.749437689647493, 40.757688175769665 ], [ -73.749423232853033, 40.757695590605408 ], [ -73.749408550173186, 40.757705463393435 ], [ -73.74939455464137, 40.75771806533934 ], [ -73.749381422775173, 40.757734962699153 ], [ -73.74937076635436, 40.757759026356744 ], [ -73.749367745982042, 40.757779947610132 ], [ -73.749371685501188, 40.757806490590852 ], [ -73.749383540809987, 40.757830783344197 ], [ -73.749839763452329, 40.758394000996759 ], [ -73.749860480786779, 40.7584195745412 ], [ -73.749894104317306, 40.7584536300702 ], [ -73.749935843194137, 40.758487810373538 ], [ -73.749983164513225, 40.758522053139487 ], [ -73.750027155798648, 40.758550267068777 ], [ -73.750077138480094, 40.758578692115854 ], [ -73.750131099063239, 40.758605586755039 ], [ -73.750194746591092, 40.758632855434442 ], [ -73.75035761185984, 40.758691041195078 ], [ -73.750572206381079, 40.758767140062162 ], [ -73.750590182778936, 40.758770782005996 ], [ -73.750606325773447, 40.758772308220962 ], [ -73.750625517533379, 40.758772086760679 ], [ -73.750644529281743, 40.758769665977084 ], [ -73.750662648856988, 40.758765159446398 ], [ -73.750677664972756, 40.758759553920648 ], [ -73.750688584906896, 40.758754198786832 ], [ -73.750700992980256, 40.758746467739996 ], [ -73.750714297794588, 40.75873548692163 ], [ -73.750725489421612, 40.758722740138381 ], [ -73.750733272406436, 40.758710093980916 ], [ -73.750738528894928, 40.758696934535145 ], [ -73.750741539039907, 40.758680548212403 ], [ -73.750954947651906, 40.759139357625713 ], [ -73.750626228127786, 40.759021906819797 ] ] ] ] } },
{ "type": "Feature", "properties": { "Borough": "QN", "Block": 7720, "Lot": 1, "CD": 411, "BCT2020": "4138502", "BCTCB2020": "41385021012", "CT2010": "1385.02", "CB2010": "1021", "SchoolDist": "26", "Council": 23, "ZipCode": 11362, "FireComp": "L160", "PolicePrct": 111, "HealthCent": 43, "HealthArea": 2140, "Sanitboro": "4", "SanitDistr": "11", "SanitSub": "5E", "Address": "HORACE HARDING EXPWY", "ZoneDist1": "R3-2", "ZoneDist2": null, "ZoneDist3": null, "ZoneDist4": null, "Overlay1": null, "Overlay2": null, "SPDist1": null, "SPDist2": null, "SPDist3": null, "LtdHeight": null, "SplitZone": "N", "BldgClass": "V0", "LandUse": "11", "Easements": 0, "OwnerType": "C", "OwnerName": "NYC DEPARTMENT OF PARKS AND RECREATION", "LotArea": 936540, "BldgArea": 0, "ComArea": 0, "ResArea": 0, "OfficeArea": 0, "RetailArea": 0, "GarageArea": 0, "StrgeArea": 0, "FactryArea": 0, "OtherArea": 0, "AreaSource": "7", "NumBldgs": 0, "NumFloors": 0.0, "UnitsRes": 0, "UnitsTotal": 0, "LotFront": 1658.0, "LotDepth": 1500.0, "BldgFront": 0.0, "BldgDepth": 0.0, "Ext": null, "ProxCode": "0", "IrrLotCode": "Y", "LotType": "5", "BsmtCode": "5", "AssessLand": 5713920.0, "AssessTot": 5713920.0, "ExemptTot": 5713920.0, "YearBuilt": 0, "YearAlter1": 0, "YearAlter2": 0, "HistDist": null, "Landmark": null, "BuiltFAR": 0.0, "ResidFAR": 0.75, "CommFAR": 0.0, "FacilFAR": 1.0, "BoroCode": 4, "BBL": 4077200001.0, "CondoNo": 0, "Tract2010": "138502", "XCoord": 1055344, "YCoord": 213657, "ZoneMap": "11b", "ZMCode": null, "Sanborn": "422 059", "TaxMap": "43402", "EDesigNum": null, "APPBBL": 0.0, "APPDate": null, "PLUTOMapID": "1", "FIRM07_FLA": null, "PFIRM15_FL": null, "Version": "25v4", "DCPEdited": "t", "Latitude": 40.7528298, "Longitude": -73.7433992, "Notes": null, "Shape_Leng": 0.0, "Shape_Area": 947946.30416399997 }, "geometry": { "type": "MultiPolygon", "coordinates": [ [ [ [ -73.741940879296337, 40.753288400317707 ], [ -73.741903249247784, 40.753174604979016 ], [ -73.741718387762504, 40.752774838422866 ], [ -73.741491997387229, 40.75228486701463 ], [ -73.74144080070181, 40.752143615967235 ], [ -73.741432750216958, 40.752076673658529 ], [ -73.741436075683964, 40.752020134471977 ], [ -73.741449500362549, 40.751971342497164 ], [ -73.74146755972356, 40.751928038762742 ], [ -73.741516321325321, 40.751849445389929 ], [ -73.741572121059448, 40.751785859418547 ], [ -73.741661043270611, 40.751713185961783 ], [ -73.741791567288786, 40.751626869309192 ], [ -73.742008499519585, 40.751512885109349 ], [ -73.742390982716145, 40.751407543888782 ], [ -73.742562245291651, 40.751394169724144 ], [ -73.742722714722007, 40.751381638341812 ], [ -73.742842404267776, 40.751372290842738 ], [ -73.743366064843045, 40.751517427875228 ], [ -73.744067852654084, 40.75184734253628 ], [ -73.744837466435897, 40.751949068761384 ], [ -73.745829288757278, 40.751765781591494 ], [ -73.746183580176577, 40.751742114788549 ], [ -73.746289745150492, 40.751741943505777 ], [ -73.746327721089514, 40.751745859715214 ], [ -73.746388039278699, 40.751761012106869 ], [ -73.746452646599366, 40.75178798417874 ], [ -73.746498108014649, 40.751821621059158 ], [ -73.746515841161852, 40.751846357503332 ], [ -73.746528805510863, 40.751870874467727 ], [ -73.746547719103077, 40.751924574848395 ], [ -73.746549509238235, 40.751961075600263 ], [ -73.746545997480155, 40.751990525324622 ], [ -73.746539906051169, 40.752014514121164 ], [ -73.746527426277027, 40.752037224582367 ], [ -73.746502643046327, 40.752061867462615 ], [ -73.746463555465908, 40.752090172716109 ], [ -73.744703822718577, 40.753323585750422 ], [ -73.744348721835308, 40.753540709206035 ], [ -73.744225110326553, 40.753616290194124 ], [ -73.741880812693083, 40.75504961656852 ], [ -73.741823697755919, 40.754970132922196 ], [ -73.741739914090644, 40.754857501986052 ], [ -73.741687637295925, 40.754761121999032 ], [ -73.741659614090949, 40.754648573691483 ], [ -73.741642970331327, 40.754537131538989 ], [ -73.741650438999528, 40.754442515469577 ], [ -73.741682844961773, 40.754354440765077 ], [ -73.741946070608492, 40.753711066584586 ], [ -73.741954493366194, 40.753673258606085 ], [ -73.741956701142371, 40.753663346268475 ], [ -73.741962717235211, 40.753600264581145 ], [ -73.741969020839548, 40.753534186651031 ], [ -73.741959479250482, 40.753395024635722 ], [ -73.741940879296337, 40.753288400317707 ] ] ] ] } },
{ "type": "Feature", "properties": { "Borough": "QN", "Block": 7850, "Lot": 1, "CD": 411, "BCT2020": "4138502", "BCTCB2020": "41385021022", "CT2010": "1385.02", "CB2010": "1028", "SchoolDist": "26", "Council": 23, "ZipCode": 11364, "FireComp": "L160", "PolicePrct": 111, "HealthCent": 43, "HealthArea": 2140, "Sanitboro": "4", "SanitDistr": "11", "SanitSub": "5C", "Address": "CLOVERDALE BOULEVARD", "ZoneDist1": "PARK", "ZoneDist2": null, "ZoneDist3": null, "ZoneDist4": null, "Overlay1": null, "Overlay2": null, "SPDist1": null, "SPDist2": null, "SPDist3": null, "LtdHeight": null, "SplitZone": "N", "BldgClass": "Q1", "LandUse": "09", "Easements": 0, "OwnerType": "C", "OwnerName": "NYC DEPARTMENT OF PARKS AND RECREATION", "LotArea": 80000, "BldgArea": 0, "ComArea": 0, "ResArea": 0, "OfficeArea": 0, "RetailArea": 0, "GarageArea": 0, "StrgeArea": 0, "FactryArea": 0, "OtherArea": 0, "AreaSource": "7", "NumBldgs": 0, "NumFloors": 0.0, "UnitsRes": 0, "UnitsTotal": 0, "LotFront": 645.0, "LotDepth": 125.0, "BldgFront": 0.0, "BldgDepth": 0.0, "Ext": "N", "ProxCode": "0", "IrrLotCode": "Y", "LotType": "3", "BsmtCode": "0", "AssessLand": 1336050.0, "AssessTot": 1336050.0, "ExemptTot": 1336050.0, "YearBuilt": 0, "YearAlter1": 0, "YearAlter2": 0, "HistDist": null, "Landmark": null, "BuiltFAR": 0.0, "ResidFAR": 0.0, "CommFAR": 0.0, "FacilFAR": 0.0, "BoroCode": 4, "BBL": 4078500001.0, "CondoNo": 0, "Tract2010": "138502", "XCoord": 1055760, "YCoord": 208607, "ZoneMap": "11b", "ZMCode": null, "Sanborn": "422 059", "TaxMap": "43501", "EDesigNum": null, "APPBBL": 0.0, "APPDate": null, "PLUTOMapID": "1", "FIRM07_FLA": null, "PFIRM15_FL": null, "Version": "25v4", "DCPEdited": "t", "Latitude": 40.7389655, "Longitude": -73.7419514, "Notes": null, "Shape_Leng": 0.0, "Shape_Area": 110595.980956 }, "geometry": { "type": "MultiPolygon", "coordinates": [ [ [ [ -73.74047618473297, 40.739051597784794 ], [ -73.74074742372899, 40.738761407565931 ], [ -73.74083486405263, 40.738796080472433 ], [ -73.740931877475219, 40.73882836232886 ], [ -73.741025584092355, 40.73884942715587 ], [ -73.741092578045823, 40.738863179991959 ], [ -73.741179285795326, 40.738875013080936 ], [ -73.741245918119262, 40.738879771672117 ], [ -73.741301638535916, 40.738879615839338 ], [ -73.741384194612024, 40.7388785729567 ], [ -73.741475026332068, 40.738873528786577 ], [ -73.741523566303826, 40.738868179729039 ], [ -73.741556599767932, 40.738864542851346 ], [ -73.741622340517367, 40.738853480771645 ], [ -73.743041340436335, 40.738562731583428 ], [ -73.743288862117069, 40.738865197026058 ], [ -73.742921015426901, 40.739040275100876 ], [ -73.742872490685201, 40.73906347467959 ], [ -73.742817841467797, 40.73908572766171 ], [ -73.74267405547991, 40.739134854450988 ], [ -73.742604356591329, 40.739153926393854 ], [ -73.742538126115022, 40.739171598544161 ], [ -73.74241603596694, 40.73919569693593 ], [ -73.742330335762304, 40.739205416233375 ], [ -73.742125070191449, 40.739217283914499 ], [ -73.741373472522127, 40.739254399738655 ], [ -73.741293571457746, 40.739251822144738 ], [ -73.741174780159653, 40.739245158961602 ], [ -73.741048355705161, 40.739229458881084 ], [ -73.740903150834285, 40.739202805820625 ], [ -73.740794838441701, 40.739175476566665 ], [ -73.740657461526283, 40.739129142100658 ], [ -73.740541840472048, 40.739082478343178 ], [ -73.740481984692394, 40.739054938286451 ], [ -73.74047618473297, 40.739051597784794 ] ] ] ] } },
{ "type": "Feature", "properties": { "Borough": "QN", "Block": 7850, "Lot": 10, "CD": 411, "BCT2020": "4138502", "BCTCB2020": "41385021022", "CT2010": "1385.02", "CB2010": "1028", "SchoolDist": "26", "Council": 23, "ZipCode": 11364, "FireComp": "L160", "PolicePrct": 111, "HealthCent": 43, "HealthArea": 2140, "Sanitboro": "4", "SanitDistr": "11", "SanitSub": "5C", "Address": "CLOVERDALE BOULEVARD", "ZoneDist1": "R3-2", "ZoneDist2": null, "ZoneDist3": null, "ZoneDist4": null, "Overlay1": null, "Overlay2": null, "SPDist1": null, "SPDist2": null, "SPDist3": null, "LtdHeight": null, "SplitZone": "N", "BldgClass": "Q1", "LandUse": "09", "Easements": 0, "OwnerType": "C", "OwnerName": "NYC DEPARTMENT OF PARKS AND RECREATION", "LotArea": 156000, "BldgArea": 0, "ComArea": 0, "ResArea": 0, "OfficeArea": 0, "RetailArea": 0, "GarageArea": 0, "StrgeArea": 0, "FactryArea": 0, "OtherArea": 0, "AreaSource": "7", "NumBldgs": 0, "NumFloors": 0.0, "UnitsRes": 0, "UnitsTotal": 0, "LotFront": 138.0, "LotDepth": 705.0, "BldgFront": 0.0, "BldgDepth": 0.0, "Ext": "N", "ProxCode": "0", "IrrLotCode": "Y", "LotType": "5", "BsmtCode": "0", "AssessLand": 2576700.0, "AssessTot": 2576700.0, "ExemptTot": 2576700.0, "YearBuilt": 0, "YearAlter1": 0, "YearAlter2": 0, "HistDist": null, "Landmark": null, "BuiltFAR": 0.0, "ResidFAR": 0.75, "CommFAR": 0.0, "FacilFAR": 1.0, "BoroCode": 4, "BBL": 4078500010.0, "CondoNo": 0, "Tract2010": "138502", "XCoord": 1055805, "YCoord": 208723, "ZoneMap": "11b", "ZMCode": null, "Sanborn": "422 059", "TaxMap": "43501", "EDesigNum": null, "APPBBL": 0.0, "APPDate": null, "PLUTOMapID": "1", "FIRM07_FLA": null, "PFIRM15_FL": null, "Version": "25v4", "DCPEdited": "t", "Latitude": 40.7392835, "Longitude": -73.7417878, "Notes": null, "Shape_Leng": 0.0, "Shape_Area": 131939.54475900001 }, "geometry": { "type": "MultiPolygon", "coordinates": [ [ [ [ -73.740078882959622, 40.739369940132065 ], [ -73.739809485702992, 40.739205069579967 ], [ -73.740155656826232, 40.738866994230833 ], [ -73.74047618473297, 40.739051597784794 ], [ -73.740481984692394, 40.739054938286451 ], [ -73.740541840472048, 40.739082478343178 ], [ -73.740657461526283, 40.739129142100658 ], [ -73.740794838441701, 40.739175476566665 ], [ -73.740903150834285, 40.739202805820625 ], [ -73.741048355705161, 40.739229458881084 ], [ -73.741174780159653, 40.739245158961602 ], [ -73.741293571457746, 40.739251822144738 ], [ -73.741373472522127, 40.739254399738655 ], [ -73.742125070191449, 40.739217283914499 ], [ -73.742330335762304, 40.739205416233375 ], [ -73.74241603596694, 40.73919569693593 ], [ -73.742538126115022, 40.739171598544161 ], [ -73.742604356591329, 40.739153926393854 ], [ -73.74267405547991, 40.739134854450988 ], [ -73.742817841467797, 40.73908572766171 ], [ -73.742872490685201, 40.73906347467959 ], [ -73.742921015426901, 40.739040275100876 ], [ -73.743288862117069, 40.738865197026058 ], [ -73.743545545511338, 40.739178854098775 ], [ -73.743589720657965, 40.739468100176509 ], [ -73.743039868595048, 40.739487879949763 ], [ -73.742178630030196, 40.739477502948567 ], [ -73.740465243491712, 40.739537658221408 ], [ -73.740443607838998, 40.739427512017464 ], [ -73.740078882959622, 40.739369940132065 ] ] ] ] } },
{ "type": "Feature", "properties": { "Borough": "QN", "Block": 7850, "Lot": 20, "CD": 411, "BCT2020": "4138502", "BCTCB2020": "41385021022", "CT2010": "1385.02", "CB2010": "1028", "SchoolDist": "26", "Council": 23, "ZipCode": 11364, "FireComp": "L160", "PolicePrct": 111, "HealthCent": 43, "HealthArea": 2140, "Sanitboro": "4", "SanitDistr": "11", "SanitSub": "5C", "Address": "CLOVERDALE BOULEVARD", "ZoneDist1": "PARK", "ZoneDist2": null, "ZoneDist3": null, "ZoneDist4": null, "Overlay1": null, "Overlay2": null, "SPDist1": null, "SPDist2": null, "SPDist3": null, "LtdHeight": null, "SplitZone": "N", "BldgClass": "Q1", "LandUse": "09", "Easements": 0, "OwnerType": "C", "OwnerName": "NYC DEPARTMENT OF PARKS AND RECREATION", "LotArea": 3761406, "BldgArea": 900, "ComArea": 900, "ResArea": 0, "OfficeArea": 0, "RetailArea": 0, "GarageArea": 0, "StrgeArea": 0, "FactryArea": 0, "OtherArea": 900, "AreaSource": "2", "NumBldgs": 3, "NumFloors": 1.0, "UnitsRes": 0, "UnitsTotal": 0, "LotFront": 460.25, "LotDepth": 847.0, "BldgFront": 18.0, "BldgDepth": 50.0, "Ext": "N", "ProxCode": "0", "IrrLotCode": "Y", "LotType": "5", "BsmtCode": "0", "AssessLand": 36023940.0, "AssessTot": 53165250.0, "ExemptTot": 53165250.0, "YearBuilt": 0, "YearAlter1": 0, "YearAlter2": 0, "HistDist": null, "Landmark": null, "BuiltFAR": 0.0, "ResidFAR": 0.0, "CommFAR": 0.0, "FacilFAR": 0.0, "BoroCode": 4, "BBL": 4078500020.0, "CondoNo": 0, "Tract2010": "138502", "XCoord": 1056196, "YCoord": 209812, "ZoneMap": "11b", "ZMCode": null, "Sanborn": "422 059", "TaxMap": "43501", "EDesigNum": null, "APPBBL": 0.0, "APPDate": null, "PLUTOMapID": "1", "FIRM07_FLA": null, "PFIRM15_FL": null, "Version": "25v4", "DCPEdited": "t", "Latitude": 40.7422694, "Longitude": -73.7403652, "Notes": null, "Shape_Leng": 0.0, "Shape_Area": 3428653.1037900001 }, "geometry": { "type": "MultiPolygon", "coordinates": [ [ [ [ -73.735481028954396, 40.743230009484037 ], [ -73.735522183957912, 40.743185135216613 ], [ -73.73574895555565, 40.742937870280947 ], [ -73.735932545189627, 40.742765718372894 ], [ -73.736108752303167, 40.742617908103917 ], [ -73.736293471693571, 40.742460164632433 ], [ -73.736518906702301, 40.742290258003663 ], [ -73.73676944011639, 40.742109440989189 ], [ -73.737115882275418, 40.741883266645914 ], [ -73.737468937093269, 40.741676220587586 ], [ -73.737716083036915, 40.74154351800297 ], [ -73.737959242992972, 40.741398128487113 ], [ -73.738229998390651, 40.741217869400067 ], [ -73.738609225793468, 40.740932705088902 ], [ -73.738805524975177, 40.740774172435614 ], [ -73.739067432785546, 40.740546403747494 ], [ -73.739141890514475, 40.740480350674503 ], [ -73.739214929715857, 40.740407309020263 ], [ -73.739353730155742, 40.740266081907876 ], [ -73.739573719525595, 40.740013114504151 ], [ -73.739738774523758, 40.739818201923093 ], [ -73.740078882959622, 40.739369940132065 ], [ -73.740443607838998, 40.739427512017464 ], [ -73.740465243491712, 40.739537658221408 ], [ -73.742178630030196, 40.739477502948567 ], [ -73.743039868595048, 40.739487879949763 ], [ -73.743589720657965, 40.739468100176509 ], [ -73.743594938235702, 40.739502261939457 ], [ -73.743784606265464, 40.740744118351593 ], [ -73.743803748429372, 40.740833062033126 ], [ -73.743823281292563, 40.740899851351443 ], [ -73.743851325110214, 40.740959067318542 ], [ -73.743875031785663, 40.741005765633666 ], [ -73.743925787851339, 40.741085220711533 ], [ -73.74398726163632, 40.741162716670139 ], [ -73.744035491790299, 40.741217738802341 ], [ -73.744110064458042, 40.741289871550514 ], [ -73.744183026423798, 40.741355704213412 ], [ -73.744262386366842, 40.741418805467028 ], [ -73.74431403290059, 40.741452165236325 ], [ -73.744344486348069, 40.741470487984103 ], [ -73.744399697801654, 40.741502002298184 ], [ -73.744515118247563, 40.741561068056832 ], [ -73.74660744419505, 40.742417869790337 ], [ -73.746703076659301, 40.742464207874086 ], [ -73.74682716876778, 40.742530720510146 ], [ -73.746897661264029, 40.742574183638752 ], [ -73.746962024038481, 40.742618939950752 ], [ -73.747040078525231, 40.742680239038471 ], [ -73.747093394493902, 40.742730410030234 ], [ -73.747148099662027, 40.742785832320941 ], [ -73.747202754717634, 40.742853526630668 ], [ -73.747240721739217, 40.742905925957047 ], [ -73.747280251520664, 40.742952705962267 ], [ -73.747288544650004, 40.742965071107974 ], [ -73.747292700182967, 40.742973572936357 ], [ -73.747294491461005, 40.742980158687764 ], [ -73.747295588184059, 40.742985681180635 ], [ -73.747295698075547, 40.742993537474717 ], [ -73.74729230071155, 40.743004268596309 ], [ -73.747288925569364, 40.743010736762812 ], [ -73.747282167407448, 40.743019456924436 ], [ -73.74727712325253, 40.743024223037771 ], [ -73.74727026110601, 40.743028835741931 ], [ -73.747261817070267, 40.743032557003119 ], [ -73.747247882163038, 40.743035482817227 ], [ -73.747223903662501, 40.743037776868363 ], [ -73.747212963439466, 40.743037506141555 ], [ -73.746074800114584, 40.742852960591129 ], [ -73.746024222088948, 40.742843145203139 ], [ -73.745964829718503, 40.742836654763167 ], [ -73.745900924330414, 40.74283350702845 ], [ -73.745788712214491, 40.742836588587195 ], [ -73.745700040159718, 40.742845550140665 ], [ -73.745604563966126, 40.742861875368689 ], [ -73.74548917944999, 40.742885840572725 ], [ -73.745352032506361, 40.742929486779687 ], [ -73.745265192495353, 40.742953142078711 ], [ -73.745137079200049, 40.742991203259436 ], [ -73.745055849990592, 40.743013613650291 ], [ -73.74501589503987, 40.743023217433546 ], [ -73.744951169861537, 40.743037181533985 ], [ -73.744898460509134, 40.743045361154628 ], [ -73.74485931234085, 40.743049566302631 ], [ -73.744812961306309, 40.743051490621248 ], [ -73.744761766812474, 40.743050250687965 ], [ -73.744716840368952, 40.743046541833301 ], [ -73.744592640433581, 40.743033751195128 ], [ -73.744345567562135, 40.743012591242916 ], [ -73.743830084172785, 40.742969414461847 ], [ -73.742929086364114, 40.743002189988971 ], [ -73.742743563966229, 40.743026350673702 ], [ -73.742552436111254, 40.743071715501671 ], [ -73.742448121083058, 40.743105008213121 ], [ -73.742303079251798, 40.743161490669316 ], [ -73.742155924033185, 40.743241471541218 ], [ -73.742101294624931, 40.743279678615195 ], [ -73.742020986913161, 40.743349661132555 ], [ -73.741939765297488, 40.743442156090495 ], [ -73.741844934908272, 40.743606060692066 ], [ -73.741798018571046, 40.743689538207583 ], [ -73.741764794010109, 40.743736038098348 ], [ -73.74169104751617, 40.743815074443241 ], [ -73.741610905143659, 40.743882422155757 ], [ -73.741526761008856, 40.74394177058624 ], [ -73.741433387750448, 40.743992763056532 ], [ -73.741383191676022, 40.744014450855353 ], [ -73.741349084124579, 40.744024781459679 ], [ -73.741263992204324, 40.744048805023461 ], [ -73.740000826549291, 40.744405435128293 ], [ -73.739914612779756, 40.744425425489389 ], [ -73.739834958103316, 40.744438173305916 ], [ -73.739726708639054, 40.744450269321973 ], [ -73.739593140484118, 40.74446165326713 ], [ -73.735859590199652, 40.744602339727294 ], [ -73.735743284124439, 40.744605348993204 ], [ -73.735677155552693, 40.744611617019309 ], [ -73.735513677772104, 40.744636801763363 ], [ -73.735409954616884, 40.744654913285672 ], [ -73.735392167820933, 40.744658019646671 ], [ -73.73451333003068, 40.744852723695125 ], [ -73.734493090765284, 40.744854984981757 ], [ -73.734463500501903, 40.744856262193295 ], [ -73.734440491205334, 40.744856017309949 ], [ -73.734410579595163, 40.744852089663937 ], [ -73.734386333358273, 40.744844919680197 ], [ -73.734359089812912, 40.744831058303724 ], [ -73.734330390480778, 40.744811421322105 ], [ -73.734312957873243, 40.74479517464885 ], [ -73.734302208268332, 40.744778217550937 ], [ -73.734294332328687, 40.744758605172414 ], [ -73.734292104845579, 40.744742664631495 ], [ -73.734295082011528, 40.744699776501704 ], [ -73.734317702430104, 40.744565378893611 ], [ -73.734323082873416, 40.744516606105122 ], [ -73.734326349192486, 40.744416657908744 ], [ -73.734321788463163, 40.744277732798231 ], [ -73.734309472236447, 40.744191086062081 ], [ -73.734397917464747, 40.744132651573665 ], [ -73.734474715581854, 40.744084289329109 ], [ -73.734599406496187, 40.743993497290219 ], [ -73.734733688740533, 40.743893161046714 ], [ -73.734967837968512, 40.743704057034435 ], [ -73.735061295983613, 40.743633207392264 ], [ -73.735200756846666, 40.743503668179358 ], [ -73.735481028954396, 40.743230009484037 ] ] ] ] } },
{ "type": "Feature", "properties": { "Borough": "QN", "Block": 6331, "Lot": 1, "CD": 411, "BCT2020": "4138502", "BCTCB2020": "41385021002", "CT2010": "1385.02", "CB2010": "1002", "SchoolDist": "26", "Council": 19, "ZipCode": 11363, "FireComp": "E306", "PolicePrct": 111, "HealthCent": 43, "HealthArea": 2140, "Sanitboro": "4", "SanitDistr": "11", "SanitSub": "6E", "Address": "NORTHERN BOULEVARD", "ZoneDist1": "PARK", "ZoneDist2": null, "ZoneDist3": null, "ZoneDist4": null, "Overlay1": null, "Overlay2": null, "SPDist1": null, "SPDist2": null, "SPDist3": null, "LtdHeight": null, "SplitZone": "N", "BldgClass": "Q0", "LandUse": "09", "Easements": 0, "OwnerType": "C", "OwnerName": "NYC DEPARTMENT OF PARKS AND RECREATION", "LotArea": 510000, "BldgArea": 0, "ComArea": 0, "ResArea": 0, "OfficeArea": 0, "RetailArea": 0, "GarageArea": 0, "StrgeArea": 0, "FactryArea": 0, "OtherArea": 0, "AreaSource": "7", "NumBldgs": 0, "NumFloors": 0.0, "UnitsRes": 0, "UnitsTotal": 0, "LotFront": 1020.25, "LotDepth": 603.17, "BldgFront": 0.0, "BldgDepth": 0.0, "Ext": null, "ProxCode": "0", "IrrLotCode": "Y", "LotType": "5", "BsmtCode": "5", "AssessLand": 4626000.0, "AssessTot": 4626000.0, "ExemptTot": 4626000.0, "YearBuilt": 0, "YearAlter1": 0, "YearAlter2": 0, "HistDist": null, "Landmark": null, "BuiltFAR": 0.0, "ResidFAR": 0.0, "CommFAR": 0.0, "FacilFAR": 0.0, "BoroCode": 4, "BBL": 4063310000.9999995, "CondoNo": 0, "Tract2010": "138502", "XCoord": 1052338, "YCoord": 217654, "ZoneMap": "11a", "ZMCode": null, "Sanborn": "412 061", "TaxMap": "42906", "EDesigNum": null, "APPBBL": 0.0, "APPDate": null, "PLUTOMapID": "1", "FIRM07_FLA": "1", "PFIRM15_FL": "1", "Version": "25v4", "DCPEdited": "t", "Latitude": 40.7638241, "Longitude": -73.7542083, "Notes": null, "Shape_Leng": 0.0, "Shape_Area": 486473.750076 }, "geometry": { "type": "MultiPolygon", "coordinates": [ [ [ [ -73.755371255521723, 40.762757590757232 ], [ -73.755962208226435, 40.764329127776001 ], [ -73.755615881331792, 40.76439671212065 ], [ -73.755033604052045, 40.76452888695443 ], [ -73.754613698734232, 40.764646959109093 ], [ -73.754178095830341, 40.764772609981463 ], [ -73.753902881512431, 40.764878031792293 ], [ -73.753695825766059, 40.764951766674578 ], [ -73.753679140658548, 40.764919355858616 ], [ -73.753668137492681, 40.764897985800765 ], [ -73.753632772756362, 40.764830290004831 ], [ -73.753597839801941, 40.764776821393561 ], [ -73.753564728004278, 40.764731182088269 ], [ -73.753517373958104, 40.764672135251317 ], [ -73.753471788159501, 40.764638747708894 ], [ -73.753441452809184, 40.764601049578687 ], [ -73.753401585696892, 40.764566226175234 ], [ -73.753366598240774, 40.764530440659989 ], [ -73.753335183904127, 40.764496607890109 ], [ -73.75330675967983, 40.764457465823227 ], [ -73.753243604989194, 40.764407210848901 ], [ -73.753159460839626, 40.76434997699203 ], [ -73.753066621081373, 40.764285470823339 ], [ -73.752993085333941, 40.764251609696679 ], [ -73.752893715657208, 40.764208387293742 ], [ -73.752784297696422, 40.764144197444672 ], [ -73.752681603525247, 40.764080324446603 ], [ -73.75262400790966, 40.764045014188525 ], [ -73.752563672186156, 40.76400673359138 ], [ -73.752461343890786, 40.763948087777948 ], [ -73.752418579326161, 40.763909517096629 ], [ -73.75218478007173, 40.763773803639843 ], [ -73.752132094852655, 40.763738821694346 ], [ -73.752118722983255, 40.763727945172114 ], [ -73.752055308538033, 40.763562102417239 ], [ -73.752041936723316, 40.763536775988371 ], [ -73.755371255521723, 40.762757590757232 ] ] ] ] } },
{ "type": "Feature", "properties": { "Borough": "QN", "Block": 8083, "Lot": 200, "CD": 411, "BCT2020": "4138502", "BCTCB2020": "41385021001", "CT2010": "1385.02", "CB2010": "1001", "SchoolDist": "26", "Council": 19, "ZipCode": 0, "FireComp": "E313", "PolicePrct": 0, "HealthCent": 0, "HealthArea": 0, "Sanitboro": null, "SanitDistr": null, "SanitSub": null, "Address": "230 STREET", "ZoneDist1": "R1-2", "ZoneDist2": null, "ZoneDist3": null, "ZoneDist4": null, "Overlay1": null, "Overlay2": null, "SPDist1": null, "SPDist2": null, "SPDist3": null, "LtdHeight": null, "SplitZone": "N", "BldgClass": "V0", "LandUse": "11", "Easements": 0, "OwnerType": "C", "OwnerName": "NYC DEPARTMENT OF CITYWIDE ADMINISTRATIVE SERVICES", "LotArea": 540387, "BldgArea": 0, "ComArea": 0, "ResArea": 0, "OfficeArea": 0, "RetailArea": 0, "GarageArea": 0, "StrgeArea": 0, "FactryArea": 0, "OtherArea": 0, "AreaSource": "7", "NumBldgs": 0, "NumFloors": 0.0, "UnitsRes": 0, "UnitsTotal": 0, "LotFront": 872.7, "LotDepth": 618.9, "BldgFront": 0.0, "BldgDepth": 0.0, "Ext": null, "ProxCode": "0", "IrrLotCode": "Y", "LotType": "9", "BsmtCode": "5", "AssessLand": 0.0, "AssessTot": 0.0, "ExemptTot": 0.0, "YearBuilt": 0, "YearAlter1": 0, "YearAlter2": 0, "HistDist": null, "Landmark": null, "BuiltFAR": 0.0, "ResidFAR": 0.75, "CommFAR": 0.0, "FacilFAR": 1.0, "BoroCode": 4, "BBL": 4080830200.0, "CondoNo": 0, "Tract2010": "138502", "XCoord": 1052484, "YCoord": 218204, "ZoneMap": "11a", "ZMCode": null, "Sanborn": "412 064", "TaxMap": "43602", "EDesigNum": null, "APPBBL": 0.0, "APPDate": null, "PLUTOMapID": "1", "FIRM07_FLA": "1", "PFIRM15_FL": "1", "Version": "25v4", "DCPEdited": "t", "Latitude": 40.7653326, "Longitude": -73.7536756, "Notes": null, "Shape_Leng": 0.0, "Shape_Area": 1900.4866096000001 }, "geometry": { "type": "MultiPolygon", "coordinates": [ [ [ [ -73.753572672539676, 40.765547899233589 ], [ -73.753551689052941, 40.765528941822275 ], [ -73.753549825030532, 40.765527382336515 ], [ -73.75355749086259, 40.76553221816291 ], [ -73.753557833695524, 40.765532434406524 ], [ -73.753576876836092, 40.765546997673049 ], [ -73.753597017832874, 40.765569249159718 ], [ -73.753597998836426, 40.765570542053993 ], [ -73.753572672539676, 40.765547899233589 ] ] ], [ [ [ -73.753362218303309, 40.765300159356364 ], [ -73.753385603052791, 40.765323653743351 ], [ -73.753388937765166, 40.765333055939429 ], [ -73.753390743505079, 40.765338614098852 ], [ -73.753362218303309, 40.765300159356364 ] ] ], [ [ [ -73.753695825766059, 40.764951766674578 ], [ -73.753701777412445, 40.764970625232579 ], [ -73.753718706512672, 40.765004010876709 ], [ -73.753737583710276, 40.765033897657396 ], [ -73.753723681021071, 40.765038236247463 ], [ -73.75369913623517, 40.764992061474622 ], [ -73.753666206598893, 40.764962270701396 ], [ -73.753695825766059, 40.764951766674578 ] ] ], [ [ [ -73.753846444432838, 40.765207524315237 ], [ -73.753871414635341, 40.765244721035742 ], [ -73.753892373637427, 40.765266432937892 ], [ -73.753909262716192, 40.765287620204539 ], [ -73.753924087028665, 40.76530636896009 ], [ -73.753937097419751, 40.765323728588768 ], [ -73.753912428624787, 40.765337594270711 ], [ -73.753903425866085, 40.765341845220242 ], [ -73.753895548910009, 40.765345246663216 ], [ -73.753883462067606, 40.765348208756535 ], [ -73.753868577723054, 40.765347962604487 ], [ -73.75383827515887, 40.765339998536298 ], [ -73.753822566897398, 40.765334839336489 ], [ -73.753801260014839, 40.765324543217893 ], [ -73.753788922476275, 40.765319392978164 ], [ -73.753780797316423, 40.765314037405993 ], [ -73.753769883358174, 40.765303122413975 ], [ -73.753761505146883, 40.765290292923275 ], [ -73.753755367372662, 40.765279174726338 ], [ -73.753752579928687, 40.76527354687493 ], [ -73.753751496391317, 40.765262937515466 ], [ -73.753753212126881, 40.765254399884057 ], [ -73.753759999838934, 40.765241603745189 ], [ -73.753772411219998, 40.76522710869412 ], [ -73.753827855497576, 40.765180891384404 ], [ -73.753846444432838, 40.765207524315237 ] ] ] ] } },
{ "type": "Feature", "properties": { "Borough": "QN", "Block": 8084, "Lot": 60, "CD": 411, "BCT2020": "4148300", "BCTCB2020": "41483002009", "CT2010": "1483", "CB2010": "2010", "SchoolDist": "26", "Council": 19, "ZipCode": 11363, "FireComp": "E313", "PolicePrct": 111, "HealthCent": 43, "HealthArea": 2150, "Sanitboro": "4", "SanitDistr": "11", "SanitSub": "4C", "Address": "230 STREET", "ZoneDist1": "R1-2", "ZoneDist2": null, "ZoneDist3": null, "ZoneDist4": null, "Overlay1": null, "Overlay2": null, "SPDist1": null, "SPDist2": null, "SPDist3": null, "LtdHeight": null, "SplitZone": "N", "BldgClass": "U7", "LandUse": "07", "Easements": 0, "OwnerType": "X", "OwnerName": "MTA - LIRR", "LotArea": 286280, "BldgArea": 0, "ComArea": 0, "ResArea": 0, "OfficeArea": 0, "RetailArea": 0, "GarageArea": 0, "StrgeArea": 0, "FactryArea": 0, "OtherArea": 0, "AreaSource": "7", "NumBldgs": 0, "NumFloors": 0.0, "UnitsRes": 0, "UnitsTotal": 0, "LotFront": 324.0, "LotDepth": 1170.0, "BldgFront": 0.0, "BldgDepth": 0.0, "Ext": "N", "ProxCode": "0", "IrrLotCode": "Y", "LotType": "5", "BsmtCode": "0", "AssessLand": 0.0, "AssessTot": 0.0, "ExemptTot": 0.0, "YearBuilt": 0, "YearAlter1": 0, "YearAlter2": 0, "HistDist": null, "Landmark": null, "BuiltFAR": 0.0, "ResidFAR": 0.75, "CommFAR": 0.0, "FacilFAR": 1.0, "BoroCode": 4, "BBL": 4080840059.9999995, "CondoNo": 0, "Tract2010": "1483", "XCoord": 1053215, "YCoord": 218754, "ZoneMap": "11a", "ZMCode": null, "Sanborn": "412 064", "TaxMap": "43602", "EDesigNum": null, "APPBBL": 0.0, "APPDate": null, "PLUTOMapID": "1", "FIRM07_FLA": "1", "PFIRM15_FL": "1", "Version": "25v4", "DCPEdited": "t", "Latitude": 40.7668366, "Longitude": -73.7510311, "Notes": null, "Shape_Leng": 0.0, "Shape_Area": 284907.24063499999 }, "geometry": { "type": "MultiPolygon", "coordinates": [ [ [ [ -73.749310126765636, 40.767730985408178 ], [ -73.749360769577734, 40.767690327745335 ], [ -73.749296409856925, 40.767634427382305 ], [ -73.750524473139819, 40.766674224810714 ], [ -73.750910194703408, 40.766389804850135 ], [ -73.751189183208353, 40.766205059082367 ], [ -73.751624414695371, 40.765942638601089 ], [ -73.75164987181482, 40.765970633631134 ], [ -73.751657039235695, 40.765966643600585 ], [ -73.752309666983038, 40.765603375696998 ], [ -73.752429826390042, 40.765536493096157 ], [ -73.752441683413309, 40.765549409891122 ], [ -73.752330834958642, 40.765595572299894 ], [ -73.752229478432966, 40.765662833830575 ], [ -73.752231617129226, 40.765691877181467 ], [ -73.752233776969547, 40.765714943801967 ], [ -73.752418381449289, 40.765617115200811 ], [ -73.752470200559713, 40.765580475630117 ], [ -73.752631166801848, 40.765755827808725 ], [ -73.752912854925086, 40.766062686513081 ], [ -73.752810352986316, 40.766111142599854 ], [ -73.752714106020576, 40.766158234310595 ], [ -73.752577829889532, 40.766227642661832 ], [ -73.752437084632618, 40.766302824432458 ], [ -73.752289525119892, 40.766385648297593 ], [ -73.752176297972397, 40.766452121591399 ], [ -73.752043857053721, 40.766533256868968 ], [ -73.751915725529955, 40.766615432308889 ], [ -73.751439254787215, 40.766940280780375 ], [ -73.751387810337064, 40.766949699885963 ], [ -73.751257510085139, 40.766926215053296 ], [ -73.751243755835944, 40.766946131631904 ], [ -73.751158664614351, 40.76706932824834 ], [ -73.751142713455508, 40.767176942338452 ], [ -73.751013025524827, 40.767330740767747 ], [ -73.750938491029132, 40.767565488010902 ], [ -73.750671248083222, 40.76766069587493 ], [ -73.750665592021335, 40.767662710634035 ], [ -73.750572937212155, 40.76772718357072 ], [ -73.750427034400886, 40.767735951780452 ], [ -73.750412803811571, 40.767756430009079 ], [ -73.750374746641768, 40.767811201148589 ], [ -73.750230356632713, 40.767917117390603 ], [ -73.750163862331718, 40.767965894172768 ], [ -73.750012366929852, 40.767975080156241 ], [ -73.749968974893676, 40.767998204651448 ], [ -73.749873917487463, 40.768048861798128 ], [ -73.749779340662968, 40.768099263239733 ], [ -73.749379544724675, 40.767785471277115 ], [ -73.749310126765636, 40.767730985408178 ] ] ] ] } },
{ "type": "Feature", "properties": { "Borough": "QN", "Block": 8084, "Lot": 71, "CD": 411, "BCT2020": "4138502", "BCTCB2020": "41385021000", "CT2010": "1385.02", "CB2010": "1000", "SchoolDist": "26", "Council": 19, "ZipCode": 11363, "FireComp": "E313", "PolicePrct": 111, "HealthCent": 43, "HealthArea": 2140, "Sanitboro": "4", "SanitDistr": "11", "SanitSub": "4C", "Address": "43 AVENUE", "ZoneDist1": "PARK", "ZoneDist2": null, "ZoneDist3": null, "ZoneDist4": null, "Overlay1": null, "Overlay2": null, "SPDist1": null, "SPDist2": null, "SPDist3": null, "LtdHeight": null, "SplitZone": "N", "BldgClass": "Q1", "LandUse": "09", "Easements": 0, "OwnerType": "C", "OwnerName": "NYC DEPARTMENT OF PARKS AND RECREATION", "LotArea": 95180, "BldgArea": 0, "ComArea": 0, "ResArea": 0, "OfficeArea": 0, "RetailArea": 0, "GarageArea": 0, "StrgeArea": 0, "FactryArea": 0, "OtherArea": 0, "AreaSource": "7", "NumBldgs": 0, "NumFloors": 0.0, "UnitsRes": 0, "UnitsTotal": 0, "LotFront": 869.0, "LotDepth": 220.0, "BldgFront": 0.0, "BldgDepth": 0.0, "Ext": "N", "ProxCode": "0", "IrrLotCode": "Y", "LotType": "3", "BsmtCode": "5", "AssessLand": 7734150.0, "AssessTot": 7734150.0, "ExemptTot": 7734150.0, "YearBuilt": 0, "YearAlter1": 0, "YearAlter2": 0, "HistDist": null, "Landmark": null, "BuiltFAR": 0.0, "ResidFAR": 0.0, "CommFAR": 0.0, "FacilFAR": 0.0, "BoroCode": 4, "BBL": 4080840071.0, "CondoNo": 0, "Tract2010": "138502", "XCoord": 1053481, "YCoord": 218706, "ZoneMap": "11a", "ZMCode": null, "Sanborn": "412 064", "TaxMap": "43602", "EDesigNum": null, "APPBBL": 0.0, "APPDate": null, "PLUTOMapID": "1", "FIRM07_FLA": "1", "PFIRM15_FL": "1", "Version": "25v4", "DCPEdited": "t", "Latitude": 40.7667027, "Longitude": -73.7500713, "Notes": null, "Shape_Leng": 0.0, "Shape_Area": 142453.38021199999 }, "geometry": { "type": "MultiPolygon", "coordinates": [ [ [ [ -73.749294948285112, 40.767633157167417 ], [ -73.749248934674185, 40.767593192403034 ], [ -73.749231085723338, 40.767577691878756 ], [ -73.749211259209233, 40.767543841764052 ], [ -73.749178809777263, 40.767488446654284 ], [ -73.749098447300355, 40.767351253923387 ], [ -73.749069183710176, 40.767301293932221 ], [ -73.748963862536016, 40.767258958533617 ], [ -73.748674819535751, 40.767142770618022 ], [ -73.750005692678997, 40.766452731806197 ], [ -73.750660562193588, 40.766113179498944 ], [ -73.751426832107569, 40.765715856859352 ], [ -73.751657039235695, 40.765966643600585 ], [ -73.75164987181482, 40.765970633631134 ], [ -73.751624414695371, 40.765942638601089 ], [ -73.751189183208353, 40.766205059082367 ], [ -73.750910194703408, 40.766389804850135 ], [ -73.750524473139819, 40.766674224810714 ], [ -73.749296409856925, 40.767634427382305 ], [ -73.749294948285112, 40.767633157167417 ] ] ] ] } },
{ "type": "Feature", "properties": { "Borough": "QN", "Block": 8088, "Lot": 1, "CD": 411, "BCT2020": "4138502", "BCTCB2020": "41385021000", "CT2010": "1385.02", "CB2010": "1000", "SchoolDist": "26", "Council": 19, "ZipCode": 11363, "FireComp": "E313", "PolicePrct": 111, "HealthCent": 43, "HealthArea": 2140, "Sanitboro": "4", "SanitDistr": "11", "SanitSub": "4C", "Address": "NORTHERN BOULEVARD", "ZoneDist1": "PARK", "ZoneDist2": null, "ZoneDist3": null, "ZoneDist4": null, "Overlay1": null, "Overlay2": null, "SPDist1": null, "SPDist2": null, "SPDist3": null, "LtdHeight": null, "SplitZone": "N", "BldgClass": "Q9", "LandUse": "09", "Easements": 0, "OwnerType": "C", "OwnerName": "NYC DEPARTMENT OF PARKS AND RECREATION", "LotArea": 252660, "BldgArea": 500, "ComArea": 500, "ResArea": 0, "OfficeArea": 0, "RetailArea": 0, "GarageArea": 0, "StrgeArea": 0, "FactryArea": 0, "OtherArea": 500, "AreaSource": "2", "NumBldgs": 1, "NumFloors": 1.0, "UnitsRes": 0, "UnitsTotal": 0, "LotFront": 180.0, "LotDepth": 925.0, "BldgFront": 10.0, "BldgDepth": 50.0, "Ext": "N", "ProxCode": "0", "IrrLotCode": "Y", "LotType": "3", "BsmtCode": "0", "AssessLand": 1640044.0, "AssessTot": 2376450.0, "ExemptTot": 2376450.0, "YearBuilt": 1935, "YearAlter1": 0, "YearAlter2": 0, "HistDist": null, "Landmark": null, "BuiltFAR": 0.0, "ResidFAR": 0.0, "CommFAR": 0.0, "FacilFAR": 0.0, "BoroCode": 4, "BBL": 4080880001.0, "CondoNo": 0, "Tract2010": "138502", "XCoord": 1053930, "YCoord": 218369, "ZoneMap": "11a", "ZMCode": null, "Sanborn": "412 064", "TaxMap": "43602", "EDesigNum": null, "APPBBL": 0.0, "APPDate": null, "PLUTOMapID": "1", "FIRM07_FLA": "1", "PFIRM15_FL": "1", "Version": "25v4", "DCPEdited": "t", "Latitude": 40.7657742, "Longitude": -73.7484539, "Notes": null, "Shape_Leng": 0.0, "Shape_Area": 319571.884395 }, "geometry": { "type": "MultiPolygon", "coordinates": [ [ [ [ -73.748416635767242, 40.767038986408011 ], [ -73.74859622491536, 40.766713111515116 ], [ -73.748410852085541, 40.766727153781638 ], [ -73.748098824606316, 40.766235808248638 ], [ -73.747115060967815, 40.764686630520337 ], [ -73.747095530443374, 40.764681706908284 ], [ -73.747089948848128, 40.764680052068073 ], [ -73.747081177505024, 40.764677215133489 ], [ -73.74707495602388, 40.764675022292153 ], [ -73.747066110967253, 40.764671633119683 ], [ -73.747052366409235, 40.76466569117094 ], [ -73.747037601643655, 40.7646582979824 ], [ -73.747027933122098, 40.764652820510832 ], [ -73.747018937710877, 40.764647215845457 ], [ -73.747008042874043, 40.7646396844099 ], [ -73.747212470618635, 40.764582204253962 ], [ -73.747385293189595, 40.764532810326166 ], [ -73.747584867129092, 40.764480546384377 ], [ -73.74781611859882, 40.764425902865945 ], [ -73.747929647285801, 40.764400913648068 ], [ -73.749810018546157, 40.766449519101144 ], [ -73.750005692678997, 40.766452731806197 ], [ -73.748674819535751, 40.767142770618022 ], [ -73.748564947188356, 40.767158746371841 ], [ -73.748416635767242, 40.767038986408011 ] ] ] ] } },
{ "type": "Feature", "properties": { "Borough": "QN", "Block": 8163, "Lot": 1, "CD": 411, "BCT2020": "4138502", "BCTCB2020": "41385021008", "CT2010": "1385.02", "CB2010": "1006", "SchoolDist": "26", "Council": 19, "ZipCode": 11362, "FireComp": "E313", "PolicePrct": 111, "HealthCent": 43, "HealthArea": 2140, "Sanitboro": "4", "SanitDistr": "11", "SanitSub": "6E", "Address": "NORTHERN BOULEVARD", "ZoneDist1": "PARK", "ZoneDist2": null, "ZoneDist3": null, "ZoneDist4": null, "Overlay1": null, "Overlay2": null, "SPDist1": null, "SPDist2": null, "SPDist3": null, "LtdHeight": null, "SplitZone": "N", "BldgClass": "Q0", "LandUse": "09", "Easements": 0, "OwnerType": "C", "OwnerName": "NYC DEPARTMENT OF PARKS AND RECREATION", "LotArea": 109900, "BldgArea": 0, "ComArea": 0, "ResArea": 0, "OfficeArea": 0, "RetailArea": 0, "GarageArea": 0, "StrgeArea": 0, "FactryArea": 0, "OtherArea": 0, "AreaSource": "7", "NumBldgs": 0, "NumFloors": 0.0, "UnitsRes": 0, "UnitsTotal": 0, "LotFront": 208.0, "LotDepth": 633.0, "BldgFront": 0.0, "BldgDepth": 0.0, "Ext": null, "ProxCode": "0", "IrrLotCode": "Y", "LotType": "5", "BsmtCode": "5", "AssessLand": 3460050.0, "AssessTot": 3460050.0, "ExemptTot": 3460050.0, "YearBuilt": 0, "YearAlter1": 0, "YearAlter2": 0, "HistDist": null, "Landmark": null, "BuiltFAR": 0.0, "ResidFAR": 0.0, "CommFAR": 0.0, "FacilFAR": 0.0, "BoroCode": 4, "BBL": 4081630000.9999995, "CondoNo": 0, "Tract2010": "138502", "XCoord": 1053590, "YCoord": 217310, "ZoneMap": "11a", "ZMCode": null, "Sanborn": "412 064", "TaxMap": "43604", "EDesigNum": null, "APPBBL": 0.0, "APPDate": null, "PLUTOMapID": "1", "FIRM07_FLA": "1", "PFIRM15_FL": "1", "Version": "25v4", "DCPEdited": "t", "Latitude": 40.7628702, "Longitude": -73.7496922, "Notes": null, "Shape_Leng": 0.0, "Shape_Area": 119758.538783 }, "geometry": { "type": "MultiPolygon", "coordinates": [ [ [ [ -73.74925927020935, 40.762878965957313 ], [ -73.748723393233774, 40.762271482060981 ], [ -73.748754660244487, 40.762264736111817 ], [ -73.748797822673097, 40.762255441527508 ], [ -73.748833192886977, 40.762247838200587 ], [ -73.748871744443008, 40.762239565486738 ], [ -73.748915875020415, 40.762230113595677 ], [ -73.748959222140158, 40.762220848131449 ], [ -73.748994327824306, 40.762213357623096 ], [ -73.749023189402052, 40.762207208798316 ], [ -73.749056361967575, 40.762200423667728 ], [ -73.749080367947116, 40.762195512382746 ], [ -73.749098767626762, 40.762191747747181 ], [ -73.74945865384521, 40.762115097055982 ], [ -73.750653417929144, 40.763465070204049 ], [ -73.74992378056038, 40.763632253323649 ], [ -73.74925927020935, 40.762878965957313 ] ] ] ] } },
{ "type": "Feature", "properties": { "Borough": "QN", "Block": 8164, "Lot": 1, "CD": 411, "BCT2020": "4138502", "BCTCB2020": "41385021008", "CT2010": "1385.02", "CB2010": "1006", "SchoolDist": "26", "Council": 19, "ZipCode": 11362, "FireComp": "E313", "PolicePrct": 111, "HealthCent": 43, "HealthArea": 2140, "Sanitboro": "4", "SanitDistr": "11", "SanitSub": "6E", "Address": "231 STREET", "ZoneDist1": "PARK", "ZoneDist2": null, "ZoneDist3": null, "ZoneDist4": null, "Overlay1": null, "Overlay2": null, "SPDist1": null, "SPDist2": null, "SPDist3": null, "LtdHeight": null, "SplitZone": "N", "BldgClass": "Q0", "LandUse": "09", "Easements": 0, "OwnerType": "C", "OwnerName": "NYC DEPARTMENT OF PARKS AND RECREATION", "LotArea": 340408, "BldgArea": 0, "ComArea": 0, "ResArea": 0, "OfficeArea": 0, "RetailArea": 0, "GarageArea": 0, "StrgeArea": 0, "FactryArea": 0, "OtherArea": 0, "AreaSource": "7", "NumBldgs": 0, "NumFloors": 0.0, "UnitsRes": 0, "UnitsTotal": 0, "LotFront": 267.08, "LotDepth": 103.17, "BldgFront": 0.0, "BldgDepth": 0.0, "Ext": null, "ProxCode": "0", "IrrLotCode": "Y", "LotType": "3", "BsmtCode": "5", "AssessLand": 11671200.0, "AssessTot": 11671200.0, "ExemptTot": 11671200.0, "YearBuilt": 0, "YearAlter1": 0, "YearAlter2": 0, "HistDist": null, "Landmark": null, "BuiltFAR": 0.0, "ResidFAR": 0.0, "CommFAR": 0.0, "FacilFAR": 0.0, "BoroCode": 4, "BBL": 4081640001.0, "CondoNo": 0, "Tract2010": "138502", "XCoord": 1054167, "YCoord": 217425, "ZoneMap": "11a", "ZMCode": null, "Sanborn": "412 065Q", "TaxMap": "43604", "EDesigNum": null, "APPBBL": 0.0, "APPDate": null, "PLUTOMapID": "1", "FIRM07_FLA": "1", "PFIRM15_FL": "1", "Version": "25v4", "DCPEdited": "t", "Latitude": 40.7631813, "Longitude": -73.7476082, "Notes": null, "Shape_Leng": 0.0, "Shape_Area": 326604.95183400001 }, "geometry": { "type": "MultiPolygon", "coordinates": [ [ [ [ -73.746772738494769, 40.763899530788336 ], [ -73.746775250787508, 40.763885452338442 ], [ -73.746775737022446, 40.763875005734207 ], [ -73.746774643078837, 40.763861498372371 ], [ -73.746770347888258, 40.763844231556341 ], [ -73.746761318553936, 40.763824870605191 ], [ -73.746751113799988, 40.763810331094582 ], [ -73.746736159667492, 40.76379486891063 ], [ -73.746719644455837, 40.763782262384368 ], [ -73.746705376561493, 40.763773839131609 ], [ -73.746689172234539, 40.763766341921453 ], [ -73.746670935851469, 40.763760033405354 ], [ -73.746657836505051, 40.763756697006755 ], [ -73.746646203843923, 40.763754495755954 ], [ -73.74663093627295, 40.763752623410618 ], [ -73.746613909442985, 40.763751843898454 ], [ -73.746596141688329, 40.76375247569387 ], [ -73.746576992293669, 40.763754837054279 ], [ -73.74655471293363, 40.763759923622189 ], [ -73.746535931624095, 40.763766409237448 ], [ -73.746386347689224, 40.763841232925579 ], [ -73.746113885798763, 40.763974230595068 ], [ -73.746093404059508, 40.763948921704149 ], [ -73.745890487622646, 40.763698176920677 ], [ -73.745815569817609, 40.763605132257474 ], [ -73.745806429046752, 40.763590543641484 ], [ -73.745850308474232, 40.763549199027416 ], [ -73.745886615988724, 40.763516621281845 ], [ -73.745917653202696, 40.763489904944471 ], [ -73.745953461442227, 40.763460268914692 ], [ -73.745988470225228, 40.763432493390276 ], [ -73.746032332257059, 40.76339908569549 ], [ -73.746074568042914, 40.763368465141973 ], [ -73.746446702829772, 40.763122416415889 ], [ -73.746502790411299, 40.763085878270694 ], [ -73.746589027853716, 40.763029697956526 ], [ -73.746841837003217, 40.762878260399056 ], [ -73.746931028913608, 40.762829528915468 ], [ -73.747001710836983, 40.762794198763338 ], [ -73.747075193733082, 40.762756628687661 ], [ -73.74715800698803, 40.762716225470285 ], [ -73.747276059400306, 40.762659430867309 ], [ -73.747377549194169, 40.762613450161261 ], [ -73.74747810794824, 40.762574650656973 ], [ -73.7475763625323, 40.76254004417833 ], [ -73.74769493412397, 40.762505791903784 ], [ -73.747802302313815, 40.76247640468133 ], [ -73.747887901445253, 40.762454171127402 ], [ -73.74790694885823, 40.76244922405462 ], [ -73.748003354739012, 40.762425441747794 ], [ -73.748039870495035, 40.762416888445323 ], [ -73.748102177786052, 40.762402294188384 ], [ -73.748179881638819, 40.762385119332372 ], [ -73.748197545088061, 40.762381593671456 ], [ -73.748217609845341, 40.762377589782723 ], [ -73.748262172272192, 40.762368626238747 ], [ -73.748320511049144, 40.762356774198352 ], [ -73.74840539068083, 40.762339294278412 ], [ -73.748483573292674, 40.762322946075727 ], [ -73.748514464109462, 40.762316389362717 ], [ -73.748565540296852, 40.762305547941111 ], [ -73.748600193873813, 40.762297993569476 ], [ -73.748711605543008, 40.762274025476842 ], [ -73.748723393233774, 40.762271482060981 ], [ -73.74925927020935, 40.762878965957313 ], [ -73.749138586835087, 40.762942195444133 ], [ -73.749115757788871, 40.762953095035279 ], [ -73.749100023471016, 40.7629632554575 ], [ -73.749081763008093, 40.76297904389655 ], [ -73.749067631573581, 40.762996274093702 ], [ -73.74905998751872, 40.763009259017842 ], [ -73.749052013376513, 40.763030621473945 ], [ -73.749049382072442, 40.763046547604581 ], [ -73.749049212169922, 40.76305957306996 ], [ -73.749050623784527, 40.763071560156526 ], [ -73.748837392585031, 40.763183804097309 ], [ -73.748540557160169, 40.763340055027605 ], [ -73.748536334019818, 40.763335267715263 ], [ -73.748447283425392, 40.763382141980408 ], [ -73.748397308664778, 40.763408448449383 ], [ -73.748363139945468, 40.763431694237056 ], [ -73.748358918026454, 40.763435378035545 ], [ -73.748259904341722, 40.763485692930558 ], [ -73.748441588180285, 40.763691781304281 ], [ -73.748408472419925, 40.763708391791702 ], [ -73.748238072130704, 40.763793864214605 ], [ -73.748198524895585, 40.763747936516367 ], [ -73.747897195930989, 40.763899082639092 ], [ -73.747788443237198, 40.763772780596604 ], [ -73.747686051586271, 40.763824131266347 ], [ -73.747607644869518, 40.763863467553215 ], [ -73.747306312835363, 40.764014611290165 ], [ -73.747108188034758, 40.763784511663808 ], [ -73.746808379217114, 40.763940383252788 ], [ -73.746772738494769, 40.763899530788336 ] ] ] ] } },
{ "type": "Feature", "properties": { "Borough": "QN", "Block": 8167, "Lot": 1, "CD": 411, "BCT2020": "4150701", "BCTCB2020": "41507013002", "CT2010": "1507.01", "CB2010": "3001", "SchoolDist": "26", "Council": 19, "ZipCode": 11363, "FireComp": "E313", "PolicePrct": 111, "HealthCent": 43, "HealthArea": 2150, "Sanitboro": "4", "SanitDistr": "11", "SanitSub": "4C", "Address": "240-02 234 STREET", "ZoneDist1": "R1-2", "ZoneDist2": null, "ZoneDist3": null, "ZoneDist4": null, "Overlay1": null, "Overlay2": null, "SPDist1": null, "SPDist2": null, "SPDist3": null, "LtdHeight": null, "SplitZone": "N", "BldgClass": "G8", "LandUse": "05", "Easements": 0, "OwnerType": null, "OwnerName": "240-02 REALTY LLC", "LotArea": 62425, "BldgArea": 21219, "ComArea": 21219, "ResArea": 0, "OfficeArea": 2292, "RetailArea": 4284, "GarageArea": 14643, "StrgeArea": 0, "FactryArea": 0, "OtherArea": 0, "AreaSource": "2", "NumBldgs": 3, "NumFloors": 1.0, "UnitsRes": 0, "UnitsTotal": 1, "LotFront": 405.0, "LotDepth": 188.0, "BldgFront": 178.0, "BldgDepth": 99.0, "Ext": "N", "ProxCode": "0", "IrrLotCode": "Y", "LotType": "5", "BsmtCode": "0", "AssessLand": 733500.0, "AssessTot": 2325150.0, "ExemptTot": 0.0, "YearBuilt": 1936, "YearAlter1": 1968, "YearAlter2": 0, "HistDist": null, "Landmark": null, "BuiltFAR": 0.34, "ResidFAR": 0.75, "CommFAR": 0.0, "FacilFAR": 1.0, "BoroCode": 4, "BBL": 4081670000.9999995, "CondoNo": 0, "Tract2010": "150701", "XCoord": 1054583, "YCoord": 217842, "ZoneMap": "11a", "ZMCode": null, "Sanborn": "412 077", "TaxMap": "43604", "EDesigNum": null, "APPBBL": 0.0, "APPDate": null, "PLUTOMapID": "1", "FIRM07_FLA": null, "PFIRM15_FL": null, "Version": "25v4", "DCPEdited": null, "Latitude": 40.7643226, "Longitude": -73.7461021, "Notes": null, "Shape_Leng": 0.0, "Shape_Area": 63259.084381599998 }, "geometry": { "type": "MultiPolygon", "coordinates": [ [ [ [ -73.745569998380688, 40.764151059653237 ], [ -73.745606668247689, 40.764150537267142 ], [ -73.746249155429254, 40.764141382993373 ], [ -73.746113885798763, 40.763974230595068 ], [ -73.746386347689224, 40.763841232925579 ], [ -73.746740112377509, 40.764261814015214 ], [ -73.746744177113428, 40.764266803669557 ], [ -73.74674765848107, 40.764271643459736 ], [ -73.746753422679163, 40.764281342911481 ], [ -73.746757487231164, 40.764290402808527 ], [ -73.746760331714086, 40.764299212473006 ], [ -73.746761505083413, 40.764304306536829 ], [ -73.746762394961891, 40.76430978983565 ], [ -73.746762895848633, 40.764315107552328 ], [ -73.746763045382068, 40.764320314651641 ], [ -73.746762833650763, 40.764325848737229 ], [ -73.746762264972205, 40.764331210031557 ], [ -73.746761423113981, 40.764336129418332 ], [ -73.746760263725804, 40.764341072452233 ], [ -73.74675756246404, 40.764349428702666 ], [ -73.746754242056667, 40.764357060348125 ], [ -73.746750732926159, 40.764363539910079 ], [ -73.746747288448219, 40.764368931778314 ], [ -73.746743679869653, 40.764373872188791 ], [ -73.7467399733669, 40.764378377349907 ], [ -73.746735501728651, 40.764383223084643 ], [ -73.746731207964203, 40.764387386624108 ], [ -73.746725178689559, 40.76439258549533 ], [ -73.746719266965087, 40.76439708045379 ], [ -73.74671407199817, 40.764400617989082 ], [ -73.746708929260151, 40.764403789039591 ], [ -73.746703664144675, 40.764406733854855 ], [ -73.746699120360745, 40.764409052551621 ], [ -73.746691077682442, 40.764412699026003 ], [ -73.746518910331716, 40.764470050208331 ], [ -73.746537625308036, 40.764493183145674 ], [ -73.746428489365428, 40.764529537889096 ], [ -73.746261655577172, 40.764585111098164 ], [ -73.746229176237776, 40.764595429679069 ], [ -73.746205020423545, 40.764602417578608 ], [ -73.746181385957115, 40.76460870780771 ], [ -73.74615981744941, 40.764613988535537 ], [ -73.746137606791862, 40.76461897980198 ], [ -73.74611217039579, 40.764624152108176 ], [ -73.74609042565794, 40.764628120471883 ], [ -73.746067634794116, 40.76463184157052 ], [ -73.746041996868826, 40.764635497825608 ], [ -73.746014521083893, 40.764638805176553 ], [ -73.74599944284563, 40.764640354121632 ], [ -73.745984153224299, 40.764641733353557 ], [ -73.7459687317007, 40.764642932087646 ], [ -73.745952319304294, 40.764643994528456 ], [ -73.745937626632482, 40.764644760920334 ], [ -73.745922150434311, 40.764645379678569 ], [ -73.745906786329499, 40.764645804087955 ], [ -73.745888508105253, 40.764646061859075 ], [ -73.745870770932285, 40.764646054277883 ], [ -73.745854339810862, 40.764645824445196 ], [ -73.745832368625727, 40.764645175297872 ], [ -73.745812618022583, 40.764644260989776 ], [ -73.745793278273837, 40.764643060211078 ], [ -73.745775247875571, 40.764641666971634 ], [ -73.745754724136532, 40.764639757648041 ], [ -73.745736172725927, 40.764637732872195 ], [ -73.745714190716839, 40.764634963055251 ], [ -73.745691625452437, 40.764631697514041 ], [ -73.745668453548291, 40.76462789302839 ], [ -73.74564665385536, 40.764623888104921 ], [ -73.745623423870356, 40.764619159537062 ], [ -73.745603470016889, 40.764614711097792 ], [ -73.745588224452263, 40.764611067323003 ], [ -73.74557100385897, 40.76460669058779 ], [ -73.745556365825379, 40.764602748311617 ], [ -73.745544350393828, 40.764599357458664 ], [ -73.745531244576057, 40.764595497706409 ], [ -73.745508944662959, 40.76458853618189 ], [ -73.745490002230852, 40.764582219563586 ], [ -73.745470762052264, 40.764575414292281 ], [ -73.745450852888993, 40.764567945618317 ], [ -73.745436281083229, 40.764562196995122 ], [ -73.74542438857695, 40.764557307961532 ], [ -73.745422561613594, 40.764556557339546 ], [ -73.745419024351136, 40.764554558573991 ], [ -73.745415370123524, 40.764552214535229 ], [ -73.745409877512046, 40.764548049247544 ], [ -73.745404919706843, 40.764543410619424 ], [ -73.745401193430766, 40.764539133029736 ], [ -73.745397492457755, 40.764533820868166 ], [ -73.745395096697123, 40.764529426500971 ], [ -73.745392792389652, 40.76452373292306 ], [ -73.74539155650649, 40.764519244741287 ], [ -73.745390730738151, 40.764514030708945 ], [ -73.745390597849465, 40.764507289231055 ], [ -73.745391634619978, 40.764500054147483 ], [ -73.745393297570644, 40.764494462032289 ], [ -73.745396771273832, 40.764487039665028 ], [ -73.745401552000374, 40.764480061325429 ], [ -73.745410499926265, 40.764469525336295 ], [ -73.745423256105511, 40.76445388201217 ], [ -73.745436303543798, 40.764437055955767 ], [ -73.745454052297376, 40.764412634636344 ], [ -73.745466617031653, 40.764394104768911 ], [ -73.745478273512177, 40.7643758456284 ], [ -73.74548760625882, 40.76436036941756 ], [ -73.745495056946822, 40.76434738790006 ], [ -73.74550366255022, 40.764331607481395 ], [ -73.74551177646228, 40.764315843964177 ], [ -73.745520131859607, 40.764298562795432 ], [ -73.745530131804799, 40.764276180219198 ], [ -73.745539788911032, 40.764252351568096 ], [ -73.745549437054791, 40.764225625904622 ], [ -73.745554866380488, 40.764208857801385 ], [ -73.745560105217578, 40.764191087946649 ], [ -73.745564939649014, 40.76417283807492 ], [ -73.745569998380688, 40.764151059653237 ] ] ] ] } },
{ "type": "Feature", "properties": { "Borough": "QN", "Block": 8167, "Lot": 17, "CD": 411, "BCT2020": "4150701", "BCTCB2020": "41507013002", "CT2010": "1507.01", "CB2010": "3001", "SchoolDist": "26", "Council": 19, "ZipCode": 11362, "FireComp": "E313", "PolicePrct": 111, "HealthCent": 43, "HealthArea": 2150, "Sanitboro": "4", "SanitDistr": "11", "SanitSub": "4D", "Address": "46-18 HANFORD STREET", "ZoneDist1": "R1-2", "ZoneDist2": null, "ZoneDist3": null, "ZoneDist4": null, "Overlay1": null, "Overlay2": null, "SPDist1": null, "SPDist2": null, "SPDist3": null, "LtdHeight": null, "SplitZone": "N", "BldgClass": "A2", "LandUse": "01", "Easements": 0, "OwnerType": null, "OwnerName": "4618 HANFORD REALTY LLC", "LotArea": 10170, "BldgArea": 1852, "ComArea": 0, "ResArea": 1852, "OfficeArea": 0, "RetailArea": 0, "GarageArea": 0, "StrgeArea": 0, "FactryArea": 0, "OtherArea": 0, "AreaSource": "2", "NumBldgs": 1, "NumFloors": 1.75, "UnitsRes": 1, "UnitsTotal": 1, "LotFront": 72.0, "LotDepth": 141.25, "BldgFront": 24.0, "BldgDepth": 36.0, "Ext": "G", "ProxCode": "1", "IrrLotCode": "N", "LotType": "5", "BsmtCode": "2", "AssessLand": 25800.0, "AssessTot": 85260.0, "ExemptTot": 0.0, "YearBuilt": 1910, "YearAlter1": 0, "YearAlter2": 0, "HistDist": null, "Landmark": null, "BuiltFAR": 0.18, "ResidFAR": 0.75, "CommFAR": 0.0, "FacilFAR": 1.0, "BoroCode": 4, "BBL": 4081670017.0, "CondoNo": 0, "Tract2010": "150701", "XCoord": 1054645, "YCoord": 217744, "ZoneMap": "11a", "ZMCode": null, "Sanborn": "412 077", "TaxMap": "43604", "EDesigNum": null, "APPBBL": 0.0, "APPDate": null, "PLUTOMapID": "1", "FIRM07_FLA": null, "PFIRM15_FL": null, "Version": "25v4", "DCPEdited": null, "Latitude": 40.7640531, "Longitude": -73.7458793, "Notes": null, "Shape_Leng": 0.0, "Shape_Area": 11673.3009643 }, "geometry": { "type": "MultiPolygon", "coordinates": [ [ [ [ -73.745584223049107, 40.763980142906021 ], [ -73.745582938335261, 40.763968275858311 ], [ -73.745581695022068, 40.763953320161491 ], [ -73.745617855954649, 40.763953010147979 ], [ -73.746093404059508, 40.763948921704149 ], [ -73.746113885798763, 40.763974230595068 ], [ -73.746249155429254, 40.764141382993373 ], [ -73.745606668247689, 40.764150537267142 ], [ -73.745569998380688, 40.764151059653237 ], [ -73.74557267662486, 40.764137937081557 ], [ -73.745574874234009, 40.764125999334475 ], [ -73.74557721362585, 40.764111654907211 ], [ -73.745579281016404, 40.764096908226136 ], [ -73.745580813231129, 40.764083971275625 ], [ -73.74558192543978, 40.764072794866024 ], [ -73.745582967162846, 40.764059908116437 ], [ -73.745583744473677, 40.764047109127077 ], [ -73.745584295291906, 40.76403345864523 ], [ -73.745584553453767, 40.764020118148203 ], [ -73.745584536572963, 40.764006883374876 ], [ -73.745584418801045, 40.763999896052027 ], [ -73.745584770963745, 40.763992334351983 ], [ -73.745584223049107, 40.763980142906021 ] ] ] ] } },
{ "type": "Feature", "properties": { "Borough": "QN", "Block": 8167, "Lot": 168, "CD": 411, "BCT2020": "4150701", "BCTCB2020": "41507013002", "CT2010": "1507.01", "CB2010": "3001", "SchoolDist": "26", "Council": 19, "ZipCode": 11362, "FireComp": "E313", "PolicePrct": 111, "HealthCent": 43, "HealthArea": 2150, "Sanitboro": "4", "SanitDistr": "11", "SanitSub": "4D", "Address": "234 STREET", "ZoneDist1": "PARK", "ZoneDist2": null, "ZoneDist3": null, "ZoneDist4": null, "Overlay1": null, "Overlay2": null, "SPDist1": null, "SPDist2": null, "SPDist3": null, "LtdHeight": null, "SplitZone": "N", "BldgClass": "Q0", "LandUse": "09", "Easements": 0, "OwnerType": "C", "OwnerName": "NYC DEPARTMENT OF PARKS AND RECREATION", "LotArea": 73000, "BldgArea": 0, "ComArea": 0, "ResArea": 0, "OfficeArea": 0, "RetailArea": 0, "GarageArea": 0, "StrgeArea": 0, "FactryArea": 0, "OtherArea": 0, "AreaSource": "7", "NumBldgs": 0, "NumFloors": 0.0, "UnitsRes": 0, "UnitsTotal": 0, "LotFront": 109.0, "LotDepth": 578.0, "BldgFront": 0.0, "BldgDepth": 0.0, "Ext": null, "ProxCode": "0", "IrrLotCode": "Y", "LotType": "5", "BsmtCode": "5", "AssessLand": 306420.0, "AssessTot": 306420.0, "ExemptTot": 306420.0, "YearBuilt": 0, "YearAlter1": 0, "YearAlter2": 0, "HistDist": null, "Landmark": null, "BuiltFAR": 0.0, "ResidFAR": 0.0, "CommFAR": 0.0, "FacilFAR": 0.0, "BoroCode": 4, "BBL": 4081670168.0, "CondoNo": 0, "Tract2010": "150701", "XCoord": 1054664, "YCoord": 217564, "ZoneMap": "11a", "ZMCode": "Y", "Sanborn": "412 083", "TaxMap": "43604", "EDesigNum": null, "APPBBL": 0.0, "APPDate": null, "PLUTOMapID": "1", "FIRM07_FLA": null, "PFIRM15_FL": null, "Version": "25v4", "DCPEdited": "t", "Latitude": 40.7635589, "Longitude": -73.7458126, "Notes": null, "Shape_Leng": 0.0, "Shape_Area": 180999.92728 }, "geometry": { "type": "MultiPolygon", "coordinates": [ [ [ [ -73.745775168152434, 40.7635377795933 ], [ -73.745669599173596, 40.763359594300127 ], [ -73.745553830753721, 40.763164195593973 ], [ -73.745469586968127, 40.763022001964366 ], [ -73.745388574819444, 40.762885263456688 ], [ -73.745262935195598, 40.762673197640112 ], [ -73.745136893839884, 40.762460453640678 ], [ -73.745011839488598, 40.762249372169748 ], [ -73.744948497619703, 40.762142455872372 ], [ -73.744942242865847, 40.762090603287689 ], [ -73.744934738040314, 40.762028395713088 ], [ -73.744932070387421, 40.762006285057552 ], [ -73.744911399455376, 40.761834930833146 ], [ -73.744888390396241, 40.761644202450761 ], [ -73.744865011870843, 40.761450406082901 ], [ -73.744841673800906, 40.761256941173698 ], [ -73.744818335752782, 40.761063477172691 ], [ -73.744816702378259, 40.761049934373261 ], [ -73.744677170002859, 40.760891954980458 ], [ -73.744461782799206, 40.760648094086562 ], [ -73.744267246201218, 40.760427836329463 ], [ -73.744224577896219, 40.760379526521547 ], [ -73.744202737382963, 40.76035479687026 ], [ -73.744166170879112, 40.760086337658358 ], [ -73.74389136182775, 40.759848332935874 ], [ -73.743696504493002, 40.759679570888927 ], [ -73.743027071332804, 40.759099779491052 ], [ -73.74299463327921, 40.759041094712856 ], [ -73.742972914913125, 40.758935523595298 ], [ -73.742899666284103, 40.758579466047919 ], [ -73.74314968525718, 40.758527470932819 ], [ -73.743453808890649, 40.759198531290593 ], [ -73.743471261170754, 40.759235530662444 ], [ -73.743490877754013, 40.759273297666688 ], [ -73.743509454672548, 40.759306113922115 ], [ -73.743529981558154, 40.759339672147661 ], [ -73.743550054732211, 40.759370200852906 ], [ -73.743570548738361, 40.759399394183447 ], [ -73.743592291476801, 40.75942848671729 ], [ -73.743614700691055, 40.759456710830115 ], [ -73.743643390903785, 40.75949057984576 ], [ -73.743668092713548, 40.759517949940431 ], [ -73.743691155719176, 40.759542180873432 ], [ -73.743715911543177, 40.759566904478781 ], [ -73.743738300129962, 40.759588220762474 ], [ -73.743758211357118, 40.759606411164256 ], [ -73.743773366018715, 40.759619803013962 ], [ -73.743789526660706, 40.759633674381426 ], [ -73.743810036842632, 40.759650703645455 ], [ -73.743816997091855, 40.759670060242875 ], [ -73.743830376312644, 40.759665636078772 ], [ -73.743848070116329, 40.759680578020181 ], [ -73.743867171874442, 40.75969615782062 ], [ -73.74388532057506, 40.759710459592739 ], [ -73.743910002502304, 40.759729171154476 ], [ -73.7439322321259, 40.759745333395863 ], [ -73.743956648180912, 40.759762377589198 ], [ -73.743977100138565, 40.759776114404545 ], [ -73.743993741478917, 40.7597869439983 ], [ -73.744017422056416, 40.759801840652919 ], [ -73.744042905608794, 40.759817224784122 ], [ -73.744073117364366, 40.759834640228775 ], [ -73.744103603040941, 40.759851353861507 ], [ -73.74413555631034, 40.759867991519727 ], [ -73.74416970087853, 40.759884534060845 ], [ -73.744204616800886, 40.75990223365423 ], [ -73.744243006455761, 40.759922648868709 ], [ -73.744278128263304, 40.759942241715102 ], [ -73.744309894415792, 40.759960755578312 ], [ -73.744346522884072, 40.759983085769029 ], [ -73.744379280561773, 40.760003992661218 ], [ -73.7444123867065, 40.760026075412767 ], [ -73.74444411194807, 40.760048188469924 ], [ -73.744480323208123, 40.760074641146673 ], [ -73.744522255535074, 40.760107009327314 ], [ -73.744560191309247, 40.760138043031048 ], [ -73.744597441521222, 40.760170290035781 ], [ -73.744633249546595, 40.760203114601048 ], [ -73.744665665098282, 40.760234533253517 ], [ -73.744695605126253, 40.760265145779378 ], [ -73.744727050607239, 40.760299128630663 ], [ -73.744760413123643, 40.760337494005157 ], [ -73.744791951587942, 40.760376256981019 ], [ -73.744817401268094, 40.760409570042292 ], [ -73.744839262260314, 40.760439844132136 ], [ -73.744859252645199, 40.760469049579761 ], [ -73.74487928606608, 40.760499978690774 ], [ -73.744897126045458, 40.760529124488755 ], [ -73.744912532736222, 40.760555680458133 ], [ -73.74492728819385, 40.760582496004481 ], [ -73.744938846530417, 40.760604574226747 ], [ -73.744948761488416, 40.76062436596942 ], [ -73.744959804382702, 40.760647446137092 ], [ -73.745111348182093, 40.760959474839829 ], [ -73.745124149944473, 40.760985605375339 ], [ -73.745138503370086, 40.761017267537689 ], [ -73.745152435600431, 40.76105100714129 ], [ -73.745164422234993, 40.761083111563885 ], [ -73.745175817551711, 40.761117183206835 ], [ -73.745185859435821, 40.761151515718808 ], [ -73.745193238110133, 40.761179558607324 ], [ -73.74519819116928, 40.761200866655585 ], [ -73.745202436336626, 40.761221134829455 ], [ -73.745206263941967, 40.761241579438085 ], [ -73.745209111253416, 40.761258850314462 ], [ -73.745212400775586, 40.761281264940216 ], [ -73.745215269262218, 40.761305079862467 ], [ -73.745287195240024, 40.761910596408832 ], [ -73.7452910832545, 40.761936953927439 ], [ -73.745294149126011, 40.761954370265599 ], [ -73.745298712571497, 40.761976911101904 ], [ -73.745304963617414, 40.762003510603549 ], [ -73.745311197950357, 40.762026714376837 ], [ -73.74531856558761, 40.762051180329031 ], [ -73.74532598325257, 40.762073413245467 ], [ -73.745335234873565, 40.762098608277846 ], [ -73.745343581635268, 40.762119458248236 ], [ -73.745354933016074, 40.762145553085993 ], [ -73.745363406416473, 40.762163645051558 ], [ -73.745373568167594, 40.762184047850042 ], [ -73.745384774024629, 40.762205159801304 ], [ -73.745393743443131, 40.762221151981258 ], [ -73.74540356746914, 40.762237860089776 ], [ -73.746074568042914, 40.763368465141973 ], [ -73.746032332257059, 40.76339908569549 ], [ -73.745988470225228, 40.763432493390276 ], [ -73.745953461442227, 40.763460268914692 ], [ -73.745917653202696, 40.763489904944471 ], [ -73.745886615988724, 40.763516621281845 ], [ -73.745850308474232, 40.763549199027416 ], [ -73.745806429046752, 40.763590543641484 ], [ -73.745775168152434, 40.7635377795933 ] ] ] ] } },
{ "type": "Feature", "properties": { "Borough": "QN", "Block": 8275, "Lot": 1, "CD": 411, "BCT2020": "4138502", "BCTCB2020": "41385021012", "CT2010": "1385.02", "CB2010": "1018", "SchoolDist": "26", "Council": 23, "ZipCode": 11362, "FireComp": "L160", "PolicePrct": 111, "HealthCent": 43, "HealthArea": 2140, "Sanitboro": "4", "SanitDistr": "11", "SanitSub": "5E", "Address": "HORACE HARDING EXPWY", "ZoneDist1": "R3-2", "ZoneDist2": null, "ZoneDist3": null, "ZoneDist4": null, "Overlay1": null, "Overlay2": null, "SPDist1": null, "SPDist2": null, "SPDist3": null, "LtdHeight": null, "SplitZone": "N", "BldgClass": "Q1", "LandUse": "09", "Easements": 0, "OwnerType": "C", "OwnerName": "NYC DEPARTMENT OF PARKS AND RECREATION", "LotArea": 126833, "BldgArea": 0, "ComArea": 0, "ResArea": 0, "OfficeArea": 0, "RetailArea": 0, "GarageArea": 0, "StrgeArea": 0, "FactryArea": 0, "OtherArea": 0, "AreaSource": "7", "NumBldgs": 0, "NumFloors": 0.0, "UnitsRes": 0, "UnitsTotal": 0, "LotFront": 808.0, "LotDepth": 164.0, "BldgFront": 0.0, "BldgDepth": 0.0, "Ext": "N", "ProxCode": "0", "IrrLotCode": "Y", "LotType": "5", "BsmtCode": "0", "AssessLand": 2576250.0, "AssessTot": 2576250.0, "ExemptTot": 2576250.0, "YearBuilt": 0, "YearAlter1": 0, "YearAlter2": 0, "HistDist": null, "Landmark": null, "BuiltFAR": 0.0, "ResidFAR": 0.75, "CommFAR": 0.0, "FacilFAR": 1.0, "BoroCode": 4, "BBL": 4082750000.9999995, "CondoNo": 0, "Tract2010": "138502", "XCoord": 1056202, "YCoord": 214667, "ZoneMap": "11b", "ZMCode": null, "Sanborn": "422 061", "TaxMap": "43701", "EDesigNum": null, "APPBBL": 0.0, "APPDate": null, "PLUTOMapID": "1", "FIRM07_FLA": null, "PFIRM15_FL": null, "Version": "25v4", "DCPEdited": "t", "Latitude": 40.755595, "Longitude": -73.7402916, "Notes": null, "Shape_Leng": 0.0, "Shape_Area": 123195.94614099999 }, "geometry": { "type": "MultiPolygon", "coordinates": [ [ [ [ -73.741237819501634, 40.754752097022902 ], [ -73.741243947313606, 40.754770804473573 ], [ -73.741266803416977, 40.754826601057538 ], [ -73.741287528409615, 40.754868272800501 ], [ -73.741313441622509, 40.754912934167507 ], [ -73.741339782344312, 40.754952424848028 ], [ -73.741368163436732, 40.754990108269297 ], [ -73.741402472571949, 40.755030540771287 ], [ -73.741443327221631, 40.755073031195202 ], [ -73.741512778465705, 40.755137985118033 ], [ -73.739251637825021, 40.756515675138864 ], [ -73.739248613952697, 40.756485864081498 ], [ -73.739246670724569, 40.756432637729588 ], [ -73.739245805398852, 40.756361473830907 ], [ -73.739258475695109, 40.75627127493005 ], [ -73.739266105418963, 40.756233523005477 ], [ -73.739275279806378, 40.756195964567453 ], [ -73.739298215592015, 40.756121592024613 ], [ -73.739311953195227, 40.756084841781835 ], [ -73.73932719817293, 40.756048392108227 ], [ -73.739357334154278, 40.75598153617586 ], [ -73.739393229312199, 40.755916417672331 ], [ -73.739434729872968, 40.755853249832221 ], [ -73.739481711757762, 40.755792278079895 ], [ -73.739535068421077, 40.755728828976132 ], [ -73.739563671301241, 40.755698118716403 ], [ -73.739624656790852, 40.755638851688985 ], [ -73.739656953963589, 40.7556103388997 ], [ -73.739725034560408, 40.755555735444524 ], [ -73.739821857400443, 40.755488310475911 ], [ -73.739872502288137, 40.755456534138496 ], [ -73.739924568880781, 40.755426109096128 ], [ -73.739977976371605, 40.755397078328826 ], [ -73.740032665502596, 40.755369458854226 ], [ -73.740088483241038, 40.755343336745547 ], [ -73.740148009476215, 40.755320066763325 ], [ -73.740196740180764, 40.755302007960573 ], [ -73.740256094382261, 40.755280008170111 ], [ -73.740299998584234, 40.755264574248095 ], [ -73.740344062970053, 40.755249079430186 ], [ -73.740438436331388, 40.755211881317024 ], [ -73.740531273677746, 40.75517258505802 ], [ -73.740622538071364, 40.755131210485878 ], [ -73.740712151251145, 40.755087794155763 ], [ -73.740799970676093, 40.755042409789873 ], [ -73.740862857729581, 40.755009553819519 ], [ -73.740924300419195, 40.754975059338655 ], [ -73.740998466548618, 40.75492978457909 ], [ -73.741042430193673, 40.754901421866727 ], [ -73.741098962872343, 40.754862375832587 ], [ -73.741153743791344, 40.75482189130777 ], [ -73.741206730179542, 40.754779988945863 ], [ -73.741237819501634, 40.754752097022902 ] ] ] ] } },
{ "type": "Feature", "properties": { "Borough": "QN", "Block": 7494, "Lot": 101, "CD": 411, "BCT2020": "4138502", "BCTCB2020": "41385021016", "CT2010": "1385.02", "CB2010": "1024", "SchoolDist": "26", "Council": 23, "ZipCode": 11364, "FireComp": "E313", "PolicePrct": 111, "HealthCent": 43, "HealthArea": 2140, "Sanitboro": "4", "SanitDistr": "11", "SanitSub": "6E", "Address": "CLOVERDALE BOULEVARD", "ZoneDist1": "PARK", "ZoneDist2": null, "ZoneDist3": null, "ZoneDist4": null, "Overlay1": null, "Overlay2": null, "SPDist1": null, "SPDist2": null, "SPDist3": null, "LtdHeight": null, "SplitZone": "N", "BldgClass": "Q0", "LandUse": "09", "Easements": 0, "OwnerType": "C", "OwnerName": "NYC DEPARTMENT OF PARKS AND RECREATION", "LotArea": 5800, "BldgArea": 0, "ComArea": 0, "ResArea": 0, "OfficeArea": 0, "RetailArea": 0, "GarageArea": 0, "StrgeArea": 0, "FactryArea": 0, "OtherArea": 0, "AreaSource": "7", "NumBldgs": 0, "NumFloors": 0.0, "UnitsRes": 0, "UnitsTotal": 0, "LotFront": 184.17, "LotDepth": 138.0, "BldgFront": 0.0, "BldgDepth": 0.0, "Ext": null, "ProxCode": "0", "IrrLotCode": "Y", "LotType": "5", "BsmtCode": "5", "AssessLand": 182700.0, "AssessTot": 182700.0, "ExemptTot": 182700.0, "YearBuilt": 0, "YearAlter1": 0, "YearAlter2": 0, "HistDist": null, "Landmark": null, "BuiltFAR": 0.0, "ResidFAR": 0.0, "CommFAR": 0.0, "FacilFAR": 0.0, "BoroCode": 4, "BBL": 4074940101.0000005, "CondoNo": 0, "Tract2010": "138502", "XCoord": 1051677, "YCoord": 216126, "ZoneMap": "11b", "ZMCode": "Y", "Sanborn": "412 062", "TaxMap": "43304", "EDesigNum": null, "APPBBL": 0.0, "APPDate": null, "PLUTOMapID": "1", "FIRM07_FLA": null, "PFIRM15_FL": null, "Version": "25v4", "DCPEdited": "t", "Latitude": 40.7596353, "Longitude": -73.7566097, "Notes": null, "Shape_Leng": 0.0, "Shape_Area": 5389.5337916 }, "geometry": { "type": "MultiPolygon", "coordinates": [ [ [ [ -73.756418016054695, 40.759165529438121 ], [ -73.756432346778126, 40.759198904697165 ], [ -73.756449964272832, 40.75923993856874 ], [ -73.756470739764765, 40.759288256149837 ], [ -73.756491523487554, 40.75933655751242 ], [ -73.75651226390724, 40.759384764160707 ], [ -73.756532533793319, 40.759432728533433 ], [ -73.756552857899464, 40.759480797509021 ], [ -73.756573167723502, 40.759528868205543 ], [ -73.756591000225399, 40.759570094341662 ], [ -73.756604606381288, 40.759601548122113 ], [ -73.756630026514003, 40.759649596315811 ], [ -73.756676147353815, 40.759718884447118 ], [ -73.756712014609064, 40.759762912310983 ], [ -73.756751762946081, 40.759804967202257 ], [ -73.756795210689504, 40.759844846190802 ], [ -73.756842167842095, 40.759882365151952 ], [ -73.756892395880485, 40.759917341617673 ], [ -73.756957492640751, 40.759956833058659 ], [ -73.756904099051994, 40.759939031690323 ], [ -73.756864958209832, 40.759926775955925 ], [ -73.75682033823901, 40.759909836789653 ], [ -73.756772163694023, 40.759887550974703 ], [ -73.75673024716923, 40.75986422750475 ], [ -73.756694239680854, 40.75984070484418 ], [ -73.756665340780359, 40.759819009030053 ], [ -73.756628405040402, 40.759786703561396 ], [ -73.756591758709192, 40.759747833944502 ], [ -73.756566121460693, 40.759714781492477 ], [ -73.756545202438971, 40.759682344128116 ], [ -73.756527532411098, 40.759648829390684 ], [ -73.756512221691807, 40.759611687942993 ], [ -73.756499641723451, 40.75956845133345 ], [ -73.756418016054695, 40.759165529438121 ] ] ] ] } },
{ "type": "Feature", "properties": { "Borough": "QN", "Block": 7510, "Lot": 7, "CD": 411, "BCT2020": "4138502", "BCTCB2020": "41385021016", "CT2010": "1385.02", "CB2010": "1024", "SchoolDist": "26", "Council": 23, "ZipCode": 11364, "FireComp": "E313", "PolicePrct": 111, "HealthCent": 43, "HealthArea": 2140, "Sanitboro": "4", "SanitDistr": "11", "SanitSub": "6E", "Address": "EASTHAMPTON BLVD", "ZoneDist1": "PARK", "ZoneDist2": null, "ZoneDist3": null, "ZoneDist4": null, "Overlay1": null, "Overlay2": null, "SPDist1": null, "SPDist2": null, "SPDist3": null, "LtdHeight": null, "SplitZone": "N", "BldgClass": "Q1", "LandUse": "09", "Easements": 0, "OwnerType": "C", "OwnerName": "NYC DEPARTMENT OF PARKS AND RECREATION", "LotArea": 55225, "BldgArea": 0, "ComArea": 0, "ResArea": 0, "OfficeArea": 0, "RetailArea": 0, "GarageArea": 0, "StrgeArea": 0, "FactryArea": 0, "OtherArea": 0, "AreaSource": "7", "NumBldgs": 0, "NumFloors": 0.0, "UnitsRes": 0, "UnitsTotal": 0, "LotFront": 100.0, "LotDepth": 709.0, "BldgFront": 0.0, "BldgDepth": 0.0, "Ext": "N", "ProxCode": "0", "IrrLotCode": "Y", "LotType": "5", "BsmtCode": "0", "AssessLand": 691650.0, "AssessTot": 691650.0, "ExemptTot": 691650.0, "YearBuilt": 0, "YearAlter1": 0, "YearAlter2": 0, "HistDist": null, "Landmark": null, "BuiltFAR": 0.0, "ResidFAR": 0.0, "CommFAR": 0.0, "FacilFAR": 0.0, "BoroCode": 4, "BBL": 4075100007.0, "CondoNo": 0, "Tract2010": "138502", "XCoord": 1053866, "YCoord": 215085, "ZoneMap": "11b", "ZMCode": null, "Sanborn": "412 062", "TaxMap": "43304", "EDesigNum": null, "APPBBL": 0.0, "APPDate": null, "PLUTOMapID": "1", "FIRM07_FLA": null, "PFIRM15_FL": null, "Version": "25v4", "DCPEdited": "t", "Latitude": 40.756761, "Longitude": -73.748719, "Notes": null, "Shape_Leng": 0.0, "Shape_Area": 60797.575993799997 }, "geometry": { "type": "MultiPolygon", "coordinates": [ [ [ [ -73.747953767911795, 40.756112757333291 ], [ -73.748253529380833, 40.755971577966612 ], [ -73.748356041504536, 40.756092796293949 ], [ -73.748453671957677, 40.756208242338872 ], [ -73.748551302638575, 40.756323688382416 ], [ -73.748639171926996, 40.756427590070075 ], [ -73.748727039067731, 40.756531491683681 ], [ -73.74882467201617, 40.756646937409904 ], [ -73.748922305192366, 40.756762383133456 ], [ -73.749019937607343, 40.756877828685937 ], [ -73.749117570250093, 40.756993274237011 ], [ -73.749195676956916, 40.757085631337354 ], [ -73.749293310212309, 40.757201075731764 ], [ -73.749390945118833, 40.757316521969379 ], [ -73.749486625519154, 40.757429658439072 ], [ -73.749564077592467, 40.757521237655865 ], [ -73.749484886369089, 40.757521123953417 ], [ -73.749401030698621, 40.757513034238997 ], [ -73.74930610850474, 40.757494196117285 ], [ -73.74921722616341, 40.757466212089206 ], [ -73.749134437811932, 40.75742946745806 ], [ -73.749051954281114, 40.757379738161518 ], [ -73.748995363686561, 40.757335232343593 ], [ -73.748948809955579, 40.7572893589372 ], [ -73.747953767911795, 40.756112757333291 ] ] ] ] } },
{ "type": "Feature", "properties": { "Borough": "QN", "Block": 7519, "Lot": 6, "CD": 411, "BCT2020": "4138502", "BCTCB2020": "41385021016", "CT2010": "1385.02", "CB2010": "1024", "SchoolDist": "26", "Council": 23, "ZipCode": 11364, "FireComp": "E313", "PolicePrct": 111, "HealthCent": 43, "HealthArea": 2140, "Sanitboro": "4", "SanitDistr": "11", "SanitSub": "6E", "Address": "EASTHAMPTON BLVD", "ZoneDist1": "PARK", "ZoneDist2": null, "ZoneDist3": null, "ZoneDist4": null, "Overlay1": null, "Overlay2": null, "SPDist1": null, "SPDist2": null, "SPDist3": null, "LtdHeight": null, "SplitZone": "N", "BldgClass": "Q1", "LandUse": "09", "Easements": 0, "OwnerType": "C", "OwnerName": "NYC DEPARTMENT OF PARKS AND RECREATION", "LotArea": 63586, "BldgArea": 0, "ComArea": 0, "ResArea": 0, "OfficeArea": 0, "RetailArea": 0, "GarageArea": 0, "StrgeArea": 0, "FactryArea": 0, "OtherArea": 0, "AreaSource": "7", "NumBldgs": 0, "NumFloors": 0.0, "UnitsRes": 0, "UnitsTotal": 0, "LotFront": 100.0, "LotDepth": 812.0, "BldgFront": 0.0, "BldgDepth": 0.0, "Ext": "N", "ProxCode": "0", "IrrLotCode": "Y", "LotType": "5", "BsmtCode": "0", "AssessLand": 814950.0, "AssessTot": 814950.0, "ExemptTot": 814950.0, "YearBuilt": 0, "YearAlter1": 0, "YearAlter2": 0, "HistDist": null, "Landmark": null, "BuiltFAR": 0.0, "ResidFAR": 0.0, "CommFAR": 0.0, "FacilFAR": 0.0, "BoroCode": 4, "BBL": 4075190006.0, "CondoNo": 0, "Tract2010": "138502", "XCoord": 1054191, "YCoord": 214447, "ZoneMap": "11b", "ZMCode": null, "Sanborn": "412 062", "TaxMap": "43304", "EDesigNum": null, "APPBBL": 0.0, "APPDate": null, "PLUTOMapID": "1", "FIRM07_FLA": null, "PFIRM15_FL": null, "Version": "25v4", "DCPEdited": "t", "Latitude": 40.7550073, "Longitude": -73.7475525, "Notes": null, "Shape_Leng": 0.0, "Shape_Area": 67039.740950199994 }, "geometry": { "type": "MultiPolygon", "coordinates": [ [ [ [ -73.747159560798167, 40.754641794080413 ], [ -73.747146761117435, 40.754606475906265 ], [ -73.747138142728332, 40.754573990867968 ], [ -73.747131799071695, 40.754536540051653 ], [ -73.747129132352271, 40.754494427211213 ], [ -73.747131173953946, 40.754451998764083 ], [ -73.747138398378951, 40.754407802235853 ], [ -73.747151780679275, 40.754361375197959 ], [ -73.74716947925053, 40.75431904595321 ], [ -73.747198511757787, 40.754267970613753 ], [ -73.747426282125687, 40.753923252388944 ], [ -73.74743388977582, 40.753911263455812 ], [ -73.747443214818617, 40.753901054985043 ], [ -73.747458123193283, 40.753889630534566 ], [ -73.747475016602976, 40.753880920866074 ], [ -73.747491637665902, 40.753875330966267 ], [ -73.747513361794944, 40.753871498243662 ], [ -73.747529762599342, 40.753870900211318 ], [ -73.747548149159414, 40.753872509226092 ], [ -73.747564250256815, 40.753876010564802 ], [ -73.747587125441456, 40.753884983836052 ], [ -73.747597792408911, 40.753891264008359 ], [ -73.747606657983212, 40.753897925574755 ], [ -73.747617797737547, 40.75390912710543 ], [ -73.747630831877387, 40.75392699475352 ], [ -73.747697849443654, 40.754088913737135 ], [ -73.747318657006801, 40.754177497904649 ], [ -73.747378256731565, 40.754321493189011 ], [ -73.747421603556219, 40.754426220391352 ], [ -73.747464949192121, 40.754530948409112 ], [ -73.747524551950022, 40.754674949053353 ], [ -73.747584152655776, 40.754818949658514 ], [ -73.747643755931975, 40.754962949398411 ], [ -73.747687102269538, 40.755067676403897 ], [ -73.747752123900227, 40.755224767844432 ], [ -73.747795472996501, 40.755329495730351 ], [ -73.747838819921014, 40.755434222673102 ], [ -73.747876894454791, 40.755526209370494 ], [ -73.747947158973517, 40.755609298340048 ], [ -73.748046726103979, 40.755727035420165 ], [ -73.748147269800626, 40.755845928976484 ], [ -73.747855334022219, 40.755988649742903 ], [ -73.747567299058659, 40.755646842714164 ], [ -73.747159560798167, 40.754641794080413 ] ] ] ] } },
{ "type": "Feature", "properties": { "Borough": "QN", "Block": 7570, "Lot": 1, "CD": 411, "BCT2020": "4147100", "BCTCB2020": "41471001017", "CT2010": "1471", "CB2010": "1020", "SchoolDist": "26", "Council": 19, "ZipCode": 11361, "FireComp": "E306", "PolicePrct": 111, "HealthCent": 43, "HealthArea": 2122, "Sanitboro": "4", "SanitDistr": "11", "SanitSub": "2E", "Address": "228-06 NORTHERN BOULEVARD", "ZoneDist1": "PARK", "ZoneDist2": null, "ZoneDist3": null, "ZoneDist4": null, "Overlay1": null, "Overlay2": null, "SPDist1": null, "SPDist2": null, "SPDist3": null, "LtdHeight": null, "SplitZone": "N", "BldgClass": "Q1", "LandUse": "09", "Easements": 0, "OwnerType": "C", "OwnerName": "NYC DEPARTMENT OF PARKS AND RECREATION", "LotArea": 726494, "BldgArea": 9940, "ComArea": 9940, "ResArea": 0, "OfficeArea": 9940, "RetailArea": 0, "GarageArea": 0, "StrgeArea": 0, "FactryArea": 0, "OtherArea": 0, "AreaSource": "2", "NumBldgs": 4, "NumFloors": 1.0, "UnitsRes": 0, "UnitsTotal": 1, "LotFront": 1202.9, "LotDepth": 633.4, "BldgFront": 195.0, "BldgDepth": 71.0, "Ext": "N", "ProxCode": "1", "IrrLotCode": "Y", "LotType": "3", "BsmtCode": "0", "AssessLand": 5131839.0, "AssessTot": 6630750.0, "ExemptTot": 6630750.0, "YearBuilt": 2020, "YearAlter1": 0, "YearAlter2": 0, "HistDist": null, "Landmark": null, "BuiltFAR": 0.01, "ResidFAR": 0.0, "CommFAR": 0.0, "FacilFAR": 0.0, "BoroCode": 4, "BBL": 4075700001.0, "CondoNo": 0, "Tract2010": "1471", "XCoord": 1052865, "YCoord": 217086, "ZoneMap": "11a", "ZMCode": null, "Sanborn": "412 061", "TaxMap": "43304", "EDesigNum": null, "APPBBL": 4075700001.0, "APPDate": "01/19/2018", "PLUTOMapID": "1", "FIRM07_FLA": "1", "PFIRM15_FL": "1", "Version": "25v4", "DCPEdited": "t", "Latitude": 40.7622611, "Longitude": -73.7523116, "Notes": null, "Shape_Leng": 0.0, "Shape_Area": 668395.74430999998 }, "geometry": { "type": "MultiPolygon", "coordinates": [ [ [ [ -73.75421175876069, 40.761075645099737 ], [ -73.754241222928613, 40.761077609844605 ], [ -73.754273057649883, 40.761082544145154 ], [ -73.754305050162614, 40.761090666569828 ], [ -73.754330185070813, 40.761099541601517 ], [ -73.754354900400401, 40.761110758810709 ], [ -73.754377939885316, 40.761123897797802 ], [ -73.754398576049567, 40.761138447189033 ], [ -73.75441915780965, 40.761156504003608 ], [ -73.754437453262526, 40.761176971046503 ], [ -73.754452175256546, 40.761198523739772 ], [ -73.754462553499494, 40.7612190135495 ], [ -73.754470309424903, 40.761241223094999 ], [ -73.754834722622888, 40.762491597321798 ], [ -73.753126496914518, 40.762870240568652 ], [ -73.752815246193421, 40.762944289792848 ], [ -73.751854480738942, 40.763175737308202 ], [ -73.751836989278971, 40.763061954072249 ], [ -73.751801450019826, 40.762952546685817 ], [ -73.751757915193082, 40.762878141940369 ], [ -73.751692069192345, 40.76276268888104 ], [ -73.751590516491333, 40.762582245505627 ], [ -73.751503714555398, 40.762361686600556 ], [ -73.751397482875618, 40.76223162727397 ], [ -73.75128559690495, 40.762110950608104 ], [ -73.7511736669897, 40.762003084481023 ], [ -73.751070640595813, 40.761916592054433 ], [ -73.751052720641823, 40.761902033551557 ], [ -73.751040597809236, 40.761839654259582 ], [ -73.751084545033464, 40.761803020194897 ], [ -73.751077151884914, 40.761773202127131 ], [ -73.751299854408643, 40.761726157998631 ], [ -73.751849928494394, 40.761614987339001 ], [ -73.752371762776846, 40.761490551967817 ], [ -73.754122643240294, 40.76108594308365 ], [ -73.754152360288487, 40.761079076196353 ], [ -73.75418308403961, 40.761076062004769 ], [ -73.75421175876069, 40.761075645099737 ] ] ], [ [ [ -73.750968670597217, 40.763389128183881 ], [ -73.750653417929144, 40.763465070204049 ], [ -73.74945865384521, 40.762115097055982 ], [ -73.749476122363731, 40.762111406968295 ], [ -73.749500506908547, 40.762106255896526 ], [ -73.749529768795909, 40.762100074519466 ], [ -73.750534547966197, 40.761887822806415 ], [ -73.750570757426047, 40.761914655754566 ], [ -73.750638743041364, 40.762058300877769 ], [ -73.750848291394362, 40.762197128584653 ], [ -73.750983834261788, 40.762299917713811 ], [ -73.751109256131471, 40.762405250416585 ], [ -73.751231265239198, 40.762521677922294 ], [ -73.751326352334175, 40.762628652181618 ], [ -73.751431398115344, 40.76277579437528 ], [ -73.751517167650604, 40.762971578174557 ], [ -73.751559471947999, 40.763074168038713 ], [ -73.75157266635199, 40.763151071171357 ], [ -73.751565644693258, 40.763226219748745 ], [ -73.75156383554544, 40.763245753550621 ], [ -73.750968670597217, 40.763389128183881 ] ] ] ] } },
{ "type": "Feature", "properties": { "Borough": "QN", "Block": 7720, "Lot": 100, "CD": 411, "BCT2020": "4138502", "BCTCB2020": "41385021021", "CT2010": "1385.02", "CB2010": "1034", "SchoolDist": "26", "Council": 23, "ZipCode": 11362, "FireComp": "L160", "PolicePrct": 111, "HealthCent": 43, "HealthArea": 2140, "Sanitboro": "4", "SanitDistr": "11", "SanitSub": "5E", "Address": "67-02 DOUGLASTON PARKWAY", "ZoneDist1": "PARK", "ZoneDist2": "R3-2", "ZoneDist3": null, "ZoneDist4": null, "Overlay1": null, "Overlay2": null, "SPDist1": null, "SPDist2": null, "SPDist3": null, "LtdHeight": null, "SplitZone": "Y", "BldgClass": "Q9", "LandUse": "09", "Easements": 0, "OwnerType": "C", "OwnerName": "NYC DEPARTMENT OF PARKS AND RECREATION", "LotArea": 5793480, "BldgArea": 7975, "ComArea": 7975, "ResArea": 0, "OfficeArea": 0, "RetailArea": 0, "GarageArea": 0, "StrgeArea": 0, "FactryArea": 0, "OtherArea": 7975, "AreaSource": "2", "NumBldgs": 1, "NumFloors": 1.0, "UnitsRes": 0, "UnitsTotal": 1, "LotFront": 1352.0, "LotDepth": 1200.0, "BldgFront": 70.0, "BldgDepth": 100.0, "Ext": null, "ProxCode": "1", "IrrLotCode": "N", "LotType": "3", "BsmtCode": "0", "AssessLand": 269767576.0, "AssessTot": 352701000.0, "ExemptTot": 352701000.0, "YearBuilt": 2010, "YearAlter1": 0, "YearAlter2": 0, "HistDist": null, "Landmark": null, "BuiltFAR": 0.0, "ResidFAR": 0.0, "CommFAR": 0.0, "FacilFAR": 0.0, "BoroCode": 4, "BBL": 4077200100.0000005, "CondoNo": 0, "Tract2010": "138502", "XCoord": 1055952, "YCoord": 211661, "ZoneMap": "11b", "ZMCode": null, "Sanborn": "422 059", "TaxMap": "43402", "EDesigNum": null, "APPBBL": 0.0, "APPDate": null, "PLUTOMapID": "1", "FIRM07_FLA": null, "PFIRM15_FL": null, "Version": "25v4", "DCPEdited": "t", "Latitude": 40.7473464, "Longitude": -73.741226, "Notes": null, "Shape_Leng": 0.0, "Shape_Area": 5840093.9941299995 }, "geometry": { "type": "MultiPolygon", "coordinates": [ [ [ [ -73.746241203926232, 40.746720405130539 ], [ -73.744210992166671, 40.747472249877852 ], [ -73.744133711860414, 40.747521195690261 ], [ -73.744065399733159, 40.74758119435009 ], [ -73.743997120096665, 40.747655204072736 ], [ -73.74395539002407, 40.747743879137168 ], [ -73.743938773436341, 40.747827173512 ], [ -73.743935531661748, 40.747901326929728 ], [ -73.743949325863895, 40.747960231116039 ], [ -73.743989352925965, 40.748054055916086 ], [ -73.745683146815622, 40.751528780500465 ], [ -73.745692101578939, 40.751570580332171 ], [ -73.745690198644013, 40.751592611642273 ], [ -73.745676454249917, 40.751618045047536 ], [ -73.745652784536787, 40.751643455615294 ], [ -73.745622048922385, 40.751660512716981 ], [ -73.745591469148906, 40.751672105951968 ], [ -73.744843828281986, 40.75180084796515 ], [ -73.744120633334461, 40.751698230760773 ], [ -73.743473635003724, 40.75139032537512 ], [ -73.742876937872609, 40.751224312221161 ], [ -73.742333994301518, 40.751266890824574 ], [ -73.741914681005753, 40.751386796126297 ], [ -73.741322809642384, 40.751700597790375 ], [ -73.741259680363001, 40.751722928226634 ], [ -73.741214202625628, 40.751732860474874 ], [ -73.741170268845067, 40.751738583532386 ], [ -73.741087546417944, 40.751745403607437 ], [ -73.741041071754779, 40.751743726819626 ], [ -73.740994932967226, 40.751738794532585 ], [ -73.740935286083143, 40.751726726893146 ], [ -73.74090150837209, 40.751719445907746 ], [ -73.740662635611571, 40.75161823486193 ], [ -73.74045133278733, 40.751495456935928 ], [ -73.740282897560377, 40.751359346844524 ], [ -73.740096042155955, 40.751190592845184 ], [ -73.739925298446508, 40.751008026000356 ], [ -73.739403163291243, 40.750348858694352 ], [ -73.738419091479159, 40.749085051190249 ], [ -73.737476782225897, 40.74821035190589 ], [ -73.737314368471985, 40.748079571617886 ], [ -73.737156147184194, 40.747981130661138 ], [ -73.737012905728037, 40.747906195549881 ], [ -73.736899466992512, 40.747854215664866 ], [ -73.736093403315053, 40.747533585664883 ], [ -73.735930486327021, 40.74745378543863 ], [ -73.735793161484224, 40.74736219033791 ], [ -73.735658719411589, 40.747239780753162 ], [ -73.735569235108073, 40.747141034359338 ], [ -73.735526033245435, 40.747078756697988 ], [ -73.73546360210085, 40.746949735876882 ], [ -73.735414336811104, 40.746797169072821 ], [ -73.735145294777226, 40.745963020363355 ], [ -73.735098402645974, 40.745875628784795 ], [ -73.734978751907292, 40.74570805941228 ], [ -73.73487391640262, 40.745608653016141 ], [ -73.73476902276299, 40.745523897684173 ], [ -73.734627088949892, 40.745435675527844 ], [ -73.734442241063391, 40.745352633985618 ], [ -73.734422293080058, 40.745341779137661 ], [ -73.734410678023352, 40.745331930446248 ], [ -73.734403059183435, 40.745322327894101 ], [ -73.734399753596065, 40.745312470502583 ], [ -73.734401887659857, 40.745301670169106 ], [ -73.734405230699295, 40.745293527337878 ], [ -73.734410632805449, 40.745285060637492 ], [ -73.734428098849421, 40.745272183981605 ], [ -73.734461125639015, 40.745260714647301 ], [ -73.735421642294739, 40.745016718409779 ], [ -73.735556922103456, 40.744989215911275 ], [ -73.735691036523946, 40.744971289287193 ], [ -73.7357705310189, 40.744963763378202 ], [ -73.73957341779311, 40.744767054615025 ], [ -73.739733914916371, 40.744753181242359 ], [ -73.73987525001273, 40.74473168924608 ], [ -73.73998568385062, 40.744710966684863 ], [ -73.740122137321464, 40.744671208230343 ], [ -73.74138223550419, 40.744291524960239 ], [ -73.74148375676053, 40.744256900421682 ], [ -73.741567721414924, 40.744219542952465 ], [ -73.74172900925187, 40.744130765001373 ], [ -73.741848919263816, 40.744040144411855 ], [ -73.741955061286561, 40.743942502263643 ], [ -73.742052065416573, 40.743829108451074 ], [ -73.742121433778962, 40.743727887944623 ], [ -73.742197200003289, 40.743587856138269 ], [ -73.742251719737681, 40.743526931687882 ], [ -73.742337145552668, 40.743453376446872 ], [ -73.742461736221287, 40.743376520977087 ], [ -73.742582926057523, 40.743327271924684 ], [ -73.742730905462992, 40.74329440441911 ], [ -73.742862183391253, 40.743281752720293 ], [ -73.743026120420836, 40.743275871773072 ], [ -73.743869544767776, 40.743217118288243 ], [ -73.744616232023603, 40.743279697748193 ], [ -73.744648078775754, 40.743284407837798 ], [ -73.744681991953129, 40.743293992376358 ], [ -73.744715882173949, 40.743309828215395 ], [ -73.744741542812719, 40.74332808986459 ], [ -73.744763972112736, 40.743350419949763 ], [ -73.744779505816709, 40.743374271090993 ], [ -73.746241203926232, 40.746720405130539 ] ] ] ] } },
{ "type": "Feature", "properties": { "Borough": "QN", "Block": 7825, "Lot": 1, "CD": 411, "BCT2020": "4138502", "BCTCB2020": "41385021027", "CT2010": "1385.02", "CB2010": "1038", "SchoolDist": "26", "Council": 23, "ZipCode": 11364, "FireComp": "L160", "PolicePrct": 111, "HealthCent": 43, "HealthArea": 2140, "Sanitboro": "4", "SanitDistr": "11", "SanitSub": "5C", "Address": "SPRINGFIELD BLVD", "ZoneDist1": "PARK", "ZoneDist2": null, "ZoneDist3": null, "ZoneDist4": null, "Overlay1": null, "Overlay2": null, "SPDist1": null, "SPDist2": null, "SPDist3": null, "LtdHeight": null, "SplitZone": "N", "BldgClass": "Q1", "LandUse": "09", "Easements": 0, "OwnerType": "C", "OwnerName": "NYC DEPARTMENT OF PARKS AND RECREATION", "LotArea": 4556875, "BldgArea": 800, "ComArea": 800, "ResArea": 0, "OfficeArea": 0, "RetailArea": 0, "GarageArea": 0, "StrgeArea": 0, "FactryArea": 0, "OtherArea": 800, "AreaSource": "2", "NumBldgs": 2, "NumFloors": 1.0, "UnitsRes": 0, "UnitsTotal": 0, "LotFront": 1585.5, "LotDepth": 2875.0, "BldgFront": 40.0, "BldgDepth": 20.0, "Ext": "N", "ProxCode": "0", "IrrLotCode": "N", "LotType": "3", "BsmtCode": "0", "AssessLand": 53766450.0, "AssessTot": 77972850.0, "ExemptTot": 77972850.0, "YearBuilt": 1976, "YearAlter1": 0, "YearAlter2": 0, "HistDist": null, "Landmark": null, "BuiltFAR": 0.0, "ResidFAR": 0.0, "CommFAR": 0.0, "FacilFAR": 0.0, "BoroCode": 4, "BBL": 4078250000.9999995, "CondoNo": 0, "Tract2010": "138502", "XCoord": 1053800, "YCoord": 209533, "ZoneMap": "11b", "ZMCode": null, "Sanborn": "422 999", "TaxMap": "43501", "EDesigNum": null, "APPBBL": 0.0, "APPDate": null, "PLUTOMapID": "1", "FIRM07_FLA": null, "PFIRM15_FL": null, "Version": "25v4", "DCPEdited": "t", "Latitude": 40.7415228, "Longitude": -73.7490146, "Notes": null, "Shape_Leng": 0.0, "Shape_Area": 1825600.8354199999 }, "geometry": { "type": "MultiPolygon", "coordinates": [ [ [ [ -73.747511078522422, 40.742798287578673 ], [ -73.747438238357191, 40.742714046319932 ], [ -73.747238171455706, 40.742529922195608 ], [ -73.746985305645367, 40.742361204688962 ], [ -73.746791207608965, 40.742262914246176 ], [ -73.744706057104381, 40.741385274164152 ], [ -73.744657850687489, 40.741364975159961 ], [ -73.744542191052531, 40.741306899552789 ], [ -73.744448269920483, 40.741246118296935 ], [ -73.744329159237452, 40.741143981029794 ], [ -73.744234006794414, 40.741033990259034 ], [ -73.74415489153202, 40.740889723850643 ], [ -73.749709433452765, 40.739878095667244 ], [ -73.749743040356563, 40.739871205971163 ], [ -73.749806035112101, 40.739862693435178 ], [ -73.749861941851762, 40.739861664043865 ], [ -73.74990745228915, 40.739865095667817 ], [ -73.749939096132138, 40.739871806523581 ], [ -73.749968106843781, 40.739881667998198 ], [ -73.749988935194708, 40.739890679615833 ], [ -73.750011174716178, 40.739900593905709 ], [ -73.75004123338239, 40.73991703405639 ], [ -73.750105964677743, 40.739949206627657 ], [ -73.750172339339997, 40.739973831114611 ], [ -73.750233936424024, 40.739994451409608 ], [ -73.750307938736782, 40.740014438501412 ], [ -73.750346451139976, 40.740024151195897 ], [ -73.750472052706414, 40.740050796855414 ], [ -73.751086630275978, 40.740168849825622 ], [ -73.751135250206517, 40.740184215971212 ], [ -73.751182579103741, 40.740201961036142 ], [ -73.75122617440752, 40.740222110613658 ], [ -73.751249575528789, 40.74023589573234 ], [ -73.751270284213447, 40.740248109991327 ], [ -73.751312289201408, 40.740278189529036 ], [ -73.751371018184244, 40.740328320867853 ], [ -73.751423358027864, 40.740382144873003 ], [ -73.753306274839687, 40.742337730465138 ], [ -73.753306360854651, 40.742337819747632 ], [ -73.750771869153695, 40.742882319686558 ], [ -73.748655182077528, 40.743207954957214 ], [ -73.748540075784604, 40.743219835302504 ], [ -73.748403183899711, 40.743217621014033 ], [ -73.748215458390135, 40.743196639492318 ], [ -73.748075319910697, 40.743165045693779 ], [ -73.747959565077281, 40.74312583902794 ], [ -73.747878691313858, 40.743089566869116 ], [ -73.747761348525955, 40.743026094151361 ], [ -73.747644921540797, 40.742942827325102 ], [ -73.747560406372941, 40.742860908245589 ], [ -73.747511078522422, 40.742798287578673 ] ] ] ] } },
{ "type": "Feature", "properties": { "Borough": "QN", "Block": 8083, "Lot": 20, "CD": 411, "BCT2020": "4138502", "BCTCB2020": "41385021000", "CT2010": "1385.02", "CB2010": "1000", "SchoolDist": "26", "Council": 19, "ZipCode": 11363, "FireComp": "E313", "PolicePrct": 111, "HealthCent": 43, "HealthArea": 2140, "Sanitboro": "4", "SanitDistr": "11", "SanitSub": "4C", "Address": "231 STREET", "ZoneDist1": "R1-2", "ZoneDist2": null, "ZoneDist3": null, "ZoneDist4": null, "Overlay1": null, "Overlay2": null, "SPDist1": null, "SPDist2": null, "SPDist3": null, "LtdHeight": null, "SplitZone": "N", "BldgClass": "V0", "LandUse": "11", "Easements": 0, "OwnerType": "X", "OwnerName": "MTA - LIRR", "LotArea": 24010, "BldgArea": 0, "ComArea": 0, "ResArea": 0, "OfficeArea": 0, "RetailArea": 0, "GarageArea": 0, "StrgeArea": 0, "FactryArea": 0, "OtherArea": 0, "AreaSource": "7", "NumBldgs": 0, "NumFloors": 0.0, "UnitsRes": 0, "UnitsTotal": 0, "LotFront": 101.0, "LotDepth": 124.99, "BldgFront": 0.0, "BldgDepth": 0.0, "Ext": null, "ProxCode": "0", "IrrLotCode": "Y", "LotType": "5", "BsmtCode": "5", "AssessLand": 141180.0, "AssessTot": 141180.0, "ExemptTot": 141180.0, "YearBuilt": 0, "YearAlter1": 0, "YearAlter2": 0, "HistDist": null, "Landmark": null, "BuiltFAR": 0.0, "ResidFAR": 0.75, "CommFAR": 0.0, "FacilFAR": 1.0, "BoroCode": 4, "BBL": 4080830020.0000005, "CondoNo": 0, "Tract2010": "138502", "XCoord": 1052700, "YCoord": 218253, "ZoneMap": "11a", "ZMCode": null, "Sanborn": "412 064", "TaxMap": "43602", "EDesigNum": null, "APPBBL": 0.0, "APPDate": null, "PLUTOMapID": "1", "FIRM07_FLA": "1", "PFIRM15_FL": "1", "Version": "25v4", "DCPEdited": "t", "Latitude": 40.7654654, "Longitude": -73.7528954, "Notes": null, "Shape_Leng": 0.0, "Shape_Area": 20151.642608900002 }, "geometry": { "type": "MultiPolygon", "coordinates": [ [ [ [ -73.752511974429595, 40.765490765517377 ], [ -73.752451225637614, 40.765545436044107 ], [ -73.752441683413309, 40.765549409891122 ], [ -73.752429826390042, 40.765536493096157 ], [ -73.752511974429595, 40.765490765517377 ] ] ], [ [ [ -73.753255939231991, 40.765248967132585 ], [ -73.753391006688233, 40.765396104197812 ], [ -73.753209971795854, 40.765478543319794 ], [ -73.752867821111153, 40.765634350345195 ], [ -73.752752876557977, 40.765693353422257 ], [ -73.752631166801848, 40.765755827808725 ], [ -73.752470200559713, 40.765580475630117 ], [ -73.752574948019273, 40.765506411809156 ], [ -73.75271342992913, 40.765424711713734 ], [ -73.752829218716357, 40.765403605685982 ], [ -73.752941755175158, 40.765350890963404 ], [ -73.753043086259822, 40.76529046262808 ], [ -73.75312506381762, 40.765251939492174 ], [ -73.753255939231991, 40.765248967132585 ] ] ] ] } },
{ "type": "Feature", "properties": { "Borough": "QN", "Block": 8083, "Lot": 25, "CD": 411, "BCT2020": "4138502", "BCTCB2020": "41385021000", "CT2010": "1385.02", "CB2010": "1000", "SchoolDist": "26", "Council": 19, "ZipCode": 11363, "FireComp": "E313", "PolicePrct": 111, "HealthCent": 43, "HealthArea": 2140, "Sanitboro": "4", "SanitDistr": "11", "SanitSub": "4D", "Address": "230 STREET", "ZoneDist1": "PARK", "ZoneDist2": null, "ZoneDist3": null, "ZoneDist4": null, "Overlay1": null, "Overlay2": null, "SPDist1": null, "SPDist2": null, "SPDist3": null, "LtdHeight": null, "SplitZone": "N", "BldgClass": "Q1", "LandUse": "09", "Easements": 0, "OwnerType": "C", "OwnerName": "NYC DEPARTMENT OF PARKS AND RECREATION", "LotArea": 396173, "BldgArea": 0, "ComArea": 0, "ResArea": 0, "OfficeArea": 0, "RetailArea": 0, "GarageArea": 0, "StrgeArea": 0, "FactryArea": 0, "OtherArea": 0, "AreaSource": "7", "NumBldgs": 0, "NumFloors": 0.0, "UnitsRes": 0, "UnitsTotal": 0, "LotFront": 872.7, "LotDepth": 618.96, "BldgFront": 0.0, "BldgDepth": 0.0, "Ext": "N", "ProxCode": "0", "IrrLotCode": "Y", "LotType": "3", "BsmtCode": "0", "AssessLand": 3483450.0, "AssessTot": 3483450.0, "ExemptTot": 3483450.0, "YearBuilt": 0, "YearAlter1": 0, "YearAlter2": 0, "HistDist": null, "Landmark": null, "BuiltFAR": 0.0, "ResidFAR": 0.0, "CommFAR": 0.0, "FacilFAR": 0.0, "BoroCode": 4, "BBL": 4080830025.0, "CondoNo": 0, "Tract2010": "138502", "XCoord": 1053004, "YCoord": 217956, "ZoneMap": "11a", "ZMCode": null, "Sanborn": "412 064", "TaxMap": "43602", "EDesigNum": null, "APPBBL": 0.0, "APPDate": null, "PLUTOMapID": "1", "FIRM07_FLA": "1", "PFIRM15_FL": "1", "Version": "25v4", "DCPEdited": "t", "Latitude": 40.7646479, "Longitude": -73.751801, "Notes": null, "Shape_Leng": 0.0, "Shape_Area": 411034.642375 }, "geometry": { "type": "MultiPolygon", "coordinates": [ [ [ [ -73.749851028429902, 40.76399912030061 ], [ -73.751678703637225, 40.7636168859961 ], [ -73.751695495374179, 40.763651011458684 ], [ -73.751828603581899, 40.76380504765411 ], [ -73.751976418375506, 40.763931777762657 ], [ -73.752070403798655, 40.764033626901806 ], [ -73.752157739193564, 40.764110686893545 ], [ -73.75219245682284, 40.764139802128632 ], [ -73.752222689499803, 40.764166347527457 ], [ -73.752217995844518, 40.764220148261046 ], [ -73.752253758931602, 40.764269765772347 ], [ -73.752343525057171, 40.764298146639405 ], [ -73.752401737538577, 40.764352937166912 ], [ -73.752448677237098, 40.764417953076624 ], [ -73.752478773612793, 40.764481225421051 ], [ -73.752511185748773, 40.764526564535636 ], [ -73.752567299823227, 40.76454120496777 ], [ -73.752662755611453, 40.764549953190631 ], [ -73.752741284323136, 40.764579161435137 ], [ -73.752816307274927, 40.764645092084088 ], [ -73.752893535774575, 40.764722132487634 ], [ -73.752983244543216, 40.764765885232443 ], [ -73.75304308685871, 40.764814094357227 ], [ -73.753045968459858, 40.764816415836371 ], [ -73.753079466749881, 40.764871153093459 ], [ -73.753113990882412, 40.764952371953093 ], [ -73.75314625680771, 40.765036999804281 ], [ -73.753140403437087, 40.765100623485147 ], [ -73.753048024468825, 40.765170891992767 ], [ -73.753043086383272, 40.765173988379352 ], [ -73.752902764986544, 40.765261975678548 ], [ -73.752751939850469, 40.765340232141249 ], [ -73.752569581293017, 40.765438922452148 ], [ -73.752511974429595, 40.765490765517377 ], [ -73.752429826390042, 40.765536493096157 ], [ -73.752309666983038, 40.765603375696998 ], [ -73.751657039235695, 40.765966643600585 ], [ -73.751426832107569, 40.765715856859352 ], [ -73.749851028429902, 40.76399912030061 ] ] ], [ [ [ -73.75218478007173, 40.763773803639843 ], [ -73.752418579326161, 40.763909517096629 ], [ -73.752461343890786, 40.763948087777948 ], [ -73.752563672186156, 40.76400673359138 ], [ -73.75262400790966, 40.764045014188525 ], [ -73.752681603525247, 40.764080324446603 ], [ -73.752784297696422, 40.764144197444672 ], [ -73.752893715657208, 40.764208387293742 ], [ -73.752993085333941, 40.764251609696679 ], [ -73.753066621081373, 40.764285470823339 ], [ -73.753159460839626, 40.76434997699203 ], [ -73.753243604989194, 40.764407210848901 ], [ -73.75330675967983, 40.764457465823227 ], [ -73.753335183904127, 40.764496607890109 ], [ -73.753366598240774, 40.764530440659989 ], [ -73.753401585696892, 40.764566226175234 ], [ -73.753441452809184, 40.764601049578687 ], [ -73.753471788159501, 40.764638747708894 ], [ -73.753517373958104, 40.764672135251317 ], [ -73.753564728004278, 40.764731182088269 ], [ -73.753597839801941, 40.764776821393561 ], [ -73.753632772756362, 40.764830290004831 ], [ -73.753668137492681, 40.764897985800765 ], [ -73.753679140658548, 40.764919355858616 ], [ -73.753695825766059, 40.764951766674578 ], [ -73.753666206598893, 40.764962270701396 ], [ -73.753619640789395, 40.764920143386448 ], [ -73.753568138545461, 40.764873054554094 ], [ -73.753467456797011, 40.76475838074218 ], [ -73.753239004149492, 40.76456400103794 ], [ -73.753099004107852, 40.764449245391617 ], [ -73.753043087181211, 40.764395947036135 ], [ -73.75294452428291, 40.764301999632437 ], [ -73.752665568723003, 40.764095551658954 ], [ -73.752510828034232, 40.764018345438217 ], [ -73.75234720136686, 40.763913786722455 ], [ -73.752132094852655, 40.763738821694346 ], [ -73.75218478007173, 40.763773803639843 ] ] ], [ [ [ -73.753255939231991, 40.765248967132585 ], [ -73.75312506381762, 40.765251939492174 ], [ -73.753135365758993, 40.7652470984047 ], [ -73.753222004553464, 40.76521055689858 ], [ -73.753267032462205, 40.765185883075169 ], [ -73.753314252267515, 40.765247641906427 ], [ -73.753255939231991, 40.765248967132585 ] ] ] ] } },
{ "type": "Feature", "properties": { "Borough": "QN", "Block": 8086, "Lot": 1, "CD": 411, "BCT2020": "4138502", "BCTCB2020": "41385021000", "CT2010": "1385.02", "CB2010": "1000", "SchoolDist": "26", "Council": 19, "ZipCode": 11363, "FireComp": "E313", "PolicePrct": 111, "HealthCent": 43, "HealthArea": 2140, "Sanitboro": "4", "SanitDistr": "11", "SanitSub": "4D", "Address": "232-01 NORTHERN BOULEVARD", "ZoneDist1": "PARK", "ZoneDist2": null, "ZoneDist3": null, "ZoneDist4": null, "Overlay1": null, "Overlay2": null, "SPDist1": null, "SPDist2": null, "SPDist3": null, "LtdHeight": null, "SplitZone": "N", "BldgClass": "Q9", "LandUse": "09", "Easements": 0, "OwnerType": "C", "OwnerName": "NYC DEPARTMENT OF PARKS AND RECREATION", "LotArea": 206900, "BldgArea": 4060, "ComArea": 4060, "ResArea": 0, "OfficeArea": 0, "RetailArea": 4060, "GarageArea": 0, "StrgeArea": 0, "FactryArea": 0, "OtherArea": 0, "AreaSource": "2", "NumBldgs": 1, "NumFloors": 1.0, "UnitsRes": 0, "UnitsTotal": 2, "LotFront": 263.0, "LotDepth": 808.0, "BldgFront": 116.0, "BldgDepth": 35.6, "Ext": "N", "ProxCode": "1", "IrrLotCode": "Y", "LotType": "3", "BsmtCode": "0", "AssessLand": 1646100.0, "AssessTot": 1921050.0, "ExemptTot": 1921050.0, "YearBuilt": 0, "YearAlter1": 2017, "YearAlter2": 0, "HistDist": null, "Landmark": null, "BuiltFAR": 0.02, "ResidFAR": 0.0, "CommFAR": 0.0, "FacilFAR": 0.0, "BoroCode": 4, "BBL": 4080860001.0, "CondoNo": 0, "Tract2010": "138502", "XCoord": 1053446, "YCoord": 218089, "ZoneMap": "11a", "ZMCode": null, "Sanborn": "412 064", "TaxMap": "43602", "EDesigNum": null, "APPBBL": 0.0, "APPDate": null, "PLUTOMapID": "1", "FIRM07_FLA": "1", "PFIRM15_FL": "1", "Version": "25v4", "DCPEdited": "t", "Latitude": 40.7650095, "Longitude": -73.750204, "Notes": null, "Shape_Leng": 0.0, "Shape_Area": 207302.106084 }, "geometry": { "type": "MultiPolygon", "coordinates": [ [ [ [ -73.748902208538851, 40.764197539378046 ], [ -73.749016697787226, 40.764173596687542 ], [ -73.749736538577579, 40.764023062061405 ], [ -73.749851028429902, 40.76399912030061 ], [ -73.751426832107569, 40.765715856859352 ], [ -73.750660562193588, 40.766113179498944 ], [ -73.748902208538851, 40.764197539378046 ] ] ] ] } },
{ "type": "Feature", "properties": { "Borough": "QN", "Block": 8087, "Lot": 1, "CD": 411, "BCT2020": "4138502", "BCTCB2020": "41385021000", "CT2010": "1385.02", "CB2010": "1000", "SchoolDist": "26", "Council": 19, "ZipCode": 11363, "FireComp": "E313", "PolicePrct": 111, "HealthCent": 43, "HealthArea": 2140, "Sanitboro": "4", "SanitDistr": "11", "SanitSub": "4C", "Address": "NORTHERN BOULEVARD", "ZoneDist1": "PARK", "ZoneDist2": null, "ZoneDist3": null, "ZoneDist4": null, "Overlay1": null, "Overlay2": null, "SPDist1": null, "SPDist2": null, "SPDist3": null, "LtdHeight": null, "SplitZone": "N", "BldgClass": "Q5", "LandUse": "09", "Easements": 0, "OwnerType": "C", "OwnerName": "NYC DEPARTMENT OF PARKS AND RECREATION", "LotArea": 232684, "BldgArea": 2940, "ComArea": 2940, "ResArea": 0, "OfficeArea": 0, "RetailArea": 2940, "GarageArea": 0, "StrgeArea": 0, "FactryArea": 0, "OtherArea": 0, "AreaSource": "2", "NumBldgs": 1, "NumFloors": 1.0, "UnitsRes": 0, "UnitsTotal": 2, "LotFront": 210.65, "LotDepth": 894.86, "BldgFront": 100.0, "BldgDepth": 35.0, "Ext": "N", "ProxCode": "0", "IrrLotCode": "Y", "LotType": "3", "BsmtCode": "0", "AssessLand": 1434596.0, "AssessTot": 2058750.0, "ExemptTot": 2058750.0, "YearBuilt": 1964, "YearAlter1": 0, "YearAlter2": 0, "HistDist": null, "Landmark": null, "BuiltFAR": 0.01, "ResidFAR": 0.0, "CommFAR": 0.0, "FacilFAR": 0.0, "BoroCode": 4, "BBL": 4080870000.9999995, "CondoNo": 0, "Tract2010": "138502", "XCoord": 1053687, "YCoord": 218198, "ZoneMap": "11a", "ZMCode": null, "Sanborn": "412 064", "TaxMap": "43602", "EDesigNum": null, "APPBBL": 0.0, "APPDate": null, "PLUTOMapID": "1", "FIRM07_FLA": "1", "PFIRM15_FL": "1", "Version": "25v4", "DCPEdited": "t", "Latitude": 40.7653068, "Longitude": -73.7493329, "Notes": null, "Shape_Leng": 0.0, "Shape_Area": 235379.14274800001 }, "geometry": { "type": "MultiPolygon", "coordinates": [ [ [ [ -73.747929647285801, 40.764400913648068 ], [ -73.74806750966107, 40.764371615479192 ], [ -73.748787719211691, 40.764221481034632 ], [ -73.748902208538851, 40.764197539378046 ], [ -73.750660562193588, 40.766113179498944 ], [ -73.750005692678997, 40.766452731806197 ], [ -73.749810018546157, 40.766449519101144 ], [ -73.747929647285801, 40.764400913648068 ] ] ] ] } },
{ "type": "Feature", "properties": { "Borough": "QN", "Block": 8164, "Lot": 35, "CD": 411, "BCT2020": "4150701", "BCTCB2020": "41507013002", "CT2010": "1507.01", "CB2010": "3001", "SchoolDist": "26", "Council": 19, "ZipCode": 11362, "FireComp": "E313", "PolicePrct": 111, "HealthCent": 43, "HealthArea": 2150, "Sanitboro": "4", "SanitDistr": "11", "SanitSub": "4D", "Address": null, "ZoneDist1": "R1-2", "ZoneDist2": null, "ZoneDist3": null, "ZoneDist4": null, "Overlay1": null, "Overlay2": null, "SPDist1": null, "SPDist2": null, "SPDist3": null, "LtdHeight": null, "SplitZone": "N", "BldgClass": null, "LandUse": null, "Easements": 0, "OwnerType": null, "OwnerName": null, "LotArea": 0, "BldgArea": 0, "ComArea": 0, "ResArea": 0, "OfficeArea": 0, "RetailArea": 0, "GarageArea": 0, "StrgeArea": 0, "FactryArea": 0, "OtherArea": 0, "AreaSource": null, "NumBldgs": 0, "NumFloors": 0.0, "UnitsRes": 0, "UnitsTotal": 0, "LotFront": 0.0, "LotDepth": 0.0, "BldgFront": 0.0, "BldgDepth": 0.0, "Ext": null, "ProxCode": null, "IrrLotCode": null, "LotType": null, "BsmtCode": null, "AssessLand": 0.0, "AssessTot": 0.0, "ExemptTot": 0.0, "YearBuilt": 0, "YearAlter1": 0, "YearAlter2": 0, "HistDist": null, "Landmark": null, "BuiltFAR": 0.0, "ResidFAR": 0.75, "CommFAR": 0.0, "FacilFAR": 1.0, "BoroCode": 4, "BBL": 4081640035.0, "CondoNo": 0, "Tract2010": "150701", "XCoord": 1054411, "YCoord": 217658, "ZoneMap": "11a", "ZMCode": null, "Sanborn": null, "TaxMap": null, "EDesigNum": null, "APPBBL": 0.0, "APPDate": null, "PLUTOMapID": "3", "FIRM07_FLA": null, "PFIRM15_FL": null, "Version": "25v4", "DCPEdited": null, "Latitude": 40.7638199, "Longitude": -73.7467249, "Notes": null, "Shape_Leng": 0.0, "Shape_Area": 562.8843999 }, "geometry": { "type": "MultiPolygon", "coordinates": [ [ [ [ -73.746646203843923, 40.763754495755954 ], [ -73.746657836505051, 40.763756697006755 ], [ -73.746670935851469, 40.763760033405354 ], [ -73.746689172234539, 40.763766341921453 ], [ -73.746705376561493, 40.763773839131609 ], [ -73.746719644455837, 40.763782262384368 ], [ -73.746736159667492, 40.76379486891063 ], [ -73.746751113799988, 40.763810331094582 ], [ -73.746761318553936, 40.763824870605191 ], [ -73.746770347888258, 40.763844231556341 ], [ -73.746774643078837, 40.763861498372371 ], [ -73.746775737022446, 40.763875005734207 ], [ -73.746775250787508, 40.763885452338442 ], [ -73.746772738494769, 40.763899530788336 ], [ -73.746646203843923, 40.763754495755954 ] ] ] ] } },
{ "type": "Feature", "properties": { "Borough": "QN", "Block": 8167, "Lot": 98, "CD": 411, "BCT2020": "4150701", "BCTCB2020": "41507013002", "CT2010": "1507.01", "CB2010": "3001", "SchoolDist": "26", "Council": 19, "ZipCode": 11362, "FireComp": "E313", "PolicePrct": 111, "HealthCent": 43, "HealthArea": 2150, "Sanitboro": "4", "SanitDistr": "11", "SanitSub": "4D", "Address": "49-20 HANFORD STREET", "ZoneDist1": "R1-2", "ZoneDist2": null, "ZoneDist3": null, "ZoneDist4": null, "Overlay1": null, "Overlay2": null, "SPDist1": null, "SPDist2": null, "SPDist3": null, "LtdHeight": null, "SplitZone": "N", "BldgClass": "C3", "LandUse": "02", "Easements": 0, "OwnerType": null, "OwnerName": "TOUMBEKIS, NICK", "LotArea": 15044, "BldgArea": 4048, "ComArea": 0, "ResArea": 4048, "OfficeArea": 0, "RetailArea": 0, "GarageArea": 0, "StrgeArea": 0, "FactryArea": 0, "OtherArea": 0, "AreaSource": "2", "NumBldgs": 1, "NumFloors": 2.5, "UnitsRes": 4, "UnitsTotal": 4, "LotFront": 98.67, "LotDepth": 126.0, "BldgFront": 50.0, "BldgDepth": 42.0, "Ext": "N", "ProxCode": "0", "IrrLotCode": "Y", "LotType": "5", "BsmtCode": "5", "AssessLand": 233100.0, "AssessTot": 412200.0, "ExemptTot": 0.0, "YearBuilt": 1941, "YearAlter1": 0, "YearAlter2": 0, "HistDist": null, "Landmark": null, "BuiltFAR": 0.27, "ResidFAR": 0.75, "CommFAR": 0.0, "FacilFAR": 1.0, "BoroCode": 4, "BBL": 4081670098.0, "CondoNo": 0, "Tract2010": "150701", "XCoord": 1055211, "YCoord": 216304, "ZoneMap": "11a", "ZMCode": null, "Sanborn": "412 083", "TaxMap": "43604", "EDesigNum": null, "APPBBL": 0.0, "APPDate": null, "PLUTOMapID": "1", "FIRM07_FLA": null, "PFIRM15_FL": null, "Version": "25v4", "DCPEdited": null, "Latitude": 40.7600962, "Longitude": -73.7438513, "Notes": null, "Shape_Leng": 0.0, "Shape_Area": 15753.1857277 }, "geometry": { "type": "MultiPolygon", "coordinates": [ [ [ [ -73.743530180886111, 40.760178085829708 ], [ -73.743548179729103, 40.760154436193666 ], [ -73.743642892998139, 40.760029997562718 ], [ -73.74389136182775, 40.759848332935874 ], [ -73.744166170879112, 40.760086337658358 ], [ -73.743857197863051, 40.760312240097029 ], [ -73.743831160019013, 40.760331277525644 ], [ -73.74378877688001, 40.760301943710765 ], [ -73.743750365173838, 40.760278002846512 ], [ -73.743711673100961, 40.760256133446489 ], [ -73.743669735545026, 40.760234718785767 ], [ -73.743630798792537, 40.76021677416157 ], [ -73.743591527741799, 40.760200417240306 ], [ -73.743559928371369, 40.760188443033542 ], [ -73.743530180886111, 40.760178085829708 ] ] ] ] } },
{ "type": "Feature", "properties": { "Borough": "QN", "Block": 8172, "Lot": 1, "CD": 411, "BCT2020": "4138502", "BCTCB2020": "41385021008", "CT2010": "1385.02", "CB2010": "1006", "SchoolDist": "26", "Council": 19, "ZipCode": 11362, "FireComp": "E313", "PolicePrct": 111, "HealthCent": 43, "HealthArea": 2140, "Sanitboro": "4", "SanitDistr": "11", "SanitSub": "6E", "Address": "240 STREET", "ZoneDist1": "PARK", "ZoneDist2": null, "ZoneDist3": null, "ZoneDist4": null, "Overlay1": null, "Overlay2": null, "SPDist1": null, "SPDist2": null, "SPDist3": null, "LtdHeight": null, "SplitZone": "N", "BldgClass": "Q1", "LandUse": "09", "Easements": 0, "OwnerType": "C", "OwnerName": "NYC DEPARTMENT OF PARKS AND RECREATION", "LotArea": 112414, "BldgArea": 0, "ComArea": 0, "ResArea": 0, "OfficeArea": 0, "RetailArea": 0, "GarageArea": 0, "StrgeArea": 0, "FactryArea": 0, "OtherArea": 0, "AreaSource": "7", "NumBldgs": 0, "NumFloors": 0.0, "UnitsRes": 0, "UnitsTotal": 0, "LotFront": 222.0, "LotDepth": 540.33, "BldgFront": 0.0, "BldgDepth": 0.0, "Ext": "N", "ProxCode": "0", "IrrLotCode": "Y", "LotType": "5", "BsmtCode": "0", "AssessLand": 563400.0, "AssessTot": 563400.0, "ExemptTot": 563400.0, "YearBuilt": 0, "YearAlter1": 0, "YearAlter2": 0, "HistDist": null, "Landmark": null, "BuiltFAR": 0.0, "ResidFAR": 0.0, "CommFAR": 0.0, "FacilFAR": 0.0, "BoroCode": 4, "BBL": 4081720001.0, "CondoNo": 0, "Tract2010": "138502", "XCoord": 1055595, "YCoord": 215466, "ZoneMap": "11b", "ZMCode": null, "Sanborn": "412 083", "TaxMap": "43604", "EDesigNum": null, "APPBBL": 0.0, "APPDate": null, "PLUTOMapID": "1", "FIRM07_FLA": null, "PFIRM15_FL": null, "Version": "25v4", "DCPEdited": "t", "Latitude": 40.757793, "Longitude": -73.7424741, "Notes": null, "Shape_Leng": 0.0, "Shape_Area": 92695.902660299995 }, "geometry": { "type": "MultiPolygon", "coordinates": [ [ [ [ -73.741765866950772, 40.757336976495594 ], [ -73.742472206484905, 40.757050301700161 ], [ -73.743115681421557, 40.758447654918491 ], [ -73.742620961144013, 40.758551039591836 ], [ -73.742615543224503, 40.758537229872374 ], [ -73.74260939527089, 40.758522946676955 ], [ -73.742601391008151, 40.758506049629361 ], [ -73.742591872226072, 40.758487889354761 ], [ -73.742583490829062, 40.758473266191011 ], [ -73.742573508087446, 40.75845718509548 ], [ -73.742564800814165, 40.758444155100868 ], [ -73.742557890505651, 40.758434376317538 ], [ -73.742550389484336, 40.758424258475614 ], [ -73.741765866950772, 40.757336976495594 ] ] ] ] } },
{ "type": "Feature", "properties": { "Borough": "QN", "Block": 8175, "Lot": 1, "CD": 411, "BCT2020": "4150701", "BCTCB2020": "41507013008", "CT2010": "1507.01", "CB2010": "3009", "SchoolDist": "26", "Council": 19, "ZipCode": 11362, "FireComp": "E313", "PolicePrct": 111, "HealthCent": 43, "HealthArea": 2150, "Sanitboro": "4", "SanitDistr": "11", "SanitSub": "4D", "Address": "240 STREET", "ZoneDist1": "PARK", "ZoneDist2": "R3-2", "ZoneDist3": "R1-2", "ZoneDist4": null, "Overlay1": null, "Overlay2": null, "SPDist1": null, "SPDist2": null, "SPDist3": null, "LtdHeight": null, "SplitZone": "Y", "BldgClass": "Q1", "LandUse": "09", "Easements": 0, "OwnerType": "C", "OwnerName": "NYC DEPARTMENT OF PARKS AND RECREATION", "LotArea": 161000, "BldgArea": 0, "ComArea": 0, "ResArea": 0, "OfficeArea": 0, "RetailArea": 0, "GarageArea": 0, "StrgeArea": 0, "FactryArea": 0, "OtherArea": 0, "AreaSource": "7", "NumBldgs": 1, "NumFloors": 0.0, "UnitsRes": 0, "UnitsTotal": 0, "LotFront": 546.0, "LotDepth": 228.67, "BldgFront": 0.0, "BldgDepth": 0.0, "Ext": "N", "ProxCode": "0", "IrrLotCode": "Y", "LotType": "5", "BsmtCode": "0", "AssessLand": 804150.0, "AssessTot": 804150.0, "ExemptTot": 804150.0, "YearBuilt": 0, "YearAlter1": 0, "YearAlter2": 0, "HistDist": null, "Landmark": null, "BuiltFAR": 0.0, "ResidFAR": 0.0, "CommFAR": 0.0, "FacilFAR": 0.0, "BoroCode": 4, "BBL": 4081750000.9999995, "CondoNo": 0, "Tract2010": "150701", "XCoord": 1055854, "YCoord": 214987, "ZoneMap": "11b", "ZMCode": null, "Sanborn": "412 083", "TaxMap": "43604", "EDesigNum": null, "APPBBL": 0.0, "APPDate": null, "PLUTOMapID": "1", "FIRM07_FLA": null, "PFIRM15_FL": null, "Version": "25v4", "DCPEdited": "t", "Latitude": 40.7564762, "Longitude": -73.7415443, "Notes": null, "Shape_Leng": 0.0, "Shape_Area": 161772.87121400001 }, "geometry": { "type": "MultiPolygon", "coordinates": [ [ [ [ -73.741017676078314, 40.756609285771354 ], [ -73.740731230964272, 40.756750418761555 ], [ -73.740415985631216, 40.756905741137324 ], [ -73.740267247507731, 40.75697902525765 ], [ -73.739963233972105, 40.757128811977339 ], [ -73.739655361597272, 40.757280497388514 ], [ -73.740462992065304, 40.756672525688792 ], [ -73.740605556726607, 40.756560701764982 ], [ -73.740725037496304, 40.756463584173943 ], [ -73.740913726448611, 40.756303462154065 ], [ -73.74112176359219, 40.756116518335013 ], [ -73.741290153224753, 40.755962755373716 ], [ -73.74149043206296, 40.755796117103152 ], [ -73.741710791381095, 40.755630214210278 ], [ -73.741841898178478, 40.755539128764411 ], [ -73.741858918046063, 40.755528945267272 ], [ -73.74188750014352, 40.755569888836654 ], [ -73.741906416215485, 40.755600880828226 ], [ -73.74192606049769, 40.755637695377338 ], [ -73.741942848038789, 40.755674664736596 ], [ -73.741957309103014, 40.755712701410076 ], [ -73.742233977348988, 40.756475323591815 ], [ -73.742319961461931, 40.75668901696811 ], [ -73.74243228469426, 40.756950181975462 ], [ -73.741698718971904, 40.757243913149274 ], [ -73.741182299773115, 40.756528174046402 ], [ -73.741017676078314, 40.756609285771354 ] ] ] ] } },
{ "type": "Feature", "properties": { "Borough": "QN", "Block": 8275, "Lot": 150, "CD": 411, "BCT2020": "4138502", "BCTCB2020": "41385021012", "CT2010": "1385.02", "CB2010": "1018", "SchoolDist": "26", "Council": 23, "ZipCode": 11362, "FireComp": "L160", "PolicePrct": 111, "HealthCent": 43, "HealthArea": 2140, "Sanitboro": "4", "SanitDistr": "11", "SanitSub": "5E", "Address": "HORACE HARDING EXPWY", "ZoneDist1": "R3-2", "ZoneDist2": null, "ZoneDist3": null, "ZoneDist4": null, "Overlay1": null, "Overlay2": null, "SPDist1": null, "SPDist2": null, "SPDist3": null, "LtdHeight": null, "SplitZone": "N", "BldgClass": "V0", "LandUse": "11", "Easements": 0, "OwnerType": "X", "OwnerName": "NYC DEPARTMENT OF PARKS AND RECREATION", "LotArea": 30900, "BldgArea": 0, "ComArea": 0, "ResArea": 0, "OfficeArea": 0, "RetailArea": 0, "GarageArea": 0, "StrgeArea": 0, "FactryArea": 0, "OtherArea": 0, "AreaSource": "7", "NumBldgs": 0, "NumFloors": 0.0, "UnitsRes": 0, "UnitsTotal": 0, "LotFront": 196.0, "LotDepth": 895.17, "BldgFront": 0.0, "BldgDepth": 0.0, "Ext": null, "ProxCode": "0", "IrrLotCode": "Y", "LotType": "5", "BsmtCode": "5", "AssessLand": 181740.0, "AssessTot": 181740.0, "ExemptTot": 181740.0, "YearBuilt": 0, "YearAlter1": 0, "YearAlter2": 0, "HistDist": null, "Landmark": null, "BuiltFAR": 0.0, "ResidFAR": 0.75, "CommFAR": 0.0, "FacilFAR": 1.0, "BoroCode": 4, "BBL": 4082750149.9999995, "CondoNo": 0, "Tract2010": "138502", "XCoord": 1056396, "YCoord": 214933, "ZoneMap": "11b", "ZMCode": null, "Sanborn": "422 061", "TaxMap": "43701", "EDesigNum": null, "APPBBL": 0.0, "APPDate": null, "PLUTOMapID": "1", "FIRM07_FLA": null, "PFIRM15_FL": null, "Version": "25v4", "DCPEdited": "t", "Latitude": 40.7563236, "Longitude": -73.7395885, "Notes": null, "Shape_Leng": 0.0, "Shape_Area": 33952.497931500002 }, "geometry": { "type": "MultiPolygon", "coordinates": [ [ [ [ -73.739251637825021, 40.756515675138864 ], [ -73.741512778465705, 40.755137985118033 ], [ -73.741443327221631, 40.755073031195202 ], [ -73.741402472571949, 40.755030540771287 ], [ -73.741368163436732, 40.754990108269297 ], [ -73.741339782344312, 40.754952424848028 ], [ -73.741313441622509, 40.754912934167507 ], [ -73.741287528409615, 40.754868272800501 ], [ -73.741266803416977, 40.754826601057538 ], [ -73.741243947313606, 40.754770804473573 ], [ -73.741237819501634, 40.754752097022902 ], [ -73.741258584437887, 40.754732593546294 ], [ -73.74127258858573, 40.754719227274251 ], [ -73.741303471866416, 40.754687662593788 ], [ -73.741332954863083, 40.754655326589472 ], [ -73.741361026692317, 40.754622273366095 ], [ -73.741387626857389, 40.75458852972934 ], [ -73.741412756391483, 40.754554140689677 ], [ -73.741436366599856, 40.754519124212024 ], [ -73.741458433579609, 40.754483545077875 ], [ -73.741490292574795, 40.754426935754545 ], [ -73.741536817998124, 40.75434767453531 ], [ -73.741524181983777, 40.754389963001515 ], [ -73.741512468515154, 40.754445664815563 ], [ -73.741500777642401, 40.75451566400659 ], [ -73.741500243535015, 40.75458705440812 ], [ -73.741508530896283, 40.754648590490476 ], [ -73.741523929579671, 40.754700605232827 ], [ -73.74154427769669, 40.754755508161558 ], [ -73.741573742212211, 40.754805422951286 ], [ -73.741606171847351, 40.754854762610165 ], [ -73.741644673362842, 40.754902163576041 ], [ -73.741706633373354, 40.754964059523488 ], [ -73.74182671800142, 40.755082689986985 ], [ -73.741361223975787, 40.755389541988244 ], [ -73.741279630675209, 40.755439881918946 ], [ -73.7411853095429, 40.755493233335194 ], [ -73.741034998054772, 40.755568651856017 ], [ -73.740955311174929, 40.755604295858006 ], [ -73.740857554099406, 40.755644257701569 ], [ -73.740768082081573, 40.755677414004964 ], [ -73.74068836000869, 40.755708040122265 ], [ -73.740622706913058, 40.755735163376102 ], [ -73.740578212618189, 40.755754564610889 ], [ -73.740539919619195, 40.755771943749714 ], [ -73.740501627689582, 40.755789974845847 ], [ -73.740479700793855, 40.755800601029897 ], [ -73.740455542343796, 40.755812569282988 ], [ -73.740425696589412, 40.755827736943829 ], [ -73.740400983886332, 40.755840626962801 ], [ -73.740371372334209, 40.75585647220263 ], [ -73.740343619926477, 40.755871732738193 ], [ -73.740298872090023, 40.755897199180396 ], [ -73.740253234347662, 40.755924313300348 ], [ -73.739254195464284, 40.756533004002399 ], [ -73.739251637825021, 40.756515675138864 ] ] ] ] } },
{ "type": "Feature", "properties": { "Borough": "QN", "Block": 6350, "Lot": 1, "CD": 411, "BCT2020": "4111300", "BCTCB2020": "41113001000", "CT2010": "1113", "CB2010": "1000", "SchoolDist": "26", "Council": 19, "ZipCode": 11361, "FireComp": "E306", "PolicePrct": 111, "HealthCent": 43, "HealthArea": 2110, "Sanitboro": "4", "SanitDistr": "11", "SanitSub": "2E", "Address": "LITTLE NECK BLVD", "ZoneDist1": "R1-2", "ZoneDist2": null, "ZoneDist3": null, "ZoneDist4": null, "Overlay1": null, "Overlay2": null, "SPDist1": null, "SPDist2": null, "SPDist3": null, "LtdHeight": null, "SplitZone": "N", "BldgClass": "U1", "LandUse": "07", "Easements": 1, "OwnerType": "X", "OwnerName": "NYS DEPARTMENT OF TRANSPORTATION", "LotArea": 329900, "BldgArea": 0, "ComArea": 0, "ResArea": 0, "OfficeArea": 0, "RetailArea": 0, "GarageArea": 0, "StrgeArea": 0, "FactryArea": 0, "OtherArea": 0, "AreaSource": "7", "NumBldgs": 0, "NumFloors": 0.0, "UnitsRes": 0, "UnitsTotal": 0, "LotFront": 0.0, "LotDepth": 0.0, "BldgFront": 0.0, "BldgDepth": 0.0, "Ext": "N", "ProxCode": "0", "IrrLotCode": "N", "LotType": "5", "BsmtCode": "0", "AssessLand": 0.0, "AssessTot": 0.0, "ExemptTot": 0.0, "YearBuilt": 0, "YearAlter1": 0, "YearAlter2": 0, "HistDist": null, "Landmark": null, "BuiltFAR": 0.0, "ResidFAR": 0.75, "CommFAR": 0.0, "FacilFAR": 1.0, "BoroCode": 4, "BBL": 4063500001.0, "CondoNo": 0, "Tract2010": "1113", "XCoord": 1051805, "YCoord": 217978, "ZoneMap": "11a", "ZMCode": null, "Sanborn": "412 061", "TaxMap": "42906", "EDesigNum": null, "APPBBL": 0.0, "APPDate": null, "PLUTOMapID": "1", "FIRM07_FLA": "1", "PFIRM15_FL": "1", "Version": "25v4", "DCPEdited": "t", "Latitude": 40.7647175, "Longitude": -73.7561291, "Notes": null, "Shape_Leng": 0.0, "Shape_Area": 319576.27659000002 }, "geometry": { "type": "MultiPolygon", "coordinates": [ [ [ [ -73.753924087028665, 40.76530636896009 ], [ -73.753909262716192, 40.765287620204539 ], [ -73.753892373637427, 40.765266432937892 ], [ -73.753871414635341, 40.765244721035742 ], [ -73.753846444432838, 40.765207524315237 ], [ -73.753827855497576, 40.765180891384404 ], [ -73.753904256149198, 40.76511720521853 ], [ -73.753976260355401, 40.765088317657963 ], [ -73.754186641922246, 40.765005914800824 ], [ -73.754389167165385, 40.764920930948591 ], [ -73.754459108028044, 40.764893903139651 ], [ -73.754532042563156, 40.764865718371951 ], [ -73.754701846990983, 40.764819100694282 ], [ -73.754685022319904, 40.764812231809898 ], [ -73.754668199477408, 40.764804509257175 ], [ -73.754522026155286, 40.76484007127447 ], [ -73.754459108116492, 40.764842499054446 ], [ -73.754392653218858, 40.764889337786911 ], [ -73.754310612111112, 40.764898557734689 ], [ -73.754200437750569, 40.764920528228657 ], [ -73.754106006193609, 40.76493826480683 ], [ -73.753956458310967, 40.764974672570361 ], [ -73.753872081889767, 40.765007805704279 ], [ -73.753799013650109, 40.76502046190928 ], [ -73.753756296071771, 40.765028058195895 ], [ -73.753737583710276, 40.765033897657396 ], [ -73.753718706512672, 40.765004010876709 ], [ -73.753701777412445, 40.764970625232579 ], [ -73.753695825766059, 40.764951766674578 ], [ -73.753902881512431, 40.764878031792293 ], [ -73.754178095830341, 40.764772609981463 ], [ -73.754613698734232, 40.764646959109093 ], [ -73.755033604052045, 40.76452888695443 ], [ -73.755615881331792, 40.76439671212065 ], [ -73.755962208226435, 40.764329127776001 ], [ -73.756873606296608, 40.764178978702674 ], [ -73.758008247628467, 40.764070976495269 ], [ -73.75819493596515, 40.764053205452718 ], [ -73.75851099592478, 40.764768316962744 ], [ -73.758155996410608, 40.76480163996375 ], [ -73.757021961011048, 40.764908079880939 ], [ -73.756397400352412, 40.764976016528067 ], [ -73.75611719751754, 40.765015206049839 ], [ -73.755823318741136, 40.7650724003785 ], [ -73.755537076104972, 40.765131586813936 ], [ -73.75531956429711, 40.765182841956204 ], [ -73.754968719769366, 40.765268151162353 ], [ -73.754734086224417, 40.765340453256535 ], [ -73.754644570533955, 40.765366568201401 ], [ -73.754492956644157, 40.765414470867213 ], [ -73.754439348140693, 40.765432094802378 ], [ -73.754416559075068, 40.765439584330657 ], [ -73.754380322834095, 40.765451495564847 ], [ -73.754234189976017, 40.765506462816326 ], [ -73.754193959691008, 40.765457776823041 ], [ -73.754114551365774, 40.765361942624033 ], [ -73.754101122577737, 40.765348246945713 ], [ -73.754085437109183, 40.765336255543495 ], [ -73.75406862803986, 40.765325114572768 ], [ -73.754050684424527, 40.765316535867051 ], [ -73.754033859591573, 40.765309665047702 ], [ -73.754018143429604, 40.765306642709177 ], [ -73.75399905655209, 40.765303612248537 ], [ -73.753987256974881, 40.765304441629112 ], [ -73.753973771413257, 40.765306121077188 ], [ -73.753956331177037, 40.765312917773613 ], [ -73.753937097419751, 40.765323728588768 ], [ -73.753924087028665, 40.76530636896009 ] ] ] ] } },
{ "type": "Feature", "properties": { "Borough": "QN", "Block": 7508, "Lot": 25, "CD": 411, "BCT2020": "4138501", "BCTCB2020": "41385011002", "CT2010": "1385.01", "CB2010": "1003", "SchoolDist": "26", "Council": 23, "ZipCode": 11364, "FireComp": "E313", "PolicePrct": 111, "HealthCent": 43, "HealthArea": 2122, "Sanitboro": "4", "SanitDistr": "11", "SanitSub": "6E", "Address": "EASTHAMPTON BLVD", "ZoneDist1": "PARK", "ZoneDist2": null, "ZoneDist3": null, "ZoneDist4": null, "Overlay1": null, "Overlay2": null, "SPDist1": null, "SPDist2": null, "SPDist3": null, "LtdHeight": null, "SplitZone": "N", "BldgClass": "Q1", "LandUse": "09", "Easements": 0, "OwnerType": "C", "OwnerName": "NYC DEPARTMENT OF PARKS AND RECREATION", "LotArea": 33821, "BldgArea": 0, "ComArea": 0, "ResArea": 0, "OfficeArea": 0, "RetailArea": 0, "GarageArea": 0, "StrgeArea": 0, "FactryArea": 0, "OtherArea": 0, "AreaSource": "7", "NumBldgs": 0, "NumFloors": 0.0, "UnitsRes": 0, "UnitsTotal": 0, "LotFront": 241.5, "LotDepth": 60.0, "BldgFront": 0.0, "BldgDepth": 0.0, "Ext": "N", "ProxCode": "0", "IrrLotCode": "Y", "LotType": "3", "BsmtCode": "0", "AssessLand": 436950.0, "AssessTot": 436950.0, "ExemptTot": 436950.0, "YearBuilt": 0, "YearAlter1": 0, "YearAlter2": 0, "HistDist": null, "Landmark": null, "BuiltFAR": 0.0, "ResidFAR": 0.0, "CommFAR": 0.0, "FacilFAR": 0.0, "BoroCode": 4, "BBL": 4075080025.0, "CondoNo": 0, "Tract2010": "138501", "XCoord": 1053552, "YCoord": 215584, "ZoneMap": "11b", "ZMCode": null, "Sanborn": "412 062", "TaxMap": "43304", "EDesigNum": null, "APPBBL": 0.0, "APPDate": null, "PLUTOMapID": "1", "FIRM07_FLA": null, "PFIRM15_FL": null, "Version": "25v4", "DCPEdited": "t", "Latitude": 40.7581331, "Longitude": -73.7498472, "Notes": null, "Shape_Leng": 0.0, "Shape_Area": 38054.391261099998 }, "geometry": { "type": "MultiPolygon", "coordinates": [ [ [ [ -73.749371685501188, 40.757806490590852 ], [ -73.749367745982042, 40.757779947610132 ], [ -73.74937076635436, 40.757759026356744 ], [ -73.749381422775173, 40.757734962699153 ], [ -73.74939455464137, 40.75771806533934 ], [ -73.749408550173186, 40.757705463393435 ], [ -73.749423232853033, 40.757695590605408 ], [ -73.749437689647493, 40.757688175769665 ], [ -73.749453579342259, 40.757682049909661 ], [ -73.749466641317355, 40.757678341205953 ], [ -73.749479949303861, 40.757675654194124 ], [ -73.749496910219165, 40.757673751409207 ], [ -73.749512971784654, 40.75767449142382 ], [ -73.749532676395319, 40.757676391110202 ], [ -73.74955917036354, 40.757679555439182 ], [ -73.749597028391022, 40.757681136259869 ], [ -73.749625543668145, 40.757681198237385 ], [ -73.74965265451614, 40.757679361576926 ], [ -73.749673999655201, 40.757676782947726 ], [ -73.749692997027665, 40.757673714735041 ], [ -73.749846272248021, 40.757854905194399 ], [ -73.749943892522154, 40.757970333680831 ], [ -73.750039562806535, 40.758083453554924 ], [ -73.750128023459311, 40.758188048920886 ], [ -73.75035761185984, 40.758691041195078 ], [ -73.750194746591092, 40.758632855434442 ], [ -73.750131099063239, 40.758605586755039 ], [ -73.750077138480094, 40.758578692115854 ], [ -73.750027155798648, 40.758550267068777 ], [ -73.749983164513225, 40.758522053139487 ], [ -73.749935843194137, 40.758487810373538 ], [ -73.749894104317306, 40.7584536300702 ], [ -73.749860480786779, 40.7584195745412 ], [ -73.749839763452329, 40.758394000996759 ], [ -73.749383540809987, 40.757830783344197 ], [ -73.749371685501188, 40.757806490590852 ] ] ] ] } },
{ "type": "Feature", "properties": { "Borough": "QN", "Block": 7677, "Lot": 50, "CD": 411, "BCT2020": "4137700", "BCTCB2020": "41377002000", "CT2010": "1377", "CB2010": "2000", "SchoolDist": "26", "Council": 23, "ZipCode": 11364, "FireComp": "L160", "PolicePrct": 111, "HealthCent": 43, "HealthArea": 2140, "Sanitboro": "4", "SanitDistr": "11", "SanitSub": "5C", "Address": "67 AVENUE", "ZoneDist1": "R3-2", "ZoneDist2": null, "ZoneDist3": null, "ZoneDist4": null, "Overlay1": null, "Overlay2": null, "SPDist1": null, "SPDist2": null, "SPDist3": null, "LtdHeight": null, "SplitZone": "N", "BldgClass": "Q2", "LandUse": "09", "Easements": 0, "OwnerType": "C", "OwnerName": "NYC DEPARTMENT OF PARKS AND RECREATION", "LotArea": 79470, "BldgArea": 400, "ComArea": 400, "ResArea": 0, "OfficeArea": 0, "RetailArea": 0, "GarageArea": 0, "StrgeArea": 0, "FactryArea": 0, "OtherArea": 400, "AreaSource": "2", "NumBldgs": 1, "NumFloors": 1.0, "UnitsRes": 0, "UnitsTotal": 0, "LotFront": 97.0, "LotDepth": 883.0, "BldgFront": 20.0, "BldgDepth": 20.0, "Ext": "N", "ProxCode": "0", "IrrLotCode": "Y", "LotType": "5", "BsmtCode": "0", "AssessLand": 697500.0, "AssessTot": 849150.0, "ExemptTot": 849150.0, "YearBuilt": 0, "YearAlter1": 0, "YearAlter2": 0, "HistDist": null, "Landmark": null, "BuiltFAR": 0.01, "ResidFAR": 0.75, "CommFAR": 0.0, "FacilFAR": 1.0, "BoroCode": 4, "BBL": 4076770050.0, "CondoNo": 0, "Tract2010": "1377", "XCoord": 1054902, "YCoord": 211648, "ZoneMap": "11b", "ZMCode": null, "Sanborn": "422 065I", "TaxMap": "43402", "EDesigNum": null, "APPBBL": 0.0, "APPDate": null, "PLUTOMapID": "1", "FIRM07_FLA": null, "PFIRM15_FL": null, "Version": "25v4", "DCPEdited": "t", "Latitude": 40.7473192, "Longitude": -73.7450156, "Notes": null, "Shape_Leng": 0.0, "Shape_Area": 53791.455875599997 }, "geometry": { "type": "MultiPolygon", "coordinates": [ [ [ [ -73.744210992166671, 40.747472249877852 ], [ -73.746241203926232, 40.746720405130539 ], [ -73.746345585330431, 40.74695984919709 ], [ -73.746144183254529, 40.746971248116338 ], [ -73.744364604119141, 40.74758565172089 ], [ -73.744330610696451, 40.747605385721926 ], [ -73.744304893885314, 40.747623880001136 ], [ -73.744278321738648, 40.747649604402518 ], [ -73.744257550252001, 40.747675947797404 ], [ -73.744243376274483, 40.747702028335482 ], [ -73.744229721087436, 40.747738530852999 ], [ -73.744221409852742, 40.747776821847552 ], [ -73.744220753826113, 40.747796262406936 ], [ -73.744219887581821, 40.747814642604339 ], [ -73.744220964300837, 40.747840110478855 ], [ -73.744227294304039, 40.747874970696195 ], [ -73.74424371638122, 40.747916872767092 ], [ -73.74425841209279, 40.747952292755926 ], [ -73.744271512190764, 40.747979263262394 ], [ -73.743989352925965, 40.748054055916086 ], [ -73.743949325863895, 40.747960231116039 ], [ -73.743935531661748, 40.747901326929728 ], [ -73.743938773436341, 40.747827173512 ], [ -73.74395539002407, 40.747743879137168 ], [ -73.743997120096665, 40.747655204072736 ], [ -73.744065399733159, 40.74758119435009 ], [ -73.744133711860414, 40.747521195690261 ], [ -73.744210992166671, 40.747472249877852 ] ] ] ] } },
{ "type": "Feature", "properties": { "Borough": "QN", "Block": 7860, "Lot": 10, "CD": 413, "BCT2020": "4156700", "BCTCB2020": "41567001008", "CT2010": "1567", "CB2010": "1011", "SchoolDist": "26", "Council": 23, "ZipCode": 11426, "FireComp": "L160", "PolicePrct": 105, "HealthCent": 43, "HealthArea": 2160, "Sanitboro": "4", "SanitDistr": "13", "SanitSub": "2D", "Address": "WINCHESTER BOULEVARD", "ZoneDist1": "PARK", "ZoneDist2": "R3-2", "ZoneDist3": null, "ZoneDist4": null, "Overlay1": null, "Overlay2": null, "SPDist1": null, "SPDist2": null, "SPDist3": null, "LtdHeight": null, "SplitZone": "Y", "BldgClass": "Q1", "LandUse": "09", "Easements": 0, "OwnerType": "C", "OwnerName": "NYC DEPARTMENT OF PARKS AND RECREATION", "LotArea": 291417, "BldgArea": 0, "ComArea": 0, "ResArea": 0, "OfficeArea": 0, "RetailArea": 0, "GarageArea": 0, "StrgeArea": 0, "FactryArea": 0, "OtherArea": 0, "AreaSource": "7", "NumBldgs": 0, "NumFloors": 0.0, "UnitsRes": 0, "UnitsTotal": 0, "LotFront": 112.08, "LotDepth": 197.0, "BldgFront": 0.0, "BldgDepth": 0.0, "Ext": "N", "ProxCode": "0", "IrrLotCode": "Y", "LotType": "5", "BsmtCode": "0", "AssessLand": 4822200.0, "AssessTot": 4822200.0, "ExemptTot": 4822200.0, "YearBuilt": 0, "YearAlter1": 0, "YearAlter2": 0, "HistDist": null, "Landmark": null, "BuiltFAR": 0.0, "ResidFAR": 0.0, "CommFAR": 0.0, "FacilFAR": 0.0, "BoroCode": 4, "BBL": 4078600010.0, "CondoNo": 0, "Tract2010": "1567", "XCoord": 1057168, "YCoord": 208536, "ZoneMap": "11b", "ZMCode": "Y", "Sanborn": "422 060", "TaxMap": "43501", "EDesigNum": null, "APPBBL": 0.0, "APPDate": null, "PLUTOMapID": "1", "FIRM07_FLA": null, "PFIRM15_FL": null, "Version": "25v4", "DCPEdited": "t", "Latitude": 40.7387591, "Longitude": -73.7368714, "Notes": null, "Shape_Leng": 0.0, "Shape_Area": 281103.45062199997 }, "geometry": { "type": "MultiPolygon", "coordinates": [ [ [ [ -73.733912340929677, 40.738981698510869 ], [ -73.734681669503374, 40.738832673896795 ], [ -73.737816489836234, 40.738225373332213 ], [ -73.737940624057941, 40.738205908635344 ], [ -73.738020114303282, 40.738195525590861 ], [ -73.738132627055677, 40.738186654790965 ], [ -73.738240653333349, 40.738180949773358 ], [ -73.738303790585547, 40.738179506560094 ], [ -73.738394773451432, 40.738178925360778 ], [ -73.738519590621507, 40.73818477485284 ], [ -73.738598286772557, 40.738190865383324 ], [ -73.738706122201947, 40.738204841146846 ], [ -73.738844103969669, 40.738229548969322 ], [ -73.738968441806279, 40.738260190700167 ], [ -73.73897331587159, 40.738261391318375 ], [ -73.739018177086919, 40.738275427495601 ], [ -73.739022916305487, 40.738276909657351 ], [ -73.739145984852357, 40.738321250497691 ], [ -73.739169013399547, 40.738329601785253 ], [ -73.739289466996453, 40.738378423765383 ], [ -73.739395692417133, 40.738430326516259 ], [ -73.739465621498354, 40.738469573296079 ], [ -73.740155656826232, 40.738866994230833 ], [ -73.739809485702992, 40.739205069579967 ], [ -73.739091165823538, 40.738765451142683 ], [ -73.738626190078534, 40.738480875315304 ], [ -73.73378383362838, 40.739504938981057 ], [ -73.733893688369378, 40.738992058184962 ], [ -73.733912340929677, 40.738981698510869 ] ] ] ] } },
{ "type": "Feature", "properties": { "Borough": "QN", "Block": 8083, "Lot": 12, "CD": 411, "BCT2020": "4148300", "BCTCB2020": "41483002009", "CT2010": "1483", "CB2010": "2010", "SchoolDist": "26", "Council": 19, "ZipCode": 0, "FireComp": "E313", "PolicePrct": 111, "HealthCent": 43, "HealthArea": 2150, "Sanitboro": "4", "SanitDistr": "11", "SanitSub": "4C", "Address": "230 STREET", "ZoneDist1": "R1-2", "ZoneDist2": null, "ZoneDist3": null, "ZoneDist4": null, "Overlay1": null, "Overlay2": null, "SPDist1": null, "SPDist2": null, "SPDist3": null, "LtdHeight": null, "SplitZone": "N", "BldgClass": "U7", "LandUse": "07", "Easements": 0, "OwnerType": "X", "OwnerName": "MTA - LIRR", "LotArea": 48970, "BldgArea": 0, "ComArea": 0, "ResArea": 0, "OfficeArea": 0, "RetailArea": 0, "GarageArea": 0, "StrgeArea": 0, "FactryArea": 0, "OtherArea": 0, "AreaSource": "7", "NumBldgs": 0, "NumFloors": 0.0, "UnitsRes": 0, "UnitsTotal": 0, "LotFront": 236.58, "LotDepth": 135.72, "BldgFront": 0.0, "BldgDepth": 0.0, "Ext": "N", "ProxCode": "0", "IrrLotCode": "Y", "LotType": "5", "BsmtCode": "0", "AssessLand": 0.0, "AssessTot": 0.0, "ExemptTot": 0.0, "YearBuilt": 0, "YearAlter1": 0, "YearAlter2": 0, "HistDist": null, "Landmark": null, "BuiltFAR": 0.0, "ResidFAR": 0.75, "CommFAR": 0.0, "FacilFAR": 1.0, "BoroCode": 4, "BBL": 4080830011.9999995, "CondoNo": 0, "Tract2010": "1483", "XCoord": 1052589, "YCoord": 218356, "ZoneMap": "11a", "ZMCode": null, "Sanborn": "412 064", "TaxMap": "43602", "EDesigNum": null, "APPBBL": 0.0, "APPDate": null, "PLUTOMapID": "1", "FIRM07_FLA": "1", "PFIRM15_FL": "1", "Version": "25v4", "DCPEdited": "t", "Latitude": 40.765749, "Longitude": -73.753295, "Notes": null, "Shape_Leng": 0.0, "Shape_Area": 45282.205216900002 }, "geometry": { "type": "MultiPolygon", "coordinates": [ [ [ [ -73.752752876557977, 40.765693353422257 ], [ -73.752867821111153, 40.765634350345195 ], [ -73.753209971795854, 40.765478543319794 ], [ -73.753391006688233, 40.765396104197812 ], [ -73.753255939231991, 40.765248967132585 ], [ -73.753314252267515, 40.765247641906427 ], [ -73.753328521057881, 40.765266304215054 ], [ -73.753362218303309, 40.765300159356364 ], [ -73.753390743505079, 40.765338614098852 ], [ -73.753396713396739, 40.765356989154341 ], [ -73.75341121028751, 40.765386062547641 ], [ -73.753426842617813, 40.76541172000973 ], [ -73.753430196427075, 40.765415998301691 ], [ -73.753436901873769, 40.765425408551714 ], [ -73.753442487718516, 40.765433961812839 ], [ -73.753446959069336, 40.765439951678154 ], [ -73.753467658591873, 40.765462629377886 ], [ -73.753479409921596, 40.765474186443676 ], [ -73.753496199115034, 40.765491304150956 ], [ -73.753505159607016, 40.765498156373674 ], [ -73.753513001806681, 40.765504153450941 ], [ -73.753549825030532, 40.765527382336515 ], [ -73.753551689052941, 40.765528941822275 ], [ -73.753572672539676, 40.765547899233589 ], [ -73.753597998836426, 40.765570542053993 ], [ -73.753617140731819, 40.765595770794093 ], [ -73.753636142720438, 40.765621434515396 ], [ -73.753655168159909, 40.765641120670459 ], [ -73.753661891042, 40.765645832998665 ], [ -73.75368542969602, 40.765660830943219 ], [ -73.75369326940239, 40.765666828002672 ], [ -73.753707801255729, 40.765686502780333 ], [ -73.753724542063324, 40.765716434517856 ], [ -73.753726755281818, 40.765725834306167 ], [ -73.753728901679153, 40.765752318307804 ], [ -73.753731682597291, 40.765760012805771 ], [ -73.753756803657794, 40.76580191852451 ], [ -73.753784752204709, 40.765839561933717 ], [ -73.753816081751367, 40.765873794204069 ], [ -73.753849665248964, 40.765905470273616 ], [ -73.753857509488341, 40.765910610064999 ], [ -73.753875443756797, 40.765921753470444 ], [ -73.753881606876519, 40.765926036833491 ], [ -73.753903612277028, 40.765948349892142 ], [ -73.75364276413687, 40.765950004756334 ], [ -73.753131509948602, 40.765953247508996 ], [ -73.752912854925086, 40.766062686513081 ], [ -73.752631166801848, 40.765755827808725 ], [ -73.752752876557977, 40.765693353422257 ] ] ] ] } },
{ "type": "Feature", "properties": { "Borough": "QN", "Block": 8092, "Lot": 65, "CD": 411, "BCT2020": "4147900", "BCTCB2020": "41479002007", "CT2010": "1479", "CB2010": "2006", "SchoolDist": "26", "Council": 19, "ZipCode": 11363, "FireComp": "E313", "PolicePrct": 111, "HealthCent": 43, "HealthArea": 2150, "Sanitboro": "4", "SanitDistr": "11", "SanitSub": "4C", "Address": "NORTHERN BOULEVARD", "ZoneDist1": "PARK", "ZoneDist2": null, "ZoneDist3": null, "ZoneDist4": null, "Overlay1": null, "Overlay2": null, "SPDist1": null, "SPDist2": null, "SPDist3": null, "LtdHeight": null, "SplitZone": "N", "BldgClass": "Q1", "LandUse": "09", "Easements": 0, "OwnerType": "C", "OwnerName": "NYC DEPARTMENT OF PARKS AND RECREATION", "LotArea": 48470, "BldgArea": 0, "ComArea": 0, "ResArea": 0, "OfficeArea": 0, "RetailArea": 0, "GarageArea": 0, "StrgeArea": 0, "FactryArea": 0, "OtherArea": 0, "AreaSource": "7", "NumBldgs": 0, "NumFloors": 0.0, "UnitsRes": 0, "UnitsTotal": 0, "LotFront": 262.0, "LotDepth": 185.0, "BldgFront": 0.0, "BldgDepth": 0.0, "Ext": null, "ProxCode": "0", "IrrLotCode": "Y", "LotType": "5", "BsmtCode": "5", "AssessLand": 2249550.0, "AssessTot": 2249550.0, "ExemptTot": 2249550.0, "YearBuilt": 0, "YearAlter1": 0, "YearAlter2": 0, "HistDist": null, "Landmark": null, "BuiltFAR": 0.0, "ResidFAR": 0.0, "CommFAR": 0.0, "FacilFAR": 0.0, "BoroCode": 4, "BBL": 4080920065.0, "CondoNo": 0, "Tract2010": "1479", "XCoord": 1054240, "YCoord": 218348, "ZoneMap": "11a", "ZMCode": null, "Sanborn": "412 064", "TaxMap": "43602", "EDesigNum": null, "APPBBL": 0.0, "APPDate": null, "PLUTOMapID": "1", "FIRM07_FLA": "1", "PFIRM15_FL": "1", "Version": "25v4", "DCPEdited": "t", "Latitude": 40.7657141, "Longitude": -73.747335, "Notes": null, "Shape_Leng": 0.0, "Shape_Area": 128385.33095800001 }, "geometry": { "type": "MultiPolygon", "coordinates": [ [ [ [ -73.746876999629521, 40.766420066307646 ], [ -73.747279608654893, 40.765951283478913 ], [ -73.747071288519891, 40.765878693755326 ], [ -73.74696849934503, 40.765450564339275 ], [ -73.746888978464256, 40.765273892620286 ], [ -73.746754316217718, 40.765069956558428 ], [ -73.746738452386325, 40.764885377667412 ], [ -73.746797103023042, 40.764702787931654 ], [ -73.746940642436329, 40.764659361052928 ], [ -73.747008042874043, 40.7646396844099 ], [ -73.747018937710877, 40.764647215845457 ], [ -73.747027933122098, 40.764652820510832 ], [ -73.747037601643655, 40.7646582979824 ], [ -73.747052366409235, 40.76466569117094 ], [ -73.747066110967253, 40.764671633119683 ], [ -73.74707495602388, 40.764675022292153 ], [ -73.747081177505024, 40.764677215133489 ], [ -73.747089948848128, 40.764680052068073 ], [ -73.747095530443374, 40.764681706908284 ], [ -73.747115060967815, 40.764686630520337 ], [ -73.748098824606316, 40.766235808248638 ], [ -73.747558034768232, 40.766430620416969 ], [ -73.747585722896261, 40.766510825495835 ], [ -73.747461777034161, 40.766655145885316 ], [ -73.746876999629521, 40.766420066307646 ] ] ] ] } },
{ "type": "Feature", "properties": { "Borough": "QN", "Block": 8164, "Lot": 30, "CD": 411, "BCT2020": "4150701", "BCTCB2020": "41507013002", "CT2010": "1507.01", "CB2010": "3001", "SchoolDist": "26", "Council": 19, "ZipCode": 11363, "FireComp": "E313", "PolicePrct": 111, "HealthCent": 43, "HealthArea": 2150, "Sanitboro": "4", "SanitDistr": "11", "SanitSub": "4D", "Address": "231-10 NORTHERN BOULEVARD", "ZoneDist1": "R1-2", "ZoneDist2": null, "ZoneDist3": null, "ZoneDist4": null, "Overlay1": "C2-2", "Overlay2": null, "SPDist1": null, "SPDist2": null, "SPDist3": null, "LtdHeight": null, "SplitZone": "N", "BldgClass": "K5", "LandUse": "05", "Easements": 0, "OwnerType": null, "OwnerName": "TWIN DEER GROUP LLC", "LotArea": 69445, "BldgArea": 6825, "ComArea": 6825, "ResArea": 0, "OfficeArea": 0, "RetailArea": 6825, "GarageArea": 0, "StrgeArea": 0, "FactryArea": 0, "OtherArea": 0, "AreaSource": "2", "NumBldgs": 1, "NumFloors": 1.0, "UnitsRes": 0, "UnitsTotal": 1, "LotFront": 281.6, "LotDepth": 294.83, "BldgFront": 65.0, "BldgDepth": 105.0, "Ext": "N", "ProxCode": "0", "IrrLotCode": "Y", "LotType": "5", "BsmtCode": "0", "AssessLand": 1054800.0, "AssessTot": 2347200.0, "ExemptTot": 0.0, "YearBuilt": 1959, "YearAlter1": 0, "YearAlter2": 0, "HistDist": null, "Landmark": null, "BuiltFAR": 0.1, "ResidFAR": 0.75, "CommFAR": 0.0, "FacilFAR": 1.0, "BoroCode": 4, "BBL": 4081640030.0, "CondoNo": 0, "Tract2010": "150701", "XCoord": 1053744, "YCoord": 217525, "ZoneMap": "11a", "ZMCode": null, "Sanborn": "412 065Q", "TaxMap": "43604", "EDesigNum": "E-663", "APPBBL": 4081640015.0000005, "APPDate": "04/17/2024", "PLUTOMapID": "1", "FIRM07_FLA": "1", "PFIRM15_FL": "1", "Version": "25v4", "DCPEdited": null, "Latitude": 40.7634591, "Longitude": -73.7491341, "Notes": null, "Shape_Leng": 0.0, "Shape_Area": 69233.794532600004 }, "geometry": { "type": "MultiPolygon", "coordinates": [ [ [ [ -73.748447283425392, 40.763382141980408 ], [ -73.748536334019818, 40.763335267715263 ], [ -73.748540557160169, 40.763340055027605 ], [ -73.748837392585031, 40.763183804097309 ], [ -73.749050623784527, 40.763071560156526 ], [ -73.749134225509309, 40.763027554238576 ], [ -73.749252958008995, 40.762965052624729 ], [ -73.749540059671276, 40.763290512303648 ], [ -73.749855378389569, 40.763647954624162 ], [ -73.749710787296038, 40.763681144073274 ], [ -73.749349309316926, 40.763764117318914 ], [ -73.748987830432768, 40.76384709026626 ], [ -73.748879386666104, 40.76387198268182 ], [ -73.748447283425392, 40.763382141980408 ] ] ] ] } },
{ "type": "Feature", "properties": { "Borough": "QN", "Block": 8167, "Lot": 21, "CD": 411, "BCT2020": "4150701", "BCTCB2020": "41507013002", "CT2010": "1507.01", "CB2010": "3001", "SchoolDist": "26", "Council": 19, "ZipCode": 11362, "FireComp": "E313", "PolicePrct": 111, "HealthCent": 43, "HealthArea": 2150, "Sanitboro": "4", "SanitDistr": "11", "SanitSub": "4D", "Address": "46-22 HANFORD STREET", "ZoneDist1": "R1-2", "ZoneDist2": null, "ZoneDist3": null, "ZoneDist4": null, "Overlay1": null, "Overlay2": null, "SPDist1": null, "SPDist2": null, "SPDist3": null, "LtdHeight": null, "SplitZone": "N", "BldgClass": "A3", "LandUse": "01", "Easements": 0, "OwnerType": null, "OwnerName": "YU, XIAZI", "LotArea": 7271, "BldgArea": 4131, "ComArea": 0, "ResArea": 4131, "OfficeArea": 0, "RetailArea": 0, "GarageArea": 0, "StrgeArea": 0, "FactryArea": 0, "OtherArea": 0, "AreaSource": "2", "NumBldgs": 1, "NumFloors": 2.0, "UnitsRes": 1, "UnitsTotal": 1, "LotFront": 72.17, "LotDepth": 100.75, "BldgFront": 45.0, "BldgDepth": 50.0, "Ext": null, "ProxCode": "1", "IrrLotCode": "N", "LotType": "5", "BsmtCode": "2", "AssessLand": 37680.0, "AssessTot": 138360.0, "ExemptTot": 0.0, "YearBuilt": 2011, "YearAlter1": 0, "YearAlter2": 0, "HistDist": null, "Landmark": null, "BuiltFAR": 0.57, "ResidFAR": 0.75, "CommFAR": 0.0, "FacilFAR": 1.0, "BoroCode": 4, "BBL": 4081670021.0000005, "CondoNo": 0, "Tract2010": "150701", "XCoord": 1054669, "YCoord": 217668, "ZoneMap": "11a", "ZMCode": null, "Sanborn": "412 077", "TaxMap": "43604", "EDesigNum": null, "APPBBL": 0.0, "APPDate": null, "PLUTOMapID": "1", "FIRM07_FLA": null, "PFIRM15_FL": null, "Version": "25v4", "DCPEdited": null, "Latitude": 40.7638443, "Longitude": -73.7457935, "Notes": null, "Shape_Leng": 0.0, "Shape_Area": 10028.3381128 }, "geometry": { "type": "MultiPolygon", "coordinates": [ [ [ [ -73.745533940252059, 40.763761524285947 ], [ -73.745569181077286, 40.76375526341851 ], [ -73.745890487622646, 40.763698176920677 ], [ -73.746093404059508, 40.763948921704149 ], [ -73.745617855954649, 40.763953010147979 ], [ -73.745581695022068, 40.763953320161491 ], [ -73.745579421313721, 40.763932794340491 ], [ -73.745576597728743, 40.763912974235041 ], [ -73.74557217325318, 40.763888098679189 ], [ -73.745564791421486, 40.763855175994543 ], [ -73.745557037776479, 40.763826895471908 ], [ -73.745547563827998, 40.763797515281368 ], [ -73.745533940252059, 40.763761524285947 ] ] ] ] } },
{ "type": "Feature", "properties": { "Borough": "QN", "Block": 8167, "Lot": 25, "CD": 411, "BCT2020": "4150701", "BCTCB2020": "41507013002", "CT2010": "1507.01", "CB2010": "3001", "SchoolDist": "26", "Council": 19, "ZipCode": 11362, "FireComp": "E313", "PolicePrct": 111, "HealthCent": 43, "HealthArea": 2150, "Sanitboro": "4", "SanitDistr": "11", "SanitSub": "4D", "Address": "46-30 HANFORD STREET", "ZoneDist1": "R1-2", "ZoneDist2": null, "ZoneDist3": null, "ZoneDist4": null, "Overlay1": null, "Overlay2": null, "SPDist1": null, "SPDist2": null, "SPDist3": null, "LtdHeight": null, "SplitZone": "N", "BldgClass": "A2", "LandUse": "01", "Easements": 0, "OwnerType": null, "OwnerName": "ROUSSOS, MARY HELEN", "LotArea": 5568, "BldgArea": 2744, "ComArea": 0, "ResArea": 1372, "OfficeArea": 0, "RetailArea": 0, "GarageArea": 0, "StrgeArea": 0, "FactryArea": 0, "OtherArea": 0, "AreaSource": "2", "NumBldgs": 1, "NumFloors": 1.0, "UnitsRes": 1, "UnitsTotal": 1, "LotFront": 66.0, "LotDepth": 94.25, "BldgFront": 24.0, "BldgDepth": 36.0, "Ext": "G", "ProxCode": "1", "IrrLotCode": "Y", "LotType": "5", "BsmtCode": "1", "AssessLand": 19140.0, "AssessTot": 88380.0, "ExemptTot": 0.0, "YearBuilt": 1910, "YearAlter1": 0, "YearAlter2": 0, "HistDist": null, "Landmark": null, "BuiltFAR": 0.49, "ResidFAR": 0.75, "CommFAR": 0.0, "FacilFAR": 1.0, "BoroCode": 4, "BBL": 4081670025.0, "CondoNo": 0, "Tract2010": "150701", "XCoord": 1054706, "YCoord": 217597, "ZoneMap": "11a", "ZMCode": null, "Sanborn": "412 077", "TaxMap": "43604", "EDesigNum": null, "APPBBL": 0.0, "APPDate": null, "PLUTOMapID": "1", "FIRM07_FLA": null, "PFIRM15_FL": null, "Version": "25v4", "DCPEdited": null, "Latitude": 40.7636491, "Longitude": -73.7456606, "Notes": null, "Shape_Leng": 0.0, "Shape_Area": 6192.14299 }, "geometry": { "type": "MultiPolygon", "coordinates": [ [ [ [ -73.745439921889499, 40.76359594974447 ], [ -73.745476326971669, 40.763589633000549 ], [ -73.745775168152434, 40.7635377795933 ], [ -73.745806429046752, 40.763590543641484 ], [ -73.745815569817609, 40.763605132257474 ], [ -73.745890487622646, 40.763698176920677 ], [ -73.745569181077286, 40.76375526341851 ], [ -73.745533940252059, 40.763761524285947 ], [ -73.745524956495615, 40.76374058374644 ], [ -73.745516612637516, 40.763722620000898 ], [ -73.7455054743874, 40.763700439287135 ], [ -73.745492311114532, 40.76367636571851 ], [ -73.74547947738921, 40.763654710744497 ], [ -73.745467818937328, 40.76363632990514 ], [ -73.745455674794684, 40.763618300116882 ], [ -73.745439921889499, 40.76359594974447 ] ] ] ] } },
{ "type": "Feature", "properties": { "Borough": "QN", "Block": 8167, "Lot": 94, "CD": 411, "BCT2020": "4150701", "BCTCB2020": "41507013002", "CT2010": "1507.01", "CB2010": "3001", "SchoolDist": "26", "Council": 19, "ZipCode": 11362, "FireComp": "E313", "PolicePrct": 111, "HealthCent": 43, "HealthArea": 2150, "Sanitboro": "4", "SanitDistr": "11", "SanitSub": "4D", "Address": "49-16 HANFORD STREET", "ZoneDist1": "R1-2", "ZoneDist2": null, "ZoneDist3": null, "ZoneDist4": null, "Overlay1": null, "Overlay2": null, "SPDist1": null, "SPDist2": null, "SPDist3": null, "LtdHeight": null, "SplitZone": "N", "BldgClass": "A2", "LandUse": "01", "Easements": 0, "OwnerType": null, "OwnerName": "BREHL ASSET MANAGEMENT TRUST", "LotArea": 5760, "BldgArea": 2778, "ComArea": 0, "ResArea": 1538, "OfficeArea": 0, "RetailArea": 0, "GarageArea": 0, "StrgeArea": 0, "FactryArea": 0, "OtherArea": 0, "AreaSource": "2", "NumBldgs": 1, "NumFloors": 1.75, "UnitsRes": 1, "UnitsTotal": 1, "LotFront": 80.0, "LotDepth": 72.0, "BldgFront": 28.0, "BldgDepth": 42.0, "Ext": "G", "ProxCode": "1", "IrrLotCode": "N", "LotType": "5", "BsmtCode": "1", "AssessLand": 16020.0, "AssessTot": 89400.0, "ExemptTot": 0.0, "YearBuilt": 1915, "YearAlter1": 0, "YearAlter2": 0, "HistDist": null, "Landmark": null, "BuiltFAR": 0.48, "ResidFAR": 0.75, "CommFAR": 0.0, "FacilFAR": 1.0, "BoroCode": 4, "BBL": 4081670094.0, "CondoNo": 0, "Tract2010": "150701", "XCoord": 1055154, "YCoord": 216382, "ZoneMap": "11a", "ZMCode": null, "Sanborn": "412 083", "TaxMap": "43604", "EDesigNum": null, "APPBBL": 0.0, "APPDate": null, "PLUTOMapID": "1", "FIRM07_FLA": null, "PFIRM15_FL": null, "Version": "25v4", "DCPEdited": null, "Latitude": 40.7603107, "Longitude": -73.7440562, "Notes": null, "Shape_Leng": 0.0, "Shape_Area": 8144.3162494999997 }, "geometry": { "type": "MultiPolygon", "coordinates": [ [ [ [ -73.743831160019013, 40.760331277525644 ], [ -73.743857197863051, 40.760312240097029 ], [ -73.744166170879112, 40.760086337658358 ], [ -73.744202737382963, 40.76035479687026 ], [ -73.744224577896219, 40.760379526521547 ], [ -73.744032786870932, 40.760479990922548 ], [ -73.744003618056709, 40.760495269014108 ], [ -73.743987443676431, 40.760476290848644 ], [ -73.743969121509565, 40.760455622151177 ], [ -73.743952420274979, 40.760437492883881 ], [ -73.743934654663818, 40.760419335145556 ], [ -73.743917829016809, 40.760403092222965 ], [ -73.74390007483116, 40.760386860702674 ], [ -73.743882594861461, 40.760371709426003 ], [ -73.743866773198931, 40.760358646651937 ], [ -73.743850036544444, 40.7603454484873 ], [ -73.743831160019013, 40.760331277525644 ] ] ] ] } }
]
}
