{
"type": "FeatureCollection",
"name": "pluto_Fort_Hamilton",
"crs": { "type": "name", "properties": { "name": "urn:ogc:def:crs:OGC:1.3:CRS84" } },
"features": [
{ "type": "Feature", "properties": { "Borough": "BK", "Block": 6141, "Lot": 61, "CD": 310, "BCT2020": "3016400", "BCTCB2020": "30164001001", "CT2010": "164", "CB2010": "1005", "SchoolDist": "20", "Council": 50, "ZipCode": 11228, "FireComp": "E242", "PolicePrct": 68, "HealthCent": 31, "HealthArea": 7820, "Sanitboro": "3", "SanitDistr": "10", "SanitSub": "3E", "Address": "276 DAHLGREN PLACE", "ZoneDist1": "R4B", "ZoneDist2": null, "ZoneDist3": null, "ZoneDist4": null, "Overlay1": null, "Overlay2": null, "SPDist1": null, "SPDist2": null, "SPDist3": null, "LtdHeight": null, "SplitZone": "N", "BldgClass": "A9", "LandUse": "01", "Easements": 0, "OwnerType": null, "OwnerName": "THE KWANG AND KYONG KIM IRREVOCABLE TRUS T", "LotArea": 5000, "BldgArea": 1653, "ComArea": 0, "ResArea": 1653, "OfficeArea": 0, "RetailArea": 0, "GarageArea": 0, "StrgeArea": 0, "FactryArea": 0, "OtherArea": 0, "AreaSource": "2", "NumBldgs": 2, "NumFloors": 2.5, "UnitsRes": 1, "UnitsTotal": 1, "LotFront": 50.0, "LotDepth": 100.0, "BldgFront": 19.0, "BldgDepth": 23.0, "Ext": "G", "ProxCode": "1", "IrrLotCode": "N", "LotType": "5", "BsmtCode": "2", "AssessLand": 27540.0, "AssessTot": 76980.0, "ExemptTot": 1420.0, "YearBuilt": 1899, "YearAlter1": 0, "YearAlter2": 0, "HistDist": null, "Landmark": null, "BuiltFAR": 0.33, "ResidFAR": 1.0, "CommFAR": 0.0, "FacilFAR": 2.0, "BoroCode": 3, "BBL": 3061410061.0, "CondoNo": 0, "Tract2010": "0164", "XCoord": 976617, "YCoord": 162822, "ZoneMap": "22b", "ZMCode": null, "Sanborn": "311 035", "TaxMap": "31809", "EDesigNum": null, "APPBBL": 0.0, "APPDate": null, "PLUTOMapID": "1", "FIRM07_FLA": null, "PFIRM15_FL": null, "Version": "25v4", "DCPEdited": null, "Latitude": 40.6135819, "Longitude": -74.0274924, "Notes": null, "Shape_Leng": 0.0, "Shape_Area": 5440.2463109 }, "geometry": { "type": "MultiPolygon", "coordinates": [ [ [ [ -74.027279828682595, 40.613587336333779 ], [ -74.02735704253594, 40.61345702102431 ], [ -74.027698717904073, 40.613576912164206 ], [ -74.027621505678184, 40.613707228621998 ], [ -74.027279828682595, 40.613587336333779 ] ] ] ] } },
{ "type": "Feature", "properties": { "Borough": "BK", "Block": 6141, "Lot": 66, "CD": 310, "BCT2020": "3016400", "BCTCB2020": "30164001001", "CT2010": "164", "CB2010": "1005", "SchoolDist": "20", "Council": 50, "ZipCode": 11228, "FireComp": "E242", "PolicePrct": 68, "HealthCent": 31, "HealthArea": 7820, "Sanitboro": "3", "SanitDistr": "10", "SanitSub": "3E", "Address": "290 DAHLGREN PLACE", "ZoneDist1": "R4B", "ZoneDist2": null, "ZoneDist3": null, "ZoneDist4": null, "Overlay1": null, "Overlay2": null, "SPDist1": null, "SPDist2": null, "SPDist3": null, "LtdHeight": null, "SplitZone": "N", "BldgClass": "B3", "LandUse": "01", "Easements": 0, "OwnerType": null, "OwnerName": "SACCO, ILENE", "LotArea": 2200, "BldgArea": 1788, "ComArea": 0, "ResArea": 1022, "OfficeArea": 0, "RetailArea": 0, "GarageArea": 0, "StrgeArea": 0, "FactryArea": 0, "OtherArea": 0, "AreaSource": "2", "NumBldgs": 1, "NumFloors": 1.0, "UnitsRes": 2, "UnitsTotal": 2, "LotFront": 22.0, "LotDepth": 100.0, "BldgFront": 22.0, "BldgDepth": 45.0, "Ext": "G", "ProxCode": "3", "IrrLotCode": "N", "LotType": "5", "BsmtCode": "1", "AssessLand": 15420.0, "AssessTot": 59460.0, "ExemptTot": 1420.0, "YearBuilt": 1935, "YearAlter1": 0, "YearAlter2": 0, "HistDist": null, "Landmark": null, "BuiltFAR": 0.81, "ResidFAR": 1.0, "CommFAR": 0.0, "FacilFAR": 2.0, "BoroCode": 3, "BBL": 3061410066.0, "CondoNo": 0, "Tract2010": "0164", "XCoord": 976572, "YCoord": 162722, "ZoneMap": "22b", "ZMCode": null, "Sanborn": "311 035", "TaxMap": "31809", "EDesigNum": null, "APPBBL": 0.0, "APPDate": null, "PLUTOMapID": "1", "FIRM07_FLA": null, "PFIRM15_FL": null, "Version": "25v4", "DCPEdited": null, "Latitude": 40.6133073, "Longitude": -74.0276544, "Notes": null, "Shape_Leng": 0.0, "Shape_Area": 2269.5482281 }, "geometry": { "type": "MultiPolygon", "coordinates": [ [ [ [ -74.027838570697483, 40.613340873852188 ], [ -74.027806359258946, 40.613395238825859 ], [ -74.027464683417662, 40.613275348004798 ], [ -74.027496893869071, 40.613220983126716 ], [ -74.027838570697483, 40.613340873852188 ] ] ] ] } },
{ "type": "Feature", "properties": { "Borough": "BK", "Block": 6141, "Lot": 68, "CD": 310, "BCT2020": "3016400", "BCTCB2020": "30164001001", "CT2010": "164", "CB2010": "1005", "SchoolDist": "20", "Council": 50, "ZipCode": 11228, "FireComp": "E242", "PolicePrct": 68, "HealthCent": 31, "HealthArea": 7820, "Sanitboro": "3", "SanitDistr": "10", "SanitSub": "3E", "Address": "292 DAHLGREN PLACE", "ZoneDist1": "R4B", "ZoneDist2": null, "ZoneDist3": null, "ZoneDist4": null, "Overlay1": null, "Overlay2": null, "SPDist1": null, "SPDist2": null, "SPDist3": null, "LtdHeight": null, "SplitZone": "N", "BldgClass": "B3", "LandUse": "01", "Easements": 0, "OwnerType": null, "OwnerName": "KANTA, PARVEEN", "LotArea": 2200, "BldgArea": 1788, "ComArea": 0, "ResArea": 1022, "OfficeArea": 0, "RetailArea": 0, "GarageArea": 0, "StrgeArea": 0, "FactryArea": 0, "OtherArea": 0, "AreaSource": "2", "NumBldgs": 1, "NumFloors": 1.0, "UnitsRes": 2, "UnitsTotal": 2, "LotFront": 22.0, "LotDepth": 100.0, "BldgFront": 22.0, "BldgDepth": 45.0, "Ext": "G", "ProxCode": "3", "IrrLotCode": "N", "LotType": "5", "BsmtCode": "1", "AssessLand": 15480.0, "AssessTot": 59460.0, "ExemptTot": 1420.0, "YearBuilt": 1935, "YearAlter1": 0, "YearAlter2": 0, "HistDist": null, "Landmark": null, "BuiltFAR": 0.81, "ResidFAR": 1.0, "CommFAR": 0.0, "FacilFAR": 2.0, "BoroCode": 3, "BBL": 3061410068.0, "CondoNo": 0, "Tract2010": "0164", "XCoord": 976563, "YCoord": 162702, "ZoneMap": "22b", "ZMCode": null, "Sanborn": "311 035", "TaxMap": "31809", "EDesigNum": null, "APPBBL": 0.0, "APPDate": null, "PLUTOMapID": "1", "FIRM07_FLA": null, "PFIRM15_FL": null, "Version": "25v4", "DCPEdited": null, "Latitude": 40.6132524, "Longitude": -74.0276868, "Notes": null, "Shape_Leng": 0.0, "Shape_Area": 2346.9267778 }, "geometry": { "type": "MultiPolygon", "coordinates": [ [ [ [ -74.027871879027927, 40.613284655421729 ], [ -74.027838570697483, 40.613340873852188 ], [ -74.027496893869071, 40.613220983126716 ], [ -74.027530203744533, 40.613164764794561 ], [ -74.027871879027927, 40.613284655421729 ] ] ] ] } },
{ "type": "Feature", "properties": { "Borough": "BK", "Block": 6153, "Lot": 200, "CD": 310, "BCT2020": "3016400", "BCTCB2020": "30164001005", "CT2010": "164", "CB2010": "1018", "SchoolDist": "20", "Council": 50, "ZipCode": 11209, "FireComp": "E242", "PolicePrct": 68, "HealthCent": 31, "HealthArea": 7820, "Sanitboro": "3", "SanitDistr": "10", "SanitSub": "3E", "Address": "800 POLY PLACE", "ZoneDist1": "R4", "ZoneDist2": null, "ZoneDist3": null, "ZoneDist4": null, "Overlay1": null, "Overlay2": null, "SPDist1": null, "SPDist2": null, "SPDist3": null, "LtdHeight": null, "SplitZone": "N", "BldgClass": "Y4", "LandUse": "08", "Easements": 0, "OwnerType": "X", "OwnerName": "THE U.S.ARMY CORPS OF ENGINEERS", "LotArea": 245000, "BldgArea": 505658, "ComArea": 21694, "ResArea": 483964, "OfficeArea": 0, "RetailArea": 0, "GarageArea": 0, "StrgeArea": 0, "FactryArea": 0, "OtherArea": 21694, "AreaSource": "2", "NumBldgs": 5, "NumFloors": 6.0, "UnitsRes": 501, "UnitsTotal": 501, "LotFront": 467.0, "LotDepth": 202.17, "BldgFront": 320.0, "BldgDepth": 80.0, "Ext": "E", "ProxCode": "0", "IrrLotCode": "Y", "LotType": "5", "BsmtCode": "1", "AssessLand": 1867500.0, "AssessTot": 12910050.0, "ExemptTot": 12910050.0, "YearBuilt": 1953, "YearAlter1": 2000, "YearAlter2": 0, "HistDist": null, "Landmark": null, "BuiltFAR": 2.06, "ResidFAR": 1.0, "CommFAR": 0.0, "FacilFAR": 2.0, "BoroCode": 3, "BBL": 3061530200.0, "CondoNo": 0, "Tract2010": "0164", "XCoord": 976588, "YCoord": 161440, "ZoneMap": "22b", "ZMCode": null, "Sanborn": "311 999", "TaxMap": "31809", "EDesigNum": null, "APPBBL": 0.0, "APPDate": null, "PLUTOMapID": "1", "FIRM07_FLA": null, "PFIRM15_FL": null, "Version": "25v4", "DCPEdited": null, "Latitude": 40.6097885, "Longitude": -74.0275953, "Notes": null, "Shape_Leng": 0.0, "Shape_Area": 242846.54404199999 }, "geometry": { "type": "MultiPolygon", "coordinates": [ [ [ [ -74.027208718214922, 40.610312094102781 ], [ -74.027241814710123, 40.610208005932378 ], [ -74.027265537606752, 40.610156753550825 ], [ -74.025732819131534, 40.609803792814638 ], [ -74.026124190371192, 40.60938459841428 ], [ -74.027298934377569, 40.609599666010268 ], [ -74.027830614949195, 40.609016741284712 ], [ -74.028994576648842, 40.609515780402276 ], [ -74.028135565234692, 40.610663143011493 ], [ -74.027908737053863, 40.61044291744448 ], [ -74.027208718214922, 40.610312094102781 ] ] ] ] } },
{ "type": "Feature", "properties": { "Borough": "BK", "Block": 6141, "Lot": 43, "CD": 310, "BCT2020": "3016400", "BCTCB2020": "30164001001", "CT2010": "164", "CB2010": "1005", "SchoolDist": "20", "Council": 50, "ZipCode": 11228, "FireComp": "E242", "PolicePrct": 68, "HealthCent": 31, "HealthArea": 7820, "Sanitboro": "3", "SanitDistr": "10", "SanitSub": "3E", "Address": "222 DAHLGREN PLACE", "ZoneDist1": "PARK", "ZoneDist2": null, "ZoneDist3": null, "ZoneDist4": null, "Overlay1": null, "Overlay2": null, "SPDist1": null, "SPDist2": null, "SPDist3": null, "LtdHeight": null, "SplitZone": "N", "BldgClass": "Q0", "LandUse": "09", "Easements": 0, "OwnerType": "C", "OwnerName": "NYC DEPARTMENT OF PARKS AND RECREATION", "LotArea": 25590, "BldgArea": 0, "ComArea": 0, "ResArea": 0, "OfficeArea": 0, "RetailArea": 0, "GarageArea": 0, "StrgeArea": 0, "FactryArea": 0, "OtherArea": 0, "AreaSource": "7", "NumBldgs": 0, "NumFloors": 0.0, "UnitsRes": 0, "UnitsTotal": 0, "LotFront": 343.0, "LotDepth": 400.25, "BldgFront": 0.0, "BldgDepth": 0.0, "Ext": null, "ProxCode": "0", "IrrLotCode": "Y", "LotType": "5", "BsmtCode": "5", "AssessLand": 191820.0, "AssessTot": 191820.0, "ExemptTot": 191820.0, "YearBuilt": 0, "YearAlter1": 0, "YearAlter2": 0, "HistDist": null, "Landmark": null, "BuiltFAR": 0.0, "ResidFAR": 0.0, "CommFAR": 0.0, "FacilFAR": 0.0, "BoroCode": 3, "BBL": 3061410042.9999995, "CondoNo": 0, "Tract2010": "0164", "XCoord": 976722, "YCoord": 163023, "ZoneMap": "22b", "ZMCode": null, "Sanborn": "311 035", "TaxMap": "31809", "EDesigNum": null, "APPBBL": 0.0, "APPDate": null, "PLUTOMapID": "1", "FIRM07_FLA": null, "PFIRM15_FL": null, "Version": "25v4", "DCPEdited": "t", "Latitude": 40.6141337, "Longitude": -74.0271144, "Notes": null, "Shape_Leng": 0.0, "Shape_Area": 26526.851298199999 }, "geometry": { "type": "MultiPolygon", "coordinates": [ [ [ [ -74.027203998497754, 40.613715319872874 ], [ -74.02754567611926, 40.613835210629034 ], [ -74.027452104679341, 40.613993133595145 ], [ -74.026659156987989, 40.614730004862039 ], [ -74.0266132596077, 40.614712313968731 ], [ -74.027203998497754, 40.613715319872874 ] ] ] ] } },
{ "type": "Feature", "properties": { "Borough": "BK", "Block": 6141, "Lot": 59, "CD": 310, "BCT2020": "3016400", "BCTCB2020": "30164001001", "CT2010": "164", "CB2010": "1005", "SchoolDist": "20", "Council": 50, "ZipCode": 11228, "FireComp": "E242", "PolicePrct": 68, "HealthCent": 31, "HealthArea": 7820, "Sanitboro": "3", "SanitDistr": "10", "SanitSub": "3E", "Address": "272 DAHLGREN PLACE", "ZoneDist1": "R4B", "ZoneDist2": null, "ZoneDist3": null, "ZoneDist4": null, "Overlay1": null, "Overlay2": null, "SPDist1": null, "SPDist2": null, "SPDist3": null, "LtdHeight": null, "SplitZone": "N", "BldgClass": "C0", "LandUse": "02", "Easements": 0, "OwnerType": null, "OwnerName": "SWEENY, MICHELLE", "LotArea": 5000, "BldgArea": 2678, "ComArea": 0, "ResArea": 2678, "OfficeArea": 0, "RetailArea": 0, "GarageArea": 0, "StrgeArea": 0, "FactryArea": 0, "OtherArea": 0, "AreaSource": "2", "NumBldgs": 2, "NumFloors": 2.0, "UnitsRes": 3, "UnitsTotal": 3, "LotFront": 50.0, "LotDepth": 100.0, "BldgFront": 18.0, "BldgDepth": 56.0, "Ext": "N", "ProxCode": "1", "IrrLotCode": "N", "LotType": "5", "BsmtCode": "2", "AssessLand": 16680.0, "AssessTot": 95760.0, "ExemptTot": 0.0, "YearBuilt": 1899, "YearAlter1": 0, "YearAlter2": 0, "HistDist": null, "Landmark": null, "BuiltFAR": 0.54, "ResidFAR": 1.0, "CommFAR": 0.0, "FacilFAR": 2.0, "BoroCode": 3, "BBL": 3061410059.0, "CondoNo": 0, "Tract2010": "0164", "XCoord": 976639, "YCoord": 162869, "ZoneMap": "22b", "ZMCode": null, "Sanborn": "311 035", "TaxMap": "31809", "EDesigNum": null, "APPBBL": 0.0, "APPDate": null, "PLUTOMapID": "1", "FIRM07_FLA": null, "PFIRM15_FL": null, "Version": "25v4", "DCPEdited": null, "Latitude": 40.6137109, "Longitude": -74.0274132, "Notes": null, "Shape_Leng": 0.0, "Shape_Area": 5342.8383331000005 }, "geometry": { "type": "MultiPolygon", "coordinates": [ [ [ [ -74.027203998497754, 40.613715319872874 ], [ -74.027279828682595, 40.613587336333779 ], [ -74.027621505678184, 40.613707228621998 ], [ -74.02754567611926, 40.613835210629034 ], [ -74.027203998497754, 40.613715319872874 ] ] ] ] } },
{ "type": "Feature", "properties": { "Borough": "BK", "Block": 6141, "Lot": 63, "CD": 310, "BCT2020": "3016400", "BCTCB2020": "30164001001", "CT2010": "164", "CB2010": "1005", "SchoolDist": "20", "Council": 50, "ZipCode": 11228, "FireComp": "E242", "PolicePrct": 68, "HealthCent": 31, "HealthArea": 7820, "Sanitboro": "3", "SanitDistr": "10", "SanitSub": "3E", "Address": "284 DAHLGREN PLACE", "ZoneDist1": "R4B", "ZoneDist2": null, "ZoneDist3": null, "ZoneDist4": null, "Overlay1": null, "Overlay2": null, "SPDist1": null, "SPDist2": null, "SPDist3": null, "LtdHeight": null, "SplitZone": "N", "BldgClass": "C0", "LandUse": "02", "Easements": 0, "OwnerType": null, "OwnerName": "HU, BI JUN", "LotArea": 2950, "BldgArea": 3124, "ComArea": 0, "ResArea": 3124, "OfficeArea": 0, "RetailArea": 0, "GarageArea": 0, "StrgeArea": 0, "FactryArea": 0, "OtherArea": 0, "AreaSource": "2", "NumBldgs": 1, "NumFloors": 3.0, "UnitsRes": 3, "UnitsTotal": 3, "LotFront": 29.5, "LotDepth": 100.0, "BldgFront": 20.5, "BldgDepth": 55.0, "Ext": "G", "ProxCode": "2", "IrrLotCode": "N", "LotType": "5", "BsmtCode": "2", "AssessLand": 19860.0, "AssessTot": 106320.0, "ExemptTot": 0.0, "YearBuilt": 2003, "YearAlter1": 0, "YearAlter2": 0, "HistDist": null, "Landmark": null, "BuiltFAR": 1.06, "ResidFAR": 1.0, "CommFAR": 0.0, "FacilFAR": 2.0, "BoroCode": 3, "BBL": 3061410063.0000005, "CondoNo": 0, "Tract2010": "0164", "XCoord": 976601, "YCoord": 162785, "ZoneMap": "22b", "ZMCode": null, "Sanborn": "311 035", "TaxMap": "31809", "EDesigNum": null, "APPBBL": 3061410063.0000005, "APPDate": "02/26/2004", "PLUTOMapID": "1", "FIRM07_FLA": null, "PFIRM15_FL": null, "Version": "25v4", "DCPEdited": null, "Latitude": 40.6134803, "Longitude": -74.02755, "Notes": null, "Shape_Leng": 0.0, "Shape_Area": 3028.6473910999998 }, "geometry": { "type": "MultiPolygon", "coordinates": [ [ [ [ -74.02735704253594, 40.61345702102431 ], [ -74.027400027364095, 40.613384473004373 ], [ -74.027741703647081, 40.613504363180432 ], [ -74.027698717904073, 40.613576912164206 ], [ -74.02735704253594, 40.61345702102431 ] ] ] ] } },
{ "type": "Feature", "properties": { "Borough": "BK", "Block": 6141, "Lot": 64, "CD": 310, "BCT2020": "3016400", "BCTCB2020": "30164001001", "CT2010": "164", "CB2010": "1005", "SchoolDist": "20", "Council": 50, "ZipCode": 11228, "FireComp": "E242", "PolicePrct": 68, "HealthCent": 31, "HealthArea": 7820, "Sanitboro": "3", "SanitDistr": "10", "SanitSub": "3E", "Address": "286 DAHLGREN PLACE", "ZoneDist1": "R4B", "ZoneDist2": null, "ZoneDist3": null, "ZoneDist4": null, "Overlay1": null, "Overlay2": null, "SPDist1": null, "SPDist2": null, "SPDist3": null, "LtdHeight": null, "SplitZone": "N", "BldgClass": "C0", "LandUse": "02", "Easements": 0, "OwnerType": null, "OwnerName": "NINH RIVERA, LAN", "LotArea": 2050, "BldgArea": 3124, "ComArea": 0, "ResArea": 3124, "OfficeArea": 0, "RetailArea": 0, "GarageArea": 0, "StrgeArea": 0, "FactryArea": 0, "OtherArea": 0, "AreaSource": "2", "NumBldgs": 1, "NumFloors": 3.0, "UnitsRes": 3, "UnitsTotal": 3, "LotFront": 20.5, "LotDepth": 100.0, "BldgFront": 20.5, "BldgDepth": 55.0, "Ext": "G", "ProxCode": "3", "IrrLotCode": "N", "LotType": "5", "BsmtCode": "2", "AssessLand": 16440.0, "AssessTot": 103980.0, "ExemptTot": 0.0, "YearBuilt": 2003, "YearAlter1": 0, "YearAlter2": 0, "HistDist": null, "Landmark": null, "BuiltFAR": 1.52, "ResidFAR": 1.0, "CommFAR": 0.0, "FacilFAR": 2.0, "BoroCode": 3, "BBL": 3061410063.9999995, "CondoNo": 0, "Tract2010": "0164", "XCoord": 976591, "YCoord": 162762, "ZoneMap": "22b", "ZMCode": null, "Sanborn": "311 035", "TaxMap": "31809", "EDesigNum": null, "APPBBL": 3061410063.0000005, "APPDate": "02/26/2004", "PLUTOMapID": "1", "FIRM07_FLA": null, "PFIRM15_FL": null, "Version": "25v4", "DCPEdited": null, "Latitude": 40.6134171, "Longitude": -74.027586, "Notes": null, "Shape_Leng": 0.0, "Shape_Area": 2136.4080786999998 }, "geometry": { "type": "MultiPolygon", "coordinates": [ [ [ [ -74.027400027364095, 40.613384473004373 ], [ -74.027430413500412, 40.613333188404724 ], [ -74.027771960890405, 40.613453296374537 ], [ -74.027741703647081, 40.613504363180432 ], [ -74.027400027364095, 40.613384473004373 ] ] ] ] } },
{ "type": "Feature", "properties": { "Borough": "BK", "Block": 6141, "Lot": 65, "CD": 310, "BCT2020": "3016400", "BCTCB2020": "30164001001", "CT2010": "164", "CB2010": "1005", "SchoolDist": "20", "Council": 50, "ZipCode": 11228, "FireComp": "E242", "PolicePrct": 68, "HealthCent": 31, "HealthArea": 7820, "Sanitboro": "3", "SanitDistr": "10", "SanitSub": "3E", "Address": "288 DAHLGREN PLACE", "ZoneDist1": "R4B", "ZoneDist2": null, "ZoneDist3": null, "ZoneDist4": null, "Overlay1": null, "Overlay2": null, "SPDist1": null, "SPDist2": null, "SPDist3": null, "LtdHeight": null, "SplitZone": "N", "BldgClass": "A5", "LandUse": "01", "Easements": 0, "OwnerType": null, "OwnerName": "EMAMDEE, ALAN V", "LotArea": 2233, "BldgArea": 1788, "ComArea": 0, "ResArea": 1022, "OfficeArea": 0, "RetailArea": 0, "GarageArea": 0, "StrgeArea": 0, "FactryArea": 0, "OtherArea": 0, "AreaSource": "2", "NumBldgs": 1, "NumFloors": 1.0, "UnitsRes": 1, "UnitsTotal": 1, "LotFront": 22.33, "LotDepth": 100.0, "BldgFront": 22.33, "BldgDepth": 45.0, "Ext": "G", "ProxCode": "2", "IrrLotCode": "N", "LotType": "5", "BsmtCode": "1", "AssessLand": 13980.0, "AssessTot": 64200.0, "ExemptTot": 0.0, "YearBuilt": 1935, "YearAlter1": 0, "YearAlter2": 0, "HistDist": null, "Landmark": null, "BuiltFAR": 0.8, "ResidFAR": 1.0, "CommFAR": 0.0, "FacilFAR": 2.0, "BoroCode": 3, "BBL": 3061410064.9999995, "CondoNo": 0, "Tract2010": "0164", "XCoord": 976581, "YCoord": 162742, "ZoneMap": "22b", "ZMCode": null, "Sanborn": "311 035", "TaxMap": "31809", "EDesigNum": null, "APPBBL": 0.0, "APPDate": null, "PLUTOMapID": "1", "FIRM07_FLA": null, "PFIRM15_FL": null, "Version": "25v4", "DCPEdited": null, "Latitude": 40.6133622, "Longitude": -74.027622, "Notes": null, "Shape_Leng": 0.0, "Shape_Area": 2419.1647531 }, "geometry": { "type": "MultiPolygon", "coordinates": [ [ [ [ -74.027430413500412, 40.613333188404724 ], [ -74.027464683417662, 40.613275348004798 ], [ -74.027806359258946, 40.613395238825859 ], [ -74.027771960890405, 40.613453296374537 ], [ -74.027430413500412, 40.613333188404724 ] ] ] ] } },
{ "type": "Feature", "properties": { "Borough": "BK", "Block": 6141, "Lot": 69, "CD": 310, "BCT2020": "3016400", "BCTCB2020": "30164001001", "CT2010": "164", "CB2010": "1005", "SchoolDist": "20", "Council": 50, "ZipCode": 11228, "FireComp": "E242", "PolicePrct": 68, "HealthCent": 31, "HealthArea": 7820, "Sanitboro": "3", "SanitDistr": "10", "SanitSub": "3E", "Address": "296 DAHLGREN PLACE", "ZoneDist1": "R4B", "ZoneDist2": null, "ZoneDist3": null, "ZoneDist4": null, "Overlay1": null, "Overlay2": null, "SPDist1": null, "SPDist2": null, "SPDist3": null, "LtdHeight": null, "SplitZone": "N", "BldgClass": "B3", "LandUse": "01", "Easements": 0, "OwnerType": null, "OwnerName": "GU, LI WEN", "LotArea": 2228, "BldgArea": 1788, "ComArea": 0, "ResArea": 1022, "OfficeArea": 0, "RetailArea": 0, "GarageArea": 0, "StrgeArea": 0, "FactryArea": 0, "OtherArea": 0, "AreaSource": "2", "NumBldgs": 1, "NumFloors": 1.0, "UnitsRes": 2, "UnitsTotal": 2, "LotFront": 22.0, "LotDepth": 101.25, "BldgFront": 22.0, "BldgDepth": 45.0, "Ext": "G", "ProxCode": "3", "IrrLotCode": "N", "LotType": "5", "BsmtCode": "1", "AssessLand": 13140.0, "AssessTot": 59520.0, "ExemptTot": 0.0, "YearBuilt": 1935, "YearAlter1": 0, "YearAlter2": 0, "HistDist": null, "Landmark": null, "BuiltFAR": 0.8, "ResidFAR": 1.0, "CommFAR": 0.0, "FacilFAR": 2.0, "BoroCode": 3, "BBL": 3061410069.0, "CondoNo": 0, "Tract2010": "0164", "XCoord": 976554, "YCoord": 162682, "ZoneMap": "22b", "ZMCode": null, "Sanborn": "311 035", "TaxMap": "31809", "EDesigNum": null, "APPBBL": 0.0, "APPDate": null, "PLUTOMapID": "1", "FIRM07_FLA": null, "PFIRM15_FL": null, "Version": "25v4", "DCPEdited": null, "Latitude": 40.6131975, "Longitude": -74.0277192, "Notes": null, "Shape_Leng": 0.0, "Shape_Area": 2226.0348561000001 }, "geometry": { "type": "MultiPolygon", "coordinates": [ [ [ [ -74.027871879027927, 40.613284655421729 ], [ -74.027530203744533, 40.613164764794561 ], [ -74.027561727990857, 40.613111559942041 ], [ -74.027907845707503, 40.613233009100057 ], [ -74.027892699889165, 40.613249516553601 ], [ -74.027871879027927, 40.613284655421729 ] ] ] ] } },
{ "type": "Feature", "properties": { "Borough": "BK", "Block": 6141, "Lot": 70, "CD": 310, "BCT2020": "3016400", "BCTCB2020": "30164001001", "CT2010": "164", "CB2010": "1005", "SchoolDist": "20", "Council": 50, "ZipCode": 11228, "FireComp": "E242", "PolicePrct": 68, "HealthCent": 31, "HealthArea": 7820, "Sanitboro": "3", "SanitDistr": "10", "SanitSub": "3E", "Address": "298 DAHLGREN PLACE", "ZoneDist1": "R4B", "ZoneDist2": null, "ZoneDist3": null, "ZoneDist4": null, "Overlay1": null, "Overlay2": null, "SPDist1": null, "SPDist2": null, "SPDist3": null, "LtdHeight": null, "SplitZone": "N", "BldgClass": "B3", "LandUse": "01", "Easements": 0, "OwnerType": null, "OwnerName": "LEDONE WILLIAM G", "LotArea": 2312, "BldgArea": 1788, "ComArea": 0, "ResArea": 1022, "OfficeArea": 0, "RetailArea": 0, "GarageArea": 0, "StrgeArea": 0, "FactryArea": 0, "OtherArea": 0, "AreaSource": "2", "NumBldgs": 1, "NumFloors": 1.0, "UnitsRes": 2, "UnitsTotal": 2, "LotFront": 22.0, "LotDepth": 105.08, "BldgFront": 22.0, "BldgDepth": 45.0, "Ext": "G", "ProxCode": "3", "IrrLotCode": "N", "LotType": "5", "BsmtCode": "1", "AssessLand": 15300.0, "AssessTot": 62220.0, "ExemptTot": 1420.0, "YearBuilt": 1935, "YearAlter1": 0, "YearAlter2": 0, "HistDist": null, "Landmark": null, "BuiltFAR": 0.77, "ResidFAR": 1.0, "CommFAR": 0.0, "FacilFAR": 2.0, "BoroCode": 3, "BBL": 3061410070.0, "CondoNo": 0, "Tract2010": "0164", "XCoord": 976543, "YCoord": 162662, "ZoneMap": "22b", "ZMCode": null, "Sanborn": "311 035", "TaxMap": "31809", "EDesigNum": null, "APPBBL": 0.0, "APPDate": null, "PLUTOMapID": "1", "FIRM07_FLA": null, "PFIRM15_FL": null, "Version": "25v4", "DCPEdited": null, "Latitude": 40.6131426, "Longitude": -74.0277588, "Notes": null, "Shape_Leng": 0.0, "Shape_Area": 2545.9259554 }, "geometry": { "type": "MultiPolygon", "coordinates": [ [ [ [ -74.027959322446804, 40.613180060503133 ], [ -74.027907845707503, 40.613233009100057 ], [ -74.027561727990857, 40.613111559942041 ], [ -74.027596560910808, 40.613052771065462 ], [ -74.027959322446804, 40.613180060503133 ] ] ] ] } },
{ "type": "Feature", "properties": { "Borough": "BK", "Block": 6141, "Lot": 72, "CD": 310, "BCT2020": "3016400", "BCTCB2020": "30164001001", "CT2010": "164", "CB2010": "1005", "SchoolDist": "20", "Council": 50, "ZipCode": 11228, "FireComp": "E242", "PolicePrct": 68, "HealthCent": 31, "HealthArea": 7820, "Sanitboro": "3", "SanitDistr": "10", "SanitSub": "3E", "Address": "302 DAHLGREN PLACE", "ZoneDist1": "R4B", "ZoneDist2": null, "ZoneDist3": null, "ZoneDist4": null, "Overlay1": null, "Overlay2": null, "SPDist1": null, "SPDist2": null, "SPDist3": null, "LtdHeight": null, "SplitZone": "N", "BldgClass": "B3", "LandUse": "01", "Easements": 0, "OwnerType": null, "OwnerName": "BLANCHETTE, THOMAS", "LotArea": 3215, "BldgArea": 1788, "ComArea": 0, "ResArea": 1022, "OfficeArea": 0, "RetailArea": 0, "GarageArea": 0, "StrgeArea": 0, "FactryArea": 0, "OtherArea": 0, "AreaSource": "2", "NumBldgs": 1, "NumFloors": 1.0, "UnitsRes": 2, "UnitsTotal": 2, "LotFront": 29.58, "LotDepth": 108.67, "BldgFront": 22.0, "BldgDepth": 45.0, "Ext": "G", "ProxCode": "2", "IrrLotCode": "N", "LotType": "5", "BsmtCode": "1", "AssessLand": 14340.0, "AssessTot": 80520.0, "ExemptTot": 0.0, "YearBuilt": 1935, "YearAlter1": 2021, "YearAlter2": 0, "HistDist": null, "Landmark": null, "BuiltFAR": 0.56, "ResidFAR": 1.0, "CommFAR": 0.0, "FacilFAR": 2.0, "BoroCode": 3, "BBL": 3061410072.0, "CondoNo": 0, "Tract2010": "0164", "XCoord": 976539, "YCoord": 162639, "ZoneMap": "22b", "ZMCode": null, "Sanborn": "311 035", "TaxMap": "31809", "EDesigNum": null, "APPBBL": 0.0, "APPDate": null, "PLUTOMapID": "1", "FIRM07_FLA": null, "PFIRM15_FL": null, "Version": "25v4", "DCPEdited": null, "Latitude": 40.6130795, "Longitude": -74.0277731, "Notes": null, "Shape_Leng": 0.0, "Shape_Area": 2343.7717843 }, "geometry": { "type": "MultiPolygon", "coordinates": [ [ [ [ -74.027596560910808, 40.613052771065462 ], [ -74.027640853676999, 40.61297801464913 ], [ -74.027984757659638, 40.613153541217265 ], [ -74.027959322446804, 40.613180060503133 ], [ -74.027596560910808, 40.613052771065462 ] ] ] ] } },
{ "type": "Feature", "properties": { "Borough": "BK", "Block": 6141, "Lot": 76, "CD": 310, "BCT2020": "3015200", "BCTCB2020": "30152001004", "CT2010": "152", "CB2010": "1003", "SchoolDist": "20", "Council": 50, "ZipCode": 11228, "FireComp": "E242", "PolicePrct": 68, "HealthCent": 31, "HealthArea": 7820, "Sanitboro": "3", "SanitDistr": "10", "SanitSub": "3E", "Address": "578 FT HILL PLACE", "ZoneDist1": "R4B", "ZoneDist2": null, "ZoneDist3": null, "ZoneDist4": null, "Overlay1": null, "Overlay2": null, "SPDist1": null, "SPDist2": null, "SPDist3": null, "LtdHeight": null, "SplitZone": "N", "BldgClass": "C0", "LandUse": "02", "Easements": 0, "OwnerType": null, "OwnerName": "PETROS KAPSALIS, AS TRUSTEE", "LotArea": 3300, "BldgArea": 3076, "ComArea": 0, "ResArea": 3076, "OfficeArea": 0, "RetailArea": 0, "GarageArea": 0, "StrgeArea": 0, "FactryArea": 0, "OtherArea": 0, "AreaSource": "2", "NumBldgs": 1, "NumFloors": 3.0, "UnitsRes": 3, "UnitsTotal": 3, "LotFront": 30.0, "LotDepth": 110.0, "BldgFront": 22.0, "BldgDepth": 54.0, "Ext": "G", "ProxCode": "2", "IrrLotCode": "N", "LotType": "5", "BsmtCode": "5", "AssessLand": 25260.0, "AssessTot": 76560.0, "ExemptTot": 0.0, "YearBuilt": 1965, "YearAlter1": 0, "YearAlter2": 0, "HistDist": null, "Landmark": null, "BuiltFAR": 0.93, "ResidFAR": 1.0, "CommFAR": 0.0, "FacilFAR": 2.0, "BoroCode": 3, "BBL": 3061410075.9999995, "CondoNo": 0, "Tract2010": "0152", "XCoord": 976694, "YCoord": 162588, "ZoneMap": "22b", "ZMCode": null, "Sanborn": "311 035", "TaxMap": "31809", "EDesigNum": null, "APPBBL": 0.0, "APPDate": null, "PLUTOMapID": "1", "FIRM07_FLA": null, "PFIRM15_FL": null, "Version": "25v4", "DCPEdited": null, "Latitude": 40.6129396, "Longitude": -74.0272148, "Notes": null, "Shape_Leng": 0.0, "Shape_Area": 3344.6169959 }, "geometry": { "type": "MultiPolygon", "coordinates": [ [ [ [ -74.027252077750418, 40.612779583061254 ], [ -74.027344047387572, 40.61282652427434 ], [ -74.027178730640458, 40.613093374700227 ], [ -74.027078954855241, 40.613059031658672 ], [ -74.027252077750418, 40.612779583061254 ] ] ] ] } },
{ "type": "Feature", "properties": { "Borough": "BK", "Block": 6141, "Lot": 77, "CD": 310, "BCT2020": "3015200", "BCTCB2020": "30152001004", "CT2010": "152", "CB2010": "1003", "SchoolDist": "20", "Council": 50, "ZipCode": 11228, "FireComp": "E242", "PolicePrct": 68, "HealthCent": 31, "HealthArea": 7820, "Sanitboro": "3", "SanitDistr": "10", "SanitSub": "3E", "Address": "580 FT HILL PLACE", "ZoneDist1": "R4B", "ZoneDist2": null, "ZoneDist3": null, "ZoneDist4": null, "Overlay1": null, "Overlay2": null, "SPDist1": null, "SPDist2": null, "SPDist3": null, "LtdHeight": null, "SplitZone": "N", "BldgClass": "B1", "LandUse": "01", "Easements": 0, "OwnerType": null, "OwnerName": "AURIGEMMA, ERIK", "LotArea": 2260, "BldgArea": 2056, "ComArea": 0, "ResArea": 2056, "OfficeArea": 0, "RetailArea": 0, "GarageArea": 0, "StrgeArea": 0, "FactryArea": 0, "OtherArea": 0, "AreaSource": "2", "NumBldgs": 1, "NumFloors": 3.0, "UnitsRes": 2, "UnitsTotal": 2, "LotFront": 20.0, "LotDepth": 113.0, "BldgFront": 20.0, "BldgDepth": 40.0, "Ext": "G", "ProxCode": "2", "IrrLotCode": "N", "LotType": "5", "BsmtCode": "5", "AssessLand": 18060.0, "AssessTot": 54600.0, "ExemptTot": 0.0, "YearBuilt": 1965, "YearAlter1": 0, "YearAlter2": 0, "HistDist": null, "Landmark": null, "BuiltFAR": 0.91, "ResidFAR": 1.0, "CommFAR": 0.0, "FacilFAR": 2.0, "BoroCode": 3, "BBL": 3061410077.0, "CondoNo": 0, "Tract2010": "0152", "XCoord": 976716, "YCoord": 162575, "ZoneMap": "22b", "ZMCode": null, "Sanborn": "311 035", "TaxMap": "31809", "EDesigNum": null, "APPBBL": 0.0, "APPDate": null, "PLUTOMapID": "1", "FIRM07_FLA": null, "PFIRM15_FL": null, "Version": "25v4", "DCPEdited": null, "Latitude": 40.612904, "Longitude": -74.0271356, "Notes": null, "Shape_Leng": 0.0, "Shape_Area": 2338.8526192 }, "geometry": { "type": "MultiPolygon", "coordinates": [ [ [ [ -74.027078954855241, 40.613059031658672 ], [ -74.027011775573726, 40.613035908510987 ], [ -74.027190154770182, 40.612747975931825 ], [ -74.027252077750418, 40.612779583061254 ], [ -74.027078954855241, 40.613059031658672 ] ] ] ] } },
{ "type": "Feature", "properties": { "Borough": "BK", "Block": 6141, "Lot": 86, "CD": 310, "BCT2020": "3015200", "BCTCB2020": "30152001003", "CT2010": "152", "CB2010": "1003", "SchoolDist": "20", "Council": 50, "ZipCode": 11209, "FireComp": "E242", "PolicePrct": 68, "HealthCent": 31, "HealthArea": 7820, "Sanitboro": "3", "SanitDistr": "10", "SanitSub": "3E", "Address": "292 BATTERY AVENUE", "ZoneDist1": "R4B", "ZoneDist2": null, "ZoneDist3": null, "ZoneDist4": null, "Overlay1": null, "Overlay2": null, "SPDist1": null, "SPDist2": null, "SPDist3": null, "LtdHeight": null, "SplitZone": "N", "BldgClass": "A5", "LandUse": "01", "Easements": 0, "OwnerType": null, "OwnerName": "WU, JAMESON B", "LotArea": 1840, "BldgArea": 1584, "ComArea": 0, "ResArea": 1224, "OfficeArea": 0, "RetailArea": 0, "GarageArea": 0, "StrgeArea": 0, "FactryArea": 0, "OtherArea": 0, "AreaSource": "2", "NumBldgs": 1, "NumFloors": 2.0, "UnitsRes": 1, "UnitsTotal": 1, "LotFront": 26.33, "LotDepth": 82.0, "BldgFront": 18.0, "BldgDepth": 34.0, "Ext": "N", "ProxCode": "2", "IrrLotCode": "Y", "LotType": "5", "BsmtCode": "1", "AssessLand": 11700.0, "AssessTot": 61440.0, "ExemptTot": 6220.0, "YearBuilt": 1955, "YearAlter1": 0, "YearAlter2": 0, "HistDist": null, "Landmark": null, "BuiltFAR": 0.86, "ResidFAR": 1.0, "CommFAR": 0.0, "FacilFAR": 2.0, "BoroCode": 3, "BBL": 3061410085.9999995, "CondoNo": 0, "Tract2010": "0152", "XCoord": 976788, "YCoord": 162472, "ZoneMap": "22b", "ZMCode": null, "Sanborn": "311 035", "TaxMap": "31809", "EDesigNum": null, "APPBBL": 0.0, "APPDate": null, "PLUTOMapID": "1", "FIRM07_FLA": null, "PFIRM15_FL": null, "Version": "25v4", "DCPEdited": null, "Latitude": 40.6126213, "Longitude": -74.0268761, "Notes": null, "Shape_Leng": 0.0, "Shape_Area": 1883.2922247 }, "geometry": { "type": "MultiPolygon", "coordinates": [ [ [ [ -74.026729783534847, 40.612607096265911 ], [ -74.0267722510401, 40.612534673836528 ], [ -74.027037514165855, 40.612670068186716 ], [ -74.027015582486769, 40.612705470946075 ], [ -74.026729783534847, 40.612607096265911 ] ] ] ] } },
{ "type": "Feature", "properties": { "Borough": "BK", "Block": 6141, "Lot": 179, "CD": 310, "BCT2020": "3015200", "BCTCB2020": "30152001004", "CT2010": "152", "CB2010": "1003", "SchoolDist": "20", "Council": 50, "ZipCode": 11209, "FireComp": "E242", "PolicePrct": 68, "HealthCent": 31, "HealthArea": 7820, "Sanitboro": "3", "SanitDistr": "10", "SanitSub": "3E", "Address": "FORT HILL PLACE", "ZoneDist1": "R4B", "ZoneDist2": null, "ZoneDist3": null, "ZoneDist4": null, "Overlay1": null, "Overlay2": null, "SPDist1": null, "SPDist2": null, "SPDist3": null, "LtdHeight": null, "SplitZone": "N", "BldgClass": "V0", "LandUse": "11", "Easements": 0, "OwnerType": null, "OwnerName": "PANTELEAKIS, LEONIDAS", "LotArea": 410, "BldgArea": 0, "ComArea": 0, "ResArea": 0, "OfficeArea": 0, "RetailArea": 0, "GarageArea": 0, "StrgeArea": 0, "FactryArea": 0, "OtherArea": 0, "AreaSource": "7", "NumBldgs": 0, "NumFloors": 0.0, "UnitsRes": 0, "UnitsTotal": 0, "LotFront": 20.0, "LotDepth": 18.67, "BldgFront": 0.0, "BldgDepth": 0.0, "Ext": null, "ProxCode": "0", "IrrLotCode": "N", "LotType": "5", "BsmtCode": "5", "AssessLand": 120.0, "AssessTot": 120.0, "ExemptTot": 0.0, "YearBuilt": 0, "YearAlter1": 0, "YearAlter2": 0, "HistDist": null, "Landmark": null, "BuiltFAR": 0.0, "ResidFAR": 1.0, "CommFAR": 0.0, "FacilFAR": 2.0, "BoroCode": 3, "BBL": 3061410179.0, "CondoNo": 0, "Tract2010": "0152", "XCoord": 976739, "YCoord": 162504, "ZoneMap": "22b", "ZMCode": null, "Sanborn": "311 035", "TaxMap": "31809", "EDesigNum": null, "APPBBL": 0.0, "APPDate": null, "PLUTOMapID": "1", "FIRM07_FLA": null, "PFIRM15_FL": null, "Version": "25v4", "DCPEdited": null, "Latitude": 40.6127091, "Longitude": -74.0270526, "Notes": null, "Shape_Leng": 0.0, "Shape_Area": 412.7135623 }, "geometry": { "type": "MultiPolygon", "coordinates": [ [ [ [ -74.027003843071, 40.61272441788774 ], [ -74.027015582486769, 40.612705470946075 ], [ -74.027037514165855, 40.612670068186716 ], [ -74.02709937199775, 40.612701640275901 ], [ -74.027070950009573, 40.612747517632137 ], [ -74.027003843071, 40.61272441788774 ] ] ] ] } },
{ "type": "Feature", "properties": { "Borough": "BK", "Block": 6153, "Lot": 1, "CD": 310, "BCT2020": "3016400", "BCTCB2020": "30164001012", "CT2010": "164", "CB2010": "1011", "SchoolDist": "20", "Council": 50, "ZipCode": 11209, "FireComp": "E242", "PolicePrct": 68, "HealthCent": 31, "HealthArea": 7820, "Sanitboro": "3", "SanitDistr": "10", "SanitSub": "3E", "Address": "9275 FT HAMILTON PARKWAY", "ZoneDist1": "R4", "ZoneDist2": "PARK", "ZoneDist3": null, "ZoneDist4": null, "Overlay1": null, "Overlay2": null, "SPDist1": null, "SPDist2": null, "SPDist3": null, "LtdHeight": null, "SplitZone": "Y", "BldgClass": "Y4", "LandUse": "08", "Easements": 1, "OwnerType": "X", "OwnerName": "DEPARTMENT OF THE ARMY", "LotArea": 7446955, "BldgArea": 1545708, "ComArea": 1267305, "ResArea": 278403, "OfficeArea": 768517, "RetailArea": 41509, "GarageArea": 21049, "StrgeArea": 0, "FactryArea": 0, "OtherArea": 436230, "AreaSource": "2", "NumBldgs": 111, "NumFloors": 1.0, "UnitsRes": 0, "UnitsTotal": 2, "LotFront": 942.33, "LotDepth": 1001.0, "BldgFront": 335.0, "BldgDepth": 40.0, "Ext": "N", "ProxCode": "0", "IrrLotCode": "Y", "LotType": "3", "BsmtCode": "0", "AssessLand": 45910350.0, "AssessTot": 131976900.0, "ExemptTot": 131976900.0, "YearBuilt": 1931, "YearAlter1": 0, "YearAlter2": 0, "HistDist": null, "Landmark": "INDIVIDUAL LANDMARK", "BuiltFAR": 0.21, "ResidFAR": 1.0, "CommFAR": 0.0, "FacilFAR": 2.0, "BoroCode": 3, "BBL": 3061530000.9999995, "CondoNo": 0, "Tract2010": "0164", "XCoord": 976181, "YCoord": 160875, "ZoneMap": "22b", "ZMCode": "Y", "Sanborn": "311 001", "TaxMap": "31809", "EDesigNum": null, "APPBBL": 3061530000.9999995, "APPDate": "03/13/1997", "PLUTOMapID": "1", "FIRM07_FLA": "1", "PFIRM15_FL": "1", "Version": "25v4", "DCPEdited": null, "Latitude": 40.6082374, "Longitude": -74.0290605, "Notes": null, "Shape_Leng": 0.0, "Shape_Area": 7149338.4370200001 }, "geometry": { "type": "MultiPolygon", "coordinates": [ [ [ [ -74.027397254246921, 40.616416830124379 ], [ -74.027337249822423, 40.616386450023086 ], [ -74.027275803537677, 40.61635533810886 ], [ -74.027214668073469, 40.616324385464502 ], [ -74.027156796206739, 40.616295084498532 ], [ -74.027099004660599, 40.616265823976732 ], [ -74.027096004884854, 40.616264305558921 ], [ -74.026334756087437, 40.615878871174402 ], [ -74.027452104679341, 40.613993133595145 ], [ -74.02754567611926, 40.613835210629034 ], [ -74.027621505678184, 40.613707228621998 ], [ -74.027698717904073, 40.613576912164206 ], [ -74.027741703647081, 40.613504363180432 ], [ -74.027771960890405, 40.613453296374537 ], [ -74.027806359258946, 40.613395238825859 ], [ -74.027838570697483, 40.613340873852188 ], [ -74.027871879027927, 40.613284655421729 ], [ -74.027892699889165, 40.613249516553601 ], [ -74.027907845707503, 40.613233009100057 ], [ -74.027959322446804, 40.613180060503133 ], [ -74.027984757659638, 40.613153541217265 ], [ -74.027640853676999, 40.61297801464913 ], [ -74.027472658003745, 40.612892166807775 ], [ -74.027344047387572, 40.61282652427434 ], [ -74.027252077750418, 40.612779583061254 ], [ -74.027190154770182, 40.612747975931825 ], [ -74.02709937199775, 40.612701640275901 ], [ -74.027037514165855, 40.612670068186716 ], [ -74.0267722510401, 40.612534673836528 ], [ -74.026540427569856, 40.612413827176844 ], [ -74.027208718214922, 40.610312094102781 ], [ -74.027908737053863, 40.61044291744448 ], [ -74.028135565234692, 40.610663143011493 ], [ -74.028994576648842, 40.609515780402276 ], [ -74.027830614949195, 40.609016741284712 ], [ -74.027298934377569, 40.609599666010268 ], [ -74.026124190371192, 40.60938459841428 ], [ -74.025732819131534, 40.609803792814638 ], [ -74.025039549777645, 40.609644138185509 ], [ -74.024742722256249, 40.609452343646105 ], [ -74.02468738513403, 40.609584846343473 ], [ -74.02460715065348, 40.609538289437857 ], [ -74.024579640333343, 40.609522327353716 ], [ -74.024559008283575, 40.609490206528044 ], [ -74.024530834076259, 40.609455004045671 ], [ -74.024501215299154, 40.60942144974085 ], [ -74.02445918806238, 40.609373437522748 ], [ -74.024410072771261, 40.609336587802808 ], [ -74.024307834946924, 40.609277338970827 ], [ -74.021632240654299, 40.607756077984142 ], [ -74.021700615600679, 40.607687086169427 ], [ -74.021712360228506, 40.607675234914417 ], [ -74.022278526713507, 40.607103943355256 ], [ -74.023770810640102, 40.605598091083003 ], [ -74.024259659814618, 40.605104777023769 ], [ -74.024643958832257, 40.604716962965824 ], [ -74.025322118142554, 40.604032585701681 ], [ -74.025328825008032, 40.604033152875651 ], [ -74.025344515856361, 40.604034003111501 ], [ -74.025356843330485, 40.604035708684428 ], [ -74.025382621742125, 40.604039118660275 ], [ -74.02540055226487, 40.604041678517952 ], [ -74.025418484771819, 40.604043382849866 ], [ -74.025431932762643, 40.604043379885702 ], [ -74.025448745726408, 40.60404935562768 ], [ -74.025467796444431, 40.604049351423093 ], [ -74.025485728307686, 40.604049347462549 ], [ -74.025499177615103, 40.604049344490228 ], [ -74.025515987326258, 40.604050195374128 ], [ -74.025535041106977, 40.604051897683391 ], [ -74.025555214594974, 40.604058727266946 ], [ -74.025569786131356, 40.60406470164628 ], [ -74.025586598138631, 40.60406811724539 ], [ -74.025602286258987, 40.604068113764363 ], [ -74.025620219890413, 40.604066400578937 ], [ -74.025639269841491, 40.604067250027114 ], [ -74.025657203241494, 40.604068101562014 ], [ -74.025678494850993, 40.604069803265915 ], [ -74.025694184833498, 40.604071508054062 ], [ -74.025710996411433, 40.604074067192471 ], [ -74.025727806566337, 40.604075771727615 ], [ -74.025743499292759, 40.604078330189417 ], [ -74.025763671943238, 40.604080033968813 ], [ -74.02578272376131, 40.604082593515123 ], [ -74.025804019547707, 40.604086003562081 ], [ -74.025818588375557, 40.604087708584046 ], [ -74.025835399962702, 40.604090268624347 ], [ -74.025852210671815, 40.604093681423315 ], [ -74.025867902639021, 40.60409709539082 ], [ -74.025883593288327, 40.604100507516272 ], [ -74.025899285146437, 40.60410391963935 ], [ -74.025912735674126, 40.604107335024075 ], [ -74.02592954617144, 40.604109892289266 ], [ -74.025945236827596, 40.604113306246518 ], [ -74.025960926935994, 40.604115012839735 ], [ -74.025978859259297, 40.604119278128628 ], [ -74.025993429856982, 40.604122692331565 ], [ -74.026012484661777, 40.60412695652591 ], [ -74.026031537165878, 40.604131224314266 ], [ -74.02605059010537, 40.604133781977048 ], [ -74.026068520893944, 40.604133777925867 ], [ -74.026083088303579, 40.604132066349067 ], [ -74.026097658458625, 40.604131209372234 ], [ -74.026112228179116, 40.604132059755678 ], [ -74.026133521250443, 40.604134616897539 ], [ -74.026148092191775, 40.604138885681927 ], [ -74.026159300637374, 40.604143153386936 ], [ -74.026171630579753, 40.604148275438781 ], [ -74.026182837588664, 40.604149128416466 ], [ -74.026197408743741, 40.604150831549703 ], [ -74.026225426608661, 40.604155097270535 ], [ -74.02625120401305, 40.604158506214262 ], [ -74.026266895904598, 40.604161920963634 ], [ -74.026281466319958, 40.604167895338144 ], [ -74.026300520394457, 40.604173017682662 ], [ -74.026315089141619, 40.604174720801531 ], [ -74.026340866561284, 40.604178133324389 ], [ -74.026365523137102, 40.604179835972765 ], [ -74.026386815673121, 40.604180685704492 ], [ -74.026415955258713, 40.604183239242218 ], [ -74.026443974020822, 40.604186651143515 ], [ -74.026457424256662, 40.604189211863513 ], [ -74.026474235557885, 40.60419091444777 ], [ -74.02650113339115, 40.604195180357202 ], [ -74.026525788346191, 40.604198589498559 ], [ -74.026550445272164, 40.604201147629709 ], [ -74.026571741134504, 40.604204559290899 ], [ -74.02659527569422, 40.604207114909379 ], [ -74.026614327582081, 40.604209674319179 ], [ -74.026632261600938, 40.604212233063862 ], [ -74.026647951749027, 40.604213936801692 ], [ -74.026663641788375, 40.604215641457522 ], [ -74.026681574821239, 40.604218199274641 ], [ -74.026698384929716, 40.604219905508103 ], [ -74.026715195145783, 40.604221608057379 ], [ -74.026732009447045, 40.604225022567086 ], [ -74.026747698733516, 40.604227580893927 ], [ -74.026765630795651, 40.60423099246163 ], [ -74.026784685791895, 40.604235260042159 ], [ -74.026804857989973, 40.604238671084765 ], [ -74.026826153987173, 40.604242082697489 ], [ -74.026848569077373, 40.604246347728065 ], [ -74.026867623631858, 40.604249760777584 ], [ -74.026883313271469, 40.604253174607067 ], [ -74.026896762328903, 40.604255731678002 ], [ -74.026916935857031, 40.604259145293426 ], [ -74.026930384915914, 40.60426170411818 ], [ -74.026947196590442, 40.604264262238161 ], [ -74.026964008374762, 40.604266821193299 ], [ -74.026979699642126, 40.604268526643366 ], [ -74.027000992791542, 40.604271082786937 ], [ -74.027022286915113, 40.604272786081609 ], [ -74.027045822614511, 40.604275344369249 ], [ -74.027067117083973, 40.604277900417785 ], [ -74.027086168900183, 40.60428045974939 ], [ -74.027101861725328, 40.604283018945878 ], [ -74.027117551038828, 40.60428557538205 ], [ -74.027132120179161, 40.604288135760051 ], [ -74.027148933074258, 40.604290695606679 ], [ -74.027163502325692, 40.604293253220355 ], [ -74.027181436152318, 40.604294957276991 ], [ -74.027203851799499, 40.604297515796254 ], [ -74.027219539912124, 40.60430007405899 ], [ -74.027236351261067, 40.604301777535674 ], [ -74.027250922823868, 40.604304337814249 ], [ -74.027271096384041, 40.604307749611088 ], [ -74.027290149769684, 40.604311160833149 ], [ -74.027306960719272, 40.604314575175792 ], [ -74.027320411012482, 40.60431713219689 ], [ -74.027333860448138, 40.604320546495572 ], [ -74.027360759595297, 40.604324811283497 ], [ -74.027377570092838, 40.604327368338289 ], [ -74.027393260636387, 40.604329929337062 ], [ -74.02740782944808, 40.604331634157653 ], [ -74.027423521090981, 40.604334190635292 ], [ -74.02744033256262, 40.604335895838531 ], [ -74.027457143925531, 40.604337601877013 ], [ -74.027478437973741, 40.604339305087237 ], [ -74.027493006897842, 40.604341009898349 ], [ -74.027508696989585, 40.604342712682389 ], [ -74.027528871432054, 40.604345270752781 ], [ -74.027547924142084, 40.60434697540525 ], [ -74.027564736366529, 40.604347825068928 ], [ -74.027579303231917, 40.604350382630479 ], [ -74.027602840187555, 40.604352941723874 ], [ -74.027624134703444, 40.604355498589342 ], [ -74.027646549529365, 40.60435890886199 ], [ -74.027667843699462, 40.604360612958516 ], [ -74.027683535006489, 40.604362317474873 ], [ -74.027700345526554, 40.604364876322656 ], [ -74.027719398707802, 40.604367432788742 ], [ -74.027741813545447, 40.604370845804418 ], [ -74.027758624923408, 40.604372548284623 ], [ -74.027775436412853, 40.604374252518781 ], [ -74.027791128934751, 40.60437595702146 ], [ -74.02780681818804, 40.604378516960232 ], [ -74.027825870522179, 40.604381928092444 ], [ -74.027841562194368, 40.604384488109645 ], [ -74.027859493257125, 40.604387899424545 ], [ -74.027877427835136, 40.604391310735799 ], [ -74.02789647971511, 40.604393870853258 ], [ -74.027912169938446, 40.60439557533865 ], [ -74.027926741191351, 40.604397278252719 ], [ -74.027944673004598, 40.60439983679322 ], [ -74.027958120325266, 40.604400688134831 ], [ -74.027972691581226, 40.604402392884573 ], [ -74.027993984809569, 40.604404948844213 ], [ -74.028011919043934, 40.604407508209981 ], [ -74.028037695430385, 40.604410918594922 ], [ -74.028064593452982, 40.604415182298382 ], [ -74.02807916471555, 40.604416888791036 ], [ -74.028095974906861, 40.604418592142331 ], [ -74.028111664291004, 40.604421150283031 ], [ -74.028128477256317, 40.604423708146221 ], [ -74.02814529022541, 40.60442626784846 ], [ -74.028160979613247, 40.604428825982453 ], [ -74.028177791375171, 40.604431383838708 ], [ -74.028203569347653, 40.604435650544957 ], [ -74.028223742885444, 40.604439060334464 ], [ -74.028241674472397, 40.604440765146379 ], [ -74.028258485883143, 40.604442469311216 ], [ -74.028278659425837, 40.604445879173539 ], [ -74.02829995520554, 40.604448438590069 ], [ -74.028315645342076, 40.604450143021744 ], [ -74.02832573115235, 40.60445099430941 ], [ -74.028351507697479, 40.604451841655624 ], [ -74.028366078613885, 40.60445269175316 ], [ -74.028381766448604, 40.604454396176379 ], [ -74.028398578712796, 40.60445524663821 ], [ -74.028415390130206, 40.604456952536545 ], [ -74.02843556186582, 40.604458655846081 ], [ -74.028451254783363, 40.604461212181832 ], [ -74.028468066567427, 40.604463772757271 ], [ -74.028483757183636, 40.604466330846897 ], [ -74.028500567759764, 40.604468887736175 ], [ -74.028516258631555, 40.604472301342525 ], [ -74.028534190961636, 40.604475713471999 ], [ -74.028554367306768, 40.60447997964544 ], [ -74.028568936907092, 40.604483392600876 ], [ -74.0285891113151, 40.604488511613347 ], [ -74.028601440780307, 40.604491925120044 ], [ -74.028616011228905, 40.604494483469487 ], [ -74.028644030962127, 40.604499603201639 ], [ -74.028665326183443, 40.604503868156222 ], [ -74.028685497939591, 40.604505571421896 ], [ -74.028710156270449, 40.604508129089531 ], [ -74.028730329235444, 40.604509830506849 ], [ -74.028747141150674, 40.604509826316679 ], [ -74.028767312544815, 40.604510674966953 ], [ -74.028784122411167, 40.604511523616566 ], [ -74.028803176042246, 40.604512375217439 ], [ -74.028822228101319, 40.604514933341228 ], [ -74.028839039177015, 40.604515782818872 ], [ -74.028855850621497, 40.604517486058704 ], [ -74.028872661808578, 40.604518336451463 ], [ -74.028887232274073, 40.604520896522963 ], [ -74.028900681830407, 40.604524309718272 ], [ -74.028916372740596, 40.604530284398173 ], [ -74.028932065694121, 40.604532842424717 ], [ -74.028949996118399, 40.604534546207681 ], [ -74.028971292680538, 40.604536250060889 ], [ -74.028993706062366, 40.604538807311648 ], [ -74.029007155366202, 40.60454136413572 ], [ -74.029023966452982, 40.60454221442393 ], [ -74.029039655533524, 40.604543920595958 ], [ -74.029055348494964, 40.604546478607006 ], [ -74.029075522110105, 40.60454988925089 ], [ -74.029095695468257, 40.604552447882959 ], [ -74.029114747439664, 40.604555005036922 ], [ -74.029132681386344, 40.604556708874256 ], [ -74.029150611820441, 40.604558412624598 ], [ -74.029168546510903, 40.604561825490897 ], [ -74.029183115418491, 40.604563530171582 ], [ -74.029202169082424, 40.604566940071557 ], [ -74.029215617922077, 40.604568646788252 ], [ -74.029233548362811, 40.604570349605567 ], [ -74.029248119688702, 40.604572055113742 ], [ -74.029269412647949, 40.604573757072444 ], [ -74.029286224599474, 40.604576316608117 ], [ -74.029303036070971, 40.604578020618902 ], [ -74.02931536446917, 40.604578871167355 ], [ -74.029337780665259, 40.60458228110997 ], [ -74.029353470970435, 40.604583987240154 ], [ -74.029370281609417, 40.604586544003588 ], [ -74.029392696340139, 40.604589100338586 ], [ -74.029410629468558, 40.604591659486481 ], [ -74.029425199969936, 40.604594217817116 ], [ -74.029439770581888, 40.604596775140735 ], [ -74.029455461532109, 40.604600189538999 ], [ -74.02947003093972, 40.604602747780483 ], [ -74.029487965282939, 40.604605305158245 ], [ -74.029501412929577, 40.604607010001608 ], [ -74.029517103509889, 40.604609569790441 ], [ -74.029531674504369, 40.60461298170474 ], [ -74.029546244639533, 40.604614686254031 ], [ -74.02956305650126, 40.604617243909047 ], [ -74.029579868474968, 40.60461980340046 ], [ -74.029597800788679, 40.60462321452772 ], [ -74.029613492583252, 40.604625773299226 ], [ -74.029630303354764, 40.604628331028465 ], [ -74.029648235672411, 40.604631743904278 ], [ -74.029661686497505, 40.604635157846587 ], [ -74.029677376368767, 40.604638567696824 ], [ -74.02969194847671, 40.604641983270923 ], [ -74.029708761105894, 40.604646248266469 ], [ -74.02972333091175, 40.604649661996987 ], [ -74.029739021058774, 40.6046539281976 ], [ -74.029755834904122, 40.604658195947586 ], [ -74.029772648858639, 40.604662461017234 ], [ -74.029787218939916, 40.604666728420597 ], [ -74.029805151655495, 40.604670993112684 ], [ -74.029823085241148, 40.60467696884421 ], [ -74.02984214045, 40.604681236001774 ], [ -74.029861191457769, 40.604681231069101 ], [ -74.029876881688807, 40.604682935286391 ], [ -74.029890330947239, 40.604685491924691 ], [ -74.029908264230542, 40.604688051077396 ], [ -74.029926197720613, 40.604694024117634 ], [ -74.029943010043198, 40.604700000121461 ], [ -74.029959825436876, 40.604707684323088 ], [ -74.029974396683144, 40.604714513750693 ], [ -74.029988969520673, 40.604722196771995 ], [ -74.030004662544826, 40.604729879501214 ], [ -74.030016992888122, 40.604735000304331 ], [ -74.03003604768206, 40.604740974790616 ], [ -74.030051739570752, 40.604746097390731 ], [ -74.030067432177532, 40.604750363545911 ], [ -74.030087607102217, 40.604758898775891 ], [ -74.030108906445847, 40.604766580111438 ], [ -74.030125716720192, 40.604770848643291 ], [ -74.030143650746112, 40.604777678007004 ], [ -74.03015934533866, 40.604783652516332 ], [ -74.030176158361741, 40.604791335849271 ], [ -74.030192971115341, 40.604798162737154 ], [ -74.030209786176087, 40.604804991547297 ], [ -74.030227719396677, 40.604812674579136 ], [ -74.030243413182916, 40.604819504514666 ], [ -74.030260227816029, 40.604828040595763 ], [ -74.03027255737787, 40.604834018649328 ], [ -74.030289370150768, 40.60484084644456 ], [ -74.030306185233798, 40.604847675240563 ], [ -74.030333088529574, 40.60486047982527 ], [ -74.030347660343693, 40.604868164642845 ], [ -74.030364474616491, 40.604875847027806 ], [ -74.030377925588297, 40.604881822096857 ], [ -74.030389136299661, 40.604887799512632 ], [ -74.030401466269183, 40.604894628472941 ], [ -74.03041716047899, 40.604902312065647 ], [ -74.030431732311101, 40.604909995116124 ], [ -74.03044966706841, 40.604918532714052 ], [ -74.03046536051589, 40.604924507098119 ], [ -74.030485537573128, 40.604932189496758 ], [ -74.030503471179827, 40.604938165123443 ], [ -74.030524768667135, 40.60494926202658 ], [ -74.030542703448162, 40.604957798689874 ], [ -74.030560639441418, 40.604966336271453 ], [ -74.030579694806335, 40.604975727233054 ], [ -74.030600995832572, 40.604986825878868 ], [ -74.030615567594765, 40.604994509826149 ], [ -74.030629019000429, 40.605001338464241 ], [ -74.030641351002771, 40.605009877520615 ], [ -74.030663769784468, 40.605023537822177 ], [ -74.030678342769107, 40.605031221761145 ], [ -74.030690674002301, 40.605038051610194 ], [ -74.030704125706876, 40.605045734840552 ], [ -74.030719819671376, 40.60505512759417 ], [ -74.030734394657827, 40.605064518888831 ], [ -74.030750088129835, 40.60507305703733 ], [ -74.030761298906171, 40.605079033496651 ], [ -74.030776990503696, 40.605085860598265 ], [ -74.030793806090401, 40.60509354476153 ], [ -74.030807255935486, 40.605099519780609 ], [ -74.03082406911426, 40.605107203018697 ], [ -74.030842006780645, 40.605116593316801 ], [ -74.030856579100927, 40.605125130830586 ], [ -74.030873394284669, 40.605134523263111 ], [ -74.030886847235237, 40.605142206555485 ], [ -74.030896934442836, 40.605148182382486 ], [ -74.030911508689087, 40.605155867127884 ], [ -74.030928322680225, 40.605165257712486 ], [ -74.030944016309789, 40.605173794078006 ], [ -74.030958589359813, 40.605181478819041 ], [ -74.030973162412778, 40.605189162636833 ], [ -74.030987734763528, 40.605197699297662 ], [ -74.031003429903009, 40.605207092849838 ], [ -74.031015759597906, 40.605213067225662 ], [ -74.031029212187946, 40.605219896736671 ], [ -74.03104378646421, 40.605227579625065 ], [ -74.031057237151074, 40.605235264654524 ], [ -74.031072930309065, 40.605242948157908 ], [ -74.031086383701663, 40.605251486027839 ], [ -74.031098713918155, 40.605258315833382 ], [ -74.031112165318973, 40.6052651462551 ], [ -74.031123374555861, 40.605270266320645 ], [ -74.031135707086307, 40.605277097041665 ], [ -74.031148038916129, 40.605284781442535 ], [ -74.031159248141236, 40.605292465225439 ], [ -74.03117270034717, 40.605301002165518 ], [ -74.031188396041529, 40.605311249373244 ], [ -74.031206331402032, 40.605320641455286 ], [ -74.031220904495456, 40.605330886368378 ], [ -74.03123660090499, 40.605340277211802 ], [ -74.031250053637066, 40.60534967050021 ], [ -74.031263505866562, 40.60535820834972 ], [ -74.03127807869096, 40.605367599492176 ], [ -74.031292652617623, 40.605376992472678 ], [ -74.031308347029892, 40.605387237070282 ], [ -74.0313307684916, 40.605400899081019 ], [ -74.031345341635216, 40.605408582851567 ], [ -74.031362156956419, 40.605417973372255 ], [ -74.031377849494348, 40.605426511436541 ], [ -74.03138905998631, 40.60543163239592 ], [ -74.031401392572832, 40.60543846124817 ], [ -74.031414843232511, 40.605446144394236 ], [ -74.031431657876453, 40.605456391347545 ], [ -74.031448473622049, 40.605466636541671 ], [ -74.03146192750755, 40.605476027964684 ], [ -74.031476500385523, 40.605485419081944 ], [ -74.031491074766507, 40.605495666638205 ], [ -74.031506772047152, 40.605509327773348 ], [ -74.031519104359191, 40.605520429619773 ], [ -74.031531436165892, 40.605530676863914 ], [ -74.031541527001593, 40.605536652633276 ], [ -74.031552738324052, 40.605546044742979 ], [ -74.031571796809274, 40.605558853025954 ], [ -74.03158973349268, 40.605573368137478 ], [ -74.03160094493839, 40.605582761080058 ], [ -74.031609916101715, 40.605592154634543 ], [ -74.03162000805095, 40.605600694201236 ], [ -74.031628976511925, 40.605609232317548 ], [ -74.03163906777057, 40.605618624642311 ], [ -74.031650279120896, 40.605628017580102 ], [ -74.031662612172653, 40.605638263888366 ], [ -74.031676065832116, 40.605649365411196 ], [ -74.031689517774353, 40.60565960965269 ], [ -74.031709699921649, 40.605674979650622 ], [ -74.031723152387372, 40.605686081166958 ], [ -74.031739969040459, 40.605695471633247 ], [ -74.031755662902853, 40.605706570687104 ], [ -74.031765752583013, 40.605715109405232 ], [ -74.031778086069579, 40.605723648339016 ], [ -74.031791536938172, 40.605731331442136 ], [ -74.031808353612305, 40.605740721980865 ], [ -74.031819562181241, 40.605746699173785 ], [ -74.031831895678422, 40.605755237265434 ], [ -74.031844226471037, 40.605762921591776 ], [ -74.031861040339265, 40.605771458360117 ], [ -74.031874494732207, 40.605776580408346 ], [ -74.031889066001028, 40.605782554070579 ], [ -74.031901396397572, 40.605789383789805 ], [ -74.03191484878846, 40.605795359516158 ], [ -74.03193166105018, 40.605800481548101 ], [ -74.03194847342435, 40.605805599897188 ], [ -74.031963047121423, 40.605811575307129 ], [ -74.031978740506148, 40.605816696723636 ], [ -74.031995553293967, 40.605822670670626 ], [ -74.032010125384346, 40.605827791472656 ], [ -74.03202525692808, 40.605834194481048 ], [ -74.032040389789699, 40.605840596565642 ], [ -74.032052720087748, 40.605844862464174 ], [ -74.032069533187467, 40.605851691002641 ], [ -74.03208522670009, 40.605856813239605 ], [ -74.032102040606546, 40.605862787172043 ], [ -74.032115490204816, 40.605867907353193 ], [ -74.032130063931277, 40.605873884582138 ], [ -74.032146877157345, 40.605880712104089 ], [ -74.032164815608454, 40.605888394833414 ], [ -74.032179386128178, 40.605895223060131 ], [ -74.032190597281485, 40.605901198459691 ], [ -74.03220516821689, 40.605908882121732 ], [ -74.032223105087539, 40.605918273123102 ], [ -74.032245526913172, 40.605931932278537 ], [ -74.032255615870227, 40.605938764426917 ], [ -74.032275796614016, 40.605953279640886 ], [ -74.032294854966182, 40.605967795165739 ], [ -74.032312793919687, 40.6059814555625 ], [ -74.032339700663826, 40.60600194841188 ], [ -74.032352033066857, 40.606010485444102 ], [ -74.032365484885162, 40.60601987860327 ], [ -74.032380060313784, 40.606029270525156 ], [ -74.032397998063828, 40.606040369866051 ], [ -74.032417057566434, 40.606054885368955 ], [ -74.032434993851794, 40.606067692904027 ], [ -74.032447325453688, 40.60607452172799 ], [ -74.032464141512691, 40.606084767608252 ], [ -74.032483199911155, 40.606096721138798 ], [ -74.032501137317297, 40.606109527741836 ], [ -74.03252019493695, 40.60612233410977 ], [ -74.032540376587193, 40.606135995595977 ], [ -74.032560556245201, 40.606150510843889 ], [ -74.032578494997765, 40.606163317434422 ], [ -74.032591945974175, 40.606173564248202 ], [ -74.032606522712285, 40.606185518187672 ], [ -74.032614370865687, 40.606193203699128 ], [ -74.032625583655872, 40.606202594699653 ], [ -74.03263679524332, 40.606211988461013 ], [ -74.032646885528308, 40.60622138253882 ], [ -74.032656977132447, 40.606230774857643 ], [ -74.032669310452007, 40.606241021978967 ], [ -74.03268164256508, 40.606251266421459 ], [ -74.032695097615004, 40.606262368659372 ], [ -74.032710793392397, 40.606274321348053 ], [ -74.032727611207378, 40.60628798375577 ], [ -74.032747792575563, 40.606303352651167 ], [ -74.03276460763918, 40.606313598488946 ], [ -74.032779181189369, 40.606323842283842 ], [ -74.032790394025994, 40.606333236029798 ], [ -74.032810576367382, 40.606350314033492 ], [ -74.032829634422512, 40.60636397403082 ], [ -74.03283860460958, 40.606370803686218 ], [ -74.032849815419425, 40.606378489143651 ], [ -74.032859905450735, 40.606387027680327 ], [ -74.032872237204202, 40.606396419341571 ], [ -74.032885691894776, 40.606406667039927 ], [ -74.032896903664223, 40.606416059855661 ], [ -74.032906995223399, 40.606425452988766 ], [ -74.032918206468366, 40.606433991201534 ], [ -74.03292717588576, 40.606441675535024 ], [ -74.032939510490792, 40.606451921705478 ], [ -74.032952962899543, 40.606462168476469 ], [ -74.032966417617004, 40.606472415245229 ], [ -74.032978750238101, 40.606483514257938 ], [ -74.032992204963818, 40.60649376102235 ], [ -74.033003415553878, 40.606503153827994 ], [ -74.033013507141177, 40.606512546951706 ], [ -74.033022477000415, 40.606521085879912 ], [ -74.033041537357221, 40.606539016087481 ], [ -74.033054995360985, 40.606550971126843 ], [ -74.033067326438541, 40.606563779250017 ], [ -74.033077419673162, 40.606574028810144 ], [ -74.03308526944393, 40.606582567049649 ], [ -74.033095359169266, 40.606592813931378 ], [ -74.033105452412485, 40.606603059808606 ], [ -74.033120027341909, 40.606615869121875 ], [ -74.033127876390964, 40.606622700916922 ], [ -74.033140209432844, 40.606632092548949 ], [ -74.033153662582293, 40.606641484693817 ], [ -74.033163753368271, 40.606649170443958 ], [ -74.033173844998387, 40.606658559956877 ], [ -74.033183937420176, 40.606667099384396 ], [ -74.03319627022411, 40.606678200130013 ], [ -74.033210845188634, 40.606691008594055 ], [ -74.033229906068314, 40.606709795128815 ], [ -74.033252330009674, 40.606729433534873 ], [ -74.033270271418985, 40.606744805662181 ], [ -74.033291571698911, 40.606761880580549 ], [ -74.033301664149164, 40.606770419077563 ], [ -74.033313996607774, 40.606778531006661 ], [ -74.033337540960204, 40.606796033949223 ], [ -74.033350995379351, 40.606805426071865 ], [ -74.033361083797828, 40.606813110883913 ], [ -74.033373417016705, 40.606822504247205 ], [ -74.03338574977127, 40.606833602295879 ], [ -74.033401447754954, 40.606847265849019 ], [ -74.033418265606159, 40.606862635517082 ], [ -74.033428357731594, 40.606872883206336 ], [ -74.033437329324187, 40.606882274861022 ], [ -74.033449663309, 40.60689337557897 ], [ -74.033461996623913, 40.606905329140389 ], [ -74.033475451580244, 40.606918140573654 ], [ -74.033488904477878, 40.606929238200848 ], [ -74.033501240114106, 40.606941194435166 ], [ -74.033513574656055, 40.606953147989323 ], [ -74.033524788555027, 40.606964250866341 ], [ -74.033536002456358, 40.606975350980647 ], [ -74.033548333386875, 40.606987303612009 ], [ -74.033559546871871, 40.606997551883403 ], [ -74.033571879689305, 40.60700865258854 ], [ -74.033583092753133, 40.607018044500336 ], [ -74.033594306246457, 40.607028291848223 ], [ -74.033604397996157, 40.607037684919753 ], [ -74.033615608763512, 40.607047077665378 ], [ -74.033626820203338, 40.60705561580739 ], [ -74.033647002439778, 40.607071838224954 ], [ -74.033657092248447, 40.607079523930622 ], [ -74.033667183937965, 40.607086353193658 ], [ -74.033679514297191, 40.607094892007574 ], [ -74.033689606846877, 40.60710342955025 ], [ -74.033700817208711, 40.607111968606759 ], [ -74.033719879365336, 40.607128192259054 ], [ -74.033737817714425, 40.607141852349052 ], [ -74.033752392134929, 40.607152952378634 ], [ -74.033766969295186, 40.607164907927952 ], [ -74.0337815440448, 40.607176860798262 ], [ -74.033792758025385, 40.607187962727558 ], [ -74.033805090248791, 40.607199916252263 ], [ -74.033818546882813, 40.607211016601219 ], [ -74.033830881421849, 40.607222970958802 ], [ -74.033843214325543, 40.607234070798292 ], [ -74.03385554777465, 40.607246026073639 ], [ -74.033867880257702, 40.607256272145982 ], [ -74.033880214490864, 40.607267371979802 ], [ -74.03389367080662, 40.607280181523265 ], [ -74.03390600537233, 40.60729213679285 ], [ -74.033917218185209, 40.607303237790148 ], [ -74.033930674945864, 40.607316899253583 ], [ -74.033945252890476, 40.607334833307675 ], [ -74.033954222979133, 40.607343372077651 ], [ -74.033963193501549, 40.607352763691345 ], [ -74.033980014004271, 40.607370697080214 ], [ -74.033995711660765, 40.607387776279253 ], [ -74.034011412405874, 40.607404000791782 ], [ -74.034027111949669, 40.607420225384978 ], [ -74.03404393095532, 40.607437303243792 ], [ -74.034058507547726, 40.60745267356333 ], [ -74.034073084486536, 40.607466334593916 ], [ -74.034089902990488, 40.607479997721363 ], [ -74.034105599628148, 40.607492805739646 ], [ -74.034122418237743, 40.607509028984758 ], [ -74.034141480610018, 40.607525252568031 ], [ -74.034151573283737, 40.607533790069922 ], [ -74.034169511928624, 40.607550015736578 ], [ -74.034188574094514, 40.607567946673768 ], [ -74.034203151618598, 40.607585024336288 ], [ -74.034218850818007, 40.607600395138597 ], [ -74.034227820650656, 40.607608081127729 ], [ -74.034237913675597, 40.607617473222852 ], [ -74.034246884048002, 40.607628574853806 ], [ -74.034255853443526, 40.60763796828634 ], [ -74.034263705569543, 40.607648215646059 ], [ -74.034273797506074, 40.607657606901967 ], [ -74.034283887576919, 40.607667855436375 ], [ -74.03429398160138, 40.607678955809348 ], [ -74.034306314666608, 40.60769005643516 ], [ -74.034319770711832, 40.607702010489923 ], [ -74.034356771264299, 40.60773531235467 ], [ -74.034366865309394, 40.607746412804957 ], [ -74.034376960010562, 40.607760930655374 ], [ -74.034384809422846, 40.607772886374391 ], [ -74.034396025354354, 40.607787404808732 ], [ -74.034406119626439, 40.607803630938449 ], [ -74.034411728800478, 40.607813024441541 ], [ -74.034453228383271, 40.607875365814898 ], [ -74.03449922161245, 40.607958206221042 ], [ -74.034520535879153, 40.607994073016073 ], [ -74.034550823068145, 40.608046168937641 ], [ -74.034574380291929, 40.608087161654403 ], [ -74.034594571105458, 40.608121321326905 ], [ -74.034621488660633, 40.608159750141283 ], [ -74.034639432320745, 40.608182808025667 ], [ -74.034654010530417, 40.608198179106097 ], [ -74.034691011297127, 40.608228918061968 ], [ -74.034711194254996, 40.608245141127746 ], [ -74.034721284579931, 40.608251117537506 ], [ -74.034741462255269, 40.608259652032821 ], [ -74.034753232664002, 40.608263065969574 ], [ -74.034762198341269, 40.608264768787556 ], [ -74.034776207129326, 40.608262204438468 ], [ -74.034800859780333, 40.608252801822545 ], [ -74.034829992719509, 40.608240832369617 ], [ -74.034837836493878, 40.608239122553904 ], [ -74.034855209624283, 40.608237409020212 ], [ -74.034868098182329, 40.608239114324086 ], [ -74.034877065305579, 40.608243808781644 ], [ -74.034890520565369, 40.608253629319364 ], [ -74.034901733257428, 40.608263872942608 ], [ -74.034911828362326, 40.608276683382513 ], [ -74.034975703953847, 40.608262997760995 ], [ -74.03503853609412, 40.608398361996436 ], [ -74.035051984829877, 40.608395795023704 ], [ -74.035060201437588, 40.608393089173283 ], [ -74.035071034068551, 40.608385966376375 ], [ -74.035078874098119, 40.608381693745237 ], [ -74.03509092171214, 40.608377311741322 ], [ -74.035117538453548, 40.60837548994013 ], [ -74.035137153688652, 40.608379114867198 ], [ -74.035148362102035, 40.608383380859209 ], [ -74.035166300160071, 40.608392770481295 ], [ -74.035186481382311, 40.608405577819475 ], [ -74.035210025369551, 40.60842265437379 ], [ -74.035267208330453, 40.60846705331862 ], [ -74.035340085786743, 40.608519134151926 ], [ -74.03536923731356, 40.608542188485202 ], [ -74.035393906990549, 40.608565243183506 ], [ -74.035429791123079, 40.608603669055476 ], [ -74.035439884721583, 40.608615624012018 ], [ -74.035444371074888, 40.608622028920855 ], [ -74.035449422538889, 40.608635692788432 ], [ -74.035449240660782, 40.608644663774257 ], [ -74.035446348957791, 40.60865085753062 ], [ -74.03543878668215, 40.60865747780889 ], [ -74.035429823587037, 40.608665168294408 ], [ -74.035420862002454, 40.608671149659443 ], [ -74.035408348140322, 40.608676562883701 ], [ -74.035398447646799, 40.608676709152455 ], [ -74.035387240183539, 40.608674577387212 ], [ -74.035377151619528, 40.608669882477358 ], [ -74.035358089745458, 40.608655794307651 ], [ -74.035336227761121, 40.608642349010566 ], [ -74.035322217014297, 40.608639007935928 ], [ -74.035312129465439, 40.60863872733109 ], [ -74.035303163212262, 40.608640436602755 ], [ -74.035288316257351, 40.608644499730936 ], [ -74.035278512565895, 40.608648984640674 ], [ -74.035271791139223, 40.608654967066208 ], [ -74.035265070271507, 40.608661803171941 ], [ -74.035254988949433, 40.608675472514278 ], [ -74.035246030936094, 40.608688286993832 ], [ -74.03523819319696, 40.608703663093927 ], [ -74.035233718604815, 40.60871733255911 ], [ -74.035223652261706, 40.608757481732681 ], [ -74.035218067068143, 40.608791649167678 ], [ -74.035216955266748, 40.608812149814987 ], [ -74.0352180926144, 40.608840335747374 ], [ -74.035265175736725, 40.608862531782087 ], [ -74.035300360307176, 40.608878107884749 ], [ -74.034811865208312, 40.609063987350936 ], [ -74.034423112262218, 40.609211909189668 ], [ -74.034133168566584, 40.609322233433346 ], [ -74.034000064803237, 40.609366415362892 ], [ -74.032247898756992, 40.611399797827708 ], [ -74.031503381778393, 40.611175696659892 ], [ -74.031370970154342, 40.611405368007212 ], [ -74.031268878746388, 40.611411623734739 ], [ -74.031007481553175, 40.611713070434739 ], [ -74.030177308056167, 40.612736861090035 ], [ -74.029596038807114, 40.613459513092664 ], [ -74.028512669385051, 40.61458587492988 ], [ -74.027906197761325, 40.615291432584719 ], [ -74.027723132998759, 40.615198746641362 ], [ -74.027553987428945, 40.615395521796458 ], [ -74.027755297329321, 40.615497447530721 ], [ -74.027553981107957, 40.615731648861797 ], [ -74.027352670699088, 40.615629722777022 ], [ -74.026936216848938, 40.616114198392516 ], [ -74.027805613899687, 40.616554379627893 ], [ -74.027764087459332, 40.616602559305065 ], [ -74.027625583622694, 40.616532434815895 ], [ -74.027397254246921, 40.616416830124379 ] ] ] ] } },
{ "type": "Feature", "properties": { "Borough": "BK", "Block": 6418, "Lot": 50, "CD": 310, "BCT2020": "3016400", "BCTCB2020": "30164001017", "CT2010": "164", "CB2010": "1027", "SchoolDist": "20", "Council": 50, "ZipCode": 11209, "FireComp": "E242", "PolicePrct": 68, "HealthCent": 31, "HealthArea": 7820, "Sanitboro": "3", "SanitDistr": "10", "SanitSub": "4E", "Address": "7 AVENUE", "ZoneDist1": "PARK", "ZoneDist2": null, "ZoneDist3": null, "ZoneDist4": null, "Overlay1": null, "Overlay2": null, "SPDist1": null, "SPDist2": null, "SPDist3": null, "LtdHeight": null, "SplitZone": "N", "BldgClass": "Q1", "LandUse": "09", "Easements": 0, "OwnerType": "X", "OwnerName": "UNITED STATES ARMY", "LotArea": 474450, "BldgArea": 0, "ComArea": 0, "ResArea": 0, "OfficeArea": 0, "RetailArea": 0, "GarageArea": 0, "StrgeArea": 0, "FactryArea": 0, "OtherArea": 0, "AreaSource": "7", "NumBldgs": 1, "NumFloors": 0.0, "UnitsRes": 0, "UnitsTotal": 0, "LotFront": 867.0, "LotDepth": 635.0, "BldgFront": 0.0, "BldgDepth": 0.0, "Ext": "N", "ProxCode": "0", "IrrLotCode": "Y", "LotType": "5", "BsmtCode": "0", "AssessLand": 3774150.0, "AssessTot": 3774150.0, "ExemptTot": 3774150.0, "YearBuilt": 0, "YearAlter1": 0, "YearAlter2": 0, "HistDist": null, "Landmark": null, "BuiltFAR": 0.0, "ResidFAR": 0.0, "CommFAR": 0.0, "FacilFAR": 0.0, "BoroCode": 3, "BBL": 3064180050.0, "CondoNo": 0, "Tract2010": "0164", "XCoord": 978116, "YCoord": 159951, "ZoneMap": "22b", "ZMCode": "Y", "Sanborn": "311 059", "TaxMap": "31908", "EDesigNum": null, "APPBBL": 0.0, "APPDate": null, "PLUTOMapID": "1", "FIRM07_FLA": null, "PFIRM15_FL": null, "Version": "25v4", "DCPEdited": null, "Latitude": 40.6057027, "Longitude": -74.0220907, "Notes": null, "Shape_Leng": 0.0, "Shape_Area": 529907.398667 }, "geometry": { "type": "MultiPolygon", "coordinates": [ [ [ [ -74.024259659814618, 40.605104777023769 ], [ -74.023770810640102, 40.605598091083003 ], [ -74.022278526713507, 40.607103943355256 ], [ -74.020372965793484, 40.605929892709952 ], [ -74.021086931618044, 40.604510671396021 ], [ -74.021585820772685, 40.604652825430776 ], [ -74.021994802195678, 40.604769356594431 ], [ -74.02240202768489, 40.604884332382653 ], [ -74.02268609510071, 40.604957827745203 ], [ -74.022982608536168, 40.605018290415977 ], [ -74.023256229730251, 40.605060099856331 ], [ -74.0234652372162, 40.605083306300877 ], [ -74.023685451728241, 40.605099768711234 ], [ -74.024055528694575, 40.605109248462895 ], [ -74.024259659814618, 40.605104777023769 ] ] ] ] } },
{ "type": "Feature", "properties": { "Borough": "BK", "Block": 6140, "Lot": 1, "CD": 310, "BCT2020": "3003800", "BCTCB2020": "30038001002", "CT2010": "38", "CB2010": "1002", "SchoolDist": "20", "Council": 47, "ZipCode": 11209, "FireComp": "E241", "PolicePrct": 68, "HealthCent": 31, "HealthArea": 7600, "Sanitboro": "3", "SanitDistr": "10", "SanitSub": "2C", "Address": "BOBBY BELLO FIELD", "ZoneDist1": "PARK", "ZoneDist2": null, "ZoneDist3": null, "ZoneDist4": null, "Overlay1": null, "Overlay2": null, "SPDist1": null, "SPDist2": null, "SPDist3": null, "LtdHeight": null, "SplitZone": "N", "BldgClass": "Q1", "LandUse": "09", "Easements": 0, "OwnerType": "C", "OwnerName": "NYC DEPARTMENT OF PARKS AND RECREATION", "LotArea": 9445000, "BldgArea": 43068, "ComArea": 43068, "ResArea": 0, "OfficeArea": 0, "RetailArea": 0, "GarageArea": 0, "StrgeArea": 0, "FactryArea": 0, "OtherArea": 43068, "AreaSource": "2", "NumBldgs": 4, "NumFloors": 1.0, "UnitsRes": 0, "UnitsTotal": 1, "LotFront": 150.0, "LotDepth": 999.0, "BldgFront": 20.0, "BldgDepth": 40.0, "Ext": "N", "ProxCode": "0", "IrrLotCode": "Y", "LotType": "5", "BsmtCode": "0", "AssessLand": 23928750.0, "AssessTot": 28319400.0, "ExemptTot": 28319400.0, "YearBuilt": 1928, "YearAlter1": 0, "YearAlter2": 0, "HistDist": null, "Landmark": null, "BuiltFAR": 0.0, "ResidFAR": 0.0, "CommFAR": 0.0, "FacilFAR": 0.0, "BoroCode": 3, "BBL": 3061400001.0, "CondoNo": 0, "Tract2010": "0038", "XCoord": 974053, "YCoord": 172121, "ZoneMap": "22b", "ZMCode": "Y", "Sanborn": "311 001", "TaxMap": "31809", "EDesigNum": null, "APPBBL": 0.0, "APPDate": null, "PLUTOMapID": "1", "FIRM07_FLA": "1", "PFIRM15_FL": "1", "Version": "25v4", "DCPEdited": "t", "Latitude": 40.6391031, "Longitude": -74.0367414, "Notes": null, "Shape_Leng": 0.0, "Shape_Area": 4749822.1426 }, "geometry": { "type": "MultiPolygon", "coordinates": [ [ [ [ -74.036590637577135, 40.639043983348714 ], [ -74.036491698058228, 40.639003726375179 ], [ -74.036220546403712, 40.638893399354345 ], [ -74.036116539482521, 40.638851081483132 ], [ -74.036192612899214, 40.638611419109274 ], [ -74.03624565292786, 40.638391032408613 ], [ -74.03626374462101, 40.638251947182489 ], [ -74.036271055436629, 40.63805614174148 ], [ -74.036263735790399, 40.637973143310994 ], [ -74.036249529770132, 40.637891225014727 ], [ -74.03620486955036, 40.637698776794721 ], [ -74.036196549441343, 40.637645504816923 ], [ -74.036190454895745, 40.637591425229175 ], [ -74.036186674793896, 40.637537226953455 ], [ -74.036185245392872, 40.637484169831708 ], [ -74.036186786246759, 40.63746329714661 ], [ -74.036189327719413, 40.637441262510855 ], [ -74.036192391943999, 40.637421878767348 ], [ -74.036220387625534, 40.637351517986239 ], [ -74.036296099571047, 40.637216892029599 ], [ -74.03644933482326, 40.636986667906434 ], [ -74.036598555259857, 40.636803283382875 ], [ -74.03675551552999, 40.636631240064787 ], [ -74.036919501536474, 40.636459441920039 ], [ -74.037056639657166, 40.636335729886525 ], [ -74.037169483033722, 40.636239764123552 ], [ -74.037285740081686, 40.636139901630315 ], [ -74.037434180421911, 40.635997976050398 ], [ -74.037518445226397, 40.635905063046181 ], [ -74.037612396996096, 40.635772288048386 ], [ -74.037664137538769, 40.635670840456726 ], [ -74.037703771231236, 40.635538045273478 ], [ -74.037713585122205, 40.635414698136515 ], [ -74.037681890919373, 40.635255935468379 ], [ -74.037631620506815, 40.635145351201771 ], [ -74.037538572876372, 40.635008061541136 ], [ -74.03745562454165, 40.634912021185265 ], [ -74.03737244444217, 40.634836554133805 ], [ -74.037309703636623, 40.634771924496029 ], [ -74.037199412439179, 40.634660708282048 ], [ -74.037051873508503, 40.634514701623779 ], [ -74.03697845087288, 40.634421785452986 ], [ -74.036924858147955, 40.634300315523447 ], [ -74.036911388695046, 40.634188567310865 ], [ -74.036925085882103, 40.634059080177352 ], [ -74.036953020446148, 40.633952502196195 ], [ -74.037012384537505, 40.633816394200295 ], [ -74.037086937682446, 40.633682523579765 ], [ -74.037213890594444, 40.63347871526657 ], [ -74.037448039175786, 40.633131246725178 ], [ -74.037572456840763, 40.632957029956565 ], [ -74.03784076935861, 40.632595182577404 ], [ -74.037988415742177, 40.632409328402716 ], [ -74.038287280350886, 40.632054175088847 ], [ -74.038604347255173, 40.631713711491166 ], [ -74.039697423303394, 40.630729204729377 ], [ -74.039937868589632, 40.630481688168132 ], [ -74.040067244717704, 40.630326756854295 ], [ -74.040187154517042, 40.630141405618673 ], [ -74.040255427684556, 40.629981487556819 ], [ -74.040286225712748, 40.6298680718347 ], [ -74.040304876018837, 40.629736251947556 ], [ -74.040288884100306, 40.629486641945093 ], [ -74.040235015645408, 40.629239944763619 ], [ -74.040096646382196, 40.628855675961411 ], [ -74.040034537586749, 40.628634965127162 ], [ -74.04001631557459, 40.628478690993433 ], [ -74.040017869072031, 40.628400207591 ], [ -74.0400283462685, 40.628317725431494 ], [ -74.040047648857069, 40.628229041996278 ], [ -74.040078020363509, 40.628128639796152 ], [ -74.040121369585421, 40.628016507446745 ], [ -74.040256682681431, 40.627763913520923 ], [ -74.040467751210642, 40.627449570365471 ], [ -74.040580431663841, 40.627271691888396 ], [ -74.040719324011548, 40.627009527125416 ], [ -74.040774468484514, 40.626872624359265 ], [ -74.040864073478261, 40.626500204752112 ], [ -74.040887577096328, 40.626244458080244 ], [ -74.040895919793826, 40.62607330977508 ], [ -74.040894654928167, 40.625908128917125 ], [ -74.040888599459549, 40.625825917303537 ], [ -74.040872287470904, 40.62567365798531 ], [ -74.040861441745349, 40.625571875260221 ], [ -74.040836350162607, 40.625395371664631 ], [ -74.040815662018076, 40.625233716043979 ], [ -74.040816403399674, 40.625022644075607 ], [ -74.040832330744692, 40.624865732050665 ], [ -74.040854031089737, 40.624739211364648 ], [ -74.040881187333795, 40.624594110078398 ], [ -74.040917765750734, 40.624400925053187 ], [ -74.040950803608254, 40.624228137888601 ], [ -74.040981426233813, 40.624054608742661 ], [ -74.041009940342377, 40.623794200011801 ], [ -74.041001988152075, 40.623551459865872 ], [ -74.04096577672793, 40.623398090971826 ], [ -74.040932344599966, 40.623307715017312 ], [ -74.040867533870539, 40.623175833594608 ], [ -74.040720284258029, 40.622950263305796 ], [ -74.040626694485042, 40.622809614494869 ], [ -74.040567001816356, 40.622712166083822 ], [ -74.040515475686689, 40.62261246160633 ], [ -74.040449913495763, 40.622456783919844 ], [ -74.040410318279385, 40.622351051678159 ], [ -74.0403739823481, 40.622244687893144 ], [ -74.040349372849136, 40.622152239308654 ], [ -74.040331249825385, 40.62199179289594 ], [ -74.040334734827766, 40.621844018293665 ], [ -74.040366446844189, 40.621639722692997 ], [ -74.040407031887241, 40.621486422981782 ], [ -74.040489970698559, 40.621258466191158 ], [ -74.040570807241323, 40.621043559480611 ], [ -74.040638008444247, 40.620816362731603 ], [ -74.040669903107158, 40.620646726000544 ], [ -74.04068197551851, 40.62047565016681 ], [ -74.040670795588412, 40.620263018084266 ], [ -74.040618354016772, 40.620003304236263 ], [ -74.040544190255432, 40.61981171872641 ], [ -74.040410630822024, 40.619574647174218 ], [ -74.038452908689692, 40.616368819783524 ], [ -74.0382728965685, 40.616065090266453 ], [ -74.037658613931058, 40.61474414097404 ], [ -74.037492000157826, 40.614327043000841 ], [ -74.037168944167419, 40.613668642477336 ], [ -74.036938492417775, 40.613283978406031 ], [ -74.036628668554528, 40.612891921605446 ], [ -74.03632057049731, 40.612552869756747 ], [ -74.036006271174813, 40.612292102135271 ], [ -74.035501788599021, 40.611872332594203 ], [ -74.035317586857275, 40.611684885610302 ], [ -74.035140196593787, 40.61143781731095 ], [ -74.035066698391091, 40.611284684642989 ], [ -74.034951108614635, 40.611066539887084 ], [ -74.034752838982214, 40.611295594918367 ], [ -74.034303834266666, 40.611814310889102 ], [ -74.032764958792256, 40.611059847997694 ], [ -74.033914417915668, 40.609600050818557 ], [ -74.034133168566584, 40.609322233433346 ], [ -74.034423112262218, 40.609211909189668 ], [ -74.034811865208312, 40.609063987350936 ], [ -74.035300360307176, 40.608878107884749 ], [ -74.035313378692678, 40.60888387109717 ], [ -74.035362703677919, 40.60890435360546 ], [ -74.035388475955642, 40.608893883418901 ], [ -74.035412571386999, 40.608889817437053 ], [ -74.035426581740637, 40.608889813132009 ], [ -74.035454603729704, 40.608894929362634 ], [ -74.035477021945411, 40.608900902833518 ], [ -74.035502805158174, 40.608911144588888 ], [ -74.035567824121614, 40.608940167183128 ], [ -74.035640690986838, 40.608970893839462 ], [ -74.035677685482213, 40.608987966220248 ], [ -74.035713561965096, 40.609006745378281 ], [ -74.035786433043668, 40.609049430836265 ], [ -74.035833520901505, 40.609077605164913 ], [ -74.035862671655863, 40.60909638544689 ], [ -74.035888459681104, 40.609115169528806 ], [ -74.035927703027255, 40.609145907303201 ], [ -74.035998343092217, 40.609203113344563 ], [ -74.036009556407819, 40.609211652172753 ], [ -74.036023011854709, 40.609223605107253 ], [ -74.036038710468233, 40.609240683022556 ], [ -74.036044317591731, 40.60924580795561 ], [ -74.036111607295467, 40.609326077327736 ], [ -74.036116093181633, 40.609331201605968 ], [ -74.036120579595092, 40.609335469609057 ], [ -74.036127308082627, 40.609344863511744 ], [ -74.03617889940071, 40.609408054858406 ], [ -74.036188993890278, 40.609423427149061 ], [ -74.036195724700534, 40.609432820210614 ], [ -74.036209187140926, 40.609457587454401 ], [ -74.036220405419769, 40.609477229718138 ], [ -74.036245088367707, 40.609525908544519 ], [ -74.036259679875386, 40.609562634405776 ], [ -74.036276520768325, 40.609618148902918 ], [ -74.036319194611266, 40.609772739472106 ], [ -74.036332671037883, 40.609823129170337 ], [ -74.036341651014951, 40.609848750654962 ], [ -74.036368583234108, 40.609911096005192 ], [ -74.036389909671371, 40.609966609905037 ], [ -74.036401129832129, 40.609989668713986 ], [ -74.036415714123422, 40.610016998461731 ], [ -74.036429176578181, 40.610039201037246 ], [ -74.036443757071083, 40.610059697737839 ], [ -74.036450487053315, 40.610067382419039 ], [ -74.036474037334926, 40.61009214644011 ], [ -74.036485255966326, 40.610110079474026 ], [ -74.036488621102421, 40.610118618982391 ], [ -74.036490867746835, 40.61012801520328 ], [ -74.036491995158045, 40.610139119139816 ], [ -74.036492001195896, 40.610150222511244 ], [ -74.036490885396645, 40.610160473477215 ], [ -74.036488649434261, 40.610170724880227 ], [ -74.036475215066432, 40.610198060808067 ], [ -74.036471859119033, 40.610210875366157 ], [ -74.036470742434432, 40.610217280166665 ], [ -74.036474113471144, 40.610232226881031 ], [ -74.036480850161254, 40.610254433335825 ], [ -74.03651116204189, 40.61034923594223 ], [ -74.036543715999969, 40.610440621182505 ], [ -74.036585241665335, 40.610543962541961 ], [ -74.036609933579925, 40.610605453020831 ], [ -74.036634620218095, 40.610661819570446 ], [ -74.036678384064814, 40.610754055806431 ], [ -74.03672774751071, 40.610843727359018 ], [ -74.03675018941324, 40.61089155318863 ], [ -74.036772627298035, 40.61092998291987 ], [ -74.036804033915487, 40.610972680948151 ], [ -74.036865718937463, 40.611047827648925 ], [ -74.03691619249166, 40.611116143859299 ], [ -74.036973396619999, 40.611194708500356 ], [ -74.037008168228738, 40.611240822876695 ], [ -74.03704293522236, 40.611282665159202 ], [ -74.037112471698379, 40.611362080367186 ], [ -74.037158455962995, 40.611418439942213 ], [ -74.037212289280987, 40.611479920890027 ], [ -74.037238083086535, 40.61150895435599 ], [ -74.037253784853661, 40.611526031263942 ], [ -74.037299761278078, 40.611567872521341 ], [ -74.037344617094831, 40.611608857766178 ], [ -74.037439933942622, 40.611691678306826 ], [ -74.037587952554716, 40.611820608967662 ], [ -74.037617110607187, 40.611851349448344 ], [ -74.03767094398691, 40.611909413616054 ], [ -74.037712437508816, 40.611948692454241 ], [ -74.037798783598916, 40.612026394380784 ], [ -74.037952416711747, 40.612168133462532 ], [ -74.03798718235852, 40.612201434969187 ], [ -74.038063439690177, 40.612276574376693 ], [ -74.038095961177959, 40.612307313708186 ], [ -74.038240625199592, 40.612437953751567 ], [ -74.038440232936452, 40.612614698155447 ], [ -74.038525463204934, 40.612694960948176 ], [ -74.038587143135175, 40.612753023901384 ], [ -74.03871050270962, 40.612870001465858 ], [ -74.038874237050607, 40.61302796513521 ], [ -74.0389415266377, 40.61309542285121 ], [ -74.039012181082697, 40.613168001640389 ], [ -74.039078353008975, 40.613241437342445 ], [ -74.039145651092667, 40.613320850229606 ], [ -74.039262303143005, 40.61346431114417 ], [ -74.039328474635127, 40.613536036579816 ], [ -74.039352029100016, 40.613564215729909 ], [ -74.039396898052246, 40.613623140341737 ], [ -74.03941933497137, 40.613655590104784 ], [ -74.039433919177654, 40.613679500221295 ], [ -74.039442895339903, 40.61369572628449 ], [ -74.039461975750285, 40.613739280639976 ], [ -74.039478808587248, 40.613770879549165 ], [ -74.039499002027, 40.613804186421611 ], [ -74.039518073539242, 40.613830658792288 ], [ -74.039565182260915, 40.613887870690547 ], [ -74.039584251608304, 40.613912635604947 ], [ -74.039668388529236, 40.614037313405937 ], [ -74.039815348000033, 40.614249093824299 ], [ -74.039859101960062, 40.614317412805121 ], [ -74.039916321013337, 40.614408787693598 ], [ -74.040030763078676, 40.614599225945817 ], [ -74.040112663149657, 40.614727321675048 ], [ -74.040146324067535, 40.614784537088916 ], [ -74.040220382765696, 40.614920323112607 ], [ -74.04023272583936, 40.614944235748901 ], [ -74.040237215381566, 40.614954484789131 ], [ -74.040239461691613, 40.61496217081099 ], [ -74.040240586292526, 40.614969431304949 ], [ -74.040238910791714, 40.614977545619048 ], [ -74.04023401220725, 40.61498672899716 ], [ -74.040223789783866, 40.614995489230964 ], [ -74.040261940817473, 40.61506551561498 ], [ -74.040296727819523, 40.615132129358209 ], [ -74.04032478577426, 40.61519190956021 ], [ -74.040355090627145, 40.61526023397127 ], [ -74.040385398694539, 40.615331971422648 ], [ -74.040412342559478, 40.615403712637836 ], [ -74.040440416247208, 40.61548740882575 ], [ -74.040462879712763, 40.615565984808804 ], [ -74.04049771112129, 40.615705199212307 ], [ -74.040516817628017, 40.615788048446866 ], [ -74.040529184708191, 40.615851251590769 ], [ -74.04059217421262, 40.616214246914694 ], [ -74.040639409920047, 40.616474749709838 ], [ -74.040677654337017, 40.616696816106931 ], [ -74.040735002720183, 40.616995753906203 ], [ -74.040787851851221, 40.617268211766245 ], [ -74.040836193753478, 40.617503088008768 ], [ -74.040910388576904, 40.617854975682249 ], [ -74.040972208927883, 40.618131702334978 ], [ -74.04112056003369, 40.618764581469208 ], [ -74.04118686519395, 40.619042160900896 ], [ -74.041248689364039, 40.619321448412677 ], [ -74.041292528054583, 40.619519599209994 ], [ -74.041306000884575, 40.619552905477953 ], [ -74.041314982981731, 40.619578527472449 ], [ -74.041320598742175, 40.619595607429993 ], [ -74.041339704067468, 40.619675038095245 ], [ -74.041358807285391, 40.619752760476267 ], [ -74.041373423335713, 40.619821086621236 ], [ -74.041382423303958, 40.619875750292856 ], [ -74.041390292042848, 40.619910768682551 ], [ -74.041397033409226, 40.619938099754073 ], [ -74.041416127469731, 40.619997029202509 ], [ -74.041432974419862, 40.62004741980801 ], [ -74.041445321998026, 40.62007816450263 ], [ -74.041466649033111, 40.620122572211145 ], [ -74.04151939559047, 40.620222490187814 ], [ -74.041551946202063, 40.620293373648821 ], [ -74.041565419318601, 40.620326681725508 ], [ -74.041576650419643, 40.620361697968782 ], [ -74.04158676134405, 40.620395005414899 ], [ -74.041595750588272, 40.620430024221093 ], [ -74.041613610067046, 40.620515421173472 ], [ -74.04161486280131, 40.620521411038332 ], [ -74.041646245579827, 40.620515421185331 ], [ -74.04167882835867, 40.620635845732387 ], [ -74.041627270650068, 40.620645260360632 ], [ -74.041622902065967, 40.620828905800373 ], [ -74.041619605266987, 40.620938239024447 ], [ -74.041616304365164, 40.621039032603782 ], [ -74.041610748976012, 40.621117618431327 ], [ -74.041607411482573, 40.621159472210543 ], [ -74.041601832264561, 40.621197911073914 ], [ -74.041588420364306, 40.621265394529985 ], [ -74.041585077741985, 40.621295292021991 ], [ -74.041583963450435, 40.621308958748983 ], [ -74.041583970336234, 40.621320063028392 ], [ -74.041606503498755, 40.621503700507283 ], [ -74.041617772072897, 40.621596798423866 ], [ -74.041619835449495, 40.621610038000924 ], [ -74.041635729143593, 40.621633519590112 ], [ -74.041649195291782, 40.621653161329341 ], [ -74.041653682702758, 40.621660847429389 ], [ -74.041657052705148, 40.62166938861656 ], [ -74.041659302057155, 40.621681344845094 ], [ -74.041659312139316, 40.621697574048156 ], [ -74.04165876201408, 40.621717646768275 ], [ -74.041655965482434, 40.62172661785997 ], [ -74.041648131549195, 40.621746265535506 ], [ -74.041638615984482, 40.621768048939146 ], [ -74.041636939844594, 40.621775312181143 ], [ -74.041635825133824, 40.621788122468089 ], [ -74.041639218366527, 40.621834245895187 ], [ -74.041651616003691, 40.621941012317301 ], [ -74.041657265478491, 40.622011906371107 ], [ -74.041661766712735, 40.622041799270022 ], [ -74.041668511626369, 40.622072547800556 ], [ -74.041692111619881, 40.622167349527423 ], [ -74.041710094953828, 40.622244217637864 ], [ -74.041724706593342, 40.622304004079623 ], [ -74.04173144340939, 40.62232535568598 ], [ -74.041734810652045, 40.622331332988161 ], [ -74.041743788946164, 40.622346278338682 ], [ -74.041750527424412, 40.622364641144848 ], [ -74.041756145126257, 40.622384283871476 ], [ -74.041764012473166, 40.622420155907356 ], [ -74.04176963816515, 40.62245261219558 ], [ -74.041770772901955, 40.622475675029335 ], [ -74.041771923211456, 40.622521797337861 ], [ -74.041770834620891, 40.622574756421727 ], [ -74.041769728613758, 40.622597819062982 ], [ -74.041765261197199, 40.622624299565651 ], [ -74.041754078935114, 40.622670428181145 ], [ -74.04174066175537, 40.622725954606409 ], [ -74.041728360712298, 40.622772937303495 ], [ -74.041717175354705, 40.622812232794139 ], [ -74.041709346336006, 40.622843840269681 ], [ -74.041707117654653, 40.622865193279843 ], [ -74.041706015870588, 40.622895089122203 ], [ -74.041709470124104, 40.623042857646524 ], [ -74.041714058352056, 40.623208562320393 ], [ -74.041717454863161, 40.623261519693614 ], [ -74.041723079360523, 40.62329568334102 ], [ -74.041732073318002, 40.623337533488353 ], [ -74.041736569117191, 40.623354616501295 ], [ -74.041746677239772, 40.623384507364804 ], [ -74.041794959860283, 40.623511760282959 ], [ -74.041811805707027, 40.623560440697034 ], [ -74.04182753651753, 40.623617664837148 ], [ -74.041843271053907, 40.623682575687603 ], [ -74.041857887783323, 40.623751755508003 ], [ -74.041866888146913, 40.623805566359621 ], [ -74.041875892507534, 40.623863644687859 ], [ -74.041884914018411, 40.62394564001476 ], [ -74.041892817621857, 40.624037034421193 ], [ -74.041897348591135, 40.624112197253567 ], [ -74.041899639167085, 40.624189926539636 ], [ -74.041900808137015, 40.624267654391019 ], [ -74.041898608288236, 40.624335132031796 ], [ -74.04189305615941, 40.62441884351977 ], [ -74.041885259754324, 40.624499137589623 ], [ -74.041874106064398, 40.624591389832396 ], [ -74.041859586179214, 40.624677665778151 ], [ -74.041839474440337, 40.624786150467003 ], [ -74.041820478431802, 40.624883532225049 ], [ -74.041802590107807, 40.624960411544613 ], [ -74.041788052484506, 40.62501850116368 ], [ -74.041772392038638, 40.625074881151754 ], [ -74.04172876210643, 40.625218396447039 ], [ -74.041684017612056, 40.625377286642006 ], [ -74.04167963799884, 40.625545557398461 ], [ -74.041670790811608, 40.62574030947674 ], [ -74.041664155917928, 40.625887226083343 ], [ -74.041661949025979, 40.625941891989811 ], [ -74.041656407845167, 40.626047809407638 ], [ -74.041653091361098, 40.626123832427211 ], [ -74.041646419933173, 40.626210105414138 ], [ -74.041643111384431, 40.626298940065325 ], [ -74.041638684894224, 40.626393751878361 ], [ -74.041637580406615, 40.62641766919284 ], [ -74.041636472020983, 40.626439022707757 ], [ -74.04163312859194, 40.626469773862866 ], [ -74.041618615939583, 40.626568862314549 ], [ -74.041605219629858, 40.626657698842884 ], [ -74.041598556799428, 40.626761909211865 ], [ -74.041587399687344, 40.626849891249343 ], [ -74.041579597442819, 40.626921643799243 ], [ -74.04157852610561, 40.627002788997174 ], [ -74.041575216515511, 40.627088205322792 ], [ -74.041567408259553, 40.627152271913381 ], [ -74.041550661718034, 40.627265026465366 ], [ -74.041532812166665, 40.627404259446649 ], [ -74.041514926240225, 40.62749053737123 ], [ -74.041501522207156, 40.627567416763654 ], [ -74.041466924930234, 40.627821967061053 ], [ -74.041441268533859, 40.628030390511178 ], [ -74.041413374012294, 40.628247358910585 ], [ -74.04138546564738, 40.62844041030872 ], [ -74.041351952484277, 40.628631752832668 ], [ -74.041309491371877, 40.628858973408676 ], [ -74.041288252638665, 40.628962335272362 ], [ -74.041259185812294, 40.629094740839342 ], [ -74.041223404371081, 40.629248501822246 ], [ -74.04119432663758, 40.62936553102297 ], [ -74.041152938516902, 40.629515023742876 ], [ -74.041136163276974, 40.629585072919838 ], [ -74.041132811600619, 40.629603008824411 ], [ -74.041129465890222, 40.629634614638952 ], [ -74.04112836808757, 40.629669636208263 ], [ -74.041130627043913, 40.62969696794633 ], [ -74.041140745654076, 40.629744798067541 ], [ -74.041154236198366, 40.629803729499002 ], [ -74.04115761897053, 40.629834477392833 ], [ -74.041158767937048, 40.629878894991414 ], [ -74.041158791004619, 40.629916475440837 ], [ -74.041155443878637, 40.62994381277548 ], [ -74.041146508462816, 40.630000190247188 ], [ -74.041133097687862, 40.630069380942984 ], [ -74.041118568211886, 40.630143698711102 ], [ -74.04110514690656, 40.630195805700367 ], [ -74.041085004021738, 40.630258166508824 ], [ -74.041068214038219, 40.630302589655294 ], [ -74.041034619941001, 40.630366664524537 ], [ -74.041016703174719, 40.630399128273389 ], [ -74.041002142269008, 40.63042219575383 ], [ -74.040950615182098, 40.630498232158715 ], [ -74.040921492806504, 40.630541805978581 ], [ -74.040884526121815, 40.630593923044472 ], [ -74.040857640845871, 40.630627244544222 ], [ -74.040826267472639, 40.630660568545821 ], [ -74.040794895033088, 40.630691327819854 ], [ -74.040764643653716, 40.630721234850384 ], [ -74.040759039908821, 40.630727217184365 ], [ -74.040753439616537, 40.630734905035808 ], [ -74.040743359889589, 40.630752846984493 ], [ -74.040698573693703, 40.630849382075567 ], [ -74.040563092523939, 40.631144115391756 ], [ -74.040410822328099, 40.631482415226614 ], [ -74.040382831119629, 40.631544778734025 ], [ -74.04036939471689, 40.631577240808937 ], [ -74.040362682930692, 40.631600306294814 ], [ -74.040357092801159, 40.631625077909305 ], [ -74.040355990086994, 40.63165668198792 ], [ -74.040334722274025, 40.631715627411531 ], [ -74.040323523481518, 40.631734423391102 ], [ -74.040303360297727, 40.631765179528941 ], [ -74.040273117373644, 40.63181216920659 ], [ -74.040258556999731, 40.631835234746873 ], [ -74.040248477486131, 40.631854030245876 ], [ -74.040204806891936, 40.631944586309899 ], [ -74.040148816709646, 40.632059918060236 ], [ -74.040084990714902, 40.632194896405629 ], [ -74.039984216725045, 40.632412743323577 ], [ -74.039849852587082, 40.632708329033683 ], [ -74.039750194960163, 40.632921901430059 ], [ -74.039631506370668, 40.633185877778466 ], [ -74.039588956638141, 40.633279849765721 ], [ -74.039554242811619, 40.633354175066586 ], [ -74.039481456555421, 40.633508801865467 ], [ -74.039338117663789, 40.633802681728618 ], [ -74.039189173552145, 40.634100833539627 ], [ -74.039007757749658, 40.634473306918899 ], [ -74.038852092544545, 40.634791107195966 ], [ -74.038687467537486, 40.635124284751193 ], [ -74.038585556878857, 40.635331880072478 ], [ -74.038539640844789, 40.635424999090915 ], [ -74.038339177117876, 40.635835061655833 ], [ -74.038148787092666, 40.636220350036531 ], [ -74.037959519101008, 40.636605635874936 ], [ -74.037752330695994, 40.637035347051857 ], [ -74.037552974350206, 40.637436865575168 ], [ -74.03734577800617, 40.637861449388495 ], [ -74.037109464265725, 40.638351814135142 ], [ -74.036956029866587, 40.638679006867186 ], [ -74.036818278909422, 40.63897885835555 ], [ -74.036814918768286, 40.638986547132639 ], [ -74.038032840703167, 40.63936540002431 ], [ -74.038002597468818, 40.63942092868492 ], [ -74.038023905875534, 40.639427753857859 ], [ -74.038055270958623, 40.639372223900551 ], [ -74.038687886934483, 40.639565199382481 ], [ -74.038762928025221, 40.639588090173142 ], [ -74.038687886449807, 40.639737593117083 ], [ -74.037134493764469, 40.639265262636158 ], [ -74.036880888627834, 40.639162079452312 ], [ -74.036752532920943, 40.639109855248762 ], [ -74.036590637577135, 40.639043983348714 ] ] ] ] } },
{ "type": "Feature", "properties": { "Borough": "BK", "Block": 6141, "Lot": 74, "CD": 310, "BCT2020": "3015200", "BCTCB2020": "30152001004", "CT2010": "152", "CB2010": "1003", "SchoolDist": "20", "Council": 50, "ZipCode": 11228, "FireComp": "E242", "PolicePrct": 68, "HealthCent": 31, "HealthArea": 7820, "Sanitboro": "3", "SanitDistr": "10", "SanitSub": "3E", "Address": "293 DAHLGREN PLACE", "ZoneDist1": "R4B", "ZoneDist2": null, "ZoneDist3": null, "ZoneDist4": null, "Overlay1": null, "Overlay2": null, "SPDist1": null, "SPDist2": null, "SPDist3": null, "LtdHeight": null, "SplitZone": "N", "BldgClass": "C6", "LandUse": "02", "Easements": 0, "OwnerType": null, "OwnerName": "293 DAHLGREN OWNERS CORP", "LotArea": 4000, "BldgArea": 11640, "ComArea": 0, "ResArea": 11640, "OfficeArea": 0, "RetailArea": 0, "GarageArea": 0, "StrgeArea": 0, "FactryArea": 0, "OtherArea": 0, "AreaSource": "2", "NumBldgs": 1, "NumFloors": 4.0, "UnitsRes": 17, "UnitsTotal": 17, "LotFront": 40.0, "LotDepth": 99.67, "BldgFront": 40.0, "BldgDepth": 80.0, "Ext": "N", "ProxCode": "0", "IrrLotCode": "N", "LotType": "3", "BsmtCode": "0", "AssessLand": 72000.0, "AssessTot": 665550.0, "ExemptTot": 11450.0, "YearBuilt": 1926, "YearAlter1": 1986, "YearAlter2": 0, "HistDist": null, "Landmark": null, "BuiltFAR": 2.91, "ResidFAR": 1.0, "CommFAR": 0.0, "FacilFAR": 2.0, "BoroCode": 3, "BBL": 3061410074.0000005, "CondoNo": 0, "Tract2010": "0152", "XCoord": 976662, "YCoord": 162605, "ZoneMap": "22b", "ZMCode": null, "Sanborn": "311 035", "TaxMap": "31809", "EDesigNum": null, "APPBBL": 0.0, "APPDate": null, "PLUTOMapID": "1", "FIRM07_FLA": null, "PFIRM15_FL": null, "Version": "25v4", "DCPEdited": null, "Latitude": 40.6129863, "Longitude": -74.0273301, "Notes": null, "Shape_Leng": 0.0, "Shape_Area": 4418.3929754000001 }, "geometry": { "type": "MultiPolygon", "coordinates": [ [ [ [ -74.027344047387572, 40.61282652427434 ], [ -74.027472658003745, 40.612892166807775 ], [ -74.02731825544528, 40.613141399852502 ], [ -74.027178730640458, 40.613093374700227 ], [ -74.027344047387572, 40.61282652427434 ] ] ] ] } },
{ "type": "Feature", "properties": { "Borough": "BK", "Block": 6141, "Lot": 78, "CD": 310, "BCT2020": "3015200", "BCTCB2020": "30152001004", "CT2010": "152", "CB2010": "1003", "SchoolDist": "20", "Council": 50, "ZipCode": 11228, "FireComp": "E242", "PolicePrct": 68, "HealthCent": 31, "HealthArea": 7820, "Sanitboro": "3", "SanitDistr": "10", "SanitSub": "3E", "Address": "582 FT HILL PLACE", "ZoneDist1": "R4B", "ZoneDist2": null, "ZoneDist3": null, "ZoneDist4": null, "Overlay1": null, "Overlay2": null, "SPDist1": null, "SPDist2": null, "SPDist3": null, "LtdHeight": null, "SplitZone": "N", "BldgClass": "B1", "LandUse": "01", "Easements": 0, "OwnerType": null, "OwnerName": "CHAN, PO LING", "LotArea": 3418, "BldgArea": 1800, "ComArea": 0, "ResArea": 1800, "OfficeArea": 0, "RetailArea": 0, "GarageArea": 0, "StrgeArea": 0, "FactryArea": 0, "OtherArea": 0, "AreaSource": "2", "NumBldgs": 1, "NumFloors": 2.0, "UnitsRes": 2, "UnitsTotal": 2, "LotFront": 30.0, "LotDepth": 113.92, "BldgFront": 20.67, "BldgDepth": 55.0, "Ext": "N", "ProxCode": "2", "IrrLotCode": "N", "LotType": "5", "BsmtCode": "2", "AssessLand": 17820.0, "AssessTot": 51060.0, "ExemptTot": 0.0, "YearBuilt": 1955, "YearAlter1": 0, "YearAlter2": 0, "HistDist": null, "Landmark": null, "BuiltFAR": 0.53, "ResidFAR": 1.0, "CommFAR": 0.0, "FacilFAR": 2.0, "BoroCode": 3, "BBL": 3061410078.0, "CondoNo": 0, "Tract2010": "0152", "XCoord": 976738, "YCoord": 162563, "ZoneMap": "22b", "ZMCode": null, "Sanborn": "311 035", "TaxMap": "31809", "EDesigNum": null, "APPBBL": 0.0, "APPDate": null, "PLUTOMapID": "1", "FIRM07_FLA": null, "PFIRM15_FL": null, "Version": "25v4", "DCPEdited": null, "Latitude": 40.6128711, "Longitude": -74.0270563, "Notes": null, "Shape_Leng": 0.0, "Shape_Area": 3555.2893961 }, "geometry": { "type": "MultiPolygon", "coordinates": [ [ [ [ -74.027011775573726, 40.613035908510987 ], [ -74.026913288206345, 40.613002008094199 ], [ -74.027070950009573, 40.612747517632137 ], [ -74.02709937199775, 40.612701640275901 ], [ -74.027190154770182, 40.612747975931825 ], [ -74.027011775573726, 40.613035908510987 ] ] ] ] } },
{ "type": "Feature", "properties": { "Borough": "BK", "Block": 6418, "Lot": 1, "CD": 310, "BCT2020": "3015400", "BCTCB2020": "30154001000", "CT2010": "154", "CB2010": "1000", "SchoolDist": "20", "Council": 50, "ZipCode": 11228, "FireComp": "E242", "PolicePrct": 68, "HealthCent": 31, "HealthArea": 7820, "Sanitboro": "3", "SanitDistr": "10", "SanitSub": "3E", "Address": "9001 7 AVENUE", "ZoneDist1": "PARK", "ZoneDist2": null, "ZoneDist3": null, "ZoneDist4": null, "Overlay1": null, "Overlay2": null, "SPDist1": null, "SPDist2": null, "SPDist3": null, "LtdHeight": null, "SplitZone": "N", "BldgClass": "Q1", "LandUse": "09", "Easements": 0, "OwnerType": "C", "OwnerName": "NYC DEPARTMENT OF PARKS AND RECREATION", "LotArea": 10490000, "BldgArea": 16570, "ComArea": 16570, "ResArea": 0, "OfficeArea": 0, "RetailArea": 0, "GarageArea": 0, "StrgeArea": 0, "FactryArea": 0, "OtherArea": 16570, "AreaSource": "2", "NumBldgs": 12, "NumFloors": 1.0, "UnitsRes": 0, "UnitsTotal": 2, "LotFront": 999.92, "LotDepth": 942.33, "BldgFront": 123.0, "BldgDepth": 90.0, "Ext": "N", "ProxCode": "0", "IrrLotCode": "Y", "LotType": "5", "BsmtCode": "0", "AssessLand": 20587500.0, "AssessTot": 24539400.0, "ExemptTot": 24539400.0, "YearBuilt": 1925, "YearAlter1": 0, "YearAlter2": 0, "HistDist": null, "Landmark": "INDIVIDUAL LANDMARK", "BuiltFAR": 0.0, "ResidFAR": 0.0, "CommFAR": 0.0, "FacilFAR": 0.0, "BoroCode": 3, "BBL": 3064180001.0, "CondoNo": 0, "Tract2010": "0154", "XCoord": 978850, "YCoord": 161532, "ZoneMap": "22b", "ZMCode": "Y", "Sanborn": "311 059", "TaxMap": "31908", "EDesigNum": null, "APPBBL": 0.0, "APPDate": null, "PLUTOMapID": "1", "FIRM07_FLA": "1", "PFIRM15_FL": "1", "Version": "25v4", "DCPEdited": "t", "Latitude": 40.6100427, "Longitude": -74.0194486, "Notes": null, "Shape_Leng": 0.0, "Shape_Area": 10026362.5011 }, "geometry": { "type": "MultiPolygon", "coordinates": [ [ [ [ -74.019518230931354, 40.602840574079792 ], [ -74.019524417994177, 40.602845288527362 ], [ -74.019537869923951, 40.602855536867331 ], [ -74.019551320401902, 40.602864927928309 ], [ -74.019563652047324, 40.602874320935037 ], [ -74.019575979938494, 40.602882861178848 ], [ -74.019596157963662, 40.602896525022004 ], [ -74.019611848654122, 40.602905917452105 ], [ -74.01962754069578, 40.602916166322423 ], [ -74.019640991908219, 40.602923850847084 ], [ -74.01966228574301, 40.602934952440613 ], [ -74.019682463551604, 40.602947760747398 ], [ -74.019693673232382, 40.602954591045574 ], [ -74.019704881109732, 40.602963132387977 ], [ -74.019728419567272, 40.602977648393889 ], [ -74.019750835643222, 40.602987894258035 ], [ -74.019769889522237, 40.602995578729107 ], [ -74.019781099218278, 40.603002409103823 ], [ -74.019794550263001, 40.603013512016247 ], [ -74.019803518826208, 40.603024613855808 ], [ -74.019809126190168, 40.603036571792586 ], [ -74.019811370299095, 40.603050236831912 ], [ -74.019818095702078, 40.603055362366796 ], [ -74.01983378600103, 40.603055359672496 ], [ -74.019856197385494, 40.60305364753826 ], [ -74.019871886926282, 40.603051081954369 ], [ -74.019887576213833, 40.603047662687395 ], [ -74.019901025123758, 40.603051076935486 ], [ -74.019911112130146, 40.603057052804843 ], [ -74.019918961012763, 40.603065592947836 ], [ -74.019927927527164, 40.603074133735028 ], [ -74.019940258507162, 40.603080963815579 ], [ -74.019951465425308, 40.603086088568567 ], [ -74.01996715781388, 40.603097189233196 ], [ -74.019978370082157, 40.603112561001261 ], [ -74.019986217771233, 40.603121101976178 ], [ -74.019997426922288, 40.603129641448277 ], [ -74.020011996104742, 40.603138180420679 ], [ -74.020025448359732, 40.603145012139208 ], [ -74.020044500963266, 40.60315184104379 ], [ -74.02006243462175, 40.603158672899959 ], [ -74.020078125628345, 40.603164649622165 ], [ -74.020089335384768, 40.60317148172318 ], [ -74.020105027051301, 40.60318001948459 ], [ -74.020120717191233, 40.603183433316651 ], [ -74.020140888585885, 40.60318599092615 ], [ -74.020159942751107, 40.603190259687153 ], [ -74.020173392544976, 40.60319281930213 ], [ -74.020189082545926, 40.603195381200329 ], [ -74.020205893509527, 40.603201355031402 ], [ -74.02022270579603, 40.603207332457728 ], [ -74.020237276413738, 40.603212454752075 ], [ -74.020247362447719, 40.603215014947992 ], [ -74.020261934276462, 40.60322013816041 ], [ -74.020277623850589, 40.603225259416909 ], [ -74.020293315296598, 40.603232943471667 ], [ -74.020310128953597, 40.603239774565942 ], [ -74.0203258190501, 40.603246604934192 ], [ -74.020340391151549, 40.603252582737703 ], [ -74.020353840529978, 40.603257703458389 ], [ -74.020367288557537, 40.603261973173268 ], [ -74.020381860405692, 40.603267096370466 ], [ -74.020395310741137, 40.603271365161561 ], [ -74.020409880178548, 40.603276486514133 ], [ -74.02043789954935, 40.60328416928909 ], [ -74.020470402320555, 40.603294414146738 ], [ -74.020493938034306, 40.603302950547629 ], [ -74.020516355710285, 40.603309779696666 ], [ -74.020534287991353, 40.603315755958263 ], [ -74.02055221975175, 40.603320021255939 ], [ -74.020567910318562, 40.603324290549416 ], [ -74.020585842085666, 40.603328557599568 ], [ -74.020602653913812, 40.603332826687016 ], [ -74.020622828461043, 40.603337946092026 ], [ -74.020645244321969, 40.603343069694461 ], [ -74.02066429625944, 40.603347337452156 ], [ -74.020686709556557, 40.603351601844096 ], [ -74.020708004849297, 40.603355016431649 ], [ -74.020725936107794, 40.603357575177967 ], [ -74.020744987791275, 40.60336098832127 ], [ -74.020767403139928, 40.603364400938766 ], [ -74.020784213518866, 40.603367813558656 ], [ -74.020803267249008, 40.603370373010918 ], [ -74.02082119945706, 40.603372078981344 ], [ -74.020835769099392, 40.603373784634556 ], [ -74.020851457959935, 40.603376342844641 ], [ -74.020868270386657, 40.60337890361108 ], [ -74.020882839089523, 40.603381463860885 ], [ -74.02090301257617, 40.603386585057116 ], [ -74.020927670048493, 40.603392559119243 ], [ -74.020946723756467, 40.603398534275563 ], [ -74.020961293939564, 40.603401948196158 ], [ -74.020981467062782, 40.603406216619099 ], [ -74.020996036417074, 40.603410485972859 ], [ -74.021008365561528, 40.603414753139724 ], [ -74.02102853933448, 40.603420727994866 ], [ -74.02105095525144, 40.603425847920263 ], [ -74.021070008603402, 40.603430971049207 ], [ -74.0210868204897, 40.60343523914576 ], [ -74.021103630791188, 40.603438651802712 ], [ -74.02112268399263, 40.603442920320546 ], [ -74.021137253926128, 40.603445479701577 ], [ -74.021153504342038, 40.603449320129933 ], [ -74.021167514922794, 40.603454015569177 ], [ -74.021184325206889, 40.603453158804243 ], [ -74.02121122122027, 40.603454007545849 ], [ -74.021239240077932, 40.603455708835497 ], [ -74.021265015212506, 40.603457414213381 ], [ -74.021287430351535, 40.603459972046004 ], [ -74.021308724231517, 40.603462531000041 ], [ -74.021331138276381, 40.603465087987992 ], [ -74.021352432160228, 40.603467648691669 ], [ -74.021374846750561, 40.603471913032983 ], [ -74.021392779815116, 40.603476182633614 ], [ -74.021410712056777, 40.6034813023997 ], [ -74.021430885232675, 40.603485570743793 ], [ -74.021448818033363, 40.603488983976888 ], [ -74.021464508424671, 40.603492398545626 ], [ -74.021482440019412, 40.603495809934806 ], [ -74.021504854901337, 40.603500931529666 ], [ -74.021523908035448, 40.603505197386959 ], [ -74.021542960074115, 40.60350946675679 ], [ -74.021560894093867, 40.603512879137156 ], [ -74.021577702958808, 40.603515439716745 ], [ -74.021593394297142, 40.603517997908902 ], [ -74.021607963717273, 40.603518850703423 ], [ -74.021624774998756, 40.603521407679033 ], [ -74.0216427046891, 40.603522258919412 ], [ -74.02166400008646, 40.603525672409759 ], [ -74.021679689837029, 40.603527377747092 ], [ -74.021698743646368, 40.603529935209451 ], [ -74.021715553838305, 40.603532496772509 ], [ -74.02173124386708, 40.60353505486232 ], [ -74.021750296583889, 40.603537614157851 ], [ -74.021768229415159, 40.603541028262526 ], [ -74.021783919447984, 40.603543586430241 ], [ -74.02180297272281, 40.603547854835334 ], [ -74.02182650675779, 40.603550413271577 ], [ -74.021847800798582, 40.603552971289425 ], [ -74.021867974120383, 40.603553820229727 ], [ -74.021884784866401, 40.603554672565757 ], [ -74.021899352271205, 40.603556378084598 ], [ -74.021920648621148, 40.603558936006067 ], [ -74.021945302828243, 40.603561494205223 ], [ -74.021966595668459, 40.603564053037616 ], [ -74.021990130924323, 40.603566611440115 ], [ -74.02201590991227, 40.603569166731994 ], [ -74.022039443513421, 40.60357001675888 ], [ -74.022052891969437, 40.603571724312154 ], [ -74.022067461686731, 40.603573429810574 ], [ -74.022083151568111, 40.60357513333507 ], [ -74.022110049410671, 40.603577691069546 ], [ -74.022134704558354, 40.603579395461864 ], [ -74.022158239544709, 40.60358109922894 ], [ -74.022177293106722, 40.603582803934906 ], [ -74.022196343801809, 40.603582800272427 ], [ -74.022215394778669, 40.603583650287696 ], [ -74.022229964785254, 40.603586211202902 ], [ -74.022244533301048, 40.603587915842773 ], [ -74.022260224964569, 40.603591328461185 ], [ -74.022280397945323, 40.603594742973968 ], [ -74.022307296477109, 40.603599007104059 ], [ -74.022336435937632, 40.603602418953365 ], [ -74.022359971505097, 40.60360583188119 ], [ -74.02237230002919, 40.603607536855108 ], [ -74.022386868555259, 40.603609242312004 ], [ -74.022417128188565, 40.603612653003431 ], [ -74.022433939526991, 40.6036152117847 ], [ -74.022461958987591, 40.603622040385389 ], [ -74.022486616050344, 40.603629724151823 ], [ -74.022509031053872, 40.603634844713227 ], [ -74.022534807672159, 40.603637400726853 ], [ -74.022558343085208, 40.60363995809162 ], [ -74.022580758620322, 40.603643371193201 ], [ -74.022594206293945, 40.603645931445499 ], [ -74.022617744303403, 40.603649341643568 ], [ -74.022639037375257, 40.603652755790129 ], [ -74.022660332053292, 40.603657021940741 ], [ -74.022680505937174, 40.603662996506017 ], [ -74.022700680854427, 40.603668119228075 ], [ -74.022716370666615, 40.603669824422603 ], [ -74.022733180642803, 40.603671527555449 ], [ -74.022753353671646, 40.60367494106513 ], [ -74.022767925792479, 40.60368006303851 ], [ -74.022785857904339, 40.603684331585704 ], [ -74.022800429401343, 40.603691161838441 ], [ -74.022811637449578, 40.603695429033465 ], [ -74.022825084271474, 40.603695426374479 ], [ -74.022837412184018, 40.603692007369858 ], [ -74.022855341340957, 40.603684317844518 ], [ -74.022872149809203, 40.603678335065453 ], [ -74.022890075734551, 40.603671496539768 ], [ -74.02290240480221, 40.60367149409344 ], [ -74.022912492797118, 40.603675764177474 ], [ -74.022924823277179, 40.60368344854043 ], [ -74.022930428702523, 40.60369113607883 ], [ -74.022937714829453, 40.603700955729607 ], [ -74.022953965453326, 40.603701381179484 ], [ -74.022969655944436, 40.603697960571651 ], [ -74.02298310335064, 40.603699667096222 ], [ -74.02300103654089, 40.603707351255046 ], [ -74.023015605214653, 40.603709056633512 ], [ -74.023023454496837, 40.603714178995126 ], [ -74.023036903370794, 40.603720154003149 ], [ -74.023051471646198, 40.603721006532531 ], [ -74.023068282777317, 40.603719294053199 ], [ -74.023082851455698, 40.603721000259497 ], [ -74.023097421232151, 40.603722706546158 ], [ -74.023113111175462, 40.603724411687836 ], [ -74.023129922274862, 40.603726115765006 ], [ -74.02314449113976, 40.60372867480811 ], [ -74.02315906271464, 40.603732089370013 ], [ -74.023188203269541, 40.603738062966315 ], [ -74.023216221864516, 40.603742328498875 ], [ -74.023243119605169, 40.603747447012609 ], [ -74.023268896995987, 40.603751712063662 ], [ -74.023292432957788, 40.603755979401654 ], [ -74.023312606445785, 40.603760244737693 ], [ -74.023329418425732, 40.603767929071843 ], [ -74.023347351397774, 40.603771342930187 ], [ -74.023361921894079, 40.603774754706301 ], [ -74.023376491689689, 40.603776461877743 ], [ -74.023400026777097, 40.60377816539058 ], [ -74.023419078735017, 40.603778161525234 ], [ -74.023432525167721, 40.603777304194146 ], [ -74.023454939915538, 40.603774735835295 ], [ -74.023470628688926, 40.603773026203115 ], [ -74.023487437410012, 40.603771314499326 ], [ -74.023507610318788, 40.6037738732756 ], [ -74.023526664567228, 40.603777285037346 ], [ -74.023544596643745, 40.603781553466256 ], [ -74.023561407566717, 40.603785819360958 ], [ -74.023578218993137, 40.603788379731355 ], [ -74.023596151495525, 40.603790084347494 ], [ -74.023614082379709, 40.603790933439996 ], [ -74.023629771342783, 40.603790077467046 ], [ -74.023647700832043, 40.603790073793689 ], [ -74.023667875455502, 40.603790922417886 ], [ -74.023684684885637, 40.603790918968492 ], [ -74.023702618488741, 40.603792623652907 ], [ -74.023719428713321, 40.603795183917811 ], [ -74.023738481881381, 40.603798595728456 ], [ -74.02375193012476, 40.60379944756184 ], [ -74.023769862222352, 40.603800296629764 ], [ -74.023791154604737, 40.603801147763669 ], [ -74.023811326819256, 40.603801997283298 ], [ -74.023831502961812, 40.603807117965175 ], [ -74.0238494339699, 40.603811385427939 ], [ -74.023869607400258, 40.603815650582511 ], [ -74.02388641956108, 40.603819920109885 ], [ -74.02390098847539, 40.603822479057129 ], [ -74.023923403338429, 40.603823328092496 ], [ -74.023945817789979, 40.603823323442548 ], [ -74.02396038609885, 40.603824174098982 ], [ -74.023976076686338, 40.603824170839339 ], [ -74.023996247398443, 40.60382416664585 ], [ -74.02401530077185, 40.603825017282475 ], [ -74.024035473106665, 40.603825867682851 ], [ -74.02405452678633, 40.603827571995232 ], [ -74.024073578162799, 40.603829277225039 ], [ -74.0240892680455, 40.603830980475763 ], [ -74.024102718119181, 40.603833540549836 ], [ -74.024122890167547, 40.603836952899343 ], [ -74.024143063606658, 40.603837804118271 ], [ -74.024158752990147, 40.603837800833951 ], [ -74.024178925526982, 40.603839503133663 ], [ -74.024197976907971, 40.603841207421432 ], [ -74.024211427887792, 40.603842913802922 ], [ -74.024227116878478, 40.603845473393882 ], [ -74.024239447825309, 40.603850596571462 ], [ -74.024261864884053, 40.603860841555935 ], [ -74.024282040824517, 40.6038719407725 ], [ -74.024292129245836, 40.60387706349632 ], [ -74.024309501015736, 40.603880049561546 ], [ -74.024331355328769, 40.603883035600248 ], [ -74.024353771146608, 40.603886445594505 ], [ -74.024363857130851, 40.603888151748329 ], [ -74.024394117301654, 40.603892417440548 ], [ -74.024413170112098, 40.603894975374693 ], [ -74.024429981596882, 40.603897535620511 ], [ -74.02444903483071, 40.603900948149736 ], [ -74.024467525977371, 40.603905641315848 ], [ -74.024479294627454, 40.603907774026275 ], [ -74.024494985545743, 40.603908625213094 ], [ -74.024514037468307, 40.603912035975377 ], [ -74.0245319702302, 40.603914596804358 ], [ -74.024553264800545, 40.603918008003319 ], [ -74.024576799494739, 40.603921419557473 ], [ -74.024600335287261, 40.603924832026657 ], [ -74.024619389634552, 40.603928243605992 ], [ -74.024636200040035, 40.603930803821889 ], [ -74.024655252870687, 40.603933361715903 ], [ -74.024674304603479, 40.603935918769359 ], [ -74.024691116689667, 40.603936768854588 ], [ -74.024718014462451, 40.603938473132978 ], [ -74.024740428169295, 40.603939322009303 ], [ -74.024762842079781, 40.603941025483621 ], [ -74.024787499734785, 40.603942727633822 ], [ -74.024811032612561, 40.603944431778395 ], [ -74.024831204993561, 40.603945282039163 ], [ -74.024851379103595, 40.603947840495636 ], [ -74.024867069460214, 40.603950399161327 ], [ -74.0248894861097, 40.603952956291366 ], [ -74.024910779394403, 40.603956370100931 ], [ -74.024930951522137, 40.60395978046845 ], [ -74.024950004055967, 40.60396148555148 ], [ -74.024969057907541, 40.603963189712275 ], [ -74.024991472149438, 40.603965747743047 ], [ -74.025017249736408, 40.603970013322218 ], [ -74.025039665826725, 40.603974277785092 ], [ -74.025063200566265, 40.603977691079869 ], [ -74.02508449628111, 40.603981102096441 ], [ -74.025106910392665, 40.603986222151626 ], [ -74.025130448082052, 40.603991341873886 ], [ -74.025157344861, 40.603996460860124 ], [ -74.025182003507936, 40.604000725726287 ], [ -74.025206661589436, 40.604006698953135 ], [ -74.02522907539894, 40.604010966056137 ], [ -74.025250369469845, 40.604016085409526 ], [ -74.025269424198171, 40.604020353323655 ], [ -74.025291840078211, 40.604027180621955 ], [ -74.025308653589278, 40.60403144718078 ], [ -74.025322118142554, 40.604032585701681 ], [ -74.024643958832257, 40.604716962965824 ], [ -74.024259659814618, 40.605104777023769 ], [ -74.024055528694575, 40.605109248462895 ], [ -74.023685451728241, 40.605099768711234 ], [ -74.0234652372162, 40.605083306300877 ], [ -74.023256229730251, 40.605060099856331 ], [ -74.022982608536168, 40.605018290415977 ], [ -74.02268609510071, 40.604957827745203 ], [ -74.02240202768489, 40.604884332382653 ], [ -74.021994802195678, 40.604769356594431 ], [ -74.021585820772685, 40.604652825430776 ], [ -74.021086931618044, 40.604510671396021 ], [ -74.020372965793484, 40.605929892709952 ], [ -74.022278526713507, 40.607103943355256 ], [ -74.021712360228506, 40.607675234914417 ], [ -74.021700615600679, 40.607687086169427 ], [ -74.021632240654299, 40.607756077984142 ], [ -74.024307834946924, 40.609277338970827 ], [ -74.024410072771261, 40.609336587802808 ], [ -74.02445918806238, 40.609373437522748 ], [ -74.024501215299154, 40.60942144974085 ], [ -74.024530834076259, 40.609455004045671 ], [ -74.024559008283575, 40.609490206528044 ], [ -74.024579640333343, 40.609522327353716 ], [ -74.02460715065348, 40.609538289437857 ], [ -74.02468738513403, 40.609584846343473 ], [ -74.021084539525418, 40.618181648116675 ], [ -74.011979522969057, 40.612690392138013 ], [ -74.017149512020808, 40.607632117358555 ], [ -74.016325962869217, 40.607146505933507 ], [ -74.015723254880498, 40.60682730287278 ], [ -74.018618021839927, 40.603945282739886 ], [ -74.018478393528014, 40.603866459128213 ], [ -74.019228755634273, 40.603126469985995 ], [ -74.019518230931354, 40.602840574079792 ] ] ] ] } },
{ "type": "Feature", "properties": { "Borough": "BK", "Block": 6484, "Lot": 2, "CD": 311, "BCT2020": "3017600", "BCTCB2020": "30176000001", "CT2010": "176", "CB2010": "0001", "SchoolDist": null, "Council": 47, "ZipCode": 0, "FireComp": null, "PolicePrct": 0, "HealthCent": 0, "HealthArea": 0, "Sanitboro": null, "SanitDistr": null, "SanitSub": null, "Address": "SHORE PARKWAY", "ZoneDist1": "PARK", "ZoneDist2": null, "ZoneDist3": null, "ZoneDist4": null, "Overlay1": null, "Overlay2": null, "SPDist1": null, "SPDist2": null, "SPDist3": null, "LtdHeight": null, "SplitZone": "N", "BldgClass": "Q0", "LandUse": "09", "Easements": 0, "OwnerType": "C", "OwnerName": "NYC DEPARTMENT OF PARKS AND RECREATION", "LotArea": 398254, "BldgArea": 0, "ComArea": 0, "ResArea": 0, "OfficeArea": 0, "RetailArea": 0, "GarageArea": 0, "StrgeArea": 0, "FactryArea": 0, "OtherArea": 0, "AreaSource": "7", "NumBldgs": 0, "NumFloors": 0.0, "UnitsRes": 0, "UnitsTotal": 0, "LotFront": 518.0, "LotDepth": 768.83, "BldgFront": 0.0, "BldgDepth": 0.0, "Ext": "N", "ProxCode": "0", "IrrLotCode": "Y", "LotType": "5", "BsmtCode": "0", "AssessLand": 12780450.0, "AssessTot": 12780450.0, "ExemptTot": 12780450.0, "YearBuilt": 0, "YearAlter1": 0, "YearAlter2": 0, "HistDist": null, "Landmark": "INDIVIDUAL LANDMARK", "BuiltFAR": 0.0, "ResidFAR": 0.0, "CommFAR": 0.0, "FacilFAR": 0.0, "BoroCode": 3, "BBL": 3064840002.0, "CondoNo": 0, "Tract2010": "0176", "XCoord": 981019, "YCoord": 157495, "ZoneMap": "28a", "ZMCode": null, "Sanborn": "312 001", "TaxMap": "31908", "EDesigNum": null, "APPBBL": 0.0, "APPDate": null, "PLUTOMapID": "1", "FIRM07_FLA": "1", "PFIRM15_FL": "1", "Version": "25v4", "DCPEdited": "t", "Latitude": 40.598963, "Longitude": -74.0116348, "Notes": null, "Shape_Leng": 0.0, "Shape_Area": 140357.66177499999 }, "geometry": { "type": "MultiPolygon", "coordinates": [ [ [ [ -74.011057335877169, 40.60078780712027 ], [ -74.011195256084093, 40.600853635168072 ], [ -74.011275948921124, 40.600890358724264 ], [ -74.011398107705588, 40.600941594495829 ], [ -74.011792602116444, 40.601108117036915 ], [ -74.011970795852392, 40.601184118880688 ], [ -74.012050367988365, 40.601219130128712 ], [ -74.012092956958568, 40.601236210354557 ], [ -74.012203907597126, 40.60127634389945 ], [ -74.012267789007751, 40.601299399507425 ], [ -74.012282357276263, 40.601303882549139 ], [ -74.012289705742674, 40.601308603202298 ], [ -74.012291326196006, 40.601319043641851 ], [ -74.012287965591526, 40.6013292936955 ], [ -74.01228138382443, 40.601343386659991 ], [ -74.01228311630976, 40.601358476488699 ], [ -74.012289651928725, 40.601363459254948 ], [ -74.012429181246532, 40.601409569913315 ], [ -74.012440014854533, 40.601413341044086 ], [ -74.012448234050922, 40.601411276149136 ], [ -74.012453834405861, 40.60140615069762 ], [ -74.012459437174428, 40.601401026166954 ], [ -74.012475823349007, 40.601383973951393 ], [ -74.012490812269462, 40.60138137431224 ], [ -74.012517708940749, 40.601384362052137 ], [ -74.012527794324015, 40.601386496084167 ], [ -74.012547968092164, 40.601393328870095 ], [ -74.012653314961824, 40.601430899703971 ], [ -74.012778834637103, 40.60146932281652 ], [ -74.013024269929829, 40.601542753615909 ], [ -74.013152034413537, 40.601585447236239 ], [ -74.013384025061853, 40.60166912941181 ], [ -74.013475925332386, 40.601700719840068 ], [ -74.013641791952935, 40.601755368288799 ], [ -74.013669810598586, 40.601766470200225 ], [ -74.013684380399383, 40.601771591568735 ], [ -74.013700071781884, 40.601778423762497 ], [ -74.013714640205905, 40.60178269320275 ], [ -74.013734813007488, 40.601789523938962 ], [ -74.013750502670945, 40.601793793242813 ], [ -74.013776279572241, 40.601802330668725 ], [ -74.013791970272635, 40.601805746284505 ], [ -74.013818867434495, 40.601810013404467 ], [ -74.013837918322352, 40.601813428528715 ], [ -74.013855851161622, 40.601821113277715 ], [ -74.013870421273822, 40.601827089139924 ], [ -74.013883868838391, 40.601833067896649 ], [ -74.013896197764964, 40.601839901387329 ], [ -74.013916372336965, 40.601849294055882 ], [ -74.013934302780555, 40.601856978792917 ], [ -74.013951115263126, 40.601862956216266 ], [ -74.013969046501785, 40.601868077979482 ], [ -74.013983614962726, 40.601872348305719 ], [ -74.014003787287905, 40.601876616112861 ], [ -74.014021720307639, 40.601879177743449 ], [ -74.01404077076235, 40.60188088371568 ], [ -74.014057581274486, 40.601882588199288 ], [ -74.014077754528827, 40.601886003147371 ], [ -74.014097927110399, 40.601891978382419 ], [ -74.014115858188489, 40.601896248283282 ], [ -74.014129306461655, 40.601899662285184 ], [ -74.014143875969751, 40.601903077989888 ], [ -74.014158446865181, 40.601907346454809 ], [ -74.014177498158418, 40.601912470808699 ], [ -74.014203274621423, 40.601918445338164 ], [ -74.014217842750469, 40.601921006432555 ], [ -74.014232410988598, 40.601923566605002 ], [ -74.014259310820833, 40.601928689059072 ], [ -74.014280602070883, 40.601933812200876 ], [ -74.014303017083364, 40.601938932438131 ], [ -74.01432094825816, 40.601944055986685 ], [ -74.014338879728484, 40.60195003321472 ], [ -74.014356811091716, 40.60195600868223 ], [ -74.014374743845792, 40.601962840505607 ], [ -74.014396038005074, 40.601969670067589 ], [ -74.014421813303102, 40.601975647226027 ], [ -74.014434142676322, 40.6019790622532 ], [ -74.014454316452671, 40.601984185501017 ], [ -74.014471126234696, 40.601988451888673 ], [ -74.014490178599104, 40.601992722425827 ], [ -74.014510351066619, 40.601997844828958 ], [ -74.014530524744188, 40.602002966223196 ], [ -74.014548454672351, 40.602007235135325 ], [ -74.014567506936572, 40.602011502983174 ], [ -74.014586560520499, 40.602015771747773 ], [ -74.014610094664874, 40.602022602827695 ], [ -74.014639234916643, 40.602028576834321 ], [ -74.014653801151169, 40.60203284791357 ], [ -74.014695269603905, 40.602042235988364 ], [ -74.014709837965057, 40.602045652541619 ], [ -74.01472440764438, 40.602049067252629 ], [ -74.014747942833438, 40.60205504370311 ], [ -74.01477372031475, 40.602060164423506 ], [ -74.014800615709817, 40.602066139512395 ], [ -74.014815185211205, 40.602068701451039 ], [ -74.014829755810595, 40.602071261547508 ], [ -74.01484768529059, 40.602073821209487 ], [ -74.014866737515334, 40.60207723716826 ], [ -74.014883548178034, 40.602079796048436 ], [ -74.014900357931566, 40.602083209528665 ], [ -74.014916048567073, 40.602085772230147 ], [ -74.014930616948405, 40.602089185995084 ], [ -74.014941825053057, 40.60209174651024 ], [ -74.014964238962619, 40.60209686938034 ], [ -74.014993378151487, 40.602103699656183 ], [ -74.015011309343009, 40.602107966738203 ], [ -74.015025877734459, 40.602111382332602 ], [ -74.015039327304365, 40.602114795307806 ], [ -74.015053895808848, 40.60211821181742 ], [ -74.015067345381979, 40.60212162663084 ], [ -74.015084157651145, 40.602125896526474 ], [ -74.015102086439867, 40.60213016267457 ], [ -74.015120019761042, 40.602133578652449 ], [ -74.015137949571653, 40.602136991115131 ], [ -74.015157004023393, 40.602140405183981 ], [ -74.015173813806541, 40.602143820464427 ], [ -74.015198469210958, 40.60214979667564 ], [ -74.015224246132618, 40.602157481936068 ], [ -74.01523993589295, 40.602160896434242 ], [ -74.015255624337399, 40.602164309088955 ], [ -74.015265712245593, 40.602166016960751 ], [ -74.015279159532625, 40.602169429993253 ], [ -74.015293730172161, 40.602171991869795 ], [ -74.015308298591791, 40.602175406506973 ], [ -74.015330713460557, 40.602179673782999 ], [ -74.015344161961636, 40.602183090405688 ], [ -74.015359852638483, 40.602185649364884 ], [ -74.01538002585454, 40.602188209567124 ], [ -74.015397955302419, 40.602189916382407 ], [ -74.015420368389513, 40.602191621678074 ], [ -74.015437178820036, 40.602192473115338 ], [ -74.015458471876343, 40.602194178551855 ], [ -74.015485368823278, 40.602195883235126 ], [ -74.015512263355504, 40.602197587911135 ], [ -74.015538040555697, 40.60220100101445 ], [ -74.015564937088087, 40.602206123164777 ], [ -74.015586230743281, 40.602210389704304 ], [ -74.015604164110556, 40.602213804771651 ], [ -74.015622093966101, 40.602217218913928 ], [ -74.015637783452945, 40.602219778756776 ], [ -74.015654594379853, 40.602223194886861 ], [ -74.015669163947592, 40.602225753956994 ], [ -74.015685973668283, 40.602229168242467 ], [ -74.015703904741244, 40.60223258329323 ], [ -74.015721838118139, 40.602235995663051 ], [ -74.015739769084846, 40.602239410624499 ], [ -74.015756578922506, 40.602242824983392 ], [ -74.015771148588598, 40.602246240398102 ], [ -74.015787959927877, 40.602251362114231 ], [ -74.015803648531886, 40.602254776535645 ], [ -74.015817098369141, 40.602259044942322 ], [ -74.01583166703513, 40.602263315035678 ], [ -74.015859685255805, 40.602270145245512 ], [ -74.01586865195388, 40.602271851376734 ], [ -74.015883220424485, 40.602275265104744 ], [ -74.015898910045479, 40.602277827588438 ], [ -74.015919084718107, 40.60228123961916 ], [ -74.015937015303479, 40.602282945431455 ], [ -74.015957186265055, 40.60228550645283 ], [ -74.015984083758283, 40.602289772982466 ], [ -74.015997533118494, 40.602291479403689 ], [ -74.016025550850486, 40.602296600369634 ], [ -74.01603899889605, 40.60229830678751 ], [ -74.016063653825086, 40.602301720848835 ], [ -74.016083828920401, 40.602306841133995 ], [ -74.016102880271504, 40.60231111140407 ], [ -74.016120811481343, 40.602315378314387 ], [ -74.016134259846027, 40.602317941078567 ], [ -74.01615555216145, 40.602321352913073 ], [ -74.016173485177987, 40.602323058686814 ], [ -74.016195898439662, 40.602324764751408 ], [ -74.016218312206078, 40.602329030934406 ], [ -74.016246329671546, 40.602332445404706 ], [ -74.016259777728266, 40.602334151795446 ], [ -74.016274347027604, 40.602335857107903 ], [ -74.016303486946043, 40.602339269565995 ], [ -74.016318054040127, 40.602341830393136 ], [ -74.016343830653597, 40.602346951599287 ], [ -74.016369607163057, 40.602352073718485 ], [ -74.016384178090846, 40.602355486462564 ], [ -74.016402109231663, 40.602358901404422 ], [ -74.016418918925055, 40.602361460060244 ], [ -74.016435728720353, 40.602364876076287 ], [ -74.016450299446404, 40.602367435967366 ], [ -74.016467109352547, 40.602370850138605 ], [ -74.016491765845004, 40.602375972390007 ], [ -74.016517542484948, 40.602381093557227 ], [ -74.016547801361696, 40.602385358638109 ], [ -74.016571336314684, 40.602388772750956 ], [ -74.016584784392748, 40.60239047910364 ], [ -74.016604957927655, 40.602393892771921 ], [ -74.016620647182705, 40.602394744197248 ], [ -74.016636337535218, 40.60239559470017 ], [ -74.016653146506471, 40.602395592278818 ], [ -74.016673318527651, 40.602397300413507 ], [ -74.01669349043928, 40.602399005783077 ], [ -74.016718146222544, 40.602400710501698 ], [ -74.016738318136106, 40.602402414943306 ], [ -74.01675849147064, 40.60240497582376 ], [ -74.016776422643645, 40.602408389787151 ], [ -74.016789872150525, 40.602410949797957 ], [ -74.016808923363044, 40.602414363593525 ], [ -74.016827975887722, 40.602418631066762 ], [ -74.016847027988703, 40.602421192093644 ], [ -74.016868321049898, 40.602422041831623 ], [ -74.016882890384139, 40.602423747987054 ], [ -74.016901942060215, 40.602424598882614 ], [ -74.016918751361032, 40.602425450103389 ], [ -74.016938923073084, 40.602426301748899 ], [ -74.016960216352132, 40.602428006908561 ], [ -74.016981508211913, 40.602428858382147 ], [ -74.017024095762537, 40.602432269600392 ], [ -74.017036422512646, 40.602433120544283 ], [ -74.01705995717964, 40.602435679956031 ], [ -74.017084613094283, 40.602438240117266 ], [ -74.017109268902004, 40.602439944750714 ], [ -74.017138407374247, 40.602442502396308 ], [ -74.017152975621102, 40.602444209437778 ], [ -74.017179871394816, 40.602445913723471 ], [ -74.017207889727587, 40.602447617835701 ], [ -74.017234785503589, 40.602449320269685 ], [ -74.01725831864951, 40.60245017135761 ], [ -74.017279611727119, 40.602451021939473 ], [ -74.017298663197053, 40.602451019088328 ], [ -74.017313231120568, 40.602451871423369 ], [ -74.017332284347063, 40.602453577769893 ], [ -74.017355817387298, 40.602454427917785 ], [ -74.017379352952617, 40.602455278980578 ], [ -74.017404007016211, 40.602455275268944 ], [ -74.017429783529437, 40.602455271382688 ], [ -74.017452196425197, 40.602455267998835 ], [ -74.017475729354516, 40.602455264441197 ], [ -74.017498141918622, 40.602454406447343 ], [ -74.017513833282024, 40.602454404069441 ], [ -74.017530642376215, 40.602454401519751 ], [ -74.017549693847101, 40.602454398626989 ], [ -74.017565381698873, 40.602454396242571 ], [ -74.017581070647893, 40.602454393855844 ], [ -74.017601243584281, 40.602455245384931 ], [ -74.017622536444762, 40.602455242138525 ], [ -74.017643828210026, 40.602456093490787 ], [ -74.017665122276242, 40.602456090236288 ], [ -74.017685292575706, 40.602456087149925 ], [ -74.017706587740889, 40.60245608388761 ], [ -74.0177290006352, 40.602456080449784 ], [ -74.017758136916058, 40.602454366770623 ], [ -74.017772705379542, 40.602452656247856 ], [ -74.017796238955825, 40.602450943504714 ], [ -74.017816408912225, 40.6024492320295 ], [ -74.017834341551918, 40.602449229262092 ], [ -74.01785227143705, 40.602447520049083 ], [ -74.017872442941098, 40.602447516929665 ], [ -74.017890372941181, 40.602446660472928 ], [ -74.017901579214794, 40.602445804135542 ], [ -74.017919510419006, 40.602444945833859 ], [ -74.01793631905808, 40.602443234941468 ], [ -74.017949767707051, 40.602442379171258 ], [ -74.017965456950279, 40.60243896108652 ], [ -74.017982265247113, 40.602436395586331 ], [ -74.018001315910013, 40.602432974213023 ], [ -74.018015882927571, 40.60243041089872 ], [ -74.018031572621013, 40.602428699246815 ], [ -74.018053985799824, 40.602425278259851 ], [ -74.018073035367166, 40.602422715073885 ], [ -74.018094328167919, 40.602418439653235 ], [ -74.018117861145527, 40.602414165717462 ], [ -74.0181391516345, 40.602409890287554 ], [ -74.018159323184349, 40.602405617791256 ], [ -74.018190698118374, 40.602398779722691 ], [ -74.018211989695075, 40.602394504280426 ], [ -74.018228798597534, 40.602389377700966 ], [ -74.018242245097994, 40.602385103491024 ], [ -74.018256814047547, 40.602380831778611 ], [ -74.018273621625795, 40.602375704271402 ], [ -74.018292670584273, 40.60237057548791 ], [ -74.018313962379622, 40.602367155547931 ], [ -74.018330773866182, 40.602367152880838 ], [ -74.018347582830231, 40.602367150211649 ], [ -74.018365513841431, 40.602369709326098 ], [ -74.01838792729815, 40.602372270484466 ], [ -74.018412584911616, 40.602376535882456 ], [ -74.018432757204707, 40.602379094627743 ], [ -74.018447325830152, 40.60238250978729 ], [ -74.018463016904789, 40.602385922089013 ], [ -74.018478706884764, 40.602389337985393 ], [ -74.018494396755685, 40.602392751119368 ], [ -74.018514571093064, 40.602398728255828 ], [ -74.01852914104353, 40.602402141564596 ], [ -74.018548192703093, 40.602407265195566 ], [ -74.018566124438436, 40.602412386241824 ], [ -74.01858181599934, 40.602417508565843 ], [ -74.018596387290415, 40.602421776550756 ], [ -74.018613197917489, 40.602427752372634 ], [ -74.018627767144537, 40.602432874871276 ], [ -74.018644577651472, 40.602437998847762 ], [ -74.018659149187357, 40.602443120421938 ], [ -74.018673718075092, 40.602447390153884 ], [ -74.018688287934182, 40.602450802606135 ], [ -74.01870509965913, 40.60245592648981 ], [ -74.0187286353475, 40.602461902124105 ], [ -74.018755533802121, 40.602468731809878 ], [ -74.018773464124394, 40.60247299738657 ], [ -74.018789156684861, 40.602477266921206 ], [ -74.018804845256781, 40.602479826331979 ], [ -74.018818293646618, 40.602482385184288 ], [ -74.018835103941754, 40.602486654531816 ], [ -74.01885191630592, 40.602490068354001 ], [ -74.018869847739808, 40.602494336591981 ], [ -74.018885538004511, 40.602498603437304 ], [ -74.018906833412601, 40.602503726640556 ], [ -74.01892028060567, 40.602506285482441 ], [ -74.01893485169812, 40.602509700579802 ], [ -74.018955024291785, 40.602513113835869 ], [ -74.018974075774764, 40.602517381873739 ], [ -74.018993129433397, 40.602520794386884 ], [ -74.019012181029453, 40.602525063338526 ], [ -74.019031233726167, 40.602529329610306 ], [ -74.019052526609102, 40.602533598102077 ], [ -74.019064856192031, 40.602536158951665 ], [ -74.01907830508901, 40.602540427897154 ], [ -74.01909287558297, 40.60254554858021 ], [ -74.019108566249216, 40.602551526355015 ], [ -74.01912313602601, 40.602558357074258 ], [ -74.019141071606214, 40.602568602961711 ], [ -74.019154520763962, 40.602577995827232 ], [ -74.019169092377865, 40.602587390343729 ], [ -74.019181423064865, 40.602597639833071 ], [ -74.019194874414325, 40.602610448421444 ], [ -74.01920496347276, 40.602619843679761 ], [ -74.01921841373418, 40.602632653101871 ], [ -74.019229624775775, 40.602644609298075 ], [ -74.01923971312462, 40.602655711915467 ], [ -74.019248681681844, 40.602667668399661 ], [ -74.019255409186428, 40.602676209612731 ], [ -74.019265496188396, 40.602682185622577 ], [ -74.019284549206176, 40.60269157845778 ], [ -74.019299121335976, 40.602698409152985 ], [ -74.019310330934545, 40.602705241330121 ], [ -74.019321538230699, 40.602712072670236 ], [ -74.019345077725944, 40.60272659051239 ], [ -74.01936525445069, 40.602740252472415 ], [ -74.019375341716199, 40.602747083073702 ], [ -74.019393276427266, 40.602758187038489 ], [ -74.019401120849054, 40.602764164333166 ], [ -74.019414572249104, 40.602772702565353 ], [ -74.019431386080953, 40.602784657799589 ], [ -74.019447076612082, 40.602794050253529 ], [ -74.019462770769707, 40.602803444543639 ], [ -74.019478461666878, 40.602813692514445 ], [ -74.019494153418634, 40.602823084961756 ], [ -74.01950984698658, 40.602834185771194 ], [ -74.019518230931354, 40.602840574079792 ], [ -74.019228755634273, 40.603126469985995 ], [ -74.01213108298667, 40.601433896818385 ], [ -74.011057335877169, 40.60078780712027 ] ] ] ] } }
]
}
