{
"type": "FeatureCollection",
"name": "pluto_Sunnyside_Yards_(North)",
"crs": { "type": "name", "properties": { "name": "urn:ogc:def:crs:OGC:1.3:CRS84" } },
"features": [
{ "type": "Feature", "properties": { "Borough": "QN", "Block": 120, "Lot": 1, "CD": 401, "BCT2020": "4017102", "BCTCB2020": "40171021000", "CT2010": "171", "CB2010": "1000", "SchoolDist": "30", "Council": 26, "ZipCode": 11101, "FireComp": "L163", "PolicePrct": 114, "HealthCent": 41, "HealthArea": 720, "Sanitboro": "4", "SanitDistr": "01", "SanitSub": "5C", "Address": "48-18 48 STREET", "ZoneDist1": "M1-1", "ZoneDist2": null, "ZoneDist3": null, "ZoneDist4": null, "Overlay1": null, "Overlay2": null, "SPDist1": null, "SPDist2": null, "SPDist3": null, "LtdHeight": null, "SplitZone": "N", "BldgClass": "K6", "LandUse": "05", "Easements": 0, "OwnerType": null, "OwnerName": "NORTHERN BLVD. 4818, LLC", "LotArea": 12500, "BldgArea": 5000, "ComArea": 5000, "ResArea": 0, "OfficeArea": 0, "RetailArea": 5000, "GarageArea": 0, "StrgeArea": 0, "FactryArea": 0, "OtherArea": 0, "AreaSource": "2", "NumBldgs": 1, "NumFloors": 1.0, "UnitsRes": 0, "UnitsTotal": 1, "LotFront": 54.0, "LotDepth": 270.0, "BldgFront": 39.0, "BldgDepth": 200.0, "Ext": "N", "ProxCode": "1", "IrrLotCode": "Y", "LotType": "3", "BsmtCode": "0", "AssessLand": 981000.0, "AssessTot": 1294200.0, "ExemptTot": 0.0, "YearBuilt": 1997, "YearAlter1": 0, "YearAlter2": 0, "HistDist": null, "Landmark": null, "BuiltFAR": 0.4, "ResidFAR": 0.0, "CommFAR": 1.0, "FacilFAR": 2.4, "BoroCode": 4, "BBL": 4001200001.0, "CondoNo": 0, "Tract2010": "0171", "XCoord": 1007921, "YCoord": 213046, "ZoneMap": "9b", "ZMCode": null, "Sanborn": "401 094", "TaxMap": "40201", "EDesigNum": null, "APPBBL": 4001200001.0, "APPDate": "09/23/2002", "PLUTOMapID": "1", "FIRM07_FLA": null, "PFIRM15_FL": null, "Version": "25v4", "DCPEdited": null, "Latitude": 40.7514069, "Longitude": -73.9145658, "Notes": null, "Shape_Leng": 0.0, "Shape_Area": 11803.6732732 }, "geometry": { "type": "MultiPolygon", "coordinates": [ [ [ [ -73.914060320903275, 40.751539420304965 ], [ -73.914041884410196, 40.751441884185354 ], [ -73.915036574216103, 40.751263238548681 ], [ -73.915006940875003, 40.751408423502966 ], [ -73.914060320903275, 40.751539420304965 ] ] ] ] } },
{ "type": "Feature", "properties": { "Borough": "QN", "Block": 120, "Lot": 28, "CD": 401, "BCT2020": "4017102", "BCTCB2020": "40171021000", "CT2010": "171", "CB2010": "1000", "SchoolDist": "30", "Council": 26, "ZipCode": 11101, "FireComp": "L163", "PolicePrct": 114, "HealthCent": 41, "HealthArea": 720, "Sanitboro": "4", "SanitDistr": "01", "SanitSub": "5C", "Address": "50-30 NORTHERN BOULEVARD", "ZoneDist1": "M1-1", "ZoneDist2": null, "ZoneDist3": null, "ZoneDist4": null, "Overlay1": null, "Overlay2": null, "SPDist1": null, "SPDist2": null, "SPDist3": null, "LtdHeight": null, "SplitZone": "N", "BldgClass": "G8", "LandUse": "05", "Easements": 0, "OwnerType": null, "OwnerName": "50-30 NORTHERN BOULE", "LotArea": 63132, "BldgArea": 60485, "ComArea": 60485, "ResArea": 0, "OfficeArea": 0, "RetailArea": 9590, "GarageArea": 50895, "StrgeArea": 0, "FactryArea": 0, "OtherArea": 0, "AreaSource": "2", "NumBldgs": 1, "NumFloors": 1.0, "UnitsRes": 0, "UnitsTotal": 1, "LotFront": 163.0, "LotDepth": 418.0, "BldgFront": 158.0, "BldgDepth": 418.0, "Ext": "N", "ProxCode": "0", "IrrLotCode": "Y", "LotType": "5", "BsmtCode": "0", "AssessLand": 1282500.0, "AssessTot": 2971350.0, "ExemptTot": 0.0, "YearBuilt": 1960, "YearAlter1": 1972, "YearAlter2": 2006, "HistDist": null, "Landmark": null, "BuiltFAR": 0.96, "ResidFAR": 0.0, "CommFAR": 1.0, "FacilFAR": 2.4, "BoroCode": 4, "BBL": 4001200027.9999995, "CondoNo": 0, "Tract2010": "0171", "XCoord": 1008801, "YCoord": 213415, "ZoneMap": "9d", "ZMCode": null, "Sanborn": "401 094", "TaxMap": "40201", "EDesigNum": null, "APPBBL": 0.0, "APPDate": null, "PLUTOMapID": "1", "FIRM07_FLA": null, "PFIRM15_FL": null, "Version": "25v4", "DCPEdited": null, "Latitude": 40.7524173, "Longitude": -73.9113883, "Notes": null, "Shape_Leng": 0.0, "Shape_Area": 64628.759541500003 }, "geometry": { "type": "MultiPolygon", "coordinates": [ [ [ [ -73.910945518126937, 40.752890166391666 ], [ -73.911056783353871, 40.752472789708925 ], [ -73.911198268293958, 40.751942064121408 ], [ -73.911836525820803, 40.751854104481339 ], [ -73.91153406101084, 40.752988739046557 ], [ -73.910945518126937, 40.752890166391666 ] ] ] ] } },
{ "type": "Feature", "properties": { "Borough": "QN", "Block": 142, "Lot": 150, "CD": 401, "BCT2020": "4017102", "BCTCB2020": "40171021005", "CT2010": "171", "CB2010": "1017", "SchoolDist": "30", "Council": 26, "ZipCode": 11101, "FireComp": "L163", "PolicePrct": 114, "HealthCent": 41, "HealthArea": 720, "Sanitboro": "4", "SanitDistr": "01", "SanitSub": "5C", "Address": "45-02 37 AVENUE", "ZoneDist1": "M1-1", "ZoneDist2": null, "ZoneDist3": null, "ZoneDist4": null, "Overlay1": null, "Overlay2": null, "SPDist1": null, "SPDist2": null, "SPDist3": null, "LtdHeight": null, "SplitZone": "N", "BldgClass": "V1", "LandUse": "11", "Easements": 0, "OwnerType": null, "OwnerName": "UNAVAILABLE OWNER", "LotArea": 1441, "BldgArea": 0, "ComArea": 0, "ResArea": 0, "OfficeArea": 0, "RetailArea": 0, "GarageArea": 0, "StrgeArea": 0, "FactryArea": 0, "OtherArea": 0, "AreaSource": "7", "NumBldgs": 0, "NumFloors": 0.0, "UnitsRes": 0, "UnitsTotal": 0, "LotFront": 889.0, "LotDepth": 1.62, "BldgFront": 0.0, "BldgDepth": 0.0, "Ext": null, "ProxCode": "0", "IrrLotCode": "N", "LotType": "5", "BsmtCode": "5", "AssessLand": 46350.0, "AssessTot": 46350.0, "ExemptTot": 0.0, "YearBuilt": 0, "YearAlter1": 0, "YearAlter2": 0, "HistDist": null, "Landmark": null, "BuiltFAR": 0.0, "ResidFAR": 0.0, "CommFAR": 1.0, "FacilFAR": 2.4, "BoroCode": 4, "BBL": 4001420150.0, "CondoNo": 0, "Tract2010": "0171", "XCoord": 1006842, "YCoord": 212656, "ZoneMap": "9b", "ZMCode": null, "Sanborn": "401 067", "TaxMap": "40201", "EDesigNum": null, "APPBBL": 4001420050.0, "APPDate": "11/23/2005", "PLUTOMapID": "1", "FIRM07_FLA": null, "PFIRM15_FL": null, "Version": "25v4", "DCPEdited": null, "Latitude": 40.7503392, "Longitude": -73.9184615, "Notes": null, "Shape_Leng": 0.0, "Shape_Area": 1431.4524867 }, "geometry": { "type": "MultiPolygon", "coordinates": [ [ [ [ -73.92002557199622, 40.750041555109924 ], [ -73.920024647465155, 40.750046253328527 ], [ -73.91768016863081, 40.750487860667334 ], [ -73.91689140997444, 40.750636419312087 ], [ -73.916889939845177, 40.750632172323783 ], [ -73.92002557199622, 40.750041555109924 ] ] ] ] } },
{ "type": "Feature", "properties": { "Borough": "QN", "Block": 143, "Lot": 28, "CD": 401, "BCT2020": "4017102", "BCTCB2020": "40171021001", "CT2010": "171", "CB2010": "1011", "SchoolDist": "30", "Council": 26, "ZipCode": 11101, "FireComp": "L163", "PolicePrct": 114, "HealthCent": 41, "HealthArea": 720, "Sanitboro": "4", "SanitDistr": "01", "SanitSub": "5C", "Address": "46-01 37 AVENUE", "ZoneDist1": "M1-1", "ZoneDist2": null, "ZoneDist3": null, "ZoneDist4": null, "Overlay1": null, "Overlay2": null, "SPDist1": null, "SPDist2": null, "SPDist3": null, "LtdHeight": null, "SplitZone": "N", "BldgClass": "V1", "LandUse": "11", "Easements": 0, "OwnerType": "C", "OwnerName": "NYC DEPARTMENT OF TRANSPORTATION", "LotArea": 125125, "BldgArea": 0, "ComArea": 0, "ResArea": 0, "OfficeArea": 0, "RetailArea": 0, "GarageArea": 0, "StrgeArea": 0, "FactryArea": 0, "OtherArea": 0, "AreaSource": "7", "NumBldgs": 4, "NumFloors": 0.0, "UnitsRes": 0, "UnitsTotal": 0, "LotFront": 801.0, "LotDepth": 306.0, "BldgFront": 0.0, "BldgDepth": 0.0, "Ext": null, "ProxCode": "0", "IrrLotCode": "Y", "LotType": "3", "BsmtCode": "5", "AssessLand": 3272850.0, "AssessTot": 3272850.0, "ExemptTot": 3272850.0, "YearBuilt": 0, "YearAlter1": 0, "YearAlter2": 0, "HistDist": null, "Landmark": null, "BuiltFAR": 0.0, "ResidFAR": 0.0, "CommFAR": 1.0, "FacilFAR": 2.4, "BoroCode": 4, "BBL": 4001430028.0, "CondoNo": 0, "Tract2010": "0171", "XCoord": 1007215, "YCoord": 212956, "ZoneMap": "9b", "ZMCode": null, "Sanborn": "401 067", "TaxMap": "40201", "EDesigNum": null, "APPBBL": 0.0, "APPDate": null, "PLUTOMapID": "1", "FIRM07_FLA": null, "PFIRM15_FL": null, "Version": "25v4", "DCPEdited": "t", "Latitude": 40.7511617, "Longitude": -73.9171142, "Notes": null, "Shape_Leng": 0.0, "Shape_Area": 116073.21529399999 }, "geometry": { "type": "MultiPolygon", "coordinates": [ [ [ [ -73.915298624035799, 40.751262788821919 ], [ -73.915303123970986, 40.751240293884898 ], [ -73.91812726373324, 40.750705969413431 ], [ -73.917986925033716, 40.751525006585929 ], [ -73.915298624035799, 40.751262788821919 ] ] ] ] } },
{ "type": "Feature", "properties": { "Borough": "QN", "Block": 183, "Lot": 40, "CD": 401, "BCT2020": "4017102", "BCTCB2020": "40171021002", "CT2010": "171", "CB2010": "1002", "SchoolDist": "30", "Council": 26, "ZipCode": 11101, "FireComp": "L163", "PolicePrct": 114, "HealthCent": 41, "HealthArea": 720, "Sanitboro": "4", "SanitDistr": "01", "SanitSub": "5C", "Address": "41-02 NORTHERN BOULEVARD", "ZoneDist1": "M1-5", "ZoneDist2": null, "ZoneDist3": null, "ZoneDist4": null, "Overlay1": null, "Overlay2": null, "SPDist1": null, "SPDist2": null, "SPDist3": null, "LtdHeight": null, "SplitZone": "N", "BldgClass": "E7", "LandUse": "06", "Easements": 0, "OwnerType": null, "OwnerName": "PS NORTHEAST, LLC", "LotArea": 54952, "BldgArea": 111362, "ComArea": 111362, "ResArea": 0, "OfficeArea": 0, "RetailArea": 0, "GarageArea": 0, "StrgeArea": 111362, "FactryArea": 0, "OtherArea": 0, "AreaSource": "2", "NumBldgs": 1, "NumFloors": 6.0, "UnitsRes": 0, "UnitsTotal": 1, "LotFront": 167.8, "LotDepth": 396.11, "BldgFront": 100.0, "BldgDepth": 185.0, "Ext": "N", "ProxCode": "1", "IrrLotCode": "Y", "LotType": "5", "BsmtCode": "0", "AssessLand": 1731150.0, "AssessTot": 8748000.0, "ExemptTot": 1431810.0, "YearBuilt": 2003, "YearAlter1": 0, "YearAlter2": 0, "HistDist": null, "Landmark": null, "BuiltFAR": 2.03, "ResidFAR": 0.0, "CommFAR": 5.0, "FacilFAR": 6.5, "BoroCode": 4, "BBL": 4001830040.0, "CondoNo": 0, "Tract2010": "0171", "XCoord": 1005775, "YCoord": 213354, "ZoneMap": "9b", "ZMCode": null, "Sanborn": "401 092", "TaxMap": "40202", "EDesigNum": null, "APPBBL": 4001830009.0, "APPDate": "08/20/2002", "PLUTOMapID": "1", "FIRM07_FLA": null, "PFIRM15_FL": null, "Version": "25v4", "DCPEdited": null, "Latitude": 40.7522577, "Longitude": -73.9223102, "Notes": null, "Shape_Leng": 0.0, "Shape_Area": 50604.248049599999 }, "geometry": { "type": "MultiPolygon", "coordinates": [ [ [ [ -73.922153073741271, 40.75172974920121 ], [ -73.922516453889742, 40.751722333095124 ], [ -73.922611532649867, 40.751967945802136 ], [ -73.92256261963739, 40.752291662540976 ], [ -73.92258572167863, 40.752341100633913 ], [ -73.922554845560484, 40.752337675039733 ], [ -73.922507167800646, 40.752697379521948 ], [ -73.921977500496794, 40.752815782188542 ], [ -73.922153073741271, 40.75172974920121 ] ] ] ] } },
{ "type": "Feature", "properties": { "Borough": "QN", "Block": 183, "Lot": 148, "CD": 401, "BCT2020": "4017102", "BCTCB2020": "40171021001", "CT2010": "171", "CB2010": "1001", "SchoolDist": "30", "Council": 26, "ZipCode": 11101, "FireComp": "L163", "PolicePrct": 114, "HealthCent": 41, "HealthArea": 720, "Sanitboro": "4", "SanitDistr": "01", "SanitSub": "5C", "Address": "NORTHERN BOULEVARD", "ZoneDist1": "M1-1", "ZoneDist2": null, "ZoneDist3": null, "ZoneDist4": null, "Overlay1": null, "Overlay2": null, "SPDist1": null, "SPDist2": null, "SPDist3": null, "LtdHeight": null, "SplitZone": "N", "BldgClass": "G7", "LandUse": "10", "Easements": 0, "OwnerType": null, "OwnerName": "NORTHERN REALTY GROUP, LLC", "LotArea": 23557, "BldgArea": 0, "ComArea": 0, "ResArea": 0, "OfficeArea": 0, "RetailArea": 0, "GarageArea": 0, "StrgeArea": 0, "FactryArea": 0, "OtherArea": 0, "AreaSource": "7", "NumBldgs": 0, "NumFloors": 0.0, "UnitsRes": 0, "UnitsTotal": 0, "LotFront": 67.08, "LotDepth": 368.43, "BldgFront": 0.0, "BldgDepth": 0.0, "Ext": null, "ProxCode": "0", "IrrLotCode": "Y", "LotType": "6", "BsmtCode": "5", "AssessLand": 454950.0, "AssessTot": 454950.0, "ExemptTot": 0.0, "YearBuilt": 0, "YearAlter1": 0, "YearAlter2": 0, "HistDist": null, "Landmark": null, "BuiltFAR": 0.0, "ResidFAR": 0.0, "CommFAR": 1.0, "FacilFAR": 2.4, "BoroCode": 4, "BBL": 4001830148.0000005, "CondoNo": 0, "Tract2010": "0171", "XCoord": 1006490, "YCoord": 213399, "ZoneMap": "9b", "ZMCode": null, "Sanborn": "401 093", "TaxMap": "40202", "EDesigNum": null, "APPBBL": 0.0, "APPDate": null, "PLUTOMapID": "1", "FIRM07_FLA": null, "PFIRM15_FL": null, "Version": "25v4", "DCPEdited": null, "Latitude": 40.7523795, "Longitude": -73.9197294, "Notes": null, "Shape_Leng": 0.0, "Shape_Area": 24239.6678422 }, "geometry": { "type": "MultiPolygon", "coordinates": [ [ [ [ -73.919697586523341, 40.751890294496427 ], [ -73.919712560626607, 40.751889705190926 ], [ -73.91994047264977, 40.751879788289543 ], [ -73.919759530203606, 40.752881631956889 ], [ -73.919517931874111, 40.752870978583296 ], [ -73.919697586523341, 40.751890294496427 ] ] ] ] } },
{ "type": "Feature", "properties": { "Borough": "QN", "Block": 183, "Lot": 160, "CD": 401, "BCT2020": "4017102", "BCTCB2020": "40171021002", "CT2010": "171", "CB2010": "1002", "SchoolDist": "30", "Council": 26, "ZipCode": 11101, "FireComp": "L163", "PolicePrct": 114, "HealthCent": 41, "HealthArea": 720, "Sanitboro": "4", "SanitDistr": "01", "SanitSub": "5C", "Address": "NORTHERN BOULEVARD", "ZoneDist1": "M1-1", "ZoneDist2": null, "ZoneDist3": null, "ZoneDist4": null, "Overlay1": null, "Overlay2": null, "SPDist1": null, "SPDist2": null, "SPDist3": null, "LtdHeight": null, "SplitZone": "N", "BldgClass": "V1", "LandUse": "11", "Easements": 0, "OwnerType": "X", "OwnerName": "MTA - LIRR", "LotArea": 1050, "BldgArea": 0, "ComArea": 0, "ResArea": 0, "OfficeArea": 0, "RetailArea": 0, "GarageArea": 0, "StrgeArea": 0, "FactryArea": 0, "OtherArea": 0, "AreaSource": "7", "NumBldgs": 0, "NumFloors": 0.0, "UnitsRes": 0, "UnitsTotal": 0, "LotFront": 61.83, "LotDepth": 28.42, "BldgFront": 0.0, "BldgDepth": 0.0, "Ext": null, "ProxCode": "0", "IrrLotCode": "Y", "LotType": "5", "BsmtCode": "5", "AssessLand": 0.0, "AssessTot": 0.0, "ExemptTot": 0.0, "YearBuilt": 0, "YearAlter1": 0, "YearAlter2": 0, "HistDist": null, "Landmark": null, "BuiltFAR": 0.0, "ResidFAR": 0.0, "CommFAR": 1.0, "FacilFAR": 2.4, "BoroCode": 4, "BBL": 4001830159.9999995, "CondoNo": 0, "Tract2010": "0171", "XCoord": 1006188, "YCoord": 213217, "ZoneMap": "9b", "ZMCode": null, "Sanborn": "401 092", "TaxMap": "40202", "EDesigNum": null, "APPBBL": 0.0, "APPDate": null, "PLUTOMapID": "1", "FIRM07_FLA": null, "PFIRM15_FL": null, "Version": "25v4", "DCPEdited": "t", "Latitude": 40.7518807, "Longitude": -73.92082, "Notes": null, "Shape_Leng": 0.0, "Shape_Area": 914.4001798 }, "geometry": { "type": "MultiPolygon", "coordinates": [ [ [ [ -73.920770767905083, 40.751843656876247 ], [ -73.9208880483949, 40.751838551601232 ], [ -73.92087418575457, 40.751908299901991 ], [ -73.920753660100601, 40.751929732737075 ], [ -73.920770767905083, 40.751843656876247 ] ] ] ] } },
{ "type": "Feature", "properties": { "Borough": "QN", "Block": 214, "Lot": 1, "CD": 402, "BCT2020": "4017101", "BCTCB2020": "40171011010", "CT2010": "171", "CB2010": "1033", "SchoolDist": "30", "Council": 26, "ZipCode": 11101, "FireComp": "L128", "PolicePrct": 108, "HealthCent": 41, "HealthArea": 720, "Sanitboro": "4", "SanitDistr": "02", "SanitSub": "2E", "Address": "SKILLMAN AVENUE", "ZoneDist1": "M1-1", "ZoneDist2": null, "ZoneDist3": null, "ZoneDist4": null, "Overlay1": null, "Overlay2": null, "SPDist1": null, "SPDist2": null, "SPDist3": null, "LtdHeight": null, "SplitZone": "N", "BldgClass": "U6", "LandUse": "07", "Easements": 1, "OwnerType": "X", "OwnerName": "MTA - LIRR", "LotArea": 2111555, "BldgArea": 0, "ComArea": 0, "ResArea": 0, "OfficeArea": 0, "RetailArea": 0, "GarageArea": 0, "StrgeArea": 0, "FactryArea": 0, "OtherArea": 0, "AreaSource": "7", "NumBldgs": 44, "NumFloors": 0.0, "UnitsRes": 0, "UnitsTotal": 0, "LotFront": 198.0, "LotDepth": 1100.0, "BldgFront": 0.0, "BldgDepth": 0.0, "Ext": "N", "ProxCode": "0", "IrrLotCode": "N", "LotType": "5", "BsmtCode": "0", "AssessLand": 0.0, "AssessTot": 0.0, "ExemptTot": 0.0, "YearBuilt": 0, "YearAlter1": 0, "YearAlter2": 0, "HistDist": null, "Landmark": null, "BuiltFAR": 0.0, "ResidFAR": 0.0, "CommFAR": 1.0, "FacilFAR": 2.4, "BoroCode": 4, "BBL": 4002140001.0, "CondoNo": 0, "Tract2010": "0171", "XCoord": 1004271, "YCoord": 212376, "ZoneMap": "9b", "ZMCode": null, "Sanborn": "401 063", "TaxMap": "40202", "EDesigNum": null, "APPBBL": 0.0, "APPDate": null, "PLUTOMapID": "1", "FIRM07_FLA": null, "PFIRM15_FL": null, "Version": "25v4", "DCPEdited": "t", "Latitude": 40.7495769, "Longitude": -73.9277415, "Notes": null, "Shape_Leng": 0.0, "Shape_Area": 2111554.89078 }, "geometry": { "type": "MultiPolygon", "coordinates": [ [ [ [ -73.925450261434875, 40.747520959700509 ], [ -73.925541124922162, 40.747531520251101 ], [ -73.925555086680419, 40.747533143010422 ], [ -73.92674721856217, 40.747671710285942 ], [ -73.929313118248899, 40.74726861143715 ], [ -73.929404473867535, 40.747254258555472 ], [ -73.929625529996144, 40.747659978040403 ], [ -73.929802999045449, 40.74798569569365 ], [ -73.931226797284197, 40.750598738596217 ], [ -73.931130090984624, 40.750656922804765 ], [ -73.93061940936623, 40.750964176129983 ], [ -73.930560435896169, 40.750996644377203 ], [ -73.930481566975757, 40.751033498668285 ], [ -73.930391149443651, 40.751073620961868 ], [ -73.930274916061265, 40.751118821771378 ], [ -73.930140262299119, 40.751161790595418 ], [ -73.929929441053474, 40.751217977366046 ], [ -73.92938975216434, 40.751324634767933 ], [ -73.928761338285298, 40.751423594763125 ], [ -73.927714763260852, 40.751512022503611 ], [ -73.924752884157783, 40.751623560253208 ], [ -73.924744620966777, 40.751623870914401 ], [ -73.924584545612888, 40.751629897585794 ], [ -73.925153137986428, 40.748931241435919 ], [ -73.925265945817159, 40.748395817708953 ], [ -73.925450261434875, 40.747520959700509 ] ], [ [ -73.926656825024125, 40.751210107469426 ], [ -73.9266617087209, 40.751234528753756 ], [ -73.926813642397008, 40.751204443197445 ], [ -73.926809995945831, 40.751191009809268 ], [ -73.927025191569911, 40.751153135297791 ], [ -73.927008313715589, 40.751090941758235 ], [ -73.928074712433045, 40.750886141342264 ], [ -73.928034077844984, 40.750736422702786 ], [ -73.926910395385903, 40.750930960219762 ], [ -73.92690407640788, 40.750907676230874 ], [ -73.926786369256135, 40.750928053683523 ], [ -73.926792688193203, 40.750951337678806 ], [ -73.92533617477801, 40.751233445122082 ], [ -73.925381981828494, 40.75140224000576 ], [ -73.92642822053628, 40.751199278682257 ], [ -73.926442446670862, 40.751251695578475 ], [ -73.926656825024125, 40.751210107469426 ] ] ] ] } },
{ "type": "Feature", "properties": { "Borough": "QN", "Block": 214, "Lot": 21, "CD": 401, "BCT2020": "4017102", "BCTCB2020": "40171021003", "CT2010": "171", "CB2010": "1004", "SchoolDist": "30", "Council": 26, "ZipCode": 11101, "FireComp": "L128", "PolicePrct": 114, "HealthCent": 41, "HealthArea": 720, "Sanitboro": "4", "SanitDistr": "01", "SanitSub": "6C", "Address": "36-20 NORTHERN BOULEVARD", "ZoneDist1": "M1-5", "ZoneDist2": null, "ZoneDist3": null, "ZoneDist4": null, "Overlay1": null, "Overlay2": null, "SPDist1": null, "SPDist2": null, "SPDist3": null, "LtdHeight": null, "SplitZone": "N", "BldgClass": "E7", "LandUse": "06", "Easements": 0, "OwnerType": null, "OwnerName": "EXTRA SPACE PROPERTIES 122 LLC", "LotArea": 13400, "BldgArea": 67500, "ComArea": 67500, "ResArea": 0, "OfficeArea": 13500, "RetailArea": 0, "GarageArea": 0, "StrgeArea": 40500, "FactryArea": 13500, "OtherArea": 0, "AreaSource": "2", "NumBldgs": 1, "NumFloors": 5.0, "UnitsRes": 0, "UnitsTotal": 2, "LotFront": 180.0, "LotDepth": 75.0, "BldgFront": 180.0, "BldgDepth": 75.0, "Ext": "N", "ProxCode": "0", "IrrLotCode": "N", "LotType": "3", "BsmtCode": "0", "AssessLand": 327600.0, "AssessTot": 5224050.0, "ExemptTot": 0.0, "YearBuilt": 1928, "YearAlter1": 2020, "YearAlter2": 0, "HistDist": null, "Landmark": null, "BuiltFAR": 5.04, "ResidFAR": 0.0, "CommFAR": 5.0, "FacilFAR": 6.5, "BoroCode": 4, "BBL": 4002140021.0, "CondoNo": 0, "Tract2010": "0171", "XCoord": 1004502, "YCoord": 213197, "ZoneMap": "9b", "ZMCode": null, "Sanborn": "401 065", "TaxMap": "40202", "EDesigNum": null, "APPBBL": 0.0, "APPDate": null, "PLUTOMapID": "1", "FIRM07_FLA": null, "PFIRM15_FL": null, "Version": "25v4", "DCPEdited": null, "Latitude": 40.7518298, "Longitude": -73.9269053, "Notes": null, "Shape_Leng": 0.0, "Shape_Area": 15013.72811 }, "geometry": { "type": "MultiPolygon", "coordinates": [ [ [ [ -73.926594848749119, 40.751727178199218 ], [ -73.927205069286529, 40.751700239356758 ], [ -73.927228705966726, 40.751942828621182 ], [ -73.926559349271884, 40.75194984931715 ], [ -73.926594848749119, 40.751727178199218 ] ] ] ] } },
{ "type": "Feature", "properties": { "Borough": "QN", "Block": 214, "Lot": 40, "CD": 401, "BCT2020": "4017102", "BCTCB2020": "40171021003", "CT2010": "171", "CB2010": "1003", "SchoolDist": "30", "Council": 26, "ZipCode": 11101, "FireComp": "L128", "PolicePrct": 114, "HealthCent": 41, "HealthArea": 720, "Sanitboro": "4", "SanitDistr": "01", "SanitSub": "6C", "Address": "37-02 NORTHERN BOULEVARD", "ZoneDist1": "M1-5", "ZoneDist2": null, "ZoneDist3": null, "ZoneDist4": null, "Overlay1": null, "Overlay2": null, "SPDist1": null, "SPDist2": null, "SPDist3": null, "LtdHeight": null, "SplitZone": "N", "BldgClass": "O5", "LandUse": "05", "Easements": 0, "OwnerType": null, "OwnerName": "3718 NORTHERN BLVD LLC", "LotArea": 38164, "BldgArea": 318000, "ComArea": 318000, "ResArea": 0, "OfficeArea": 262550, "RetailArea": 10000, "GarageArea": 0, "StrgeArea": 45450, "FactryArea": 0, "OtherArea": 0, "AreaSource": "2", "NumBldgs": 1, "NumFloors": 6.0, "UnitsRes": 0, "UnitsTotal": 79, "LotFront": 490.5, "LotDepth": 135.0, "BldgFront": 229.7, "BldgDepth": 92.0, "Ext": "N", "ProxCode": "0", "IrrLotCode": "Y", "LotType": "3", "BsmtCode": "0", "AssessLand": 1889100.0, "AssessTot": 19487700.0, "ExemptTot": 0.0, "YearBuilt": 1919, "YearAlter1": 2001, "YearAlter2": 2009, "HistDist": null, "Landmark": null, "BuiltFAR": 8.33, "ResidFAR": 0.0, "CommFAR": 5.0, "FacilFAR": 6.5, "BoroCode": 4, "BBL": 4002140040.0, "CondoNo": 0, "Tract2010": "0171", "XCoord": 1004946, "YCoord": 213237, "ZoneMap": "9b", "ZMCode": null, "Sanborn": "401 065", "TaxMap": "40202", "EDesigNum": null, "APPBBL": 0.0, "APPDate": null, "PLUTOMapID": "1", "FIRM07_FLA": null, "PFIRM15_FL": null, "Version": "25v4", "DCPEdited": null, "Latitude": 40.7519386, "Longitude": -73.9253027, "Notes": null, "Shape_Leng": 0.0, "Shape_Area": 51880.522953599997 }, "geometry": { "type": "MultiPolygon", "coordinates": [ [ [ [ -73.92454883881291, 40.751797508215503 ], [ -73.924711672955553, 40.751793144809525 ], [ -73.924700874747913, 40.751848747708763 ], [ -73.924713617257609, 40.751847656505504 ], [ -73.925820559234964, 40.751752834749304 ], [ -73.926382272541701, 40.75173422210375 ], [ -73.926348545356106, 40.751945781114898 ], [ -73.92583332059904, 40.751953780500962 ], [ -73.924641368295525, 40.752220267211364 ], [ -73.92462795336931, 40.752223266171782 ], [ -73.924451194257415, 40.752262784217514 ], [ -73.92454883881291, 40.751797508215503 ] ] ] ] } },
{ "type": "Feature", "properties": { "Borough": "QN", "Block": 214, "Lot": 240, "CD": 401, "BCT2020": "4017102", "BCTCB2020": "40171021003", "CT2010": "171", "CB2010": "1004", "SchoolDist": "30", "Council": 26, "ZipCode": 11101, "FireComp": "L128", "PolicePrct": 114, "HealthCent": 41, "HealthArea": 720, "Sanitboro": "4", "SanitDistr": "01", "SanitSub": "6C", "Address": "33-28 NORTHERN BOULEVARD", "ZoneDist1": "M1-5", "ZoneDist2": null, "ZoneDist3": null, "ZoneDist4": null, "Overlay1": null, "Overlay2": null, "SPDist1": null, "SPDist2": null, "SPDist3": null, "LtdHeight": null, "SplitZone": "N", "BldgClass": "O2", "LandUse": "05", "Easements": 0, "OwnerType": "P", "OwnerName": "107 W 38TH REALTIES LLC", "LotArea": 7500, "BldgArea": 19500, "ComArea": 19500, "ResArea": 0, "OfficeArea": 19500, "RetailArea": 0, "GarageArea": 0, "StrgeArea": 0, "FactryArea": 0, "OtherArea": 0, "AreaSource": "2", "NumBldgs": 1, "NumFloors": 3.0, "UnitsRes": 0, "UnitsTotal": 1, "LotFront": 75.0, "LotDepth": 100.0, "BldgFront": 75.0, "BldgDepth": 87.0, "Ext": "N", "ProxCode": "3", "IrrLotCode": "N", "LotType": "5", "BsmtCode": "0", "AssessLand": 236250.0, "AssessTot": 1229400.0, "ExemptTot": 0.0, "YearBuilt": 1925, "YearAlter1": 2008, "YearAlter2": 0, "HistDist": null, "Landmark": null, "BuiltFAR": 2.6, "ResidFAR": 0.0, "CommFAR": 5.0, "FacilFAR": 6.5, "BoroCode": 4, "BBL": 4002140239.9999995, "CondoNo": 0, "Tract2010": "0171", "XCoord": 1003670, "YCoord": 213163, "ZoneMap": "9b", "ZMCode": null, "Sanborn": "401 063", "TaxMap": "40202", "EDesigNum": null, "APPBBL": 0.0, "APPDate": null, "PLUTOMapID": "1", "FIRM07_FLA": null, "PFIRM15_FL": null, "Version": "25v4", "DCPEdited": null, "Latitude": 40.7517384, "Longitude": -73.9299083, "Notes": null, "Shape_Leng": 0.0, "Shape_Area": 8009.6729113000001 }, "geometry": { "type": "MultiPolygon", "coordinates": [ [ [ [ -73.930032513033709, 40.751588888200295 ], [ -73.930044772313835, 40.751886522503455 ], [ -73.929777155862652, 40.751890410780241 ], [ -73.929765006339494, 40.751595402360195 ], [ -73.930032513033709, 40.751588888200295 ] ] ] ] } },
{ "type": "Feature", "properties": { "Borough": "QN", "Block": 239, "Lot": 36, "CD": 401, "BCT2020": "4017102", "BCTCB2020": "40171021004", "CT2010": "171", "CB2010": "1005", "SchoolDist": "30", "Council": 26, "ZipCode": 11101, "FireComp": "L128", "PolicePrct": 114, "HealthCent": 41, "HealthArea": 720, "Sanitboro": "4", "SanitDistr": "01", "SanitSub": "6D", "Address": "29-50 NORTHERN BOULEVARD", "ZoneDist1": "M1-5", "ZoneDist2": null, "ZoneDist3": null, "ZoneDist4": null, "Overlay1": null, "Overlay2": null, "SPDist1": null, "SPDist2": null, "SPDist3": null, "LtdHeight": null, "SplitZone": "N", "BldgClass": "T9", "LandUse": "07", "Easements": 0, "OwnerType": "C", "OwnerName": "NYC TRANSIT AUTHORITY", "LotArea": 47176, "BldgArea": 67500, "ComArea": 7875, "ResArea": 0, "OfficeArea": 0, "RetailArea": 0, "GarageArea": 7875, "StrgeArea": 0, "FactryArea": 0, "OtherArea": 0, "AreaSource": "2", "NumBldgs": 3, "NumFloors": 8.0, "UnitsRes": 0, "UnitsTotal": 1, "LotFront": 273.0, "LotDepth": 120.0, "BldgFront": 105.0, "BldgDepth": 75.0, "Ext": null, "ProxCode": "2", "IrrLotCode": "Y", "LotType": "5", "BsmtCode": "2", "AssessLand": 1002150.0, "AssessTot": 6669900.0, "ExemptTot": 6669900.0, "YearBuilt": 2013, "YearAlter1": 0, "YearAlter2": 0, "HistDist": null, "Landmark": null, "BuiltFAR": 1.43, "ResidFAR": 0.0, "CommFAR": 5.0, "FacilFAR": 6.5, "BoroCode": 4, "BBL": 4002390036.0, "CondoNo": 0, "Tract2010": "0171", "XCoord": 1002213, "YCoord": 212506, "ZoneMap": "9b", "ZMCode": null, "Sanborn": "401 054", "TaxMap": "40203", "EDesigNum": null, "APPBBL": 0.0, "APPDate": null, "PLUTOMapID": "1", "FIRM07_FLA": null, "PFIRM15_FL": null, "Version": "25v4", "DCPEdited": "t", "Latitude": 40.7499382, "Longitude": -73.9351687, "Notes": null, "Shape_Leng": 0.0, "Shape_Area": 57982.8320074 }, "geometry": { "type": "MultiPolygon", "coordinates": [ [ [ [ -73.934497251962398, 40.749971329501349 ], [ -73.934932937865455, 40.749698798656532 ], [ -73.935196342004247, 40.749518461092812 ], [ -73.935392989570673, 40.749643600605701 ], [ -73.935444974868872, 40.749594957525574 ], [ -73.935797133041447, 40.74981688964435 ], [ -73.935173063893458, 40.750400839603536 ], [ -73.934497251962398, 40.749971329501349 ] ] ] ] } },
{ "type": "Feature", "properties": { "Borough": "QN", "Block": 119, "Lot": 32, "CD": 401, "BCT2020": "4017102", "BCTCB2020": "40171021000", "CT2010": "171", "CB2010": "1000", "SchoolDist": "30", "Council": 26, "ZipCode": 11101, "FireComp": "L163", "PolicePrct": 114, "HealthCent": 41, "HealthArea": 720, "Sanitboro": "4", "SanitDistr": "01", "SanitSub": "5C", "Address": "DREYER AVENUE", "ZoneDist1": "M1-1", "ZoneDist2": null, "ZoneDist3": null, "ZoneDist4": null, "Overlay1": null, "Overlay2": null, "SPDist1": null, "SPDist2": null, "SPDist3": null, "LtdHeight": null, "SplitZone": "N", "BldgClass": "U7", "LandUse": "07", "Easements": 0, "OwnerType": "X", "OwnerName": "NATIONAL RAILROAD PASSENGER CORP", "LotArea": 129662, "BldgArea": 0, "ComArea": 0, "ResArea": 0, "OfficeArea": 0, "RetailArea": 0, "GarageArea": 0, "StrgeArea": 0, "FactryArea": 0, "OtherArea": 0, "AreaSource": "7", "NumBldgs": 0, "NumFloors": 0.0, "UnitsRes": 0, "UnitsTotal": 0, "LotFront": 103.75, "LotDepth": 522.0, "BldgFront": 0.0, "BldgDepth": 0.0, "Ext": "N", "ProxCode": "0", "IrrLotCode": "Y", "LotType": "3", "BsmtCode": "0", "AssessLand": 0.0, "AssessTot": 0.0, "ExemptTot": 0.0, "YearBuilt": 0, "YearAlter1": 0, "YearAlter2": 0, "HistDist": null, "Landmark": null, "BuiltFAR": 0.0, "ResidFAR": 0.0, "CommFAR": 1.0, "FacilFAR": 2.4, "BoroCode": 4, "BBL": 4001190031.9999995, "CondoNo": 0, "Tract2010": "0171", "XCoord": 1008613, "YCoord": 213012, "ZoneMap": "9d", "ZMCode": "Y", "Sanborn": "401 069", "TaxMap": "40201", "EDesigNum": null, "APPBBL": 0.0, "APPDate": null, "PLUTOMapID": "1", "FIRM07_FLA": null, "PFIRM15_FL": null, "Version": "25v4", "DCPEdited": "t", "Latitude": 40.7513117, "Longitude": -73.9120683, "Notes": null, "Shape_Leng": 0.0, "Shape_Area": 129661.946324 }, "geometry": { "type": "MultiPolygon", "coordinates": [ [ [ [ -73.909878214339358, 40.751483612659719 ], [ -73.911323289042997, 40.751167858795128 ], [ -73.911287868508083, 40.751066374003095 ], [ -73.911289252221053, 40.75105876123407 ], [ -73.911696803963338, 40.751128733641124 ], [ -73.912110856134362, 40.751184443743064 ], [ -73.912412482801514, 40.751219028164371 ], [ -73.91244295138516, 40.751220037465337 ], [ -73.912466706653177, 40.751220548138548 ], [ -73.912486407860968, 40.75121980307717 ], [ -73.912530567309858, 40.751218132926866 ], [ -73.912564283796542, 40.751214708665479 ], [ -73.912596703475373, 40.751210543265046 ], [ -73.912627058261364, 40.751207143535908 ], [ -73.91280794243329, 40.751186537575805 ], [ -73.913066016177837, 40.751157651952596 ], [ -73.913295418627996, 40.751126790839791 ], [ -73.913592879328078, 40.751077899180586 ], [ -73.914043943307462, 40.751033901578246 ], [ -73.915123021145973, 40.75083968630387 ], [ -73.915090546288596, 40.750998791096734 ], [ -73.914242978737505, 40.751157040612249 ], [ -73.914061015103627, 40.7511923326527 ], [ -73.914004463930155, 40.751203218003056 ], [ -73.913906615457606, 40.751222053692679 ], [ -73.913833228663464, 40.751233601745028 ], [ -73.913714532960256, 40.75124653506429 ], [ -73.913319791458775, 40.751295078187546 ], [ -73.911680163478479, 40.751508216520044 ], [ -73.910792333215667, 40.751630712721258 ], [ -73.909995711539807, 40.751740617780889 ], [ -73.909878214339358, 40.751483612659719 ] ] ] ] } },
{ "type": "Feature", "properties": { "Borough": "QN", "Block": 120, "Lot": 12, "CD": 401, "BCT2020": "4017102", "BCTCB2020": "40171021000", "CT2010": "171", "CB2010": "1000", "SchoolDist": "30", "Council": 26, "ZipCode": 11101, "FireComp": "L163", "PolicePrct": 114, "HealthCent": 41, "HealthArea": 720, "Sanitboro": "4", "SanitDistr": "01", "SanitSub": "5C", "Address": "48-18 NORTHERN BOULEVARD", "ZoneDist1": "M1-1", "ZoneDist2": null, "ZoneDist3": null, "ZoneDist4": null, "Overlay1": null, "Overlay2": null, "SPDist1": null, "SPDist2": null, "SPDist3": null, "LtdHeight": null, "SplitZone": "N", "BldgClass": "K6", "LandUse": "05", "Easements": 0, "OwnerType": null, "OwnerName": "NORTHERN BLVD. 4818, LLC", "LotArea": 222300, "BldgArea": 241993, "ComArea": 241993, "ResArea": 0, "OfficeArea": 0, "RetailArea": 241993, "GarageArea": 0, "StrgeArea": 0, "FactryArea": 0, "OtherArea": 0, "AreaSource": "2", "NumBldgs": 1, "NumFloors": 2.0, "UnitsRes": 0, "UnitsTotal": 11, "LotFront": 325.0, "LotDepth": 760.0, "BldgFront": 799.0, "BldgDepth": 277.0, "Ext": "N", "ProxCode": "1", "IrrLotCode": "Y", "LotType": "5", "BsmtCode": "0", "AssessLand": 9003150.0, "AssessTot": 21262500.0, "ExemptTot": 0.0, "YearBuilt": 1996, "YearAlter1": 1997, "YearAlter2": 2011, "HistDist": null, "Landmark": null, "BuiltFAR": 1.09, "ResidFAR": 0.0, "CommFAR": 1.0, "FacilFAR": 2.4, "BoroCode": 4, "BBL": 4001200012.0, "CondoNo": 0, "Tract2010": "0171", "XCoord": 1008018, "YCoord": 213429, "ZoneMap": "9b", "ZMCode": null, "Sanborn": "401 094", "TaxMap": "40201", "EDesigNum": null, "APPBBL": 0.0, "APPDate": null, "PLUTOMapID": "1", "FIRM07_FLA": null, "PFIRM15_FL": null, "Version": "25v4", "DCPEdited": null, "Latitude": 40.7524579, "Longitude": -73.9142143, "Notes": null, "Shape_Leng": 0.0, "Shape_Area": 230364.950468 }, "geometry": { "type": "MultiPolygon", "coordinates": [ [ [ [ -73.913407925552363, 40.753302563748662 ], [ -73.913680223667257, 40.751968602230768 ], [ -73.913687413536707, 40.751934968257338 ], [ -73.913690931998815, 40.751921896391202 ], [ -73.913695278645307, 40.75190752849425 ], [ -73.913700594395877, 40.751891869025201 ], [ -73.913706011539205, 40.751877509126786 ], [ -73.913711111056557, 40.751865120108683 ], [ -73.913719630067533, 40.751846582368131 ], [ -73.913731720293256, 40.751822640677204 ], [ -73.913739255709899, 40.75180926922237 ], [ -73.913744570954819, 40.751800356364321 ], [ -73.913757746188182, 40.751779816692682 ], [ -73.913779212739939, 40.75175011959309 ], [ -73.913792505996625, 40.751733571938786 ], [ -73.91380407810982, 40.751720107211447 ], [ -73.913822537287103, 40.751700179284519 ], [ -73.91383868490469, 40.751684093056859 ], [ -73.913857803045758, 40.751666443017044 ], [ -73.913875824138955, 40.75165101994164 ], [ -73.913898740417764, 40.75163289369965 ], [ -73.913912400517319, 40.75162280295234 ], [ -73.913928517027188, 40.751611518120029 ], [ -73.913944349325902, 40.751601039054371 ], [ -73.913952624995488, 40.751594769639397 ], [ -73.913969208642982, 40.751583871493018 ], [ -73.913988404734923, 40.751571829821373 ], [ -73.914005814465511, 40.751562186688965 ], [ -73.914024498315655, 40.751553400936963 ], [ -73.914038830870894, 40.751547144995399 ], [ -73.914060320903275, 40.751539420304965 ], [ -73.915006940875003, 40.751408423502966 ], [ -73.91458026367215, 40.753498882987657 ], [ -73.913407925552363, 40.753302563748662 ] ] ] ] } },
{ "type": "Feature", "properties": { "Borough": "QN", "Block": 120, "Lot": 50, "CD": 401, "BCT2020": "4017102", "BCTCB2020": "40171021000", "CT2010": "171", "CB2010": "1000", "SchoolDist": "30", "Council": 26, "ZipCode": 11101, "FireComp": "L163", "PolicePrct": 114, "HealthCent": 41, "HealthArea": 720, "Sanitboro": "4", "SanitDistr": "01", "SanitSub": "5C", "Address": "50-02 NORTHERN BOULEVARD", "ZoneDist1": "M1-1", "ZoneDist2": null, "ZoneDist3": null, "ZoneDist4": null, "Overlay1": null, "Overlay2": null, "SPDist1": null, "SPDist2": null, "SPDist3": null, "LtdHeight": null, "SplitZone": "N", "BldgClass": "K8", "LandUse": "05", "Easements": 0, "OwnerType": null, "OwnerName": "HD DEVELOPMENT OF MARYLAND, INC.", "LotArea": 430800, "BldgArea": 155039, "ComArea": 155039, "ResArea": 0, "OfficeArea": 6746, "RetailArea": 133825, "GarageArea": 0, "StrgeArea": 0, "FactryArea": 0, "OtherArea": 14468, "AreaSource": "2", "NumBldgs": 1, "NumFloors": 1.0, "UnitsRes": 0, "UnitsTotal": 1, "LotFront": 546.9, "LotDepth": 901.0, "BldgFront": 249.64, "BldgDepth": 618.77, "Ext": "N", "ProxCode": "0", "IrrLotCode": "Y", "LotType": "5", "BsmtCode": "0", "AssessLand": 11437650.0, "AssessTot": 17111250.0, "ExemptTot": 0.0, "YearBuilt": 1998, "YearAlter1": 0, "YearAlter2": 0, "HistDist": null, "Landmark": null, "BuiltFAR": 0.36, "ResidFAR": 0.0, "CommFAR": 1.0, "FacilFAR": 2.4, "BoroCode": 4, "BBL": 4001200050.0, "CondoNo": 0, "Tract2010": "0171", "XCoord": 1008424, "YCoord": 213308, "ZoneMap": "9b", "ZMCode": "Y", "Sanborn": "401 069", "TaxMap": "40201", "EDesigNum": null, "APPBBL": 4001200050.0, "APPDate": "03/17/2011", "PLUTOMapID": "1", "FIRM07_FLA": null, "PFIRM15_FL": null, "Version": "25v4", "DCPEdited": null, "Latitude": 40.7521246, "Longitude": -73.9127494, "Notes": null, "Shape_Leng": 0.0, "Shape_Area": 417375.99181099999 }, "geometry": { "type": "MultiPolygon", "coordinates": [ [ [ [ -73.910861994943261, 40.751942669391788 ], [ -73.910792333215667, 40.751630712721258 ], [ -73.911680163478479, 40.751508216520044 ], [ -73.913319791458775, 40.751295078187546 ], [ -73.913714532960256, 40.75124653506429 ], [ -73.913833228663464, 40.751233601745028 ], [ -73.913906615457606, 40.751222053692679 ], [ -73.914004463930155, 40.751203218003056 ], [ -73.914061015103627, 40.7511923326527 ], [ -73.914242978737505, 40.751157040612249 ], [ -73.915090546288596, 40.750998791096734 ], [ -73.915036574216103, 40.751263238548681 ], [ -73.914041884410196, 40.751441884185354 ], [ -73.914060320903275, 40.751539420304965 ], [ -73.914038830870894, 40.751547144995399 ], [ -73.914024498315655, 40.751553400936963 ], [ -73.914005814465511, 40.751562186688965 ], [ -73.913988404734923, 40.751571829821373 ], [ -73.913969208642982, 40.751583871493018 ], [ -73.913952624995488, 40.751594769639397 ], [ -73.913944349325902, 40.751601039054371 ], [ -73.913928517027188, 40.751611518120029 ], [ -73.913912400517319, 40.75162280295234 ], [ -73.913898740417764, 40.75163289369965 ], [ -73.913875824138955, 40.75165101994164 ], [ -73.913857803045758, 40.751666443017044 ], [ -73.91383868490469, 40.751684093056859 ], [ -73.913822537287103, 40.751700179284519 ], [ -73.91380407810982, 40.751720107211447 ], [ -73.913792505996625, 40.751733571938786 ], [ -73.913779212739939, 40.75175011959309 ], [ -73.913757746188182, 40.751779816692682 ], [ -73.913744570954819, 40.751800356364321 ], [ -73.913739255709899, 40.75180926922237 ], [ -73.913731720293256, 40.751822640677204 ], [ -73.913719630067533, 40.751846582368131 ], [ -73.913711111056557, 40.751865120108683 ], [ -73.913706011539205, 40.751877509126786 ], [ -73.913700594395877, 40.751891869025201 ], [ -73.913695278645307, 40.75190752849425 ], [ -73.913690931998815, 40.751921896391202 ], [ -73.913687413536707, 40.751934968257338 ], [ -73.913680223667257, 40.751968602230768 ], [ -73.913407925552363, 40.753302563748662 ], [ -73.91153406101084, 40.752988739046557 ], [ -73.911836525820803, 40.751854104481339 ], [ -73.911198268293958, 40.751942064121408 ], [ -73.911189032148073, 40.751897601605705 ], [ -73.910861994943261, 40.751942669391788 ] ] ] ] } },
{ "type": "Feature", "properties": { "Borough": "QN", "Block": 120, "Lot": 75, "CD": 401, "BCT2020": "4017102", "BCTCB2020": "40171021000", "CT2010": "171", "CB2010": "1000", "SchoolDist": "30", "Council": 26, "ZipCode": 11101, "FireComp": "L163", "PolicePrct": 114, "HealthCent": 41, "HealthArea": 720, "Sanitboro": "4", "SanitDistr": "02", "SanitSub": "5C", "Address": "33-24 WOODSIDE AVENUE", "ZoneDist1": "M1-1", "ZoneDist2": null, "ZoneDist3": null, "ZoneDist4": null, "Overlay1": null, "Overlay2": null, "SPDist1": null, "SPDist2": null, "SPDist3": null, "LtdHeight": null, "SplitZone": "N", "BldgClass": "E7", "LandUse": "06", "Easements": 0, "OwnerType": null, "OwnerName": "33-24 WOODSIDE AVENUE, LLC", "LotArea": 25330, "BldgArea": 79694, "ComArea": 0, "ResArea": 0, "OfficeArea": 0, "RetailArea": 0, "GarageArea": 0, "StrgeArea": 0, "FactryArea": 0, "OtherArea": 0, "AreaSource": "2", "NumBldgs": 1, "NumFloors": 6.0, "UnitsRes": 0, "UnitsTotal": 1, "LotFront": 119.4, "LotDepth": 224.3, "BldgFront": 85.0, "BldgDepth": 200.0, "Ext": "N", "ProxCode": "1", "IrrLotCode": "Y", "LotType": "5", "BsmtCode": "0", "AssessLand": 797850.0, "AssessTot": 6168150.0, "ExemptTot": 0.0, "YearBuilt": 2011, "YearAlter1": 0, "YearAlter2": 0, "HistDist": null, "Landmark": null, "BuiltFAR": 3.15, "ResidFAR": 0.0, "CommFAR": 1.0, "FacilFAR": 2.4, "BoroCode": 4, "BBL": 4001200075.0, "CondoNo": 0, "Tract2010": "0171", "XCoord": 1009062, "YCoord": 213204, "ZoneMap": "9d", "ZMCode": null, "Sanborn": "401 069", "TaxMap": "40201", "EDesigNum": null, "APPBBL": 4001200050.0, "APPDate": "03/17/2011", "PLUTOMapID": "1", "FIRM07_FLA": null, "PFIRM15_FL": null, "Version": "25v4", "DCPEdited": null, "Latitude": 40.7518374, "Longitude": -73.9104471, "Notes": null, "Shape_Leng": 0.0, "Shape_Area": 24740.269299 }, "geometry": { "type": "MultiPolygon", "coordinates": [ [ [ [ -73.910792333215667, 40.751630712721258 ], [ -73.910861994943261, 40.751942669391788 ], [ -73.910133953719821, 40.752042993966242 ], [ -73.909995711539807, 40.751740617780889 ], [ -73.910792333215667, 40.751630712721258 ] ] ] ] } },
{ "type": "Feature", "properties": { "Borough": "QN", "Block": 120, "Lot": 84, "CD": 401, "BCT2020": "4017102", "BCTCB2020": "40171021000", "CT2010": "171", "CB2010": "1000", "SchoolDist": "30", "Council": 26, "ZipCode": 11101, "FireComp": "L163", "PolicePrct": 114, "HealthCent": 41, "HealthArea": 720, "Sanitboro": "4", "SanitDistr": "01", "SanitSub": "5C", "Address": "50-92 NORTHERN BOULEVARD", "ZoneDist1": "M1-1", "ZoneDist2": null, "ZoneDist3": null, "ZoneDist4": null, "Overlay1": null, "Overlay2": null, "SPDist1": null, "SPDist2": null, "SPDist3": null, "LtdHeight": null, "SplitZone": "N", "BldgClass": "G3", "LandUse": "07", "Easements": 0, "OwnerType": null, "OwnerName": "EXXONMOBIL CORPORATION", "LotArea": 18000, "BldgArea": 3500, "ComArea": 3500, "ResArea": 0, "OfficeArea": 0, "RetailArea": 3500, "GarageArea": 0, "StrgeArea": 0, "FactryArea": 0, "OtherArea": 0, "AreaSource": "2", "NumBldgs": 1, "NumFloors": 1.0, "UnitsRes": 0, "UnitsTotal": 2, "LotFront": 100.0, "LotDepth": 150.0, "BldgFront": 57.0, "BldgDepth": 25.0, "Ext": "N", "ProxCode": "0", "IrrLotCode": "Y", "LotType": "3", "BsmtCode": "0", "AssessLand": 283500.0, "AssessTot": 1275750.0, "ExemptTot": 0.0, "YearBuilt": 1948, "YearAlter1": 1999, "YearAlter2": 0, "HistDist": null, "Landmark": null, "BuiltFAR": 0.19, "ResidFAR": 0.0, "CommFAR": 1.0, "FacilFAR": 2.4, "BoroCode": 4, "BBL": 4001200084.0, "CondoNo": 0, "Tract2010": "0171", "XCoord": 1008980, "YCoord": 213505, "ZoneMap": "9d", "ZMCode": null, "Sanborn": "401 094", "TaxMap": "40201", "EDesigNum": null, "APPBBL": 0.0, "APPDate": null, "PLUTOMapID": "1", "FIRM07_FLA": null, "PFIRM15_FL": null, "Version": "25v4", "DCPEdited": null, "Latitude": 40.7526638, "Longitude": -73.9107419, "Notes": null, "Shape_Leng": 0.0, "Shape_Area": 19449.89243 }, "geometry": { "type": "MultiPolygon", "coordinates": [ [ [ [ -73.91056670824382, 40.752826720793635 ], [ -73.910406496118867, 40.752639114928556 ], [ -73.91036145456529, 40.752540599346858 ], [ -73.911056783353871, 40.752472789708925 ], [ -73.910945518126937, 40.752890166391666 ], [ -73.91056670824382, 40.752826720793635 ] ] ] ] } },
{ "type": "Feature", "properties": { "Borough": "QN", "Block": 120, "Lot": 99, "CD": 401, "BCT2020": "4017102", "BCTCB2020": "40171021000", "CT2010": "171", "CB2010": "1000", "SchoolDist": "30", "Council": 26, "ZipCode": 11101, "FireComp": "L163", "PolicePrct": 114, "HealthCent": 41, "HealthArea": 720, "Sanitboro": "4", "SanitDistr": "02", "SanitSub": "5C", "Address": "3316 WOODSIDE AVENUE", "ZoneDist1": "M1-1", "ZoneDist2": null, "ZoneDist3": null, "ZoneDist4": null, "Overlay1": null, "Overlay2": null, "SPDist1": null, "SPDist2": null, "SPDist3": null, "LtdHeight": null, "SplitZone": "N", "BldgClass": "E1", "LandUse": "06", "Easements": 0, "OwnerType": null, "OwnerName": "WOODSIDE HOLDING LLC", "LotArea": 47200, "BldgArea": 34400, "ComArea": 34400, "ResArea": 0, "OfficeArea": 7200, "RetailArea": 0, "GarageArea": 0, "StrgeArea": 27200, "FactryArea": 0, "OtherArea": 0, "AreaSource": "2", "NumBldgs": 1, "NumFloors": 2.0, "UnitsRes": 0, "UnitsTotal": 1, "LotFront": 193.0, "LotDepth": 188.67, "BldgFront": 180.0, "BldgDepth": 188.0, "Ext": "N", "ProxCode": "0", "IrrLotCode": "Y", "LotType": "5", "BsmtCode": "0", "AssessLand": 1062000.0, "AssessTot": 2217150.0, "ExemptTot": 0.0, "YearBuilt": 1949, "YearAlter1": 1999, "YearAlter2": 0, "HistDist": null, "Landmark": null, "BuiltFAR": 0.73, "ResidFAR": 0.0, "CommFAR": 1.0, "FacilFAR": 2.4, "BoroCode": 4, "BBL": 4001200099.0, "CondoNo": 0, "Tract2010": "0171", "XCoord": 1008993, "YCoord": 213342, "ZoneMap": "9d", "ZMCode": null, "Sanborn": "401 094", "TaxMap": "40201", "EDesigNum": null, "APPBBL": 0.0, "APPDate": null, "PLUTOMapID": "1", "FIRM07_FLA": null, "PFIRM15_FL": null, "Version": "25v4", "DCPEdited": null, "Latitude": 40.7522164, "Longitude": -73.9106956, "Notes": null, "Shape_Leng": 0.0, "Shape_Area": 48465.814501599998 }, "geometry": { "type": "MultiPolygon", "coordinates": [ [ [ [ -73.910133953719821, 40.752042993966242 ], [ -73.910861994943261, 40.751942669391788 ], [ -73.911189032148073, 40.751897601605705 ], [ -73.911198268293958, 40.751942064121408 ], [ -73.911056783353871, 40.752472789708925 ], [ -73.91036145456529, 40.752540599346858 ], [ -73.910133953719821, 40.752042993966242 ] ] ] ] } },
{ "type": "Feature", "properties": { "Borough": "QN", "Block": 142, "Lot": 5, "CD": 402, "BCT2020": "4017101", "BCTCB2020": "40171011003", "CT2010": "171", "CB2010": "1016", "SchoolDist": "30", "Council": 26, "ZipCode": 11101, "FireComp": "L163", "PolicePrct": 108, "HealthCent": 41, "HealthArea": 720, "Sanitboro": "4", "SanitDistr": "02", "SanitSub": "2D", "Address": "43 STREET", "ZoneDist1": "M1-1", "ZoneDist2": null, "ZoneDist3": null, "ZoneDist4": null, "Overlay1": null, "Overlay2": null, "SPDist1": null, "SPDist2": null, "SPDist3": null, "LtdHeight": null, "SplitZone": "N", "BldgClass": "U7", "LandUse": "07", "Easements": 0, "OwnerType": "X", "OwnerName": "MTA - LIRR", "LotArea": 284341, "BldgArea": 0, "ComArea": 0, "ResArea": 0, "OfficeArea": 0, "RetailArea": 0, "GarageArea": 0, "StrgeArea": 0, "FactryArea": 0, "OtherArea": 0, "AreaSource": "7", "NumBldgs": 0, "NumFloors": 0.0, "UnitsRes": 0, "UnitsTotal": 0, "LotFront": 236.5, "LotDepth": 1321.5, "BldgFront": 0.0, "BldgDepth": 0.0, "Ext": "N", "ProxCode": "0", "IrrLotCode": "N", "LotType": "5", "BsmtCode": "0", "AssessLand": 0.0, "AssessTot": 0.0, "ExemptTot": 0.0, "YearBuilt": 0, "YearAlter1": 0, "YearAlter2": 0, "HistDist": null, "Landmark": null, "BuiltFAR": 0.0, "ResidFAR": 0.0, "CommFAR": 1.0, "FacilFAR": 2.4, "BoroCode": 4, "BBL": 4001420005.0000005, "CondoNo": 0, "Tract2010": "0171", "XCoord": 1007039, "YCoord": 212593, "ZoneMap": "9b", "ZMCode": null, "Sanborn": "401 067", "TaxMap": "40201", "EDesigNum": null, "APPBBL": 0.0, "APPDate": null, "PLUTOMapID": "1", "FIRM07_FLA": null, "PFIRM15_FL": null, "Version": "25v4", "DCPEdited": "t", "Latitude": 40.7501658, "Longitude": -73.9177507, "Notes": null, "Shape_Leng": 0.0, "Shape_Area": 284340.55881399999 }, "geometry": { "type": "MultiPolygon", "coordinates": [ [ [ [ -73.915505211848199, 40.75024972161642 ], [ -73.916036589673169, 40.750170606751901 ], [ -73.916340735209914, 40.750124660222752 ], [ -73.916655235998462, 40.750075355244682 ], [ -73.920148460316923, 40.749417382388067 ], [ -73.92002557199622, 40.750041555109924 ], [ -73.916889939845177, 40.750632172323783 ], [ -73.916888749606116, 40.750632396594376 ], [ -73.916504770359268, 40.750704714746853 ], [ -73.916116493209884, 40.750777841577971 ], [ -73.915381436840306, 40.750916274017818 ], [ -73.915505211848199, 40.75024972161642 ] ] ] ] } },
{ "type": "Feature", "properties": { "Borough": "QN", "Block": 142, "Lot": 50, "CD": 401, "BCT2020": "4017102", "BCTCB2020": "40171021005", "CT2010": "171", "CB2010": "1017", "SchoolDist": "30", "Council": 26, "ZipCode": 11101, "FireComp": "L163", "PolicePrct": 114, "HealthCent": 41, "HealthArea": 720, "Sanitboro": "4", "SanitDistr": "01", "SanitSub": "5C", "Address": "45-40 37 AVENUE", "ZoneDist1": "M1-1", "ZoneDist2": null, "ZoneDist3": null, "ZoneDist4": null, "Overlay1": null, "Overlay2": null, "SPDist1": null, "SPDist2": null, "SPDist3": null, "LtdHeight": null, "SplitZone": "N", "BldgClass": "F9", "LandUse": "06", "Easements": 0, "OwnerType": null, "OwnerName": "SKYFORCE GROUP LLC", "LotArea": 9672, "BldgArea": 9536, "ComArea": 9536, "ResArea": 0, "OfficeArea": 0, "RetailArea": 0, "GarageArea": 5000, "StrgeArea": 0, "FactryArea": 4536, "OtherArea": 0, "AreaSource": "2", "NumBldgs": 1, "NumFloors": 1.0, "UnitsRes": 0, "UnitsTotal": 1, "LotFront": 222.0, "LotDepth": 43.5, "BldgFront": 222.0, "BldgDepth": 43.38, "Ext": "N", "ProxCode": "2", "IrrLotCode": "Y", "LotType": "5", "BsmtCode": "0", "AssessLand": 234900.0, "AssessTot": 474750.0, "ExemptTot": 0.0, "YearBuilt": 1931, "YearAlter1": 0, "YearAlter2": 0, "HistDist": null, "Landmark": null, "BuiltFAR": 0.99, "ResidFAR": 0.0, "CommFAR": 1.0, "FacilFAR": 2.4, "BoroCode": 4, "BBL": 4001420050.0, "CondoNo": 0, "Tract2010": "0171", "XCoord": 1007161, "YCoord": 212760, "ZoneMap": "9b", "ZMCode": null, "Sanborn": "401 067", "TaxMap": "40201", "EDesigNum": null, "APPBBL": 4001420050.0, "APPDate": "11/10/2009", "PLUTOMapID": "1", "FIRM07_FLA": null, "PFIRM15_FL": null, "Version": "25v4", "DCPEdited": null, "Latitude": 40.7506239, "Longitude": -73.9173098, "Notes": null, "Shape_Leng": 0.0, "Shape_Area": 10754.2904428 }, "geometry": { "type": "MultiPolygon", "coordinates": [ [ [ [ -73.916888749606116, 40.750632396594376 ], [ -73.916889939845177, 40.750632172323783 ], [ -73.91689140997444, 40.750636419312087 ], [ -73.91768016863081, 40.750487860667334 ], [ -73.917724033802244, 40.750614545752228 ], [ -73.916934024529837, 40.750763159676517 ], [ -73.916888749606116, 40.750632396594376 ] ] ] ] } },
{ "type": "Feature", "properties": { "Borough": "QN", "Block": 142, "Lot": 75, "CD": 401, "BCT2020": "4017102", "BCTCB2020": "40171021005", "CT2010": "171", "CB2010": "1017", "SchoolDist": "30", "Council": 26, "ZipCode": 11101, "FireComp": "L163", "PolicePrct": 114, "HealthCent": 41, "HealthArea": 720, "Sanitboro": "4", "SanitDistr": "01", "SanitSub": "5C", "Address": "46-02 37 AVENUE", "ZoneDist1": "M1-1", "ZoneDist2": null, "ZoneDist3": null, "ZoneDist4": null, "Overlay1": null, "Overlay2": null, "SPDist1": null, "SPDist2": null, "SPDist3": null, "LtdHeight": null, "SplitZone": "N", "BldgClass": "F5", "LandUse": "06", "Easements": 0, "OwnerType": null, "OwnerName": "KEKE REALTY LLC", "LotArea": 4987, "BldgArea": 4987, "ComArea": 0, "ResArea": 0, "OfficeArea": 0, "RetailArea": 0, "GarageArea": 0, "StrgeArea": 0, "FactryArea": 0, "OtherArea": 0, "AreaSource": "2", "NumBldgs": 1, "NumFloors": 1.0, "UnitsRes": 0, "UnitsTotal": 1, "LotFront": 110.83, "LotDepth": 45.0, "BldgFront": 110.83, "BldgDepth": 45.0, "Ext": "N", "ProxCode": "2", "IrrLotCode": "N", "LotType": "5", "BsmtCode": "0", "AssessLand": 121050.0, "AssessTot": 220050.0, "ExemptTot": 0.0, "YearBuilt": 1931, "YearAlter1": 0, "YearAlter2": 0, "HistDist": null, "Landmark": null, "BuiltFAR": 1.0, "ResidFAR": 0.0, "CommFAR": 1.0, "FacilFAR": 2.4, "BoroCode": 4, "BBL": 4001420075.0, "CondoNo": 0, "Tract2010": "0171", "XCoord": 1007324, "YCoord": 212800, "ZoneMap": "9b", "ZMCode": null, "Sanborn": "401 067", "TaxMap": "40201", "EDesigNum": null, "APPBBL": 4001420050.0, "APPDate": "11/10/2009", "PLUTOMapID": "1", "FIRM07_FLA": null, "PFIRM15_FL": null, "Version": "25v4", "DCPEdited": null, "Latitude": 40.7507332, "Longitude": -73.9167213, "Notes": null, "Shape_Leng": 0.0, "Shape_Area": 5397.3358809000001 }, "geometry": { "type": "MultiPolygon", "coordinates": [ [ [ [ -73.916504770359268, 40.750704714746853 ], [ -73.916888749606116, 40.750632396594376 ], [ -73.916934024529837, 40.750763159676517 ], [ -73.916550014979975, 40.750835395969702 ], [ -73.916504770359268, 40.750704714746853 ] ] ] ] } },
{ "type": "Feature", "properties": { "Borough": "QN", "Block": 142, "Lot": 80, "CD": 401, "BCT2020": "4017102", "BCTCB2020": "40171021005", "CT2010": "171", "CB2010": "1017", "SchoolDist": "30", "Council": 26, "ZipCode": 11101, "FireComp": "L163", "PolicePrct": 114, "HealthCent": 41, "HealthArea": 720, "Sanitboro": "4", "SanitDistr": "01", "SanitSub": "5C", "Address": "46-08 37 AVENUE", "ZoneDist1": "M1-1", "ZoneDist2": null, "ZoneDist3": null, "ZoneDist4": null, "Overlay1": null, "Overlay2": null, "SPDist1": null, "SPDist2": null, "SPDist3": null, "LtdHeight": null, "SplitZone": "N", "BldgClass": "F5", "LandUse": "06", "Easements": 0, "OwnerType": null, "OwnerName": "37TH AVENUE LIC, LLC", "LotArea": 4987, "BldgArea": 4987, "ComArea": 4987, "ResArea": 0, "OfficeArea": 0, "RetailArea": 0, "GarageArea": 0, "StrgeArea": 0, "FactryArea": 4987, "OtherArea": 0, "AreaSource": "2", "NumBldgs": 1, "NumFloors": 1.0, "UnitsRes": 0, "UnitsTotal": 1, "LotFront": 110.83, "LotDepth": 45.0, "BldgFront": 110.83, "BldgDepth": 45.0, "Ext": "N", "ProxCode": "2", "IrrLotCode": "N", "LotType": "5", "BsmtCode": "0", "AssessLand": 112050.0, "AssessTot": 266850.0, "ExemptTot": 0.0, "YearBuilt": 1931, "YearAlter1": 0, "YearAlter2": 0, "HistDist": null, "Landmark": null, "BuiltFAR": 1.0, "ResidFAR": 0.0, "CommFAR": 1.0, "FacilFAR": 2.4, "BoroCode": 4, "BBL": 4001420080.0000005, "CondoNo": 0, "Tract2010": "0171", "XCoord": 1007431, "YCoord": 212827, "ZoneMap": "9b", "ZMCode": null, "Sanborn": "401 067", "TaxMap": "40201", "EDesigNum": null, "APPBBL": 4001420050.0, "APPDate": "11/10/2009", "PLUTOMapID": "1", "FIRM07_FLA": null, "PFIRM15_FL": null, "Version": "25v4", "DCPEdited": null, "Latitude": 40.7508071, "Longitude": -73.9163351, "Notes": null, "Shape_Leng": 0.0, "Shape_Area": 5454.2425807 }, "geometry": { "type": "MultiPolygon", "coordinates": [ [ [ [ -73.916504770359268, 40.750704714746853 ], [ -73.916550014979975, 40.750835395969702 ], [ -73.916161710162228, 40.750908438268446 ], [ -73.916116493209884, 40.750777841577971 ], [ -73.916504770359268, 40.750704714746853 ] ] ] ] } },
{ "type": "Feature", "properties": { "Borough": "QN", "Block": 142, "Lot": 115, "CD": 401, "BCT2020": "4017102", "BCTCB2020": "40171021005", "CT2010": "171", "CB2010": "1017", "SchoolDist": "30", "Council": 26, "ZipCode": 11101, "FireComp": "L163", "PolicePrct": 114, "HealthCent": 41, "HealthArea": 720, "Sanitboro": "4", "SanitDistr": "01", "SanitSub": "5C", "Address": "37-02 48 STREET", "ZoneDist1": "M1-1", "ZoneDist2": null, "ZoneDist3": null, "ZoneDist4": null, "Overlay1": null, "Overlay2": null, "SPDist1": null, "SPDist2": null, "SPDist3": null, "LtdHeight": null, "SplitZone": "N", "BldgClass": "E1", "LandUse": "06", "Easements": 0, "OwnerType": null, "OwnerName": "K.H.L. FLAVORS INC", "LotArea": 10855, "BldgArea": 7500, "ComArea": 7500, "ResArea": 0, "OfficeArea": 1980, "RetailArea": 0, "GarageArea": 0, "StrgeArea": 5520, "FactryArea": 0, "OtherArea": 0, "AreaSource": "2", "NumBldgs": 1, "NumFloors": 1.0, "UnitsRes": 0, "UnitsTotal": 1, "LotFront": 48.0, "LotDepth": 228.0, "BldgFront": 48.67, "BldgDepth": 166.0, "Ext": "N", "ProxCode": "0", "IrrLotCode": "Y", "LotType": "5", "BsmtCode": "0", "AssessLand": 244350.0, "AssessTot": 470250.0, "ExemptTot": 0.0, "YearBuilt": 1964, "YearAlter1": 0, "YearAlter2": 0, "HistDist": null, "Landmark": null, "BuiltFAR": 0.69, "ResidFAR": 0.0, "CommFAR": 1.0, "FacilFAR": 2.4, "BoroCode": 4, "BBL": 4001420115.0, "CondoNo": 0, "Tract2010": "0171", "XCoord": 1007592, "YCoord": 212867, "ZoneMap": "9b", "ZMCode": null, "Sanborn": "401 067", "TaxMap": "40201", "EDesigNum": null, "APPBBL": 0.0, "APPDate": null, "PLUTOMapID": "1", "FIRM07_FLA": null, "PFIRM15_FL": null, "Version": "25v4", "DCPEdited": null, "Latitude": 40.7509164, "Longitude": -73.9157538, "Notes": null, "Shape_Leng": 0.0, "Shape_Area": 10820.168646599999 }, "geometry": { "type": "MultiPolygon", "coordinates": [ [ [ [ -73.915381436840306, 40.750916274017818 ], [ -73.916116493209884, 40.750777841577971 ], [ -73.916161710162228, 40.750908438268446 ], [ -73.915354705903951, 40.751060237422891 ], [ -73.915381436840306, 40.750916274017818 ] ] ] ] } },
{ "type": "Feature", "properties": { "Borough": "QN", "Block": 143, "Lot": 1, "CD": 401, "BCT2020": "4017102", "BCTCB2020": "40171021001", "CT2010": "171", "CB2010": "1001", "SchoolDist": "30", "Council": 26, "ZipCode": 11101, "FireComp": "L163", "PolicePrct": 114, "HealthCent": 41, "HealthArea": 720, "Sanitboro": "4", "SanitDistr": "01", "SanitSub": "5C", "Address": "47-00 NORTHERN BOULEVARD", "ZoneDist1": "M1-1", "ZoneDist2": null, "ZoneDist3": null, "ZoneDist4": null, "Overlay1": null, "Overlay2": null, "SPDist1": null, "SPDist2": null, "SPDist3": null, "LtdHeight": null, "SplitZone": "N", "BldgClass": "E1", "LandUse": "06", "Easements": 0, "OwnerType": null, "OwnerName": "47-00 NORTHERN BOULEVARD LLC", "LotArea": 182378, "BldgArea": 126125, "ComArea": 126125, "ResArea": 0, "OfficeArea": 7839, "RetailArea": 0, "GarageArea": 0, "StrgeArea": 85751, "FactryArea": 32535, "OtherArea": 0, "AreaSource": "2", "NumBldgs": 1, "NumFloors": 2.0, "UnitsRes": 0, "UnitsTotal": 1, "LotFront": 283.08, "LotDepth": 634.33, "BldgFront": 263.0, "BldgDepth": 473.0, "Ext": "N", "ProxCode": "0", "IrrLotCode": "Y", "LotType": "3", "BsmtCode": "0", "AssessLand": 3282750.0, "AssessTot": 4622850.0, "ExemptTot": 0.0, "YearBuilt": 1978, "YearAlter1": 0, "YearAlter2": 0, "HistDist": null, "Landmark": null, "BuiltFAR": 0.69, "ResidFAR": 0.0, "CommFAR": 1.0, "FacilFAR": 2.4, "BoroCode": 4, "BBL": 4001430000.9999995, "CondoNo": 0, "Tract2010": "0171", "XCoord": 1007499, "YCoord": 213735, "ZoneMap": "9b", "ZMCode": null, "Sanborn": "401 094", "TaxMap": "40201", "EDesigNum": null, "APPBBL": 0.0, "APPDate": null, "PLUTOMapID": "1", "FIRM07_FLA": null, "PFIRM15_FL": null, "Version": "25v4", "DCPEdited": null, "Latitude": 40.7532991, "Longitude": -73.9160865, "Notes": null, "Shape_Leng": 0.0, "Shape_Area": 193289.08059699999 }, "geometry": { "type": "MultiPolygon", "coordinates": [ [ [ [ -73.915469081557177, 40.753652639392442 ], [ -73.915238653303064, 40.753616293783963 ], [ -73.914840307548999, 40.753553466435278 ], [ -73.914994902606765, 40.752780815553379 ], [ -73.917338181067009, 40.753019504773917 ], [ -73.917204338522609, 40.753755520402322 ], [ -73.917007020384673, 40.753762132910794 ], [ -73.916774570984998, 40.753765294949879 ], [ -73.916497740118217, 40.75375998842761 ], [ -73.916225589395452, 40.753744958310762 ], [ -73.915991361671047, 40.753723596661374 ], [ -73.915686220947734, 40.753686597593664 ], [ -73.915469081557177, 40.753652639392442 ] ] ] ] } },
{ "type": "Feature", "properties": { "Borough": "QN", "Block": 143, "Lot": 10, "CD": 401, "BCT2020": "4017102", "BCTCB2020": "40171021001", "CT2010": "171", "CB2010": "1001", "SchoolDist": "30", "Council": 26, "ZipCode": 11101, "FireComp": "L163", "PolicePrct": 114, "HealthCent": 41, "HealthArea": 720, "Sanitboro": "4", "SanitDistr": "01", "SanitSub": "5C", "Address": "45-10 48 STREET", "ZoneDist1": "M1-1", "ZoneDist2": null, "ZoneDist3": null, "ZoneDist4": null, "Overlay1": null, "Overlay2": null, "SPDist1": null, "SPDist2": null, "SPDist3": null, "LtdHeight": null, "SplitZone": "N", "BldgClass": "K6", "LandUse": "05", "Easements": 0, "OwnerType": null, "OwnerName": "3500 48 STREET OWNERS LLC", "LotArea": 300077, "BldgArea": 137844, "ComArea": 137844, "ResArea": 0, "OfficeArea": 0, "RetailArea": 137844, "GarageArea": 0, "StrgeArea": 0, "FactryArea": 0, "OtherArea": 0, "AreaSource": "2", "NumBldgs": 3, "NumFloors": 1.0, "UnitsRes": 0, "UnitsTotal": 8, "LotFront": 420.0, "LotDepth": 631.0, "BldgFront": 612.0, "BldgDepth": 225.0, "Ext": "N", "ProxCode": "0", "IrrLotCode": "Y", "LotType": "5", "BsmtCode": "0", "AssessLand": 9452250.0, "AssessTot": 16413300.0, "ExemptTot": 0.0, "YearBuilt": 1980, "YearAlter1": 1995, "YearAlter2": 1995, "HistDist": null, "Landmark": null, "BuiltFAR": 0.46, "ResidFAR": 0.0, "CommFAR": 1.0, "FacilFAR": 2.4, "BoroCode": 4, "BBL": 4001430010.0000005, "CondoNo": 0, "Tract2010": "0171", "XCoord": 1007421, "YCoord": 213374, "ZoneMap": "9b", "ZMCode": null, "Sanborn": "401 094", "TaxMap": "40201", "EDesigNum": null, "APPBBL": 0.0, "APPDate": null, "PLUTOMapID": "1", "FIRM07_FLA": null, "PFIRM15_FL": null, "Version": "25v4", "DCPEdited": null, "Latitude": 40.7523085, "Longitude": -73.9163693, "Notes": null, "Shape_Leng": 0.0, "Shape_Area": 303351.42989299999 }, "geometry": { "type": "MultiPolygon", "coordinates": [ [ [ [ -73.914994902606765, 40.752780815553379 ], [ -73.915219071574015, 40.751660404381191 ], [ -73.916039275470069, 40.751678828968934 ], [ -73.916265356484942, 40.75168698125448 ], [ -73.916510926409089, 40.751701334674117 ], [ -73.916772209276843, 40.751722821106831 ], [ -73.917078182122651, 40.751754307714378 ], [ -73.917377303897837, 40.751789549198783 ], [ -73.917730751362484, 40.751842402117724 ], [ -73.917595965814982, 40.752602406217889 ], [ -73.917338181067009, 40.753019504773917 ], [ -73.914994902606765, 40.752780815553379 ] ] ] ] } },
{ "type": "Feature", "properties": { "Borough": "QN", "Block": 143, "Lot": 21, "CD": 401, "BCT2020": "4017102", "BCTCB2020": "40171021001", "CT2010": "171", "CB2010": "1001", "SchoolDist": "30", "Council": 26, "ZipCode": 11101, "FireComp": "L163", "PolicePrct": 114, "HealthCent": 41, "HealthArea": 720, "Sanitboro": "4", "SanitDistr": "01", "SanitSub": "5C", "Address": "36-00 48 STREET", "ZoneDist1": "M1-1", "ZoneDist2": null, "ZoneDist3": null, "ZoneDist4": null, "Overlay1": null, "Overlay2": null, "SPDist1": null, "SPDist2": null, "SPDist3": null, "LtdHeight": null, "SplitZone": "N", "BldgClass": "V9", "LandUse": "11", "Easements": 0, "OwnerType": null, "OwnerName": "3500 PROPERTY LLC", "LotArea": 15197, "BldgArea": 0, "ComArea": 0, "ResArea": 0, "OfficeArea": 0, "RetailArea": 0, "GarageArea": 0, "StrgeArea": 0, "FactryArea": 0, "OtherArea": 0, "AreaSource": "7", "NumBldgs": 0, "NumFloors": 0.0, "UnitsRes": 0, "UnitsTotal": 0, "LotFront": 44.31, "LotDepth": 681.55, "BldgFront": 0.0, "BldgDepth": 0.0, "Ext": null, "ProxCode": "0", "IrrLotCode": "Y", "LotType": "5", "BsmtCode": "5", "AssessLand": 361350.0, "AssessTot": 361350.0, "ExemptTot": 0.0, "YearBuilt": 0, "YearAlter1": 0, "YearAlter2": 0, "HistDist": null, "Landmark": null, "BuiltFAR": 0.0, "ResidFAR": 0.0, "CommFAR": 1.0, "FacilFAR": 2.4, "BoroCode": 4, "BBL": 4001430021.0000005, "CondoNo": 0, "Tract2010": "0171", "XCoord": 1007444, "YCoord": 213141, "ZoneMap": "9b", "ZMCode": null, "Sanborn": "401 067", "TaxMap": "40201", "EDesigNum": null, "APPBBL": 4001430020.0000005, "APPDate": "02/05/2010", "PLUTOMapID": "1", "FIRM07_FLA": null, "PFIRM15_FL": null, "Version": "25v4", "DCPEdited": null, "Latitude": 40.7516689, "Longitude": -73.9162871, "Notes": null, "Shape_Leng": 0.0, "Shape_Area": 18217.164189 }, "geometry": { "type": "MultiPolygon", "coordinates": [ [ [ [ -73.917743720371575, 40.751769266735913 ], [ -73.917730751362484, 40.751842402117724 ], [ -73.917377303897837, 40.751789549198783 ], [ -73.917078182122651, 40.751754307714378 ], [ -73.916772209276843, 40.751722821106831 ], [ -73.916510926409089, 40.751701334674117 ], [ -73.916265356484942, 40.75168698125448 ], [ -73.916039275470069, 40.751678828968934 ], [ -73.915219071574015, 40.751660404381191 ], [ -73.915245677743187, 40.751527419915796 ], [ -73.917743176878133, 40.751769213222993 ], [ -73.917743720371575, 40.751769266735913 ] ] ] ] } },
{ "type": "Feature", "properties": { "Borough": "QN", "Block": 143, "Lot": 23, "CD": 401, "BCT2020": "4017102", "BCTCB2020": "40171021001", "CT2010": "171", "CB2010": "1001", "SchoolDist": "30", "Council": 26, "ZipCode": 11101, "FireComp": "L163", "PolicePrct": 114, "HealthCent": 41, "HealthArea": 720, "Sanitboro": "4", "SanitDistr": "01", "SanitSub": "5C", "Address": "45-20 48 STREET", "ZoneDist1": "M1-1", "ZoneDist2": null, "ZoneDist3": null, "ZoneDist4": null, "Overlay1": null, "Overlay2": null, "SPDist1": null, "SPDist2": null, "SPDist3": null, "LtdHeight": null, "SplitZone": "N", "BldgClass": "U6", "LandUse": "07", "Easements": 0, "OwnerType": "X", "OwnerName": "NATIONAL RAILROAD PASSENGER CORP", "LotArea": 116763, "BldgArea": 0, "ComArea": 0, "ResArea": 0, "OfficeArea": 0, "RetailArea": 0, "GarageArea": 0, "StrgeArea": 0, "FactryArea": 0, "OtherArea": 0, "AreaSource": "7", "NumBldgs": 0, "NumFloors": 0.0, "UnitsRes": 0, "UnitsTotal": 0, "LotFront": 100.0, "LotDepth": 960.0, "BldgFront": 0.0, "BldgDepth": 0.0, "Ext": "N", "ProxCode": "0", "IrrLotCode": "Y", "LotType": "5", "BsmtCode": "0", "AssessLand": 0.0, "AssessTot": 0.0, "ExemptTot": 0.0, "YearBuilt": 0, "YearAlter1": 0, "YearAlter2": 0, "HistDist": null, "Landmark": null, "BuiltFAR": 0.0, "ResidFAR": 0.0, "CommFAR": 1.0, "FacilFAR": 2.4, "BoroCode": 4, "BBL": 4001430023.0, "CondoNo": 0, "Tract2010": "0171", "XCoord": 1007126, "YCoord": 213114, "ZoneMap": "9b", "ZMCode": null, "Sanborn": "401 067", "TaxMap": "40201", "EDesigNum": null, "APPBBL": 0.0, "APPDate": null, "PLUTOMapID": "1", "FIRM07_FLA": null, "PFIRM15_FL": null, "Version": "25v4", "DCPEdited": "t", "Latitude": 40.7515956, "Longitude": -73.9174349, "Notes": null, "Shape_Leng": 0.0, "Shape_Area": 116762.77037 }, "geometry": { "type": "MultiPolygon", "coordinates": [ [ [ [ -73.918722497080623, 40.751860630256949 ], [ -73.918616782129703, 40.751852922838381 ], [ -73.918385268025787, 40.751830807077859 ], [ -73.917945393472905, 40.751788788858448 ], [ -73.917743720371575, 40.751769266735913 ], [ -73.917743176878133, 40.751769213222993 ], [ -73.915245677743187, 40.751527419915796 ], [ -73.915298624035799, 40.751262788821919 ], [ -73.917986925033716, 40.751525006585929 ], [ -73.91865653263315, 40.751588976014688 ], [ -73.918941803578079, 40.751609767561682 ], [ -73.919358486080057, 40.751623779773972 ], [ -73.919704672476442, 40.751620149788813 ], [ -73.919655489781235, 40.751858451946042 ], [ -73.919301366790194, 40.75186442924295 ], [ -73.919253069644668, 40.751865244493516 ], [ -73.919106350950202, 40.751858980143503 ], [ -73.918999399367337, 40.75185350626829 ], [ -73.918731859092688, 40.751830405070919 ], [ -73.918722497080623, 40.751860630256949 ] ] ] ] } },
{ "type": "Feature", "properties": { "Borough": "QN", "Block": 143, "Lot": 350, "CD": 401, "BCT2020": "4017102", "BCTCB2020": "40171021001", "CT2010": "171", "CB2010": "1011", "SchoolDist": "30", "Council": 26, "ZipCode": 11101, "FireComp": "L163", "PolicePrct": 114, "HealthCent": 41, "HealthArea": 720, "Sanitboro": "4", "SanitDistr": "01", "SanitSub": "5C", "Address": "43-23 37 AVENUE", "ZoneDist1": "M1-1", "ZoneDist2": null, "ZoneDist3": null, "ZoneDist4": null, "Overlay1": null, "Overlay2": null, "SPDist1": null, "SPDist2": null, "SPDist3": null, "LtdHeight": null, "SplitZone": "N", "BldgClass": "M1", "LandUse": "08", "Easements": 0, "OwnerType": "X", "OwnerName": "KOREAN PRESBYTERIANCHRURCH/NY", "LotArea": 94504, "BldgArea": 126980, "ComArea": 126980, "ResArea": 0, "OfficeArea": 0, "RetailArea": 0, "GarageArea": 0, "StrgeArea": 0, "FactryArea": 0, "OtherArea": 126980, "AreaSource": "2", "NumBldgs": 1, "NumFloors": 2.0, "UnitsRes": 0, "UnitsTotal": 1, "LotFront": 281.63, "LotDepth": 405.84, "BldgFront": 218.0, "BldgDepth": 246.0, "Ext": "E", "ProxCode": "1", "IrrLotCode": "Y", "LotType": "5", "BsmtCode": "2", "AssessLand": 1489500.0, "AssessTot": 18268200.0, "ExemptTot": 18268200.0, "YearBuilt": 1932, "YearAlter1": 1997, "YearAlter2": 0, "HistDist": null, "Landmark": null, "BuiltFAR": 1.34, "ResidFAR": 0.0, "CommFAR": 1.0, "FacilFAR": 2.4, "BoroCode": 4, "BBL": 4001430350.0, "CondoNo": 0, "Tract2010": "0171", "XCoord": 1006811, "YCoord": 212929, "ZoneMap": "9b", "ZMCode": null, "Sanborn": "401 067", "TaxMap": "40201", "EDesigNum": null, "APPBBL": 0.0, "APPDate": null, "PLUTOMapID": "1", "FIRM07_FLA": null, "PFIRM15_FL": null, "Version": "25v4", "DCPEdited": null, "Latitude": 40.7510886, "Longitude": -73.9185724, "Notes": null, "Shape_Leng": 0.0, "Shape_Area": 93787.8992803 }, "geometry": { "type": "MultiPolygon", "coordinates": [ [ [ [ -73.917986925033716, 40.751525006585929 ], [ -73.91812726373324, 40.750705969413431 ], [ -73.919129128776646, 40.750516399210106 ], [ -73.918941803578079, 40.751609767561682 ], [ -73.91865653263315, 40.751588976014688 ], [ -73.917986925033716, 40.751525006585929 ] ] ] ] } },
{ "type": "Feature", "properties": { "Borough": "QN", "Block": 143, "Lot": 400, "CD": 401, "BCT2020": "4017102", "BCTCB2020": "40171021001", "CT2010": "171", "CB2010": "1011", "SchoolDist": "30", "Council": 26, "ZipCode": 11101, "FireComp": "L163", "PolicePrct": 114, "HealthCent": 41, "HealthArea": 720, "Sanitboro": "4", "SanitDistr": "01", "SanitSub": "5C", "Address": "43-05 37 AVENUE", "ZoneDist1": "M1-1", "ZoneDist2": null, "ZoneDist3": null, "ZoneDist4": null, "Overlay1": null, "Overlay2": null, "SPDist1": null, "SPDist2": null, "SPDist3": null, "LtdHeight": null, "SplitZone": "N", "BldgClass": "M1", "LandUse": "08", "Easements": 0, "OwnerType": "X", "OwnerName": "KOREAN PRESBYTERIANCHRURCH/NY", "LotArea": 92190, "BldgArea": 14436, "ComArea": 14436, "ResArea": 0, "OfficeArea": 0, "RetailArea": 0, "GarageArea": 0, "StrgeArea": 0, "FactryArea": 0, "OtherArea": 14436, "AreaSource": "2", "NumBldgs": 3, "NumFloors": 1.0, "UnitsRes": 0, "UnitsTotal": 1, "LotFront": 238.28, "LotDepth": 473.29, "BldgFront": 193.0, "BldgDepth": 122.0, "Ext": "N", "ProxCode": "1", "IrrLotCode": "Y", "LotType": "3", "BsmtCode": "0", "AssessLand": 1620000.0, "AssessTot": 4937850.0, "ExemptTot": 4937850.0, "YearBuilt": 1939, "YearAlter1": 1997, "YearAlter2": 0, "HistDist": null, "Landmark": null, "BuiltFAR": 0.16, "ResidFAR": 0.0, "CommFAR": 1.0, "FacilFAR": 2.4, "BoroCode": 4, "BBL": 4001430400.0, "CondoNo": 0, "Tract2010": "0171", "XCoord": 1006569, "YCoord": 212904, "ZoneMap": "9b", "ZMCode": null, "Sanborn": "401 067", "TaxMap": "40201", "EDesigNum": null, "APPBBL": 0.0, "APPDate": null, "PLUTOMapID": "1", "FIRM07_FLA": null, "PFIRM15_FL": null, "Version": "25v4", "DCPEdited": null, "Latitude": 40.7510206, "Longitude": -73.9194459, "Notes": null, "Shape_Leng": 0.0, "Shape_Area": 93685.563118299993 }, "geometry": { "type": "MultiPolygon", "coordinates": [ [ [ [ -73.919129128776646, 40.750516399210106 ], [ -73.919965113639037, 40.750358209161661 ], [ -73.919704672476442, 40.751620149788813 ], [ -73.919358486080057, 40.751623779773972 ], [ -73.918941803578079, 40.751609767561682 ], [ -73.919129128776646, 40.750516399210106 ] ] ] ] } },
{ "type": "Feature", "properties": { "Borough": "QN", "Block": 143, "Lot": 500, "CD": 401, "BCT2020": "4017102", "BCTCB2020": "40171021001", "CT2010": "171", "CB2010": "1001", "SchoolDist": "30", "Council": 26, "ZipCode": 11101, "FireComp": "L163", "PolicePrct": 114, "HealthCent": 41, "HealthArea": 720, "Sanitboro": "4", "SanitDistr": "01", "SanitSub": "5C", "Address": "43-40 NORTHERN BOULEVARD", "ZoneDist1": "M1-1", "ZoneDist2": null, "ZoneDist3": null, "ZoneDist4": null, "Overlay1": null, "Overlay2": null, "SPDist1": null, "SPDist2": null, "SPDist3": null, "LtdHeight": null, "SplitZone": "N", "BldgClass": "G8", "LandUse": "05", "Easements": 0, "OwnerType": null, "OwnerName": "ARGONAUT HOLDINGS INC.", "LotArea": 383354, "BldgArea": 33909, "ComArea": 33909, "ResArea": 0, "OfficeArea": 0, "RetailArea": 0, "GarageArea": 33909, "StrgeArea": 0, "FactryArea": 0, "OtherArea": 0, "AreaSource": "2", "NumBldgs": 1, "NumFloors": 2.0, "UnitsRes": 0, "UnitsTotal": 3, "LotFront": 554.71, "LotDepth": 719.32, "BldgFront": 75.0, "BldgDepth": 170.0, "Ext": null, "ProxCode": "1", "IrrLotCode": "Y", "LotType": "5", "BsmtCode": "0", "AssessLand": 4167900.0, "AssessTot": 7038900.0, "ExemptTot": 0.0, "YearBuilt": 2022, "YearAlter1": 2022, "YearAlter2": 2023, "HistDist": null, "Landmark": null, "BuiltFAR": 0.09, "ResidFAR": 0.0, "CommFAR": 1.0, "FacilFAR": 2.4, "BoroCode": 4, "BBL": 4001430500.0000005, "CondoNo": 0, "Tract2010": "0171", "XCoord": 1006830, "YCoord": 213536, "ZoneMap": "9b", "ZMCode": null, "Sanborn": "401 093", "TaxMap": "40201", "EDesigNum": null, "APPBBL": 4001430500.0000005, "APPDate": "11/06/2014", "PLUTOMapID": "1", "FIRM07_FLA": null, "PFIRM15_FL": null, "Version": "25v4", "DCPEdited": null, "Latitude": 40.7527547, "Longitude": -73.9185018, "Notes": null, "Shape_Leng": 0.0, "Shape_Area": 378417.44741000002 }, "geometry": { "type": "MultiPolygon", "coordinates": [ [ [ [ -73.917338181067009, 40.753019504773917 ], [ -73.917595965814982, 40.752602406217889 ], [ -73.917730751362484, 40.751842402117724 ], [ -73.917743720371575, 40.751769266735913 ], [ -73.917945393472905, 40.751788788858448 ], [ -73.918385268025787, 40.751830807077859 ], [ -73.918616782129703, 40.751852922838381 ], [ -73.918722497080623, 40.751860630256949 ], [ -73.918731859092688, 40.751830405070919 ], [ -73.918999399367337, 40.75185350626829 ], [ -73.919106350950202, 40.751858980143503 ], [ -73.919253069644668, 40.751865244493516 ], [ -73.919301366790194, 40.75186442924295 ], [ -73.919655489781235, 40.751858451946042 ], [ -73.919648519488049, 40.751892224232279 ], [ -73.919697586523341, 40.751890294496427 ], [ -73.919517931874111, 40.752870978583296 ], [ -73.919759530203606, 40.752881631956889 ], [ -73.919678613039878, 40.753329645627254 ], [ -73.919651065585228, 40.75333580293519 ], [ -73.919336289550941, 40.753405019822466 ], [ -73.919090297397034, 40.753458618129542 ], [ -73.918597333699026, 40.753565874633878 ], [ -73.918287712183925, 40.753627603708651 ], [ -73.918004407452898, 40.753675497251329 ], [ -73.917808670880078, 40.753702947255199 ], [ -73.917632449049336, 40.753722862911665 ], [ -73.917426619760704, 40.753740564310384 ], [ -73.917204338522609, 40.753755520402322 ], [ -73.917338181067009, 40.753019504773917 ] ] ] ] } },
{ "type": "Feature", "properties": { "Borough": "QN", "Block": 183, "Lot": 1, "CD": 402, "BCT2020": "4017101", "BCTCB2020": "40171011009", "CT2010": "171", "CB2010": "1021", "SchoolDist": "30", "Council": 26, "ZipCode": 11101, "FireComp": "L163", "PolicePrct": 108, "HealthCent": 41, "HealthArea": 720, "Sanitboro": "4", "SanitDistr": "02", "SanitSub": "2E", "Address": "NORTHERN BOULEVARD", "ZoneDist1": "M1-1", "ZoneDist2": null, "ZoneDist3": null, "ZoneDist4": null, "Overlay1": null, "Overlay2": null, "SPDist1": null, "SPDist2": null, "SPDist3": null, "LtdHeight": null, "SplitZone": "N", "BldgClass": "V1", "LandUse": "11", "Easements": 3, "OwnerType": null, "OwnerName": "GENERAL MOTORS COMMERCIAL CORP", "LotArea": 5082, "BldgArea": 0, "ComArea": 0, "ResArea": 0, "OfficeArea": 0, "RetailArea": 0, "GarageArea": 0, "StrgeArea": 0, "FactryArea": 0, "OtherArea": 0, "AreaSource": "7", "NumBldgs": 1, "NumFloors": 0.0, "UnitsRes": 0, "UnitsTotal": 0, "LotFront": 40.0, "LotDepth": 90.0, "BldgFront": 0.0, "BldgDepth": 0.0, "Ext": null, "ProxCode": "0", "IrrLotCode": "Y", "LotType": "8", "BsmtCode": "0", "AssessLand": 229500.0, "AssessTot": 229500.0, "ExemptTot": 0.0, "YearBuilt": 0, "YearAlter1": 0, "YearAlter2": 0, "HistDist": null, "Landmark": null, "BuiltFAR": 0.0, "ResidFAR": 0.0, "CommFAR": 1.0, "FacilFAR": 2.4, "BoroCode": 4, "BBL": 4001830000.9999995, "CondoNo": 0, "Tract2010": "0171", "XCoord": 1006277, "YCoord": 213208, "ZoneMap": "9b", "ZMCode": null, "Sanborn": "401 092", "TaxMap": "40202", "EDesigNum": null, "APPBBL": 0.0, "APPDate": null, "PLUTOMapID": "1", "FIRM07_FLA": null, "PFIRM15_FL": null, "Version": "25v4", "DCPEdited": null, "Latitude": 40.7518558, "Longitude": -73.9204988, "Notes": null, "Shape_Leng": 0.0, "Shape_Area": 703708.970768 }, "geometry": { "type": "MultiPolygon", "coordinates": [ [ [ [ -73.920770767905083, 40.751843656876247 ], [ -73.920667057206444, 40.751848169875622 ], [ -73.91994047264977, 40.751879788289543 ], [ -73.919983190454545, 40.751664863214806 ], [ -73.920530177797914, 40.751641061176784 ], [ -73.92195676480722, 40.751578967541512 ], [ -73.921903977601957, 40.751568739711267 ], [ -73.921836097771944, 40.751552198971488 ], [ -73.921752030374122, 40.751529106869597 ], [ -73.921679713156593, 40.751506023547066 ], [ -73.921618782051326, 40.751484286085272 ], [ -73.921543312186841, 40.751454645746612 ], [ -73.921469397154738, 40.751425006421435 ], [ -73.921404046859763, 40.751395371061129 ], [ -73.921329328653044, 40.751355125819998 ], [ -73.921279152547285, 40.751327982548304 ], [ -73.921208119698719, 40.7512835487911 ], [ -73.921166068815097, 40.751255707789291 ], [ -73.921119010461396, 40.751221735392136 ], [ -73.921040611229401, 40.751157404242946 ], [ -73.920976528316061, 40.751101941160798 ], [ -73.920928689089877, 40.75105472974905 ], [ -73.920848507044681, 40.750967401880636 ], [ -73.920783281312509, 40.750884523691923 ], [ -73.920742235477803, 40.750822371224949 ], [ -73.920706533251234, 40.750759680226672 ], [ -73.920689059190522, 40.750722906769425 ], [ -73.92066570123437, 40.750672289334652 ], [ -73.920626190150358, 40.75058650302261 ], [ -73.920607373798447, 40.750540461495305 ], [ -73.92057965426946, 40.750459579438456 ], [ -73.920556596135853, 40.750396985383375 ], [ -73.920536018001528, 40.750332042767184 ], [ -73.920512577564509, 40.750241614666251 ], [ -73.920506535399184, 40.750214610560093 ], [ -73.920487149330668, 40.750122277048391 ], [ -73.920442973268251, 40.749864282933693 ], [ -73.920337803128348, 40.749880696584135 ], [ -73.920340784900588, 40.749865696238047 ], [ -73.920458271327959, 40.749274572551293 ], [ -73.920520516547413, 40.748961386615235 ], [ -73.92057883399039, 40.748967263947698 ], [ -73.920619596847629, 40.748881263259513 ], [ -73.920714154142019, 40.748724368608663 ], [ -73.920817281602652, 40.748584084281688 ], [ -73.920868494123454, 40.748523438925005 ], [ -73.920885022184109, 40.748503867079293 ], [ -73.920947853738056, 40.748436347138899 ], [ -73.92099858315656, 40.748393442331874 ], [ -73.92105450267006, 40.748346148414349 ], [ -73.921195379943711, 40.748233368451444 ], [ -73.921331655665, 40.748145459044558 ], [ -73.921428151440765, 40.748093360493534 ], [ -73.921545684295367, 40.748039332124485 ], [ -73.921651203585796, 40.747993118080899 ], [ -73.921763577517282, 40.747950821297827 ], [ -73.921874375533577, 40.747914398276492 ], [ -73.922028380021942, 40.747874872472032 ], [ -73.922169487768286, 40.747845180251872 ], [ -73.922266585633352, 40.74782807061537 ], [ -73.922329386851118, 40.747819262826667 ], [ -73.922409265424733, 40.747807738960702 ], [ -73.922515534373716, 40.747798290528664 ], [ -73.922595308599881, 40.747793956958233 ], [ -73.922691204287574, 40.74779330199398 ], [ -73.922958447166195, 40.7477996119636 ], [ -73.923314286528651, 40.747808015629012 ], [ -73.923463560936867, 40.747811539707349 ], [ -73.925200947245614, 40.747852545691352 ], [ -73.925300758928898, 40.747854900603706 ], [ -73.925337154393745, 40.747682151435832 ], [ -73.925373006884058, 40.747511978376181 ], [ -73.925450261434875, 40.747520959700509 ], [ -73.925265945817159, 40.748395817708953 ], [ -73.925153137986428, 40.748931241435919 ], [ -73.924584545612888, 40.751629897585794 ], [ -73.924504105876736, 40.751631324332905 ], [ -73.922202155903975, 40.751672139166352 ], [ -73.921842587721997, 40.751736084428856 ], [ -73.92087418575457, 40.751908299901991 ], [ -73.9208880483949, 40.751838551601232 ], [ -73.920770767905083, 40.751843656876247 ] ], [ [ -73.920822615907511, 40.750350144330973 ], [ -73.92084479974983, 40.750418260565056 ], [ -73.920883200635458, 40.750510771824032 ], [ -73.920939257009763, 40.750620099625571 ], [ -73.920980762654182, 40.750693912153871 ], [ -73.921016387029439, 40.750746557844181 ], [ -73.921083972784373, 40.750837543867526 ], [ -73.921153127654009, 40.75091246765426 ], [ -73.921204561650057, 40.750963062817256 ], [ -73.921250403105375, 40.75100257692398 ], [ -73.921322480358455, 40.751061884241601 ], [ -73.921357370730973, 40.751086717055394 ], [ -73.921419035441446, 40.751128530189391 ], [ -73.921480711558729, 40.751161758751167 ], [ -73.921558186236027, 40.751200148935773 ], [ -73.921622876490062, 40.751229946730184 ], [ -73.921702051968921, 40.751261031257883 ], [ -73.921768351536741, 40.751282891209605 ], [ -73.921830836250891, 40.751302401776179 ], [ -73.9219346018549, 40.751332185374352 ], [ -73.922035985901104, 40.75135515857415 ], [ -73.922131803133965, 40.751371325500891 ], [ -73.922233199362523, 40.75138397511126 ], [ -73.922308718244693, 40.751391123056216 ], [ -73.922354302057542, 40.751393425804636 ], [ -73.922404501653304, 40.75139365060204 ], [ -73.922547259606546, 40.751393016570567 ], [ -73.922702663410973, 40.75138684820589 ], [ -73.922795796502399, 40.751380436052109 ], [ -73.922920814329203, 40.751368179361229 ], [ -73.922988060298408, 40.751360518804532 ], [ -73.923081517238899, 40.751347399676987 ], [ -73.92317352827591, 40.751333338582178 ], [ -73.923540898340903, 40.751261471642081 ], [ -73.92462311996907, 40.751071163164433 ], [ -73.925024062757359, 40.749168211699448 ], [ -73.92488791057886, 40.749204713964517 ], [ -73.923444531398175, 40.749462003478222 ], [ -73.920758414523178, 40.75003780486373 ], [ -73.920802251357969, 40.750279672803458 ], [ -73.920822615907511, 40.750350144330973 ] ], [ [ -73.922908337813723, 40.74805993518833 ], [ -73.922636363123871, 40.748060005514397 ], [ -73.922580055494521, 40.748060480034646 ], [ -73.922503298807442, 40.748061974534608 ], [ -73.922436432259374, 40.748065907817974 ], [ -73.922364911127303, 40.74807293217048 ], [ -73.922291059737546, 40.748083934191307 ], [ -73.922214301129571, 40.748096258786795 ], [ -73.922163658304598, 40.748104475904725 ], [ -73.922095965078782, 40.748118685060042 ], [ -73.922014562232135, 40.748137210853216 ], [ -73.921942310345727, 40.748158377756795 ], [ -73.921834751462882, 40.748193873750459 ], [ -73.921745248698301, 40.748228134728109 ], [ -73.921700479686436, 40.748248717744325 ], [ -73.921641043753326, 40.748277065692378 ], [ -73.921523971890792, 40.748342489466175 ], [ -73.921452432757434, 40.748387527175105 ], [ -73.921371126673563, 40.748447998117044 ], [ -73.921307445729781, 40.748499171713064 ], [ -73.921302012713298, 40.748503536302451 ], [ -73.921237035968829, 40.74856107558184 ], [ -73.921165394843683, 40.748631753075301 ], [ -73.92109820754186, 40.748710886587283 ], [ -73.921096807200442, 40.748712536238742 ], [ -73.921025500600891, 40.748807411357554 ], [ -73.920953312329416, 40.748932552674454 ], [ -73.920907543728774, 40.74903632335289 ], [ -73.921255590297037, 40.749120337992117 ], [ -73.92125919207767, 40.749131511242858 ], [ -73.9212835893658, 40.749207182936793 ], [ -73.92516287460181, 40.748509364715211 ], [ -73.925184128682787, 40.748408480571278 ], [ -73.925238875121096, 40.7481486294798 ], [ -73.923514291416254, 40.748083001082328 ], [ -73.923130706684148, 40.748068400196352 ], [ -73.922908337813723, 40.74805993518833 ] ] ] ] } },
{ "type": "Feature", "properties": { "Borough": "QN", "Block": 183, "Lot": 8, "CD": 401, "BCT2020": "4017102", "BCTCB2020": "40171021002", "CT2010": "171", "CB2010": "1002", "SchoolDist": "30", "Council": 26, "ZipCode": 11101, "FireComp": "L163", "PolicePrct": 114, "HealthCent": 41, "HealthArea": 720, "Sanitboro": "4", "SanitDistr": "01", "SanitSub": "5C", "Address": "40-08 NORTHERN BOULEVARD", "ZoneDist1": "M1-1", "ZoneDist2": null, "ZoneDist3": null, "ZoneDist4": null, "Overlay1": null, "Overlay2": null, "SPDist1": null, "SPDist2": null, "SPDist3": null, "LtdHeight": null, "SplitZone": "N", "BldgClass": "U6", "LandUse": "07", "Easements": 0, "OwnerType": "X", "OwnerName": "MTA - LIRR", "LotArea": 14920, "BldgArea": 0, "ComArea": 0, "ResArea": 0, "OfficeArea": 0, "RetailArea": 0, "GarageArea": 0, "StrgeArea": 0, "FactryArea": 0, "OtherArea": 0, "AreaSource": "7", "NumBldgs": 0, "NumFloors": 0.0, "UnitsRes": 0, "UnitsTotal": 0, "LotFront": 20.0, "LotDepth": 740.0, "BldgFront": 0.0, "BldgDepth": 0.0, "Ext": "N", "ProxCode": "0", "IrrLotCode": "Y", "LotType": "5", "BsmtCode": "0", "AssessLand": 0.0, "AssessTot": 0.0, "ExemptTot": 0.0, "YearBuilt": 0, "YearAlter1": 0, "YearAlter2": 0, "HistDist": null, "Landmark": null, "BuiltFAR": 0.0, "ResidFAR": 0.0, "CommFAR": 1.0, "FacilFAR": 2.4, "BoroCode": 4, "BBL": 4001830008.0, "CondoNo": 0, "Tract2010": "0171", "XCoord": 1005483, "YCoord": 213145, "ZoneMap": "9b", "ZMCode": null, "Sanborn": "401 092", "TaxMap": "40202", "EDesigNum": null, "APPBBL": 0.0, "APPDate": null, "PLUTOMapID": "1", "FIRM07_FLA": null, "PFIRM15_FL": null, "Version": "25v4", "DCPEdited": "t", "Latitude": 40.7516848, "Longitude": -73.9233648, "Notes": null, "Shape_Leng": 0.0, "Shape_Area": 14919.642899 }, "geometry": { "type": "MultiPolygon", "coordinates": [ [ [ [ -73.922516453889742, 40.751722333095124 ], [ -73.922153073741271, 40.75172974920121 ], [ -73.921842587721997, 40.751736084428856 ], [ -73.922202155903975, 40.751672139166352 ], [ -73.924504105876736, 40.751631324332905 ], [ -73.924584545612888, 40.751629897585794 ], [ -73.92454883881291, 40.751797508215503 ], [ -73.924462328015082, 40.751834290289082 ], [ -73.924494145605223, 40.751681955167037 ], [ -73.922516453889742, 40.751722333095124 ] ] ] ] } },
{ "type": "Feature", "properties": { "Borough": "QN", "Block": 183, "Lot": 9, "CD": 401, "BCT2020": "4017102", "BCTCB2020": "40171021002", "CT2010": "171", "CB2010": "1002", "SchoolDist": "30", "Council": 26, "ZipCode": 11101, "FireComp": "L163", "PolicePrct": 114, "HealthCent": 41, "HealthArea": 720, "Sanitboro": "4", "SanitDistr": "01", "SanitSub": "5C", "Address": "39-10 NORTHERN BOULEVARD", "ZoneDist1": "M1-5", "ZoneDist2": null, "ZoneDist3": null, "ZoneDist4": null, "Overlay1": null, "Overlay2": null, "SPDist1": null, "SPDist2": null, "SPDist3": null, "LtdHeight": null, "SplitZone": "N", "BldgClass": "G8", "LandUse": "05", "Easements": 0, "OwnerType": null, "OwnerName": "GIC QUEENS LLC", "LotArea": 138921, "BldgArea": 37610, "ComArea": 37610, "ResArea": 0, "OfficeArea": 9460, "RetailArea": 0, "GarageArea": 28150, "StrgeArea": 0, "FactryArea": 0, "OtherArea": 0, "AreaSource": "2", "NumBldgs": 1, "NumFloors": 1.0, "UnitsRes": 0, "UnitsTotal": 1, "LotFront": 505.0, "LotDepth": 535.0, "BldgFront": 71.0, "BldgDepth": 44.0, "Ext": "N", "ProxCode": "0", "IrrLotCode": "Y", "LotType": "3", "BsmtCode": "0", "AssessLand": 1597500.0, "AssessTot": 6070950.0, "ExemptTot": 0.0, "YearBuilt": 1971, "YearAlter1": 2006, "YearAlter2": 0, "HistDist": null, "Landmark": null, "BuiltFAR": 0.27, "ResidFAR": 0.0, "CommFAR": 5.0, "FacilFAR": 6.5, "BoroCode": 4, "BBL": 4001830009.0, "CondoNo": 0, "Tract2010": "0171", "XCoord": 1005468, "YCoord": 213296, "ZoneMap": "9b", "ZMCode": null, "Sanborn": "401 092", "TaxMap": "40202", "EDesigNum": null, "APPBBL": 4001830009.0, "APPDate": "02/07/2024", "PLUTOMapID": "1", "FIRM07_FLA": null, "PFIRM15_FL": null, "Version": "25v4", "DCPEdited": null, "Latitude": 40.7520993, "Longitude": -73.9234184, "Notes": null, "Shape_Leng": 0.0, "Shape_Area": 145996.63015499999 }, "geometry": { "type": "MultiPolygon", "coordinates": [ [ [ [ -73.922516453889742, 40.751722333095124 ], [ -73.924494145605223, 40.751681955167037 ], [ -73.924462328015082, 40.751834290289082 ], [ -73.924431910749277, 40.751978643291814 ], [ -73.924419341613302, 40.752056484903719 ], [ -73.924404414848183, 40.752148923842803 ], [ -73.924384032881321, 40.752190057393655 ], [ -73.92435759038527, 40.752229161623703 ], [ -73.924325433695685, 40.752265725424202 ], [ -73.924287981392339, 40.752299273458455 ], [ -73.924248264591569, 40.752308151595919 ], [ -73.923595123523782, 40.752454166317065 ], [ -73.922507167800646, 40.752697379521948 ], [ -73.922554845560484, 40.752337675039733 ], [ -73.92258572167863, 40.752341100633913 ], [ -73.92256261963739, 40.752291662540976 ], [ -73.922611532649867, 40.751967945802136 ], [ -73.922516453889742, 40.751722333095124 ] ] ] ] } },
{ "type": "Feature", "properties": { "Borough": "QN", "Block": 183, "Lot": 51, "CD": 401, "BCT2020": "4017102", "BCTCB2020": "40171021002", "CT2010": "171", "CB2010": "1002", "SchoolDist": "30", "Council": 26, "ZipCode": 11101, "FireComp": "L163", "PolicePrct": 114, "HealthCent": 41, "HealthArea": 720, "Sanitboro": "4", "SanitDistr": "01", "SanitSub": "5C", "Address": "42-02 NORTHERN BOULEVARD", "ZoneDist1": "M1-5", "ZoneDist2": null, "ZoneDist3": null, "ZoneDist4": null, "Overlay1": null, "Overlay2": null, "SPDist1": null, "SPDist2": null, "SPDist3": null, "LtdHeight": null, "SplitZone": "N", "BldgClass": "K6", "LandUse": "05", "Easements": 0, "OwnerType": "X", "OwnerName": "GOULD LONG ISLAND CITY CORP", "LotArea": 146206, "BldgArea": 74637, "ComArea": 74637, "ResArea": 0, "OfficeArea": 0, "RetailArea": 74637, "GarageArea": 0, "StrgeArea": 0, "FactryArea": 0, "OtherArea": 0, "AreaSource": "2", "NumBldgs": 1, "NumFloors": 1.0, "UnitsRes": 0, "UnitsTotal": 6, "LotFront": 391.0, "LotDepth": 435.0, "BldgFront": 334.0, "BldgDepth": 278.0, "Ext": "N", "ProxCode": "0", "IrrLotCode": "Y", "LotType": "5", "BsmtCode": "0", "AssessLand": 3575250.0, "AssessTot": 6071400.0, "ExemptTot": 6071400.0, "YearBuilt": 1977, "YearAlter1": 2000, "YearAlter2": 0, "HistDist": null, "Landmark": null, "BuiltFAR": 0.51, "ResidFAR": 0.0, "CommFAR": 5.0, "FacilFAR": 6.5, "BoroCode": 4, "BBL": 4001830051.0, "CondoNo": 0, "Tract2010": "0171", "XCoord": 1006026, "YCoord": 213401, "ZoneMap": "9b", "ZMCode": null, "Sanborn": "401 092", "TaxMap": "40202", "EDesigNum": null, "APPBBL": 0.0, "APPDate": null, "PLUTOMapID": "1", "FIRM07_FLA": null, "PFIRM15_FL": null, "Version": "25v4", "DCPEdited": null, "Latitude": 40.7523861, "Longitude": -73.9214041, "Notes": null, "Shape_Leng": 0.0, "Shape_Area": 149157.65582099999 }, "geometry": { "type": "MultiPolygon", "coordinates": [ [ [ [ -73.92087418575457, 40.751908299901991 ], [ -73.921842587721997, 40.751736084428856 ], [ -73.922153073741271, 40.75172974920121 ], [ -73.921977500496794, 40.752815782188542 ], [ -73.921650581244577, 40.752888860341386 ], [ -73.921428909531144, 40.752938411732174 ], [ -73.920634141706657, 40.753116065627815 ], [ -73.92087418575457, 40.751908299901991 ] ] ] ] } },
{ "type": "Feature", "properties": { "Borough": "QN", "Block": 183, "Lot": 140, "CD": 401, "BCT2020": "4017102", "BCTCB2020": "40171021001", "CT2010": "171", "CB2010": "1001", "SchoolDist": "30", "Council": 26, "ZipCode": 11101, "FireComp": "L163", "PolicePrct": 114, "HealthCent": 41, "HealthArea": 720, "Sanitboro": "4", "SanitDistr": "01", "SanitSub": "5C", "Address": "42-36 NORTHERN BOULEVARD", "ZoneDist1": "M1-1", "ZoneDist2": null, "ZoneDist3": null, "ZoneDist4": null, "Overlay1": null, "Overlay2": null, "SPDist1": null, "SPDist2": null, "SPDist3": null, "LtdHeight": null, "SplitZone": "N", "BldgClass": "GU", "LandUse": "05", "Easements": 0, "OwnerType": null, "OwnerName": "42-36 NORTHERN BLVD LLC", "LotArea": 10625, "BldgArea": 700, "ComArea": 700, "ResArea": 0, "OfficeArea": 700, "RetailArea": 0, "GarageArea": 0, "StrgeArea": 0, "FactryArea": 0, "OtherArea": 0, "AreaSource": "2", "NumBldgs": 1, "NumFloors": 1.0, "UnitsRes": 0, "UnitsTotal": 1, "LotFront": 125.0, "LotDepth": 85.0, "BldgFront": 12.0, "BldgDepth": 60.0, "Ext": null, "ProxCode": "1", "IrrLotCode": "Y", "LotType": "3", "BsmtCode": "0", "AssessLand": 104338.0, "AssessTot": 184500.0, "ExemptTot": 0.0, "YearBuilt": 1960, "YearAlter1": 0, "YearAlter2": 0, "HistDist": null, "Landmark": null, "BuiltFAR": 0.07, "ResidFAR": 0.0, "CommFAR": 1.0, "FacilFAR": 2.4, "BoroCode": 4, "BBL": 4001830139.9999995, "CondoNo": 0, "Tract2010": "0171", "XCoord": 1006292, "YCoord": 213683, "ZoneMap": "9b", "ZMCode": null, "Sanborn": "401 093", "TaxMap": "40202", "EDesigNum": null, "APPBBL": 0.0, "APPDate": null, "PLUTOMapID": "1", "FIRM07_FLA": null, "PFIRM15_FL": null, "Version": "25v4", "DCPEdited": null, "Latitude": 40.7531595, "Longitude": -73.9204431, "Notes": null, "Shape_Leng": 0.0, "Shape_Area": 23042.797014600001 }, "geometry": { "type": "MultiPolygon", "coordinates": [ [ [ [ -73.92045014373565, 40.752939544325976 ], [ -73.920667057206444, 40.751848169875622 ], [ -73.920770767905083, 40.751843656876247 ], [ -73.920753660100601, 40.751929732737075 ], [ -73.920512466630456, 40.753143262442158 ], [ -73.920404872404617, 40.753167312623042 ], [ -73.920403717626982, 40.753167570250291 ], [ -73.919971950773459, 40.753264079715031 ], [ -73.920016674461721, 40.753039065889872 ], [ -73.92045014373565, 40.752939544325976 ] ] ] ] } },
{ "type": "Feature", "properties": { "Borough": "QN", "Block": 183, "Lot": 146, "CD": 401, "BCT2020": "4017102", "BCTCB2020": "40171021001", "CT2010": "171", "CB2010": "1001", "SchoolDist": "30", "Council": 26, "ZipCode": 11101, "FireComp": "L163", "PolicePrct": 114, "HealthCent": 41, "HealthArea": 720, "Sanitboro": "4", "SanitDistr": "01", "SanitSub": "5C", "Address": "42-52 NORTHERN BOULEVARD", "ZoneDist1": "M1-1", "ZoneDist2": null, "ZoneDist3": null, "ZoneDist4": null, "Overlay1": null, "Overlay2": null, "SPDist1": null, "SPDist2": null, "SPDist3": null, "LtdHeight": null, "SplitZone": "N", "BldgClass": "E1", "LandUse": "06", "Easements": 0, "OwnerType": null, "OwnerName": "NORTHERN REALTY GROUP, LLC", "LotArea": 85800, "BldgArea": 55176, "ComArea": 55176, "ResArea": 0, "OfficeArea": 10946, "RetailArea": 0, "GarageArea": 0, "StrgeArea": 44230, "FactryArea": 0, "OtherArea": 0, "AreaSource": "2", "NumBldgs": 1, "NumFloors": 1.0, "UnitsRes": 0, "UnitsTotal": 1, "LotFront": 84.71, "LotDepth": 529.08, "BldgFront": 188.0, "BldgDepth": 293.0, "Ext": "N", "ProxCode": "0", "IrrLotCode": "Y", "LotType": "5", "BsmtCode": "0", "AssessLand": 1737450.0, "AssessTot": 2713500.0, "ExemptTot": 0.0, "YearBuilt": 1982, "YearAlter1": 0, "YearAlter2": 0, "HistDist": null, "Landmark": null, "BuiltFAR": 0.64, "ResidFAR": 0.0, "CommFAR": 1.0, "FacilFAR": 2.4, "BoroCode": 4, "BBL": 4001830146.0, "CondoNo": 0, "Tract2010": "0171", "XCoord": 1006369, "YCoord": 213441, "ZoneMap": "9b", "ZMCode": null, "Sanborn": "401 093", "TaxMap": "40202", "EDesigNum": null, "APPBBL": 0.0, "APPDate": null, "PLUTOMapID": "1", "FIRM07_FLA": null, "PFIRM15_FL": null, "Version": "25v4", "DCPEdited": null, "Latitude": 40.7524951, "Longitude": -73.920166, "Notes": null, "Shape_Leng": 0.0, "Shape_Area": 89502.644597599996 }, "geometry": { "type": "MultiPolygon", "coordinates": [ [ [ [ -73.91994047264977, 40.751879788289543 ], [ -73.920667057206444, 40.751848169875622 ], [ -73.92045014373565, 40.752939544325976 ], [ -73.920016674461721, 40.753039065889872 ], [ -73.919971950773459, 40.753264079715031 ], [ -73.919678613039878, 40.753329645627254 ], [ -73.919759530203606, 40.752881631956889 ], [ -73.91994047264977, 40.751879788289543 ] ] ] ] } },
{ "type": "Feature", "properties": { "Borough": "QN", "Block": 183, "Lot": 175, "CD": 401, "BCT2020": "4017102", "BCTCB2020": "40171021001", "CT2010": "171", "CB2010": "1011", "SchoolDist": "30", "Council": 26, "ZipCode": 11101, "FireComp": "L163", "PolicePrct": 114, "HealthCent": 41, "HealthArea": 720, "Sanitboro": "4", "SanitDistr": "01", "SanitSub": "5C", "Address": "43 STREET", "ZoneDist1": "M1-1", "ZoneDist2": null, "ZoneDist3": null, "ZoneDist4": null, "Overlay1": null, "Overlay2": null, "SPDist1": null, "SPDist2": null, "SPDist3": null, "LtdHeight": null, "SplitZone": "N", "BldgClass": "V1", "LandUse": "11", "Easements": 0, "OwnerType": null, "OwnerName": "183175 QUEENS CORPORATION", "LotArea": 12836, "BldgArea": 0, "ComArea": 0, "ResArea": 0, "OfficeArea": 0, "RetailArea": 0, "GarageArea": 0, "StrgeArea": 0, "FactryArea": 0, "OtherArea": 0, "AreaSource": "7", "NumBldgs": 1, "NumFloors": 0.0, "UnitsRes": 0, "UnitsTotal": 0, "LotFront": 186.0, "LotDepth": 168.0, "BldgFront": 0.0, "BldgDepth": 0.0, "Ext": null, "ProxCode": "0", "IrrLotCode": "Y", "LotType": "5", "BsmtCode": "5", "AssessLand": 252450.0, "AssessTot": 252450.0, "ExemptTot": 0.0, "YearBuilt": 0, "YearAlter1": 0, "YearAlter2": 0, "HistDist": null, "Landmark": null, "BuiltFAR": 0.0, "ResidFAR": 0.0, "CommFAR": 1.0, "FacilFAR": 2.4, "BoroCode": 4, "BBL": 4001830175.0, "CondoNo": 0, "Tract2010": "0171", "XCoord": 1006359, "YCoord": 213078, "ZoneMap": "9b", "ZMCode": null, "Sanborn": "401 067", "TaxMap": "40202", "EDesigNum": null, "APPBBL": 4001830175.0, "APPDate": "02/11/1988", "PLUTOMapID": "1", "FIRM07_FLA": null, "PFIRM15_FL": null, "Version": "25v4", "DCPEdited": null, "Latitude": 40.7514988, "Longitude": -73.9202033, "Notes": null, "Shape_Leng": 0.0, "Shape_Area": 13135.717056699999 }, "geometry": { "type": "MultiPolygon", "coordinates": [ [ [ [ -73.920080709872835, 40.75117422356535 ], [ -73.920126725328672, 40.75124405931043 ], [ -73.920241485441622, 40.751359144619151 ], [ -73.920307018948833, 40.751417236798787 ], [ -73.920319458376838, 40.751428002034373 ], [ -73.92035412644492, 40.751459378064517 ], [ -73.920393327961023, 40.751493214825004 ], [ -73.920452636331717, 40.751551724928376 ], [ -73.920487659688661, 40.751589139090392 ], [ -73.920507330437175, 40.751613928421122 ], [ -73.920518499968082, 40.751627192526577 ], [ -73.920530177797914, 40.751641061176784 ], [ -73.919983190454545, 40.751664863214806 ], [ -73.920080709872835, 40.75117422356535 ] ] ] ] } },
{ "type": "Feature", "properties": { "Borough": "QN", "Block": 183, "Lot": 185, "CD": 401, "BCT2020": "4017102", "BCTCB2020": "40171021006", "CT2010": "171", "CB2010": "1010", "SchoolDist": "30", "Council": 26, "ZipCode": 11101, "FireComp": "L163", "PolicePrct": 114, "HealthCent": 41, "HealthArea": 720, "Sanitboro": "4", "SanitDistr": "01", "SanitSub": "5C", "Address": "36-38 43 STREET", "ZoneDist1": "M1-1", "ZoneDist2": null, "ZoneDist3": null, "ZoneDist4": null, "Overlay1": null, "Overlay2": null, "SPDist1": null, "SPDist2": null, "SPDist3": null, "LtdHeight": null, "SplitZone": "N", "BldgClass": "Z9", "LandUse": null, "Easements": 0, "OwnerType": "X", "OwnerName": "LONG ISLAND RAIL ROAD COMPANY", "LotArea": 157993, "BldgArea": 0, "ComArea": 0, "ResArea": 0, "OfficeArea": 0, "RetailArea": 0, "GarageArea": 0, "StrgeArea": 0, "FactryArea": 0, "OtherArea": 0, "AreaSource": "7", "NumBldgs": 1, "NumFloors": 0.0, "UnitsRes": 0, "UnitsTotal": 0, "LotFront": 96.0, "LotDepth": 298.0, "BldgFront": 0.0, "BldgDepth": 0.0, "Ext": null, "ProxCode": "0", "IrrLotCode": "Y", "LotType": "5", "BsmtCode": "5", "AssessLand": 3343050.0, "AssessTot": 3343050.0, "ExemptTot": 3343050.0, "YearBuilt": 0, "YearAlter1": 0, "YearAlter2": 0, "HistDist": null, "Landmark": null, "BuiltFAR": 0.0, "ResidFAR": 0.0, "CommFAR": 1.0, "FacilFAR": 2.4, "BoroCode": 4, "BBL": 4001830185.0, "CondoNo": 0, "Tract2010": "0171", "XCoord": 1006235, "YCoord": 212913, "ZoneMap": "9b", "ZMCode": null, "Sanborn": "401 067", "TaxMap": "40202", "EDesigNum": null, "APPBBL": 4001830185.0, "APPDate": "12/19/2013", "PLUTOMapID": "1", "FIRM07_FLA": null, "PFIRM15_FL": null, "Version": "25v4", "DCPEdited": null, "Latitude": 40.7510462, "Longitude": -73.9206514, "Notes": null, "Shape_Leng": 0.0, "Shape_Area": 108804.454054 }, "geometry": { "type": "MultiPolygon", "coordinates": [ [ [ [ -73.920337803128348, 40.749880696584135 ], [ -73.920442973268251, 40.749864282933693 ], [ -73.920487149330668, 40.750122277048391 ], [ -73.920506535399184, 40.750214610560093 ], [ -73.920512577564509, 40.750241614666251 ], [ -73.920536018001528, 40.750332042767184 ], [ -73.920556596135853, 40.750396985383375 ], [ -73.92057965426946, 40.750459579438456 ], [ -73.920607373798447, 40.750540461495305 ], [ -73.920626190150358, 40.75058650302261 ], [ -73.92066570123437, 40.750672289334652 ], [ -73.920689059190522, 40.750722906769425 ], [ -73.920706533251234, 40.750759680226672 ], [ -73.920742235477803, 40.750822371224949 ], [ -73.920783281312509, 40.750884523691923 ], [ -73.920848507044681, 40.750967401880636 ], [ -73.920928689089877, 40.75105472974905 ], [ -73.920976528316061, 40.751101941160798 ], [ -73.921040611229401, 40.751157404242946 ], [ -73.921119010461396, 40.751221735392136 ], [ -73.921166068815097, 40.751255707789291 ], [ -73.921208119698719, 40.7512835487911 ], [ -73.921279152547285, 40.751327982548304 ], [ -73.921329328653044, 40.751355125819998 ], [ -73.921404046859763, 40.751395371061129 ], [ -73.921469397154738, 40.751425006421435 ], [ -73.921543312186841, 40.751454645746612 ], [ -73.921618782051326, 40.751484286085272 ], [ -73.921679713156593, 40.751506023547066 ], [ -73.921752030374122, 40.751529106869597 ], [ -73.921836097771944, 40.751552198971488 ], [ -73.921903977601957, 40.751568739711267 ], [ -73.92195676480722, 40.751578967541512 ], [ -73.920530177797914, 40.751641061176784 ], [ -73.920518499968082, 40.751627192526577 ], [ -73.920507330437175, 40.751613928421122 ], [ -73.920487659688661, 40.751589139090392 ], [ -73.920452636331717, 40.751551724928376 ], [ -73.920393327961023, 40.751493214825004 ], [ -73.92035412644492, 40.751459378064517 ], [ -73.920319458376838, 40.751428002034373 ], [ -73.920307018948833, 40.751417236798787 ], [ -73.920241485441622, 40.751359144619151 ], [ -73.920126725328672, 40.75124405931043 ], [ -73.920080709872835, 40.75117422356535 ], [ -73.920085745575136, 40.751148891309903 ], [ -73.920136202372717, 40.750895031783166 ], [ -73.920180678434903, 40.750671254897568 ], [ -73.920214605426679, 40.750500554697588 ], [ -73.920241552324654, 40.750364976747584 ], [ -73.920276092464036, 40.750191197246473 ], [ -73.920337803128348, 40.749880696584135 ] ] ] ] } },
{ "type": "Feature", "properties": { "Borough": "QN", "Block": 214, "Lot": 16, "CD": 401, "BCT2020": "4017102", "BCTCB2020": "40171021003", "CT2010": "171", "CB2010": "1004", "SchoolDist": "30", "Council": 26, "ZipCode": 11101, "FireComp": "L128", "PolicePrct": 114, "HealthCent": 41, "HealthArea": 720, "Sanitboro": "4", "SanitDistr": "01", "SanitSub": "6C", "Address": "36-02 NORTHERN BOULEVARD", "ZoneDist1": "M1-5", "ZoneDist2": null, "ZoneDist3": null, "ZoneDist4": null, "Overlay1": null, "Overlay2": null, "SPDist1": null, "SPDist2": null, "SPDist3": null, "LtdHeight": null, "SplitZone": "N", "BldgClass": "E7", "LandUse": "06", "Easements": 0, "OwnerType": null, "OwnerName": "EXTRA SPACE PROPERTIES 122 LLC", "LotArea": 16095, "BldgArea": 96000, "ComArea": 96000, "ResArea": 0, "OfficeArea": 0, "RetailArea": 0, "GarageArea": 0, "StrgeArea": 96000, "FactryArea": 0, "OtherArea": 0, "AreaSource": "2", "NumBldgs": 1, "NumFloors": 6.0, "UnitsRes": 0, "UnitsTotal": 1, "LotFront": 185.0, "LotDepth": 87.0, "BldgFront": 185.0, "BldgDepth": 87.0, "Ext": "N", "ProxCode": "0", "IrrLotCode": "Y", "LotType": "5", "BsmtCode": "0", "AssessLand": 579600.0, "AssessTot": 8595900.0, "ExemptTot": 0.0, "YearBuilt": 1928, "YearAlter1": 2020, "YearAlter2": 0, "HistDist": null, "Landmark": null, "BuiltFAR": 5.96, "ResidFAR": 0.0, "CommFAR": 5.0, "FacilFAR": 6.5, "BoroCode": 4, "BBL": 4002140016.0000005, "CondoNo": 0, "Tract2010": "0171", "XCoord": 1004320, "YCoord": 213188, "ZoneMap": "9b", "ZMCode": null, "Sanborn": "401 065", "TaxMap": "40202", "EDesigNum": null, "APPBBL": 0.0, "APPDate": null, "PLUTOMapID": "1", "FIRM07_FLA": null, "PFIRM15_FL": null, "Version": "25v4", "DCPEdited": null, "Latitude": 40.7518055, "Longitude": -73.9275622, "Notes": null, "Shape_Leng": 0.0, "Shape_Area": 17217.819565099999 }, "geometry": { "type": "MultiPolygon", "coordinates": [ [ [ [ -73.927205069286529, 40.751700239356758 ], [ -73.927339119611034, 40.751694320433948 ], [ -73.927355485043108, 40.751693597827995 ], [ -73.92745081822126, 40.751689388668517 ], [ -73.927552896642453, 40.751684881164216 ], [ -73.927557081511978, 40.751684696486691 ], [ -73.927930034811325, 40.751668165174479 ], [ -73.927877476007438, 40.751920717475087 ], [ -73.927500307797089, 40.751936416550549 ], [ -73.92730760106727, 40.751940966721598 ], [ -73.927228705966726, 40.751942828621182 ], [ -73.927205069286529, 40.751700239356758 ] ] ] ] } },
{ "type": "Feature", "properties": { "Borough": "QN", "Block": 214, "Lot": 68, "CD": 401, "BCT2020": "4017102", "BCTCB2020": "40171021003", "CT2010": "171", "CB2010": "1004", "SchoolDist": "30", "Council": 26, "ZipCode": 11101, "FireComp": "L128", "PolicePrct": 114, "HealthCent": 41, "HealthArea": 720, "Sanitboro": "4", "SanitDistr": "01", "SanitSub": "6D", "Address": "39 STREET", "ZoneDist1": "M1-1", "ZoneDist2": null, "ZoneDist3": null, "ZoneDist4": null, "Overlay1": null, "Overlay2": null, "SPDist1": null, "SPDist2": null, "SPDist3": null, "LtdHeight": null, "SplitZone": "N", "BldgClass": "U7", "LandUse": "07", "Easements": 0, "OwnerType": "X", "OwnerName": "MTA - LIRR", "LotArea": 188539, "BldgArea": 0, "ComArea": 0, "ResArea": 0, "OfficeArea": 0, "RetailArea": 0, "GarageArea": 0, "StrgeArea": 0, "FactryArea": 0, "OtherArea": 0, "AreaSource": "7", "NumBldgs": 1, "NumFloors": 0.0, "UnitsRes": 0, "UnitsTotal": 0, "LotFront": 75.0, "LotDepth": 1600.0, "BldgFront": 0.0, "BldgDepth": 0.0, "Ext": "N", "ProxCode": "0", "IrrLotCode": "N", "LotType": "5", "BsmtCode": "0", "AssessLand": 0.0, "AssessTot": 0.0, "ExemptTot": 0.0, "YearBuilt": 0, "YearAlter1": 0, "YearAlter2": 0, "HistDist": null, "Landmark": null, "BuiltFAR": 0.0, "ResidFAR": 0.0, "CommFAR": 1.0, "FacilFAR": 2.4, "BoroCode": 4, "BBL": 4002140068.0000005, "CondoNo": 0, "Tract2010": "0171", "XCoord": 1005110, "YCoord": 213197, "ZoneMap": "9b", "ZMCode": null, "Sanborn": "401 063", "TaxMap": "40202", "EDesigNum": null, "APPBBL": 0.0, "APPDate": null, "PLUTOMapID": "1", "FIRM07_FLA": null, "PFIRM15_FL": null, "Version": "25v4", "DCPEdited": "t", "Latitude": 40.7518284, "Longitude": -73.9247109, "Notes": null, "Shape_Leng": 0.0, "Shape_Area": 188539.24407700001 }, "geometry": { "type": "MultiPolygon", "coordinates": [ [ [ [ -73.92454883881291, 40.751797508215503 ], [ -73.924584545612888, 40.751629897585794 ], [ -73.924744620966777, 40.751623870914401 ], [ -73.924752884157783, 40.751623560253208 ], [ -73.927714763260852, 40.751512022503611 ], [ -73.928761338285298, 40.751423594763125 ], [ -73.92938975216434, 40.751324634767933 ], [ -73.929929441053474, 40.751217977366046 ], [ -73.930140262299119, 40.751161790595418 ], [ -73.930274916061265, 40.751118821771378 ], [ -73.930391149443651, 40.751073620961868 ], [ -73.930481566975757, 40.751033498668285 ], [ -73.930560435896169, 40.750996644377203 ], [ -73.93061940936623, 40.750964176129983 ], [ -73.931130090984624, 40.750656922804765 ], [ -73.931226797284197, 40.750598738596217 ], [ -73.931492926403777, 40.751087132120858 ], [ -73.931389952168942, 40.751125691719011 ], [ -73.931451031960677, 40.751236924673528 ], [ -73.930656256796453, 40.751480402771847 ], [ -73.930313407387047, 40.751529320943575 ], [ -73.930315577327832, 40.751581993830762 ], [ -73.930294508706666, 40.751582506947223 ], [ -73.93018731606476, 40.751585117364705 ], [ -73.930126305713785, 40.751586603923428 ], [ -73.930032513033709, 40.751588888200295 ], [ -73.929765006339494, 40.751595402360195 ], [ -73.929427961910051, 40.751603608517712 ], [ -73.9293106790564, 40.751606464914211 ], [ -73.929249353702872, 40.751607957172922 ], [ -73.929236754170446, 40.751608264567857 ], [ -73.929051941991844, 40.751612763116867 ], [ -73.92902204821408, 40.751614240428026 ], [ -73.927930034811325, 40.751668165174479 ], [ -73.927557081511978, 40.751684696486691 ], [ -73.927552896642453, 40.751684881164216 ], [ -73.92745081822126, 40.751689388668517 ], [ -73.927355485043108, 40.751693597827995 ], [ -73.927339119611034, 40.751694320433948 ], [ -73.927205069286529, 40.751700239356758 ], [ -73.926594848749119, 40.751727178199218 ], [ -73.926382272541701, 40.75173422210375 ], [ -73.925820559234964, 40.751752834749304 ], [ -73.924713617257609, 40.751847656505504 ], [ -73.924700874747913, 40.751848747708763 ], [ -73.924711672955553, 40.751793144809525 ], [ -73.92454883881291, 40.751797508215503 ] ] ] ] } },
{ "type": "Feature", "properties": { "Borough": "QN", "Block": 214, "Lot": 238, "CD": 401, "BCT2020": "4017102", "BCTCB2020": "40171021003", "CT2010": "171", "CB2010": "1004", "SchoolDist": "30", "Council": 26, "ZipCode": 11101, "FireComp": "L128", "PolicePrct": 114, "HealthCent": 41, "HealthArea": 720, "Sanitboro": "4", "SanitDistr": "01", "SanitSub": "6C", "Address": "33-22 NORTHERN BOULEVARD", "ZoneDist1": "M1-5", "ZoneDist2": null, "ZoneDist3": null, "ZoneDist4": null, "Overlay1": null, "Overlay2": null, "SPDist1": null, "SPDist2": null, "SPDist3": null, "LtdHeight": null, "SplitZone": "N", "BldgClass": "O5", "LandUse": "05", "Easements": 0, "OwnerType": null, "OwnerName": "33-24 NORTHERN BLVD.,", "LotArea": 4894, "BldgArea": 29577, "ComArea": 29577, "ResArea": 0, "OfficeArea": 19577, "RetailArea": 10000, "GarageArea": 0, "StrgeArea": 0, "FactryArea": 0, "OtherArea": 0, "AreaSource": "2", "NumBldgs": 1, "NumFloors": 6.0, "UnitsRes": 0, "UnitsTotal": 3, "LotFront": 50.04, "LotDepth": 100.0, "BldgFront": 50.0, "BldgDepth": 100.0, "Ext": "E", "ProxCode": "3", "IrrLotCode": "Y", "LotType": "5", "BsmtCode": "2", "AssessLand": 176400.0, "AssessTot": 1343700.0, "ExemptTot": 0.0, "YearBuilt": 1940, "YearAlter1": 2011, "YearAlter2": 0, "HistDist": null, "Landmark": null, "BuiltFAR": 6.04, "ResidFAR": 0.0, "CommFAR": 5.0, "FacilFAR": 6.5, "BoroCode": 4, "BBL": 4002140238.0, "CondoNo": 0, "Tract2010": "0171", "XCoord": 1003584, "YCoord": 213161, "ZoneMap": "9b", "ZMCode": null, "Sanborn": "401 063", "TaxMap": "40202", "EDesigNum": null, "APPBBL": 4002140239.0000005, "APPDate": "08/28/1997", "PLUTOMapID": "1", "FIRM07_FLA": null, "PFIRM15_FL": null, "Version": "25v4", "DCPEdited": null, "Latitude": 40.7517331, "Longitude": -73.9302187, "Notes": null, "Shape_Leng": 0.0, "Shape_Area": 5088.3624037999998 }, "geometry": { "type": "MultiPolygon", "coordinates": [ [ [ [ -73.930126305713785, 40.751586603923428 ], [ -73.93018731606476, 40.751585117364705 ], [ -73.930294508706666, 40.751582506947223 ], [ -73.930306876584012, 40.751882714007401 ], [ -73.930153580748978, 40.751884940715698 ], [ -73.930138602400987, 40.751885158585047 ], [ -73.930126305713785, 40.751586603923428 ] ] ] ] } },
{ "type": "Feature", "properties": { "Borough": "QN", "Block": 214, "Lot": 239, "CD": 401, "BCT2020": "4017102", "BCTCB2020": "40171021003", "CT2010": "171", "CB2010": "1004", "SchoolDist": "30", "Council": 26, "ZipCode": 11101, "FireComp": "L128", "PolicePrct": 114, "HealthCent": 41, "HealthArea": 720, "Sanitboro": "4", "SanitDistr": "01", "SanitSub": "6C", "Address": "33-26 NORTHERN BOULEVARD", "ZoneDist1": "M1-5", "ZoneDist2": null, "ZoneDist3": null, "ZoneDist4": null, "Overlay1": null, "Overlay2": null, "SPDist1": null, "SPDist2": null, "SPDist3": null, "LtdHeight": null, "SplitZone": "N", "BldgClass": "F9", "LandUse": "06", "Easements": 0, "OwnerType": null, "OwnerName": "33-26 NORTHERN BLVD LLC", "LotArea": 2502, "BldgArea": 2500, "ComArea": 2500, "ResArea": 0, "OfficeArea": 0, "RetailArea": 800, "GarageArea": 0, "StrgeArea": 0, "FactryArea": 1700, "OtherArea": 0, "AreaSource": "2", "NumBldgs": 1, "NumFloors": 1.0, "UnitsRes": 0, "UnitsTotal": 1, "LotFront": 25.02, "LotDepth": 100.0, "BldgFront": 25.0, "BldgDepth": 100.0, "Ext": "E", "ProxCode": "0", "IrrLotCode": "Y", "LotType": "5", "BsmtCode": "0", "AssessLand": 56250.0, "AssessTot": 187200.0, "ExemptTot": 0.0, "YearBuilt": 1940, "YearAlter1": 0, "YearAlter2": 0, "HistDist": null, "Landmark": null, "BuiltFAR": 1.0, "ResidFAR": 0.0, "CommFAR": 5.0, "FacilFAR": 6.5, "BoroCode": 4, "BBL": 4002140239.0000005, "CondoNo": 0, "Tract2010": "0171", "XCoord": 1003620, "YCoord": 213162, "ZoneMap": "9b", "ZMCode": null, "Sanborn": "401 063", "TaxMap": "40202", "EDesigNum": null, "APPBBL": 4002140239.0000005, "APPDate": "08/28/1997", "PLUTOMapID": "1", "FIRM07_FLA": null, "PFIRM15_FL": null, "Version": "25v4", "DCPEdited": null, "Latitude": 40.7517357, "Longitude": -73.9300888, "Notes": null, "Shape_Leng": 0.0, "Shape_Area": 2825.1231629 }, "geometry": { "type": "MultiPolygon", "coordinates": [ [ [ [ -73.930032513033709, 40.751588888200295 ], [ -73.930126305713785, 40.751586603923428 ], [ -73.930138602400987, 40.751885158585047 ], [ -73.930044772313835, 40.751886522503455 ], [ -73.930032513033709, 40.751588888200295 ] ] ] ] } },
{ "type": "Feature", "properties": { "Borough": "QN", "Block": 214, "Lot": 243, "CD": 401, "BCT2020": "4017102", "BCTCB2020": "40171021003", "CT2010": "171", "CB2010": "1004", "SchoolDist": "30", "Council": 26, "ZipCode": 11101, "FireComp": "L128", "PolicePrct": 114, "HealthCent": 41, "HealthArea": 720, "Sanitboro": "4", "SanitDistr": "01", "SanitSub": "6C", "Address": "34-08 NORTHERN BOULEVARD", "ZoneDist1": "M1-5", "ZoneDist2": null, "ZoneDist3": null, "ZoneDist4": null, "Overlay1": null, "Overlay2": null, "SPDist1": null, "SPDist2": null, "SPDist3": null, "LtdHeight": null, "SplitZone": "N", "BldgClass": "O2", "LandUse": "05", "Easements": 0, "OwnerType": null, "OwnerName": "107 WEST 38TH REALTIES LLC", "LotArea": 12500, "BldgArea": 98000, "ComArea": 98000, "ResArea": 0, "OfficeArea": 98000, "RetailArea": 0, "GarageArea": 0, "StrgeArea": 0, "FactryArea": 0, "OtherArea": 0, "AreaSource": "2", "NumBldgs": 1, "NumFloors": 6.0, "UnitsRes": 0, "UnitsTotal": 1, "LotFront": 125.83, "LotDepth": 100.0, "BldgFront": 125.0, "BldgDepth": 100.0, "Ext": "E", "ProxCode": "0", "IrrLotCode": "N", "LotType": "5", "BsmtCode": "0", "AssessLand": 450000.0, "AssessTot": 6453900.0, "ExemptTot": 0.0, "YearBuilt": 1921, "YearAlter1": 0, "YearAlter2": 0, "HistDist": null, "Landmark": null, "BuiltFAR": 7.84, "ResidFAR": 0.0, "CommFAR": 5.0, "FacilFAR": 6.5, "BoroCode": 4, "BBL": 4002140243.0, "CondoNo": 0, "Tract2010": "0171", "XCoord": 1003770, "YCoord": 213166, "ZoneMap": "9b", "ZMCode": null, "Sanborn": "401 063", "TaxMap": "40202", "EDesigNum": null, "APPBBL": 0.0, "APPDate": null, "PLUTOMapID": "1", "FIRM07_FLA": null, "PFIRM15_FL": null, "Version": "25v4", "DCPEdited": null, "Latitude": 40.7517464, "Longitude": -73.9295474, "Notes": null, "Shape_Leng": 0.0, "Shape_Area": 13428.3572386 }, "geometry": { "type": "MultiPolygon", "coordinates": [ [ [ [ -73.9293106790564, 40.751606464914211 ], [ -73.929427961910051, 40.751603608517712 ], [ -73.929765006339494, 40.751595402360195 ], [ -73.929777155862652, 40.751890410780241 ], [ -73.929379169174453, 40.751895717707818 ], [ -73.929322621097711, 40.751896471794922 ], [ -73.9293106790564, 40.751606464914211 ] ] ] ] } },
{ "type": "Feature", "properties": { "Borough": "QN", "Block": 214, "Lot": 249, "CD": 401, "BCT2020": "4017102", "BCTCB2020": "40171021003", "CT2010": "171", "CB2010": "1004", "SchoolDist": "30", "Council": 26, "ZipCode": 11101, "FireComp": "L128", "PolicePrct": 114, "HealthCent": 41, "HealthArea": 720, "Sanitboro": "4", "SanitDistr": "01", "SanitSub": "6C", "Address": "34-18 NORTHERN BOULEVARD", "ZoneDist1": "M1-5", "ZoneDist2": null, "ZoneDist3": null, "ZoneDist4": null, "Overlay1": null, "Overlay2": null, "SPDist1": null, "SPDist2": null, "SPDist3": null, "LtdHeight": null, "SplitZone": "N", "BldgClass": "O5", "LandUse": "05", "Easements": 0, "OwnerType": null, "OwnerName": "3418 NORTHERN BOULEVARD LLC", "LotArea": 8000, "BldgArea": 42680, "ComArea": 42680, "ResArea": 0, "OfficeArea": 32180, "RetailArea": 0, "GarageArea": 0, "StrgeArea": 10500, "FactryArea": 0, "OtherArea": 0, "AreaSource": "2", "NumBldgs": 1, "NumFloors": 5.0, "UnitsRes": 0, "UnitsTotal": 8, "LotFront": 84.0, "LotDepth": 100.0, "BldgFront": 84.0, "BldgDepth": 100.0, "Ext": "N", "ProxCode": "2", "IrrLotCode": "Y", "LotType": "5", "BsmtCode": "0", "AssessLand": 288000.0, "AssessTot": 2804400.0, "ExemptTot": 0.0, "YearBuilt": 1918, "YearAlter1": 2014, "YearAlter2": 0, "HistDist": null, "Landmark": null, "BuiltFAR": 5.34, "ResidFAR": 0.0, "CommFAR": 5.0, "FacilFAR": 6.5, "BoroCode": 4, "BBL": 4002140249.0, "CondoNo": 0, "Tract2010": "0171", "XCoord": 1003872, "YCoord": 213170, "ZoneMap": "9b", "ZMCode": null, "Sanborn": "401 063", "TaxMap": "40202", "EDesigNum": null, "APPBBL": 0.0, "APPDate": null, "PLUTOMapID": "1", "FIRM07_FLA": null, "PFIRM15_FL": null, "Version": "25v4", "DCPEdited": null, "Latitude": 40.7517571, "Longitude": -73.9291792, "Notes": null, "Shape_Leng": 0.0, "Shape_Area": 8151.9294431999997 }, "geometry": { "type": "MultiPolygon", "coordinates": [ [ [ [ -73.929051941991844, 40.751612763116867 ], [ -73.929236754170446, 40.751608264567857 ], [ -73.929249353702872, 40.751607957172922 ], [ -73.9293106790564, 40.751606464914211 ], [ -73.929322621097711, 40.751896471794922 ], [ -73.929191125563506, 40.751898225222362 ], [ -73.929021898257048, 40.751900482943988 ], [ -73.929051941991844, 40.751612763116867 ] ] ] ] } },
{ "type": "Feature", "properties": { "Borough": "QN", "Block": 214, "Lot": 251, "CD": 401, "BCT2020": "4017102", "BCTCB2020": "40171021003", "CT2010": "171", "CB2010": "1004", "SchoolDist": "30", "Council": 26, "ZipCode": 11101, "FireComp": "L128", "PolicePrct": 114, "HealthCent": 41, "HealthArea": 720, "Sanitboro": "4", "SanitDistr": "01", "SanitSub": "6C", "Address": "35-02 NORTHERN BOULEVARD", "ZoneDist1": "M1-5", "ZoneDist2": null, "ZoneDist3": null, "ZoneDist4": null, "Overlay1": null, "Overlay2": null, "SPDist1": null, "SPDist2": null, "SPDist3": null, "LtdHeight": null, "SplitZone": "N", "BldgClass": "G9", "LandUse": "07", "Easements": 0, "OwnerType": null, "OwnerName": "3502 PARTNERS LLC", "LotArea": 29200, "BldgArea": 41500, "ComArea": 41500, "ResArea": 0, "OfficeArea": 10000, "RetailArea": 3900, "GarageArea": 27600, "StrgeArea": 0, "FactryArea": 0, "OtherArea": 0, "AreaSource": "2", "NumBldgs": 1, "NumFloors": 2.0, "UnitsRes": 0, "UnitsTotal": 1, "LotFront": 315.25, "LotDepth": 100.0, "BldgFront": 315.0, "BldgDepth": 60.0, "Ext": "N", "ProxCode": "0", "IrrLotCode": "Y", "LotType": "5", "BsmtCode": "0", "AssessLand": 525600.0, "AssessTot": 2000700.0, "ExemptTot": 0.0, "YearBuilt": 1930, "YearAlter1": 2017, "YearAlter2": 0, "HistDist": null, "Landmark": null, "BuiltFAR": 1.42, "ResidFAR": 0.0, "CommFAR": 5.0, "FacilFAR": 6.5, "BoroCode": 4, "BBL": 4002140250.9999995, "CondoNo": 0, "Tract2010": "0171", "XCoord": 1004064, "YCoord": 213177, "ZoneMap": "9b", "ZMCode": null, "Sanborn": "401 065", "TaxMap": "40202", "EDesigNum": null, "APPBBL": 0.0, "APPDate": null, "PLUTOMapID": "1", "FIRM07_FLA": null, "PFIRM15_FL": null, "Version": "25v4", "DCPEdited": null, "Latitude": 40.7517759, "Longitude": -73.9284862, "Notes": null, "Shape_Leng": 0.0, "Shape_Area": 30742.092926900001 }, "geometry": { "type": "MultiPolygon", "coordinates": [ [ [ [ -73.92902204821408, 40.751614240428026 ], [ -73.929051941991844, 40.751612763116867 ], [ -73.929021898257048, 40.751900482943988 ], [ -73.927877476007438, 40.751920717475087 ], [ -73.927930034811325, 40.751668165174479 ], [ -73.92902204821408, 40.751614240428026 ] ] ] ] } },
{ "type": "Feature", "properties": { "Borough": "QN", "Block": 214, "Lot": 7501, "CD": 401, "BCT2020": "4017102", "BCTCB2020": "40171021003", "CT2010": "171", "CB2010": "1004", "SchoolDist": "30", "Council": 26, "ZipCode": 11101, "FireComp": "L128", "PolicePrct": 114, "HealthCent": 41, "HealthArea": 720, "Sanitboro": "4", "SanitDistr": "01", "SanitSub": "6C", "Address": "33-00 NORTHERN BOULEVARD", "ZoneDist1": "M1-5", "ZoneDist2": null, "ZoneDist3": null, "ZoneDist4": null, "Overlay1": null, "Overlay2": null, "SPDist1": null, "SPDist2": null, "SPDist3": null, "LtdHeight": null, "SplitZone": "N", "BldgClass": "RC", "LandUse": "05", "Easements": 0, "OwnerType": null, "OwnerName": "UNAVAILABLE OWNER", "LotArea": 62750, "BldgArea": 457141, "ComArea": 457141, "ResArea": 0, "OfficeArea": 220294, "RetailArea": 0, "GarageArea": 1600, "StrgeArea": 0, "FactryArea": 0, "OtherArea": 0, "AreaSource": "2", "NumBldgs": 1, "NumFloors": 8.0, "UnitsRes": 0, "UnitsTotal": 15, "LotFront": 391.08, "LotDepth": 238.08, "BldgFront": 391.0, "BldgDepth": 238.0, "Ext": null, "ProxCode": "2", "IrrLotCode": "Y", "LotType": "3", "BsmtCode": "5", "AssessLand": 1412102.0, "AssessTot": 35430753.0, "ExemptTot": 9901115.0, "YearBuilt": 1915, "YearAlter1": 2001, "YearAlter2": 2007, "HistDist": null, "Landmark": null, "BuiltFAR": 7.29, "ResidFAR": 0.0, "CommFAR": 5.0, "FacilFAR": 6.5, "BoroCode": 4, "BBL": 4002147501.0, "CondoNo": 997, "Tract2010": "0171", "XCoord": 1003356, "YCoord": 213125, "ZoneMap": "9b", "ZMCode": null, "Sanborn": "401 063", "TaxMap": "40202", "EDesigNum": null, "APPBBL": 4002140210.0, "APPDate": "04/28/2017", "PLUTOMapID": "1", "FIRM07_FLA": null, "PFIRM15_FL": null, "Version": "25v4", "DCPEdited": null, "Latitude": 40.7516348, "Longitude": -73.9310417, "Notes": null, "Shape_Leng": 0.0, "Shape_Area": 65354.626404000002 }, "geometry": { "type": "MultiPolygon", "coordinates": [ [ [ [ -73.930294508706666, 40.751582506947223 ], [ -73.930315577327832, 40.751581993830762 ], [ -73.930313407387047, 40.751529320943575 ], [ -73.930656256796453, 40.751480402771847 ], [ -73.931451031960677, 40.751236924673528 ], [ -73.931791599332442, 40.751861129595554 ], [ -73.930355708690911, 40.75188200429244 ], [ -73.930306876584012, 40.751882714007401 ], [ -73.930294508706666, 40.751582506947223 ] ] ] ] } },
{ "type": "Feature", "properties": { "Borough": "QN", "Block": 239, "Lot": 34, "CD": 401, "BCT2020": "4017102", "BCTCB2020": "40171021004", "CT2010": "171", "CB2010": "1005", "SchoolDist": "30", "Council": 26, "ZipCode": 11101, "FireComp": "L128", "PolicePrct": 114, "HealthCent": 41, "HealthArea": 720, "Sanitboro": "4", "SanitDistr": "01", "SanitSub": "6D", "Address": "29-46 NORTHERN BOULEVARD", "ZoneDist1": "M1-5", "ZoneDist2": null, "ZoneDist3": null, "ZoneDist4": null, "Overlay1": null, "Overlay2": null, "SPDist1": null, "SPDist2": null, "SPDist3": null, "LtdHeight": null, "SplitZone": "N", "BldgClass": "W8", "LandUse": "08", "Easements": 0, "OwnerType": "X", "OwnerName": "NEW YORK CITY OUTWARD BOUND CENTER, INC", "LotArea": 5900, "BldgArea": 23583, "ComArea": 23583, "ResArea": 0, "OfficeArea": 0, "RetailArea": 0, "GarageArea": 0, "StrgeArea": 0, "FactryArea": 0, "OtherArea": 23583, "AreaSource": "2", "NumBldgs": 1, "NumFloors": 5.0, "UnitsRes": 0, "UnitsTotal": 1, "LotFront": 37.25, "LotDepth": 181.75, "BldgFront": 32.0, "BldgDepth": 145.0, "Ext": "N", "ProxCode": "0", "IrrLotCode": "Y", "LotType": "3", "BsmtCode": "0", "AssessLand": 265500.0, "AssessTot": 1922400.0, "ExemptTot": 1922400.0, "YearBuilt": 1931, "YearAlter1": 2000, "YearAlter2": 0, "HistDist": null, "Landmark": null, "BuiltFAR": 4.0, "ResidFAR": 0.0, "CommFAR": 5.0, "FacilFAR": 6.5, "BoroCode": 4, "BBL": 4002390034.0, "CondoNo": 0, "Tract2010": "0171", "XCoord": 1002111, "YCoord": 212391, "ZoneMap": "9b", "ZMCode": null, "Sanborn": "401 054", "TaxMap": "40203", "EDesigNum": null, "APPBBL": 0.0, "APPDate": null, "PLUTOMapID": "1", "FIRM07_FLA": null, "PFIRM15_FL": null, "Version": "25v4", "DCPEdited": null, "Latitude": 40.7496227, "Longitude": -73.9355372, "Notes": null, "Shape_Leng": 0.0, "Shape_Area": 6457.5315689 }, "geometry": { "type": "MultiPolygon", "coordinates": [ [ [ [ -73.935444974868872, 40.749594957525574 ], [ -73.935392989570673, 40.749643600605701 ], [ -73.935196342004247, 40.749518461092812 ], [ -73.935293305728862, 40.749452075555531 ], [ -73.93588237871667, 40.749737121846401 ], [ -73.935797133041447, 40.74981688964435 ], [ -73.935444974868872, 40.749594957525574 ] ] ] ] } },
{ "type": "Feature", "properties": { "Borough": "QN", "Block": 239, "Lot": 48, "CD": 401, "BCT2020": "4017102", "BCTCB2020": "40171021004", "CT2010": "171", "CB2010": "1005", "SchoolDist": "30", "Council": 26, "ZipCode": 11101, "FireComp": "L128", "PolicePrct": 114, "HealthCent": 41, "HealthArea": 720, "Sanitboro": "4", "SanitDistr": "02", "SanitSub": "2E", "Address": "NORTHERN BOULEVARD", "ZoneDist1": "M1-5", "ZoneDist2": null, "ZoneDist3": null, "ZoneDist4": null, "Overlay1": null, "Overlay2": null, "SPDist1": null, "SPDist2": null, "SPDist3": null, "LtdHeight": null, "SplitZone": "N", "BldgClass": "V1", "LandUse": "11", "Easements": 0, "OwnerType": "X", "OwnerName": "MTA - BRIDGES AND TUNNELS", "LotArea": 3000, "BldgArea": 0, "ComArea": 0, "ResArea": 0, "OfficeArea": 0, "RetailArea": 0, "GarageArea": 0, "StrgeArea": 0, "FactryArea": 0, "OtherArea": 0, "AreaSource": "7", "NumBldgs": 0, "NumFloors": 0.0, "UnitsRes": 0, "UnitsTotal": 0, "LotFront": 13.0, "LotDepth": 232.33, "BldgFront": 0.0, "BldgDepth": 0.0, "Ext": null, "ProxCode": "0", "IrrLotCode": "Y", "LotType": "5", "BsmtCode": "5", "AssessLand": 0.0, "AssessTot": 0.0, "ExemptTot": 0.0, "YearBuilt": 0, "YearAlter1": 0, "YearAlter2": 0, "HistDist": null, "Landmark": null, "BuiltFAR": 0.0, "ResidFAR": 0.0, "CommFAR": 5.0, "FacilFAR": 6.5, "BoroCode": 4, "BBL": 4002390048.0, "CondoNo": 0, "Tract2010": "0171", "XCoord": 1002309, "YCoord": 212600, "ZoneMap": "9b", "ZMCode": null, "Sanborn": "401 054", "TaxMap": "40203", "EDesigNum": null, "APPBBL": 0.0, "APPDate": null, "PLUTOMapID": "1", "FIRM07_FLA": null, "PFIRM15_FL": null, "Version": "25v4", "DCPEdited": "t", "Latitude": 40.750196, "Longitude": -73.934822, "Notes": null, "Shape_Leng": 0.0, "Shape_Area": 3004.1240622 }, "geometry": { "type": "MultiPolygon", "coordinates": [ [ [ [ -73.934460928130648, 40.749992005940392 ], [ -73.934497251962398, 40.749971329501349 ], [ -73.935173063893458, 40.750400839603536 ], [ -73.935145214234339, 40.750426899960623 ], [ -73.934460928130648, 40.749992005940392 ] ] ] ] } },
{ "type": "Feature", "properties": { "Borough": "QN", "Block": 239, "Lot": 60, "CD": 401, "BCT2020": "4017102", "BCTCB2020": "40171021004", "CT2010": "171", "CB2010": "1005", "SchoolDist": "30", "Council": 26, "ZipCode": 11101, "FireComp": "L128", "PolicePrct": 114, "HealthCent": 41, "HealthArea": 720, "Sanitboro": "4", "SanitDistr": "01", "SanitSub": "6D", "Address": "30-30 NORTHERN BOULEVARD", "ZoneDist1": "M1-5", "ZoneDist2": null, "ZoneDist3": null, "ZoneDist4": null, "Overlay1": null, "Overlay2": null, "SPDist1": null, "SPDist2": null, "SPDist3": null, "LtdHeight": null, "SplitZone": "N", "BldgClass": "O6", "LandUse": "05", "Easements": 1, "OwnerType": null, "OwnerName": "3030 EQUITIES, LLC", "LotArea": 103000, "BldgArea": 246835, "ComArea": 246835, "ResArea": 0, "OfficeArea": 212545, "RetailArea": 4800, "GarageArea": 29490, "StrgeArea": 0, "FactryArea": 0, "OtherArea": 0, "AreaSource": "2", "NumBldgs": 1, "NumFloors": 7.0, "UnitsRes": 0, "UnitsTotal": 20, "LotFront": 314.08, "LotDepth": 298.0, "BldgFront": 160.0, "BldgDepth": 298.0, "Ext": "N", "ProxCode": "1", "IrrLotCode": "Y", "LotType": "5", "BsmtCode": "2", "AssessLand": 5538150.0, "AssessTot": 16858800.0, "ExemptTot": 0.0, "YearBuilt": 1917, "YearAlter1": 2012, "YearAlter2": 2011, "HistDist": null, "Landmark": null, "BuiltFAR": 2.4, "ResidFAR": 0.0, "CommFAR": 5.0, "FacilFAR": 6.5, "BoroCode": 4, "BBL": 4002390060.0, "CondoNo": 0, "Tract2010": "0171", "XCoord": 1002654, "YCoord": 212856, "ZoneMap": "9b", "ZMCode": null, "Sanborn": "401 054", "TaxMap": "40203", "EDesigNum": null, "APPBBL": 0.0, "APPDate": null, "PLUTOMapID": "1", "FIRM07_FLA": null, "PFIRM15_FL": null, "Version": "25v4", "DCPEdited": null, "Latitude": 40.7508979, "Longitude": -73.9335761, "Notes": null, "Shape_Leng": 0.0, "Shape_Area": 107864.947164 }, "geometry": { "type": "MultiPolygon", "coordinates": [ [ [ [ -73.933256361566308, 40.751093715651024 ], [ -73.933162181241144, 40.751012262188326 ], [ -73.933106479251663, 40.751004926668983 ], [ -73.932185362966464, 40.750883625374918 ], [ -73.932254282656956, 40.750863458541403 ], [ -73.932396146426058, 40.750823270428107 ], [ -73.932538000963319, 40.75078040584296 ], [ -73.932635872734039, 40.750754743810546 ], [ -73.932748201213144, 40.750722295852491 ], [ -73.932776564124794, 40.750714226843812 ], [ -73.932811703397192, 40.750704229237279 ], [ -73.932809842424078, 40.750699067315061 ], [ -73.932842067957367, 40.750689878413475 ], [ -73.933046688390803, 40.750631528695024 ], [ -73.933206053946165, 40.750577936693475 ], [ -73.933349156631692, 40.750526775496041 ], [ -73.93347290620865, 40.750477777587868 ], [ -73.933606037802846, 40.750421208106872 ], [ -73.933678694056894, 40.750389815120116 ], [ -73.934275649580727, 40.750776404643879 ], [ -73.934551480951754, 40.750955032838313 ], [ -73.934466487742881, 40.751018209901915 ], [ -73.934372134564654, 40.751083197991044 ], [ -73.934251447635006, 40.751158810436955 ], [ -73.934150981949784, 40.751219891092745 ], [ -73.934075794011321, 40.751262527611487 ], [ -73.933961648575504, 40.751322711449632 ], [ -73.933839167382871, 40.751381035377925 ], [ -73.933704720583819, 40.751439123466312 ], [ -73.93367130771955, 40.751452592901927 ], [ -73.933256361566308, 40.751093715651024 ] ] ] ] } },
{ "type": "Feature", "properties": { "Borough": "QN", "Block": 239, "Lot": 97, "CD": 401, "BCT2020": "4017102", "BCTCB2020": "40171021004", "CT2010": "171", "CB2010": "1005", "SchoolDist": "30", "Council": 26, "ZipCode": 11101, "FireComp": "L128", "PolicePrct": 114, "HealthCent": 41, "HealthArea": 720, "Sanitboro": "4", "SanitDistr": "02", "SanitSub": "2E", "Address": "NORTHERN BOULEVARD", "ZoneDist1": "M1-5", "ZoneDist2": null, "ZoneDist3": null, "ZoneDist4": null, "Overlay1": null, "Overlay2": null, "SPDist1": null, "SPDist2": null, "SPDist3": null, "LtdHeight": null, "SplitZone": "N", "BldgClass": "V1", "LandUse": "11", "Easements": 1, "OwnerType": "C", "OwnerName": "NYC DEPARTMENT OF CITYWIDE ADMINISTRATIVE SERVICES", "LotArea": 3080, "BldgArea": 0, "ComArea": 0, "ResArea": 0, "OfficeArea": 0, "RetailArea": 0, "GarageArea": 0, "StrgeArea": 0, "FactryArea": 0, "OtherArea": 0, "AreaSource": "7", "NumBldgs": 0, "NumFloors": 0.0, "UnitsRes": 0, "UnitsTotal": 0, "LotFront": 15.0, "LotDepth": 169.0, "BldgFront": 0.0, "BldgDepth": 0.0, "Ext": null, "ProxCode": "0", "IrrLotCode": "Y", "LotType": "5", "BsmtCode": "0", "AssessLand": 0.0, "AssessTot": 0.0, "ExemptTot": 0.0, "YearBuilt": 0, "YearAlter1": 0, "YearAlter2": 0, "HistDist": null, "Landmark": null, "BuiltFAR": 0.0, "ResidFAR": 0.0, "CommFAR": 5.0, "FacilFAR": 6.5, "BoroCode": 4, "BBL": 4002390096.9999995, "CondoNo": 0, "Tract2010": "0171", "XCoord": 1002692, "YCoord": 212995, "ZoneMap": "9b", "ZMCode": null, "Sanborn": "401 054", "TaxMap": "40203", "EDesigNum": null, "APPBBL": 0.0, "APPDate": null, "PLUTOMapID": "1", "FIRM07_FLA": null, "PFIRM15_FL": null, "Version": "25v4", "DCPEdited": "t", "Latitude": 40.7512793, "Longitude": -73.9334386, "Notes": null, "Shape_Leng": 0.0, "Shape_Area": 2562.2741961000002 }, "geometry": { "type": "MultiPolygon", "coordinates": [ [ [ [ -73.933390663133451, 40.751270501978453 ], [ -73.933201164940002, 40.751106610356864 ], [ -73.93321903524793, 40.751102435217305 ], [ -73.933228763862076, 40.751100162547552 ], [ -73.933256361566308, 40.751093715651024 ], [ -73.93367130771955, 40.751452592901927 ], [ -73.933638501237411, 40.751465819561638 ], [ -73.933623489898679, 40.751471870408182 ], [ -73.933390663133451, 40.751270501978453 ] ] ] ] } },
{ "type": "Feature", "properties": { "Borough": "QN", "Block": 239, "Lot": 98, "CD": 401, "BCT2020": "4017102", "BCTCB2020": "40171021004", "CT2010": "171", "CB2010": "1005", "SchoolDist": "30", "Council": 26, "ZipCode": 11101, "FireComp": "L128", "PolicePrct": 114, "HealthCent": 41, "HealthArea": 720, "Sanitboro": "4", "SanitDistr": "01", "SanitSub": "6D", "Address": "30-36 NORTHERN BOULEVARD", "ZoneDist1": "M1-5", "ZoneDist2": null, "ZoneDist3": null, "ZoneDist4": null, "Overlay1": null, "Overlay2": null, "SPDist1": null, "SPDist2": null, "SPDist3": null, "LtdHeight": null, "SplitZone": "N", "BldgClass": "E7", "LandUse": "06", "Easements": 0, "OwnerType": null, "OwnerName": "NORTHERN BOULEVARD SELF STORAGE OWNER, L LC", "LotArea": 19850, "BldgArea": 133512, "ComArea": 133512, "ResArea": 0, "OfficeArea": 21613, "RetailArea": 0, "GarageArea": 15291, "StrgeArea": 96608, "FactryArea": 0, "OtherArea": 0, "AreaSource": "2", "NumBldgs": 1, "NumFloors": 12.0, "UnitsRes": 0, "UnitsTotal": 2, "LotFront": 148.48, "LotDepth": 169.66, "BldgFront": 91.0, "BldgDepth": 170.0, "Ext": "E", "ProxCode": "1", "IrrLotCode": "Y", "LotType": "5", "BsmtCode": "2", "AssessLand": 900000.0, "AssessTot": 10464750.0, "ExemptTot": 0.0, "YearBuilt": 2013, "YearAlter1": 0, "YearAlter2": 0, "HistDist": null, "Landmark": null, "BuiltFAR": 6.73, "ResidFAR": 0.0, "CommFAR": 5.0, "FacilFAR": 6.5, "BoroCode": 4, "BBL": 4002390098.0, "CondoNo": 0, "Tract2010": "0171", "XCoord": 1002750, "YCoord": 213026, "ZoneMap": "9b", "ZMCode": null, "Sanborn": "401 063", "TaxMap": "40203", "EDesigNum": null, "APPBBL": 4002390098.0, "APPDate": "07/18/2016", "PLUTOMapID": "1", "FIRM07_FLA": null, "PFIRM15_FL": null, "Version": "25v4", "DCPEdited": null, "Latitude": 40.7513643, "Longitude": -73.9332292, "Notes": null, "Shape_Leng": 0.0, "Shape_Area": 20479.013951600002 }, "geometry": { "type": "MultiPolygon", "coordinates": [ [ [ [ -73.932899121520805, 40.751174703737995 ], [ -73.933002836990937, 40.751118954388737 ], [ -73.9331636675917, 40.75113117606103 ], [ -73.933182416323575, 40.751118893169284 ], [ -73.933201164940002, 40.751106610356864 ], [ -73.933390663133451, 40.751270501978453 ], [ -73.933623489898679, 40.751471870408182 ], [ -73.933471968049901, 40.751527166743585 ], [ -73.933349509129982, 40.751568368842484 ], [ -73.933295794969666, 40.751583329270744 ], [ -73.933111621009417, 40.751634238783033 ], [ -73.932998896486239, 40.751302310763911 ], [ -73.93294457795831, 40.751281437736509 ], [ -73.932899121520805, 40.751174703737995 ] ] ] ] } },
{ "type": "Feature", "properties": { "Borough": "QN", "Block": 239, "Lot": 111, "CD": 401, "BCT2020": "4017102", "BCTCB2020": "40171021004", "CT2010": "171", "CB2010": "1005", "SchoolDist": "30", "Council": 26, "ZipCode": 11101, "FireComp": "L128", "PolicePrct": 114, "HealthCent": 41, "HealthArea": 720, "Sanitboro": "4", "SanitDistr": "01", "SanitSub": "6D", "Address": "32-04 NORTHERN BOULEVARD", "ZoneDist1": "M1-5", "ZoneDist2": null, "ZoneDist3": null, "ZoneDist4": null, "Overlay1": null, "Overlay2": null, "SPDist1": null, "SPDist2": null, "SPDist3": null, "LtdHeight": null, "SplitZone": "N", "BldgClass": "E7", "LandUse": "06", "Easements": 0, "OwnerType": null, "OwnerName": "PS NORTHEAST LLC", "LotArea": 48250, "BldgArea": 245397, "ComArea": 245397, "ResArea": 0, "OfficeArea": 5000, "RetailArea": 0, "GarageArea": 0, "StrgeArea": 240397, "FactryArea": 0, "OtherArea": 0, "AreaSource": "2", "NumBldgs": 2, "NumFloors": 6.0, "UnitsRes": 0, "UnitsTotal": 1133, "LotFront": 150.5, "LotDepth": 269.75, "BldgFront": 52.0, "BldgDepth": 0.0, "Ext": "N", "ProxCode": "0", "IrrLotCode": "Y", "LotType": "3", "BsmtCode": "0", "AssessLand": 1628550.0, "AssessTot": 19022400.0, "ExemptTot": 0.0, "YearBuilt": 1931, "YearAlter1": 0, "YearAlter2": 0, "HistDist": null, "Landmark": null, "BuiltFAR": 5.09, "ResidFAR": 0.0, "CommFAR": 5.0, "FacilFAR": 6.5, "BoroCode": 4, "BBL": 4002390111.0, "CondoNo": 0, "Tract2010": "0171", "XCoord": 1003066, "YCoord": 213031, "ZoneMap": "9b", "ZMCode": null, "Sanborn": "401 063", "TaxMap": "40203", "EDesigNum": null, "APPBBL": 4002390111.0, "APPDate": "11/10/1992", "PLUTOMapID": "1", "FIRM07_FLA": null, "PFIRM15_FL": null, "Version": "25v4", "DCPEdited": null, "Latitude": 40.7513774, "Longitude": -73.9320887, "Notes": null, "Shape_Leng": 0.0, "Shape_Area": 50446.210225900002 }, "geometry": { "type": "MultiPolygon", "coordinates": [ [ [ [ -73.93245795753441, 40.751458197208628 ], [ -73.932565439293839, 40.751748622761866 ], [ -73.932400303953585, 40.751769224832678 ], [ -73.93229078438938, 40.751779943102136 ], [ -73.932135144696105, 40.751789901858587 ], [ -73.932074130780947, 40.751792370196391 ], [ -73.932029126674749, 40.75179340164955 ], [ -73.931989663446373, 40.751794216670376 ], [ -73.931599783552684, 40.751079481098316 ], [ -73.93180179658367, 40.750995514353619 ], [ -73.931978129840672, 40.750945739736949 ], [ -73.932117908548719, 40.750903362515508 ], [ -73.93245795753441, 40.751458197208628 ] ] ] ] } },
{ "type": "Feature", "properties": { "Borough": "QN", "Block": 239, "Lot": 7502, "CD": 401, "BCT2020": "4017102", "BCTCB2020": "40171021004", "CT2010": "171", "CB2010": "1005", "SchoolDist": "30", "Council": 26, "ZipCode": 11101, "FireComp": "L128", "PolicePrct": 114, "HealthCent": 41, "HealthArea": 720, "Sanitboro": "4", "SanitDistr": "01", "SanitSub": "6D", "Address": "31-08 NORTHERN BLVD", "ZoneDist1": "M1-5", "ZoneDist2": null, "ZoneDist3": null, "ZoneDist4": null, "Overlay1": null, "Overlay2": null, "SPDist1": null, "SPDist2": null, "SPDist3": null, "LtdHeight": null, "SplitZone": "N", "BldgClass": "RW", "LandUse": "06", "Easements": 0, "OwnerType": null, "OwnerName": "3108 NORTHERN BLVD, LLC", "LotArea": 51168, "BldgArea": 245910, "ComArea": 245910, "ResArea": 0, "OfficeArea": 0, "RetailArea": 245910, "GarageArea": 0, "StrgeArea": 0, "FactryArea": 0, "OtherArea": 0, "AreaSource": "2", "NumBldgs": 1, "NumFloors": 9.0, "UnitsRes": 0, "UnitsTotal": 2, "LotFront": 163.48, "LotDepth": 319.61, "BldgFront": 0.0, "BldgDepth": 0.0, "Ext": null, "ProxCode": "0", "IrrLotCode": "Y", "LotType": "0", "BsmtCode": "5", "AssessLand": 2904301.0, "AssessTot": 12331801.0, "ExemptTot": 0.0, "YearBuilt": 2020, "YearAlter1": 0, "YearAlter2": 0, "HistDist": null, "Landmark": null, "BuiltFAR": 4.81, "ResidFAR": 0.0, "CommFAR": 5.0, "FacilFAR": 6.5, "BoroCode": 4, "BBL": 4002397502.0, "CondoNo": 1249, "Tract2010": "0171", "XCoord": 1002901, "YCoord": 212995, "ZoneMap": "9b", "ZMCode": null, "Sanborn": "401 063", "TaxMap": "40203", "EDesigNum": null, "APPBBL": 4002390105.0, "APPDate": null, "PLUTOMapID": "1", "FIRM07_FLA": null, "PFIRM15_FL": null, "Version": "25v4", "DCPEdited": null, "Latitude": 40.7512789, "Longitude": -73.9326843, "Notes": null, "Shape_Leng": 0.0, "Shape_Area": 53095.290079 }, "geometry": { "type": "MultiPolygon", "coordinates": [ [ [ [ -73.93245795753441, 40.751458197208628 ], [ -73.932117908548719, 40.750903362515508 ], [ -73.932185362966464, 40.750883625374918 ], [ -73.933106479251663, 40.751004926668983 ], [ -73.933162181241144, 40.751012262188326 ], [ -73.933256361566308, 40.751093715651024 ], [ -73.933228763862076, 40.751100162547552 ], [ -73.93321903524793, 40.751102435217305 ], [ -73.933201164940002, 40.751106610356864 ], [ -73.933182416323575, 40.751118893169284 ], [ -73.9331636675917, 40.75113117606103 ], [ -73.933002836990937, 40.751118954388737 ], [ -73.932899121520805, 40.751174703737995 ], [ -73.93294457795831, 40.751281437736509 ], [ -73.932998896486239, 40.751302310763911 ], [ -73.933111621009417, 40.751634238783033 ], [ -73.933001507607884, 40.751662354197393 ], [ -73.932858127178378, 40.751696176541003 ], [ -73.932767108355236, 40.751713048318713 ], [ -73.932736774679682, 40.751718671367435 ], [ -73.932686468788503, 40.751727234584294 ], [ -73.932641325332312, 40.751734920112249 ], [ -73.932565439293839, 40.751748622761866 ], [ -73.93245795753441, 40.751458197208628 ] ] ] ] } },
{ "type": "Feature", "properties": { "Borough": "QN", "Block": 239, "Lot": 7503, "CD": 401, "BCT2020": "4017102", "BCTCB2020": "40171021004", "CT2010": "171", "CB2010": "1005", "SchoolDist": "30", "Council": 26, "ZipCode": 11101, "FireComp": "L128", "PolicePrct": 114, "HealthCent": 41, "HealthArea": 720, "Sanitboro": "4", "SanitDistr": "01", "SanitSub": "6D", "Address": "29-76 NORTHERN BOULEVARD", "ZoneDist1": "M1-5", "ZoneDist2": null, "ZoneDist3": null, "ZoneDist4": null, "Overlay1": null, "Overlay2": null, "SPDist1": null, "SPDist2": null, "SPDist3": null, "LtdHeight": null, "SplitZone": "N", "BldgClass": "RC", "LandUse": "05", "Easements": 0, "OwnerType": null, "OwnerName": "29-76 REALTY CO, LLC", "LotArea": 60935, "BldgArea": 266844, "ComArea": 197750, "ResArea": 0, "OfficeArea": 197750, "RetailArea": 0, "GarageArea": 0, "StrgeArea": 0, "FactryArea": 0, "OtherArea": 0, "AreaSource": "2", "NumBldgs": 2, "NumFloors": 5.0, "UnitsRes": 0, "UnitsTotal": 11, "LotFront": 247.1, "LotDepth": 311.51, "BldgFront": 175.0, "BldgDepth": 234.0, "Ext": null, "ProxCode": "0", "IrrLotCode": "Y", "LotType": "0", "BsmtCode": "5", "AssessLand": 2467799.0, "AssessTot": 11300398.0, "ExemptTot": 4413709.0, "YearBuilt": 1914, "YearAlter1": 0, "YearAlter2": 0, "HistDist": null, "Landmark": null, "BuiltFAR": 4.38, "ResidFAR": 0.0, "CommFAR": 5.0, "FacilFAR": 6.5, "BoroCode": 4, "BBL": 4002397503.0, "CondoNo": 1520, "Tract2010": "0171", "XCoord": 1002411, "YCoord": 212694, "ZoneMap": "9b", "ZMCode": null, "Sanborn": "401 054", "TaxMap": "40203", "EDesigNum": null, "APPBBL": 4002390049.0, "APPDate": null, "PLUTOMapID": "1", "FIRM07_FLA": null, "PFIRM15_FL": null, "Version": "25v4", "DCPEdited": null, "Latitude": 40.7504538, "Longitude": -73.9344536, "Notes": null, "Shape_Leng": 0.0, "Shape_Area": 70255.1690084 }, "geometry": { "type": "MultiPolygon", "coordinates": [ [ [ [ -73.934275649580727, 40.750776404643879 ], [ -73.933678694056894, 40.750389815120116 ], [ -73.933712092052772, 40.750375383912896 ], [ -73.933776693998126, 40.750349847625436 ], [ -73.933847720359665, 40.750318868715638 ], [ -73.933905381351607, 40.750291803820964 ], [ -73.933959204190813, 40.750265122950999 ], [ -73.93419504834317, 40.750143269985571 ], [ -73.934261115373971, 40.750105049694845 ], [ -73.934460928130648, 40.749992005940392 ], [ -73.935145214234339, 40.750426899960623 ], [ -73.934978550390696, 40.750576467490333 ], [ -73.934939741388746, 40.750610031780504 ], [ -73.934826018924497, 40.75071072426217 ], [ -73.934742735963397, 40.750787449856901 ], [ -73.93465278923847, 40.750868345413352 ], [ -73.934562797564553, 40.750946622222592 ], [ -73.934551480951754, 40.750955032838313 ], [ -73.934275649580727, 40.750776404643879 ] ] ] ] } },
{ "type": "Feature", "properties": { "Borough": "QN", "Block": 119, "Lot": 4, "CD": 401, "BCT2020": "4017102", "BCTCB2020": "40171021000", "CT2010": "171", "CB2010": "1012", "SchoolDist": "30", "Council": 26, "ZipCode": 11101, "FireComp": "L163", "PolicePrct": 114, "HealthCent": 41, "HealthArea": 720, "Sanitboro": "4", "SanitDistr": "01", "SanitSub": "5C", "Address": "48 STREET", "ZoneDist1": "M1-1", "ZoneDist2": null, "ZoneDist3": null, "ZoneDist4": null, "Overlay1": null, "Overlay2": null, "SPDist1": null, "SPDist2": null, "SPDist3": null, "LtdHeight": null, "SplitZone": "N", "BldgClass": "U7", "LandUse": "07", "Easements": 0, "OwnerType": "X", "OwnerName": "MTA - LIRR", "LotArea": 349255, "BldgArea": 0, "ComArea": 0, "ResArea": 0, "OfficeArea": 0, "RetailArea": 0, "GarageArea": 0, "StrgeArea": 0, "FactryArea": 0, "OtherArea": 0, "AreaSource": "7", "NumBldgs": 1, "NumFloors": 0.0, "UnitsRes": 0, "UnitsTotal": 0, "LotFront": 201.0, "LotDepth": 738.0, "BldgFront": 0.0, "BldgDepth": 0.0, "Ext": "N", "ProxCode": "0", "IrrLotCode": "N", "LotType": "5", "BsmtCode": "0", "AssessLand": 0.0, "AssessTot": 0.0, "ExemptTot": 0.0, "YearBuilt": 0, "YearAlter1": 0, "YearAlter2": 0, "HistDist": null, "Landmark": null, "BuiltFAR": 0.0, "ResidFAR": 0.0, "CommFAR": 1.0, "FacilFAR": 2.4, "BoroCode": 4, "BBL": 4001190004.0, "CondoNo": 0, "Tract2010": "0171", "XCoord": 1008515, "YCoord": 212795, "ZoneMap": "9b", "ZMCode": "Y", "Sanborn": "401 069", "TaxMap": "40201", "EDesigNum": null, "APPBBL": 0.0, "APPDate": null, "PLUTOMapID": "1", "FIRM07_FLA": null, "PFIRM15_FL": null, "Version": "25v4", "DCPEdited": "t", "Latitude": 40.7507163, "Longitude": -73.9124228, "Notes": null, "Shape_Leng": 0.0, "Shape_Area": 349255.468696 }, "geometry": { "type": "MultiPolygon", "coordinates": [ [ [ [ -73.911287868508083, 40.751066374003095 ], [ -73.911050085278887, 40.751025415352657 ], [ -73.910772414356515, 40.750971810058402 ], [ -73.910658765634523, 40.750948319385415 ], [ -73.910568406335443, 40.750927408723257 ], [ -73.910357726012734, 40.750871563627364 ], [ -73.910001595403614, 40.750768083724488 ], [ -73.909744193506683, 40.75068408339034 ], [ -73.909567524824581, 40.750626429194583 ], [ -73.909705234054783, 40.750130153043862 ], [ -73.909922363985999, 40.750188350226104 ], [ -73.910155012460734, 40.750245366878367 ], [ -73.910382065766683, 40.750295861650407 ], [ -73.910438344049524, 40.750308212747939 ], [ -73.910546893618289, 40.750332034651343 ], [ -73.910653607361397, 40.750353629830769 ], [ -73.910798871952181, 40.750379765441004 ], [ -73.910903853664394, 40.750395937106433 ], [ -73.910982928701671, 40.750407320411433 ], [ -73.911140611198036, 40.750430018062637 ], [ -73.911276106376363, 40.75044349157271 ], [ -73.911399325245455, 40.750455744317563 ], [ -73.911504246970793, 40.750463778424724 ], [ -73.911620530180542, 40.750472682029311 ], [ -73.911830709112309, 40.750487636816082 ], [ -73.911951350193291, 40.750491933747327 ], [ -73.912020067448736, 40.750493944902068 ], [ -73.912474503127513, 40.750489704439758 ], [ -73.913527640365245, 40.75045933090221 ], [ -73.913547326395729, 40.750457383449124 ], [ -73.91408521464119, 40.750404181942606 ], [ -73.914254708503307, 40.750387416752105 ], [ -73.915235120732817, 40.75029043834914 ], [ -73.915123021145973, 40.75083968630387 ], [ -73.914043943307462, 40.751033901578246 ], [ -73.913592879328078, 40.751077899180586 ], [ -73.913295418627996, 40.751126790839791 ], [ -73.913066016177837, 40.751157651952596 ], [ -73.91280794243329, 40.751186537575805 ], [ -73.912627058261364, 40.751207143535908 ], [ -73.912596703475373, 40.751210543265046 ], [ -73.912564283796542, 40.751214708665479 ], [ -73.912530567309858, 40.751218132926866 ], [ -73.912486407860968, 40.75121980307717 ], [ -73.912466706653177, 40.751220548138548 ], [ -73.91244295138516, 40.751220037465337 ], [ -73.912412482801514, 40.751219028164371 ], [ -73.912110856134362, 40.751184443743064 ], [ -73.911696803963338, 40.751128733641124 ], [ -73.911289252221053, 40.75105876123407 ], [ -73.911287868508083, 40.751066374003095 ] ] ] ] } },
{ "type": "Feature", "properties": { "Borough": "QN", "Block": 142, "Lot": 15, "CD": 401, "BCT2020": "4017102", "BCTCB2020": "40171021005", "CT2010": "171", "CB2010": "1017", "SchoolDist": "30", "Council": 26, "ZipCode": 11101, "FireComp": "L163", "PolicePrct": 114, "HealthCent": 41, "HealthArea": 720, "Sanitboro": "4", "SanitDistr": "01", "SanitSub": "5C", "Address": "37 AVENUE", "ZoneDist1": "M1-1", "ZoneDist2": null, "ZoneDist3": null, "ZoneDist4": null, "Overlay1": null, "Overlay2": null, "SPDist1": null, "SPDist2": null, "SPDist3": null, "LtdHeight": null, "SplitZone": "N", "BldgClass": "G7", "LandUse": "10", "Easements": 0, "OwnerType": "X", "OwnerName": "KOREAN PRESBYTERIANCHRURCH/NY", "LotArea": 28163, "BldgArea": 0, "ComArea": 0, "ResArea": 0, "OfficeArea": 0, "RetailArea": 0, "GarageArea": 0, "StrgeArea": 0, "FactryArea": 0, "OtherArea": 0, "AreaSource": "7", "NumBldgs": 0, "NumFloors": 0.0, "UnitsRes": 0, "UnitsTotal": 0, "LotFront": 648.67, "LotDepth": 43.42, "BldgFront": 0.0, "BldgDepth": 0.0, "Ext": null, "ProxCode": "0", "IrrLotCode": "Y", "LotType": "5", "BsmtCode": "5", "AssessLand": 670050.0, "AssessTot": 670050.0, "ExemptTot": 670050.0, "YearBuilt": 0, "YearAlter1": 0, "YearAlter2": 0, "HistDist": null, "Landmark": null, "BuiltFAR": 0.0, "ResidFAR": 0.0, "CommFAR": 1.0, "FacilFAR": 2.4, "BoroCode": 4, "BBL": 4001420015.0000005, "CondoNo": 0, "Tract2010": "0171", "XCoord": 1006732, "YCoord": 212654, "ZoneMap": "9b", "ZMCode": null, "Sanborn": "401 067", "TaxMap": "40201", "EDesigNum": null, "APPBBL": 0.0, "APPDate": null, "PLUTOMapID": "1", "FIRM07_FLA": null, "PFIRM15_FL": null, "Version": "25v4", "DCPEdited": null, "Latitude": 40.750334, "Longitude": -73.9188585, "Notes": null, "Shape_Leng": 0.0, "Shape_Area": 31510.500229000001 }, "geometry": { "type": "MultiPolygon", "coordinates": [ [ [ [ -73.919996949256401, 40.750186939342711 ], [ -73.917724033802244, 40.750614545752228 ], [ -73.91768016863081, 40.750487860667334 ], [ -73.920024647465155, 40.750046253328527 ], [ -73.919996949256401, 40.750186939342711 ] ] ] ] } },
{ "type": "Feature", "properties": { "Borough": "QN", "Block": 239, "Lot": 130, "CD": 401, "BCT2020": "4003301", "BCTCB2020": "40033011017", "CT2010": "171", "CB2010": "1018", "SchoolDist": "30", "Council": 26, "ZipCode": 11101, "FireComp": "L128", "PolicePrct": 114, "HealthCent": 41, "HealthArea": 720, "Sanitboro": "4", "SanitDistr": "01", "SanitSub": "6D", "Address": "SKILLMAN AVENUE", "ZoneDist1": "M1-1", "ZoneDist2": null, "ZoneDist3": null, "ZoneDist4": null, "Overlay1": null, "Overlay2": null, "SPDist1": null, "SPDist2": null, "SPDist3": null, "LtdHeight": null, "SplitZone": "N", "BldgClass": "U7", "LandUse": "07", "Easements": 1, "OwnerType": "X", "OwnerName": "NYC TRANSIT AUTHORITY", "LotArea": 637387, "BldgArea": 0, "ComArea": 0, "ResArea": 0, "OfficeArea": 0, "RetailArea": 0, "GarageArea": 0, "StrgeArea": 0, "FactryArea": 0, "OtherArea": 0, "AreaSource": "7", "NumBldgs": 0, "NumFloors": 0.0, "UnitsRes": 0, "UnitsTotal": 0, "LotFront": 0.0, "LotDepth": 0.0, "BldgFront": 0.0, "BldgDepth": 0.0, "Ext": "N", "ProxCode": "0", "IrrLotCode": "N", "LotType": "5", "BsmtCode": "0", "AssessLand": 0.0, "AssessTot": 0.0, "ExemptTot": 0.0, "YearBuilt": 0, "YearAlter1": 0, "YearAlter2": 0, "HistDist": null, "Landmark": null, "BuiltFAR": 0.0, "ResidFAR": 0.0, "CommFAR": 1.0, "FacilFAR": 2.4, "BoroCode": 4, "BBL": 4002390130.0, "CondoNo": 0, "Tract2010": "0171", "XCoord": 1002484, "YCoord": 212291, "ZoneMap": "9b", "ZMCode": null, "Sanborn": "401 063", "TaxMap": "40203", "EDesigNum": null, "APPBBL": 0.0, "APPDate": null, "PLUTOMapID": "1", "FIRM07_FLA": null, "PFIRM15_FL": null, "Version": "25v4", "DCPEdited": "t", "Latitude": 40.7493475, "Longitude": -73.9341912, "Notes": null, "Shape_Leng": 0.0, "Shape_Area": 637387.26872199995 }, "geometry": { "type": "MultiPolygon", "coordinates": [ [ [ [ -73.931226797284197, 40.750598738596217 ], [ -73.93131319709903, 40.750554088981133 ], [ -73.931559079587913, 40.750427021825146 ], [ -73.931611383841457, 40.750399580175134 ], [ -73.931671008032552, 40.750367787248713 ], [ -73.931747510388263, 40.750325624917934 ], [ -73.931840003813392, 40.75027549358898 ], [ -73.931939628053399, 40.750217029493861 ], [ -73.932054031361091, 40.750144259610238 ], [ -73.932123272094358, 40.750097543458502 ], [ -73.932204612047272, 40.750042664056664 ], [ -73.932390034739015, 40.749911701931353 ], [ -73.932533173356632, 40.749809240059051 ], [ -73.932670964318817, 40.749712547246645 ], [ -73.932905068481645, 40.749547265835432 ], [ -73.933104129813444, 40.749406347431908 ], [ -73.933606454615159, 40.749050829397042 ], [ -73.933992850597733, 40.748776152063357 ], [ -73.934458099524136, 40.748450666858879 ], [ -73.934799338692073, 40.748211036588117 ], [ -73.935771409391521, 40.747577954263555 ], [ -73.935911975537365, 40.747486405447901 ], [ -73.93679887411399, 40.74834825392837 ], [ -73.936661906111752, 40.748444251573801 ], [ -73.936280032971723, 40.748711893017848 ], [ -73.936214204811066, 40.748758029875304 ], [ -73.935842084355869, 40.749018833306735 ], [ -73.935404529968423, 40.749324144871828 ], [ -73.935293305728862, 40.749452075555531 ], [ -73.935196342004247, 40.749518461092812 ], [ -73.934932937865455, 40.749698798656532 ], [ -73.934497251962398, 40.749971329501349 ], [ -73.934460928130648, 40.749992005940392 ], [ -73.934261115373971, 40.750105049694845 ], [ -73.93419504834317, 40.750143269985571 ], [ -73.933959204190813, 40.750265122950999 ], [ -73.933905381351607, 40.750291803820964 ], [ -73.933847720359665, 40.750318868715638 ], [ -73.933776693998126, 40.750349847625436 ], [ -73.933712092052772, 40.750375383912896 ], [ -73.933678694056894, 40.750389815120116 ], [ -73.933606037802846, 40.750421208106872 ], [ -73.93347290620865, 40.750477777587868 ], [ -73.933349156631692, 40.750526775496041 ], [ -73.933206053946165, 40.750577936693475 ], [ -73.933046688390803, 40.750631528695024 ], [ -73.932842067957367, 40.750689878413475 ], [ -73.932809842424078, 40.750699067315061 ], [ -73.932811703397192, 40.750704229237279 ], [ -73.932776564124794, 40.750714226843812 ], [ -73.932748201213144, 40.750722295852491 ], [ -73.932635872734039, 40.750754743810546 ], [ -73.932538000963319, 40.75078040584296 ], [ -73.932396146426058, 40.750823270428107 ], [ -73.932254282656956, 40.750863458541403 ], [ -73.932185362966464, 40.750883625374918 ], [ -73.932117908548719, 40.750903362515508 ], [ -73.931978129840672, 40.750945739736949 ], [ -73.93180179658367, 40.750995514353619 ], [ -73.931599783552684, 40.751079481098316 ], [ -73.931585123314889, 40.751052606642034 ], [ -73.931492926403777, 40.751087132120858 ], [ -73.931226797284197, 40.750598738596217 ] ] ] ] } }
]
}
