{
"type": "FeatureCollection",
"name": "pluto_Fort_Totten",
"crs": { "type": "name", "properties": { "name": "urn:ogc:def:crs:OGC:1.3:CRS84" } },
"features": [
{ "type": "Feature", "properties": { "Borough": "QN", "Block": 5917, "Lot": 1, "CD": 407, "BCT2020": "4099900", "BCTCB2020": "40999001015", "CT2010": "999", "CB2010": "1001", "SchoolDist": "25", "Council": 19, "ZipCode": 11359, "FireComp": "E306", "PolicePrct": 109, "HealthCent": 43, "HealthArea": 3900, "Sanitboro": "4", "SanitDistr": "07", "SanitSub": "8D", "Address": "423 ABBOTT ROAD", "ZoneDist1": "R3-1", "ZoneDist2": "PARK", "ZoneDist3": null, "ZoneDist4": null, "Overlay1": null, "Overlay2": null, "SPDist1": "NA-4", "SPDist2": null, "SPDist3": null, "LtdHeight": null, "SplitZone": "Y", "BldgClass": "Y1", "LandUse": "08", "Easements": 0, "OwnerType": "M", "OwnerName": "FIRE DEPARTMENT OF NEW YORK", "LotArea": 5926250, "BldgArea": 421996, "ComArea": 421996, "ResArea": 0, "OfficeArea": 0, "RetailArea": 0, "GarageArea": 0, "StrgeArea": 0, "FactryArea": 0, "OtherArea": 421996, "AreaSource": "2", "NumBldgs": 98, "NumFloors": 0.0, "UnitsRes": 0, "UnitsTotal": 0, "LotFront": 2000.0, "LotDepth": 2200.0, "BldgFront": 0.0, "BldgDepth": 0.0, "Ext": null, "ProxCode": "0", "IrrLotCode": "Y", "LotType": "5", "BsmtCode": "5", "AssessLand": 48002850.0, "AssessTot": 71053650.0, "ExemptTot": 71053650.0, "YearBuilt": 0, "YearAlter1": 0, "YearAlter2": 0, "HistDist": "Fort Totten Historic District", "Landmark": "INDIVIDUAL LANDMARK", "BuiltFAR": 0.07, "ResidFAR": 0.75, "CommFAR": 0.0, "FacilFAR": 1.0, "BoroCode": 4, "BBL": 4059170000.9999995, "CondoNo": 0, "Tract2010": "0999", "XCoord": 1046530, "YCoord": 227684, "ZoneMap": "11c", "ZMCode": "Y", "Sanborn": "412 91", "TaxMap": "42802", "EDesigNum": null, "APPBBL": 0.0, "APPDate": null, "PLUTOMapID": "1", "FIRM07_FLA": "1", "PFIRM15_FL": "1", "Version": "25v4", "DCPEdited": "t", "Latitude": 40.7913966, "Longitude": -73.7750816, "Notes": null, "Shape_Leng": 0.0, "Shape_Area": 6054113.9489599997 }, "geometry": { "type": "MultiPolygon", "coordinates": [ [ [ [ -73.77644003148977, 40.791675778595199 ], [ -73.776448607487708, 40.791691623365857 ], [ -73.776452682524763, 40.791708466247478 ], [ -73.776452079934998, 40.791725582737193 ], [ -73.776446824863314, 40.791742237263463 ], [ -73.776437144821969, 40.791757712546044 ], [ -73.776423455493799, 40.791771342120953 ], [ -73.776406344230836, 40.791782540921396 ], [ -73.776393678243053, 40.791788872982593 ], [ -73.775242143663903, 40.792396383122266 ], [ -73.775223547975301, 40.79240425679744 ], [ -73.775203272435405, 40.792409215993025 ], [ -73.775182108169204, 40.792411066655369 ], [ -73.775160872852553, 40.792409738347985 ], [ -73.775140396963863, 40.792405282303307 ], [ -73.775121470162986, 40.792397871984129 ], [ -73.775104834394284, 40.792387795293344 ], [ -73.775091131743196, 40.792375442417814 ], [ -73.774899446952588, 40.792164000563822 ], [ -73.77486957794504, 40.792132434433071 ], [ -73.774838044719189, 40.792101809645928 ], [ -73.774804900380403, 40.792072176833521 ], [ -73.774770197938196, 40.79204358278291 ], [ -73.774733996559931, 40.792016076298154 ], [ -73.77469635300362, 40.791989702579571 ], [ -73.774657331079396, 40.791964503079711 ], [ -73.774616993390012, 40.791940520252702 ], [ -73.774571485899074, 40.791912789283074 ], [ -73.774528438406094, 40.79188289205203 ], [ -73.774488030681809, 40.791850953065236 ], [ -73.7744504303638, 40.791817106008246 ], [ -73.773750837683892, 40.791105469104437 ], [ -73.773740016367043, 40.791091907819258 ], [ -73.773732815717921, 40.791077032654634 ], [ -73.773729500479618, 40.791061389763023 ], [ -73.773730194070779, 40.791045554881691 ], [ -73.773734869845654, 40.791030111405007 ], [ -73.773743355138279, 40.791015629971135 ], [ -73.77375533882595, 40.79100264120833 ], [ -73.773770378649871, 40.790991625125891 ], [ -73.774892562328645, 40.79039960962627 ], [ -73.774911023496927, 40.790391779745676 ], [ -73.774931144328391, 40.790386823980285 ], [ -73.774952155315489, 40.790384931653399 ], [ -73.774973250474957, 40.790386175062217 ], [ -73.774993621915598, 40.790390505780138 ], [ -73.775012488230686, 40.790397759226082 ], [ -73.775029126519414, 40.790407655903785 ], [ -73.775042899185564, 40.790419818015216 ], [ -73.776427321763919, 40.791661615061216 ], [ -73.77644003148977, 40.791675778595199 ] ] ], [ [ [ -73.77397745492685, 40.787822834522771 ], [ -73.774055289970534, 40.78778557123001 ], [ -73.774129255641768, 40.787754145535594 ], [ -73.774185131769883, 40.787727729862901 ], [ -73.774234231757262, 40.787711853835702 ], [ -73.774314178799401, 40.787690714449212 ], [ -73.774377501311022, 40.787674700582585 ], [ -73.774419371086509, 40.787663234505231 ], [ -73.77446425911927, 40.787649479862914 ], [ -73.774532114347423, 40.787624786696973 ], [ -73.774583483951218, 40.787616702539509 ], [ -73.774654957491933, 40.787614713590308 ], [ -73.774764667826602, 40.787620263690542 ], [ -73.77489353438196, 40.787636486991374 ], [ -73.775041977391254, 40.78766552744905 ], [ -73.775127854040193, 40.787689243346627 ], [ -73.77527306876253, 40.787737597558028 ], [ -73.775419107236573, 40.787815768859168 ], [ -73.775517048292784, 40.787875820022649 ], [ -73.775550236240719, 40.787911318640944 ], [ -73.775553150833531, 40.787914895849212 ], [ -73.775546136556102, 40.787920200277497 ], [ -73.775534871425563, 40.787928718753371 ], [ -73.775522481818172, 40.787937235874175 ], [ -73.775513472078131, 40.787942343073261 ], [ -73.775498839618237, 40.787949147649719 ], [ -73.775495440155197, 40.787957681369512 ], [ -73.775508906246628, 40.787963689641053 ], [ -73.775528003829379, 40.787965432439236 ], [ -73.775545989658397, 40.787963761915222 ], [ -73.775563986558225, 40.787959525893058 ], [ -73.775581977060355, 40.787956141764212 ], [ -73.775586122179007, 40.787955363102455 ], [ -73.775586724632817, 40.787956102492387 ], [ -73.775608849976024, 40.787979768587022 ], [ -73.775677657964096, 40.788040064443258 ], [ -73.775780022560198, 40.788101352876851 ], [ -73.775785992326831, 40.788108578583483 ], [ -73.77579383046573, 40.788117134187701 ], [ -73.775803910363663, 40.788127403411615 ], [ -73.775813986283154, 40.788138528052208 ], [ -73.775824057556093, 40.788151360014091 ], [ -73.775831881318439, 40.788164186764405 ], [ -73.775840828232319, 40.788177017457777 ], [ -73.775852025660384, 40.788188996102456 ], [ -73.775860976666692, 40.788200973134593 ], [ -73.775872173996746, 40.788212950940732 ], [ -73.775883367228957, 40.788225786922027 ], [ -73.775895683285341, 40.788239476075418 ], [ -73.775906881827922, 40.788251456556921 ], [ -73.775914711374142, 40.788262574056169 ], [ -73.775930380744953, 40.788281398086916 ], [ -73.775940436476631, 40.788298500265924 ], [ -73.775951617791364, 40.788315604632245 ], [ -73.775965044323883, 40.788332712362227 ], [ -73.775978469085715, 40.788350675676007 ], [ -73.775993015452613, 40.788369496594846 ], [ -73.776006443103597, 40.788386605324519 ], [ -73.776018757435423, 40.788401150805029 ], [ -73.776029954826114, 40.788413128511714 ], [ -73.776038917396278, 40.78842168728913 ], [ -73.77604900081208, 40.788430249081586 ], [ -73.776057963390372, 40.788438806854977 ], [ -73.776066921876023, 40.788448221964984 ], [ -73.776078115307683, 40.788461054329254 ], [ -73.776091555701555, 40.788474747404685 ], [ -73.77610387581872, 40.788487582876805 ], [ -73.776116184898029, 40.788502982003948 ], [ -73.776126259155646, 40.788514960278079 ], [ -73.77614083135127, 40.788526091871084 ], [ -73.776153169285791, 40.788532947942123 ], [ -73.77616325670428, 40.788540656065926 ], [ -73.776176725853588, 40.788545807921821 ], [ -73.776190768792361, 40.788547330047095 ], [ -73.776214915068778, 40.788551861475618 ], [ -73.776230638056632, 40.788554454862862 ], [ -73.77624636623905, 40.788556191832875 ], [ -73.776265463444929, 40.78855879093414 ], [ -73.776282319311676, 40.788558823676169 ], [ -73.776300311136623, 40.788555443873385 ], [ -73.776318308600636, 40.788550352227034 ], [ -73.776326192778072, 40.788545243699694 ], [ -73.776335221422499, 40.788534156207646 ], [ -73.776346509626407, 40.788518803766287 ], [ -73.776349910227452, 40.788510268183011 ], [ -73.776344330977864, 40.788498300497388 ], [ -73.776337627369699, 40.788486328787933 ], [ -73.776325325085111, 40.788469221361375 ], [ -73.776311893248149, 40.788452968167512 ], [ -73.776297330869795, 40.788439272019829 ], [ -73.776280525387804, 40.788423865098245 ], [ -73.776269332483324, 40.788410178168299 ], [ -73.776259266824525, 40.788395638923141 ], [ -73.776248072280708, 40.788382802977637 ], [ -73.776235759106797, 40.788368259280347 ], [ -73.776221208137486, 40.788351147557286 ], [ -73.776212255374418, 40.788340027814229 ], [ -73.776203298539443, 40.78832975997112 ], [ -73.776194345791254, 40.78831863754889 ], [ -73.776184269775001, 40.788307514699554 ], [ -73.776176437309545, 40.788297250879388 ], [ -73.776167481699488, 40.788286982115679 ], [ -73.776159647577003, 40.788277571958673 ], [ -73.77615069362669, 40.788266451287008 ], [ -73.776141744868923, 40.788254475202045 ], [ -73.776131673516332, 40.78824164410441 ], [ -73.776121599301931, 40.788229664992635 ], [ -73.776112116947502, 40.788217585719138 ], [ -73.776150344436786, 40.78823079079168 ], [ -73.776212672977209, 40.788255303901643 ], [ -73.776308756379734, 40.788317819833615 ], [ -73.77651218050714, 40.788402617285769 ], [ -73.776634478037707, 40.788501117607936 ], [ -73.77673235033474, 40.788569922278086 ], [ -73.776832262767897, 40.78869464044346 ], [ -73.777005740421345, 40.788852706203016 ], [ -73.77710786904791, 40.788575578098055 ], [ -73.777029577214606, 40.788303817995597 ], [ -73.777111281599801, 40.788351171662455 ], [ -73.777600458682414, 40.788634680362776 ], [ -73.77811526015968, 40.788821502403529 ], [ -73.779064972750646, 40.789135680787155 ], [ -73.780278998529596, 40.78949913437242 ], [ -73.780253793048701, 40.789593461912595 ], [ -73.781619553740455, 40.789886279545314 ], [ -73.781969504843929, 40.789963526865812 ], [ -73.782079720297389, 40.789989166655104 ], [ -73.782098763937157, 40.789996385978931 ], [ -73.782107006352533, 40.790003011294203 ], [ -73.782111759186549, 40.790012604369913 ], [ -73.782115189138338, 40.790027482668478 ], [ -73.782115575242315, 40.790042355210055 ], [ -73.782114696092606, 40.79005758467612 ], [ -73.782112433053797, 40.790072423426977 ], [ -73.782105856321621, 40.790088274249449 ], [ -73.782092836707818, 40.790114224693646 ], [ -73.781765759039601, 40.790665637229836 ], [ -73.781472628261227, 40.791159808667913 ], [ -73.781184695285617, 40.791470681680764 ], [ -73.781166685176373, 40.791486657548504 ], [ -73.781144964385064, 40.791499723111578 ], [ -73.781120339928933, 40.791509396348722 ], [ -73.781093721888041, 40.791515316989354 ], [ -73.781066100239045, 40.79151726814483 ], [ -73.781038495527937, 40.791515174200512 ], [ -73.781011933518059, 40.791509114659355 ], [ -73.780987396782535, 40.791499314596329 ], [ -73.780789155547126, 40.791393253391512 ], [ -73.7806619493293, 40.791327945291705 ], [ -73.780531496212902, 40.791266417479839 ], [ -73.780397992580319, 40.791208763014886 ], [ -73.780261639686231, 40.791155066179861 ], [ -73.780122640989546, 40.791105410011433 ], [ -73.779981205814039, 40.791059867095811 ], [ -73.77983754613291, 40.791018507018826 ], [ -73.779691878455509, 40.790981392427462 ], [ -73.778263961749275, 40.790722382258586 ], [ -73.778222041979234, 40.790855869838978 ], [ -73.779648767785346, 40.79111466390281 ], [ -73.779750195725526, 40.79114189913733 ], [ -73.779850560834163, 40.791171305233618 ], [ -73.7799497815123, 40.791202861207687 ], [ -73.780047776075264, 40.79123653904746 ], [ -73.780144467675669, 40.791272311587903 ], [ -73.780239776825695, 40.791310151657946 ], [ -73.780333625595787, 40.79135002673533 ], [ -73.780425940677034, 40.791391905061971 ], [ -73.78069074223751, 40.791533579010952 ], [ -73.780898435191503, 40.791644696697155 ], [ -73.780914529780333, 40.791655264113658 ], [ -73.780927601693975, 40.791667999597557 ], [ -73.780937153894229, 40.791682415890214 ], [ -73.780942820857078, 40.791697963990593 ], [ -73.780944385159245, 40.79171404908061 ], [ -73.780941789815174, 40.791730057826513 ], [ -73.780935130286764, 40.791745378937684 ], [ -73.780924663323646, 40.791759427617741 ], [ -73.780863957075553, 40.79182941639408 ], [ -73.780808997811818, 40.791902077966867 ], [ -73.780520110431368, 40.792312522528235 ], [ -73.78049316919261, 40.792348805612015 ], [ -73.780464048534398, 40.792384110231524 ], [ -73.780432810451856, 40.79241836254851 ], [ -73.78039952266397, 40.792451488985627 ], [ -73.780364252990438, 40.792483418475861 ], [ -73.780327077496835, 40.792514083565869 ], [ -73.780288076860629, 40.7925434205751 ], [ -73.780247331979055, 40.792571365654723 ], [ -73.780204929456048, 40.792597860408705 ], [ -73.780160960736964, 40.792622847449024 ], [ -73.780115517250167, 40.792646274663298 ], [ -73.780068697461545, 40.79266809187412 ], [ -73.780020598726054, 40.792688253252436 ], [ -73.779971325539719, 40.792706715826974 ], [ -73.77992098095811, 40.792723440139255 ], [ -73.779869671877719, 40.792738391337423 ], [ -73.779825779344947, 40.792750664180353 ], [ -73.77974714455091, 40.792772127713775 ], [ -73.779667553444938, 40.792791466912057 ], [ -73.77958710683366, 40.792808657621144 ], [ -73.779505905513872, 40.792823679285227 ], [ -73.77942405259391, 40.792836512354384 ], [ -73.779341650063728, 40.792847140711089 ], [ -73.779258801014194, 40.792855550245292 ], [ -73.779175611046639, 40.792861732206326 ], [ -73.779175417821392, 40.792861743548279 ], [ -73.779174008758162, 40.792861828187974 ], [ -73.7790655803188, 40.792866458646195 ], [ -73.77895698424355, 40.792867302063996 ], [ -73.778848453039316, 40.792864357133539 ], [ -73.778740216330974, 40.792857629565262 ], [ -73.77863250282887, 40.792847134354631 ], [ -73.778525543532595, 40.792832893450708 ], [ -73.778419564789544, 40.792814937156393 ], [ -73.778314789066457, 40.792793303548706 ], [ -73.778208539801383, 40.79276727519656 ], [ -73.778104035611079, 40.792737472528444 ], [ -73.77800151065334, 40.792703959916658 ], [ -73.777901193541695, 40.792666813434664 ], [ -73.77783898154199, 40.792641480281205 ], [ -73.777777796660828, 40.792614749612248 ], [ -73.777777147190051, 40.792614455716489 ], [ -73.777775635134788, 40.792613771138086 ], [ -73.777681687924883, 40.79256888516089 ], [ -73.777590623863617, 40.792520712486912 ], [ -73.777502645361878, 40.792469360600847 ], [ -73.777417945019394, 40.792414940646516 ], [ -73.777336707366985, 40.792357573709793 ], [ -73.777259113281801, 40.792297385218767 ], [ -73.777185334151156, 40.792234508030432 ], [ -73.777115529340719, 40.792169080999038 ], [ -73.77703483400505, 40.792087608371091 ], [ -73.776959531258456, 40.792003229406532 ], [ -73.776889803139738, 40.7919161461747 ], [ -73.776825819320152, 40.791826571509148 ], [ -73.776809446880506, 40.791802239668378 ], [ -73.775187592703716, 40.790347482930542 ], [ -73.77517028030023, 40.790330584460854 ], [ -73.775150867261672, 40.790315050649951 ], [ -73.77512953812645, 40.790301029597927 ], [ -73.775106498379387, 40.790288657569661 ], [ -73.775081970414277, 40.790278052206418 ], [ -73.775056188560526, 40.79026931561112 ], [ -73.775029401412439, 40.790262532011887 ], [ -73.77500186565895, 40.790257765827072 ], [ -73.774973845431163, 40.790255063667999 ], [ -73.774945609659895, 40.790254451073501 ], [ -73.774917431857148, 40.79025593401726 ], [ -73.774889580094765, 40.7902594987155 ], [ -73.774862324395244, 40.790265109640266 ], [ -73.774835923271198, 40.790272715009635 ], [ -73.774810633013317, 40.790282238860158 ], [ -73.7747866955322, 40.790293592482946 ], [ -73.773664513909864, 40.79088560696421 ], [ -73.773643534005444, 40.790899566814069 ], [ -73.773624421178283, 40.790914985511591 ], [ -73.773607348840102, 40.790931721175689 ], [ -73.773592477561138, 40.790949620022616 ], [ -73.773579942857438, 40.790968516838106 ], [ -73.773569860355536, 40.790988236917862 ], [ -73.773562321928708, 40.791008597897566 ], [ -73.773557399214909, 40.791029412353716 ], [ -73.773555137889431, 40.791050488709828 ], [ -73.773555556448144, 40.791071632494436 ], [ -73.773558653252422, 40.791092647353516 ], [ -73.773564398025584, 40.791113340559505 ], [ -73.773572739354421, 40.791133521933226 ], [ -73.773583599613175, 40.791153004093047 ], [ -73.773596877597612, 40.79117160671764 ], [ -73.773612451811744, 40.791189160241949 ], [ -73.774312044001903, 40.791900797976517 ], [ -73.774357350575656, 40.79194129507745 ], [ -73.774406015631143, 40.79197949256978 ], [ -73.774457836168068, 40.792015232433542 ], [ -73.774512595623634, 40.792048365662183 ], [ -73.774580812486164, 40.792090341119284 ], [ -73.774644318874266, 40.792136356879389 ], [ -73.774702701257468, 40.792186111382733 ], [ -73.774755575687465, 40.792239278867754 ], [ -73.774948227667991, 40.792450212271916 ], [ -73.774965422474963, 40.792467365366484 ], [ -73.774984767656306, 40.792483151137304 ], [ -73.775006072964473, 40.792497418040512 ], [ -73.775029132806182, 40.79251002512332 ], [ -73.775053721278383, 40.792520849465085 ], [ -73.775079599201518, 40.792529787111341 ], [ -73.775106514795539, 40.792536749224638 ], [ -73.775134206186181, 40.792541669618934 ], [ -73.77516240219731, 40.792544499075902 ], [ -73.775190830582375, 40.792545211044946 ], [ -73.77521921286808, 40.792543797702933 ], [ -73.775247271718328, 40.79254027298267 ], [ -73.77527473676669, 40.792534673168134 ], [ -73.775301337819741, 40.792527049182652 ], [ -73.775326817361147, 40.792517478829815 ], [ -73.775350926412415, 40.792506053401354 ], [ -73.776496648130035, 40.791901609756643 ], [ -73.776515219473083, 40.791893523248881 ], [ -73.776535533280267, 40.791888368549927 ], [ -73.776556791475187, 40.791886348578473 ], [ -73.77657815753912, 40.791887543528148 ], [ -73.77659879362173, 40.791891906013085 ], [ -73.776617887713144, 40.791899264126947 ], [ -73.776634688303105, 40.791909329208458 ], [ -73.776648536807087, 40.791921705607415 ], [ -73.777464066004015, 40.792814577262021 ], [ -73.779072516863721, 40.794450503767379 ], [ -73.780205467241387, 40.7941787081744 ], [ -73.780089363907393, 40.793566009579528 ], [ -73.780006825928893, 40.793275758222727 ], [ -73.780012494672292, 40.793251312246547 ], [ -73.7800210492872, 40.793227351737663 ], [ -73.78003242043448, 40.793204072915039 ], [ -73.780046515130721, 40.793181663748776 ], [ -73.780366292894513, 40.792727341974931 ], [ -73.780417531244311, 40.7927481728549 ], [ -73.78094979864359, 40.791991939921274 ], [ -73.780948247932116, 40.791998044732395 ], [ -73.780944818039657, 40.792015973557973 ], [ -73.780942536654834, 40.792026219651547 ], [ -73.780939094297835, 40.792047566798757 ], [ -73.78093341663498, 40.792065493106477 ], [ -73.780927742389295, 40.792081711167725 ], [ -73.780923193672365, 40.792097931453192 ], [ -73.780919774894841, 40.792112446472622 ], [ -73.780918620753468, 40.792121838366242 ], [ -73.780910657774356, 40.792150864423668 ], [ -73.780907243518314, 40.792163669442139 ], [ -73.780902701623759, 40.792178182324569 ], [ -73.780898158517886, 40.792192694284388 ], [ -73.780894731799492, 40.792208915782709 ], [ -73.780890184273673, 40.792225136906502 ], [ -73.780885626999407, 40.792243917252001 ], [ -73.780881074347221, 40.792260992113675 ], [ -73.780877647114565, 40.792278069953788 ], [ -73.780876490149396, 40.79228831634331 ], [ -73.780874172185108, 40.792309667383236 ], [ -73.780871862664227, 40.792328452924316 ], [ -73.780869559264573, 40.792344677478745 ], [ -73.780867257672426, 40.792361756539783 ], [ -73.780863834959106, 40.79237712437881 ], [ -73.780860403812298, 40.792395053114724 ], [ -73.780859252462335, 40.79240359318851 ], [ -73.780854651484788, 40.792436041303667 ], [ -73.780851210671116, 40.792456536540698 ], [ -73.780848895518631, 40.792477029401361 ], [ -73.780847738538199, 40.792487278551818 ], [ -73.780846574729296, 40.79249923318028 ], [ -73.780845412123256, 40.792511190571261 ], [ -73.780844248314978, 40.792523145283425 ], [ -73.780843088522062, 40.792534248095308 ], [ -73.780840799063682, 40.792546200581825 ], [ -73.780839640480423, 40.792557303394638 ], [ -73.780837353440248, 40.792569256889493 ], [ -73.780833905391773, 40.792592313108607 ], [ -73.780831621167849, 40.792603410182821 ], [ -73.780829336822833, 40.792614510853284 ], [ -73.780828173120085, 40.792626465565306 ], [ -73.780825886067987, 40.792638420816189 ], [ -73.780820194261892, 40.792660617259294 ], [ -73.780819034462596, 40.792671720069379 ], [ -73.780816750235189, 40.792682817141866 ], [ -73.780811040436461, 40.792710140230376 ], [ -73.780808753388939, 40.792722092804283 ], [ -73.780806466332066, 40.792734047970846 ], [ -73.780805296885262, 40.792747710924019 ], [ -73.780803008225732, 40.79276051983674 ], [ -73.780800718356019, 40.792773327828328 ], [ -73.78079842567837, 40.792786988642433 ], [ -73.780795004522474, 40.792801504572246 ], [ -73.78079158971191, 40.792815163251888 ], [ -73.780787022932316, 40.792836508167028 ], [ -73.780786963850204, 40.792854446162522 ], [ -73.780786930094763, 40.792864694689264 ], [ -73.780784648552142, 40.792874939020415 ], [ -73.780783474675403, 40.792890312892332 ], [ -73.780783418410337, 40.792907395303587 ], [ -73.7807822320718, 40.792926184818981 ], [ -73.780781054282713, 40.792942411428768 ], [ -73.780778758670166, 40.792956926823479 ], [ -73.780777612929967, 40.792963757650085 ], [ -73.780775276928154, 40.7929902334063 ], [ -73.780775217851811, 40.793008168641158 ], [ -73.780774025381575, 40.793029520061232 ], [ -73.780771712988454, 40.793049161934782 ], [ -73.780770528252731, 40.793067095026963 ], [ -73.780769361597521, 40.793079906995352 ], [ -73.780769319397407, 40.793092718342379 ], [ -73.780769265937167, 40.793108948095444 ], [ -73.780768096090185, 40.793123463792128 ], [ -73.780766919787027, 40.793138836738564 ], [ -73.780766883207306, 40.793149941685236 ], [ -73.780770213141778, 40.793162758614187 ], [ -73.780773541466147, 40.793176432803335 ], [ -73.780779117874104, 40.793189255764105 ], [ -73.780790320948014, 40.793200380262007 ], [ -73.780800402888516, 40.793209794457866 ], [ -73.780811608780823, 40.793220065292196 ], [ -73.780821697053156, 40.793228628509169 ], [ -73.780829548191491, 40.793232913617778 ], [ -73.780850839962341, 40.793251744062495 ], [ -73.780838380225759, 40.793280762474389 ], [ -73.781534614903464, 40.793454622641846 ], [ -73.781602603373358, 40.793285628810416 ], [ -73.781733600441484, 40.793315284416025 ], [ -73.781857533366406, 40.793343340719844 ], [ -73.781845087674199, 40.793368941925088 ], [ -73.781733600435274, 40.793343716485069 ], [ -73.781620479597919, 40.793318121409868 ], [ -73.78159105648723, 40.793379562846376 ], [ -73.781553704215312, 40.793459781844923 ], [ -73.78164803160594, 40.793483877144816 ], [ -73.78163216469973, 40.793523990683191 ], [ -73.780821398894702, 40.793319166451674 ], [ -73.780807809058985, 40.793349890040517 ], [ -73.780724699320004, 40.793332647494438 ], [ -73.780715579098043, 40.79337192184434 ], [ -73.780708706567225, 40.793411197794796 ], [ -73.78070295726333, 40.793450478475933 ], [ -73.780699455653888, 40.793489761764711 ], [ -73.780697080804188, 40.793529048033463 ], [ -73.780696948523072, 40.793569193158604 ], [ -73.780697942299241, 40.793608486760697 ], [ -73.780700060647391, 40.79364778158488 ], [ -73.780704425376811, 40.79368708152068 ], [ -73.780711039034301, 40.793726383144985 ], [ -73.780718777153353, 40.793765688667101 ], [ -73.780737596344807, 40.793852847328637 ], [ -73.780759787647185, 40.79394001340826 ], [ -73.780785351693879, 40.794026329390618 ], [ -73.780814291894842, 40.794111799966771 ], [ -73.780882399272883, 40.794248591923292 ], [ -73.780921472541692, 40.794328103241192 ], [ -73.780930410023757, 40.794344348251364 ], [ -73.780940474789844, 40.79435974165564 ], [ -73.780950540769652, 40.794375136065113 ], [ -73.780961727592171, 40.794390531601302 ], [ -73.780972918547064, 40.794405074398931 ], [ -73.780985232660626, 40.794419617574675 ], [ -73.780998672461138, 40.794434162889345 ], [ -73.78101211385993, 40.794447856296543 ], [ -73.781025555378818, 40.794461547860877 ], [ -73.78104124976106, 40.794474388284492 ], [ -73.781165730082535, 40.794556623840748 ], [ -73.781174692538542, 40.794566037630958 ], [ -73.781189257276012, 40.794579728633245 ], [ -73.781204943670048, 40.794594279947567 ], [ -73.781219512535159, 40.794607120886354 ], [ -73.781241940556455, 40.794622536908065 ], [ -73.781255403404074, 40.794629396401554 ], [ -73.781272235161538, 40.794637969622855 ], [ -73.781289061695404, 40.794647397415829 ], [ -73.781304762277898, 40.79465767589884 ], [ -73.78131261591821, 40.794661963654463 ], [ -73.781332815887808, 40.794671397009431 ], [ -73.781348523687342, 40.794679113499065 ], [ -73.781364229783975, 40.794687685490061 ], [ -73.781377694969777, 40.794694544053549 ], [ -73.781393402287222, 40.79470311520523 ], [ -73.78141135662932, 40.794710835949914 ], [ -73.781424824247708, 40.794717694512443 ], [ -73.781441653625009, 40.794726268623066 ], [ -73.781457362662181, 40.794733985183861 ], [ -73.78147644539645, 40.794740855314082 ], [ -73.781493288435229, 40.79474601018017 ], [ -73.781505639281377, 40.7947494519522 ], [ -73.781523601572218, 40.794755463606094 ], [ -73.781541565069489, 40.79476147701719 ], [ -73.781561779603507, 40.794765787278791 ], [ -73.781574137171134, 40.794767519049159 ], [ -73.78159772635486, 40.794771833027362 ], [ -73.78161569826969, 40.794775284525592 ], [ -73.781632547309414, 40.794777878385496 ], [ -73.781647148711826, 40.794780469823614 ], [ -73.781669616116986, 40.794783928915322 ], [ -73.781684215830097, 40.794787372170624 ], [ -73.781702175451457, 40.794794239298298 ], [ -73.781717891235303, 40.794800248420614 ], [ -73.781733599105578, 40.794807966697761 ], [ -73.781748187620437, 40.794814827346372 ], [ -73.781759397107834, 40.794823389841461 ], [ -73.781772854073367, 40.794832810260161 ], [ -73.781776187078819, 40.794844775336919 ], [ -73.781780632156995, 40.794860157099045 ], [ -73.781779325151561, 40.794916528000051 ], [ -73.781792810520159, 40.794916553547893 ], [ -73.781810789672463, 40.794917443112077 ], [ -73.781823154579072, 40.794916611028491 ], [ -73.781846758926164, 40.794916655736557 ], [ -73.781866987418255, 40.794916694046684 ], [ -73.781888344509241, 40.794915879903769 ], [ -73.781906327678485, 40.794915913955251 ], [ -73.781920941421973, 40.79491508795936 ], [ -73.781940045544829, 40.794915124127897 ], [ -73.78195465770159, 40.794915151789965 ], [ -73.781971518089506, 40.794914330040569 ], [ -73.781992873479581, 40.794914370461697 ], [ -73.782011980400071, 40.794913552958349 ], [ -73.782028840300384, 40.794913584864915 ], [ -73.782041202291637, 40.794913608257815 ], [ -73.78205469276763, 40.794912779199336 ], [ -73.782071550358424, 40.794912811095251 ], [ -73.782090658004179, 40.794912847245506 ], [ -73.782122129333615, 40.794912053114771 ], [ -73.782144610784272, 40.794911241887483 ], [ -73.782167089441757, 40.794911284400854 ], [ -73.782183947030489, 40.794911316280356 ], [ -73.78220193299228, 40.794910496625725 ], [ -73.782218790580842, 40.794910528500139 ], [ -73.782237897015364, 40.79491056462367 ], [ -73.782259250594322, 40.794909711755395 ], [ -73.782277238867138, 40.794908925390452 ], [ -73.782291859406655, 40.794908207364728 ], [ -73.782308725424215, 40.794907445895056 ], [ -73.782328956866053, 40.79490661515549 ], [ -73.782350311653516, 40.794905762188861 ], [ -73.782385164723379, 40.794904216166721 ], [ -73.782407640541294, 40.794903341882616 ], [ -73.782424506559025, 40.794902579559711 ], [ -73.7824402159047, 40.794902267900412 ], [ -73.782455960894907, 40.79490152587514 ], [ -73.782476191111712, 40.794900697867689 ], [ -73.782493058341942, 40.794899934533177 ], [ -73.78250880112239, 40.794899194337987 ], [ -73.782529032449006, 40.794898363561785 ], [ -73.782542530845234, 40.794897668651913 ], [ -73.782551508260042, 40.794897490170989 ], [ -73.782568384041568, 40.794901723762038 ], [ -73.782582952777716, 40.794905236199199 ], [ -73.782596350432073, 40.794917251704746 ], [ -73.782607607961339, 40.794927490082593 ], [ -73.782630078619292, 40.794929241662523 ], [ -73.78264918378548, 40.794929330839466 ], [ -73.782665426037397, 40.794929458783187 ], [ -73.782677281974088, 40.79492988991575 ], [ -73.782691891414373, 40.794930042717787 ], [ -73.782709873153749, 40.794930145075455 ], [ -73.782728978414539, 40.794930205376495 ], [ -73.782745838292954, 40.794930245292655 ], [ -73.782755856291544, 40.794930276235192 ], [ -73.782768315658373, 40.794930314709006 ], [ -73.782785174309964, 40.794930393352168 ], [ -73.782804279363489, 40.794930483423279 ], [ -73.782823385743924, 40.794930571653566 ], [ -73.782836870877432, 40.794930635813863 ], [ -73.782853731654299, 40.794931143039385 ], [ -73.782876208903787, 40.794931247571697 ], [ -73.782893067557765, 40.794931326115297 ], [ -73.782918915791115, 40.794931446027746 ], [ -73.782938020958326, 40.794931535156813 ], [ -73.782958250481272, 40.794931629999226 ], [ -73.782972858980528, 40.794931699856981 ], [ -73.782993090932607, 40.79493179285636 ], [ -73.78300432845262, 40.79493184648819 ], [ -73.783025685784239, 40.794932373873294 ], [ -73.78304366513558, 40.794932499597891 ], [ -73.783062771538695, 40.794932547297044 ], [ -73.783091994706055, 40.794932247531342 ], [ -73.783116735323091, 40.794927596198129 ], [ -73.783133603946624, 40.794924209616944 ], [ -73.783149368407109, 40.794915699881955 ], [ -73.783168504354961, 40.794906339982404 ], [ -73.783178665902497, 40.794891839436161 ], [ -73.783184316476891, 40.794882454230709 ], [ -73.783188834227175, 40.794875628809756 ], [ -73.783201219682169, 40.794868818197529 ], [ -73.783211351648674, 40.794863428824193 ], [ -73.78322108601219, 40.794864017119863 ], [ -73.783229313197637, 40.794869724738483 ], [ -73.783230416626424, 40.794876560738686 ], [ -73.783232506793468, 40.794896217215879 ], [ -73.783228071869658, 40.794905598435811 ], [ -73.783223548560045, 40.794914131263361 ], [ -73.783216764808174, 40.794926928998869 ], [ -73.783204667087588, 40.794942529126423 ], [ -73.783189712633629, 40.794950794600695 ], [ -73.78318070773193, 40.794955049658107 ], [ -73.783164962381093, 40.794958435600506 ], [ -73.783155961831909, 40.794960982413656 ], [ -73.78313460038629, 40.794963505033785 ], [ -73.783118860603849, 40.794965180888376 ], [ -73.783097507815995, 40.794965046145236 ], [ -73.783078403952416, 40.794964925504445 ], [ -73.783062669959193, 40.794964824761244 ], [ -73.783048056975488, 40.794964304648389 ], [ -73.783030074053869, 40.794964190630182 ], [ -73.783013216700922, 40.794964082326125 ], [ -73.782999732836785, 40.794963997525571 ], [ -73.782985121980715, 40.794963905162085 ], [ -73.782963770517441, 40.794963769475295 ], [ -73.782948030764217, 40.794963240953543 ], [ -73.782930050158896, 40.794963126002706 ], [ -73.782913194014014, 40.794963018606381 ], [ -73.782894087840262, 40.794962897931988 ], [ -73.78287722927719, 40.794962789605762 ], [ -73.782859251085711, 40.794962676488574 ], [ -73.782843511330569, 40.794962148871349 ], [ -73.782823284220271, 40.794962020633847 ], [ -73.782806428189105, 40.794961912302021 ], [ -73.782790691568351, 40.794961874512964 ], [ -73.782772709664812, 40.794961786557813 ], [ -73.782755856229954, 40.79496159088238 ], [ -73.782738993223219, 40.794961056614376 ], [ -73.782718764903805, 40.794960927519938 ], [ -73.782703032009508, 40.794960827649824 ], [ -73.782686174768173, 40.794960719298125 ], [ -73.782669317409187, 40.794960612700173 ], [ -73.782642340297514, 40.794960014325923 ], [ -73.782627763495043, 40.794958933205372 ], [ -73.782614302866364, 40.794957902879297 ], [ -73.782582790936956, 40.794954777184664 ], [ -73.782568181227177, 40.794952211950879 ], [ -73.782550280655286, 40.794949367688311 ], [ -73.782536767716181, 40.794946896381475 ], [ -73.782513148563467, 40.794942687867035 ], [ -73.782498544103262, 40.794942492802555 ], [ -73.782483941945486, 40.794942300418349 ], [ -73.782465951258189, 40.794941634309374 ], [ -73.782449101441159, 40.794941411573269 ], [ -73.782431113277241, 40.794940748140093 ], [ -73.782412000578518, 40.794940066433227 ], [ -73.782395149554404, 40.794939842768144 ], [ -73.78236255681918, 40.794938985164727 ], [ -73.78234344868504, 40.794939802725189 ], [ -73.782313097927229, 40.794941453619522 ], [ -73.782297360796733, 40.794942280219672 ], [ -73.782280498096384, 40.794943102012361 ], [ -73.782260265595212, 40.794943916596139 ], [ -73.782238907284665, 40.794944731640712 ], [ -73.782215302187552, 40.794946393505697 ], [ -73.782199567857091, 40.794946363754768 ], [ -73.782179331341894, 40.794948033739708 ], [ -73.782160221990949, 40.794948852186302 ], [ -73.782138863787551, 40.794949667296279 ], [ -73.782119755757819, 40.794950484819871 ], [ -73.782097276601959, 40.794951296881678 ], [ -73.782063553497693, 40.794952941330493 ], [ -73.782035449266289, 40.794954595483489 ], [ -73.782010720048163, 40.794955403270578 ], [ -73.781988236879272, 40.794957069890152 ], [ -73.781970250899263, 40.79495789043149 ], [ -73.781953390502011, 40.794958712180687 ], [ -73.781935405731787, 40.794959532718856 ], [ -73.781914047529924, 40.794960345947032 ], [ -73.78189831160644, 40.794961170738617 ], [ -73.781882574591151, 40.794961992764428 ], [ -73.781862340755751, 40.79496280811216 ], [ -73.781838736012304, 40.794963617991897 ], [ -73.781812881818496, 40.79496527911251 ], [ -73.781787026907892, 40.794966083799153 ], [ -73.78176966390852, 40.794967700676402 ], [ -73.781757709275254, 40.794995923193319 ], [ -73.781750920006402, 40.795009576337826 ], [ -73.781745250820947, 40.795024940861317 ], [ -73.781737339487222, 40.795038592798917 ], [ -73.781729435241544, 40.79504967923701 ], [ -73.781724902221526, 40.795060775659664 ], [ -73.781732106056253, 40.795263222547575 ], [ -73.781737465544069, 40.795342668010278 ], [ -73.781737420729286, 40.795356333014389 ], [ -73.781736249834239, 40.795370851473763 ], [ -73.781735080527923, 40.795384516185834 ], [ -73.781732785141955, 40.795399033350613 ], [ -73.781729368075005, 40.795412692884412 ], [ -73.78172594821136, 40.795427205241644 ], [ -73.781722533449653, 40.795440865698353 ], [ -73.781717993102447, 40.795454523186848 ], [ -73.7817123270503, 40.795468180298208 ], [ -73.78170666622897, 40.795480980156128 ], [ -73.781699878109535, 40.79549463421894 ], [ -73.781691969512153, 40.79550743157376 ], [ -73.781684058487372, 40.795520229842175 ], [ -73.78167614977815, 40.795533026359323 ], [ -73.781667116686705, 40.795545820659584 ], [ -73.781658086389399, 40.79555776221931 ], [ -73.781647930395607, 40.795569699887977 ], [ -73.781636653532857, 40.795581638108636 ], [ -73.781626501436094, 40.795592721196201 ], [ -73.781614101668481, 40.795603802699191 ], [ -73.781601703109118, 40.795614884204412 ], [ -73.78158930725175, 40.795625107528998 ], [ -73.781576909065933, 40.795635334445684 ], [ -73.781563390402212, 40.795644704649618 ], [ -73.781552127533615, 40.795652370879694 ], [ -73.781541989536123, 40.79565918465682 ], [ -73.781530728146748, 40.795665996386091 ], [ -73.781519470875622, 40.795671955291944 ], [ -73.781507086695285, 40.79567791022022 ], [ -73.781495829309804, 40.795683869124822 ], [ -73.781483449144744, 40.795688968551531 ], [ -73.781471067759753, 40.795694070734861 ], [ -73.781458690393791, 40.795698316582829 ], [ -73.78144518973653, 40.79570256381222 ], [ -73.781432813467802, 40.795706809659457 ], [ -73.781181888889165, 40.795795165227922 ], [ -73.780753189409907, 40.795942970037785 ], [ -73.780592283868074, 40.795999037943844 ], [ -73.779899142085227, 40.796242001544989 ], [ -73.779890165053402, 40.796237713220201 ], [ -73.779803730521323, 40.796205090331867 ], [ -73.779449591275338, 40.796575113278614 ], [ -73.779468590635247, 40.79660760650426 ], [ -73.779433572276645, 40.796660495313908 ], [ -73.779362686460118, 40.796684276072497 ], [ -73.779285169168077, 40.796673878059401 ], [ -73.779272928670778, 40.796637124827178 ], [ -73.778714466307392, 40.796596764306479 ], [ -73.778687458820258, 40.796606534255503 ], [ -73.778671687486678, 40.79661718213017 ], [ -73.778653669242431, 40.796628250678026 ], [ -73.778637911901399, 40.796635052564724 ], [ -73.77862440671187, 40.796640153120094 ], [ -73.778605279474661, 40.796646949444529 ], [ -73.778587271892846, 40.796653748755645 ], [ -73.778572643411664, 40.79665884354786 ], [ -73.778555765593637, 40.796664791360726 ], [ -73.778535512513116, 40.796671585426722 ], [ -73.778518633476139, 40.796677533231801 ], [ -73.778497258841227, 40.796683468791699 ], [ -73.778481508671703, 40.796687710510533 ], [ -73.778466887182148, 40.79669109705253 ], [ -73.778448889313538, 40.796695334444038 ], [ -73.77843201990035, 40.796698718498099 ], [ -73.778411772591738, 40.796703805222002 ], [ -73.77839602537081, 40.796707191429576 ], [ -73.778380283302184, 40.796709723979845 ], [ -73.778367912868376, 40.796711408430198 ], [ -73.778349912150716, 40.79671649770944 ], [ -73.778333045570449, 40.796719028088098 ], [ -73.778310556141079, 40.796722399468962 ], [ -73.778291446230028, 40.796723218195133 ], [ -73.778271211920611, 40.796724033832362 ], [ -73.77825097028385, 40.796727412288682 ], [ -73.778234105340161, 40.796729086230677 ], [ -73.778222858985018, 40.796731626578435 ], [ -73.778201500158474, 40.796732441794745 ], [ -73.778184636416825, 40.796734117573287 ], [ -73.778167771576918, 40.796735792425885 ], [ -73.778152032876037, 40.796736616699881 ], [ -73.778135169560727, 40.796737437049231 ], [ -73.778119433280452, 40.796738261323455 ], [ -73.778102572384611, 40.796739082510314 ], [ -73.778084588724681, 40.796739047865245 ], [ -73.778066607911541, 40.796738159556462 ], [ -73.778050884553537, 40.796734712676759 ], [ -73.778034043707365, 40.796729555472396 ], [ -73.778019446604404, 40.796725258096124 ], [ -73.77800597280951, 40.796720960122634 ], [ -73.777991373966074, 40.796717515484445 ], [ -73.777974524578923, 40.796714921092999 ], [ -73.777958797169305, 40.796712328776763 ], [ -73.777940820427162, 40.796710585872319 ], [ -73.777921723673941, 40.796707130796413 ], [ -73.777904877031034, 40.796703682651163 ], [ -73.777885781486475, 40.796700229329367 ], [ -73.777871178166009, 40.796698491997489 ], [ -73.777854326366963, 40.796695897583803 ], [ -73.777838599076475, 40.796693305335126 ], [ -73.777823990594641, 40.796692422573805 ], [ -73.777808265623449, 40.79668982848532 ], [ -73.777786922276533, 40.796686372651337 ], [ -73.777772321146998, 40.796682926140782 ], [ -73.777754350007612, 40.796679476806602 ], [ -73.777737509202808, 40.796674317720047 ], [ -73.777722913771868, 40.796669166560491 ], [ -73.777709445171695, 40.796664014895846 ], [ -73.777694848107132, 40.796659716558352 ], [ -73.777679124789728, 40.796656268790279 ], [ -73.777661152560171, 40.796652819440737 ], [ -73.777639806391491, 40.796650214478888 ], [ -73.777624074515771, 40.796649329522289 ], [ -73.777609467254067, 40.796648447656189 ], [ -73.777594858782052, 40.796647565785904 ], [ -73.777578002399409, 40.796646678653104 ], [ -73.777561151835641, 40.796644084197553 ], [ -73.777542053475628, 40.79664148355829 ], [ -73.777521827640712, 40.796639736244813 ], [ -73.777506099941093, 40.796637998452688 ], [ -73.77749037092417, 40.796636259818222 ], [ -73.777471274215657, 40.796632804668981 ], [ -73.777457815958627, 40.796624238250601 ], [ -73.777445481007874, 40.796615672243298 ], [ -73.777434260782883, 40.796609671226648 ], [ -73.777420795065979, 40.796603667708794 ], [ -73.77740395594769, 40.796597655831597 ], [ -73.777389358923571, 40.796593355613908 ], [ -73.777375883430651, 40.796589914826278 ], [ -73.777361284761867, 40.796586469188391 ], [ -73.777347808175463, 40.796583026637641 ], [ -73.777328715437349, 40.796578720483737 ], [ -73.777308499526669, 40.796574409395014 ], [ -73.777295022398619, 40.796571821422255 ], [ -73.777279298023572, 40.796568372677399 ], [ -73.777262451448792, 40.796564924520681 ], [ -73.777245602564861, 40.796561476274555 ], [ -73.777226509952854, 40.796557169182535 ], [ -73.777205175267454, 40.796551147661582 ], [ -73.777188340145202, 40.796544281173965 ], [ -73.777172624358542, 40.796538271434443 ], [ -73.777160282086754, 40.796532269140506 ], [ -73.777141199608607, 40.796524545469445 ], [ -73.777123242959718, 40.796516824057335 ], [ -73.77710527476853, 40.796512517280661 ], [ -73.777090674913879, 40.79650907344756 ], [ -73.777071584645952, 40.796504764494188 ], [ -73.777054735785157, 40.796501316303889 ], [ -73.777040140017149, 40.796497016044299 ], [ -73.777023294020054, 40.796492714188496 ], [ -73.777008695280614, 40.796489268505674 ], [ -73.776991850500224, 40.79648496656386 ], [ -73.776972757935539, 40.796480656754625 ], [ -73.776960404126484, 40.79647807267532 ], [ -73.776942436512442, 40.796472910368976 ], [ -73.77692784074695, 40.796468612856692 ], [ -73.776917743337435, 40.796463467629096 ], [ -73.77690203331764, 40.796455750533369 ], [ -73.77688631470825, 40.796450596170715 ], [ -73.776870602494554, 40.79644458639806 ], [ -73.776857135104549, 40.796437727305495 ], [ -73.776842561714815, 40.796427450404181 ], [ -73.776826859102897, 40.796417167797742 ], [ -73.776814518423848, 40.796410312640816 ], [ -73.776797692082951, 40.796400883275929 ], [ -73.776784232754736, 40.796392315019901 ], [ -73.776767406306291, 40.796382887490481 ], [ -73.776750575897097, 40.796374313533647 ], [ -73.776734867134579, 40.796366594577236 ], [ -73.776721397453557, 40.796361444636055 ], [ -73.776703436818309, 40.79635457857205 ], [ -73.77668660069817, 40.796347711172508 ], [ -73.776672010602127, 40.796341704384361 ], [ -73.776654071263266, 40.796328856338235 ], [ -73.776638368142571, 40.796319430049166 ], [ -73.776618178152404, 40.796307433139795 ], [ -73.776603597228387, 40.796298009857196 ], [ -73.776587898204667, 40.796287728062467 ], [ -73.776572195649891, 40.796277449940376 ], [ -73.776557607354178, 40.796270586798151 ], [ -73.776547512976961, 40.796264588713569 ], [ -73.77653404906556, 40.796257731431183 ], [ -73.776516088484911, 40.796250862661402 ], [ -73.776503740598272, 40.796246565774723 ], [ -73.776491391485663, 40.796242273403607 ], [ -73.77647567693063, 40.796236264491007 ], [ -73.776458842073509, 40.796229397896745 ], [ -73.776440883165151, 40.796221675453268 ], [ -73.776424048205101, 40.796214808853691 ], [ -73.776404968884506, 40.796206230564692 ], [ -73.776388139667134, 40.796197656556849 ], [ -73.776374673036486, 40.796191650237816 ], [ -73.776357843933852, 40.796183077145841 ], [ -73.776341012311576, 40.796174502290064 ], [ -73.776326419525589, 40.796169349200333 ], [ -73.776312952895793, 40.796163345468074 ], [ -73.776297237167924, 40.796157335608662 ], [ -73.77628264726178, 40.796151327934979 ], [ -73.776264689607345, 40.796143605466277 ], [ -73.776248975091264, 40.796137597442765 ], [ -73.776235507272105, 40.796131591858966 ], [ -73.776218679868222, 40.796122163326892 ], [ -73.776201859318761, 40.796111025635057 ], [ -73.776189528703156, 40.796101606756814 ], [ -73.776179431967563, 40.796095606878758 ], [ -73.77616485357315, 40.796086183628844 ], [ -73.776152514800657, 40.796078472897491 ], [ -73.776140178346353, 40.79607076041291 ], [ -73.776126726122044, 40.796060485682851 ], [ -73.776114402376891, 40.796049357554104 ], [ -73.776103202480016, 40.796037378027073 ], [ -73.7760919968417, 40.796027106738279 ], [ -73.776078545848819, 40.796016830163438 ], [ -73.776067340220862, 40.796006557952147 ], [ -73.776056138563433, 40.795995433839948 ], [ -73.776047186473676, 40.795983456835955 ], [ -73.776039354332141, 40.795973193858522 ], [ -73.776029258841959, 40.79596719396956 ], [ -73.776013554229635, 40.795958622176961 ], [ -73.775997851846299, 40.795948342970995 ], [ -73.775985517203878, 40.795939777727988 ], [ -73.775974328404772, 40.795925233532337 ], [ -73.775968750913961, 40.795913265846792 ], [ -73.775954168966592, 40.795903839802698 ], [ -73.775940711052243, 40.795895273206298 ], [ -73.775930628742657, 40.795885005007968 ], [ -73.775919425581094, 40.795874732786814 ], [ -73.775909351344268, 40.795862755346533 ], [ -73.775899276013448, 40.795850777065617 ], [ -73.775885831294843, 40.79583793764413 ], [ -73.775872384909974, 40.79582595455954 ], [ -73.775863423671836, 40.795817396787143 ], [ -73.775852227949784, 40.795804562656606 ], [ -73.775843275919556, 40.795792586474064 ], [ -73.775830951622979, 40.79578060473181 ], [ -73.775820876963621, 40.795769481031783 ], [ -73.775810791817307, 40.795760065561069 ], [ -73.775798460114785, 40.7957506456343 ], [ -73.775786134165642, 40.79573951846929 ], [ -73.775772690590415, 40.795726679956644 ], [ -73.775763726615835, 40.795718974832411 ], [ -73.77575252108042, 40.795708704430204 ], [ -73.775741319640161, 40.795697578529442 ], [ -73.775731236835057, 40.79568816121602 ], [ -73.775717789291406, 40.795676179952238 ], [ -73.775709951947562, 40.795666767929141 ], [ -73.775696505177365, 40.795655636731759 ], [ -73.775684180931478, 40.795643655809862 ], [ -73.775676337832181, 40.795635953865357 ], [ -73.775669624417262, 40.795627399535029 ], [ -73.775665151915902, 40.79562055689923 ], [ -73.775647198563291, 40.79561198059266 ], [ -73.775631500412871, 40.795600845922529 ], [ -73.775621408991356, 40.795593993260063 ], [ -73.775610215024187, 40.795580304523455 ], [ -73.775600135234924, 40.795570036216695 ], [ -73.775590045605554, 40.795562328048142 ], [ -73.775576592359656, 40.795552052330656 ], [ -73.775567625438939, 40.795545201854289 ], [ -73.775558677582978, 40.795532372911936 ], [ -73.775555349754697, 40.795519552241934 ], [ -73.775540762818295, 40.795512692570263 ], [ -73.775532360992912, 40.795504135860348 ], [ -73.775522861833579, 40.795487885741458 ], [ -73.775515019977789, 40.795480185544527 ], [ -73.775503812859384, 40.795470766103385 ], [ -73.775488115860767, 40.795459633173344 ], [ -73.77547688569372, 40.795457048446508 ], [ -73.775466813379353, 40.795444217304961 ], [ -73.775464594437281, 40.79543567080195 ], [ -73.775453407498361, 40.795420274732727 ], [ -73.775439962382109, 40.79540828984269 ], [ -73.775426506309984, 40.795398867765897 ], [ -73.775415292241519, 40.795391157390775 ], [ -73.775402958985197, 40.795382592923403 ], [ -73.775391750573988, 40.795373175226366 ], [ -73.775380545152757, 40.795362904703708 ], [ -73.775370478184598, 40.795349217220803 ], [ -73.775360397253266, 40.795338949894195 ], [ -73.775349195833684, 40.795327823034405 ], [ -73.775339112033691, 40.795318407440419 ], [ -73.775329029450063, 40.795308991011559 ], [ -73.775321192196841, 40.79529958172305 ], [ -73.775311112494691, 40.795289313390604 ], [ -73.775301032694472, 40.795279042379235 ], [ -73.775287580764243, 40.79526876570857 ], [ -73.775276366727596, 40.795261057159948 ], [ -73.775261791416568, 40.795250780050978 ], [ -73.775249456998182, 40.795242214728326 ], [ -73.775241609439945, 40.795236220996969 ], [ -73.775228154644466, 40.795226797979041 ], [ -73.775218070876619, 40.795217382459377 ], [ -73.775207989995295, 40.795207113194024 ], [ -73.775196785738487, 40.795196840899024 ], [ -73.775185574145794, 40.795189132346223 ], [ -73.775174363019829, 40.795180569124021 ], [ -73.775159791204928, 40.795168582921654 ], [ -73.77514970688263, 40.795160021058877 ], [ -73.775138495770719, 40.795151456996848 ], [ -73.775128407928833, 40.79514289604667 ], [ -73.775118317946621, 40.795136044178584 ], [ -73.775103750136694, 40.795123204311459 ], [ -73.77509366063255, 40.795115496100244 ], [ -73.775080212860217, 40.795104366584077 ], [ -73.775068998881494, 40.795096656174955 ], [ -73.775057793561189, 40.795086384784184 ], [ -73.775048832533614, 40.795077825107363 ], [ -73.775036508503362, 40.795065845955357 ], [ -73.775024190905114, 40.795053007711189 ], [ -73.775014111860855, 40.7950418856881 ], [ -73.775004040807772, 40.795029051913453 ], [ -73.77499171800838, 40.795017071838863 ], [ -73.774978277732245, 40.795003378567465 ], [ -73.774968188147454, 40.794995671265013 ], [ -73.774955856703798, 40.794986251330791 ], [ -73.774945765555273, 40.794979398608753 ], [ -73.77493568307554, 40.794969983065101 ], [ -73.774922229940486, 40.794959707186379 ], [ -73.774911025882773, 40.794949433943337 ], [ -73.774897576962218, 40.794938305407051 ], [ -73.774886368802996, 40.794928888496777 ], [ -73.774877405507567, 40.794920328800607 ], [ -73.774871824316378, 40.794909212877613 ], [ -73.774866228565784, 40.794902368934537 ], [ -73.774849401665278, 40.794892941122271 ], [ -73.774837076033947, 40.794881813770601 ], [ -73.774829247003652, 40.794870692531333 ], [ -73.774821413973058, 40.794860428629434 ], [ -73.774815964945603, 40.794853949812968 ], [ -73.774811340197587, 40.794848451091596 ], [ -73.774800144838295, 40.794835617778396 ], [ -73.774790071540622, 40.794822785737843 ], [ -73.774781116366796, 40.794812516878849 ], [ -73.774772158872494, 40.794802251611188 ], [ -73.774762078122549, 40.794791982391267 ], [ -73.774753120178246, 40.794782567190069 ], [ -73.774738547943898, 40.794771436354402 ], [ -73.774726218253164, 40.794761162731852 ], [ -73.774715024607346, 40.794747474744234 ], [ -73.774706068348578, 40.794737207717304 ], [ -73.77469374398666, 40.794726078596021 ], [ -73.774683664359685, 40.794715810207606 ], [ -73.774673583634765, 40.794705540978498 ], [ -73.774664626182215, 40.794695273025859 ], [ -73.774655674045533, 40.794684150497339 ], [ -73.77464447174448, 40.7946730262423 ], [ -73.77463551250743, 40.794663612870679 ], [ -73.774620947898256, 40.794649918360655 ], [ -73.774608619462256, 40.794639643723862 ], [ -73.774604162811698, 40.794628529987762 ], [ -73.774604209093724, 40.794614864066538 ], [ -73.774598612289012, 40.79460802186442 ], [ -73.774585156500919, 40.79459859876949 ], [ -73.774575085590271, 40.794585767632974 ], [ -73.774559386178552, 40.794575486478614 ], [ -73.774554922545065, 40.794566080977823 ], [ -73.774552721101401, 40.794552411492141 ], [ -73.774547150354934, 40.794537879991161 ], [ -73.77453818825029, 40.794529322027955 ], [ -73.774523594763025, 40.794524166029944 ], [ -73.774516881715812, 40.794515612467556 ], [ -73.774511298191229, 40.794504498361839 ], [ -73.774502347790659, 40.794492521237558 ], [ -73.774495645001423, 40.79448055211202 ], [ -73.774487814973213, 40.794469430845403 ], [ -73.774481103620928, 40.794460022782395 ], [ -73.774476644101938, 40.79444976537733 ], [ -73.774471064702382, 40.794437794851881 ], [ -73.774463233460168, 40.794426677262798 ], [ -73.774456522117347, 40.794417268194422 ], [ -73.774446445472776, 40.794406144367279 ], [ -73.774436368936946, 40.794395021459508 ], [ -73.77442405505569, 40.79438047490563 ], [ -73.774416219248948, 40.794371065472895 ], [ -73.77440951660077, 40.794359095420944 ], [ -73.774402822537908, 40.794344560791039 ], [ -73.774397231570006, 40.794336009502807 ], [ -73.774382632342309, 40.794332562562857 ], [ -73.77437255872259, 40.794320585905808 ], [ -73.774364738626787, 40.794306903654764 ], [ -73.774365898314443, 40.794295802750582 ], [ -73.774370982662703, 40.794288125117561 ], [ -73.774361463682624, 40.794277856040551 ], [ -73.774346888733049, 40.794267577894317 ], [ -73.774333441732978, 40.794255593788712 ], [ -73.774325607173495, 40.794246181675526 ], [ -73.774317793987976, 40.794230792018574 ], [ -73.774314467038138, 40.794217120406095 ], [ -73.77431113830464, 40.794204299695245 ], [ -73.774306678720478, 40.794194042284296 ], [ -73.774299976701073, 40.794181215883512 ], [ -73.774293289680713, 40.794164973929554 ], [ -73.774287719020492, 40.794150443250167 ], [ -73.774283272826295, 40.794135914859048 ], [ -73.77427770627969, 40.794120529601571 ], [ -73.774271009476536, 40.794106850463713 ], [ -73.774263192217049, 40.794092313540148 ], [ -73.774251990084039, 40.794081188409649 ], [ -73.774247523628418, 40.79407263747747 ], [ -73.774239711064268, 40.794056394150417 ], [ -73.774230774044497, 40.794040147781182 ], [ -73.774224069786797, 40.794029028703619 ], [ -73.774215124074203, 40.794015346911827 ], [ -73.774211784990044, 40.79400594268099 ], [ -73.774203962536745, 40.793992262253845 ], [ -73.774192765642979, 40.793980282458236 ], [ -73.774175943178193, 40.793970000887569 ], [ -73.77417034648083, 40.793963155987505 ], [ -73.774168138135025, 40.793951192975591 ], [ -73.774164813546079, 40.793937520358881 ], [ -73.774159237139159, 40.793924697077621 ], [ -73.774153656035239, 40.793913582874325 ], [ -73.774149209886133, 40.793899054476213 ], [ -73.774147011456975, 40.79388452772497 ], [ -73.774142562408343, 40.7938708547441 ], [ -73.774134755701525, 40.793852900491821 ], [ -73.774126947304438, 40.793835801741395 ], [ -73.774120253349935, 40.793821268851623 ], [ -73.774115803216574, 40.793807594109744 ], [ -73.774111352385702, 40.793794773869479 ], [ -73.774106901051539, 40.793781097284686 ], [ -73.774102453121614, 40.793767423382825 ], [ -73.774096880849143, 40.793753746440679 ], [ -73.774090185811872, 40.793739212709205 ], [ -73.774084628042417, 40.793721264620288 ], [ -73.774077948718286, 40.793702459829355 ], [ -73.774071259492288, 40.79368621693672 ], [ -73.774064570887347, 40.793670829466841 ], [ -73.774060119448663, 40.793657156476293 ], [ -73.774056777500078, 40.793648607741815 ], [ -73.774051199927541, 40.79363578445237 ], [ -73.774046747543267, 40.793623817871783 ], [ -73.774038924583323, 40.793610991095733 ], [ -73.774034467471708, 40.793599023669017 ], [ -73.774030019573658, 40.793585348845241 ], [ -73.774027821174627, 40.793570823931162 ], [ -73.774024504119652, 40.793554589406092 ], [ -73.774021175587094, 40.793541768687078 ], [ -73.774016732283201, 40.793526385702826 ], [ -73.774014526394808, 40.793514424448283 ], [ -73.774012319310231, 40.793502459677228 ], [ -73.774006738850744, 40.793490492721723 ], [ -73.774002279469812, 40.793480235298098 ], [ -73.773996700239977, 40.793468263826519 ], [ -73.773992245452035, 40.79345629824261 ], [ -73.773986673228549, 40.793442621210723 ], [ -73.773982215434913, 40.79343150928608 ], [ -73.773973278562195, 40.793415262812871 ], [ -73.773969952354392, 40.793402443015395 ], [ -73.773968873105304, 40.793388773961553 ], [ -73.773967792160761, 40.793375961247719 ], [ -73.773965593785334, 40.793361435411903 ], [ -73.773961147714175, 40.793346907006622 ], [ -73.773956700440564, 40.793332376757263 ], [ -73.773951119527226, 40.793321263463461 ], [ -73.773947786315759, 40.793310151904102 ], [ -73.773942212903009, 40.793296474866075 ], [ -73.773936637803345, 40.793283651575138 ], [ -73.773932180031821, 40.793272538728218 ], [ -73.773925486285009, 40.793258005824789 ], [ -73.773919918683617, 40.793242620629343 ], [ -73.773912115007604, 40.793223813536613 ], [ -73.773908765604375, 40.793217827619685 ], [ -73.773903180600854, 40.793207567145949 ], [ -73.773894229270411, 40.793195590889795 ], [ -73.773887525034681, 40.793184474468781 ], [ -73.773880822605349, 40.793172502626213 ], [ -73.773875237606788, 40.793162243071123 ], [ -73.773866297898991, 40.793146849328835 ], [ -73.77386183033704, 40.793138300216953 ], [ -73.77385625357924, 40.793126329664105 ], [ -73.773850674393103, 40.793114361782656 ], [ -73.773843980684561, 40.793099828037832 ], [ -73.773838404409659, 40.793087004739384 ], [ -73.773831704789941, 40.793074179149833 ], [ -73.773826127419113, 40.79306135584855 ], [ -73.773822795338845, 40.793050245207382 ], [ -73.773817221968685, 40.793036569084165 ], [ -73.773811645704242, 40.793023745782975 ], [ -73.773803831680681, 40.793008356086126 ], [ -73.773799371158674, 40.792998096893811 ], [ -73.773793786190453, 40.79298783641444 ], [ -73.773787090704246, 40.792974156328171 ], [ -73.773780381296149, 40.792963893554692 ], [ -73.773775923676112, 40.792952782542869 ], [ -73.773772602120701, 40.792938255332679 ], [ -73.773770388072478, 40.792928001471402 ], [ -73.773770431622836, 40.792915189206902 ], [ -73.773769351943898, 40.79290237381489 ], [ -73.773766029178688, 40.792887847522088 ], [ -73.773761575687942, 40.792875880090399 ], [ -73.773756006952041, 40.792860493043634 ], [ -73.773751556360892, 40.792847673707897 ], [ -73.773748216187059, 40.792838270379661 ], [ -73.773743761487964, 40.792826304701229 ], [ -73.773735944485793, 40.792811769662968 ], [ -73.773729245624025, 40.792798087726112 ], [ -73.773724797835968, 40.792784414728999 ], [ -73.773718098378538, 40.792771589217537 ], [ -73.773708028026249, 40.792758756161774 ], [ -73.773697952344904, 40.792746779438147 ], [ -73.773691247086504, 40.792735663085232 ], [ -73.773683422610404, 40.792723689026957 ], [ -73.773676719053825, 40.792711717086853 ], [ -73.773671137034626, 40.792700602019671 ], [ -73.773663321868867, 40.792685212393941 ], [ -73.773655506119411, 40.792670675512127 ], [ -73.773645439281196, 40.792656137720115 ], [ -73.773635377566677, 40.792640741836017 ], [ -73.773627550795894, 40.792628768689305 ], [ -73.773619721121207, 40.792617650122146 ], [ -73.773610769440324, 40.792606527508987 ], [ -73.773599579288458, 40.792591985747251 ], [ -73.773588389035822, 40.792577443149128 ], [ -73.773578327447495, 40.792562049937857 ], [ -73.773568258850645, 40.792548362286986 ], [ -73.773558196063888, 40.79253296815142 ], [ -73.773549255917032, 40.792518429051491 ], [ -73.773539191441756, 40.792503889580473 ], [ -73.773531364709513, 40.792491915423142 ], [ -73.773521293215552, 40.792479085109669 ], [ -73.77351346067752, 40.792468818354955 ], [ -73.7735045007922, 40.792459405725111 ], [ -73.773496669354927, 40.792449140812828 ], [ -73.773488833909553, 40.792439730476666 ], [ -73.773481002593499, 40.792429463722065 ], [ -73.7734698124966, 40.792414922868687 ], [ -73.773456391605876, 40.792396103858451 ], [ -73.773449679396407, 40.792386695644957 ], [ -73.773438500466526, 40.792369590215202 ], [ -73.773429550539859, 40.79235761484388 ], [ -73.773417236040714, 40.792343069933288 ], [ -73.773407158781765, 40.792331946009597 ], [ -73.773395960611467, 40.792320820799901 ], [ -73.773385876324809, 40.79231140686985 ], [ -73.77337355433383, 40.792299423019529 ], [ -73.773363477088779, 40.792288299091965 ], [ -73.773353395127501, 40.792278884243522 ], [ -73.773338832514597, 40.792265189568951 ], [ -73.77332986686649, 40.79225748433047 ], [ -73.773316423369437, 40.792244644602384 ], [ -73.773305222808048, 40.792233519295181 ], [ -73.773295143884141, 40.79222324994408 ], [ -73.773281695789166, 40.792212119374547 ], [ -73.773271609842539, 40.792203558176759 ], [ -73.773258158732531, 40.792193283104467 ], [ -73.7732469541819, 40.792183010614458 ], [ -73.773236885219006, 40.792170178355079 ], [ -73.773223425991006, 40.792161610595606 ], [ -73.773212213821878, 40.792153900004656 ], [ -73.773202126191265, 40.792146193466998 ], [ -73.773190919954473, 40.792136776390301 ], [ -73.77317410443564, 40.792123928247563 ], [ -73.773159527220471, 40.792114506369522 ], [ -73.77314382981983, 40.792104225855986 ], [ -73.773129250308244, 40.792094802213128 ], [ -73.773118038159893, 40.792087092531695 ], [ -73.773105707523285, 40.792077670555287 ], [ -73.773094500100783, 40.792068253549218 ], [ -73.773083296801076, 40.79205798280185 ], [ -73.77306761558097, 40.792042576716845 ], [ -73.773056411083715, 40.792032305126824 ], [ -73.773047453739863, 40.792022893386992 ], [ -73.773034008645908, 40.792010907286695 ], [ -73.773023925565496, 40.792001491570325 ], [ -73.773010476350109, 40.79199036096643 ], [ -73.772993657487362, 40.791979223636147 ], [ -73.772983571609643, 40.791970663416691 ], [ -73.772971237984137, 40.791962097762102 ], [ -73.772957782467373, 40.791953529057146 ], [ -73.772947699510368, 40.791944115174402 ], [ -73.772937616565642, 40.791934698529232 ], [ -73.77292529169614, 40.791923570131658 ], [ -73.772910720508207, 40.791912437220262 ], [ -73.772895029517059, 40.791899593931035 ], [ -73.772882702951037, 40.791889320947753 ], [ -73.772872622936958, 40.791879050638023 ], [ -73.772861420918531, 40.791868779033592 ], [ -73.772847974670597, 40.791856794750352 ], [ -73.772835645211018, 40.791847374502026 ], [ -73.772822201885845, 40.791834536555662 ], [ -73.772814369525221, 40.791824271592596 ], [ -73.772805411043862, 40.791814857154819 ], [ -73.772791970042363, 40.791802019124361 ], [ -73.772781883013138, 40.791793457044477 ], [ -73.772769552469086, 40.791784037791949 ], [ -73.772753851081347, 40.791774610882534 ], [ -73.772740393212132, 40.791766041310865 ], [ -73.772726946401576, 40.791754911515667 ], [ -73.772714624621401, 40.791742930271703 ], [ -73.772705671998821, 40.791731807584419 ], [ -73.772692237367693, 40.791716405879242 ], [ -73.772679922639597, 40.791702718233701 ], [ -73.772667600888425, 40.791690734308133 ], [ -73.772658636609151, 40.791683028099079 ], [ -73.772645190432115, 40.791671044711975 ], [ -73.772631742452077, 40.791659913145445 ], [ -73.772619420706633, 40.79164793189112 ], [ -73.772609346605947, 40.791635953315009 ], [ -73.77260264274193, 40.791624836816659 ], [ -73.772597060993277, 40.791613721695654 ], [ -73.772590361870996, 40.791600896115057 ], [ -73.772581419740618, 40.791586359611273 ], [ -73.772568002295429, 40.791566686834017 ], [ -73.772560170008973, 40.791556420850739 ], [ -73.772552341740834, 40.791545302211446 ], [ -73.772543383326081, 40.791535889591763 ], [ -73.772536671338415, 40.791526479568809 ], [ -73.772524355478026, 40.791512789142324 ], [ -73.772517641780581, 40.791504235541019 ], [ -73.772508696163598, 40.791491403678435 ], [ -73.772496382024244, 40.791476858666265 ], [ -73.772487427760154, 40.791466591465614 ], [ -73.772479594280725, 40.791456327396908 ], [ -73.772471766155761, 40.791445205991977 ], [ -73.772465064145649, 40.791433237661799 ], [ -73.772458362046308, 40.791421263894293 ], [ -73.772451665885811, 40.791407585481451 ], [ -73.772446090024062, 40.791394761192279 ], [ -73.77244050831483, 40.791383647819679 ], [ -73.772433809253613, 40.791370820473169 ], [ -73.772428228759026, 40.791359707103645 ], [ -73.772422649985188, 40.791347736472105 ], [ -73.772415949708403, 40.791334912636195 ], [ -73.772409250042713, 40.7913229407106 ], [ -73.772402552694444, 40.791309261455979 ], [ -73.772398092504048, 40.791299002206792 ], [ -73.772393639857668, 40.791286182810829 ], [ -73.772390311139461, 40.791274216625105 ], [ -73.772386972939685, 40.79126396134901 ], [ -73.77238364180262, 40.791251995158277 ], [ -73.772380311869625, 40.791240031730048 ], [ -73.772376984865048, 40.791227211879963 ], [ -73.772374786903498, 40.791212687766766 ], [ -73.772373712147669, 40.791198165035567 ], [ -73.772372635682203, 40.791184496803261 ], [ -73.772370434806305, 40.791170825513738 ], [ -73.77236935420548, 40.791158012780585 ], [ -73.772369395104803, 40.791146054172046 ], [ -73.772368312688229, 40.791134094264876 ], [ -73.772367229283304, 40.791122133435636 ], [ -73.772367278945239, 40.791107612842616 ], [ -73.772367319838594, 40.79109565607542 ], [ -73.772366248007913, 40.791080279599953 ], [ -73.772366285988113, 40.791069174652776 ], [ -73.772367465907195, 40.79105294720371 ], [ -73.772367515562721, 40.791038428451969 ], [ -73.772368686604281, 40.791024764744748 ], [ -73.772368739185396, 40.791009390491283 ], [ -73.772372156851532, 40.79099572938506 ], [ -73.772373333845195, 40.79098035651603 ], [ -73.772374483333579, 40.790972672027117 ], [ -73.772375648640619, 40.790960716561713 ], [ -73.77237457388577, 40.790946194667583 ], [ -73.772373497430223, 40.79093252467834 ], [ -73.77237353832237, 40.790920567910852 ], [ -73.772373582143445, 40.790907754721566 ], [ -73.772373625958508, 40.790894943289942 ], [ -73.772375910080243, 40.790884271455198 ], [ -73.77237820296132, 40.790871037634538 ], [ -73.772381623426185, 40.790856523786076 ], [ -73.772386170722058, 40.790842011244166 ], [ -73.772388456802332, 40.790830057073123 ], [ -73.7723896208892, 40.79081810244125 ], [ -73.772388538587705, 40.790806141612492 ], [ -73.772386337216872, 40.790793325743884 ], [ -73.772381877563191, 40.790782211908166 ], [ -73.772376311736295, 40.79076682663473 ], [ -73.772372989381736, 40.790752300297051 ], [ -73.772370785600515, 40.790739482666865 ], [ -73.772368587654711, 40.790724958551138 ], [ -73.77236527517401, 40.790707868558087 ], [ -73.772363074313674, 40.790694197266099 ], [ -73.772356384700416, 40.79067795602068 ], [ -73.772353050065036, 40.790667698993232 ], [ -73.772349726010972, 40.79065402640105 ], [ -73.772345279259923, 40.790639498761351 ], [ -73.772341955213747, 40.790625825248824 ], [ -73.772340880479703, 40.790611301512165 ], [ -73.772339808660888, 40.790595925119035 ], [ -73.772338729285877, 40.790583112386848 ], [ -73.772339902146314, 40.79056859409642 ], [ -73.772341073298634, 40.790554929468598 ], [ -73.772340004400903, 40.790538699331307 ], [ -73.772337787234449, 40.790530152765392 ], [ -73.772337831068455, 40.790517337735189 ], [ -73.772336751691952, 40.790504525922884 ], [ -73.772335674035858, 40.790490856850056 ], [ -73.77233123144029, 40.790475472873759 ], [ -73.772322295364333, 40.790459227185309 ], [ -73.772316716068033, 40.790448112973394 ], [ -73.772315648890768, 40.790431028252854 ], [ -73.772315689793288, 40.790419071400692 ], [ -73.772314597034807, 40.790410527055506 ], [ -73.772310144475966, 40.790397704141775 ], [ -73.772306819232497, 40.790384032381716 ], [ -73.77230236788148, 40.790371211226422 ], [ -73.772297919458964, 40.790357534569146 ], [ -73.772293460548156, 40.79034727799462 ], [ -73.772287886515741, 40.790333600031694 ], [ -73.772282320751543, 40.790318213748833 ], [ -73.772280111149627, 40.790307106196899 ], [ -73.772275656775079, 40.790295139536802 ], [ -73.772270078113337, 40.790283170737389 ], [ -73.772265619834045, 40.790272056898907 ], [ -73.77226117080798, 40.790259236665122 ], [ -73.772254476524779, 40.79024470181546 ], [ -73.772247783453395, 40.790230167971593 ], [ -73.772241077475556, 40.790219052365309 ], [ -73.772234371507707, 40.790207935000936 ], [ -73.772224305845143, 40.790194249908836 ], [ -73.772216479625058, 40.790182273985401 ], [ -73.77221090510956, 40.790169453281372 ], [ -73.772206448454909, 40.790157483936007 ], [ -73.772198624650059, 40.790145512448973 ], [ -73.772186300350214, 40.790134382129452 ], [ -73.772172858595226, 40.790121545026302 ], [ -73.772162780166127, 40.790111275489174 ], [ -73.772151584902019, 40.790098441907155 ], [ -73.77214039086715, 40.790085604644844 ], [ -73.772130316972905, 40.790073627781524 ], [ -73.772119120014111, 40.790061646938945 ], [ -73.772109039180947, 40.790051377475997 ], [ -73.77210120542459, 40.790041967045788 ], [ -73.772092250205645, 40.790031698804654 ], [ -73.772082171692077, 40.790021429343867 ], [ -73.772067606908109, 40.790008589085772 ], [ -73.772055282654094, 40.789997459672122 ], [ -73.772041829865316, 40.789987184367511 ], [ -73.772030622329524, 40.789978621757569 ], [ -73.772017167840914, 40.789969198355067 ], [ -73.772005966279082, 40.789958925744457 ], [ -73.771994756441444, 40.789950363210181 ], [ -73.771984672109468, 40.789941800141357 ], [ -73.771972350795423, 40.789929819736166 ], [ -73.771958897537203, 40.78992039632918 ], [ -73.771944324529457, 40.789909262451182 ], [ -73.771932010184202, 40.789895573801708 ], [ -73.771920804508909, 40.789886155760733 ], [ -73.771910726157202, 40.789875885364872 ], [ -73.771900649520433, 40.789864762225442 ], [ -73.771890572783107, 40.789853637244754 ], [ -73.77188385933934, 40.78984508168044 ], [ -73.771874915882151, 40.789831399784546 ], [ -73.771865959515893, 40.789821131523105 ], [ -73.771860376319708, 40.789810871866287 ], [ -73.77185368045329, 40.789797190738845 ], [ -73.771848098982971, 40.789786075578476 ], [ -73.771842522748827, 40.789774107598326 ], [ -73.77183918764419, 40.789762995967166 ], [ -73.771832500561842, 40.789746755613727 ], [ -73.771823561784942, 40.78973136178881 ], [ -73.771813481749291, 40.789721946888463 ], [ -73.771802283585913, 40.789709966010534 ], [ -73.771789966493174, 40.789697130085976 ], [ -73.771781003088208, 40.789688570141209 ], [ -73.771769810394844, 40.789675735604717 ], [ -73.77175973552896, 40.789663758706148 ], [ -73.771749667121682, 40.78965092639681 ], [ -73.771740719581757, 40.789638097144248 ], [ -73.771729528624945, 40.789624408020913 ], [ -73.771720575239669, 40.789613285251157 ], [ -73.771710502813221, 40.789601308352928 ], [ -73.771701547608231, 40.789591039244215 ], [ -73.771692591297594, 40.789580771972766 ], [ -73.771683638618555, 40.789570505545434 ], [ -73.771672443545839, 40.789557670074394 ], [ -73.771662374575385, 40.789543985009985 ], [ -73.771651181819294, 40.789531150377719 ], [ -73.771635516282245, 40.789511474868924 ], [ -73.771625441477738, 40.789499494361742 ], [ -73.771616488708332, 40.789489228847629 ], [ -73.771606408037684, 40.789478959341118 ], [ -73.771592974227588, 40.789463557504114 ], [ -73.771584022094444, 40.789452435562211 ], [ -73.771571702156535, 40.789440454278086 ], [ -73.771562742339142, 40.789431894321687 ], [ -73.771550419997226, 40.789419910270233 ], [ -73.771539217383278, 40.789409639367406 ], [ -73.771531383783028, 40.789400228897598 ], [ -73.771521311323582, 40.789388249305766 ], [ -73.771512353852884, 40.789377982853928 ], [ -73.771498918361644, 40.789363435588619 ], [ -73.771486600182129, 40.789350598792254 ], [ -73.771476527840704, 40.789338620953039 ], [ -73.771468690117771, 40.789330064135562 ], [ -73.771458613527571, 40.789318940873905 ], [ -73.771446296574624, 40.789306104074264 ], [ -73.771436218891154, 40.789294980890908 ], [ -73.771429502632017, 40.789287279043592 ], [ -73.771418302995357, 40.789276152628268 ], [ -73.771405984735878, 40.789263316742989 ], [ -73.771397026793537, 40.789253903110897 ], [ -73.771385819580416, 40.789245338681155 ], [ -73.771373507200906, 40.789230794466377 ], [ -73.771366789847107, 40.78922309445332 ], [ -73.771356717445528, 40.789211113926704 ], [ -73.771346635130712, 40.789201699816289 ], [ -73.771335424996934, 40.789193989960779 ], [ -73.771320855073839, 40.789182003262191 ], [ -73.771310772774541, 40.78917258739218 ], [ -73.771301816071585, 40.789163172834904 ], [ -73.771291742574903, 40.789151196816952 ], [ -73.771283911874463, 40.789140929907767 ], [ -73.771274959833192, 40.78912980886269 ], [ -73.771264888078704, 40.789116976501731 ], [ -73.771254812875284, 40.789105853307007 ], [ -73.771244736468162, 40.789094729105088 ], [ -73.771233540933778, 40.789082748176945 ], [ -73.771223463314811, 40.789071625894671 ], [ -73.771215625659295, 40.789063068057104 ], [ -73.771205546330506, 40.789052797595936 ], [ -73.771194350912396, 40.789040818504255 ], [ -73.771185392921439, 40.789031404856502 ], [ -73.771175310664404, 40.789021988889367 ], [ -73.771166352790317, 40.789012574320253 ], [ -73.771151790125458, 40.788998881116704 ], [ -73.77114171081908, 40.788988609813529 ], [ -73.77113499462034, 40.788980908785028 ], [ -73.771124916415303, 40.788970639240254 ], [ -73.77111595733551, 40.78896122733989 ], [ -73.771106999477709, 40.788951812849824 ], [ -73.771096915512246, 40.788943252380072 ], [ -73.771083477148494, 40.788929559645688 ], [ -73.771074516360585, 40.788920999649818 ], [ -73.771062183659225, 40.788912432865949 ], [ -73.771050972390256, 40.788904724821478 ], [ -73.771039771563352, 40.788893597529793 ], [ -73.77102857793318, 40.788880763755053 ], [ -73.771018504540777, 40.788868784116154 ], [ -73.771010675741039, 40.788857666285566 ], [ -73.771000600622841, 40.788846542064348 ], [ -73.770989405797266, 40.788833708367036 ], [ -73.770978210352766, 40.78882172741362 ], [ -73.770968136972343, 40.788809749525321 ], [ -73.770958058930603, 40.788799479045814 ], [ -73.770949099900321, 40.788790066295924 ], [ -73.770936778886607, 40.788778083099992 ], [ -73.770926703789627, 40.788766959792234 ], [ -73.770915508370791, 40.788754977912539 ], [ -73.770907675563109, 40.788744713733038 ], [ -73.770898720592328, 40.788734445480721 ], [ -73.770889769883809, 40.788723323486089 ], [ -73.770880818484912, 40.788711347906798 ], [ -73.770870749293991, 40.788698514596639 ], [ -73.770864034879494, 40.78868996172929 ], [ -73.770856208445551, 40.788678842052356 ], [ -73.770846136838315, 40.788666009653937 ], [ -73.770837179057537, 40.788656595895034 ], [ -73.770825976683298, 40.788646324085413 ], [ -73.770817035338382, 40.788631786518181 ], [ -73.770811455355485, 40.788620669550369 ], [ -73.770801386704093, 40.788606984325057 ], [ -73.770791322791993, 40.788593298186882 ], [ -73.770781254157797, 40.788579610365723 ], [ -73.770770060623917, 40.788566778405418 ], [ -73.770762246620919, 40.788551386649466 ], [ -73.77075665954753, 40.788541981516687 ], [ -73.770749959254047, 40.788530008565807 ], [ -73.770743262532719, 40.788516328290214 ], [ -73.770742177616384, 40.788505222859996 ], [ -73.770739985982175, 40.788488991387275 ], [ -73.770738901074608, 40.788477884200603 ], [ -73.770736688857269, 40.788467628436315 ], [ -73.770734477152189, 40.788456521766904 ], [ -73.770732276181874, 40.788443704105738 ], [ -73.770731200620574, 40.788429181266913 ], [ -73.77073350404487, 40.788412956983798 ], [ -73.770735792752134, 40.788401005523653 ], [ -73.7707369712884, 40.788385632667634 ], [ -73.770737009538905, 40.788374527716421 ], [ -73.770738175612451, 40.788361718513713 ], [ -73.770739360029907, 40.78834463833784 ], [ -73.77073940416706, 40.788331824224059 ], [ -73.77074056555972, 40.788320725104924 ], [ -73.770742863100509, 40.788306207223599 ], [ -73.770746283787275, 40.78829169425557 ], [ -73.770750827104223, 40.788278038190796 ], [ -73.770755363331915, 40.788266088441937 ], [ -73.770762142400031, 40.788255852413521 ], [ -73.770770042310602, 40.788245618616749 ], [ -73.770777950411087, 40.788233676496503 ], [ -73.770785857302812, 40.788221733538265 ], [ -73.770794882676057, 40.788211500138047 ], [ -73.770803912184206, 40.788200416676837 ], [ -73.770816321305219, 40.788186773501309 ], [ -73.770826468080216, 40.788177399678005 ], [ -73.770835502264916, 40.788164603451435 ], [ -73.770845662528032, 40.788150958476002 ], [ -73.77085469202872, 40.788139872332913 ], [ -73.770864845303166, 40.788127935594702 ], [ -73.770875002104574, 40.788115996184786 ], [ -73.770885159410241, 40.788103205870151 ], [ -73.77089306575138, 40.78809211564959 ], [ -73.770900969658129, 40.788081029020212 ], [ -73.770910012740103, 40.788065671806173 ], [ -73.770916781736062, 40.788057997668979 ], [ -73.77092918481388, 40.788046064479666 ], [ -73.770937084048384, 40.788036683414873 ], [ -73.770944982068684, 40.788027303268507 ], [ -73.77109370951996, 40.787914853967564 ], [ -73.771443810410574, 40.787738739519199 ], [ -73.771591288413646, 40.787663013249919 ], [ -73.77159804849758, 40.787657901895585 ], [ -73.771612688870519, 40.787648535909796 ], [ -73.771627324703616, 40.787640877328485 ], [ -73.771638585639877, 40.787634066643058 ], [ -73.771650972647251, 40.78762640360123 ], [ -73.77166111457305, 40.787618736943493 ], [ -73.771675749186656, 40.78761107743351 ], [ -73.77168813325099, 40.787604269889805 ], [ -73.771702780670793, 40.787593195652192 ], [ -73.771716292131103, 40.787585533995859 ], [ -73.771730913187, 40.787582144627024 ], [ -73.771750038010268, 40.78757620493748 ], [ -73.771770293150283, 40.787568559315375 ], [ -73.771781556991243, 40.787560893113771 ], [ -73.771795087100699, 40.787548108397509 ], [ -73.77180748579174, 40.787537027934597 ], [ -73.771823237141348, 40.787531935300684 ], [ -73.771838975459772, 40.787530258224713 ], [ -73.77185808159885, 40.787529441485432 ], [ -73.771874947200033, 40.787526911130868 ], [ -73.771891815719172, 40.787523528953315 ], [ -73.771906430892344, 40.787521849645032 ], [ -73.77192104324979, 40.787521023995787 ], [ -73.771934539925951, 40.787517633293319 ], [ -73.771950308709577, 40.787507415832536 ], [ -73.771962698690885, 40.787498900016672 ], [ -73.771975097343145, 40.787487819535656 ], [ -73.771986368822667, 40.78747759140834 ], [ -73.77199764260358, 40.787467365040889 ], [ -73.772012278242329, 40.787459706411532 ], [ -73.772032530284548, 40.787452914404959 ], [ -73.772050529600094, 40.787446969761348 ], [ -73.772065157662539, 40.787441873951146 ], [ -73.772083166843771, 40.787433368237515 ], [ -73.772098914017505, 40.787429128304041 ], [ -73.772115778367294, 40.787426599753239 ], [ -73.772131512015875, 40.787426630882429 ], [ -73.772146111443689, 40.787429221685095 ], [ -73.772166319608857, 40.787435241009604 ], [ -73.77218203864868, 40.787439541440477 ], [ -73.772197777040418, 40.787437866073368 ], [ -73.772214657221667, 40.787431064686579 ], [ -73.772228162622298, 40.787425114725323 ], [ -73.77223709562297, 40.78742106408852 ], [ -73.772263967259704, 40.787426639956053 ], [ -73.772295049990291, 40.787428274638593 ], [ -73.772454843521501, 40.787368743759167 ], [ -73.773116989196069, 40.787632307718503 ], [ -73.773777379914065, 40.787920144711663 ], [ -73.773834925746357, 40.787894411473722 ], [ -73.77397745492685, 40.787822834522771 ] ] ], [ [ [ -73.778428532136232, 40.792947946236737 ], [ -73.778525989039622, 40.792958226569645 ], [ -73.778623800322279, 40.792966354344671 ], [ -73.778721881785458, 40.792972322207305 ], [ -73.778820151875536, 40.792976123807072 ], [ -73.778918527369655, 40.792977757061159 ], [ -73.779016923172478, 40.792977220048357 ], [ -73.779115257486168, 40.792974513530503 ], [ -73.779213444981295, 40.792969639188321 ], [ -73.779311402521785, 40.792962603049574 ], [ -73.779409049728443, 40.792953408645197 ], [ -73.779506301248929, 40.792942065683476 ], [ -73.779603073934751, 40.792928583040954 ], [ -73.779699287275164, 40.792912971358504 ], [ -73.779833493288734, 40.792878745024318 ], [ -73.779849134571492, 40.792875941025002 ], [ -73.779865151503842, 40.792874915347092 ], [ -73.779881191978703, 40.792875690659876 ], [ -73.779896905569856, 40.792878248473187 ], [ -73.779911948681672, 40.792882535675396 ], [ -73.779925992388655, 40.792888455430074 ], [ -73.779938726474185, 40.792895880064805 ], [ -73.779949875513296, 40.792904645247617 ], [ -73.779959193783512, 40.792914560519641 ], [ -73.779966476812803, 40.792925408391689 ], [ -73.779971566768594, 40.792936950885434 ], [ -73.779974349560376, 40.792948935632047 ], [ -73.779974766720812, 40.792961100412853 ], [ -73.779972808452555, 40.792973178752888 ], [ -73.779968516031076, 40.792984905027105 ], [ -73.779961986179487, 40.792996023672316 ], [ -73.779897270087687, 40.793087968510775 ], [ -73.779880869708308, 40.79311788248188 ], [ -73.779867614538333, 40.793148678716975 ], [ -73.779857585903514, 40.793180166374817 ], [ -73.779850847192094, 40.793212151151984 ], [ -73.779847438138233, 40.793244437613218 ], [ -73.779847379541877, 40.793276827690207 ], [ -73.779850673397419, 40.793309119766867 ], [ -73.779857298778651, 40.793341119294993 ], [ -73.779927415778261, 40.793610369805691 ], [ -73.78000205986352, 40.794004292953218 ], [ -73.780004707730853, 40.794019446309278 ], [ -73.780003612289406, 40.794034708634605 ], [ -73.779998810607623, 40.794049555119457 ], [ -73.779990469160296, 40.794063475337218 ], [ -73.779978875081497, 40.794075989124423 ], [ -73.779964425642788, 40.794086665806546 ], [ -73.779947621938717, 40.794095137148446 ], [ -73.779929038553405, 40.794101113444412 ], [ -73.779584634717168, 40.794183736244619 ], [ -73.779247635646655, 40.794264581968697 ], [ -73.779230749423888, 40.794267523965338 ], [ -73.779213458950309, 40.794268384980782 ], [ -73.77919620868964, 40.794267145287392 ], [ -73.779179441511403, 40.794263834344441 ], [ -73.779163587435946, 40.794258538730176 ], [ -73.779149055950953, 40.794251394172107 ], [ -73.779136217204226, 40.794242583340903 ], [ -73.779125402444535, 40.794232333758487 ], [ -73.777989122603117, 40.793076652104979 ], [ -73.777977246576569, 40.793062485836288 ], [ -73.777968362659323, 40.79304711510823 ], [ -73.777962678471951, 40.793030897803412 ], [ -73.777960326492064, 40.793014214158902 ], [ -73.777961362216104, 40.792997454137925 ], [ -73.777965760886559, 40.792981009472697 ], [ -73.777973421485768, 40.792965265471089 ], [ -73.777984162699767, 40.792950589051877 ], [ -73.777997733388744, 40.792937324660507 ], [ -73.77801381736559, 40.792925781477123 ], [ -73.778032038139273, 40.792916230670841 ], [ -73.7780519696298, 40.792908893955335 ], [ -73.77807314441678, 40.792903944190058 ], [ -73.778095070285659, 40.792901497467668 ], [ -73.778117231667039, 40.792901609515091 ], [ -73.778139112077184, 40.792904279253634 ], [ -73.778235010741355, 40.792920960329191 ], [ -73.778331512485465, 40.792935519948173 ], [ -73.778428532136232, 40.792947946236737 ] ] ] ] } },
{ "type": "Feature", "properties": { "Borough": "QN", "Block": 5907, "Lot": 1, "CD": 407, "BCT2020": "4099705", "BCTCB2020": "40997050001", "CT2010": "997.05", "CB2010": "0001", "SchoolDist": null, "Council": 19, "ZipCode": 0, "FireComp": null, "PolicePrct": 0, "HealthCent": 0, "HealthArea": 0, "Sanitboro": null, "SanitDistr": null, "SanitSub": null, "Address": "23 AVENUE", "ZoneDist1": "C3", "ZoneDist2": null, "ZoneDist3": null, "ZoneDist4": null, "Overlay1": null, "Overlay2": null, "SPDist1": null, "SPDist2": null, "SPDist3": null, "LtdHeight": null, "SplitZone": "N", "BldgClass": "V0", "LandUse": "11", "Easements": 0, "OwnerType": "X", "OwnerName": "CITY OF NEW YORK", "LotArea": 12500000, "BldgArea": 0, "ComArea": 0, "ResArea": 0, "OfficeArea": 0, "RetailArea": 0, "GarageArea": 0, "StrgeArea": 0, "FactryArea": 0, "OtherArea": 0, "AreaSource": "7", "NumBldgs": 0, "NumFloors": 0.0, "UnitsRes": 0, "UnitsTotal": 0, "LotFront": 2500.0, "LotDepth": 5000.0, "BldgFront": 0.0, "BldgDepth": 0.0, "Ext": null, "ProxCode": "0", "IrrLotCode": "Y", "LotType": "5", "BsmtCode": "5", "AssessLand": 0.0, "AssessTot": 0.0, "ExemptTot": 0.0, "YearBuilt": 0, "YearAlter1": 0, "YearAlter2": 0, "HistDist": null, "Landmark": null, "BuiltFAR": 0.0, "ResidFAR": 0.75, "CommFAR": 0.5, "FacilFAR": 1.0, "BoroCode": 4, "BBL": 4059070000.9999995, "CondoNo": 0, "Tract2010": "099705", "XCoord": 1045061, "YCoord": 231228, "ZoneMap": "11c", "ZMCode": "Y", "Sanborn": "499 999", "TaxMap": "42802", "EDesigNum": null, "APPBBL": 0.0, "APPDate": null, "PLUTOMapID": "1", "FIRM07_FLA": "1", "PFIRM15_FL": "1", "Version": "25v4", "DCPEdited": null, "Latitude": 40.8011341, "Longitude": -73.7803546, "Notes": null, "Shape_Leng": 0.0, "Shape_Area": 25516.237201799999 }, "geometry": { "type": "MultiPolygon", "coordinates": [ [ [ [ -73.773116989196069, 40.787632307718503 ], [ -73.772454843521501, 40.787368743759167 ], [ -73.772295049990291, 40.787428274638593 ], [ -73.772263967259704, 40.787426639956053 ], [ -73.77223709562297, 40.78742106408852 ], [ -73.772245044618188, 40.787417459588717 ], [ -73.77225967265926, 40.787412363753802 ], [ -73.772274299490718, 40.78740726699322 ], [ -73.772287796116657, 40.787403878928401 ], [ -73.772306922669188, 40.787397081970639 ], [ -73.772320423434266, 40.787392836644514 ], [ -73.77233954875949, 40.787386043193038 ], [ -73.772357554472165, 40.787379244847656 ], [ -73.772369936714739, 40.787373290892148 ], [ -73.772385692619892, 40.787366488095927 ], [ -73.772400318221102, 40.787361391318242 ], [ -73.772418322701256, 40.787354595637417 ], [ -73.772432951326138, 40.787348645195117 ], [ -73.772448705400947, 40.787342696053095 ], [ -73.772465579680627, 40.787337606470068 ], [ -73.772483580138541, 40.787331661761094 ], [ -73.772502704822656, 40.78732572194771 ], [ -73.772518457675289, 40.787319772793744 ], [ -73.772534210629019, 40.787313825479288 ], [ -73.772541620897556, 40.787311192525884 ], [ -73.772553338229699, 40.787307029318995 ], [ -73.772567965012385, 40.787301933441128 ], [ -73.77257922298682, 40.787295976324323 ], [ -73.772596101879728, 40.787289175716694 ], [ -73.772615236507193, 40.787280673063407 ], [ -73.772637740659746, 40.787272175300849 ], [ -73.772656867134444, 40.787265380042548 ], [ -73.772672624078751, 40.787258579049279 ], [ -73.772687247923471, 40.787254337654581 ], [ -73.772701874690327, 40.787249240003305 ], [ -73.772718751845304, 40.78724329571854 ], [ -73.772741250136448, 40.78723650709864 ], [ -73.772762631009456, 40.787228007096616 ], [ -73.772782878888748, 40.787222068531378 ], [ -73.772800873345702, 40.787217832099103 ], [ -73.772816624540923, 40.787212740165458 ], [ -73.772832374425278, 40.787207644629191 ], [ -73.772850375909343, 40.787201701706415 ], [ -73.772869494805576, 40.787197469237469 ], [ -73.772889737338289, 40.787192382553002 ], [ -73.772909984587486, 40.787187299472123 ], [ -73.772925734457246, 40.78718220484447 ], [ -73.772941490147048, 40.787175402891869 ], [ -73.772954996653624, 40.787169449249703 ], [ -73.772968504961185, 40.787162643783219 ], [ -73.772984260641962, 40.787155841826042 ], [ -73.772996639877277, 40.787150741463734 ], [ -73.773014643146624, 40.787143943010875 ], [ -73.773034899118443, 40.787136295244188 ], [ -73.773055150346877, 40.787128648468425 ], [ -73.773073150582277, 40.787122704588313 ], [ -73.773093406538891, 40.787115056895068 ], [ -73.773109156476892, 40.787109964918947 ], [ -73.773122658834922, 40.787104864915442 ], [ -73.77313728552646, 40.787099769886545 ], [ -73.773151912329098, 40.787094673934611 ], [ -73.773171036891469, 40.787088732253679 ], [ -73.773189037110285, 40.78708278651397 ], [ -73.7732070362119, 40.787076845287189 ], [ -73.773221658290382, 40.787073455813747 ], [ -73.773237405190258, 40.787069217481935 ], [ -73.773252027862767, 40.787064974339316 ], [ -73.773270029271032, 40.787059031267106 ], [ -73.773280151155348, 40.787056489271464 ], [ -73.773294758677437, 40.787057371691731 ], [ -73.773314994711498, 40.787054849602178 ], [ -73.773331856120279, 40.787053175452989 ], [ -73.773346475280604, 40.787050639542016 ], [ -73.773357855588387, 40.787047933031928 ], [ -73.773116989196069, 40.787632307718503 ] ] ] ] } },
{ "type": "Feature", "properties": { "Borough": "QN", "Block": 5946, "Lot": 200, "CD": 407, "BCT2020": "4099900", "BCTCB2020": "40999001000", "CT2010": "999", "CB2010": "1000", "SchoolDist": "25", "Council": 19, "ZipCode": 11359, "FireComp": "E306", "PolicePrct": 109, "HealthCent": 43, "HealthArea": 3900, "Sanitboro": "4", "SanitDistr": "07", "SanitSub": "8D", "Address": "CROSS ISLAND PARKWAY", "ZoneDist1": "R3-1", "ZoneDist2": "PARK", "ZoneDist3": null, "ZoneDist4": null, "Overlay1": null, "Overlay2": null, "SPDist1": "NA-4", "SPDist2": null, "SPDist3": null, "LtdHeight": null, "SplitZone": "Y", "BldgClass": "V0", "LandUse": "11", "Easements": 0, "OwnerType": "C", "OwnerName": "NYC DEPARTMENT OF CITYWIDE ADMINISTRATIVE SERVICES", "LotArea": 90000, "BldgArea": 0, "ComArea": 0, "ResArea": 0, "OfficeArea": 0, "RetailArea": 0, "GarageArea": 0, "StrgeArea": 0, "FactryArea": 0, "OtherArea": 0, "AreaSource": "7", "NumBldgs": 0, "NumFloors": 0.0, "UnitsRes": 0, "UnitsTotal": 0, "LotFront": 120.0, "LotDepth": 750.0, "BldgFront": 0.0, "BldgDepth": 0.0, "Ext": null, "ProxCode": "0", "IrrLotCode": "N", "LotType": "5", "BsmtCode": "5", "AssessLand": 524160.0, "AssessTot": 524160.0, "ExemptTot": 524160.0, "YearBuilt": 0, "YearAlter1": 0, "YearAlter2": 0, "HistDist": null, "Landmark": null, "BuiltFAR": 0.0, "ResidFAR": 0.75, "CommFAR": 0.0, "FacilFAR": 1.0, "BoroCode": 4, "BBL": 4059460200.0, "CondoNo": 0, "Tract2010": "0999", "XCoord": 1046621, "YCoord": 226307, "ZoneMap": "11c", "ZMCode": null, "Sanborn": "499 999", "TaxMap": "42802", "EDesigNum": null, "APPBBL": 0.0, "APPDate": null, "PLUTOMapID": "1", "FIRM07_FLA": "1", "PFIRM15_FL": "1", "Version": "25v4", "DCPEdited": "t", "Latitude": 40.7876165, "Longitude": -73.7747657, "Notes": null, "Shape_Leng": 0.0, "Shape_Area": 168427.233003 }, "geometry": { "type": "MultiPolygon", "coordinates": [ [ [ [ -73.773357855588387, 40.787047933031928 ], [ -73.773367843167193, 40.787045557749714 ], [ -73.773384726144855, 40.787037903368144 ], [ -73.773399361523602, 40.787030246318466 ], [ -73.773414006836617, 40.787020025610524 ], [ -73.773427521375922, 40.787010655421348 ], [ -73.773439903456207, 40.787004701268032 ], [ -73.773453411573684, 40.786997894824225 ], [ -73.77347254891599, 40.786988537529737 ], [ -73.773486050114968, 40.786983439322832 ], [ -73.773504048582851, 40.786978347196964 ], [ -73.773525410730699, 40.786974974538651 ], [ -73.773542283150363, 40.786970735699221 ], [ -73.773558031219167, 40.786966496404538 ], [ -73.773574901322363, 40.786962258477189 ], [ -73.773594014665733, 40.786958880463757 ], [ -73.773613128740095, 40.786956355196288 ], [ -73.773628871106126, 40.786953823297416 ], [ -73.77364461505158, 40.786950437733047 ], [ -73.773665984099992, 40.786945354047589 ], [ -73.773678359236158, 40.786941108190568 ], [ -73.773686250444527, 40.786934291519529 ], [ -73.773704249360506, 40.786928347536943 ], [ -73.773721116534702, 40.786924965089113 ], [ -73.77373236673958, 40.7869215680075 ], [ -73.773744728454076, 40.786921592292209 ], [ -73.773766083069901, 40.786920782330377 ], [ -73.773781810800244, 40.786922519635745 ], [ -73.773799781879504, 40.786925119613109 ], [ -73.773818863395576, 40.786931133759133 ], [ -73.773836817799847, 40.786939711204845 ], [ -73.773845780372469, 40.786947415485258 ], [ -73.773856980125572, 40.786958543425342 ], [ -73.773865946816898, 40.786965393125691 ], [ -73.773880519981645, 40.786975672263864 ], [ -73.773893979938052, 40.786983385370007 ], [ -73.773913063889864, 40.786989403100385 ], [ -73.773926534247678, 40.786993698795619 ], [ -73.773940004599538, 40.786997997250865 ], [ -73.773959076963664, 40.787007429618043 ], [ -73.773974778608078, 40.787016856371082 ], [ -73.773984877148635, 40.787021147283838 ], [ -73.774000602003696, 40.787023740060285 ], [ -73.774020809116266, 40.78702975813777 ], [ -73.774035393920812, 40.787036619767832 ], [ -73.774051104395994, 40.787043482766748 ], [ -73.774064560274581, 40.787052050431377 ], [ -73.774075778579785, 40.787058052705845 ], [ -73.774091486049301, 40.787065772037572 ], [ -73.77410494083864, 40.787074338776549 ], [ -73.774119518177883, 40.787083762384462 ], [ -73.774132975283919, 40.787092330043436 ], [ -73.774147554427628, 40.787100899901084 ], [ -73.774164386737496, 40.78710776684202 ], [ -73.774178972787283, 40.787114627619886 ], [ -73.774195797733526, 40.787124056461217 ], [ -73.774213745704856, 40.787133489343127 ], [ -73.774221595118831, 40.787138627650812 ], [ -73.774241787796555, 40.787148917758728 ], [ -73.774256372651394, 40.787155778440635 ], [ -73.774269841366902, 40.787160932276741 ], [ -73.774284432131722, 40.787166084796119 ], [ -73.774297900866799, 40.787171234111007 ], [ -73.774314737314953, 40.787177247371524 ], [ -73.774327084596266, 40.787181542659212 ], [ -73.774346165755986, 40.7871884122221 ], [ -73.774359632065398, 40.787193565122855 ], [ -73.774373097911635, 40.787199570013641 ], [ -73.774386566654115, 40.787204721159604 ], [ -73.774400025616259, 40.78721243336792 ], [ -73.774414610496819, 40.787219295868582 ], [ -73.774430318046797, 40.787227014235192 ], [ -73.774443784011822, 40.787233019954222 ], [ -73.774459487935147, 40.787240738308398 ], [ -73.774471821979631, 40.787249303729553 ], [ -73.774478536703327, 40.787257859065171 ], [ -73.774477382315681, 40.787266398155893 ], [ -73.77447620587364, 40.787281771054147 ], [ -73.774472792940628, 40.787294575813462 ], [ -73.774477257871766, 40.78730312674368 ], [ -73.77449299317702, 40.787302302967277 ], [ -73.774505366539643, 40.787298909849611 ], [ -73.774520001855947, 40.787291249980115 ], [ -73.774538007896467, 40.78728359846496 ], [ -73.774547009411947, 40.78728020049985 ], [ -73.774561624464681, 40.787278520853462 ], [ -73.774577358189603, 40.787278551648967 ], [ -73.774593076133101, 40.787282852585022 ], [ -73.774609911535819, 40.78728886580015 ], [ -73.774624504667841, 40.787294018197159 ], [ -73.774639096586483, 40.78729917159508 ], [ -73.774657056238908, 40.787305186081717 ], [ -73.774672767310676, 40.787311195247661 ], [ -73.774687356347428, 40.787317202215171 ], [ -73.77470755493357, 40.787325783915861 ], [ -73.774725515814453, 40.787331797557847 ], [ -73.774737859046553, 40.787336947379906 ], [ -73.774755817038425, 40.787343816435651 ], [ -73.774769284745616, 40.787348965693155 ], [ -73.774787241531712, 40.787355834741639 ], [ -73.774804079288941, 40.787361846176466 ], [ -73.774815972044479, 40.787367151386164 ], [ -73.774817544101609, 40.78736785268697 ], [ -73.774833255092176, 40.787373861913238 ], [ -73.774852337456721, 40.787380732231902 ], [ -73.774870291487673, 40.787388454008294 ], [ -73.774882635952011, 40.787393603817193 ], [ -73.774900591663254, 40.787400472845796 ], [ -73.774916313756549, 40.78740391924299 ], [ -73.77493316355401, 40.787405660423865 ], [ -73.774954523518545, 40.787403993909209 ], [ -73.774971390750011, 40.787400611194904 ], [ -73.774988266536113, 40.787394664819132 ], [ -73.775004008953502, 40.787392132732634 ], [ -73.775019735610769, 40.787393871706747 ], [ -73.775032085864453, 40.787397312337959 ], [ -73.775045553597337, 40.787402463488377 ], [ -73.775060138583257, 40.7874093267448 ], [ -73.775075837596802, 40.78741960608798 ], [ -73.775089296674949, 40.787427320892064 ], [ -73.775104989925751, 40.78743930839039 ], [ -73.775119566272863, 40.787448732790367 ], [ -73.775136379790851, 40.787461576138092 ], [ -73.775152080606006, 40.787471003565614 ], [ -73.775169460029133, 40.787482568516822 ], [ -73.775185712330668, 40.787494985769342 ], [ -73.775198037863206, 40.7875061130148 ], [ -73.77520812501858, 40.787513820303289 ], [ -73.77521933364531, 40.787522383529726 ], [ -73.775235026941942, 40.787534371010189 ], [ -73.77524511542633, 40.78754207838174 ], [ -73.775258560017761, 40.787554064148537 ], [ -73.775268643843717, 40.787563478841655 ], [ -73.775277603780808, 40.78757203759087 ], [ -73.775289924142228, 40.787584020324076 ], [ -73.775303369969492, 40.787596003492638 ], [ -73.775317934843528, 40.787608845188075 ], [ -73.775331383562559, 40.787619974610095 ], [ -73.775341473742131, 40.787626828226259 ], [ -73.775353792347204, 40.78763966377781 ], [ -73.775366123693502, 40.787649084603665 ], [ -73.775379570118972, 40.787660213177851 ], [ -73.775389648670426, 40.787670483273963 ], [ -73.775399732529721, 40.787679898793073 ], [ -73.775412057381104, 40.78769017234621 ], [ -73.77541514578698, 40.787692924759874 ], [ -73.775425503360267, 40.787702155501854 ], [ -73.775438945136173, 40.787714994991838 ], [ -73.775447894802923, 40.787726969378056 ], [ -73.775457971702636, 40.787738094051264 ], [ -73.775464685394965, 40.787746648406397 ], [ -73.775472514915052, 40.787757766856771 ], [ -73.775484833560583, 40.787770605071877 ], [ -73.775496027865003, 40.787783438416184 ], [ -73.775506113428236, 40.78779199934138 ], [ -73.775517310614845, 40.787803979860492 ], [ -73.775533001259518, 40.787816821964668 ], [ -73.775547569114153, 40.787828807208413 ], [ -73.775561015028231, 40.78784079302423 ], [ -73.775569972268684, 40.787850206416465 ], [ -73.7755766744704, 40.787862176329192 ], [ -73.775577752747793, 40.787875845376185 ], [ -73.77557547356777, 40.787885235032718 ], [ -73.775567567462161, 40.787897179240254 ], [ -73.775560784622826, 40.787909122959626 ], [ -73.775553150833531, 40.787914895849212 ], [ -73.775550236240719, 40.787911318640944 ], [ -73.775517048292784, 40.787875820022649 ], [ -73.775419107236573, 40.787815768859168 ], [ -73.77527306876253, 40.787737597558028 ], [ -73.775127854040193, 40.787689243346627 ], [ -73.775041977391254, 40.78766552744905 ], [ -73.77489353438196, 40.787636486991374 ], [ -73.774764667826602, 40.787620263690542 ], [ -73.774654957491933, 40.787614713590308 ], [ -73.774583483951218, 40.787616702539509 ], [ -73.774532114347423, 40.787624786696973 ], [ -73.77446425911927, 40.787649479862914 ], [ -73.774419371086509, 40.787663234505231 ], [ -73.774377501311022, 40.787674700582585 ], [ -73.774314178799401, 40.787690714449212 ], [ -73.774234231757262, 40.787711853835702 ], [ -73.774185131769883, 40.787727729862901 ], [ -73.774129255641768, 40.787754145535594 ], [ -73.774055289970534, 40.78778557123001 ], [ -73.77397745492685, 40.787822834522771 ], [ -73.773834925746357, 40.787894411473722 ], [ -73.773777379914065, 40.787920144711663 ], [ -73.773116989196069, 40.787632307718503 ], [ -73.773357855588387, 40.787047933031928 ] ] ], [ [ [ -73.775279002423787, 40.787407988256227 ], [ -73.775300208130076, 40.787423256250769 ], [ -73.775331648282233, 40.787446817176104 ], [ -73.775376380527078, 40.787481931359039 ], [ -73.775458413877161, 40.787538893359454 ], [ -73.775559874891812, 40.787615012731088 ], [ -73.775639736291254, 40.787669702010845 ], [ -73.775740307727958, 40.787738818068078 ], [ -73.775860913982669, 40.787810744767476 ], [ -73.775895716414013, 40.787828118395169 ], [ -73.775948608470998, 40.787850680743567 ], [ -73.776102271908869, 40.787916901961374 ], [ -73.776231773670531, 40.787967870078013 ], [ -73.776474387024123, 40.788063894692698 ], [ -73.776684853986069, 40.788145939964522 ], [ -73.777029577214606, 40.788303817995597 ], [ -73.77710786904791, 40.788575578098055 ], [ -73.777005740421345, 40.788852706203016 ], [ -73.776832262767897, 40.78869464044346 ], [ -73.77673235033474, 40.788569922278086 ], [ -73.776634478037707, 40.788501117607936 ], [ -73.77651218050714, 40.788402617285769 ], [ -73.776308756379734, 40.788317819833615 ], [ -73.776212672977209, 40.788255303901643 ], [ -73.776150344436786, 40.78823079079168 ], [ -73.776112116947502, 40.788217585719138 ], [ -73.776111526744728, 40.788216833890836 ], [ -73.776101453742342, 40.788204856537298 ], [ -73.776091379530214, 40.788192880016844 ], [ -73.776079057814584, 40.78818089644944 ], [ -73.776065616918331, 40.788168057957208 ], [ -73.77604993194592, 40.788153507683653 ], [ -73.776035368470261, 40.788139813340059 ], [ -73.776021929256189, 40.788126120175761 ], [ -73.776011857942748, 40.788113290071259 ], [ -73.776001793601836, 40.788098748965176 ], [ -73.775992840807078, 40.788087627363019 ], [ -73.775983884036805, 40.788077360422527 ], [ -73.77597492681717, 40.788067947148072 ], [ -73.775965970052596, 40.7880576801224 ], [ -73.775957016170125, 40.788046557678939 ], [ -73.775946939777469, 40.788036290399063 ], [ -73.775936855788146, 40.788026874008217 ], [ -73.775921182378895, 40.78800890723253 ], [ -73.775913349545547, 40.787999494300522 ], [ -73.775903269536528, 40.787989226088285 ], [ -73.775890943907115, 40.787978098835481 ], [ -73.77588336750307, 40.787970202151357 ], [ -73.775878627452627, 40.787965261590067 ], [ -73.77586630172128, 40.787954134418115 ], [ -73.775855102669354, 40.787943008433658 ], [ -73.775837181798607, 40.787925035515975 ], [ -73.775823748530613, 40.787909635090671 ], [ -73.775810308300024, 40.78789594374053 ], [ -73.775795739065728, 40.787883957606169 ], [ -73.775778917900595, 40.787873674337405 ], [ -73.775763214128077, 40.78786510249693 ], [ -73.775753116900134, 40.787859958078485 ], [ -73.77573965201087, 40.78785395251424 ], [ -73.775723947040632, 40.787845379747253 ], [ -73.775708249037095, 40.787835100495336 ], [ -73.775693671197914, 40.787825677171604 ], [ -73.775681342189372, 40.787816258143465 ], [ -73.775662285527815, 40.78780169949281 ], [ -73.775644337054615, 40.7877922686773 ], [ -73.775626380059222, 40.787785400682885 ], [ -73.775605064396586, 40.787774254128678 ], [ -73.775588248931626, 40.787762264429041 ], [ -73.775572553856023, 40.787751128820005 ], [ -73.775557981808689, 40.78773999899515 ], [ -73.77553221271296, 40.787716884133964 ], [ -73.775519892277131, 40.78770490326837 ], [ -73.775509819461774, 40.787692924942135 ], [ -73.775500866909198, 40.787681804221393 ], [ -73.775494152009614, 40.787673248945836 ], [ -73.775484067673631, 40.787664688858158 ], [ -73.775472860666724, 40.787655269400496 ], [ -73.775459413020329, 40.787644139077088 ], [ -73.775443722540771, 40.787631296962786 ], [ -73.775425794422773, 40.787615888562783 ], [ -73.775412342706105, 40.787605610972136 ], [ -73.775396646017484, 40.787595331762247 ], [ -73.775384307238852, 40.787588473765666 ], [ -73.775370855059009, 40.78757905435355 ], [ -73.775358523725004, 40.787569633529422 ], [ -73.775345069245986, 40.787560212352062 ], [ -73.775333866368555, 40.787549939138607 ], [ -73.775324902335143, 40.787542234052111 ], [ -73.775312577877031, 40.787531106738648 ], [ -73.775301373328901, 40.787521689946644 ], [ -73.775292405207765, 40.787514839352326 ], [ -73.775281200555028, 40.787505422558105 ], [ -73.775267757647569, 40.787492581206827 ], [ -73.775258799388311, 40.787483170550004 ], [ -73.775248720882317, 40.78747290136225 ], [ -73.775238648618654, 40.787460067506267 ], [ -73.775233062104661, 40.787450662589613 ], [ -73.775226362896561, 40.787437836235164 ], [ -73.775223044412115, 40.787422029480204 ], [ -73.775215230954984, 40.787406211275922 ], [ -73.775209657776145, 40.787392534287982 ], [ -73.775201845298952, 40.787377144758651 ], [ -73.77519627789475, 40.787361759527045 ], [ -73.775189580380243, 40.787348078585751 ], [ -73.775189234547113, 40.787347327732142 ], [ -73.775279002423787, 40.787407988256227 ] ] ], [ [ [ -73.775677657964096, 40.788040064443258 ], [ -73.775608849976024, 40.787979768587022 ], [ -73.775586724632817, 40.787956102492387 ], [ -73.775586122179007, 40.787955363102455 ], [ -73.775599968647725, 40.787952762070205 ], [ -73.77561458393771, 40.787951080534285 ], [ -73.775633690036202, 40.787950264089027 ], [ -73.775648277626672, 40.787957126438876 ], [ -73.775657240656159, 40.787964830577543 ], [ -73.775670686617445, 40.787976816380322 ], [ -73.775681880993773, 40.787989648786123 ], [ -73.775690830735229, 40.788001624909406 ], [ -73.775703149477295, 40.788014460340449 ], [ -73.775716588603245, 40.788028153540829 ], [ -73.775732259082659, 40.788046974841293 ], [ -73.775747934112346, 40.788064088899581 ], [ -73.775760247123699, 40.788078632565906 ], [ -73.775772561913882, 40.788092322650471 ], [ -73.775780022560198, 40.788101352876851 ], [ -73.775677657964096, 40.788040064443258 ] ] ] ] } }
]
}
