{
"type": "FeatureCollection",
"name": "pluto_Bronx_Park",
"crs": { "type": "name", "properties": { "name": "urn:ogc:def:crs:OGC:1.3:CRS84" } },
"features": [
{ "type": "Feature", "properties": { "Borough": "BX", "Block": 3272, "Lot": 3, "CD": 227, "BCT2020": "2033400", "BCTCB2020": "20334001011", "CT2010": "334", "CB2010": "1015", "SchoolDist": "10", "Council": 15, "ZipCode": 10458, "FireComp": "L037", "PolicePrct": 52, "HealthCent": 21, "HealthArea": 1100, "Sanitboro": null, "SanitDistr": null, "SanitSub": null, "Address": "SOUTHERN BOULEVARD", "ZoneDist1": "R6", "ZoneDist2": null, "ZoneDist3": null, "ZoneDist4": null, "Overlay1": null, "Overlay2": null, "SPDist1": null, "SPDist2": null, "SPDist3": null, "LtdHeight": null, "SplitZone": "N", "BldgClass": "Q1", "LandUse": "09", "Easements": 0, "OwnerType": "C", "OwnerName": "NYC DEPARTMENT OF PARKS AND RECREATION", "LotArea": 27819, "BldgArea": 0, "ComArea": 0, "ResArea": 0, "OfficeArea": 0, "RetailArea": 0, "GarageArea": 0, "StrgeArea": 0, "FactryArea": 0, "OtherArea": 0, "AreaSource": "7", "NumBldgs": 0, "NumFloors": 0.0, "UnitsRes": 0, "UnitsTotal": 0, "LotFront": 116.0, "LotDepth": 300.0, "BldgFront": 0.0, "BldgDepth": 0.0, "Ext": "N", "ProxCode": "0", "IrrLotCode": "Y", "LotType": "5", "BsmtCode": "0", "AssessLand": 87300.0, "AssessTot": 87300.0, "ExemptTot": 87300.0, "YearBuilt": 0, "YearAlter1": 0, "YearAlter2": 0, "HistDist": null, "Landmark": null, "BuiltFAR": 0.0, "ResidFAR": 2.43, "CommFAR": 0.0, "FacilFAR": 4.8, "BoroCode": 2, "BBL": 2032720002.9999998, "CondoNo": 0, "Tract2010": "0334", "XCoord": 1016802, "YCoord": 255074, "ZoneMap": "3c", "ZMCode": null, "Sanborn": "214 106", "TaxMap": "21202", "EDesigNum": null, "APPBBL": 0.0, "APPDate": null, "PLUTOMapID": "1", "FIRM07_FLA": null, "PFIRM15_FL": null, "Version": "25v4", "DCPEdited": "t", "Latitude": 40.8667337, "Longitude": -73.8823084, "Notes": null, "Shape_Leng": 0.0, "Shape_Area": 28567.865975699999 }, "geometry": { "type": "MultiPolygon", "coordinates": [ [ [ [ -73.882030898846935, 40.866682999660156 ], [ -73.882084810008877, 40.86664866592637 ], [ -73.882130962623307, 40.866618845649853 ], [ -73.882209669068757, 40.866571374860222 ], [ -73.882301903094998, 40.866522299542723 ], [ -73.882388542051729, 40.866490525087343 ], [ -73.882415109322025, 40.866482903372081 ], [ -73.88242772904843, 40.8664802490431 ], [ -73.882449803116728, 40.866475937459803 ], [ -73.882470529099677, 40.866472688050763 ], [ -73.882489659783687, 40.866471956561561 ], [ -73.882505712386703, 40.866473269643258 ], [ -73.882532625345604, 40.866483478939287 ], [ -73.882590730634917, 40.866492008196261 ], [ -73.882629565517291, 40.866496398020296 ], [ -73.882652116902335, 40.866499862628537 ], [ -73.882666673888238, 40.866503106681691 ], [ -73.882691591482072, 40.866509448958993 ], [ -73.882711152474414, 40.866516293754479 ], [ -73.882728669717565, 40.866523191344655 ], [ -73.882744658190518, 40.86653057000462 ], [ -73.882771585344102, 40.866542887292532 ], [ -73.88280731856905, 40.866563285594786 ], [ -73.882827548506327, 40.866577632059013 ], [ -73.882845324185055, 40.866590664086736 ], [ -73.882866136066838, 40.866605908041777 ], [ -73.881961279627205, 40.867087086903624 ], [ -73.881949794435641, 40.867071969383474 ], [ -73.88193457808886, 40.867051936768604 ], [ -73.881925969196587, 40.86703698156321 ], [ -73.881908959313236, 40.86699823131265 ], [ -73.881890807862817, 40.866939704138936 ], [ -73.881885912010247, 40.866914562852848 ], [ -73.881886742519512, 40.866886444083768 ], [ -73.881888703192203, 40.866866419115958 ], [ -73.881893744370572, 40.866846478371642 ], [ -73.881901110493018, 40.866827131727739 ], [ -73.881914156282221, 40.866801679216941 ], [ -73.881930585157235, 40.86677756285556 ], [ -73.881949428292515, 40.866756486362299 ], [ -73.881979274645346, 40.866725947038177 ], [ -73.882014156130708, 40.866694850091392 ], [ -73.882030898846935, 40.866682999660156 ] ] ] ] } },
{ "type": "Feature", "properties": { "Borough": "BX", "Block": 3325, "Lot": 6, "CD": 227, "BCT2020": "2033400", "BCTCB2020": "20334001011", "CT2010": "334", "CB2010": "1015", "SchoolDist": "10", "Council": 15, "ZipCode": 10458, "FireComp": "L037", "PolicePrct": 52, "HealthCent": 21, "HealthArea": 1100, "Sanitboro": null, "SanitDistr": null, "SanitSub": null, "Address": "BRONX BOULEVARD", "ZoneDist1": "R6", "ZoneDist2": null, "ZoneDist3": null, "ZoneDist4": null, "Overlay1": null, "Overlay2": null, "SPDist1": null, "SPDist2": null, "SPDist3": null, "LtdHeight": null, "SplitZone": "N", "BldgClass": "U6", "LandUse": "07", "Easements": 0, "OwnerType": "X", "OwnerName": "MTA - METRO NORTH", "LotArea": 57764, "BldgArea": 0, "ComArea": 0, "ResArea": 0, "OfficeArea": 0, "RetailArea": 0, "GarageArea": 0, "StrgeArea": 0, "FactryArea": 0, "OtherArea": 0, "AreaSource": "7", "NumBldgs": 0, "NumFloors": 0.0, "UnitsRes": 0, "UnitsTotal": 0, "LotFront": 640.33, "LotDepth": 91.75, "BldgFront": 0.0, "BldgDepth": 0.0, "Ext": "N", "ProxCode": "0", "IrrLotCode": "Y", "LotType": "5", "BsmtCode": "0", "AssessLand": 0.0, "AssessTot": 0.0, "ExemptTot": 0.0, "YearBuilt": 0, "YearAlter1": 0, "YearAlter2": 0, "HistDist": null, "Landmark": null, "BuiltFAR": 0.0, "ResidFAR": 2.43, "CommFAR": 0.0, "FacilFAR": 4.8, "BoroCode": 2, "BBL": 2033250006.0, "CondoNo": 0, "Tract2010": "0334", "XCoord": 1017354, "YCoord": 255571, "ZoneMap": "3c", "ZMCode": null, "Sanborn": "214 064", "TaxMap": "21203", "EDesigNum": null, "APPBBL": 0.0, "APPDate": null, "PLUTOMapID": "1", "FIRM07_FLA": null, "PFIRM15_FL": null, "Version": "25v4", "DCPEdited": "t", "Latitude": 40.8680958, "Longitude": -73.8803102, "Notes": null, "Shape_Leng": 0.0, "Shape_Area": 57764.147145700001 }, "geometry": { "type": "MultiPolygon", "coordinates": [ [ [ [ -73.879267913928516, 40.868509366604791 ], [ -73.881179538019111, 40.867477605344696 ], [ -73.881192788332228, 40.867495919687968 ], [ -73.881215449907501, 40.867483687387043 ], [ -73.881295334093849, 40.867725557034042 ], [ -73.880055802860866, 40.868390670094549 ], [ -73.880044028628603, 40.868372174367529 ], [ -73.879845854012132, 40.868483200059856 ], [ -73.879674863423091, 40.868575093284704 ], [ -73.879617569543768, 40.868577518769527 ], [ -73.879340020446108, 40.86872957536653 ], [ -73.879267913928516, 40.868509366604791 ] ] ] ] } },
{ "type": "Feature", "properties": { "Borough": "BX", "Block": 3330, "Lot": 80, "CD": 227, "BCT2020": "2033400", "BCTCB2020": "20334001007", "CT2010": "334", "CB2010": "1001", "SchoolDist": "10", "Council": 11, "ZipCode": 10467, "FireComp": "L037", "PolicePrct": 52, "HealthCent": 21, "HealthArea": 1100, "Sanitboro": null, "SanitDistr": null, "SanitSub": null, "Address": "BRONX BOULEVARD", "ZoneDist1": "R7D", "ZoneDist2": "PARK", "ZoneDist3": null, "ZoneDist4": null, "Overlay1": null, "Overlay2": null, "SPDist1": null, "SPDist2": null, "SPDist3": null, "LtdHeight": null, "SplitZone": "Y", "BldgClass": "U6", "LandUse": "07", "Easements": 0, "OwnerType": "X", "OwnerName": "METROPOLITAN TRANSPORTATION AUTHORITY", "LotArea": 87047, "BldgArea": 0, "ComArea": 0, "ResArea": 0, "OfficeArea": 0, "RetailArea": 0, "GarageArea": 0, "StrgeArea": 0, "FactryArea": 0, "OtherArea": 0, "AreaSource": "7", "NumBldgs": 0, "NumFloors": 0.0, "UnitsRes": 0, "UnitsTotal": 0, "LotFront": 1075.33, "LotDepth": 97.33, "BldgFront": 0.0, "BldgDepth": 0.0, "Ext": "N", "ProxCode": "0", "IrrLotCode": "N", "LotType": "5", "BsmtCode": "0", "AssessLand": 0.0, "AssessTot": 0.0, "ExemptTot": 0.0, "YearBuilt": 0, "YearAlter1": 0, "YearAlter2": 0, "HistDist": null, "Landmark": null, "BuiltFAR": 0.0, "ResidFAR": 4.66, "CommFAR": 0.0, "FacilFAR": 4.66, "BoroCode": 2, "BBL": 2033300080.0, "CondoNo": 0, "Tract2010": "0334", "XCoord": 1018071, "YCoord": 256081, "ZoneMap": "3c", "ZMCode": null, "Sanborn": "214 064", "TaxMap": "21203", "EDesigNum": null, "APPBBL": 0.0, "APPDate": null, "PLUTOMapID": "1", "FIRM07_FLA": null, "PFIRM15_FL": null, "Version": "25v4", "DCPEdited": "t", "Latitude": 40.8694929, "Longitude": -73.8777153, "Notes": null, "Shape_Leng": 0.0, "Shape_Area": 87046.898737199997 }, "geometry": { "type": "MultiPolygon", "coordinates": [ [ [ [ -73.876171060887373, 40.870235817929583 ], [ -73.876261124872414, 40.87016853188581 ], [ -73.876364387609485, 40.870095731768494 ], [ -73.876464388621244, 40.870034651571117 ], [ -73.876636694174778, 40.869933464277509 ], [ -73.876719303871369, 40.869884828036433 ], [ -73.879267913928516, 40.868509366604791 ], [ -73.879340020446108, 40.86872957536653 ], [ -73.877970818433297, 40.869470915974851 ], [ -73.878017723499823, 40.869521863252842 ], [ -73.877883307463648, 40.869594431897085 ], [ -73.877789839089729, 40.869644892676725 ], [ -73.877748432708458, 40.869599566647452 ], [ -73.876803327903872, 40.870114457582396 ], [ -73.876816105534459, 40.870128188422107 ], [ -73.876648240514172, 40.870257228365432 ], [ -73.876386300095803, 40.870462411766141 ], [ -73.876171060887373, 40.870235817929583 ] ] ] ] } },
{ "type": "Feature", "properties": { "Borough": "BX", "Block": 3357, "Lot": 275, "CD": 212, "BCT2020": "2033400", "BCTCB2020": "20334001007", "CT2010": "334", "CB2010": "1001", "SchoolDist": "10", "Council": 11, "ZipCode": 10467, "FireComp": "L037", "PolicePrct": 52, "HealthCent": 21, "HealthArea": 1100, "Sanitboro": "2", "SanitDistr": "12", "SanitSub": "1C", "Address": "EAST 204 STREET", "ZoneDist1": "PARK", "ZoneDist2": null, "ZoneDist3": null, "ZoneDist4": null, "Overlay1": null, "Overlay2": null, "SPDist1": null, "SPDist2": null, "SPDist3": null, "LtdHeight": null, "SplitZone": "N", "BldgClass": "Q0", "LandUse": "09", "Easements": 0, "OwnerType": "C", "OwnerName": "NYC DEPARTMENT OF PARKS AND RECREATION", "LotArea": 13307, "BldgArea": 0, "ComArea": 0, "ResArea": 0, "OfficeArea": 0, "RetailArea": 0, "GarageArea": 0, "StrgeArea": 0, "FactryArea": 0, "OtherArea": 0, "AreaSource": "7", "NumBldgs": 0, "NumFloors": 0.0, "UnitsRes": 0, "UnitsTotal": 0, "LotFront": 52.42, "LotDepth": 122.58, "BldgFront": 0.0, "BldgDepth": 0.0, "Ext": null, "ProxCode": "0", "IrrLotCode": "Y", "LotType": "5", "BsmtCode": "5", "AssessLand": 370800.0, "AssessTot": 370800.0, "ExemptTot": 370800.0, "YearBuilt": 0, "YearAlter1": 0, "YearAlter2": 0, "HistDist": null, "Landmark": null, "BuiltFAR": 0.0, "ResidFAR": 0.0, "CommFAR": 0.0, "FacilFAR": 0.0, "BoroCode": 2, "BBL": 2033570274.9999998, "CondoNo": 0, "Tract2010": "0334", "XCoord": 1019753, "YCoord": 258333, "ZoneMap": "1d", "ZMCode": null, "Sanborn": "214 078", "TaxMap": "21203", "EDesigNum": null, "APPBBL": 0.0, "APPDate": null, "PLUTOMapID": "1", "FIRM07_FLA": "1", "PFIRM15_FL": "1", "Version": "25v4", "DCPEdited": "t", "Latitude": 40.8756673, "Longitude": -73.8716218, "Notes": null, "Shape_Leng": 0.0, "Shape_Area": 4674.5949086000001 }, "geometry": { "type": "MultiPolygon", "coordinates": [ [ [ [ -73.872651340393105, 40.874810555748098 ], [ -73.872499635755887, 40.875037908547128 ], [ -73.872439886695716, 40.875115542112432 ], [ -73.872399188085922, 40.875162675571787 ], [ -73.872343994273407, 40.875218682525229 ], [ -73.872290037537553, 40.875270497266627 ], [ -73.872278338850606, 40.875280514883528 ], [ -73.872271556337992, 40.875287865892602 ], [ -73.872276255101227, 40.875278868514791 ], [ -73.872281483629195, 40.875268856860814 ], [ -73.872302940897896, 40.875228735888065 ], [ -73.872319876203633, 40.875198858414151 ], [ -73.872336818835194, 40.875166420824087 ], [ -73.872359392886011, 40.875129719284089 ], [ -73.872365042180789, 40.875118620697968 ], [ -73.872369568132186, 40.875104958989326 ], [ -73.872371836630336, 40.875095566723019 ], [ -73.872374126447212, 40.875075071394413 ], [ -73.872376396587939, 40.875064822717299 ], [ -73.872389975552565, 40.875026403902474 ], [ -73.8724046875097, 40.874981149006601 ], [ -73.872410351534668, 40.874962365637522 ], [ -73.872415998382479, 40.87495126704588 ], [ -73.872419386146731, 40.874945292469349 ], [ -73.872428407640953, 40.874935052101762 ], [ -73.872455454183566, 40.874913728765421 ], [ -73.872493764019026, 40.87488729404717 ], [ -73.872514050860303, 40.874870235077658 ], [ -73.872526455168526, 40.874856580237797 ], [ -73.872546764603058, 40.874828418283634 ], [ -73.872561438994751, 40.874804518440513 ], [ -73.872567085802316, 40.874793420677456 ], [ -73.872571668174231, 40.874784329460375 ], [ -73.872651340393105, 40.874810555748098 ] ] ], [ [ [ -73.871836328244527, 40.875584436626724 ], [ -73.871820303171475, 40.875594278220781 ], [ -73.871795164680293, 40.87560654740146 ], [ -73.871774579804878, 40.875614716179996 ], [ -73.871816130074976, 40.87559034555629 ], [ -73.871849005559199, 40.875572865515458 ], [ -73.871836328244527, 40.875584436626724 ] ] ], [ [ [ -73.87162764866207, 40.875540770141932 ], [ -73.871928455173347, 40.875397145287444 ], [ -73.871926776383319, 40.875398288708112 ], [ -73.871829899300479, 40.875452847880695 ], [ -73.871776953054109, 40.875483537113858 ], [ -73.871731892922696, 40.87550911134629 ], [ -73.871682332134625, 40.875533825055967 ], [ -73.871633900447094, 40.875556834455381 ], [ -73.871616252593029, 40.875567220753844 ], [ -73.87162764866207, 40.875540770141932 ] ] ] ] } },
{ "type": "Feature", "properties": { "Borough": "BX", "Block": 3357, "Lot": 140, "CD": 212, "BCT2020": "2033400", "BCTCB2020": "20334001007", "CT2010": "334", "CB2010": "1001", "SchoolDist": "10", "Council": 11, "ZipCode": 10467, "FireComp": "L037", "PolicePrct": 47, "HealthCent": 21, "HealthArea": 1100, "Sanitboro": "2", "SanitDistr": "12", "SanitSub": "1C", "Address": "598 EAST GUN HILL ROAD", "ZoneDist1": "C4-4", "ZoneDist2": null, "ZoneDist3": null, "ZoneDist4": null, "Overlay1": null, "Overlay2": null, "SPDist1": null, "SPDist2": null, "SPDist3": null, "LtdHeight": null, "SplitZone": "N", "BldgClass": "G9", "LandUse": "07", "Easements": 0, "OwnerType": null, "OwnerName": "GUN HILL HOUSING LLC", "LotArea": 2175, "BldgArea": 3900, "ComArea": 3900, "ResArea": 0, "OfficeArea": 0, "RetailArea": 0, "GarageArea": 900, "StrgeArea": 2100, "FactryArea": 900, "OtherArea": 0, "AreaSource": "2", "NumBldgs": 1, "NumFloors": 1.0, "UnitsRes": 0, "UnitsTotal": 2, "LotFront": 30.0, "LotDepth": 72.5, "BldgFront": 28.0, "BldgDepth": 55.0, "Ext": "N", "ProxCode": "1", "IrrLotCode": "Y", "LotType": "3", "BsmtCode": "0", "AssessLand": 58950.0, "AssessTot": 134550.0, "ExemptTot": 0.0, "YearBuilt": 1934, "YearAlter1": 0, "YearAlter2": 2018, "HistDist": null, "Landmark": null, "BuiltFAR": 1.79, "ResidFAR": 3.44, "CommFAR": 3.4, "FacilFAR": 6.5, "BoroCode": 2, "BBL": 2033570140.0, "CondoNo": 0, "Tract2010": "0334", "XCoord": 1020046, "YCoord": 259246, "ZoneMap": "1d", "ZMCode": null, "Sanborn": "214 084", "TaxMap": "21203", "EDesigNum": null, "APPBBL": 0.0, "APPDate": null, "PLUTOMapID": "1", "FIRM07_FLA": null, "PFIRM15_FL": null, "Version": "25v4", "DCPEdited": null, "Latitude": 40.878172, "Longitude": -73.8705575, "Notes": null, "Shape_Leng": 0.0, "Shape_Area": 2594.4987815999998 }, "geometry": { "type": "MultiPolygon", "coordinates": [ [ [ [ -73.87054360761924, 40.878056783256021 ], [ -73.870656839114034, 40.87808396474194 ], [ -73.870568035459712, 40.878290063651555 ], [ -73.870454803762129, 40.878262881243266 ], [ -73.87054360761924, 40.878056783256021 ] ] ] ] } },
{ "type": "Feature", "properties": { "Borough": "BX", "Block": 3357, "Lot": 247, "CD": 207, "BCT2020": "2042901", "BCTCB2020": "20429011000", "CT2010": "429.01", "CB2010": "1000", "SchoolDist": "10", "Council": 11, "ZipCode": 10467, "FireComp": "L037", "PolicePrct": 52, "HealthCent": 21, "HealthArea": 410, "Sanitboro": "2", "SanitDistr": "07", "SanitSub": "3B", "Address": "EAST 204 STREET", "ZoneDist1": "R7D", "ZoneDist2": "C8-2", "ZoneDist3": "C4-4", "ZoneDist4": "PARK", "Overlay1": null, "Overlay2": null, "SPDist1": null, "SPDist2": null, "SPDist3": null, "LtdHeight": null, "SplitZone": "Y", "BldgClass": "U0", "LandUse": "07", "Easements": 0, "OwnerType": "X", "OwnerName": "MANHATTAN AND BRONX INDUSTRIAL PARKS COR", "LotArea": 416371, "BldgArea": 0, "ComArea": 0, "ResArea": 0, "OfficeArea": 0, "RetailArea": 0, "GarageArea": 0, "StrgeArea": 0, "FactryArea": 0, "OtherArea": 0, "AreaSource": "7", "NumBldgs": 2, "NumFloors": 0.0, "UnitsRes": 0, "UnitsTotal": 0, "LotFront": 175.58, "LotDepth": 1621.58, "BldgFront": 0.0, "BldgDepth": 0.0, "Ext": "N", "ProxCode": "0", "IrrLotCode": "Y", "LotType": "5", "BsmtCode": "0", "AssessLand": 0.0, "AssessTot": 0.0, "ExemptTot": 0.0, "YearBuilt": 0, "YearAlter1": 0, "YearAlter2": 0, "HistDist": null, "Landmark": null, "BuiltFAR": 0.0, "ResidFAR": 4.66, "CommFAR": 0.0, "FacilFAR": 4.66, "BoroCode": 2, "BBL": 2033570247.0, "CondoNo": 0, "Tract2010": "042901", "XCoord": 1019451, "YCoord": 258122, "ZoneMap": "1d", "ZMCode": "Y", "Sanborn": "214 073", "TaxMap": "21203", "EDesigNum": null, "APPBBL": 0.0, "APPDate": null, "PLUTOMapID": "1", "FIRM07_FLA": "1", "PFIRM15_FL": "1", "Version": "25v4", "DCPEdited": "t", "Latitude": 40.8750894, "Longitude": -73.8727149, "Notes": null, "Shape_Leng": 0.0, "Shape_Area": 414901.19558399997 }, "geometry": { "type": "MultiPolygon", "coordinates": [ [ [ [ -73.870656839114034, 40.87808396474194 ], [ -73.87054360761924, 40.878056783256021 ], [ -73.870997393807201, 40.877003587637795 ], [ -73.871067317414358, 40.876841299476048 ], [ -73.871525401455543, 40.875778088254265 ], [ -73.871570520542477, 40.875746380071057 ], [ -73.871635868440165, 40.875703746253023 ], [ -73.871680930500474, 40.87567731748878 ], [ -73.871716988845947, 40.875651734176465 ], [ -73.871771069227549, 40.87561677521132 ], [ -73.871774579804878, 40.875614716179996 ], [ -73.871795164680293, 40.87560654740146 ], [ -73.871820303171475, 40.875594278220781 ], [ -73.871836328244527, 40.875584436626724 ], [ -73.871849005559199, 40.875572865515458 ], [ -73.871857808533775, 40.875568184901169 ], [ -73.871922010476979, 40.875535799917472 ], [ -73.871964802090645, 40.87551961970884 ], [ -73.871982819483492, 40.875511951332015 ], [ -73.871995212069351, 40.875505133119503 ], [ -73.872027889061769, 40.875482107831253 ], [ -73.872076348497245, 40.875444580601993 ], [ -73.872113536239624, 40.875416433864302 ], [ -73.872130435526898, 40.875405349531007 ], [ -73.872150708377347, 40.875395122675329 ], [ -73.872186752821364, 40.875377225752395 ], [ -73.872207029723498, 40.875366143397628 ], [ -73.872214913967355, 40.875361883878483 ], [ -73.872221676867596, 40.875355912967045 ], [ -73.872238593327893, 40.875337138570131 ], [ -73.872253256992479, 40.875318363347269 ], [ -73.872264543368772, 40.875301294444839 ], [ -73.872271556337992, 40.875287865892602 ], [ -73.872278338850606, 40.875280514883528 ], [ -73.872290037537553, 40.875270497266627 ], [ -73.872343994273407, 40.875218682525229 ], [ -73.872399188085922, 40.875162675571787 ], [ -73.872439886695716, 40.875115542112432 ], [ -73.872499635755887, 40.875037908547128 ], [ -73.872651340393105, 40.874810555748098 ], [ -73.872703836737841, 40.874731783913795 ], [ -73.874089611997334, 40.872818330846975 ], [ -73.874268138201529, 40.872571814771419 ], [ -73.874418823127641, 40.872363741595812 ], [ -73.875488264597237, 40.870910133324713 ], [ -73.875551579545217, 40.870831743782198 ], [ -73.875610089836655, 40.870762912205812 ], [ -73.875708755705162, 40.870654868845591 ], [ -73.875802940800796, 40.870558268423018 ], [ -73.875948709026162, 40.87042511234079 ], [ -73.875979860857058, 40.870396654323869 ], [ -73.876211027319712, 40.870640019192557 ], [ -73.876080239918068, 40.870763841099979 ], [ -73.87591241707085, 40.87093153993095 ], [ -73.87586020432785, 40.870990447825569 ], [ -73.875707425625251, 40.871158831578143 ], [ -73.875564178565057, 40.871330585149344 ], [ -73.875515457742424, 40.871392528611736 ], [ -73.875453939137813, 40.871473578323886 ], [ -73.875424864398639, 40.871513117188904 ], [ -73.87538014743177, 40.871573576381223 ], [ -73.875293122574973, 40.871691237562835 ], [ -73.87515688345475, 40.871875437570552 ], [ -73.874979390078224, 40.872115413224726 ], [ -73.87493376605876, 40.872177096854095 ], [ -73.874845084136368, 40.872296996350123 ], [ -73.874800366114897, 40.872357455310244 ], [ -73.874753778388907, 40.872420441722973 ], [ -73.87457333980953, 40.872664393672657 ], [ -73.874540625065762, 40.872708623436175 ], [ -73.874479650723998, 40.87279106001386 ], [ -73.874433551207659, 40.872853387677075 ], [ -73.874392357606126, 40.872909079513157 ], [ -73.874390448728604, 40.872911660978126 ], [ -73.874205206088206, 40.873162103190765 ], [ -73.874160489219946, 40.873222560137997 ], [ -73.874114464021488, 40.873284785103294 ], [ -73.874072315987704, 40.873341767048764 ], [ -73.874025167891489, 40.873405508066703 ], [ -73.873983450191474, 40.873461907934193 ], [ -73.873939805829067, 40.873520912564615 ], [ -73.87389350419754, 40.873583512596426 ], [ -73.873315138987635, 40.874365420465899 ], [ -73.872959871437303, 40.8748530248535 ], [ -73.872815137107608, 40.875052062624817 ], [ -73.872568114344361, 40.875415980310976 ], [ -73.87221529774483, 40.876081173406611 ], [ -73.872123642393177, 40.876281130884379 ], [ -73.872029351270939, 40.876486839476385 ], [ -73.871556880065668, 40.877548347957998 ], [ -73.871488580328503, 40.877701795412229 ], [ -73.871358929113725, 40.877993084328452 ], [ -73.871314937704469, 40.878091916205797 ], [ -73.871283681651022, 40.878162136590099 ], [ -73.871163152584842, 40.878432925969655 ], [ -73.870568035459712, 40.878290063651555 ], [ -73.870656839114034, 40.87808396474194 ] ] ] ] } },
{ "type": "Feature", "properties": { "Borough": "BX", "Block": 3357, "Lot": 300, "CD": 212, "BCT2020": "2033400", "BCTCB2020": "20334001003", "CT2010": "334", "CB2010": "1008", "SchoolDist": "11", "Council": 11, "ZipCode": 10467, "FireComp": "L037", "PolicePrct": 47, "HealthCent": 21, "HealthArea": 1100, "Sanitboro": "2", "SanitDistr": "12", "SanitSub": "1C", "Address": "BRONX BOULEVARD", "ZoneDist1": "PARK", "ZoneDist2": null, "ZoneDist3": null, "ZoneDist4": null, "Overlay1": null, "Overlay2": null, "SPDist1": null, "SPDist2": null, "SPDist3": null, "LtdHeight": null, "SplitZone": "N", "BldgClass": "Q1", "LandUse": "09", "Easements": 0, "OwnerType": "C", "OwnerName": "NYC DEPARTMENT OF PARKS AND RECREATION", "LotArea": 998001, "BldgArea": 0, "ComArea": 0, "ResArea": 0, "OfficeArea": 0, "RetailArea": 0, "GarageArea": 0, "StrgeArea": 0, "FactryArea": 0, "OtherArea": 0, "AreaSource": "7", "NumBldgs": 1, "NumFloors": 0.0, "UnitsRes": 0, "UnitsTotal": 0, "LotFront": 999.0, "LotDepth": 999.0, "BldgFront": 0.0, "BldgDepth": 0.0, "Ext": "N", "ProxCode": "0", "IrrLotCode": "Y", "LotType": "5", "BsmtCode": "0", "AssessLand": 4814550.0, "AssessTot": 5740650.0, "ExemptTot": 5740650.0, "YearBuilt": 0, "YearAlter1": 0, "YearAlter2": 0, "HistDist": null, "Landmark": null, "BuiltFAR": 0.0, "ResidFAR": 0.0, "CommFAR": 0.0, "FacilFAR": 0.0, "BoroCode": 2, "BBL": 2033570300.0, "CondoNo": 0, "Tract2010": "0334", "XCoord": 1019703, "YCoord": 257666, "ZoneMap": "1d", "ZMCode": null, "Sanborn": "214 084", "TaxMap": "21203", "EDesigNum": null, "APPBBL": 0.0, "APPDate": null, "PLUTOMapID": "1", "FIRM07_FLA": "1", "PFIRM15_FL": "1", "Version": "25v4", "DCPEdited": "t", "Latitude": 40.8738368, "Longitude": -73.8718061, "Notes": null, "Shape_Leng": 0.0, "Shape_Area": 1092573.8985599999 }, "geometry": { "type": "MultiPolygon", "coordinates": [ [ [ [ -73.870199125303358, 40.876791946936706 ], [ -73.87005005437419, 40.87675242392902 ], [ -73.870195061211859, 40.876403723847183 ], [ -73.870203164590961, 40.876400821739203 ], [ -73.870217803030386, 40.876396566282665 ], [ -73.870243697776374, 40.876389762544171 ], [ -73.870274090754137, 40.87638381927075 ], [ -73.87030054413853, 40.876379577104544 ], [ -73.870339374571373, 40.87637535069895 ], [ -73.870348380027437, 40.876373652605487 ], [ -73.870406903226893, 40.876368593758905 ], [ -73.870447429046507, 40.876360099037996 ], [ -73.870483455726315, 40.876351880256017 ], [ -73.870521721487265, 40.876348222282857 ], [ -73.870528512017543, 40.876329441197299 ], [ -73.870539824976191, 40.876297851205024 ], [ -73.870543218869912, 40.876287605584793 ], [ -73.870557930448754, 40.87624576738142 ], [ -73.870561325097157, 40.876236377254941 ], [ -73.870523900038805, 40.876240818728249 ], [ -73.870466774405713, 40.876250791470177 ], [ -73.870434127023969, 40.876257587668213 ], [ -73.870386846887129, 40.876266929276355 ], [ -73.870378966090215, 40.876268627717792 ], [ -73.870345760910197, 40.876273716878025 ], [ -73.870327186601742, 40.876277110672206 ], [ -73.870314801571453, 40.876280515861538 ], [ -73.87026751094561, 40.876295835820031 ], [ -73.87023992017788, 40.87630605410525 ], [ -73.870235167241248, 40.876307280290483 ], [ -73.870268643510343, 40.876226779519897 ], [ -73.870270796489734, 40.875775267296191 ], [ -73.870461451699583, 40.875664320735005 ], [ -73.870579569046171, 40.871771208401313 ], [ -73.870583759774391, 40.87163306069975 ], [ -73.870807829615345, 40.871675756771872 ], [ -73.872180883596613, 40.871937372215797 ], [ -73.872375374283422, 40.871974428885572 ], [ -73.87236541505689, 40.871993350311165 ], [ -73.872345090789494, 40.872030909773734 ], [ -73.87233267221086, 40.872052249385703 ], [ -73.872302209628401, 40.872094923124045 ], [ -73.872275126977868, 40.872135037047144 ], [ -73.872262706715361, 40.872157231138317 ], [ -73.872253660953248, 40.872180282705592 ], [ -73.872238947522746, 40.87222468127397 ], [ -73.872228757472641, 40.872257979169021 ], [ -73.872211782688311, 40.872307499903378 ], [ -73.87220724747047, 40.872325433547239 ], [ -73.87220270350501, 40.872348489182194 ], [ -73.872192425166048, 40.872427057264829 ], [ -73.872185554596115, 40.872488549543185 ], [ -73.872183270951723, 40.872506481165047 ], [ -73.872184365577965, 40.872521430589323 ], [ -73.872186604418047, 40.872528692803527 ], [ -73.872192206754065, 40.87254065751867 ], [ -73.872210156885274, 40.872568863697104 ], [ -73.872246076425668, 40.872613318403012 ], [ -73.872279734822285, 40.872664603578663 ], [ -73.872304427418612, 40.872697941891822 ], [ -73.872329116081232, 40.872732136526807 ], [ -73.872353798217432, 40.872769743165378 ], [ -73.872375112284772, 40.8728030777215 ], [ -73.872384078950503, 40.872821880896488 ], [ -73.872404247264214, 40.872866316265757 ], [ -73.872438996612956, 40.872934686697789 ], [ -73.872455802588448, 40.872973141844362 ], [ -73.87247035249456, 40.873013301797812 ], [ -73.872490489369369, 40.873074819456143 ], [ -73.872509505276426, 40.873133776751274 ], [ -73.872526279010501, 40.873188460455665 ], [ -73.872531856472122, 40.873214091015186 ], [ -73.872545228378243, 40.873281580427332 ], [ -73.872554160769525, 40.873318319543067 ], [ -73.872561985381964, 40.873345658970727 ], [ -73.872574293213958, 40.873381547161074 ], [ -73.872592198997353, 40.873433669390032 ], [ -73.872617924724395, 40.873513130949782 ], [ -73.872632463498746, 40.873559271035305 ], [ -73.87264253488074, 40.873589176658498 ], [ -73.872647001336063, 40.873607118506243 ], [ -73.872653608572506, 40.873682289740913 ], [ -73.872660212131862, 40.873760021928724 ], [ -73.87266459515746, 40.873821525734513 ], [ -73.872665579051528, 40.873894982526622 ], [ -73.872664346460567, 40.873951354613176 ], [ -73.872663187921248, 40.873968434750637 ], [ -73.872660908048729, 40.873983806260355 ], [ -73.872642777448988, 40.874049553530583 ], [ -73.87262918694266, 40.874094808867412 ], [ -73.872617840556018, 40.874145189602395 ], [ -73.872599680404434, 40.874226311781115 ], [ -73.872593925507957, 40.874254672299266 ], [ -73.872579233216825, 40.874327077398412 ], [ -73.872562223349973, 40.874395390529862 ], [ -73.872549760188321, 40.874439789851181 ], [ -73.872538421191862, 40.87448504674434 ], [ -73.872532758877313, 40.874502978227213 ], [ -73.872521457002563, 40.874529441920799 ], [ -73.872499988735001, 40.874575542175869 ], [ -73.872477398986845, 40.87461993296084 ], [ -73.872459331519281, 40.87465322390203 ], [ -73.872440144646831, 40.874683098070506 ], [ -73.872406288369888, 40.874734306592096 ], [ -73.872388232739269, 40.874760764633471 ], [ -73.872373569234156, 40.874779541631789 ], [ -73.872366791645888, 40.874793199007392 ], [ -73.872361144804884, 40.874804296760637 ], [ -73.872347586762004, 40.874832467081497 ], [ -73.872335170403886, 40.874852952948451 ], [ -73.872305834553458, 40.874893918853267 ], [ -73.872283265905295, 40.874927204777443 ], [ -73.872258434612078, 40.874965613783928 ], [ -73.872242628889211, 40.874992927947808 ], [ -73.87223811145013, 40.875001463146091 ], [ -73.872235841290234, 40.875011711819255 ], [ -73.872230130812866, 40.875055264937075 ], [ -73.872223331391979, 40.875080881695261 ], [ -73.872217670150292, 40.875098814082115 ], [ -73.872209761306948, 40.875115886726128 ], [ -73.872198476046322, 40.875132957465148 ], [ -73.872157871246017, 40.875182451037219 ], [ -73.872131928196112, 40.875214024962105 ], [ -73.87211388789612, 40.87523365091117 ], [ -73.872067664305902, 40.875278868196268 ], [ -73.872028206423892, 40.875317260911963 ], [ -73.871974103390897, 40.875364178470534 ], [ -73.871949310706555, 40.875382940561494 ], [ -73.871928455173347, 40.875397145287444 ], [ -73.87162764866207, 40.875540770141932 ], [ -73.871616252593029, 40.875567220753844 ], [ -73.871603483659882, 40.875574735634267 ], [ -73.871561794660764, 40.875602876353952 ], [ -73.871512213050323, 40.875639547541645 ], [ -73.871444618067315, 40.875680472397889 ], [ -73.871413067062619, 40.875702643284541 ], [ -73.871388275300617, 40.875721407932822 ], [ -73.871367983391266, 40.875740175758544 ], [ -73.871351073971738, 40.875756385562823 ], [ -73.871311600951884, 40.875801610913825 ], [ -73.87128227893993, 40.875834888175575 ], [ -73.87127325042232, 40.875848543974172 ], [ -73.871263092411311, 40.875864761222978 ], [ -73.871243885350282, 40.875904030860546 ], [ -73.871231446943113, 40.875935619667473 ], [ -73.87120656413633, 40.876001359145206 ], [ -73.871196369564558, 40.87603636690411 ], [ -73.871186188775809, 40.876063688125612 ], [ -73.87117375538871, 40.876092714049591 ], [ -73.871166982829365, 40.876102954990046 ], [ -73.871159085623447, 40.87611319735047 ], [ -73.871129771121247, 40.876143059050435 ], [ -73.871115102541822, 40.876163543184497 ], [ -73.871107210952246, 40.87617207372552 ], [ -73.871096501079691, 40.87618103153671 ], [ -73.871084112248681, 40.876186995084126 ], [ -73.871074540927552, 40.876189974000788 ], [ -73.871048652966877, 40.876193363325093 ], [ -73.870983376326691, 40.876198841763099 ], [ -73.870981114164664, 40.876206098119042 ], [ -73.870969789611237, 40.876241960921455 ], [ -73.870966391261106, 40.876253912011954 ], [ -73.870958464604016, 40.876278674696366 ], [ -73.870949396274483, 40.876312829204629 ], [ -73.871015799603882, 40.876306925137783 ], [ -73.871075467542127, 40.876293325188549 ], [ -73.871114877310845, 40.876279704310789 ], [ -73.871131771574426, 40.87627203573161 ], [ -73.871152047158574, 40.876261808135609 ], [ -73.871176831353722, 40.876246460899722 ], [ -73.871188101614322, 40.876237933210675 ], [ -73.871197120272072, 40.876229401247542 ], [ -73.871210654707241, 40.876213188699126 ], [ -73.87122870171855, 40.87619100002037 ], [ -73.871259168515479, 40.876147475625253 ], [ -73.871290774363189, 40.876097115912842 ], [ -73.871312238999465, 40.876053578604264 ], [ -73.87132581636024, 40.876015158162687 ], [ -73.871343933258032, 40.875956244004442 ], [ -73.871352983925703, 40.875932338960659 ], [ -73.871366531490608, 40.875909290662747 ], [ -73.871377814229049, 40.875893075580393 ], [ -73.871391349215742, 40.875877715742583 ], [ -73.871403752396233, 40.875864918274225 ], [ -73.871418403085173, 40.875852976128108 ], [ -73.871466856965725, 40.875818011948425 ], [ -73.871523194700615, 40.875779639082999 ], [ -73.871525401455543, 40.875778088254265 ], [ -73.871067317414358, 40.876841299476048 ], [ -73.870997393807201, 40.877003587637795 ], [ -73.870804793945666, 40.876952524775845 ], [ -73.870199125303358, 40.876791946936706 ] ] ], [ [ [ -73.874418823127641, 40.872363741595812 ], [ -73.874268138201529, 40.872571814771419 ], [ -73.874089611997334, 40.872818330846975 ], [ -73.872703836737841, 40.874731783913795 ], [ -73.872651340393105, 40.874810555748098 ], [ -73.872571668174231, 40.874784329460375 ], [ -73.872576121989312, 40.874775492924606 ], [ -73.872584041308997, 40.874754150161962 ], [ -73.872650654564055, 40.874637205976967 ], [ -73.872677735268638, 40.874597946637238 ], [ -73.8726833787657, 40.874588558010501 ], [ -73.872686772607977, 40.874580020632813 ], [ -73.872699232864363, 40.874536472270535 ], [ -73.872718489366449, 40.874470726240808 ], [ -73.872728685378931, 40.874433154703901 ], [ -73.872737761926714, 40.874394729952435 ], [ -73.872745771508718, 40.874325553202794 ], [ -73.872756034771811, 40.874254672557022 ], [ -73.872764006715542, 40.874205140898404 ], [ -73.872781016433194, 40.874136828654954 ], [ -73.872798055844399, 40.874052289679859 ], [ -73.872807192772925, 40.873982260515113 ], [ -73.872819742293245, 40.873892589977309 ], [ -73.872826570884044, 40.8738516000179 ], [ -73.872828858884759, 40.873831957406168 ], [ -73.872828898102497, 40.873811457822541 ], [ -73.872823341719979, 40.873774724298912 ], [ -73.872814452287841, 40.873716632895011 ], [ -73.872798855083389, 40.873634617925532 ], [ -73.872779933583075, 40.873526122997227 ], [ -73.872769910771268, 40.873471446788578 ], [ -73.872753133385075, 40.873418471343612 ], [ -73.872744202077342, 40.873381734922987 ], [ -73.872741976206385, 40.873368918555279 ], [ -73.872720746277267, 40.873292025622369 ], [ -73.872699503059124, 40.873220255589992 ], [ -73.872673768383351, 40.873144208645741 ], [ -73.872625614949484, 40.873023722879729 ], [ -73.872568505205237, 40.872878457450703 ], [ -73.872531537020933, 40.872793003265073 ], [ -73.872507998602174, 40.872745997709394 ], [ -73.872486689821045, 40.872709249409297 ], [ -73.872446301306312, 40.872646852080358 ], [ -73.872419381908529, 40.872602406482102 ], [ -73.87239245324453, 40.872562231892829 ], [ -73.872361034377221, 40.872517783973876 ], [ -73.872355425879633, 40.872508382059401 ], [ -73.872347577279896, 40.872492998410479 ], [ -73.872335260318707, 40.872461382042175 ], [ -73.87233303358893, 40.872450274726368 ], [ -73.872331930757596, 40.872438317679496 ], [ -73.872333118884924, 40.872405861699754 ], [ -73.872336536908776, 40.872382803892442 ], [ -73.872341077127558, 40.872362307449841 ], [ -73.872352402339686, 40.872324740780712 ], [ -73.872362580867787, 40.872297417679846 ], [ -73.872379533007859, 40.872259000743604 ], [ -73.872403250542988, 40.87221375939572 ], [ -73.872423857067162, 40.872180282944463 ], [ -73.872433725017203, 40.872164251736564 ], [ -73.872509327110862, 40.872053299459218 ], [ -73.872542249695698, 40.872006222422009 ], [ -73.874418823127641, 40.872363741595812 ] ] ] ] } },
{ "type": "Feature", "properties": { "Borough": "BX", "Block": 3359, "Lot": 100, "CD": 212, "BCT2020": "2037600", "BCTCB2020": "20376002000", "CT2010": "376", "CB2010": "2001", "SchoolDist": "11", "Council": 12, "ZipCode": 10467, "FireComp": "L032", "PolicePrct": 47, "HealthCent": 24, "HealthArea": 810, "Sanitboro": "2", "SanitDistr": "12", "SanitSub": "1C", "Address": "NEWELL STREET", "ZoneDist1": "PARK", "ZoneDist2": "R6", "ZoneDist3": null, "ZoneDist4": null, "Overlay1": null, "Overlay2": null, "SPDist1": null, "SPDist2": null, "SPDist3": null, "LtdHeight": null, "SplitZone": "Y", "BldgClass": "Q0", "LandUse": "09", "Easements": 0, "OwnerType": "C", "OwnerName": "NYC DEPARTMENT OF PARKS AND RECREATION", "LotArea": 107500, "BldgArea": 0, "ComArea": 0, "ResArea": 0, "OfficeArea": 0, "RetailArea": 0, "GarageArea": 0, "StrgeArea": 0, "FactryArea": 0, "OtherArea": 0, "AreaSource": "7", "NumBldgs": 1, "NumFloors": 0.0, "UnitsRes": 0, "UnitsTotal": 0, "LotFront": 293.58, "LotDepth": 489.0, "BldgFront": 0.0, "BldgDepth": 0.0, "Ext": null, "ProxCode": "0", "IrrLotCode": "Y", "LotType": "5", "BsmtCode": "5", "AssessLand": 2998350.0, "AssessTot": 2998350.0, "ExemptTot": 2998350.0, "YearBuilt": 0, "YearAlter1": 0, "YearAlter2": 0, "HistDist": null, "Landmark": null, "BuiltFAR": 0.0, "ResidFAR": 0.0, "CommFAR": 0.0, "FacilFAR": 0.0, "BoroCode": 2, "BBL": 2033590100.0, "CondoNo": 0, "Tract2010": "0376", "XCoord": 1020411, "YCoord": 258817, "ZoneMap": "1d", "ZMCode": null, "Sanborn": "218 003", "TaxMap": "21203", "EDesigNum": null, "APPBBL": 0.0, "APPDate": null, "PLUTOMapID": "1", "FIRM07_FLA": "1", "PFIRM15_FL": "1", "Version": "25v4", "DCPEdited": "t", "Latitude": 40.8769931, "Longitude": -73.8692399, "Notes": null, "Shape_Leng": 0.0, "Shape_Area": 185792.98927399999 }, "geometry": { "type": "MultiPolygon", "coordinates": [ [ [ [ -73.86840571096505, 40.877001162465525 ], [ -73.869113653085265, 40.876489817760145 ], [ -73.869340543921822, 40.876340078805072 ], [ -73.870106815221718, 40.875874830734162 ], [ -73.870270796489734, 40.875775267296191 ], [ -73.870268643510343, 40.876226779519897 ], [ -73.870235167241248, 40.876307280290483 ], [ -73.87022838177387, 40.876309030735456 ], [ -73.870216283280968, 40.876310298509523 ], [ -73.870202218406121, 40.87630942809659 ], [ -73.870193217957976, 40.876308563385351 ], [ -73.870170718402377, 40.876305122511205 ], [ -73.87015159464201, 40.876302538167138 ], [ -73.870141188917927, 40.876301458455707 ], [ -73.870131338085855, 40.876302941246273 ], [ -73.870107689688922, 40.876311883547643 ], [ -73.870081787713445, 40.876322958270691 ], [ -73.870071646947054, 40.876328927005261 ], [ -73.870058123900847, 40.876339159265463 ], [ -73.870032199440274, 40.876360484304882 ], [ -73.87002656498008, 40.876365602624084 ], [ -73.869990505025314, 40.876392040896185 ], [ -73.86997360395867, 40.876402483669445 ], [ -73.869965718645915, 40.876406533301271 ], [ -73.869953334681753, 40.876409935776529 ], [ -73.869939826640618, 40.876412481489623 ], [ -73.869911686362116, 40.876416721668924 ], [ -73.869899302853668, 40.876419268729151 ], [ -73.869888417926305, 40.876422958333457 ], [ -73.869879029911942, 40.876428642457192 ], [ -73.869860995658328, 40.876443996115604 ], [ -73.86984520410715, 40.876462769757602 ], [ -73.869830536278798, 40.87648325188831 ], [ -73.869804593286005, 40.876513971630615 ], [ -73.869784296879104, 40.876535302050712 ], [ -73.869768517002868, 40.876548095445465 ], [ -73.869743724000656, 40.876567713388859 ], [ -73.869562239812169, 40.876727230763535 ], [ -73.869522783553847, 40.876763058898824 ], [ -73.869475458746777, 40.876795461660457 ], [ -73.86937069179757, 40.876854280006953 ], [ -73.869262549955806, 40.876912239019575 ], [ -73.869155528755527, 40.876972759239912 ], [ -73.869054158301779, 40.877020476313895 ], [ -73.868971863915235, 40.87709554666592 ], [ -73.868892924317521, 40.877180869201368 ], [ -73.868824115534593, 40.877265348725338 ], [ -73.868753049654515, 40.877352390190211 ], [ -73.868675238245075, 40.877436861127613 ], [ -73.868608665216925, 40.877527323233608 ], [ -73.868531979889596, 40.877610939024976 ], [ -73.868516113341911, 40.877667296094835 ], [ -73.868497998539894, 40.877723647835019 ], [ -73.868490070312845, 40.87774926315668 ], [ -73.868488310811927, 40.877755097421613 ], [ -73.868351734316136, 40.877720812888057 ], [ -73.868329850499904, 40.87771236380263 ], [ -73.868314796606242, 40.877704581664645 ], [ -73.868301243977626, 40.877697702661102 ], [ -73.86828920000454, 40.877690444398667 ], [ -73.868278161273253, 40.877682996459448 ], [ -73.868267330048624, 40.877673787409364 ], [ -73.868258051790065, 40.877665197783365 ], [ -73.868250284533104, 40.877655656343848 ], [ -73.868243249175507, 40.87764436786221 ], [ -73.868237239210472, 40.877634066636602 ], [ -73.86823273495547, 40.877625481546595 ], [ -73.868228223781088, 40.8776143832618 ], [ -73.86822598228936, 40.877603864816052 ], [ -73.868225046411823, 40.87759720008944 ], [ -73.868222890397021, 40.877581816409958 ], [ -73.868229020657026, 40.877269899151351 ], [ -73.86840571096505, 40.877001162465525 ] ] ], [ [ [ -73.87005005437419, 40.87675242392902 ], [ -73.869871943407361, 40.876705202052428 ], [ -73.869332481681212, 40.877967008104939 ], [ -73.868612611423927, 40.877786300374709 ], [ -73.868623971289693, 40.877754538795571 ], [ -73.868638642194782, 40.877734057663503 ], [ -73.868677078100262, 40.877643563483971 ], [ -73.868738030931524, 40.877549678573907 ], [ -73.868814716044781, 40.87746605988319 ], [ -73.868894750310147, 40.87739611267093 ], [ -73.868928613192921, 40.877352390475565 ], [ -73.868960184054856, 40.877311627511496 ], [ -73.869018895278614, 40.877213468877926 ], [ -73.869087680679243, 40.877140093130478 ], [ -73.869174469320384, 40.87706844424789 ], [ -73.869253341225814, 40.87701728417732 ], [ -73.869381758674379, 40.876948245155688 ], [ -73.86949101291593, 40.876897122950517 ], [ -73.869587901935034, 40.876839151073987 ], [ -73.869618313035431, 40.876824665114803 ], [ -73.869746754374731, 40.876743668977433 ], [ -73.869758031602558, 40.876731721389199 ], [ -73.869800883529706, 40.876684793089339 ], [ -73.869830210112113, 40.876649808825562 ], [ -73.869852768757767, 40.876622501788141 ], [ -73.869869688909347, 40.876601165787527 ], [ -73.869893371710603, 40.87657471542105 ], [ -73.869923258016613, 40.876541011406026 ], [ -73.869933967920005, 40.876530345479978 ], [ -73.869953129143823, 40.876514992998437 ], [ -73.869976793614427, 40.87649793745296 ], [ -73.869984681022771, 40.876492820758052 ], [ -73.869994820606308, 40.876486854707693 ], [ -73.870026357885251, 40.876471515337293 ], [ -73.870061271512625, 40.876456181524283 ], [ -73.870090552683038, 40.876444255121967 ], [ -73.870100126587218, 40.876439995812483 ], [ -73.870149115097291, 40.876420405057885 ], [ -73.870192466884902, 40.876404652964716 ], [ -73.870195061211859, 40.876403723847183 ], [ -73.87005005437419, 40.87675242392902 ] ] ] ] } },
{ "type": "Feature", "properties": { "Borough": "BX", "Block": 4253, "Lot": 80, "CD": 211, "BCT2020": "2022000", "BCTCB2020": "20220001002", "CT2010": "220", "CB2010": "1001", "SchoolDist": "11", "Council": 13, "ZipCode": 10462, "FireComp": "E090", "PolicePrct": 49, "HealthCent": 26, "HealthArea": 1220, "Sanitboro": "2", "SanitDistr": "11", "SanitSub": "1D", "Address": "1975 BIRCHALL AVENUE", "ZoneDist1": "R7-1", "ZoneDist2": "R6", "ZoneDist3": null, "ZoneDist4": null, "Overlay1": null, "Overlay2": null, "SPDist1": null, "SPDist2": null, "SPDist3": null, "LtdHeight": null, "SplitZone": "Y", "BldgClass": "D1", "LandUse": "03", "Easements": 0, "OwnerType": null, "OwnerName": "BIRCHALL AVE ASSOCIATES LP", "LotArea": 24027, "BldgArea": 87903, "ComArea": 4, "ResArea": 87902, "OfficeArea": 1, "RetailArea": 1, "GarageArea": 1, "StrgeArea": 0, "FactryArea": 0, "OtherArea": 1, "AreaSource": "2", "NumBldgs": 1, "NumFloors": 9.0, "UnitsRes": 90, "UnitsTotal": 90, "LotFront": 0.0, "LotDepth": 0.0, "BldgFront": 100.0, "BldgDepth": 300.0, "Ext": "N", "ProxCode": "0", "IrrLotCode": "N", "LotType": "5", "BsmtCode": "0", "AssessLand": 247050.0, "AssessTot": 2000700.0, "ExemptTot": 1197105.0, "YearBuilt": 2002, "YearAlter1": 0, "YearAlter2": 0, "HistDist": null, "Landmark": null, "BuiltFAR": 3.66, "ResidFAR": 3.44, "CommFAR": 0.0, "FacilFAR": 4.8, "BoroCode": 2, "BBL": 2042530080.0, "CondoNo": 0, "Tract2010": "0220", "XCoord": 1020407, "YCoord": 248375, "ZoneMap": "3d", "ZMCode": null, "Sanborn": "220 006", "TaxMap": "21510", "EDesigNum": null, "APPBBL": 2042530077.9999998, "APPDate": "09/07/2004", "PLUTOMapID": "1", "FIRM07_FLA": null, "PFIRM15_FL": null, "Version": "25v4", "DCPEdited": null, "Latitude": 40.848333, "Longitude": -73.8693107, "Notes": null, "Shape_Leng": 0.0, "Shape_Area": 25034.3837509 }, "geometry": { "type": "MultiPolygon", "coordinates": [ [ [ [ -73.86949314770753, 40.848566601340849 ], [ -73.869076551064524, 40.848550228589041 ], [ -73.868963843005147, 40.848415707941321 ], [ -73.868965516747309, 40.848318570776911 ], [ -73.868989732076415, 40.848271493526447 ], [ -73.869005333493263, 40.848269512151582 ], [ -73.869013897134323, 40.848268657356414 ], [ -73.869022736053381, 40.848267653457931 ], [ -73.869029798967532, 40.848266460228295 ], [ -73.869035828898802, 40.848265337853988 ], [ -73.869042216291248, 40.848263899821653 ], [ -73.869050370926331, 40.84826173086207 ], [ -73.869061146969884, 40.84825803576188 ], [ -73.869072922279656, 40.848253319732649 ], [ -73.869081057252316, 40.848249104783555 ], [ -73.869087402129594, 40.848245814323739 ], [ -73.869092958793402, 40.848242328543286 ], [ -73.869097175419142, 40.848239424761225 ], [ -73.869107297000767, 40.848231444399886 ], [ -73.869111861665658, 40.8482270776503 ], [ -73.869116926838075, 40.848222036089709 ], [ -73.869124087431601, 40.84821458995642 ], [ -73.869129179945944, 40.84820836163945 ], [ -73.869135945996064, 40.848198296361808 ], [ -73.869140508566062, 40.848190793231453 ], [ -73.869145273590107, 40.848180397905175 ], [ -73.869148245517508, 40.848172452670255 ], [ -73.869150496825242, 40.848162547073152 ], [ -73.869150863723064, 40.848152676227613 ], [ -73.869150524921793, 40.848143453022615 ], [ -73.869150104329293, 40.848132405289157 ], [ -73.869147847133561, 40.848118764716652 ], [ -73.869570976987305, 40.848051399515498 ], [ -73.869577944823561, 40.848232921858468 ], [ -73.869571225472228, 40.848393282380485 ], [ -73.869554391399546, 40.848569008388111 ], [ -73.86949314770753, 40.848566601340849 ] ] ] ] } },
{ "type": "Feature", "properties": { "Borough": "BX", "Block": 4333, "Lot": 10, "CD": 227, "BCT2020": "2033400", "BCTCB2020": "20334001027", "CT2010": "334", "CB2010": "1039", "SchoolDist": "11", "Council": 15, "ZipCode": 10462, "FireComp": "E088", "PolicePrct": 49, "HealthCent": 21, "HealthArea": 1100, "Sanitboro": null, "SanitDistr": null, "SanitSub": null, "Address": "UNIONPORT ROAD", "ZoneDist1": "R6", "ZoneDist2": null, "ZoneDist3": null, "ZoneDist4": null, "Overlay1": null, "Overlay2": null, "SPDist1": null, "SPDist2": null, "SPDist3": null, "LtdHeight": null, "SplitZone": "N", "BldgClass": "V3", "LandUse": "11", "Easements": 0, "OwnerType": "C", "OwnerName": "NYC DEPARTMENT OF PARKS AND RECREATION", "LotArea": 2835, "BldgArea": 0, "ComArea": 0, "ResArea": 0, "OfficeArea": 0, "RetailArea": 0, "GarageArea": 0, "StrgeArea": 0, "FactryArea": 0, "OtherArea": 0, "AreaSource": "7", "NumBldgs": 0, "NumFloors": 0.0, "UnitsRes": 0, "UnitsTotal": 0, "LotFront": 50.0, "LotDepth": 130.0, "BldgFront": 0.0, "BldgDepth": 0.0, "Ext": null, "ProxCode": "0", "IrrLotCode": "Y", "LotType": "5", "BsmtCode": "5", "AssessLand": 9420.0, "AssessTot": 9420.0, "ExemptTot": 9420.0, "YearBuilt": 0, "YearAlter1": 0, "YearAlter2": 0, "HistDist": null, "Landmark": null, "BuiltFAR": 0.0, "ResidFAR": 2.43, "CommFAR": 0.0, "FacilFAR": 4.8, "BoroCode": 2, "BBL": 2043330010.0, "CondoNo": 0, "Tract2010": "0334", "XCoord": 1020378, "YCoord": 248086, "ZoneMap": "3d", "ZMCode": null, "Sanborn": "214 105", "TaxMap": "21511", "EDesigNum": null, "APPBBL": 0.0, "APPDate": null, "PLUTOMapID": "1", "FIRM07_FLA": null, "PFIRM15_FL": null, "Version": "25v4", "DCPEdited": "t", "Latitude": 40.8475399, "Longitude": -73.8694171, "Notes": null, "Shape_Leng": 0.0, "Shape_Area": 2989.2754516999998 }, "geometry": { "type": "MultiPolygon", "coordinates": [ [ [ [ -73.869300283870302, 40.847434987818119 ], [ -73.869361870109245, 40.847342180680471 ], [ -73.869416108153786, 40.847444740957023 ], [ -73.869443503730793, 40.847504960154552 ], [ -73.869475345265201, 40.847585639181467 ], [ -73.869505570942522, 40.847677592263466 ], [ -73.869544946548416, 40.847823412529308 ], [ -73.869300283870302, 40.847434987818119 ] ] ] ] } },
{ "type": "Feature", "properties": { "Borough": "BX", "Block": 4333, "Lot": 100, "CD": 227, "BCT2020": "2033400", "BCTCB2020": "20334001019", "CT2010": "334", "CB2010": "1029", "SchoolDist": "11", "Council": 15, "ZipCode": 10462, "FireComp": "E088", "PolicePrct": 49, "HealthCent": 21, "HealthArea": 1100, "Sanitboro": null, "SanitDistr": null, "SanitSub": null, "Address": "BOSTON ROAD", "ZoneDist1": "PARK", "ZoneDist2": null, "ZoneDist3": null, "ZoneDist4": null, "Overlay1": null, "Overlay2": null, "SPDist1": null, "SPDist2": null, "SPDist3": null, "LtdHeight": null, "SplitZone": "N", "BldgClass": "Q1", "LandUse": "09", "Easements": 0, "OwnerType": "C", "OwnerName": "NYC DEPARTMENT OF PARKS AND RECREATION", "LotArea": 26103, "BldgArea": 0, "ComArea": 0, "ResArea": 0, "OfficeArea": 0, "RetailArea": 0, "GarageArea": 0, "StrgeArea": 0, "FactryArea": 0, "OtherArea": 0, "AreaSource": "7", "NumBldgs": 0, "NumFloors": 0.0, "UnitsRes": 0, "UnitsTotal": 0, "LotFront": 97.58, "LotDepth": 422.42, "BldgFront": 0.0, "BldgDepth": 0.0, "Ext": "N", "ProxCode": "0", "IrrLotCode": "Y", "LotType": "5", "BsmtCode": "0", "AssessLand": 36951.0, "AssessTot": 54450.0, "ExemptTot": 54450.0, "YearBuilt": 0, "YearAlter1": 0, "YearAlter2": 0, "HistDist": null, "Landmark": null, "BuiltFAR": 0.0, "ResidFAR": 0.0, "CommFAR": 0.0, "FacilFAR": 0.0, "BoroCode": 2, "BBL": 2043330100.0, "CondoNo": 0, "Tract2010": "0334", "XCoord": 1020289, "YCoord": 251496, "ZoneMap": "3c", "ZMCode": null, "Sanborn": "214 105", "TaxMap": "21511", "EDesigNum": null, "APPBBL": 0.0, "APPDate": null, "PLUTOMapID": "1", "FIRM07_FLA": null, "PFIRM15_FL": null, "Version": "25v4", "DCPEdited": "t", "Latitude": 40.8568997, "Longitude": -73.8697204, "Notes": null, "Shape_Leng": 0.0, "Shape_Area": 24263.4585835 }, "geometry": { "type": "MultiPolygon", "coordinates": [ [ [ [ -73.869348003535649, 40.856816272792813 ], [ -73.869368195913736, 40.856795995023553 ], [ -73.86938836937118, 40.856782987773016 ], [ -73.869411615443695, 40.856771926309527 ], [ -73.86943291543345, 40.856765637967598 ], [ -73.869453442943083, 40.856762537405992 ], [ -73.869469941912172, 40.856761678183481 ], [ -73.869608982928526, 40.856773890533503 ], [ -73.86982326305133, 40.856785505095488 ], [ -73.870056005396307, 40.856791228494828 ], [ -73.870332993096014, 40.85678651935789 ], [ -73.870625490065137, 40.856763556039169 ], [ -73.870630260812362, 40.856765025592743 ], [ -73.870633797416261, 40.856768746780283 ], [ -73.870636397609928, 40.856772786658887 ], [ -73.87063597835504, 40.856780378232024 ], [ -73.870632797745984, 40.856785098626624 ], [ -73.870628407628601, 40.856787337762313 ], [ -73.870037308088243, 40.856936824309081 ], [ -73.869211952347314, 40.857114600442522 ], [ -73.869191555739107, 40.857117358861359 ], [ -73.869178703013574, 40.85711614568735 ], [ -73.869165213990996, 40.857110387104093 ], [ -73.869141980795646, 40.857085879872024 ], [ -73.869139924525626, 40.857076086519129 ], [ -73.869140853480403, 40.857068084850113 ], [ -73.869166191071884, 40.857033297893672 ], [ -73.869348003535649, 40.856816272792813 ] ] ] ] } },
{ "type": "Feature", "properties": { "Borough": "BX", "Block": 3120, "Lot": 20, "CD": 227, "BCT2020": "2033400", "BCTCB2020": "20334001031", "CT2010": "334", "CB2010": "1045", "SchoolDist": "10", "Council": 15, "ZipCode": 10460, "FireComp": "E088", "PolicePrct": 52, "HealthCent": 21, "HealthArea": 1100, "Sanitboro": "2", "SanitDistr": "06", "SanitSub": "2A", "Address": "2300 SOUTHERN BOULEVARD", "ZoneDist1": "PARK", "ZoneDist2": null, "ZoneDist3": null, "ZoneDist4": null, "Overlay1": null, "Overlay2": null, "SPDist1": null, "SPDist2": null, "SPDist3": null, "LtdHeight": null, "SplitZone": "N", "BldgClass": "Q1", "LandUse": "09", "Easements": 0, "OwnerType": "C", "OwnerName": "NYC DEPARTMENT OF PARKS AND RECREATION", "LotArea": 11543400, "BldgArea": 390750, "ComArea": 390750, "ResArea": 0, "OfficeArea": 16000, "RetailArea": 0, "GarageArea": 0, "StrgeArea": 0, "FactryArea": 0, "OtherArea": 374750, "AreaSource": "2", "NumBldgs": 142, "NumFloors": 2.0, "UnitsRes": 0, "UnitsTotal": 1, "LotFront": 3135.67, "LotDepth": 2220.0, "BldgFront": 40.0, "BldgDepth": 40.0, "Ext": "N", "ProxCode": "1", "IrrLotCode": "Y", "LotType": "5", "BsmtCode": "0", "AssessLand": 37920150.0, "AssessTot": 78583050.0, "ExemptTot": 78583050.0, "YearBuilt": 1905, "YearAlter1": 0, "YearAlter2": 0, "HistDist": null, "Landmark": "INDIVIDUAL LANDMARK", "BuiltFAR": 0.03, "ResidFAR": 0.0, "CommFAR": 0.0, "FacilFAR": 0.0, "BoroCode": 2, "BBL": 2031200020.0, "CondoNo": 0, "Tract2010": "0334", "XCoord": 1017919, "YCoord": 248977, "ZoneMap": "3c", "ZMCode": "Y", "Sanborn": "214 105", "TaxMap": "21108", "EDesigNum": null, "APPBBL": 0.0, "APPDate": null, "PLUTOMapID": "1", "FIRM07_FLA": "1", "PFIRM15_FL": "1", "Version": "25v4", "DCPEdited": "t", "Latitude": 40.8499951, "Longitude": -73.8783005, "Notes": null, "Shape_Leng": 0.0, "Shape_Area": 7195592.9599000001 }, "geometry": { "type": "MultiPolygon", "coordinates": [ [ [ [ -73.8768794338622, 40.843101886145519 ], [ -73.876885695592037, 40.843093704622852 ], [ -73.876886640389401, 40.843086771800984 ], [ -73.876886318218396, 40.843080198780704 ], [ -73.876884482856482, 40.843074348129946 ], [ -73.876878595393521, 40.843059060419414 ], [ -73.876864019610366, 40.843002493058613 ], [ -73.876865944006184, 40.842995238527863 ], [ -73.876868206030792, 40.842988408006818 ], [ -73.876871592246118, 40.842981579607489 ], [ -73.87687497787141, 40.842975604782005 ], [ -73.877015134290829, 40.842559048545994 ], [ -73.877881877931912, 40.842752926288775 ], [ -73.87709140902102, 40.844034671549515 ], [ -73.877218266027384, 40.84412194954907 ], [ -73.877890273282247, 40.844584283786801 ], [ -73.87795690396662, 40.844630123852241 ], [ -73.878337450783306, 40.844891931088348 ], [ -73.882423785382301, 40.847703022872423 ], [ -73.88292126528907, 40.84822986409818 ], [ -73.880640183988319, 40.856293780160669 ], [ -73.880586112715847, 40.856484901562283 ], [ -73.877689851952724, 40.855136612553238 ], [ -73.877646251147979, 40.855117040851802 ], [ -73.877596916844439, 40.855097126315393 ], [ -73.877570350572356, 40.855088962090306 ], [ -73.877544545884746, 40.855082050373404 ], [ -73.877522752296301, 40.855076959232534 ], [ -73.877509179246687, 40.855074121815619 ], [ -73.87749140525284, 40.855070785421916 ], [ -73.877474137946919, 40.855067946748676 ], [ -73.877453706494606, 40.855065091154628 ], [ -73.877432936194211, 40.85506273681623 ], [ -73.877416356577058, 40.855061248619258 ], [ -73.87738625164512, 40.855059423687266 ], [ -73.877350775756739, 40.855058713306533 ], [ -73.877303076623519, 40.855060200582393 ], [ -73.877267164538594, 40.855063186179244 ], [ -73.877248008146253, 40.855065443969032 ], [ -73.877234337444008, 40.855067346529054 ], [ -73.877234014122635, 40.85503944535489 ], [ -73.877235980584345, 40.854968754171026 ], [ -73.877227128562069, 40.854905786810512 ], [ -73.877219135704294, 40.854875242542015 ], [ -73.877203743445506, 40.854842253650702 ], [ -73.87720027380108, 40.854824623691357 ], [ -73.877203509993592, 40.85479785369656 ], [ -73.877208816296843, 40.854750776287965 ], [ -73.877217674006729, 40.854734863849146 ], [ -73.877223311292084, 40.85472889142499 ], [ -73.877228946156009, 40.854722917324011 ], [ -73.877243591984666, 40.854711829804373 ], [ -73.877272026845546, 40.854695097448946 ], [ -73.877293127667727, 40.854690530984577 ], [ -73.877304478428087, 40.854686127975022 ], [ -73.877311148794007, 40.854678162970039 ], [ -73.877315668031869, 40.854667491568058 ], [ -73.87731908935794, 40.854641870738725 ], [ -73.877322557590674, 40.854591481066535 ], [ -73.877322571773746, 40.854583793580943 ], [ -73.877319356566446, 40.854573541606648 ], [ -73.877309669197459, 40.854565416040877 ], [ -73.877297866898331, 40.854560705604385 ], [ -73.877243324402187, 40.854551680349786 ], [ -73.877232638395554, 40.854551240377809 ], [ -73.877203949215968, 40.85455291803293 ], [ -73.877187642401339, 40.854550907810811 ], [ -73.877169659053948, 40.854543485744429 ], [ -73.877156175394035, 40.854534077392024 ], [ -73.877120705077658, 40.854506358168791 ], [ -73.877137188988641, 40.854485503605133 ], [ -73.877161754888903, 40.85446950192491 ], [ -73.87719210707408, 40.854459958435342 ], [ -73.877228083907212, 40.854458370453386 ], [ -73.877256844559895, 40.854464209286924 ], [ -73.877286959385017, 40.854479212048467 ], [ -73.877400827839338, 40.85456384643593 ], [ -73.877566024580076, 40.854717757914798 ], [ -73.877571257494623, 40.854722005736598 ], [ -73.877575562635144, 40.854725863473426 ], [ -73.877578226799159, 40.854728138312893 ], [ -73.877583063820836, 40.854731017806039 ], [ -73.877588611644185, 40.854733045319058 ], [ -73.877597843265121, 40.85473428248698 ], [ -73.877606806372498, 40.854733247445679 ], [ -73.877613569655054, 40.854730813380499 ], [ -73.877619175355193, 40.85472719665399 ], [ -73.877623338055216, 40.854722662579896 ], [ -73.877625694978477, 40.854717965377247 ], [ -73.877626556715001, 40.854712389590219 ], [ -73.877625170271841, 40.854706006281418 ], [ -73.877622279242615, 40.854701279241809 ], [ -73.877617311749631, 40.854695834965554 ], [ -73.877566149556202, 40.854640190429471 ], [ -73.877447027089374, 40.854446727859631 ], [ -73.877410016535762, 40.854400518383095 ], [ -73.877367753848375, 40.854368239371816 ], [ -73.877343296842412, 40.854350940027835 ], [ -73.877316228372223, 40.854324619551001 ], [ -73.87729362841209, 40.854307414030657 ], [ -73.877058374926818, 40.854158779904161 ], [ -73.87683677626687, 40.853987825806222 ], [ -73.876801698990633, 40.853955323786572 ], [ -73.876766537715511, 40.853922744114463 ], [ -73.876760911225446, 40.853918447228985 ], [ -73.876755343195242, 40.853912689806428 ], [ -73.876749946343864, 40.853904100543105 ], [ -73.876747093539635, 40.853894853012726 ], [ -73.876746833718158, 40.853885946908449 ], [ -73.876748815679051, 40.853877474463829 ], [ -73.876753368072741, 40.853868788679129 ], [ -73.876759232259175, 40.853861943956161 ], [ -73.876766398926677, 40.853856199319139 ], [ -73.87677365396965, 40.853852053078789 ], [ -73.876779925512636, 40.853849414994777 ], [ -73.876788218088279, 40.853845993011113 ], [ -73.876798984405937, 40.853840072941409 ], [ -73.876807397109843, 40.853833897368048 ], [ -73.876813798232504, 40.853827862784314 ], [ -73.876819460816819, 40.85382099901976 ], [ -73.876824209568099, 40.853813247242023 ], [ -73.876828184369941, 40.853803263202671 ], [ -73.876830178948467, 40.853791184317863 ], [ -73.876829965102829, 40.853783742377544 ], [ -73.876834324066593, 40.853760330654104 ], [ -73.876835703739943, 40.853741527109818 ], [ -73.87683517044303, 40.853721497756332 ], [ -73.876839001437673, 40.853694390673184 ], [ -73.876848496236946, 40.853667485070261 ], [ -73.876849358338291, 40.853638717027309 ], [ -73.876845702161205, 40.853597019351689 ], [ -73.87682797414773, 40.853508302696504 ], [ -73.876817776620115, 40.853466409875985 ], [ -73.876804733708497, 40.85344654182461 ], [ -73.876753526980991, 40.853401720827243 ], [ -73.876738151480282, 40.853386866043806 ], [ -73.87671509068791, 40.853349804054353 ], [ -73.876692062066596, 40.853321014957814 ], [ -73.876668510019698, 40.853298219876365 ], [ -73.87661364096185, 40.85325998830583 ], [ -73.876591752304662, 40.853251509200391 ], [ -73.876563504632827, 40.853242428044311 ], [ -73.876527808947088, 40.85323541640205 ], [ -73.876470922141806, 40.853228779992186 ], [ -73.876428165438597, 40.853228735056653 ], [ -73.876373894237105, 40.853234564242683 ], [ -73.876311719542656, 40.853245057602976 ], [ -73.876233665345254, 40.853266834185156 ], [ -73.876184115737885, 40.853285820961268 ], [ -73.87615533487633, 40.853301982712168 ], [ -73.876136010867825, 40.853326277905815 ], [ -73.876121025647564, 40.853343307299404 ], [ -73.87610676189837, 40.853362567898444 ], [ -73.876090849633812, 40.853378763298529 ], [ -73.876072542251819, 40.853392091555769 ], [ -73.876051098488446, 40.853403252679826 ], [ -73.876024937554149, 40.85341228077602 ], [ -73.875998362822315, 40.853417387661075 ], [ -73.875969389839582, 40.853418889103395 ], [ -73.875943600571333, 40.853416786593122 ], [ -73.875929173790425, 40.853414145254469 ], [ -73.875910368399957, 40.853408972362857 ], [ -73.875879959736324, 40.853399998638928 ], [ -73.875841286409255, 40.853391543638502 ], [ -73.875805042947363, 40.853386401460078 ], [ -73.875753293840233, 40.853383462271388 ], [ -73.875722275318694, 40.853384126696625 ], [ -73.875694196394193, 40.853386300813952 ], [ -73.875679871809595, 40.853387996265326 ], [ -73.875650399236306, 40.853392764136338 ], [ -73.875613928824748, 40.853401165951134 ], [ -73.875569008848714, 40.853415680285721 ], [ -73.875542680570092, 40.853426604471785 ], [ -73.8755149904148, 40.853440328751425 ], [ -73.875497171412349, 40.85345054809202 ], [ -73.8754772316085, 40.853461575626817 ], [ -73.875450253919851, 40.853473491452327 ], [ -73.875429504220463, 40.853480674811422 ], [ -73.875404437358625, 40.853487347361209 ], [ -73.875382916609951, 40.853491479841516 ], [ -73.875365546359419, 40.853493806846956 ], [ -73.875355006854477, 40.853493188498824 ], [ -73.875274671369269, 40.853488467599128 ], [ -73.875269914847252, 40.853488353524838 ], [ -73.875265732188936, 40.853488212130557 ], [ -73.875260548192742, 40.853488382117845 ], [ -73.875256211776104, 40.853489329210142 ], [ -73.875251710502567, 40.853490878634929 ], [ -73.875248088955189, 40.853492630629681 ], [ -73.875244745313339, 40.853494774700636 ], [ -73.875242312824227, 40.853496695552479 ], [ -73.875239230526375, 40.853499896100651 ], [ -73.875236807781462, 40.853503611613995 ], [ -73.87523546009524, 40.853507654311208 ], [ -73.875234922152572, 40.853510558701288 ], [ -73.875234875216222, 40.853514082280647 ], [ -73.87523513136577, 40.853515969987214 ], [ -73.875236168009863, 40.853517803659308 ], [ -73.875268671709421, 40.853539040034754 ], [ -73.875276958230245, 40.853542686162712 ], [ -73.875281277953889, 40.853546235132512 ], [ -73.875283972897833, 40.853549772472427 ], [ -73.875285646239192, 40.853553559098088 ], [ -73.875286310059607, 40.853558144241624 ], [ -73.875285816777463, 40.853561910451468 ], [ -73.875283757329896, 40.853566663729232 ], [ -73.875280916321685, 40.853570216660344 ], [ -73.875275824871608, 40.853574085978913 ], [ -73.875268460427876, 40.853577079352824 ], [ -73.875065069404314, 40.853674772362545 ], [ -73.875042509145359, 40.853680430008374 ], [ -73.875019434105809, 40.853684867846603 ], [ -73.874998980558061, 40.85368771733129 ], [ -73.874974548396068, 40.853689834830128 ], [ -73.874932696555803, 40.853690295539025 ], [ -73.874897264342735, 40.853687561827009 ], [ -73.874864398388695, 40.853682384371503 ], [ -73.874838802397576, 40.85367648713941 ], [ -73.87481070432986, 40.853667973009181 ], [ -73.874786708409957, 40.853658833963408 ], [ -73.874762339501913, 40.85364755133336 ], [ -73.874734970916791, 40.853632036646346 ], [ -73.874714235271583, 40.853617834913607 ], [ -73.874694082526403, 40.853601444792062 ], [ -73.874688750469332, 40.853596104229624 ], [ -73.874685406453892, 40.853586741835798 ], [ -73.874683176849373, 40.853577344595919 ], [ -73.874684351410593, 40.853550012243907 ], [ -73.874691189135703, 40.853503041846885 ], [ -73.874697370340783, 40.853460374485635 ], [ -73.874698152585324, 40.853460503000058 ], [ -73.874703651094904, 40.853460882685461 ], [ -73.874707612205299, 40.853460837466685 ], [ -73.874709695248356, 40.853460597539829 ], [ -73.874712543805387, 40.85346001084271 ], [ -73.874714804328022, 40.853459313577709 ], [ -73.874718250071339, 40.853457780176271 ], [ -73.874721422845354, 40.853455692654627 ], [ -73.874723751405298, 40.853453502486062 ], [ -73.874726051230581, 40.853450190337398 ], [ -73.874727165499039, 40.853447306319296 ], [ -73.874727579729466, 40.85344463771505 ], [ -73.87472733905939, 40.853441442519177 ], [ -73.874726899778551, 40.853439804920349 ], [ -73.874685357162292, 40.853412836705729 ], [ -73.874681243025464, 40.853409078036357 ], [ -73.874675628977016, 40.85340394539319 ], [ -73.874655406384917, 40.853389402962719 ], [ -73.874653958815884, 40.853388551078744 ], [ -73.874653905534728, 40.85338846853363 ], [ -73.874652622606888, 40.853382045729056 ], [ -73.874653355067736, 40.853377255880439 ], [ -73.87465532276984, 40.853373383191808 ], [ -73.874658687616872, 40.853369406695251 ], [ -73.874664370143321, 40.85336527150988 ], [ -73.874670510066366, 40.853362630719296 ], [ -73.874676083835993, 40.853361422890963 ], [ -73.874681603220026, 40.853360835502215 ], [ -73.874685965233965, 40.853361390472514 ], [ -73.874691288280744, 40.853362965787916 ], [ -73.874695860285925, 40.853364752863435 ], [ -73.874700231577009, 40.85336669909055 ], [ -73.874819388386285, 40.853418252182387 ], [ -73.874825687527064, 40.853420463439903 ], [ -73.874833391069444, 40.853421876610902 ], [ -73.874840230090314, 40.853422094694544 ], [ -73.874846101568949, 40.853421528427212 ], [ -73.874850592092599, 40.853420600341884 ], [ -73.874854223099405, 40.853419503919291 ], [ -73.874861640553945, 40.853416093673047 ], [ -73.874867426346967, 40.853411879365524 ], [ -73.874872271993624, 40.85340631503545 ], [ -73.874874907279221, 40.853401199559897 ], [ -73.874875481858027, 40.853394584185956 ], [ -73.874874071569266, 40.853389668695428 ], [ -73.874871224671352, 40.853384283322548 ], [ -73.874867651154602, 40.853380649564052 ], [ -73.87461785183082, 40.853187730855552 ], [ -73.874486818547041, 40.853081473087023 ], [ -73.87441146723296, 40.853016989483208 ], [ -73.874314923684921, 40.852901470670993 ], [ -73.874351891297039, 40.852880316004004 ], [ -73.874298870951165, 40.852817359610967 ], [ -73.87427092733941, 40.852828951769979 ], [ -73.874244079045425, 40.852792568641334 ], [ -73.874210588173227, 40.852749963983271 ], [ -73.874185112605446, 40.852702653052013 ], [ -73.874175659527268, 40.85267254366277 ], [ -73.874171007864348, 40.852633933494531 ], [ -73.874168000684833, 40.852567913266981 ], [ -73.874166804268867, 40.852554058791547 ], [ -73.874128604814032, 40.852379630077465 ], [ -73.874121752583406, 40.852206024505421 ], [ -73.874117082556964, 40.852035608131466 ], [ -73.874112217242953, 40.851924420656481 ], [ -73.874104440678124, 40.851877062362469 ], [ -73.874100689899663, 40.851858765648288 ], [ -73.874037389625272, 40.851693878190865 ], [ -73.873990401188834, 40.851544411407218 ], [ -73.873927566377873, 40.851215034726891 ], [ -73.873927053853322, 40.851185102662754 ], [ -73.873931888541165, 40.851162727088784 ], [ -73.873944931840313, 40.851128522587175 ], [ -73.874018073955767, 40.850964420959841 ], [ -73.874068135018717, 40.850873918377886 ], [ -73.874098589547344, 40.850826912570362 ], [ -73.874101186195873, 40.85082809943296 ], [ -73.874109991955947, 40.850830957310244 ], [ -73.874119180211792, 40.850830396462037 ], [ -73.874127623396816, 40.850826847839002 ], [ -73.874134386462714, 40.850819381135956 ], [ -73.874138342630644, 40.850809348556744 ], [ -73.874139482604136, 40.850801663132415 ], [ -73.87413949877012, 40.850793121988097 ], [ -73.874136513837939, 40.850768377256749 ], [ -73.874145873686402, 40.850753930543043 ], [ -73.874246342550023, 40.850608026077445 ], [ -73.874259981453676, 40.850578569582659 ], [ -73.874313324845232, 40.850409433965503 ], [ -73.87434944203622, 40.850315475313174 ], [ -73.874375928875608, 40.850223803254039 ], [ -73.874382733925657, 40.850152013370462 ], [ -73.874377754515777, 40.850055920751835 ], [ -73.874376432948139, 40.850039848170589 ], [ -73.874378667010802, 40.850023005035055 ], [ -73.874407818477025, 40.849929387285265 ], [ -73.874478924116815, 40.849672372784056 ], [ -73.874507221307596, 40.849507260192333 ], [ -73.874520746802929, 40.849379380411811 ], [ -73.874536819723133, 40.849236268849992 ], [ -73.874530059734823, 40.84917623340111 ], [ -73.874530646680199, 40.84916300320328 ], [ -73.874528464783964, 40.849127127768021 ], [ -73.874516238150065, 40.849049386545815 ], [ -73.874514669062009, 40.849041112885644 ], [ -73.874512602458168, 40.848964464272456 ], [ -73.874511915368501, 40.848938984926356 ], [ -73.874516752110225, 40.848834233907603 ], [ -73.874528791005858, 40.848702862991779 ], [ -73.874532652892839, 40.848694938332962 ], [ -73.874540575324858, 40.84866932430247 ], [ -73.874549658991072, 40.848624064554038 ], [ -73.874555381798388, 40.848571966371885 ], [ -73.874558785748619, 40.848556595896824 ], [ -73.874565579945994, 40.84853183429037 ], [ -73.874576878905287, 40.848505368435518 ], [ -73.874594294699548, 40.84846927615596 ], [ -73.874617247888224, 40.848421707869278 ], [ -73.874623169136925, 40.848414026804718 ], [ -73.874646262732114, 40.848394405875531 ], [ -73.874651899714351, 40.848388432648925 ], [ -73.874652336161176, 40.848379573217834 ], [ -73.874604599540959, 40.848334447968966 ], [ -73.874608709322018, 40.848282973041947 ], [ -73.874596566271791, 40.848147738009857 ], [ -73.87458173369879, 40.84804586149999 ], [ -73.874589925697691, 40.847950161334445 ], [ -73.874599314382792, 40.847806644485466 ], [ -73.874623692588059, 40.847673473492563 ], [ -73.874662533680507, 40.8475042687217 ], [ -73.874684532349576, 40.847407984480533 ], [ -73.874693703566223, 40.847393411016867 ], [ -73.874701612511544, 40.847375482707932 ], [ -73.874740033437291, 40.847244383041598 ], [ -73.874774974389879, 40.847158187740078 ], [ -73.874913748091885, 40.846944900590614 ], [ -73.875023943974654, 40.846746668247178 ], [ -73.875101208387889, 40.846622481079542 ], [ -73.875150040748423, 40.846540312500409 ], [ -73.875188439253407, 40.846444732426882 ], [ -73.875228490491352, 40.846349849251808 ], [ -73.87527058581712, 40.846241129481143 ], [ -73.875318766029736, 40.846101741858448 ], [ -73.875375214206969, 40.845929675145591 ], [ -73.875384123901981, 40.845872987799787 ], [ -73.875393412426703, 40.845750809722588 ], [ -73.875395166794192, 40.84565939337061 ], [ -73.875404600041662, 40.845592185291203 ], [ -73.875426378896634, 40.845517356088664 ], [ -73.875498597533408, 40.845312326618682 ], [ -73.875519558442079, 40.845256858142697 ], [ -73.875581313710939, 40.845141469686133 ], [ -73.875683780712293, 40.844962660045219 ], [ -73.875732564778929, 40.84487417062131 ], [ -73.875753632268257, 40.844839546786766 ], [ -73.875769174279412, 40.844821234939239 ], [ -73.875820499052679, 40.84477097956664 ], [ -73.875853747547666, 40.844731498130692 ], [ -73.875883147206437, 40.844709724330251 ], [ -73.875923354216894, 40.844682774383557 ], [ -73.87593512843759, 40.844674912238588 ], [ -73.876007246603947, 40.84463245595358 ], [ -73.876021810087934, 40.844625691731487 ], [ -73.876073289947072, 40.844605888559769 ], [ -73.876159167711577, 40.844585210048088 ], [ -73.876249548834608, 40.844572269837613 ], [ -73.876288135389629, 40.844565301828766 ], [ -73.876296037468592, 40.844563385988586 ], [ -73.876303659220895, 40.844561093382303 ], [ -73.876315202736052, 40.844556701462878 ], [ -73.876324366376181, 40.844552314182778 ], [ -73.876339204744312, 40.844543080265822 ], [ -73.876348022450827, 40.8445359173055 ], [ -73.876358838039764, 40.844524451144203 ], [ -73.876365474840753, 40.84451491394038 ], [ -73.876368750500347, 40.844508899442197 ], [ -73.876389195860426, 40.84445271697107 ], [ -73.876395147779419, 40.844439732862902 ], [ -73.876404891673403, 40.844424237697986 ], [ -73.87645492776403, 40.84435428145828 ], [ -73.876468615124267, 40.844327528920005 ], [ -73.876477541934989, 40.844301222448898 ], [ -73.876492983449552, 40.844195729788346 ], [ -73.876489403456063, 40.844040036686536 ], [ -73.876485538638605, 40.844020449461055 ], [ -73.876465421125801, 40.843943604856634 ], [ -73.876464750392003, 40.843929346625089 ], [ -73.876499369374031, 40.843749753846005 ], [ -73.876518426261995, 40.843706907118651 ], [ -73.876556507828852, 40.843676510173388 ], [ -73.876595941526432, 40.843638970263008 ], [ -73.876643279610022, 40.843586062853227 ], [ -73.876681584248828, 40.843551086272598 ], [ -73.876704119095621, 40.84352975516326 ], [ -73.876718772394284, 40.843512047337704 ], [ -73.876721600059611, 40.843503296613925 ], [ -73.876719599694468, 40.843496249040662 ], [ -73.876700822785679, 40.843487472515157 ], [ -73.876682845759433, 40.843477630692114 ], [ -73.876709345791227, 40.843440290309886 ], [ -73.876720044968508, 40.843433255324911 ], [ -73.876732427085656, 40.843427289294603 ], [ -73.876751566974178, 40.843416206710593 ], [ -73.876761702492743, 40.843409383696255 ], [ -73.876771841169486, 40.843400855126838 ], [ -73.876780856132612, 40.84339146810099 ], [ -73.876788750278948, 40.843380372560254 ], [ -73.876796649056828, 40.843366715047885 ], [ -73.876803430074702, 40.843349639955164 ], [ -73.876810462691253, 40.843327869932025 ], [ -73.876814739452371, 40.843314630855822 ], [ -73.876831697561371, 40.843267671074557 ], [ -73.876843017239224, 40.843228392776631 ], [ -73.876846407363089, 40.843220710643067 ], [ -73.876862195737459, 40.843197665893271 ], [ -73.876867837562969, 40.843187421597307 ], [ -73.876874623656363, 40.843166930870908 ], [ -73.876878037498059, 40.843146433780603 ], [ -73.876878078612066, 40.843124225853572 ], [ -73.876875859275714, 40.84310799562855 ], [ -73.876874945302376, 40.843104763737294 ], [ -73.8768794338622, 40.843101886145519 ] ] ] ] } },
{ "type": "Feature", "properties": { "Borough": "BX", "Block": 3272, "Lot": 1, "CD": 227, "BCT2020": "2033400", "BCTCB2020": "20334001007", "CT2010": "334", "CB2010": "1001", "SchoolDist": "10", "Council": 11, "ZipCode": 10467, "FireComp": "L037", "PolicePrct": 52, "HealthCent": 21, "HealthArea": 1100, "Sanitboro": "2", "SanitDistr": "27", "SanitSub": null, "Address": "2600 SOUTHERN BOULEVARD", "ZoneDist1": "PARK", "ZoneDist2": null, "ZoneDist3": null, "ZoneDist4": null, "Overlay1": null, "Overlay2": null, "SPDist1": null, "SPDist2": null, "SPDist3": null, "LtdHeight": null, "SplitZone": "N", "BldgClass": "Q1", "LandUse": "09", "Easements": 0, "OwnerType": "C", "OwnerName": "NYC DEPARTMENT OF PARKS AND RECREATION", "LotArea": 8955000, "BldgArea": 481172, "ComArea": 277622, "ResArea": 203550, "OfficeArea": 0, "RetailArea": 14000, "GarageArea": 0, "StrgeArea": 0, "FactryArea": 0, "OtherArea": 263622, "AreaSource": "2", "NumBldgs": 26, "NumFloors": 4.0, "UnitsRes": 0, "UnitsTotal": 1, "LotFront": 500.0, "LotDepth": 738.17, "BldgFront": 308.0, "BldgDepth": 117.0, "Ext": "N", "ProxCode": "1", "IrrLotCode": "Y", "LotType": "5", "BsmtCode": "0", "AssessLand": 55610550.0, "AssessTot": 129564450.0, "ExemptTot": 129564450.0, "YearBuilt": 1897, "YearAlter1": 1995, "YearAlter2": 2004, "HistDist": null, "Landmark": "INDIVIDUAL LANDMARK", "BuiltFAR": 0.05, "ResidFAR": 0.0, "CommFAR": 0.0, "FacilFAR": 0.0, "BoroCode": 2, "BBL": 2032720001.0, "CondoNo": 0, "Tract2010": "0334", "XCoord": 1018075, "YCoord": 254201, "ZoneMap": "3c", "ZMCode": "Y", "Sanborn": "214 106", "TaxMap": "21202", "EDesigNum": null, "APPBBL": 0.0, "APPDate": null, "PLUTOMapID": "1", "FIRM07_FLA": "1", "PFIRM15_FL": "1", "Version": "25v4", "DCPEdited": "t", "Latitude": 40.8643328, "Longitude": -73.8777103, "Notes": null, "Shape_Leng": 0.0, "Shape_Area": 9108865.9660299998 }, "geometry": { "type": "MultiPolygon", "coordinates": [ [ [ [ -73.872598281562531, 40.871696046378339 ], [ -73.872642101206068, 40.87160934246117 ], [ -73.87268319463395, 40.871444085718139 ], [ -73.872727232768597, 40.871335447791232 ], [ -73.872857199596169, 40.871148912309486 ], [ -73.872947864884338, 40.871050003367081 ], [ -73.873053070033961, 40.870976011540378 ], [ -73.87303117518951, 40.871004999407148 ], [ -73.873004096574348, 40.871043405203366 ], [ -73.872946531826727, 40.871137298043116 ], [ -73.872927967912474, 40.871166515859997 ], [ -73.872904775544185, 40.871203018416274 ], [ -73.872883318416143, 40.871243993181743 ], [ -73.872846041424594, 40.871320825164958 ], [ -73.872827972610722, 40.871354117101383 ], [ -73.872799759368846, 40.871397647193604 ], [ -73.872755761036345, 40.871458240355494 ], [ -73.872718501089594, 40.87152482111572 ], [ -73.872713980248676, 40.871535920972583 ], [ -73.872702672939468, 40.871564948410182 ], [ -73.872693640099712, 40.87158074113399 ], [ -73.872662046466118, 40.871626400752476 ], [ -73.872625950851287, 40.871673339463257 ], [ -73.872587601679598, 40.871721981219736 ], [ -73.872578088983346, 40.871732922789647 ], [ -73.872598281562531, 40.871696046378339 ] ] ], [ [ [ -73.873111704715782, 40.870861910231071 ], [ -73.873075084316298, 40.87079389446712 ], [ -73.8728005438483, 40.870593994351708 ], [ -73.872764287096032, 40.870519100135397 ], [ -73.872719054111712, 40.870457208933743 ], [ -73.872678667839608, 40.870368864922519 ], [ -73.872607640889285, 40.870284212263947 ], [ -73.872547056996808, 40.87022050309821 ], [ -73.872336111338242, 40.870052119141803 ], [ -73.872280841047171, 40.869966097004664 ], [ -73.872239243050075, 40.869905686462438 ], [ -73.872236070204778, 40.869869688543453 ], [ -73.872239572765494, 40.869832297746719 ], [ -73.872270582116542, 40.869770558381816 ], [ -73.87232878584841, 40.869715101290602 ], [ -73.872372435328899, 40.869641795698378 ], [ -73.872383291253314, 40.869625352140993 ], [ -73.872391905118405, 40.869597848930411 ], [ -73.87238612455964, 40.869562008415429 ], [ -73.872328180709133, 40.869472428256657 ], [ -73.872058586014461, 40.869191260639255 ], [ -73.871832580647578, 40.868936310982726 ], [ -73.871823737682604, 40.868846330311683 ], [ -73.871826901979645, 40.868803568590181 ], [ -73.871845016959682, 40.868750516493186 ], [ -73.871882472243541, 40.868702253106569 ], [ -73.87195450853558, 40.868662428812598 ], [ -73.872066242192119, 40.868580264210756 ], [ -73.872182946393593, 40.868473172291438 ], [ -73.872320286140294, 40.868332368833492 ], [ -73.872392699602017, 40.868213113245723 ], [ -73.872491796883693, 40.868078147422509 ], [ -73.872530117557631, 40.867983994878394 ], [ -73.872543895123002, 40.867937064779817 ], [ -73.872553556749423, 40.867846776003717 ], [ -73.872580499168507, 40.867790972641778 ], [ -73.872629336883094, 40.867708275113984 ], [ -73.872658210510977, 40.867649920017818 ], [ -73.872720905949208, 40.867577960803459 ], [ -73.87281165483013, 40.8675011203349 ], [ -73.872944563895089, 40.86744311679314 ], [ -73.873122885644577, 40.867360524865461 ], [ -73.87340276971517, 40.867260039763451 ], [ -73.873850230844994, 40.867070686288763 ], [ -73.874041214143077, 40.866975616885547 ], [ -73.874222874283305, 40.866878257874163 ], [ -73.87427970566651, 40.866840773942968 ], [ -73.874277879674182, 40.866843321115027 ], [ -73.874267727407045, 40.866856975858617 ], [ -73.874241777295722, 40.866894530469935 ], [ -73.874225421758439, 40.866916719576658 ], [ -73.874215832411352, 40.866931228667227 ], [ -73.87420229130305, 40.866951713618455 ], [ -73.874189877498708, 40.866971346981792 ], [ -73.874185362987618, 40.866978173122796 ], [ -73.874178601924314, 40.866984997814264 ], [ -73.874163949642252, 40.866997795819721 ], [ -73.874143673194482, 40.867011439494831 ], [ -73.874115514412637, 40.867027637355378 ], [ -73.874083979835163, 40.86704383252512 ], [ -73.874083852020149, 40.867043881910867 ], [ -73.874035563263391, 40.8670625691868 ], [ -73.873992775975807, 40.867079605682697 ], [ -73.873963497496717, 40.867093239481008 ], [ -73.873921829395954, 40.867113692708585 ], [ -73.873865513761388, 40.867144379252949 ], [ -73.873819335077314, 40.867170806762495 ], [ -73.87372247519454, 40.867222803974357 ], [ -73.873690933941333, 40.867242414478973 ], [ -73.873623325999631, 40.867295295566748 ], [ -73.873590656830359, 40.867316613954934 ], [ -73.873475770993892, 40.867380547937181 ], [ -73.873441787052926, 40.867399654574832 ], [ -73.873436349511991, 40.867402711682459 ], [ -73.873400308376759, 40.867423169982715 ], [ -73.873382281567416, 40.867435109606909 ], [ -73.873372983362842, 40.867444280766222 ], [ -73.873363087130784, 40.867470960452472 ], [ -73.873352919406926, 40.867493158074303 ], [ -73.873338240822221, 40.867519619088625 ], [ -73.873313407192086, 40.867562299397768 ], [ -73.873306641398784, 40.867570834015567 ], [ -73.873297619830723, 40.86758107262294 ], [ -73.873278456237003, 40.86760069670887 ], [ -73.873260423951308, 40.867616050922486 ], [ -73.873216486074099, 40.867645898865057 ], [ -73.87319395944229, 40.867658685405061 ], [ -73.873186071702307, 40.867664654223013 ], [ -73.873179312926609, 40.867668918650182 ], [ -73.873173676601297, 40.867674892621729 ], [ -73.873149995322748, 40.867702198276547 ], [ -73.873115054512084, 40.867734615288263 ], [ -73.873091390285552, 40.86775423530527 ], [ -73.873040701495569, 40.867784073068179 ], [ -73.872977625661633, 40.867819879086831 ], [ -73.872958480170269, 40.867829252853042 ], [ -73.872950599710762, 40.867832659698891 ], [ -73.872942720086016, 40.867834360157211 ], [ -73.872928088074957, 40.867836906823207 ], [ -73.872915708024408, 40.867838599556265 ], [ -73.8728920785274, 40.867839428987125 ], [ -73.87287857275885, 40.867841122314495 ], [ -73.872860562757992, 40.867845374393269 ], [ -73.872852681501996, 40.867847926656836 ], [ -73.872844232270438, 40.867853469762039 ], [ -73.872838029159013, 40.867861790723616 ], [ -73.87283236748182, 40.867880359805348 ], [ -73.872828947434144, 40.867903418481042 ], [ -73.87282323209746, 40.867951243541029 ], [ -73.87282204797971, 40.867981137676004 ], [ -73.872821998962976, 40.868006760195414 ], [ -73.872824231996276, 40.868017013864375 ], [ -73.872827587114031, 40.868027267851623 ], [ -73.87283711605312, 40.868045214377439 ], [ -73.872843289762869, 40.86805290867337 ], [ -73.872850030233352, 40.868057613046908 ], [ -73.872859587644484, 40.868061254380763 ], [ -73.872880398333834, 40.868063198982533 ], [ -73.872914158993368, 40.868060674341926 ], [ -73.872952419837603, 40.8680564445866 ], [ -73.872977176867337, 40.868054764574481 ], [ -73.873008681190072, 40.868054799300147 ], [ -73.873036804790544, 40.868057393092208 ], [ -73.873068300961506, 40.868061697900593 ], [ -73.873076302661801, 40.86806319927102 ], [ -73.873132410307733, 40.868073727017567 ], [ -73.873188646020552, 40.868084892942846 ], [ -73.873225757092058, 40.868095181302138 ], [ -73.873284225568071, 40.86811489169331 ], [ -73.873313460689459, 40.868124319550823 ], [ -73.873321330572139, 40.868127744657897 ], [ -73.873329198825616, 40.868132024336013 ], [ -73.873352799131055, 40.868146570670078 ], [ -73.873360944974038, 40.868152132051769 ], [ -73.873366275375631, 40.868159824556365 ], [ -73.8733718702386, 40.868175630739771 ], [ -73.873377449647478, 40.868199552052019 ], [ -73.873378542828775, 40.868216636530029 ], [ -73.87337737155849, 40.868240550423536 ], [ -73.873373905713166, 40.868288378984708 ], [ -73.873368176618285, 40.868343036961981 ], [ -73.873370337370105, 40.868390016212238 ], [ -73.873368017172808, 40.868426742846928 ], [ -73.87335663257592, 40.868496768734701 ], [ -73.873348697974293, 40.868526654532261 ], [ -73.873345311304433, 40.868533485558608 ], [ -73.873336281475801, 40.868547994267175 ], [ -73.87333289207541, 40.868555678023291 ], [ -73.873306891109422, 40.868620564075123 ], [ -73.873293326588012, 40.868653005557618 ], [ -73.87327862492667, 40.868691425964514 ], [ -73.873274099186915, 40.868705940456167 ], [ -73.873265026980789, 40.868742657904292 ], [ -73.873255972146694, 40.868770836075782 ], [ -73.873248057121245, 40.868790471520086 ], [ -73.873218687729249, 40.868851937389856 ], [ -73.873191574254847, 40.868909134623067 ], [ -73.873165609393396, 40.868954374688613 ], [ -73.873136243531448, 40.869013276818606 ], [ -73.873108003353309, 40.86907218009776 ], [ -73.873087654039807, 40.869121699112092 ], [ -73.873066197167944, 40.869163528501041 ], [ -73.87305941582224, 40.869178894236533 ], [ -73.873039041137943, 40.869242931846088 ], [ -73.873022060250591, 40.869297578320307 ], [ -73.873008480768675, 40.869337707230081 ], [ -73.873005078657457, 40.869351369379892 ], [ -73.873003931286064, 40.869363326623365 ], [ -73.873002715801576, 40.869410302987291 ], [ -73.873000315416675, 40.869488879947163 ], [ -73.872998941231543, 40.869619560336275 ], [ -73.873000003758094, 40.86965201789944 ], [ -73.873007691062369, 40.869751105615947 ], [ -73.873009753701865, 40.869849335236069 ], [ -73.873011941986761, 40.869881794038442 ], [ -73.873014146587266, 40.86990571172538 ], [ -73.873016371979489, 40.869919380912087 ], [ -73.873029791018894, 40.869962103290391 ], [ -73.87304201813545, 40.870040695441787 ], [ -73.873054219599339, 40.870132100641896 ], [ -73.873065333755491, 40.87020471490117 ], [ -73.873080921117563, 40.870291000066288 ], [ -73.873088735805112, 40.870323465061723 ], [ -73.87309992371199, 40.870356788345724 ], [ -73.873115607868925, 40.870391825726934 ], [ -73.873122338377883, 40.870403789803696 ], [ -73.873148145738284, 40.870441401125348 ], [ -73.873162713542158, 40.870472167163165 ], [ -73.873181748855416, 40.87052087403471 ], [ -73.873200772377231, 40.870576412874541 ], [ -73.873213068749379, 40.870618279501656 ], [ -73.873220863995073, 40.870660992905215 ], [ -73.873224172068234, 40.870696016650989 ], [ -73.873224095507993, 40.870736162272934 ], [ -73.873221817507371, 40.870750678394003 ], [ -73.873218416997645, 40.870763485891693 ], [ -73.873208245991989, 40.87078653713737 ], [ -73.873193575451467, 40.870809582594219 ], [ -73.873168757213406, 40.870842867159041 ], [ -73.873145079806861, 40.87086760908106 ], [ -73.873119021804484, 40.870894656017981 ], [ -73.873111704715782, 40.870861910231071 ] ] ], [ [ [ -73.874927708775104, 40.866464798111572 ], [ -73.874995871017532, 40.86643025811297 ], [ -73.87510391047276, 40.866342436892758 ], [ -73.875183557236795, 40.866243360155295 ], [ -73.875265520710087, 40.866087190202201 ], [ -73.875276791044698, 40.866055103966104 ], [ -73.875306640912882, 40.866028740435802 ], [ -73.875320169175964, 40.866014235598719 ], [ -73.875330494468159, 40.86600121265527 ], [ -73.875333702128671, 40.865997166960319 ], [ -73.875351760610826, 40.865967292886552 ], [ -73.87536079484552, 40.865949365806749 ], [ -73.875368718324808, 40.865924177703015 ], [ -73.875369853590712, 40.865917772846672 ], [ -73.875368749549878, 40.865907521364711 ], [ -73.875366517792017, 40.865896415845519 ], [ -73.875360918148374, 40.865883596699426 ], [ -73.875358679206855, 40.86587761593929 ], [ -73.875354190118088, 40.86587163274617 ], [ -73.875331176444561, 40.865844274276007 ], [ -73.875327254401014, 40.865835728893032 ], [ -73.87531718540653, 40.865805825221436 ], [ -73.875312737868626, 40.865777633268266 ], [ -73.875310587048432, 40.865724673030741 ], [ -73.875312907671002, 40.865687096199757 ], [ -73.875309576706954, 40.865663176483956 ], [ -73.875303995605663, 40.865639254247704 ], [ -73.875295035098532, 40.865617890320905 ], [ -73.875286068186682, 40.865599944597577 ], [ -73.875265871808168, 40.865570028201375 ], [ -73.875232220614379, 40.865516180200601 ], [ -73.875196334161572, 40.865453788543398 ], [ -73.875179512068087, 40.86542473128133 ], [ -73.875153722643276, 40.865378581099165 ], [ -73.875131297829171, 40.865338411974669 ], [ -73.87509201982958, 40.865284558668684 ], [ -73.875060601778742, 40.865239256016068 ], [ -73.875047147574037, 40.865214470654095 ], [ -73.875021339448054, 40.865177716135534 ], [ -73.87500227541139, 40.865144383542578 ], [ -73.874985463122513, 40.865110198899401 ], [ -73.874977624027991, 40.865090547066536 ], [ -73.874966415074525, 40.865068326013322 ], [ -73.874960804836064, 40.865060632438365 ], [ -73.874955191776181, 40.865053795274008 ], [ -73.874917016755589, 40.865012752596876 ], [ -73.874884447680344, 40.864981114468968 ], [ -73.874878840165167, 40.864972568159146 ], [ -73.874867620515744, 40.864955473609761 ], [ -73.874818263358932, 40.864876839490059 ], [ -73.874801444795281, 40.864846073024438 ], [ -73.874784616094118, 40.864821283126815 ], [ -73.874748701577587, 40.864774268107155 ], [ -73.87473074886023, 40.864748623325625 ], [ -73.874717287220875, 40.864727257132905 ], [ -73.874713923931282, 40.864721274216286 ], [ -73.874706641962845, 40.864705037585871 ], [ -73.874682525328538, 40.864666574758147 ], [ -73.874676917163228, 40.864657173862085 ], [ -73.874655606563735, 40.864622130537185 ], [ -73.874634307655938, 40.864580255227416 ], [ -73.874616386853376, 40.864538382669501 ], [ -73.874596209526345, 40.864499924109275 ], [ -73.874587249798765, 40.864477706384797 ], [ -73.874580543399219, 40.86445378388715 ], [ -73.874578882910072, 40.864439263436125 ], [ -73.874564902675331, 40.864394832355543 ], [ -73.874533589380178, 40.864295718924154 ], [ -73.874520160141813, 40.864257268617045 ], [ -73.874508961265136, 40.864229922840714 ], [ -73.874497757049809, 40.864205994519473 ], [ -73.874484295596929, 40.864184627376183 ], [ -73.874475313372528, 40.864174368221164 ], [ -73.874466332362829, 40.864164108145367 ], [ -73.874434880992666, 40.864137595789217 ], [ -73.8744225226379, 40.864128187440819 ], [ -73.874388814757694, 40.864105089151977 ], [ -73.874378703277017, 40.864097391477522 ], [ -73.874371966326976, 40.864089696644044 ], [ -73.87435625716833, 40.864068325278112 ], [ -73.874333837015342, 40.864025595031819 ], [ -73.874322617664106, 40.864008501345388 ], [ -73.874301302505302, 40.863976019828819 ], [ -73.874286707440362, 40.863958921619577 ], [ -73.874266635984952, 40.863940656416034 ], [ -73.874240659177815, 40.863917017385241 ], [ -73.874208093276422, 40.863885379063007 ], [ -73.874189007790136, 40.863863152090957 ], [ -73.874154217730549, 40.863817843656804 ], [ -73.874120554281703, 40.863770829133401 ], [ -73.874101485732027, 40.863740913754967 ], [ -73.874091384448221, 40.863727237725378 ], [ -73.874059974288613, 40.863678518337871 ], [ -73.87405760700652, 40.863674306542947 ], [ -73.874057451883687, 40.863673940282176 ], [ -73.874043024682209, 40.863643048064411 ], [ -73.874036455515721, 40.863622973650479 ], [ -73.874031998261117, 40.863599052657214 ], [ -73.87402647888338, 40.863543528565714 ], [ -73.874023135026349, 40.863527296276644 ], [ -73.874020896286424, 40.863521314485553 ], [ -73.874018656448484, 40.86351533193934 ], [ -73.873991746168826, 40.863467471021721 ], [ -73.873963719598095, 40.863415338849862 ], [ -73.873954753342673, 40.863397392096111 ], [ -73.873943561731053, 40.863365775320553 ], [ -73.873939096711936, 40.863347835331439 ], [ -73.873936885518106, 40.863327334083216 ], [ -73.873936921148996, 40.86330854268634 ], [ -73.873939206838486, 40.863289754587541 ], [ -73.873942617060678, 40.863270967804034 ], [ -73.873948273997982, 40.863253889781298 ], [ -73.873953932140623, 40.86323681276339 ], [ -73.873961837096502, 40.863221448188824 ], [ -73.87397198927934, 40.863206938889505 ], [ -73.873982141049879, 40.863193284164225 ], [ -73.874021603555576, 40.863148057709687 ], [ -73.874048661779554, 40.863119047318868 ], [ -73.874057683441904, 40.863107098659434 ], [ -73.874073482356167, 40.863081493333716 ], [ -73.874080252041381, 40.86307125043934 ], [ -73.874087018379058, 40.863062715769097 ], [ -73.874094907516792, 40.863055037820864 ], [ -73.874105047512217, 40.863048215903213 ], [ -73.874144489235732, 40.863013238002225 ], [ -73.874200822247502, 40.862971449130093 ], [ -73.874219976268122, 40.862956094142447 ], [ -73.874233503631544, 40.862942442158172 ], [ -73.87424703179488, 40.862927081944932 ], [ -73.874260568835567, 40.862908307039646 ], [ -73.874294430695116, 40.862850263120471 ], [ -73.874298948551697, 40.862840872331503 ], [ -73.87430799233222, 40.862817821484867 ], [ -73.874313637428145, 40.862807577349542 ], [ -73.874328299353365, 40.862787950007665 ], [ -73.874365510826124, 40.862743575635271 ], [ -73.874381299969869, 40.862723091344868 ], [ -73.874388077528593, 40.862708579164753 ], [ -73.874391466108079, 40.862701748103099 ], [ -73.874392604643276, 40.862694917348598 ], [ -73.874397179352528, 40.862654777492516 ], [ -73.874399458437026, 40.862639405833264 ], [ -73.874403985945378, 40.862624890364131 ], [ -73.874409637460474, 40.862611231529215 ], [ -73.874433353912835, 40.862563425966059 ], [ -73.874464956139263, 40.862509647886654 ], [ -73.87448300801087, 40.862482337647492 ], [ -73.874497687045704, 40.862454165476983 ], [ -73.874506729202011, 40.862431969185742 ], [ -73.874521403378751, 40.862406359893043 ], [ -73.874526396757119, 40.862398492117343 ], [ -73.874534945070423, 40.86238502307522 ], [ -73.874545094288109, 40.862371367374465 ], [ -73.87458342455821, 40.86233041144142 ], [ -73.874613863483006, 40.862297132725608 ], [ -73.874622890975303, 40.862282621222811 ], [ -73.874644340916745, 40.862243355128363 ], [ -73.874663523208667, 40.862213480609256 ], [ -73.874697356882834, 40.862169957863024 ], [ -73.874708642920751, 40.862150324121522 ], [ -73.87472106371635, 40.862126420497802 ], [ -73.874736118514718, 40.862097681496643 ], [ -73.874747580221154, 40.862085451746154 ], [ -73.874760558474065, 40.86206411253049 ], [ -73.874774118115511, 40.862032524487965 ], [ -73.874778629806741, 40.862025697312646 ], [ -73.874784268328526, 40.862018870524153 ], [ -73.874793288914475, 40.862008630952531 ], [ -73.874801176744185, 40.862000951949526 ], [ -73.874819202217239, 40.861988160277988 ], [ -73.874830463561977, 40.861982191410334 ], [ -73.874838347264216, 40.861977930782487 ], [ -73.874861989231462, 40.861969414397947 ], [ -73.874894638617576, 40.861956353068912 ], [ -73.874905890979363, 40.861955796155534 ], [ -73.874916246001916, 40.861950517065736 ], [ -73.874923087171737, 40.861934889248573 ], [ -73.874940861732583, 40.861905439897662 ], [ -73.874947640689712, 40.861890074030022 ], [ -73.874954681766454, 40.861877826911808 ], [ -73.874958928921387, 40.861870439345473 ], [ -73.874973593158032, 40.861849957346841 ], [ -73.874991636726492, 40.861826915372482 ], [ -73.875016441052836, 40.861798755037313 ], [ -73.875024328833433, 40.86179107610252 ], [ -73.875034471640973, 40.861782545958825 ], [ -73.875082912976978, 40.861748432903077 ], [ -73.875094177962055, 40.861739905727156 ], [ -73.875103194041586, 40.861731373435781 ], [ -73.875118977400362, 40.861714307332178 ], [ -73.87512518016392, 40.861705772825957 ], [ -73.875137043341923, 40.861679305830918 ], [ -73.875140433784665, 40.861670769279769 ], [ -73.875147202657061, 40.861661381730237 ], [ -73.875155094322636, 40.861652849136298 ], [ -73.875182142996636, 40.861626400346658 ], [ -73.875206934340568, 40.861605073792717 ], [ -73.875219330809273, 40.861593983269294 ], [ -73.875228342155523, 40.861588013767104 ], [ -73.875242985412669, 40.861578634822948 ], [ -73.875272273521219, 40.861559019597522 ], [ -73.875303818911647, 40.861534283875592 ], [ -73.87532860067958, 40.861518083813522 ], [ -73.875346625923683, 40.861505289298222 ], [ -73.875408579699467, 40.86146435780595 ], [ -73.875436745407953, 40.861443036692577 ], [ -73.875461534288405, 40.861421710080705 ], [ -73.875488585061447, 40.861395261304366 ], [ -73.875500985027855, 40.86138160878609 ], [ -73.875516768310078, 40.861364542628372 ], [ -73.875535364848631, 40.861346199861877 ], [ -73.87555282910516, 40.861332125144664 ], [ -73.875573110643231, 40.861315918328444 ], [ -73.875590017784333, 40.861299707948632 ], [ -73.875602419312571, 40.861285200930347 ], [ -73.875614822541209, 40.861269840174415 ], [ -73.875624980456408, 40.861251914272636 ], [ -73.87563457738429, 40.861233986760517 ], [ -73.875644179100277, 40.861213497453456 ], [ -73.875650965814089, 40.861193859596646 ], [ -73.875665695674513, 40.861137502923405 ], [ -73.875675928235154, 40.86108028765544 ], [ -73.875687329880734, 40.860999157515316 ], [ -73.875689630967258, 40.860971828244686 ], [ -73.875693062439794, 40.860941936468869 ], [ -73.875696457564956, 40.860930837100867 ], [ -73.875702670975457, 40.860917177886314 ], [ -73.875719586354435, 40.860895840966201 ], [ -73.875731444359545, 40.86087193762431 ], [ -73.875741157922903, 40.86084792296149 ], [ -73.875743876104877, 40.860841202819579 ], [ -73.875755170798072, 40.860817298785022 ], [ -73.875765340189872, 40.860793822203867 ], [ -73.875789044154615, 40.8607524215033 ], [ -73.875840934052675, 40.86067731517096 ], [ -73.875863497679944, 40.860643172971422 ], [ -73.875880414146181, 40.860621838705725 ], [ -73.875892815482899, 40.860607331654414 ], [ -73.875906337735131, 40.860595387693685 ], [ -73.875919855091141, 40.860586005609399 ], [ -73.875949131513792, 40.8605723721356 ], [ -73.875969403543962, 40.860560435434877 ], [ -73.875998683132821, 40.860545092802887 ], [ -73.876027966162695, 40.860527187446188 ], [ -73.876059500467065, 40.860509285341493 ], [ -73.876068509887617, 40.860504170345138 ], [ -73.87608090282184, 40.860494787952376 ], [ -73.876111323028269, 40.860470050795435 ], [ -73.876134986574797, 40.86044957656506 ], [ -73.876142877593111, 40.860441896635585 ], [ -73.876149643755895, 40.860431868782655 ], [ -73.876153040008191, 40.860421409642683 ], [ -73.876154205372259, 40.860400057481897 ], [ -73.876154256282845, 40.860372725780373 ], [ -73.87615653010738, 40.860359916963517 ], [ -73.876158794390847, 40.860352230983054 ], [ -73.876166698874044, 40.86033601167523 ], [ -73.876171213113878, 40.860328329034203 ], [ -73.876177976214379, 40.860320646969832 ], [ -73.876201645558908, 40.860297610846786 ], [ -73.876237705441383, 40.860265193142638 ], [ -73.876263630682402, 40.860239598382869 ], [ -73.876288420439039, 40.860217416095708 ], [ -73.876309827793889, 40.860199503129586 ], [ -73.876328978184063, 40.860186711422614 ], [ -73.876352643036498, 40.860165384412397 ], [ -73.876392060845561, 40.860142365066686 ], [ -73.876422475638392, 40.860121043443634 ], [ -73.876449515978962, 40.860099718110021 ], [ -73.876482188618269, 40.860074128779793 ], [ -73.876492890053058, 40.860066027687559 ], [ -73.876501345920644, 40.860056214201776 ], [ -73.876511499861763, 40.860040851855402 ], [ -73.876527293673675, 40.860017804462665 ], [ -73.876548712002034, 40.859993912115343 ], [ -73.876566749276606, 40.859974288098293 ], [ -73.876579156801881, 40.859956361757405 ], [ -73.876587048450574, 40.859946976328786 ], [ -73.876590437455633, 40.859939719293443 ], [ -73.876592700875719, 40.8599324628074 ], [ -73.876594988872512, 40.859911965582519 ], [ -73.876598389764609, 40.859898302467222 ], [ -73.876600653979565, 40.859890616478765 ], [ -73.876608559513642, 40.859874397140615 ], [ -73.876620983579329, 40.859848786916828 ], [ -73.87662906862812, 40.85982382332999 ], [ -73.876633427884485, 40.859810363610876 ], [ -73.876639088212315, 40.85979157998122 ], [ -73.876644753665161, 40.859769378140797 ], [ -73.876647027377985, 40.859756567472715 ], [ -73.876648189399148, 40.859736924451489 ], [ -73.876648211581852, 40.85972496770362 ], [ -73.876647119287028, 40.859707027821344 ], [ -73.876642659024526, 40.859685669713407 ], [ -73.876637077569924, 40.85966260301182 ], [ -73.876633724242765, 40.859650641813012 ], [ -73.876624776794728, 40.8596224458961 ], [ -73.876614710119071, 40.859590832321352 ], [ -73.876576635507178, 40.85949683680812 ], [ -73.876563191302907, 40.859466926082568 ], [ -73.876548621645185, 40.85943701682708 ], [ -73.876530674917746, 40.85940795668364 ], [ -73.876511606533228, 40.859378041680387 ], [ -73.876497017506097, 40.859359235429871 ], [ -73.876481301710953, 40.859340425376736 ], [ -73.876463334777043, 40.859321617256626 ], [ -73.87644424263857, 40.859304514484904 ], [ -73.876442952950072, 40.859303532536238 ], [ -73.876413610081883, 40.859180347049552 ], [ -73.876381631280992, 40.859058181622352 ], [ -73.876367649954673, 40.859017498548937 ], [ -73.876350440064797, 40.85898622304407 ], [ -73.876355995546248, 40.858967890401871 ], [ -73.876374100165648, 40.858910683498927 ], [ -73.876388791902642, 40.858874823588629 ], [ -73.876397821718456, 40.858858604632019 ], [ -73.876421514759699, 40.858821905237228 ], [ -73.876431670122258, 40.858805686563755 ], [ -73.876435283031554, 40.858798641762384 ], [ -73.876474575230773, 40.858722027295244 ], [ -73.876516354675857, 40.858638366719376 ], [ -73.876536671635947, 40.858602513821623 ], [ -73.87656262381681, 40.858560690286069 ], [ -73.8766178973097, 40.858480460672496 ], [ -73.87666527689953, 40.858409617385981 ], [ -73.876672051938201, 40.8583959578784 ], [ -73.876678830138999, 40.858380591062996 ], [ -73.876691287907903, 40.858335335670944 ], [ -73.87669582412822, 40.858315694498081 ], [ -73.876701538166174, 40.858267869165864 ], [ -73.876707207846195, 40.858243959926448 ], [ -73.876719641928403, 40.85821151493581 ], [ -73.876734317483255, 40.858184199792305 ], [ -73.876772677717724, 40.858124450847953 ], [ -73.876813292515038, 40.858062141411459 ], [ -73.876836989681607, 40.858022878288864 ], [ -73.876851667210673, 40.857993853060606 ], [ -73.876875413363422, 40.857928110948983 ], [ -73.876898031977532, 40.857864074016526 ], [ -73.876911623064231, 40.857814547935767 ], [ -73.876926341143047, 40.857764169402131 ], [ -73.876952318521731, 40.857707825382022 ], [ -73.876970391042789, 40.85766940803682 ], [ -73.87699071973347, 40.857625016507157 ], [ -73.876999763086431, 40.857601963672764 ], [ -73.87700883049996, 40.857565244935955 ], [ -73.877019031707178, 40.857523403637899 ], [ -73.87703939191357, 40.857464489874666 ], [ -73.877056361736706, 40.857412405493626 ], [ -73.877068812017669, 40.857372274820044 ], [ -73.877073347213809, 40.857351780810767 ], [ -73.877081323385326, 40.857297124859784 ], [ -73.877103955905568, 40.85722540048031 ], [ -73.877126665972554, 40.857110970249664 ], [ -73.877139146141815, 40.857054610864864 ], [ -73.877151606982395, 40.857006792695046 ], [ -73.877151624340328, 40.856997397821139 ], [ -73.877151641698106, 40.856988003032306 ], [ -73.877142710170446, 40.856951265086643 ], [ -73.877141601636978, 40.856942721831913 ], [ -73.877141614262442, 40.856935888922848 ], [ -73.877145097319072, 40.856876958055587 ], [ -73.877152010973347, 40.856788134508619 ], [ -73.877151337037034, 40.856745164582115 ], [ -73.877151006226583, 40.856724074161271 ], [ -73.877152167202894, 40.856703575628394 ], [ -73.877157863413828, 40.856665145969352 ], [ -73.877166945629639, 40.856620954065548 ], [ -73.87718395024325, 40.856549864740579 ], [ -73.877190765520126, 40.856514854573525 ], [ -73.877195334707196, 40.85647727644492 ], [ -73.877196512653683, 40.856448235854202 ], [ -73.87719319372512, 40.856418339576273 ], [ -73.877171974631111, 40.856333757065009 ], [ -73.877157496548037, 40.856255160084906 ], [ -73.877151986215338, 40.856193657733812 ], [ -73.877144174731427, 40.856158628288846 ], [ -73.877131858037643, 40.856127866915315 ], [ -73.877104962349364, 40.856073173836442 ], [ -73.877094875932741, 40.856051811488008 ], [ -73.877087049808409, 40.856025323176517 ], [ -73.877077037143451, 40.855964669670669 ], [ -73.877072564364752, 40.855950142719145 ], [ -73.877066962543452, 40.855938180882141 ], [ -73.877025488789272, 40.855857848595882 ], [ -73.877005323030559, 40.855812555727667 ], [ -73.876995261012482, 40.855779234775497 ], [ -73.876988576747323, 40.855743352948195 ], [ -73.876985226347571, 40.855730538015472 ], [ -73.87698395901819, 40.855726792759384 ], [ -73.876959493649679, 40.855654490870478 ], [ -73.87695166141043, 40.855631421847391 ], [ -73.876940457765102, 40.855607493642026 ], [ -73.876920267209442, 40.85557501468125 ], [ -73.876917012037239, 40.855570468608853 ], [ -73.876948164993877, 40.855571234656828 ], [ -73.87698222595634, 40.855574099456895 ], [ -73.877031933905002, 40.855581882356432 ], [ -73.877094211858164, 40.855598131623807 ], [ -73.877137172049416, 40.855615289541227 ], [ -73.877159042143887, 40.855625269610393 ], [ -73.877218922212336, 40.855658201434139 ], [ -73.8772696328693, 40.855698478665083 ], [ -73.877300705831317, 40.855731224900808 ], [ -73.87732126088703, 40.855727570987099 ], [ -73.877341101197516, 40.8557250472942 ], [ -73.877374521455863, 40.855722942375998 ], [ -73.877404308002426, 40.855723293821718 ], [ -73.877423365527861, 40.855724620684953 ], [ -73.877455386501708, 40.855728834851611 ], [ -73.877494040992275, 40.855737418958739 ], [ -73.877523056924545, 40.855746627608518 ], [ -73.877552473226274, 40.855758730019438 ], [ -73.877581924944337, 40.85577416426014 ], [ -73.877612375504981, 40.855794552244241 ], [ -73.877627342851781, 40.855806723864838 ], [ -73.877645567911927, 40.855824133563921 ], [ -73.877680662529983, 40.855819578293151 ], [ -73.87770202601466, 40.855817474030289 ], [ -73.877720906096087, 40.855816029874987 ], [ -73.877740438900048, 40.855814943045075 ], [ -73.877756003645686, 40.855814370603753 ], [ -73.877770328551222, 40.855814074257609 ], [ -73.877787836307419, 40.85581400992605 ], [ -73.877815957283033, 40.855814595416433 ], [ -73.877841291285861, 40.855815851399321 ], [ -73.877871640967413, 40.855818270784162 ], [ -73.877897828178831, 40.855821172058953 ], [ -73.877922387277778, 40.855824587525859 ], [ -73.877951523852474, 40.855829530596424 ], [ -73.877988084956414, 40.855839519796724 ], [ -73.878026418225829, 40.855849998843986 ], [ -73.87807614219534, 40.855868030779305 ], [ -73.878114569412304, 40.855887443745857 ], [ -73.878199863730899, 40.855934476631795 ], [ -73.878295558807736, 40.855984425498804 ], [ -73.878378004194474, 40.856033671366454 ], [ -73.878468537898371, 40.856079837021809 ], [ -73.878578605619907, 40.856139930482279 ], [ -73.878658358468101, 40.856186377263263 ], [ -73.878785218397255, 40.856265707416291 ], [ -73.880214702286949, 40.857130943900685 ], [ -73.880333340507846, 40.857211177676334 ], [ -73.880422845066406, 40.85728516063665 ], [ -73.880502213749992, 40.857364020783187 ], [ -73.88057341721975, 40.85744995304367 ], [ -73.880635847930108, 40.857543741942258 ], [ -73.88067169660377, 40.857604502029886 ], [ -73.880706689674767, 40.857674824429999 ], [ -73.880723620924726, 40.857714719380347 ], [ -73.880756377458709, 40.857811396003946 ], [ -73.880765865712135, 40.857842392647996 ], [ -73.88078109488643, 40.857899619438733 ], [ -73.880791080313898, 40.857945737682087 ], [ -73.880804956434574, 40.858042556796754 ], [ -73.880808647925079, 40.858175917346664 ], [ -73.880803627962607, 40.85827019551224 ], [ -73.880795895825315, 40.85836436830332 ], [ -73.880406112134693, 40.860391227971945 ], [ -73.880389745861223, 40.860529526616645 ], [ -73.8803921819039, 40.860652911010227 ], [ -73.880398392313353, 40.860707565655865 ], [ -73.880412301517609, 40.860783360173293 ], [ -73.880436020900362, 40.86087025434923 ], [ -73.880471447360975, 40.860964252086546 ], [ -73.880505257263678, 40.861035099157242 ], [ -73.880564956308746, 40.861136796980936 ], [ -73.880633580132482, 40.861231569289679 ], [ -73.880703210338268, 40.861312200327106 ], [ -73.880757944920234, 40.861367634604939 ], [ -73.880816109473912, 40.861420517631181 ], [ -73.880990616124322, 40.861564338273965 ], [ -73.881156341538741, 40.861689673292588 ], [ -73.881266467877097, 40.861768051324496 ], [ -73.88138251919392, 40.861847659111369 ], [ -73.881607953279058, 40.861994113778977 ], [ -73.881699095546409, 40.862052742126195 ], [ -73.881782201777455, 40.862106199571556 ], [ -73.881886959318081, 40.862173584585847 ], [ -73.881982134929245, 40.862238787738164 ], [ -73.882016475802274, 40.862264426602735 ], [ -73.882071769835079, 40.862308369615036 ], [ -73.882138140508616, 40.862366636361827 ], [ -73.882199784340017, 40.862427824788739 ], [ -73.883672069723815, 40.864202032866508 ], [ -73.883743084929392, 40.864308512052745 ], [ -73.883792292787177, 40.864405034135366 ], [ -73.883849480868818, 40.864569634108229 ], [ -73.883870960386758, 40.864724664640299 ], [ -73.883866489332405, 40.864822714716325 ], [ -73.883857414433706, 40.864909476005479 ], [ -73.883832067481563, 40.865009317664516 ], [ -73.883802115026555, 40.865093988593422 ], [ -73.883735940520552, 40.86522570434969 ], [ -73.883675706923739, 40.865315566576108 ], [ -73.883568392959319, 40.865438783204873 ], [ -73.883459238293611, 40.865535967369709 ], [ -73.883355210975026, 40.865610909084822 ], [ -73.881915508842766, 40.866422871715564 ], [ -73.881533375935106, 40.866618627177218 ], [ -73.881344481996052, 40.866702033541983 ], [ -73.881200576068395, 40.866760206420501 ], [ -73.880941678553938, 40.866858279164823 ], [ -73.880435491459721, 40.867057114794498 ], [ -73.880073836619985, 40.867176267400119 ], [ -73.880177973429085, 40.867411214888818 ], [ -73.880888409547723, 40.867226901479746 ], [ -73.880945698207171, 40.86721348394294 ], [ -73.880995257094582, 40.86720432314646 ], [ -73.881046407801634, 40.867197146768511 ], [ -73.881128971784847, 40.867190273920798 ], [ -73.881225914683171, 40.867189448217935 ], [ -73.881278632519596, 40.867195479968281 ], [ -73.881317184953616, 40.867201412524956 ], [ -73.881348005080739, 40.867209099375927 ], [ -73.881379081002905, 40.867219684170621 ], [ -73.881413214502629, 40.867234511675896 ], [ -73.881458107404157, 40.867260280420055 ], [ -73.88149414909762, 40.867287955410831 ], [ -73.881524712568265, 40.86731923571682 ], [ -73.881215449907501, 40.867483687387043 ], [ -73.881192788332228, 40.867495919687968 ], [ -73.881179538019111, 40.867477605344696 ], [ -73.879267913928516, 40.868509366604791 ], [ -73.876719303871369, 40.869884828036433 ], [ -73.876636694174778, 40.869933464277509 ], [ -73.876464388621244, 40.870034651571117 ], [ -73.876364387609485, 40.870095731768494 ], [ -73.876261124872414, 40.87016853188581 ], [ -73.876171060887373, 40.870235817929583 ], [ -73.876094370313851, 40.870298108049703 ], [ -73.875987823399086, 40.870389380573748 ], [ -73.875979860857058, 40.870396654323869 ], [ -73.875948709026162, 40.87042511234079 ], [ -73.875802940800796, 40.870558268423018 ], [ -73.875708755705162, 40.870654868845591 ], [ -73.875610089836655, 40.870762912205812 ], [ -73.875551579545217, 40.870831743782198 ], [ -73.875488264597237, 40.870910133324713 ], [ -73.874418823127641, 40.872363741595812 ], [ -73.872542249695698, 40.872006222422009 ], [ -73.872591694214066, 40.871935519949453 ], [ -73.872616509195879, 40.871903091005265 ], [ -73.872650344347733, 40.871862129973181 ], [ -73.872686422051643, 40.871824587860978 ], [ -73.872705596428247, 40.871800692958885 ], [ -73.872756346078717, 40.871740104513506 ], [ -73.872845448367855, 40.871630875225847 ], [ -73.872863492373924, 40.871608687191269 ], [ -73.872922145188184, 40.871533587008891 ], [ -73.872951485703609, 40.871489205396713 ], [ -73.872987611990496, 40.871426040685421 ], [ -73.873020368213446, 40.871360307607226 ], [ -73.873088176338712, 40.871204928782653 ], [ -73.873107379316039, 40.871166516135425 ], [ -73.873126573026823, 40.871132369899868 ], [ -73.873152528986751, 40.871092254612634 ], [ -73.87317396035138, 40.871064092845067 ], [ -73.873221322314166, 40.871010335206449 ], [ -73.87326529876016, 40.870960844013915 ], [ -73.873284471050766, 40.870937803499174 ], [ -73.873309293048621, 40.87090195527783 ], [ -73.873331854824599, 40.870871231922855 ], [ -73.873343146679929, 40.870850745535058 ], [ -73.873351058092865, 40.870831963740251 ], [ -73.873358977111678, 40.870809764496364 ], [ -73.873365778498169, 40.870783293917746 ], [ -73.873369208682035, 40.870754256917493 ], [ -73.873371533834955, 40.870714971017463 ], [ -73.873371585899264, 40.870687638447826 ], [ -73.873366004659289, 40.870664569876986 ], [ -73.87335146165276, 40.870620138080888 ], [ -73.873340272359954, 40.870586815741561 ], [ -73.873322363773866, 40.870538110135548 ], [ -73.873288734843371, 40.870471451239119 ], [ -73.873262956284862, 40.870419320431296 ], [ -73.873260718487842, 40.870413336960084 ], [ -73.87325847726737, 40.870407356999138 ], [ -73.873255136511261, 40.870389415565263 ], [ -73.873249596045412, 40.870344995412388 ], [ -73.873240721085878, 40.870277509235585 ], [ -73.873237407720453, 40.870245902855231 ], [ -73.873235315409062, 40.870163049931143 ], [ -73.87323242013305, 40.870132100897635 ], [ -73.873229801456347, 40.870104108582943 ], [ -73.873215309158368, 40.870033200520126 ], [ -73.873203104545496, 40.869942646392467 ], [ -73.87319086054768, 40.869873449025917 ], [ -73.873182001588077, 40.869798275292304 ], [ -73.873173148746304, 40.869720541523314 ], [ -73.873169881485779, 40.869664164437125 ], [ -73.87316564656048, 40.86952493489936 ], [ -73.873163521658853, 40.869459165198904 ], [ -73.873157989902779, 40.869409618607165 ], [ -73.873158027387802, 40.869389972575895 ], [ -73.873162598100279, 40.869353252863107 ], [ -73.873178571572112, 40.86923710624793 ], [ -73.873186506751438, 40.869206365891849 ], [ -73.8732045968096, 40.869160264426625 ], [ -73.873221304171537, 40.869121699334237 ], [ -73.873245280736313, 40.869066354698063 ], [ -73.873314190262619, 40.868922935399418 ], [ -73.873369536904718, 40.868810250242127 ], [ -73.873409062928118, 40.868734274182195 ], [ -73.87342486180242, 40.868709523541632 ], [ -73.873465465483918, 40.868657464827521 ], [ -73.873481263906356, 40.868633567832958 ], [ -73.873506108106042, 40.868584907333037 ], [ -73.873519650968291, 40.868564425231163 ], [ -73.873538821267616, 40.868541384662699 ], [ -73.873548964304348, 40.868532854659129 ], [ -73.873557979471698, 40.868526028883309 ], [ -73.873579380487357, 40.868513242879168 ], [ -73.873595149607084, 40.868504717286392 ], [ -73.873613168267013, 40.868495341259553 ], [ -73.873626679428753, 40.868490233236649 ], [ -73.873651447968697, 40.868482572916868 ], [ -73.873672835559802, 40.868477472522592 ], [ -73.873708852442149, 40.868470676418944 ], [ -73.87372138022161, 40.868468366611992 ], [ -73.873759501314439, 40.868461337968803 ], [ -73.873775261875423, 40.86845793970069 ], [ -73.873802281031317, 40.86844942724067 ], [ -73.873859696384898, 40.868432405997297 ], [ -73.873895722936311, 40.868420488677693 ], [ -73.873934002952652, 40.868406863828078 ], [ -73.873954274084994, 40.868397491132328 ], [ -73.8739779237129, 40.868385558490658 ], [ -73.87405339220355, 40.868342079749503 ], [ -73.874119857354188, 40.868298592964592 ], [ -73.874199878235075, 40.868226932808497 ], [ -73.874261868573896, 40.868169772391909 ], [ -73.874310333124654, 40.868125411278214 ], [ -73.874328373274736, 40.868105784041205 ], [ -73.874347552442643, 40.868078474158679 ], [ -73.874358318680891, 40.86806320136882 ], [ -73.874374626650024, 40.868040067103472 ], [ -73.874409605041279, 40.867988858249646 ], [ -73.874419757852863, 40.867974349759756 ], [ -73.874428792211191, 40.867957276413669 ], [ -73.874436704074739, 40.867938493614332 ], [ -73.874438968811845, 40.867930809437105 ], [ -73.874440106217989, 40.867923978687209 ], [ -73.874444682473836, 40.867883837948071 ], [ -73.874448107202042, 40.867857361856451 ], [ -73.874449290984828, 40.867826614971115 ], [ -73.874448207207863, 40.867804408591226 ], [ -73.874447098837962, 40.867795865327125 ], [ -73.874443735819412, 40.867789027832934 ], [ -73.874429153597035, 40.867765951249432 ], [ -73.874399981813298, 40.86772235727225 ], [ -73.874389887533738, 40.867705263911787 ], [ -73.874382052748913, 40.86768390298802 ], [ -73.874368642284296, 40.867635201502743 ], [ -73.874357496169026, 40.867579671332471 ], [ -73.87434972910701, 40.86752243485963 ], [ -73.874337538442859, 40.867423344040738 ], [ -73.874333130071051, 40.867374653286461 ], [ -73.874333201113302, 40.867337070435724 ], [ -73.874344635744521, 40.867240565585064 ], [ -73.874350342553683, 40.86719786503361 ], [ -73.874358291986283, 40.86715858438599 ], [ -73.874370770736462, 40.867103933706915 ], [ -73.874379895368179, 40.867039029921038 ], [ -73.874382419115051, 40.867027637852424 ], [ -73.874384435690374, 40.867018535136971 ], [ -73.874392351484033, 40.866996336807951 ], [ -73.874398006201375, 40.866981822493813 ], [ -73.874404785104034, 40.866965601261555 ], [ -73.874409303925788, 40.866957064965753 ], [ -73.874416084035161, 40.866940843732763 ], [ -73.87442963798307, 40.866913525023506 ], [ -73.874434154883133, 40.866904134149749 ], [ -73.874443190701243, 40.866886208903864 ], [ -73.874470294612564, 40.866832426880961 ], [ -73.874477072170848, 40.866818767524407 ], [ -73.874504176020494, 40.866764988170637 ], [ -73.874509834319156, 40.866747912056276 ], [ -73.874514347572827, 40.866741083140731 ], [ -73.874518860823969, 40.866734255982742 ], [ -73.874550426279427, 40.86670097937121 ], [ -73.874593265837333, 40.866656611082206 ], [ -73.874621444078272, 40.866629308265296 ], [ -73.874632708341537, 40.866621633873763 ], [ -73.874659743845982, 40.866604580089245 ], [ -73.874669884722181, 40.866596904472004 ], [ -73.874699188201006, 40.866570456513308 ], [ -73.874714963546523, 40.866557663256771 ], [ -73.874723137033726, 40.866552195842679 ], [ -73.874739184984705, 40.866541460968477 ], [ -73.874739891969199, 40.86654108326502 ], [ -73.874927708775104, 40.866464798111572 ] ] ], [ [ [ -73.873822620390854, 40.863066159211932 ], [ -73.873838250684145, 40.863004489014202 ], [ -73.873888808610658, 40.862892695156312 ], [ -73.873970122897404, 40.862789334681807 ], [ -73.874063633591163, 40.862679120347558 ], [ -73.874167904473779, 40.862574498900557 ], [ -73.874233437568179, 40.862494567130092 ], [ -73.874273445818872, 40.862421957313657 ], [ -73.874355695044372, 40.862262607673912 ], [ -73.874467177994944, 40.862066030204545 ], [ -73.874509364406919, 40.861976517655414 ], [ -73.87454346200856, 40.861927079056684 ], [ -73.874701858859922, 40.861728421802219 ], [ -73.874895023497984, 40.861551358112514 ], [ -73.875111526128705, 40.861352639129159 ], [ -73.875259275299229, 40.861213204004827 ], [ -73.875442999361425, 40.861070937670839 ], [ -73.875511533672153, 40.861020201394261 ], [ -73.8756379229457, 40.860855816971103 ], [ -73.875635824591313, 40.860868419747241 ], [ -73.875631286290144, 40.860888912764395 ], [ -73.875624463237159, 40.860927342024027 ], [ -73.875617668551016, 40.860951250821174 ], [ -73.875615405786647, 40.860958081378527 ], [ -73.875614825217198, 40.860967903301891 ], [ -73.875620411231935, 40.860989049245688 ], [ -73.875620385267368, 40.861002928550164 ], [ -73.87561415196889, 40.861027264863132 ], [ -73.875607369942458, 40.861044340753914 ], [ -73.875603982073159, 40.861050314519254 ], [ -73.875596085243984, 40.861062265438122 ], [ -73.875592699682713, 40.861068241045722 ], [ -73.875587043744503, 40.861084463660511 ], [ -73.875579667249326, 40.861118190861013 ], [ -73.875576815515373, 40.861139970695241 ], [ -73.875573423943862, 40.861148508180101 ], [ -73.875557633560945, 40.861170698189689 ], [ -73.875547484406752, 40.861182644833363 ], [ -73.87552943850423, 40.861206541552633 ], [ -73.875523800953403, 40.861214222953834 ], [ -73.875504629820739, 40.861237262958944 ], [ -73.87549561655986, 40.861244940710989 ], [ -73.875486605394414, 40.861250910235889 ], [ -73.875459577081315, 40.861265400510455 ], [ -73.875434802661303, 40.861279039646284 ], [ -73.875424667481397, 40.861284155216815 ], [ -73.875398774625353, 40.861292668363092 ], [ -73.875385824051691, 40.861299487273897 ], [ -73.875377376278777, 40.861305456478192 ], [ -73.875355962189701, 40.861325933069203 ], [ -73.875348075391813, 40.861331903798302 ], [ -73.875322171016279, 40.861347249832228 ], [ -73.875304153712008, 40.861355772400813 ], [ -73.875271502032149, 40.861370256628547 ], [ -73.875245600830837, 40.861383893583636 ], [ -73.875219696299311, 40.861399240514366 ], [ -73.875206934420831, 40.861406072826725 ], [ -73.875173523035869, 40.861423960365109 ], [ -73.875155501702011, 40.861435898444604 ], [ -73.875147610060509, 40.861444431958979 ], [ -73.875130687834869, 40.861469183486932 ], [ -73.875121655750277, 40.861486256910624 ], [ -73.875119391313319, 40.861493941111441 ], [ -73.875115983621868, 40.861511018789344 ], [ -73.875113720783588, 40.861517851093843 ], [ -73.87509902257203, 40.861557125437464 ], [ -73.875084317107607, 40.861598960817631 ], [ -73.875079799446354, 40.861608351639475 ], [ -73.875075284883152, 40.861616034235865 ], [ -73.875069647639037, 40.861622861040388 ], [ -73.875064010785991, 40.861628834190796 ], [ -73.875057251942067, 40.861633524720737 ], [ -73.87502938158292, 40.861647801572495 ], [ -73.874997548207318, 40.861674886212484 ], [ -73.874956974878387, 40.861712423394486 ], [ -73.874934441062223, 40.861730335801447 ], [ -73.874916405532005, 40.861749107664615 ], [ -73.874880315660874, 40.861796046326447 ], [ -73.874862276996012, 40.861816524648397 ], [ -73.87485495310807, 40.861822708449218 ], [ -73.874843347383347, 40.861824494088886 ], [ -73.874827022989535, 40.86181762453122 ], [ -73.874804909238577, 40.861812084962317 ], [ -73.874792546126812, 40.861805345777384 ], [ -73.87478243977742, 40.861795084499995 ], [ -73.874775698593226, 40.861790380232911 ], [ -73.874767644055311, 40.861786480423028 ], [ -73.874749822067045, 40.861790778011724 ], [ -73.874736316263551, 40.861793752040633 ], [ -73.874727679989803, 40.861800221689798 ], [ -73.874722785212384, 40.861809540057465 ], [ -73.87471488503104, 40.861823196464364 ], [ -73.874706977191238, 40.861840271075849 ], [ -73.874697947659385, 40.861856489977619 ], [ -73.874683281725623, 40.861877826513705 ], [ -73.874670862972991, 40.861900020904265 ], [ -73.874656203061093, 40.861918796396886 ], [ -73.874640417415492, 40.861937571666544 ], [ -73.874633648443577, 40.861946958182045 ], [ -73.874622356486896, 40.861969153876949 ], [ -73.874616714333229, 40.861978543456438 ], [ -73.874589649578496, 40.862012679585526 ], [ -73.874563704476031, 40.862049378811086 ], [ -73.874511801062596, 40.862129611984969 ], [ -73.87450163787895, 40.86215009882693 ], [ -73.874497116871638, 40.862161198771325 ], [ -73.874494849514591, 40.86216973744768 ], [ -73.874494830165133, 40.862179987721291 ], [ -73.87449590459174, 40.862206465144034 ], [ -73.874492483401667, 40.862231231282571 ], [ -73.874490215638559, 40.862240625451292 ], [ -73.874486825482919, 40.862248308328702 ], [ -73.874482310917926, 40.862255990984877 ], [ -73.874477799180809, 40.862262817145805 ], [ -73.874465398024682, 40.862275617653182 ], [ -73.874455257270284, 40.862284148668543 ], [ -73.874441736141421, 40.862295236126734 ], [ -73.874415823001726, 40.8623148538979 ], [ -73.874398920968616, 40.86232935504399 ], [ -73.874392156759299, 40.862336181506173 ], [ -73.874386516559241, 40.862343861927485 ], [ -73.874382003590966, 40.862350689922067 ], [ -73.874371839118155, 40.862371178591879 ], [ -73.874354911526353, 40.862398491880377 ], [ -73.874349266471526, 40.862408736018516 ], [ -73.874334575684188, 40.862443739233555 ], [ -73.874304096183977, 40.8624983703155 ], [ -73.874281518718448, 40.862538490526688 ], [ -73.874273608668886, 40.86255727157733 ], [ -73.874267955510888, 40.862571785898211 ], [ -73.874264548645272, 40.862588865388979 ], [ -73.874258840560572, 40.86263242046136 ], [ -73.874255424511702, 40.862653769217381 ], [ -73.874250898581792, 40.862667431949617 ], [ -73.874239590220668, 40.862698167810564 ], [ -73.874233947952845, 40.862707556451326 ], [ -73.874225488178325, 40.862719078910963 ], [ -73.874192221262476, 40.862760467999294 ], [ -73.874161783533566, 40.862792891191006 ], [ -73.874134718728413, 40.862826173471035 ], [ -73.874111045228204, 40.862851772043967 ], [ -73.874096386974657, 40.862868837478466 ], [ -73.87406931875978, 40.862903828051003 ], [ -73.874064716616545, 40.862908306714701 ], [ -73.874061427209895, 40.862911507752706 ], [ -73.874051290461281, 40.86291918332563 ], [ -73.874020874442749, 40.862938795163757 ], [ -73.873974697532958, 40.862965220997097 ], [ -73.873942031273018, 40.862986824946958 ], [ -73.873933022008217, 40.862990373850764 ], [ -73.873924013999144, 40.862995061853717 ], [ -73.873916126876424, 40.863001031563002 ], [ -73.873889082925771, 40.863023209943655 ], [ -73.873875561436748, 40.863034300010277 ], [ -73.873863162042142, 40.863047951347191 ], [ -73.87383609201153, 40.863083794679838 ], [ -73.873832703873916, 40.863089771151124 ], [ -73.873829316322315, 40.863096600356926 ], [ -73.873826829855943, 40.863104576004581 ], [ -73.873822620390854, 40.863066159211932 ] ] ], [ [ [ -73.875690854146498, 40.860675466859838 ], [ -73.875712100106426, 40.860601937532202 ], [ -73.875750680073693, 40.860495657982831 ], [ -73.875801781709214, 40.860414491406374 ], [ -73.875878873625652, 40.860322496404635 ], [ -73.875949876381284, 40.860254527129044 ], [ -73.876039961398234, 40.860166286726219 ], [ -73.876110844671985, 40.860088993530198 ], [ -73.876244948244718, 40.859971071372314 ], [ -73.876404109221824, 40.859802161203575 ], [ -73.876443439539443, 40.859742432332091 ], [ -73.876462240701571, 40.859705559116072 ], [ -73.876461461347219, 40.859724767603552 ], [ -73.876461412147833, 40.859751246575563 ], [ -73.876455340034269, 40.859790528511226 ], [ -73.876439902072349, 40.859823822978861 ], [ -73.876420714654898, 40.85985796716075 ], [ -73.876413945657433, 40.85986821019717 ], [ -73.876403796854191, 40.859880157839093 ], [ -73.87638689269788, 40.859896367424888 ], [ -73.876362103093797, 40.859918548814427 ], [ -73.876350820377425, 40.85993561992202 ], [ -73.876315885095167, 40.859968039790616 ], [ -73.876253918966142, 40.860016659259514 ], [ -73.876193087868955, 40.860060155224716 ], [ -73.876170554458994, 40.860078920697582 ], [ -73.876109695362175, 40.860136083429673 ], [ -73.876079267837227, 40.860164236955249 ], [ -73.876051664681953, 40.860186413410808 ], [ -73.876034209590941, 40.860195790436599 ], [ -73.876021815112352, 40.860206026477584 ], [ -73.876013925319882, 40.860213706400401 ], [ -73.875994757069449, 40.860236747330077 ], [ -73.875978971824139, 40.860256374602614 ], [ -73.875950779806004, 40.860292218077085 ], [ -73.875938366552802, 40.860311849894593 ], [ -73.875922002799555, 40.860336011346313 ], [ -73.875920880730447, 40.860337668005066 ], [ -73.87590904681629, 40.860349400373202 ], [ -73.875876369041691, 40.860377549662964 ], [ -73.875860587791962, 40.860393761300259 ], [ -73.875854948642314, 40.860402297292758 ], [ -73.875849305582122, 40.860411687853947 ], [ -73.875845912597129, 40.86042107908456 ], [ -73.87584024709723, 40.860442425471277 ], [ -73.875836856803545, 40.860450963885043 ], [ -73.875822185162875, 40.86047571786132 ], [ -73.875810909809928, 40.860489370706986 ], [ -73.875806393921238, 40.860497907907757 ], [ -73.875798480137121, 40.860518399134236 ], [ -73.875793965730978, 40.860526082680337 ], [ -73.87575560334669, 40.860585828596975 ], [ -73.875739799172834, 40.86061485329455 ], [ -73.875696943013637, 40.860671181481507 ], [ -73.87569129914651, 40.860682275829753 ], [ -73.875690421816032, 40.860684099984582 ], [ -73.875690854146498, 40.860675466859838 ] ] ], [ [ [ -73.874192504519897, 40.868063201061936 ], [ -73.874177658853156, 40.868077435109456 ], [ -73.874116795169016, 40.868132887480854 ], [ -73.874070587182644, 40.86817383452631 ], [ -73.874031133053393, 40.868213083469158 ], [ -73.873999571479089, 40.86824379713336 ], [ -73.873977029122486, 40.868264270371363 ], [ -73.873958998028399, 40.868279625613695 ], [ -73.873947732304785, 40.868287299014504 ], [ -73.873935341261173, 40.86829412020883 ], [ -73.87390043078419, 40.868311164279824 ], [ -73.873874532968742, 40.868321384460629 ], [ -73.8738643965969, 40.868326498967292 ], [ -73.873823850170595, 40.868348662447708 ], [ -73.873790063044552, 40.868365707799079 ], [ -73.873759657019747, 40.868379342148145 ], [ -73.873721380233405, 40.86839125603921 ], [ -73.873685355807311, 40.868401466836623 ], [ -73.873618934107483, 40.868421893648389 ], [ -73.873579533171608, 40.868432952606113 ], [ -73.873569397169931, 40.868437214270273 ], [ -73.873559263595894, 40.868441473342202 ], [ -73.87353673676057, 40.868454259863498 ], [ -73.873499560545881, 40.868478134318742 ], [ -73.873471392853446, 40.868498603957782 ], [ -73.873464634813615, 40.86850372038122 ], [ -73.873456751068602, 40.86850691384339 ], [ -73.87344564066828, 40.868507044781971 ], [ -73.873437352772399, 40.86850134186745 ], [ -73.873434835632253, 40.868493866873642 ], [ -73.873433165544427, 40.868484466569029 ], [ -73.87343430387439, 40.868477210761078 ], [ -73.873437704229119, 40.86846440049279 ], [ -73.873449018408934, 40.868431955683178 ], [ -73.87346712118827, 40.868379021274464 ], [ -73.87348750007601, 40.868312418943169 ], [ -73.873488640426459, 40.868304732712886 ], [ -73.873488656680351, 40.868296191595107 ], [ -73.873484197267274, 40.868273980581364 ], [ -73.873467431699865, 40.868215880523103 ], [ -73.873456236253858, 40.868185973708087 ], [ -73.873446154628866, 40.868162901944416 ], [ -73.873432687838672, 40.868144094812962 ], [ -73.873411355218252, 40.868121009766909 ], [ -73.873387771063918, 40.868097923162843 ], [ -73.873378783598767, 40.86809022580416 ], [ -73.873368667959099, 40.868085090926336 ], [ -73.873345058326521, 40.868074813772978 ], [ -73.873312669422916, 40.868063199716637 ], [ -73.873306832783157, 40.868061106766802 ], [ -73.87319102169829, 40.868019126338773 ], [ -73.873140423606216, 40.868001988286728 ], [ -73.873104436691435, 40.867992552029605 ], [ -73.873045952480169, 40.867980530936173 ], [ -73.873020088500553, 40.867973669527068 ], [ -73.872987621507832, 40.867961568065795 ], [ -73.872974004400206, 40.867948848893398 ], [ -73.872967274962761, 40.867937737536892 ], [ -73.872965048407011, 40.867925351500126 ], [ -73.87296619168427, 40.867915528383456 ], [ -73.872969582302915, 40.867907845558626 ], [ -73.872975220404385, 40.867901019700987 ], [ -73.872987900771165, 40.867889287660979 ], [ -73.873012397703476, 40.867877142737093 ], [ -73.87304280285457, 40.86786265676961 ], [ -73.8730901047782, 40.867837939957418 ], [ -73.873134033585274, 40.867812363919739 ], [ -73.873158818115229, 40.867796162584789 ], [ -73.873184737435764, 40.86777398407601 ], [ -73.873218556689253, 40.867740709394518 ], [ -73.873273798722053, 40.867681834855119 ], [ -73.87334370095688, 40.867606746780538 ], [ -73.873393304429442, 40.867555555225628 ], [ -73.873441787002051, 40.867501796938491 ], [ -73.873467707327151, 40.867479617446186 ], [ -73.873506011262421, 40.86745318235387 ], [ -73.87354769066684, 40.867427603770302 ], [ -73.873638942737799, 40.867366205682764 ], [ -73.873750478442815, 40.867288602046898 ], [ -73.873792158055295, 40.867262170557559 ], [ -73.873829327932668, 40.867240002467106 ], [ -73.873887899819451, 40.86720675644623 ], [ -73.873934081333573, 40.867179474421455 ], [ -73.873989268949472, 40.867148786610187 ], [ -73.87403318845864, 40.867128334063402 ], [ -73.874057959566784, 40.867118967185867 ], [ -73.874083852034943, 40.867111308000354 ], [ -73.874137882589523, 40.867097699371755 ], [ -73.874166026846709, 40.867089188890247 ], [ -73.874184040888494, 40.867083230226292 ], [ -73.874200930843912, 40.867076416677499 ], [ -73.874218957112006, 40.867062769532282 ], [ -73.874227036744742, 40.867054948648537 ], [ -73.874236462521836, 40.867052930965464 ], [ -73.874242594126414, 40.867057812033934 ], [ -73.874241420223271, 40.867083292866837 ], [ -73.874237990611377, 40.867112328154654 ], [ -73.874231183479367, 40.867142218848308 ], [ -73.874220993589333, 40.867176370601825 ], [ -73.874211958474405, 40.86719387168192 ], [ -73.874205190411033, 40.867203686831139 ], [ -73.874201801588029, 40.867210514283947 ], [ -73.874198782299118, 40.867220762193071 ], [ -73.874199504520149, 40.867235283375649 ], [ -73.874198221228212, 40.867319840866294 ], [ -73.874201536521824, 40.867350593500362 ], [ -73.874207120604083, 40.867372806637825 ], [ -73.874227277165957, 40.867423223736438 ], [ -73.874245193143452, 40.867468511946193 ], [ -73.874247425574197, 40.867477909172848 ], [ -73.874249658003791, 40.867487308240889 ], [ -73.874251841970334, 40.867522328072283 ], [ -73.874256240196729, 40.867576997153762 ], [ -73.874261808671505, 40.867606899510243 ], [ -73.874268507602466, 40.867634237705637 ], [ -73.874274100209036, 40.867651327002655 ], [ -73.874280824590443, 40.867665853895083 ], [ -73.874290916004739, 40.867683803593224 ], [ -73.87430774524988, 40.867708591710162 ], [ -73.874329056257153, 40.867744487813042 ], [ -73.874341391451935, 40.867765855572188 ], [ -73.874349235116185, 40.867783799215687 ], [ -73.874352587225374, 40.867795762303665 ], [ -73.874354807982002, 40.867811992424507 ], [ -73.874355887282235, 40.867835909787331 ], [ -73.874354749867194, 40.867842741456549 ], [ -73.874352483911522, 40.867850425548454 ], [ -73.874346825478426, 40.867867502655535 ], [ -73.874336664995766, 40.867885428421943 ], [ -73.874320864639245, 40.867911887498124 ], [ -73.87430168216143, 40.867940909197912 ], [ -73.874287017986887, 40.867960538273195 ], [ -73.874263338386186, 40.867987845076733 ], [ -73.874223879637682, 40.868029654122701 ], [ -73.874194565632024, 40.868061224867866 ], [ -73.874192504519897, 40.868063201061936 ] ] ] ] } },
{ "type": "Feature", "properties": { "Borough": "BX", "Block": 3274, "Lot": 51, "CD": 207, "BCT2020": "2042500", "BCTCB2020": "20425003007", "CT2010": "425", "CB2010": "3008", "SchoolDist": "10", "Council": 11, "ZipCode": 10458, "FireComp": "L037", "PolicePrct": 52, "HealthCent": 21, "HealthArea": 420, "Sanitboro": "2", "SanitDistr": "07", "SanitSub": "2B", "Address": "419 BOTANICAL SQUARE S", "ZoneDist1": "R6", "ZoneDist2": "R7D", "ZoneDist3": null, "ZoneDist4": null, "Overlay1": null, "Overlay2": null, "SPDist1": null, "SPDist2": null, "SPDist3": null, "LtdHeight": null, "SplitZone": "Y", "BldgClass": "U6", "LandUse": "07", "Easements": 0, "OwnerType": "X", "OwnerName": "METROPOLITAN TRANSPORTATION AUTHORITY", "LotArea": 49068, "BldgArea": 0, "ComArea": 0, "ResArea": 0, "OfficeArea": 0, "RetailArea": 0, "GarageArea": 0, "StrgeArea": 0, "FactryArea": 0, "OtherArea": 0, "AreaSource": "7", "NumBldgs": 2, "NumFloors": 0.0, "UnitsRes": 0, "UnitsTotal": 0, "LotFront": 67.75, "LotDepth": 2305.0, "BldgFront": 0.0, "BldgDepth": 0.0, "Ext": "N", "ProxCode": "0", "IrrLotCode": "N", "LotType": "5", "BsmtCode": "0", "AssessLand": 0.0, "AssessTot": 0.0, "ExemptTot": 0.0, "YearBuilt": 0, "YearAlter1": 0, "YearAlter2": 0, "HistDist": null, "Landmark": null, "BuiltFAR": 0.0, "ResidFAR": 2.43, "CommFAR": 0.0, "FacilFAR": 4.8, "BoroCode": 2, "BBL": 2032740050.9999998, "CondoNo": 0, "Tract2010": "0425", "XCoord": 1016873, "YCoord": 255239, "ZoneMap": "3c", "ZMCode": null, "Sanborn": "214 064", "TaxMap": "21202", "EDesigNum": null, "APPBBL": 0.0, "APPDate": null, "PLUTOMapID": "1", "FIRM07_FLA": null, "PFIRM15_FL": null, "Version": "25v4", "DCPEdited": "t", "Latitude": 40.8671863, "Longitude": -73.8820509, "Notes": null, "Shape_Leng": 0.0, "Shape_Area": 49067.610310900003 }, "geometry": { "type": "MultiPolygon", "coordinates": [ [ [ [ -73.8813408601753, 40.86770112765165 ], [ -73.881295334093849, 40.867725557034042 ], [ -73.881215449907501, 40.867483687387043 ], [ -73.881524712568265, 40.86731923571682 ], [ -73.881961279627205, 40.867087086903624 ], [ -73.882866136066838, 40.866605908041777 ], [ -73.88300492653498, 40.866774260826666 ], [ -73.882343200855175, 40.867122333802428 ], [ -73.882394218547532, 40.867170794423686 ], [ -73.881361056948847, 40.867728083961111 ], [ -73.8813408601753, 40.86770112765165 ] ] ] ] } },
{ "type": "Feature", "properties": { "Borough": "BX", "Block": 3359, "Lot": 1, "CD": 212, "BCT2020": "2033400", "BCTCB2020": "20334001000", "CT2010": "334", "CB2010": "1000", "SchoolDist": "11", "Council": 11, "ZipCode": 10467, "FireComp": "L037", "PolicePrct": 47, "HealthCent": 21, "HealthArea": 1100, "Sanitboro": "2", "SanitDistr": "12", "SanitSub": "1C", "Address": "600 EAST GUN HILL ROAD", "ZoneDist1": "PARK", "ZoneDist2": null, "ZoneDist3": null, "ZoneDist4": null, "Overlay1": null, "Overlay2": null, "SPDist1": null, "SPDist2": null, "SPDist3": null, "LtdHeight": null, "SplitZone": "N", "BldgClass": "Q0", "LandUse": "09", "Easements": 0, "OwnerType": "C", "OwnerName": "NYC DEPARTMENT OF PARKS AND RECREATION", "LotArea": 91000, "BldgArea": 0, "ComArea": 0, "ResArea": 0, "OfficeArea": 0, "RetailArea": 0, "GarageArea": 0, "StrgeArea": 0, "FactryArea": 0, "OtherArea": 0, "AreaSource": "7", "NumBldgs": 0, "NumFloors": 0.0, "UnitsRes": 0, "UnitsTotal": 0, "LotFront": 186.0, "LotDepth": 489.0, "BldgFront": 0.0, "BldgDepth": 0.0, "Ext": null, "ProxCode": "0", "IrrLotCode": "N", "LotType": "5", "BsmtCode": "5", "AssessLand": 2635650.0, "AssessTot": 2635650.0, "ExemptTot": 2635650.0, "YearBuilt": 0, "YearAlter1": 0, "YearAlter2": 0, "HistDist": null, "Landmark": null, "BuiltFAR": 0.0, "ResidFAR": 0.0, "CommFAR": 0.0, "FacilFAR": 0.0, "BoroCode": 2, "BBL": 2033590001.0, "CondoNo": 0, "Tract2010": "0334", "XCoord": 1020134, "YCoord": 259003, "ZoneMap": "1d", "ZMCode": null, "Sanborn": "214 084", "TaxMap": "21203", "EDesigNum": null, "APPBBL": 0.0, "APPDate": null, "PLUTOMapID": "1", "FIRM07_FLA": null, "PFIRM15_FL": null, "Version": "25v4", "DCPEdited": "t", "Latitude": 40.8775047, "Longitude": -73.8702405, "Notes": null, "Shape_Leng": 0.0, "Shape_Area": 85753.750023100001 }, "geometry": { "type": "MultiPolygon", "coordinates": [ [ [ [ -73.87027936732089, 40.878213243362488 ], [ -73.869669744439619, 40.87806134444142 ], [ -73.870199125303358, 40.876791946936706 ], [ -73.870804793945666, 40.876952524775845 ], [ -73.87027936732089, 40.878213243362488 ] ] ] ] } },
{ "type": "Feature", "properties": { "Borough": "BX", "Block": 4011, "Lot": 111, "CD": 227, "BCT2020": "2022000", "BCTCB2020": "20220001000", "CT2010": "334", "CB2010": "1039", "SchoolDist": "11", "Council": 13, "ZipCode": 10462, "FireComp": "E088", "PolicePrct": 49, "HealthCent": 21, "HealthArea": 1100, "Sanitboro": null, "SanitDistr": null, "SanitSub": null, "Address": "BIRCHALL AVENUE", "ZoneDist1": "M1-1", "ZoneDist2": null, "ZoneDist3": null, "ZoneDist4": null, "Overlay1": null, "Overlay2": null, "SPDist1": null, "SPDist2": null, "SPDist3": null, "LtdHeight": null, "SplitZone": "N", "BldgClass": "U7", "LandUse": "07", "Easements": 0, "OwnerType": "C", "OwnerName": "NYC TRANSIT AUTHORITY", "LotArea": 19854, "BldgArea": 0, "ComArea": 0, "ResArea": 0, "OfficeArea": 0, "RetailArea": 0, "GarageArea": 0, "StrgeArea": 0, "FactryArea": 0, "OtherArea": 0, "AreaSource": "7", "NumBldgs": 0, "NumFloors": 0.0, "UnitsRes": 0, "UnitsTotal": 0, "LotFront": 146.0, "LotDepth": 64.0, "BldgFront": 0.0, "BldgDepth": 0.0, "Ext": "N", "ProxCode": "0", "IrrLotCode": "Y", "LotType": "5", "BsmtCode": "0", "AssessLand": 0.0, "AssessTot": 0.0, "ExemptTot": 0.0, "YearBuilt": 0, "YearAlter1": 0, "YearAlter2": 0, "HistDist": null, "Landmark": null, "BuiltFAR": 0.0, "ResidFAR": 0.0, "CommFAR": 1.0, "FacilFAR": 2.4, "BoroCode": 2, "BBL": 2040110111.0, "CondoNo": 0, "Tract2010": "0334", "XCoord": 1020469, "YCoord": 248190, "ZoneMap": "3d", "ZMCode": null, "Sanborn": "220 017", "TaxMap": "21505", "EDesigNum": null, "APPBBL": 0.0, "APPDate": null, "PLUTOMapID": "1", "FIRM07_FLA": null, "PFIRM15_FL": null, "Version": "25v4", "DCPEdited": "t", "Latitude": 40.847825, "Longitude": -73.8690876, "Notes": null, "Shape_Leng": 0.0, "Shape_Area": 19854.242748199998 }, "geometry": { "type": "MultiPolygon", "coordinates": [ [ [ [ -73.868709273535742, 40.847932489181645 ], [ -73.868969070602191, 40.84772159647909 ], [ -73.869043704166643, 40.847711937158287 ], [ -73.86911608562302, 40.84760225719333 ], [ -73.869203708311005, 40.847454719703329 ], [ -73.869239346756316, 40.847518456633075 ], [ -73.869292488375791, 40.847613496614137 ], [ -73.869321027859769, 40.847658208847442 ], [ -73.869336223379975, 40.847687733539416 ], [ -73.869342860428333, 40.847703471807257 ], [ -73.869351124569775, 40.847726385177843 ], [ -73.869358665106859, 40.847754916016868 ], [ -73.869364936126104, 40.847795810132979 ], [ -73.869364235148936, 40.847821817421639 ], [ -73.869360661900174, 40.84784852376854 ], [ -73.869353921919654, 40.84787187949442 ], [ -73.869344200337508, 40.84789606474785 ], [ -73.869333106352499, 40.8479191930859 ], [ -73.869324393567823, 40.847934468207363 ], [ -73.869313011933301, 40.847950693929519 ], [ -73.869304778207137, 40.847961739039242 ], [ -73.86896813807563, 40.84802215348256 ], [ -73.868933712068227, 40.848027990949866 ], [ -73.868899211828591, 40.848035379945173 ], [ -73.868864938334269, 40.848045046469927 ], [ -73.868825204198316, 40.848061177707613 ], [ -73.868786352089273, 40.848081705214277 ], [ -73.868776035258406, 40.848088855093472 ], [ -73.868780061236905, 40.848058232113971 ], [ -73.868709273535742, 40.847932489181645 ] ] ] ] } },
{ "type": "Feature", "properties": { "Borough": "BX", "Block": 4011, "Lot": 205, "CD": 206, "BCT2020": "2022000", "BCTCB2020": "20220001004", "CT2010": "220", "CB2010": "1003", "SchoolDist": "10", "Council": 15, "ZipCode": 10460, "FireComp": "E090", "PolicePrct": 52, "HealthCent": 26, "HealthArea": 1220, "Sanitboro": "2", "SanitDistr": "06", "SanitSub": "2A", "Address": "EAST 180 STREET", "ZoneDist1": "M1-1", "ZoneDist2": null, "ZoneDist3": null, "ZoneDist4": null, "Overlay1": null, "Overlay2": null, "SPDist1": null, "SPDist2": null, "SPDist3": null, "LtdHeight": null, "SplitZone": "N", "BldgClass": "U7", "LandUse": "07", "Easements": 0, "OwnerType": "C", "OwnerName": "NYC TRANSIT AUTHORITY", "LotArea": 276969, "BldgArea": 0, "ComArea": 0, "ResArea": 0, "OfficeArea": 0, "RetailArea": 0, "GarageArea": 0, "StrgeArea": 0, "FactryArea": 0, "OtherArea": 0, "AreaSource": "7", "NumBldgs": 4, "NumFloors": 0.0, "UnitsRes": 0, "UnitsTotal": 0, "LotFront": 189.0, "LotDepth": 337.67, "BldgFront": 0.0, "BldgDepth": 0.0, "Ext": "N", "ProxCode": "0", "IrrLotCode": "Y", "LotType": "3", "BsmtCode": "0", "AssessLand": 0.0, "AssessTot": 0.0, "ExemptTot": 0.0, "YearBuilt": 0, "YearAlter1": 0, "YearAlter2": 0, "HistDist": null, "Landmark": null, "BuiltFAR": 0.0, "ResidFAR": 0.0, "CommFAR": 1.0, "FacilFAR": 2.4, "BoroCode": 2, "BBL": 2040110205.0000002, "CondoNo": 0, "Tract2010": "0220", "XCoord": 1019380, "YCoord": 246297, "ZoneMap": "3d", "ZMCode": null, "Sanborn": "220 017", "TaxMap": "21505", "EDesigNum": null, "APPBBL": 0.0, "APPDate": null, "PLUTOMapID": "1", "FIRM07_FLA": null, "PFIRM15_FL": null, "Version": "25v4", "DCPEdited": "t", "Latitude": 40.8426336, "Longitude": -73.8730337, "Notes": null, "Shape_Leng": 0.0, "Shape_Area": 276969.28209499997 }, "geometry": { "type": "MultiPolygon", "coordinates": [ [ [ [ -73.871579534821976, 40.843286016611032 ], [ -73.872191548073232, 40.842783182620742 ], [ -73.872193594218118, 40.842781567593498 ], [ -73.872871304127628, 40.842247047851153 ], [ -73.872853817668855, 40.842233515682871 ], [ -73.873924078111884, 40.841383253847319 ], [ -73.874403735877465, 40.841558962932503 ], [ -73.874518646381006, 40.841667151213372 ], [ -73.874024002982566, 40.842485681188705 ], [ -73.873202554236613, 40.843131348081279 ], [ -73.873060451140674, 40.843215365406131 ], [ -73.872916087613959, 40.843291886969887 ], [ -73.871983487050883, 40.843704177174743 ], [ -73.871927449485995, 40.843728950502793 ], [ -73.871635642559198, 40.843856855317547 ], [ -73.871603378271985, 40.843872490711213 ], [ -73.871537659327359, 40.843904910876013 ], [ -73.871471925879248, 40.843947823591328 ], [ -73.871401209450212, 40.844003790555469 ], [ -73.871579534821976, 40.843286016611032 ] ] ] ] } },
{ "type": "Feature", "properties": { "Borough": "BX", "Block": 4253, "Lot": 82, "CD": 227, "BCT2020": "2033400", "BCTCB2020": "20334001027", "CT2010": "334", "CB2010": "1039", "SchoolDist": "11", "Council": 15, "ZipCode": 10462, "FireComp": "E088", "PolicePrct": 49, "HealthCent": 21, "HealthArea": 1100, "Sanitboro": null, "SanitDistr": null, "SanitSub": null, "Address": "BIRCHALL AVENUE", "ZoneDist1": "R6", "ZoneDist2": null, "ZoneDist3": null, "ZoneDist4": null, "Overlay1": null, "Overlay2": null, "SPDist1": null, "SPDist2": null, "SPDist3": null, "LtdHeight": null, "SplitZone": "N", "BldgClass": "V0", "LandUse": "11", "Easements": 0, "OwnerType": null, "OwnerName": "UNAVAILABLE OWNER", "LotArea": 4000, "BldgArea": 0, "ComArea": 0, "ResArea": 0, "OfficeArea": 0, "RetailArea": 0, "GarageArea": 0, "StrgeArea": 0, "FactryArea": 0, "OtherArea": 0, "AreaSource": "7", "NumBldgs": 0, "NumFloors": 0.0, "UnitsRes": 0, "UnitsTotal": 0, "LotFront": 18.06, "LotDepth": 221.49, "BldgFront": 0.0, "BldgDepth": 0.0, "Ext": null, "ProxCode": "0", "IrrLotCode": "Y", "LotType": "3", "BsmtCode": "5", "AssessLand": 13500.0, "AssessTot": 13500.0, "ExemptTot": 7548.0, "YearBuilt": 0, "YearAlter1": 0, "YearAlter2": 0, "HistDist": null, "Landmark": null, "BuiltFAR": 0.0, "ResidFAR": 2.43, "CommFAR": 0.0, "FacilFAR": 4.8, "BoroCode": 2, "BBL": 2042530082.0000002, "CondoNo": 0, "Tract2010": "0334", "XCoord": 1020368, "YCoord": 248570, "ZoneMap": "3c", "ZMCode": "Y", "Sanborn": "220 006", "TaxMap": "21510", "EDesigNum": null, "APPBBL": 2042530160.0, "APPDate": "08/30/2004", "PLUTOMapID": "1", "FIRM07_FLA": null, "PFIRM15_FL": null, "Version": "25v4", "DCPEdited": null, "Latitude": 40.8488684, "Longitude": -73.8694506, "Notes": null, "Shape_Leng": 0.0, "Shape_Area": 4014.7679352 }, "geometry": { "type": "MultiPolygon", "coordinates": [ [ [ [ -73.869314123219425, 40.849146619330803 ], [ -73.869381548640703, 40.848985786414858 ], [ -73.869396963992926, 40.848942759413355 ], [ -73.869406887163564, 40.848915064223632 ], [ -73.869427281338133, 40.848851212604977 ], [ -73.869441644588449, 40.848796803851585 ], [ -73.869463223940471, 40.848709083229529 ], [ -73.869473557189323, 40.848662766338514 ], [ -73.86949314770753, 40.848566601340849 ], [ -73.869554391399546, 40.848569008388111 ], [ -73.86954145884738, 40.848650431685769 ], [ -73.869519998801721, 40.848749280778769 ], [ -73.869508209192205, 40.848803587046952 ], [ -73.869478718190152, 40.848904375702752 ], [ -73.869417704018502, 40.849072969209374 ], [ -73.869374650318917, 40.849166926592872 ], [ -73.869314123219425, 40.849146619330803 ] ] ] ] } },
{ "type": "Feature", "properties": { "Borough": "BX", "Block": 4253, "Lot": 84, "CD": 211, "BCT2020": "2022000", "BCTCB2020": "20220001002", "CT2010": "220", "CB2010": "1001", "SchoolDist": "11", "Council": 13, "ZipCode": 10462, "FireComp": "E090", "PolicePrct": 49, "HealthCent": 26, "HealthArea": 1220, "Sanitboro": "2", "SanitDistr": "11", "SanitSub": "1D", "Address": "678 SAGAMORE STREET", "ZoneDist1": "R7-1", "ZoneDist2": "R6", "ZoneDist3": null, "ZoneDist4": null, "Overlay1": null, "Overlay2": null, "SPDist1": null, "SPDist2": null, "SPDist3": null, "LtdHeight": null, "SplitZone": "Y", "BldgClass": "D1", "LandUse": "03", "Easements": 0, "OwnerType": null, "OwnerName": "SAGAMORE STREET ASSOCIATES, L.P.", "LotArea": 21175, "BldgArea": 82015, "ComArea": 0, "ResArea": 82015, "OfficeArea": 0, "RetailArea": 0, "GarageArea": 0, "StrgeArea": 0, "FactryArea": 0, "OtherArea": 0, "AreaSource": "2", "NumBldgs": 1, "NumFloors": 9.0, "UnitsRes": 90, "UnitsTotal": 90, "LotFront": 0.0, "LotDepth": 0.0, "BldgFront": 100.0, "BldgDepth": 300.0, "Ext": "N", "ProxCode": "0", "IrrLotCode": "N", "LotType": "0", "BsmtCode": "0", "AssessLand": 225000.0, "AssessTot": 1229850.0, "ExemptTot": 734989.0, "YearBuilt": 2002, "YearAlter1": 0, "YearAlter2": 0, "HistDist": null, "Landmark": null, "BuiltFAR": 3.87, "ResidFAR": 3.44, "CommFAR": 0.0, "FacilFAR": 4.8, "BoroCode": 2, "BBL": 2042530084.0, "CondoNo": 0, "Tract2010": "0220", "XCoord": 1020419, "YCoord": 248541, "ZoneMap": "3d", "ZMCode": "Y", "Sanborn": "220 006", "TaxMap": "21510", "EDesigNum": null, "APPBBL": 2042530160.0, "APPDate": "08/30/2004", "PLUTOMapID": "1", "FIRM07_FLA": null, "PFIRM15_FL": null, "Version": "25v4", "DCPEdited": null, "Latitude": 40.8487885, "Longitude": -73.8692664, "Notes": null, "Shape_Leng": 0.0, "Shape_Area": 17551.106453600001 }, "geometry": { "type": "MultiPolygon", "coordinates": [ [ [ [ -73.869146175085689, 40.849090272923469 ], [ -73.869209448679229, 40.848804834093215 ], [ -73.869194284435196, 40.848799746137011 ], [ -73.869169207411957, 40.84884234434783 ], [ -73.869095321156493, 40.848817555411308 ], [ -73.869025048258507, 40.848793978905249 ], [ -73.869012885738528, 40.848789898412242 ], [ -73.869076551064524, 40.848550228589041 ], [ -73.86949314770753, 40.848566601340849 ], [ -73.869473557189323, 40.848662766338514 ], [ -73.869463223940471, 40.848709083229529 ], [ -73.869441644588449, 40.848796803851585 ], [ -73.869427281338133, 40.848851212604977 ], [ -73.869406887163564, 40.848915064223632 ], [ -73.869396963992926, 40.848942759413355 ], [ -73.869381548640703, 40.848985786414858 ], [ -73.869314123219425, 40.849146619330803 ], [ -73.869146175085689, 40.849090272923469 ] ] ] ] } },
{ "type": "Feature", "properties": { "Borough": "BX", "Block": 4333, "Lot": 1, "CD": 227, "BCT2020": "2033400", "BCTCB2020": "20334001027", "CT2010": "334", "CB2010": "1039", "SchoolDist": "11", "Council": 15, "ZipCode": 10462, "FireComp": "E088", "PolicePrct": 49, "HealthCent": 21, "HealthArea": 1100, "Sanitboro": "2", "SanitDistr": "27", "SanitSub": null, "Address": "1129 EAST 180 STREET", "ZoneDist1": "PARK", "ZoneDist2": null, "ZoneDist3": null, "ZoneDist4": null, "Overlay1": null, "Overlay2": null, "SPDist1": null, "SPDist2": null, "SPDist3": null, "LtdHeight": null, "SplitZone": "N", "BldgClass": "Q1", "LandUse": "09", "Easements": 0, "OwnerType": "C", "OwnerName": "NYC DEPARTMENT OF PARKS AND RECREATION", "LotArea": 6460820, "BldgArea": 16300, "ComArea": 14800, "ResArea": 1500, "OfficeArea": 0, "RetailArea": 0, "GarageArea": 0, "StrgeArea": 0, "FactryArea": 0, "OtherArea": 14800, "AreaSource": "2", "NumBldgs": 39, "NumFloors": 1.0, "UnitsRes": 0, "UnitsTotal": 2, "LotFront": 6078.38, "LotDepth": 727.55, "BldgFront": 100.0, "BldgDepth": 200.0, "Ext": "N", "ProxCode": "0", "IrrLotCode": "Y", "LotType": "5", "BsmtCode": "0", "AssessLand": 29015550.0, "AssessTot": 33755850.0, "ExemptTot": 33755850.0, "YearBuilt": 1936, "YearAlter1": 0, "YearAlter2": 0, "HistDist": null, "Landmark": "INDIVIDUAL LANDMARK", "BuiltFAR": 0.0, "ResidFAR": 0.0, "CommFAR": 0.0, "FacilFAR": 0.0, "BoroCode": 2, "BBL": 2043330001.0, "CondoNo": 0, "Tract2010": "0334", "XCoord": 1019590, "YCoord": 248822, "ZoneMap": "3c", "ZMCode": "Y", "Sanborn": "214 105", "TaxMap": "21511", "EDesigNum": null, "APPBBL": 0.0, "APPDate": null, "PLUTOMapID": "1", "FIRM07_FLA": "1", "PFIRM15_FL": "1", "Version": "25v4", "DCPEdited": "t", "Latitude": 40.8495632, "Longitude": -73.8722614, "Notes": null, "Shape_Leng": 0.0, "Shape_Area": 6350186.2876700005 }, "geometry": { "type": "MultiPolygon", "coordinates": [ [ [ [ -73.870063628450708, 40.85646500550007 ], [ -73.869907607507457, 40.856496729405706 ], [ -73.869887765387034, 40.85649867641358 ], [ -73.869864549019965, 40.856497069793512 ], [ -73.86984864524851, 40.856492624098301 ], [ -73.869834058752716, 40.856485291984264 ], [ -73.869818493066973, 40.856475311376677 ], [ -73.869803676122999, 40.856461483722661 ], [ -73.869797260538235, 40.856449635058006 ], [ -73.869794017814641, 40.856434568777523 ], [ -73.869795019805991, 40.85641347682725 ], [ -73.869802512920884, 40.856395926548153 ], [ -73.869820987662635, 40.856373876369219 ], [ -73.87023345362563, 40.855849652164878 ], [ -73.870236352279591, 40.85584537359999 ], [ -73.870239971130999, 40.855837853980375 ], [ -73.870242113237211, 40.855828624549424 ], [ -73.870241985568569, 40.855820533502204 ], [ -73.870238626530309, 40.855804283914146 ], [ -73.870231931384282, 40.855782506068493 ], [ -73.870200144201064, 40.855693403316252 ], [ -73.870174761845902, 40.855622258293074 ], [ -73.868528252431062, 40.851006669419604 ], [ -73.868507499023224, 40.850947986658191 ], [ -73.868493411552464, 40.850894691943644 ], [ -73.868486983462134, 40.850830784627149 ], [ -73.86848636878257, 40.850763220771569 ], [ -73.868497710889159, 40.850709166177751 ], [ -73.868519334864573, 40.850656210298418 ], [ -73.868562433970368, 40.850577559052425 ], [ -73.869311274483721, 40.84928790635513 ], [ -73.869374650318917, 40.849166926592872 ], [ -73.869417704018502, 40.849072969209374 ], [ -73.869478718190152, 40.848904375702752 ], [ -73.869508209192205, 40.848803587046952 ], [ -73.869519998801721, 40.848749280778769 ], [ -73.86954145884738, 40.848650431685769 ], [ -73.869554391399546, 40.848569008388111 ], [ -73.869571225472228, 40.848393282380485 ], [ -73.869577944823561, 40.848232921858468 ], [ -73.869570976987305, 40.848051399515498 ], [ -73.86955933656364, 40.847916055499731 ], [ -73.869544946548416, 40.847823412529308 ], [ -73.869505570942522, 40.847677592263466 ], [ -73.869475345265201, 40.847585639181467 ], [ -73.869443503730793, 40.847504960154552 ], [ -73.869416108153786, 40.847444740957023 ], [ -73.869684830373416, 40.846861078059256 ], [ -73.869747096522431, 40.846704526306951 ], [ -73.870877056072572, 40.844696111763 ], [ -73.871030829859919, 40.844451237766556 ], [ -73.8711877941182, 40.844237211718536 ], [ -73.871238324790966, 40.844176701807662 ], [ -73.871401209450212, 40.844003790555469 ], [ -73.871471925879248, 40.843947823591328 ], [ -73.871537659327359, 40.843904910876013 ], [ -73.871603378271985, 40.843872490711213 ], [ -73.871635642559198, 40.843856855317547 ], [ -73.871927449485995, 40.843728950502793 ], [ -73.871983487050883, 40.843704177174743 ], [ -73.872916087613959, 40.843291886969887 ], [ -73.873060451140674, 40.843215365406131 ], [ -73.873202554236613, 40.843131348081279 ], [ -73.874024002982566, 40.842485681188705 ], [ -73.874518646381006, 40.841667151213372 ], [ -73.876801289645996, 40.84244924218379 ], [ -73.876805081913417, 40.842457922690834 ], [ -73.876806192116703, 40.842464756817968 ], [ -73.876809531951295, 40.84248355013721 ], [ -73.876809501891955, 40.84249977795961 ], [ -73.876808300663953, 40.842540775315449 ], [ -73.876807092362995, 40.842586898287529 ], [ -73.8768025358372, 40.842616789824035 ], [ -73.876795725674228, 40.842650946483872 ], [ -73.876779869616541, 40.842709866008398 ], [ -73.876758368672753, 40.842780735376252 ], [ -73.876742509124625, 40.842842216866927 ], [ -73.876737604721143, 40.8428584068444 ], [ -73.876733832146797, 40.842866969498054 ], [ -73.876676975482042, 40.842944793401252 ], [ -73.8765265494348, 40.843116333307137 ], [ -73.876441641631317, 40.84324536242945 ], [ -73.87630301597909, 40.843433635966612 ], [ -73.876192723303163, 40.843566604332118 ], [ -73.876135652290685, 40.843648069326477 ], [ -73.876126768464431, 40.84366889807594 ], [ -73.876105471547461, 40.843687128994922 ], [ -73.8760919481076, 40.843701634065994 ], [ -73.876060387972842, 40.84373832861769 ], [ -73.876045737235131, 40.843754540621767 ], [ -73.876009684998209, 40.843786959279136 ], [ -73.875973624757506, 40.843823649883952 ], [ -73.875857420519765, 40.84401399648732 ], [ -73.875815686946154, 40.844078866418158 ], [ -73.875780697899145, 40.844143741766516 ], [ -73.875749114658589, 40.844193247588038 ], [ -73.875716378585977, 40.844255565211618 ], [ -73.875699452689247, 40.844285441593541 ], [ -73.875681410928621, 40.844310192902313 ], [ -73.875676899701347, 40.844316167313004 ], [ -73.875670140267843, 40.844322138461941 ], [ -73.8756442314114, 40.844343463046684 ], [ -73.875635216547053, 40.844351994485535 ], [ -73.875599152217831, 40.844391245017434 ], [ -73.875586752627697, 40.844405752997844 ], [ -73.875577730470795, 40.844419410046825 ], [ -73.875531464723252, 40.844500503745827 ], [ -73.875495360275551, 40.844561107588802 ], [ -73.87548118732272, 40.844584501159893 ], [ -73.875478317925939, 40.844587834967243 ], [ -73.875438478963062, 40.844643720399759 ], [ -73.875401794552332, 40.844673752893129 ], [ -73.875392779611943, 40.844682284396306 ], [ -73.875386015311975, 40.844690819169848 ], [ -73.875337518532433, 40.844762513621262 ], [ -73.875290156150726, 40.844827377262654 ], [ -73.87524505394299, 40.844887116789501 ], [ -73.875231520455287, 40.844906747284611 ], [ -73.875219107869682, 40.844928086389544 ], [ -73.87520046484083, 40.844963094740436 ], [ -73.875112565168763, 40.845061526161601 ], [ -73.875062484950689, 40.845130538925829 ], [ -73.87498425676614, 40.845269290509862 ], [ -73.874860635306007, 40.845456800508721 ], [ -73.874788213778402, 40.845614810380198 ], [ -73.874764482844057, 40.845645923147607 ], [ -73.874694575931784, 40.845737240193536 ], [ -73.874688933952157, 40.845746629803571 ], [ -73.874684417315237, 40.845756019799964 ], [ -73.87467762695006, 40.845778220374228 ], [ -73.874676456143092, 40.84580298903694 ], [ -73.874680339903037, 40.845831178745122 ], [ -73.874684261192712, 40.845838870523714 ], [ -73.874692676087221, 40.845849983658361 ], [ -73.874700537768632, 40.845856399238357 ], [ -73.874709806626512, 40.84586110543593 ], [ -73.874713501054089, 40.845863202017661 ], [ -73.874698553704548, 40.845946898339015 ], [ -73.874690528596787, 40.84594500510687 ], [ -73.874678452906537, 40.845937091042451 ], [ -73.874668907026916, 40.845928965396631 ], [ -73.874659437766994, 40.845925489098839 ], [ -73.874649219804454, 40.845931079957531 ], [ -73.874644706366084, 40.845938762558561 ], [ -73.874641310622508, 40.845949860165867 ], [ -73.874639041819492, 40.845960110782151 ], [ -73.87463786012809, 40.845990001371511 ], [ -73.874634389400583, 40.846042101111678 ], [ -73.874628670602903, 40.846091635677134 ], [ -73.874625206705147, 40.846139463459046 ], [ -73.874620627229575, 40.846182163567512 ], [ -73.8746149336678, 40.846218886698047 ], [ -73.874609275536542, 40.846236815696891 ], [ -73.874591190564487, 40.846284627560379 ], [ -73.874584387846753, 40.846312808395105 ], [ -73.874580975453668, 40.846333302649718 ], [ -73.87457866152792, 40.846367467566033 ], [ -73.874579732507286, 40.846395655132419 ], [ -73.874583488873981, 40.846414165938519 ], [ -73.874587533951072, 40.846434099430518 ], [ -73.874598701273939, 40.846475963020673 ], [ -73.874602045517094, 40.846492195342627 ], [ -73.874602029411562, 40.846500736493411 ], [ -73.874599765424819, 40.846508420704318 ], [ -73.874597504650453, 40.846514400198316 ], [ -73.874573819422665, 40.84654939107002 ], [ -73.874567046768334, 40.846562197748156 ], [ -73.874539911427973, 40.84663647699189 ], [ -73.874533122136242, 40.846658678475627 ], [ -73.874517237440386, 40.846731263571961 ], [ -73.874505927480399, 40.846763706017491 ], [ -73.87446976967162, 40.846850790302298 ], [ -73.874465238018772, 40.846868719683421 ], [ -73.87445841532876, 40.84690800354474 ], [ -73.874453882852436, 40.846925081861883 ], [ -73.8744380765214, 40.846956667499178 ], [ -73.874395206688035, 40.847024952952175 ], [ -73.87437827384278, 40.847056537352444 ], [ -73.874337592072663, 40.847157279095399 ], [ -73.874319518465683, 40.84719825882339 ], [ -73.874298066613704, 40.847240944100072 ], [ -73.87426534948986, 40.847293008302884 ], [ -73.874224754635378, 40.847347628547176 ], [ -73.874175117177586, 40.847424446854205 ], [ -73.874170605198344, 40.847431275780025 ], [ -73.874167216970619, 40.847438960509642 ], [ -73.874155895401174, 40.847477383018422 ], [ -73.87415250503976, 40.847486775059302 ], [ -73.874147991438434, 40.847494457638774 ], [ -73.874143481072309, 40.847500430231065 ], [ -73.874137843717506, 40.84750725700593 ], [ -73.874124318207123, 40.847519773761697 ], [ -73.874107419920847, 40.847535411996297 ], [ -73.874100655055386, 40.847543946691317 ], [ -73.874082595756732, 40.847577238048579 ], [ -73.874069040352595, 40.847607971515963 ], [ -73.874039625262839, 40.847697623156378 ], [ -73.874000019812414, 40.847823138551213 ], [ -73.873996623457572, 40.847835091549477 ], [ -73.873991619653097, 40.847866621340415 ], [ -73.873957773189261, 40.847913976807682 ], [ -73.873928943707597, 40.84793580535954 ], [ -73.873915423674447, 40.847947749115605 ], [ -73.873877100872306, 40.847989560344438 ], [ -73.873846655165309, 40.848029671954059 ], [ -73.873808312309748, 40.848082584437535 ], [ -73.873800411143051, 40.848096242567507 ], [ -73.87378459419493, 40.848133808294797 ], [ -73.873776135679279, 40.848146184408471 ], [ -73.873769934647626, 40.848152581961834 ], [ -73.873730508028274, 40.848184143368847 ], [ -73.873665169458434, 40.848236172552447 ], [ -73.873655029227237, 40.848245559015112 ], [ -73.873644885752626, 40.848256650945721 ], [ -73.873615567202037, 40.848295054658799 ], [ -73.873595264809495, 40.848324071510611 ], [ -73.87359074621358, 40.848334317792116 ], [ -73.873588483149064, 40.84834200189816 ], [ -73.873587286434585, 40.848379582719275 ], [ -73.873589435323098, 40.848432542230071 ], [ -73.873593865727443, 40.848469274649013 ], [ -73.873593670703897, 40.848472532200013 ], [ -73.873585023263075, 40.848485901794056 ], [ -73.87357825257601, 40.848501120553053 ], [ -73.873572427728789, 40.848504270446604 ], [ -73.873564547577104, 40.84850682377192 ], [ -73.873536980904447, 40.848511918211976 ], [ -73.873528539875977, 40.84851447083534 ], [ -73.873513902915008, 40.848521287697999 ], [ -73.873500393234437, 40.848528961293049 ], [ -73.873489127968199, 40.848537489251221 ], [ -73.873478986459801, 40.848546872935032 ], [ -73.873433897978046, 40.848597219588726 ], [ -73.873412474899467, 40.848623674207012 ], [ -73.873403445335157, 40.848640745778653 ], [ -73.873394408041676, 40.848661237321501 ], [ -73.873391006543599, 40.848675753188552 ], [ -73.873388727708033, 40.848691123945571 ], [ -73.87338521126388, 40.848765430687244 ], [ -73.873381742500968, 40.848814112981458 ], [ -73.873377179407655, 40.848848272710981 ], [ -73.873366980906667, 40.848887551864301 ], [ -73.873345492218377, 40.848949027475193 ], [ -73.87330029441604, 40.849067253271471 ], [ -73.873245739980973, 40.849132335086509 ], [ -73.873225093252501, 40.849177514491323 ], [ -73.873207135774237, 40.849207962077813 ], [ -73.873185360392412, 40.849238644054573 ], [ -73.87315479124355, 40.849275836810577 ], [ -73.873128576908357, 40.849326491403581 ], [ -73.873027875499005, 40.84952998309403 ], [ -73.873018377330837, 40.84955244083519 ], [ -73.873018143798788, 40.849552539546458 ], [ -73.872994512112811, 40.849558493691227 ], [ -73.87298494389826, 40.84956189776652 ], [ -73.87297799927407, 40.849566304376594 ], [ -73.872971979044209, 40.849577259408377 ], [ -73.872968587727868, 40.849585795996447 ], [ -73.872965176294528, 40.849605439212297 ], [ -73.872964012262869, 40.849625081309753 ], [ -73.872966172803331, 40.849672914295766 ], [ -73.872965717795793, 40.849684100170933 ], [ -73.872940644571813, 40.849757918137875 ], [ -73.87290227654772, 40.849898784312373 ], [ -73.87289131877931, 40.849968991806762 ], [ -73.872892427937387, 40.850020897573202 ], [ -73.872922257491695, 40.850266169248194 ], [ -73.872939522675793, 40.850353144518223 ], [ -73.873064501087256, 40.850689310606214 ], [ -73.873116812074386, 40.850759111202251 ], [ -73.873105794554561, 40.850776612989151 ], [ -73.873102403302951, 40.850785150415788 ], [ -73.873100135620149, 40.850794546333724 ], [ -73.87309898260078, 40.850809062823544 ], [ -73.873101204001003, 40.850824439446512 ], [ -73.873113478729664, 40.850875702785615 ], [ -73.873124644240093, 40.850918420977862 ], [ -73.873131349962293, 40.850942343700474 ], [ -73.873142547246331, 40.850969689673789 ], [ -73.873158243145255, 40.850996185939429 ], [ -73.873162731032082, 40.851002168398345 ], [ -73.873169466936247, 40.851009008744306 ], [ -73.873188557480375, 40.851025257507807 ], [ -73.873213268968826, 40.851044076267335 ], [ -73.873280674630578, 40.851089420974183 ], [ -73.873309879071456, 40.85111165927956 ], [ -73.873319982776309, 40.851121065207828 ], [ -73.873330088485957, 40.85113132847485 ], [ -73.873350283387992, 40.851158681559717 ], [ -73.873363729654969, 40.851185174486886 ], [ -73.873376039909772, 40.851218499929715 ], [ -73.873383861842385, 40.851246694903914 ], [ -73.873386045786987, 40.851272990981997 ], [ -73.873386059393169, 40.851274060911713 ], [ -73.873386032377766, 40.851288249190588 ], [ -73.873384539769162, 40.851305009124772 ], [ -73.873380342006669, 40.851322708921785 ], [ -73.873362232937126, 40.851380770003807 ], [ -73.873343178526284, 40.851434206377824 ], [ -73.873207577107607, 40.851721753927805 ], [ -73.873100457680948, 40.851928347970848 ], [ -73.87304956430836, 40.852218884023628 ], [ -73.873049556193308, 40.852257933000644 ], [ -73.873070102641549, 40.852320512035909 ], [ -73.873083542711143, 40.852362150347865 ], [ -73.873089741701847, 40.852374842884302 ], [ -73.873080243101327, 40.852377237949931 ], [ -73.873070112779175, 40.852379788677389 ], [ -73.873058863904333, 40.852380629102392 ], [ -73.873043113923188, 40.852381039493977 ], [ -73.873013314385261, 40.852375881871218 ], [ -73.872974507683182, 40.852376266001301 ], [ -73.872935128517824, 40.852379639875188 ], [ -73.872911491458567, 40.852387300469971 ], [ -73.872903609871315, 40.852391560973537 ], [ -73.872895727178104, 40.852395824238187 ], [ -73.872889341506834, 40.852402364676145 ], [ -73.872887448546649, 40.852411190112228 ], [ -73.872891186975451, 40.852417172672034 ], [ -73.872896237053624, 40.85242315659638 ], [ -73.872906349432682, 40.852429999761007 ], [ -73.872914775186715, 40.852435135591712 ], [ -73.872929390641431, 40.85243942183331 ], [ -73.872947381662968, 40.852442859060204 ], [ -73.872965376061742, 40.852444586300251 ], [ -73.872983375243265, 40.852443753326966 ], [ -73.872992376863365, 40.852442908674156 ], [ -73.873000254661221, 40.852441209127413 ], [ -73.873023886155977, 40.852435255903451 ], [ -73.873048651518047, 40.852426741116986 ], [ -73.873074544902749, 40.852415665679601 ], [ -73.87310906964845, 40.852398807282377 ], [ -73.873116618189599, 40.852406309178519 ], [ -73.873151887329058, 40.852425749196911 ], [ -73.87319800215019, 40.85244248791463 ], [ -73.873272956965266, 40.852468942200105 ], [ -73.873337705125593, 40.852485124194594 ], [ -73.87342970388066, 40.852490494063765 ], [ -73.873492586314143, 40.852491241188588 ], [ -73.873517656532073, 40.852493307484927 ], [ -73.873545107048784, 40.852499641070381 ], [ -73.873582994293145, 40.852510031094845 ], [ -73.873633326414648, 40.852536160130249 ], [ -73.873713544471101, 40.852584584808795 ], [ -73.873740502210154, 40.852616398564294 ], [ -73.873760286029437, 40.852643620025304 ], [ -73.873793937626587, 40.852693196624955 ], [ -73.873818611006058, 40.852732514910535 ], [ -73.873855608690803, 40.852797468405427 ], [ -73.873878031335764, 40.852836785133107 ], [ -73.873915046436807, 40.852893195628965 ], [ -73.873945339292632, 40.852934228267308 ], [ -73.873958804767298, 40.852952180813645 ], [ -73.873966657213558, 40.852963293455254 ], [ -73.873983282455868, 40.852985272113237 ], [ -73.8740337231457, 40.853077837662156 ], [ -73.874498564662005, 40.853823281907488 ], [ -73.874540279253864, 40.853906295243284 ], [ -73.874552140098416, 40.853965307609272 ], [ -73.874595858607677, 40.854041056072163 ], [ -73.874606128271694, 40.854072221664943 ], [ -73.87461696037893, 40.854093178135571 ], [ -73.874616955565656, 40.854095730730847 ], [ -73.874618064939042, 40.854104274935366 ], [ -73.874620296268517, 40.8541128194422 ], [ -73.874624780878491, 40.854121364643461 ], [ -73.87463712330468, 40.854137606733417 ], [ -73.874646110241358, 40.85414530401399 ], [ -73.874646884297803, 40.854145806474804 ], [ -73.874658085797478, 40.854159257714926 ], [ -73.874689094749215, 40.854171411199871 ], [ -73.874698766595657, 40.854172255380945 ], [ -73.874700046445057, 40.854176112780436 ], [ -73.874700027133017, 40.854186361227107 ], [ -73.874696614878744, 40.854206001800797 ], [ -73.874696602803382, 40.85421240972677 ], [ -73.874698811517135, 40.854234191473211 ], [ -73.874703281659706, 40.85425042407315 ], [ -73.874704389835017, 40.854258967355243 ], [ -73.874703249468979, 40.854267507355509 ], [ -73.874700977578314, 40.854278607928833 ], [ -73.874682909097118, 40.854315316715308 ], [ -73.874678386646707, 40.85432812491225 ], [ -73.874669330764206, 40.854358861551788 ], [ -73.874666129183638, 40.854378078202636 ], [ -73.874665915664437, 40.854379359374114 ], [ -73.874662457911938, 40.854423770632316 ], [ -73.874655612929374, 40.85447330289837 ], [ -73.874651079084259, 40.854492087674046 ], [ -73.874638614601793, 40.854539906512095 ], [ -73.874637475833666, 40.854547591017557 ], [ -73.874637459728987, 40.854556133077772 ], [ -73.8746407911066, 40.85458005286106 ], [ -73.874644143008709, 40.854591158715706 ], [ -73.874648619996591, 40.854603123046253 ], [ -73.874654225700553, 40.854613377696175 ], [ -73.874660957291397, 40.854622780753047 ], [ -73.8746688171979, 40.854631330460307 ], [ -73.874677802288957, 40.854638174080357 ], [ -73.874689038651482, 40.854644164653017 ], [ -73.874698033301939, 40.854647164990794 ], [ -73.874708719605636, 40.854647388270322 ], [ -73.874722225163495, 40.854643774837633 ], [ -73.874730670550051, 40.85463994073136 ], [ -73.874763330306152, 40.854619476459348 ], [ -73.87477121153205, 40.854616068563807 ], [ -73.874781340112349, 40.854613944514178 ], [ -73.874804965691226, 40.85461268786711 ], [ -73.874815090250365, 40.854612698869175 ], [ -73.874824928217933, 40.854615058116586 ], [ -73.874832232823167, 40.854618697685765 ], [ -73.874838685377711, 40.854626390440643 ], [ -73.874840924705097, 40.854633226719024 ], [ -73.874843160004374, 40.854640916648314 ], [ -73.874843145534641, 40.854648604133459 ], [ -73.874842005971573, 40.854655434984586 ], [ -73.874839745763694, 40.854662266374589 ], [ -73.874834103447611, 40.854670800480648 ], [ -73.874825089899531, 40.854678477351932 ], [ -73.874812703795286, 40.854685298575056 ], [ -73.874797506683819, 40.854690406753548 ], [ -73.874787942247963, 40.854692104673177 ], [ -73.874706931392083, 40.85470141048976 ], [ -73.874642796918266, 40.854709456890788 ], [ -73.874634916877156, 40.854711583375121 ], [ -73.874627034824726, 40.854715419007462 ], [ -73.874613519687799, 40.854723518627793 ], [ -73.874603940236625, 40.854733756751834 ], [ -73.874598862846568, 40.854741437805885 ], [ -73.874598417141016, 40.854753894717824 ], [ -73.874606138062433, 40.854761305179061 ], [ -73.87461569339024, 40.854765087758793 ], [ -73.87463200069115, 40.854766243769561 ], [ -73.874646065898474, 40.854764550842646 ], [ -73.874678697972527, 40.854759463407746 ], [ -73.874723712447278, 40.854750114794541 ], [ -73.87477886274479, 40.854734799750027 ], [ -73.874827260882242, 40.854720332841048 ], [ -73.874853154751946, 40.854709257845251 ], [ -73.874863291085276, 40.854702435010395 ], [ -73.874873433337143, 40.854693051215172 ], [ -73.874879639793036, 40.854682809404174 ], [ -73.874882468168266, 40.854673416744433 ], [ -73.874882482631747, 40.854665730179391 ], [ -73.874881390102288, 40.854649500250801 ], [ -73.874875794006982, 40.854634119171294 ], [ -73.874866824969757, 40.854618735264211 ], [ -73.874842134587055, 40.854587104784407 ], [ -73.874807356975623, 40.854537527201018 ], [ -73.874795022869748, 40.854516160444696 ], [ -73.87478493814227, 40.854495648783335 ], [ -73.874781574940556, 40.85448795946823 ], [ -73.874780468360854, 40.854478561612247 ], [ -73.874780484443818, 40.854470021309609 ], [ -73.87478275593196, 40.854459774390016 ], [ -73.87479179237063, 40.854439283595511 ], [ -73.874806458234431, 40.854417094282326 ], [ -73.874819141743174, 40.854402799211329 ], [ -73.874831668520855, 40.854395554825786 ], [ -73.874900960474847, 40.854412071326003 ], [ -73.874953801762757, 40.85442750369581 ], [ -73.87497966338104, 40.854433510112813 ], [ -73.875037014962118, 40.854443821808999 ], [ -73.875109438584914, 40.854459618766654 ], [ -73.875139339455103, 40.854466140683527 ], [ -73.875175322938858, 40.854473011765506 ], [ -73.875203439277186, 40.854476458689177 ], [ -73.875229312155028, 40.854476486713402 ], [ -73.875241688170945, 40.854475645541036 ], [ -73.875252940185888, 40.854473951251279 ], [ -73.875308085330005, 40.854461196915096 ], [ -73.875367738362101, 40.854443327253755 ], [ -73.875415017898447, 40.854426295158689 ], [ -73.875445404791378, 40.85441863959484 ], [ -73.875457388177665, 40.8544166459073 ], [ -73.875458217666974, 40.854430205153534 ], [ -73.875465250318499, 40.85446251789655 ], [ -73.875477860615177, 40.854475243833427 ], [ -73.875503291973729, 40.854483054274553 ], [ -73.875579393251527, 40.854487947796976 ], [ -73.875676154585406, 40.854487505716691 ], [ -73.87574556220062, 40.854482266750651 ], [ -73.875788384990997, 40.85447148897287 ], [ -73.875826746544064, 40.854461141395895 ], [ -73.87586756064907, 40.854459020538947 ], [ -73.876026292346253, 40.854449498575477 ], [ -73.876079341264898, 40.854449746561222 ], [ -73.876115237191954, 40.854458419102258 ], [ -73.876242947211864, 40.854510704645492 ], [ -73.8762686092129, 40.854540814114436 ], [ -73.876276460537511, 40.854552779329296 ], [ -73.876291036677614, 40.854579273947792 ], [ -73.876298889595475, 40.854590386427518 ], [ -73.876338731371547, 40.854639126384185 ], [ -73.876349872932664, 40.854667026457705 ], [ -73.876381459501687, 40.854737465434894 ], [ -73.876395363936254, 40.854796687770985 ], [ -73.876401240686917, 40.854853328812958 ], [ -73.876387389716001, 40.855120649745949 ], [ -73.876411210379274, 40.855219383771434 ], [ -73.876435242989686, 40.855291497587281 ], [ -73.876113622471024, 40.855341645594024 ], [ -73.874441906838868, 40.855689313549824 ], [ -73.874440520841759, 40.855711086023597 ], [ -73.873591700117089, 40.855893807065577 ], [ -73.873577918734199, 40.855867082419927 ], [ -73.872794960515947, 40.856052688405633 ], [ -73.871687978578265, 40.856327734888175 ], [ -73.871695739379945, 40.856355574166628 ], [ -73.871259863806216, 40.85647446632332 ], [ -73.871122131778407, 40.856500505013443 ], [ -73.870933924299848, 40.856521862927814 ], [ -73.870752128277644, 40.856535287162352 ], [ -73.870521137543861, 40.856543449238089 ], [ -73.870295281858418, 40.856542629661341 ], [ -73.870070379330883, 40.856540197105289 ], [ -73.870063628450708, 40.85646500550007 ] ] ], [ [ [ -73.875296737656555, 40.853985212748171 ], [ -73.875387003681666, 40.853974808886136 ], [ -73.875447169868835, 40.853973960814081 ], [ -73.875494080249382, 40.853985426195031 ], [ -73.875517092889694, 40.853994700979854 ], [ -73.875530743314343, 40.854004188010784 ], [ -73.875547567442126, 40.854021865747384 ], [ -73.875551270227248, 40.854036294720594 ], [ -73.875521435271708, 40.854243662061819 ], [ -73.875515437416695, 40.854263261299749 ], [ -73.87550979753091, 40.854271797282095 ], [ -73.875479361236401, 40.854305931860154 ], [ -73.875450064302356, 40.854333231055733 ], [ -73.87543316529873, 40.854346024980721 ], [ -73.875412892970971, 40.85435966807291 ], [ -73.875373478641066, 40.854381832449612 ], [ -73.875330695047779, 40.85440143404081 ], [ -73.875314938331641, 40.85440653992567 ], [ -73.875299181176445, 40.854409940253575 ], [ -73.875280053899985, 40.854412482355471 ], [ -73.875260928726931, 40.854413315304328 ], [ -73.875214808307703, 40.854412411702135 ], [ -73.87517656707864, 40.854409807466702 ], [ -73.875141701490904, 40.854406352301737 ], [ -73.875111341146308, 40.854399915052205 ], [ -73.875109438573048, 40.854399262541961 ], [ -73.875100099454514, 40.854396059573737 ], [ -73.875069754374294, 40.854381503483687 ], [ -73.875059636264595, 40.854378078809546 ], [ -73.874977554948757, 40.85435834188003 ], [ -73.874857243748892, 40.854330026648057 ], [ -73.874844874694347, 40.854326595912056 ], [ -73.874830261518468, 40.854321457098415 ], [ -73.874804975656232, 40.854308188759028 ], [ -73.874799498887825, 40.854299384984422 ], [ -73.874832570767694, 40.854289854941634 ], [ -73.874862952338759, 40.85428561607192 ], [ -73.87491920369537, 40.854281834705716 ], [ -73.874977707512443, 40.85427720034351 ], [ -73.875003591662903, 40.854271249160149 ], [ -73.875029478908957, 40.854263589743518 ], [ -73.875053122919539, 40.854252514102939 ], [ -73.87507564454684, 40.854239723570331 ], [ -73.875092541983591, 40.854227786948961 ], [ -73.875109438712983, 40.854214991230982 ], [ -73.875140994215471, 40.854184278106146 ], [ -73.87517255860385, 40.854147583872717 ], [ -73.875209774407452, 40.854098084475559 ], [ -73.875277450871323, 40.854000785558028 ], [ -73.875285363758636, 40.853988080562338 ], [ -73.875296737656555, 40.853985212748171 ] ] ] ] } },
{ "type": "Feature", "properties": { "Borough": "BX", "Block": 4336, "Lot": 1, "CD": 227, "BCT2020": "2033400", "BCTCB2020": "20334001009", "CT2010": "334", "CB2010": "1019", "SchoolDist": "11", "Council": 15, "ZipCode": 10467, "FireComp": "L037", "PolicePrct": 49, "HealthCent": 21, "HealthArea": 1100, "Sanitboro": "2", "SanitDistr": "11", "SanitSub": "2C", "Address": "2855 BRONX PARK EAST", "ZoneDist1": "PARK", "ZoneDist2": null, "ZoneDist3": null, "ZoneDist4": null, "Overlay1": null, "Overlay2": null, "SPDist1": null, "SPDist2": null, "SPDist3": null, "LtdHeight": null, "SplitZone": "N", "BldgClass": "Q1", "LandUse": "09", "Easements": 0, "OwnerType": "C", "OwnerName": "NYC DEPARTMENT OF PARKS AND RECREATION", "LotArea": 6000000, "BldgArea": 111229, "ComArea": 111229, "ResArea": 0, "OfficeArea": 4373, "RetailArea": 0, "GarageArea": 7100, "StrgeArea": 12850, "FactryArea": 0, "OtherArea": 86906, "AreaSource": "2", "NumBldgs": 20, "NumFloors": 1.0, "UnitsRes": 0, "UnitsTotal": 1, "LotFront": 124.5, "LotDepth": 422.08, "BldgFront": 18.0, "BldgDepth": 25.0, "Ext": "N", "ProxCode": "0", "IrrLotCode": "Y", "LotType": "5", "BsmtCode": "0", "AssessLand": 23706000.0, "AssessTot": 29447100.0, "ExemptTot": 29447100.0, "YearBuilt": 1984, "YearAlter1": 2010, "YearAlter2": 2015, "HistDist": null, "Landmark": "INDIVIDUAL LANDMARK", "BuiltFAR": 0.02, "ResidFAR": 0.0, "CommFAR": 0.0, "FacilFAR": 0.0, "BoroCode": 2, "BBL": 2043360001.0, "CondoNo": 0, "Tract2010": "0334", "XCoord": 1019366, "YCoord": 253442, "ZoneMap": "3c", "ZMCode": "Y", "Sanborn": "214 106", "TaxMap": "21601", "EDesigNum": null, "APPBBL": 0.0, "APPDate": null, "PLUTOMapID": "1", "FIRM07_FLA": "1", "PFIRM15_FL": "1", "Version": "25v4", "DCPEdited": "t", "Latitude": 40.8622446, "Longitude": -73.8730468, "Notes": null, "Shape_Leng": 0.0, "Shape_Area": 5929175.426 }, "geometry": { "type": "MultiPolygon", "coordinates": [ [ [ [ -73.870803485679446, 40.87153101873492 ], [ -73.870702970621963, 40.868181531407821 ], [ -73.870696575730719, 40.868089425524055 ], [ -73.870691146225226, 40.868002987595403 ], [ -73.870687939439748, 40.867670251518511 ], [ -73.870621005696307, 40.865294408551271 ], [ -73.870610108380362, 40.865149994353771 ], [ -73.870608747677821, 40.864952603240638 ], [ -73.87059782553753, 40.864526696161519 ], [ -73.870587286443907, 40.864423202525593 ], [ -73.870586508532057, 40.864325622479214 ], [ -73.870614531594782, 40.863939507716488 ], [ -73.870681387563778, 40.863059199638315 ], [ -73.870771805363333, 40.861943017549294 ], [ -73.870821085992603, 40.861253479410955 ], [ -73.870844047511412, 40.861042146917526 ], [ -73.871362068841535, 40.857163931433043 ], [ -73.87109138115953, 40.857232150023108 ], [ -73.870490692123667, 40.857408480058666 ], [ -73.870014221383116, 40.857540985022951 ], [ -73.8697240559368, 40.857626370659233 ], [ -73.869553687309363, 40.857665836550446 ], [ -73.869385030215142, 40.857692510764807 ], [ -73.869273724317864, 40.857706457457077 ], [ -73.869084389258362, 40.857719593179539 ], [ -73.868569889021913, 40.857722176257091 ], [ -73.868990196480212, 40.857232658888421 ], [ -73.869002625227282, 40.857225822947157 ], [ -73.869017646236841, 40.857220298377179 ], [ -73.869031652610474, 40.857215695659058 ], [ -73.869046330974498, 40.857213174802929 ], [ -73.869125782143072, 40.857211272241081 ], [ -73.86926398181194, 40.857210918570111 ], [ -73.869355731002415, 40.857199822308488 ], [ -73.869453813891113, 40.857185534620477 ], [ -73.86952768403529, 40.85716893035714 ], [ -73.869942494898268, 40.857059979479232 ], [ -73.870202999004974, 40.856988008709031 ], [ -73.870322692534046, 40.856981157471871 ], [ -73.870439019315, 40.856983828645348 ], [ -73.870466631744662, 40.856987034798678 ], [ -73.870506789362821, 40.856994065122919 ], [ -73.870548616596551, 40.857004272329689 ], [ -73.870581241943526, 40.857011293244547 ], [ -73.870647337218386, 40.857022163480565 ], [ -73.870659056175441, 40.85702217755847 ], [ -73.870659472893678, 40.857008525649 ], [ -73.870658575754206, 40.856997830360179 ], [ -73.87065655802391, 40.85698702940681 ], [ -73.87064924456574, 40.856965948695034 ], [ -73.870640617206959, 40.856950283085645 ], [ -73.870629133079802, 40.856935028463624 ], [ -73.870610892480954, 40.856917274554888 ], [ -73.871482924005491, 40.856684451030326 ], [ -73.871496452121121, 40.856709949201978 ], [ -73.87284620935867, 40.856362267059232 ], [ -73.873632237546786, 40.856166937834999 ], [ -73.873620272882548, 40.856139061616105 ], [ -73.874573413580279, 40.855926408149607 ], [ -73.874601244208151, 40.855989175754367 ], [ -73.875577235651136, 40.855760179618429 ], [ -73.875929534811888, 40.855681059523434 ], [ -73.876175343008697, 40.855636627045797 ], [ -73.876414408619624, 40.855597294522504 ], [ -73.876562551898417, 40.855578297134755 ], [ -73.876634832001244, 40.855573966236285 ], [ -73.876644600003672, 40.855608031805964 ], [ -73.876647947164358, 40.85562255497581 ], [ -73.876663605578401, 40.855671257787193 ], [ -73.876678126936, 40.855726792302825 ], [ -73.87669712538316, 40.855795144803253 ], [ -73.876700482437315, 40.855803689550527 ], [ -73.876703841919152, 40.855812233463958 ], [ -73.876727397902386, 40.855848131605626 ], [ -73.876733007193735, 40.855856680601953 ], [ -73.876736368265099, 40.855864370777198 ], [ -73.876740834262208, 40.855883167015492 ], [ -73.876747495399556, 40.855930152876212 ], [ -73.876753080958949, 40.855951510440555 ], [ -73.876757560001863, 40.855962620113061 ], [ -73.876771015879669, 40.855986550743836 ], [ -73.876776619233809, 40.855997658940368 ], [ -73.876784441953831, 40.856025855417315 ], [ -73.876793340297965, 40.856079673912753 ], [ -73.876797801946992, 40.856100179295069 ], [ -73.876812288439581, 40.856175357192299 ], [ -73.876815635185551, 40.856190733927967 ], [ -73.876821231128787, 40.856205261253471 ], [ -73.876827953692214, 40.856219789866984 ], [ -73.87683693204599, 40.85623175524109 ], [ -73.876848162170191, 40.85624201847169 ], [ -73.876854903839146, 40.856246295878755 ], [ -73.876866985530356, 40.85625271580782 ], [ -73.876895934757869, 40.856262141555675 ], [ -73.876904927044961, 40.856265995372837 ], [ -73.87691785713983, 40.856270279304539 ], [ -73.876924454768499, 40.85627541104629 ], [ -73.876926267772348, 40.856283955056732 ], [ -73.876923442779088, 40.85629163870086 ], [ -73.876903144499934, 40.856317240559271 ], [ -73.876899759187594, 40.85632321704653 ], [ -73.876891853776314, 40.856340290989635 ], [ -73.876889024769312, 40.856348830040012 ], [ -73.876886171673405, 40.85637103315463 ], [ -73.87688613213281, 40.85639238829723 ], [ -73.876891645031776, 40.856453035166659 ], [ -73.87690054156397, 40.856508564638048 ], [ -73.876901610638811, 40.856538460361492 ], [ -73.876899311675842, 40.856564935940675 ], [ -73.876886800609014, 40.856639231317473 ], [ -73.876884505277104, 40.856663145933496 ], [ -73.876883349331621, 40.856680227925416 ], [ -73.876884457832503, 40.856688769426611 ], [ -73.876886691484387, 40.856698167541573 ], [ -73.876893398300155, 40.856721237203516 ], [ -73.876903477800951, 40.856745164206188 ], [ -73.876920288593979, 40.856780201438518 ], [ -73.876925893621731, 40.856790455054231 ], [ -73.876946097562808, 40.856815246523375 ], [ -73.876950854303317, 40.856827636966337 ], [ -73.876952777539799, 40.856852836571733 ], [ -73.87694933942204, 40.856886143103779 ], [ -73.876944751208072, 40.856933971419906 ], [ -73.876940183061492, 40.856971548616777 ], [ -73.876931682597629, 40.857005703393675 ], [ -73.876928293359299, 40.857012532695514 ], [ -73.876923223226044, 40.857017653811681 ], [ -73.876915338290033, 40.857023625575316 ], [ -73.876890560167809, 40.857038970496916 ], [ -73.876881920168657, 40.857046649681322 ], [ -73.876862360512916, 40.85707993981606 ], [ -73.876849940950393, 40.857104697264049 ], [ -73.876840892867676, 40.857130312053563 ], [ -73.876835228076359, 40.857151659338136 ], [ -73.876835193267723, 40.857170450840357 ], [ -73.876837368763049, 40.857210596207025 ], [ -73.876836212797642, 40.8572276781955 ], [ -73.876826002767999, 40.857272936015043 ], [ -73.8768168814928, 40.857338694683769 ], [ -73.876812213664152, 40.857430080730921 ], [ -73.87680994480769, 40.857440330365542 ], [ -73.876805424880786, 40.857450574077575 ], [ -73.876778355177663, 40.857488981775631 ], [ -73.876773839620384, 40.857497517177435 ], [ -73.876770451178871, 40.857505201971264 ], [ -73.876742176729351, 40.85758631337854 ], [ -73.876724067676165, 40.857644374838479 ], [ -73.876698027979344, 40.85773488619202 ], [ -73.876691386893924, 40.857764169056715 ], [ -73.876682147757322, 40.857804907726404 ], [ -73.876666297229704, 40.857859555131917 ], [ -73.876632352821872, 40.857964576582134 ], [ -73.876601802758245, 40.858059353194527 ], [ -73.87657918024874, 40.85812595194723 ], [ -73.876570139366606, 40.858148150174507 ], [ -73.876548673228513, 40.858196812362927 ], [ -73.876524938481907, 40.858257432403086 ], [ -73.876491070289347, 40.858320600783799 ], [ -73.876450420116043, 40.858401700596758 ], [ -73.876444767789962, 40.858416214115124 ], [ -73.876433448089614, 40.858454638532542 ], [ -73.876426667749371, 40.858471714565745 ], [ -73.876407468765905, 40.858510983346974 ], [ -73.87638602265703, 40.85854939605899 ], [ -73.876335240314106, 40.85863475515648 ], [ -73.876287849575704, 40.858710722899005 ], [ -73.876234812194483, 40.858798641412683 ], [ -73.876185168134157, 40.858876313163364 ], [ -73.876163722157116, 40.858913873098615 ], [ -73.876149034689064, 40.858948021992497 ], [ -73.876144501826062, 40.858965100423774 ], [ -73.876143342468339, 40.85898389154729 ], [ -73.876145557005216, 40.859003537276088 ], [ -73.876150587191418, 40.859020625903952 ], [ -73.876156747722831, 40.859035151183541 ], [ -73.87617356899807, 40.859063357359304 ], [ -73.876179172132055, 40.85907532015451 ], [ -73.876191479385184, 40.859111208970617 ], [ -73.876206024580142, 40.859154783250403 ], [ -73.876221688538692, 40.859200070557108 ], [ -73.876232888487849, 40.859227413431348 ], [ -73.876246338853917, 40.859253907827302 ], [ -73.876264281026337, 40.859284675320239 ], [ -73.876287839211059, 40.859320575287633 ], [ -73.876318148686977, 40.859355626249403 ], [ -73.876327125779483, 40.859368448069731 ], [ -73.876334977303799, 40.859381269602579 ], [ -73.876357381400481, 40.859432541548443 ], [ -73.876380925774981, 40.859475272726584 ], [ -73.876403348882931, 40.859516294382416 ], [ -73.876410080840884, 40.85952655282361 ], [ -73.876429158744997, 40.859551343164156 ], [ -73.876435887540993, 40.859563307069365 ], [ -73.876443733136526, 40.859578689635399 ], [ -73.876451578361426, 40.859594926691344 ], [ -73.876457739799918, 40.859609027805384 ], [ -73.876458289700864, 40.859616289061108 ], [ -73.87645823097985, 40.8596478917922 ], [ -73.876459327152091, 40.859662412544552 ], [ -73.876460436482503, 40.85967180945849 ], [ -73.876462639669924, 40.85969572804089 ], [ -73.876462240701571, 40.859705559116072 ], [ -73.876443439539443, 40.859742432332091 ], [ -73.876404109221824, 40.859802161203575 ], [ -73.876244948244718, 40.859971071372314 ], [ -73.876110844671985, 40.860088993530198 ], [ -73.876039961398234, 40.860166286726219 ], [ -73.875949876381284, 40.860254527129044 ], [ -73.875878873625652, 40.860322496404635 ], [ -73.875801781709214, 40.860414491406374 ], [ -73.875750680073693, 40.860495657982831 ], [ -73.875712100106426, 40.860601937532202 ], [ -73.875690854146498, 40.860675466859838 ], [ -73.875690421816032, 40.860684099984582 ], [ -73.87568678162998, 40.860691668434605 ], [ -73.875679984183833, 40.86071643097155 ], [ -73.875664172072405, 40.860749724925377 ], [ -73.875647160753743, 40.860822307865377 ], [ -73.875639237299922, 40.86084792283711 ], [ -73.8756379229457, 40.860855816971103 ], [ -73.875511533672153, 40.861020201394261 ], [ -73.875442999361425, 40.861070937670839 ], [ -73.875259275299229, 40.861213204004827 ], [ -73.875111526128705, 40.861352639129159 ], [ -73.874895023497984, 40.861551358112514 ], [ -73.874701858859922, 40.861728421802219 ], [ -73.87454346200856, 40.861927079056684 ], [ -73.874509364406919, 40.861976517655414 ], [ -73.874467177994944, 40.862066030204545 ], [ -73.874355695044372, 40.862262607673912 ], [ -73.874273445818872, 40.862421957313657 ], [ -73.874233437568179, 40.862494567130092 ], [ -73.874167904473779, 40.862574498900557 ], [ -73.874063633591163, 40.862679120347558 ], [ -73.873970122897404, 40.862789334681807 ], [ -73.873888808610658, 40.862892695156312 ], [ -73.873838250684145, 40.863004489014202 ], [ -73.873822620390854, 40.863066159211932 ], [ -73.873826829855943, 40.863104576004581 ], [ -73.873824791080168, 40.863111115804898 ], [ -73.873823633437766, 40.863127342335112 ], [ -73.873825849452118, 40.863145281622955 ], [ -73.873812263193742, 40.863190536269776 ], [ -73.873790776264187, 40.863249448174656 ], [ -73.873785100245001, 40.863275919125975 ], [ -73.873778275879928, 40.863314348259799 ], [ -73.873775977171533, 40.863339968336106 ], [ -73.87377705943247, 40.86336217833513 ], [ -73.873781484559686, 40.863402327099998 ], [ -73.873783549373641, 40.863415338553366 ], [ -73.873787042635684, 40.863437352419943 ], [ -73.873788136366386, 40.863453581413737 ], [ -73.873782425752182, 40.863498845602869 ], [ -73.873776689707526, 40.863556920180116 ], [ -73.873777239350034, 40.863564181443458 ], [ -73.873780029743727, 40.863575715274202 ], [ -73.873785634447913, 40.863586824523814 ], [ -73.873794608378901, 40.863601355677481 ], [ -73.873800209153941, 40.863613318492256 ], [ -73.873805823591866, 40.863619303064802 ], [ -73.873812847818499, 40.863623688957318 ], [ -73.873821563558792, 40.863624872736224 ], [ -73.873847436861894, 40.863626611053562 ], [ -73.873861496407017, 40.863628902049157 ], [ -73.873867108286959, 40.863635599724198 ], [ -73.873869903963396, 40.863644997581368 ], [ -73.87387098140205, 40.86366976861995 ], [ -73.873869817269181, 40.863690694755967 ], [ -73.873875348682773, 40.863739811859759 ], [ -73.873882030450417, 40.863776548472444 ], [ -73.87388760857209, 40.863800469777551 ], [ -73.873895447190563, 40.863820122608935 ], [ -73.873899932766051, 40.863827815926776 ], [ -73.873905542372157, 40.863836362373441 ], [ -73.873930241007216, 40.863864577471432 ], [ -73.873939218768413, 40.863876544057611 ], [ -73.873954917106872, 40.863904748383717 ], [ -73.873961645498994, 40.863915004278049 ], [ -73.873968383595752, 40.863922700058431 ], [ -73.873987475908677, 40.863940656043091 ], [ -73.873994213317175, 40.863947496325778 ], [ -73.874022257827647, 40.863990234628695 ], [ -73.874025619512565, 40.863997070298431 ], [ -73.874033467387292, 40.864012453855089 ], [ -73.874036828558559, 40.864020144181659 ], [ -73.874057030899053, 40.864045790613837 ], [ -73.874091835165643, 40.864084265256743 ], [ -73.874124397873146, 40.864117612755066 ], [ -73.874136747693939, 40.864132145812349 ], [ -73.874172655366976, 40.864181724660455 ], [ -73.874202953120289, 40.864223611724299 ], [ -73.874255709853202, 40.864287729425925 ], [ -73.87430509699486, 40.864349279703553 ], [ -73.874335399753846, 40.864388603013616 ], [ -73.874360085863728, 40.864423650917814 ], [ -73.874407199408338, 40.864497157189064 ], [ -73.874437482428789, 40.864547582637506 ], [ -73.874450934662647, 40.864573220805418 ], [ -73.874463266194709, 40.864596295867784 ], [ -73.874486798975823, 40.864646717545192 ], [ -73.874502479295501, 40.864683461156318 ], [ -73.874520407219421, 40.86472277001571 ], [ -73.8745293576835, 40.864749259686185 ], [ -73.874550642470695, 40.864797968830693 ], [ -73.874562933790656, 40.864842397151008 ], [ -73.874570744940058, 40.86487742395655 ], [ -73.874575177889895, 40.864912448925416 ], [ -73.874577403836028, 40.864925262683272 ], [ -73.874580766726908, 40.864932099256983 ], [ -73.87458413122711, 40.864938083097321 ], [ -73.874591242904614, 40.864944638308245 ], [ -73.874636827189292, 40.864972567780974 ], [ -73.87463919216114, 40.864974016814536 ], [ -73.874686394443557, 40.865001399896393 ], [ -73.874695380939656, 40.865008242582832 ], [ -73.874704368140598, 40.86501593984314 ], [ -73.87472233046968, 40.865036457276176 ], [ -73.874742528048273, 40.865065520954545 ], [ -73.874764975874299, 40.865094587158858 ], [ -73.874793017756303, 40.865139884466878 ], [ -73.874814336746965, 40.865170656659465 ], [ -73.874839026208818, 40.865203568566848 ], [ -73.87485325182675, 40.865216823016958 ], [ -73.874881668597098, 40.865262123471055 ], [ -73.874923166125711, 40.865332206044656 ], [ -73.874936636378749, 40.865348449292902 ], [ -73.874961339729737, 40.86537410144939 ], [ -73.875005137323825, 40.865417710251101 ], [ -73.875027593698192, 40.865441650722786 ], [ -73.875041059689707, 40.865459599589911 ], [ -73.875052276256795, 40.865478404102589 ], [ -73.875061247903773, 40.865493788803583 ], [ -73.875096027834701, 40.865545928094399 ], [ -73.875109483731961, 40.865569858792178 ], [ -73.875126299523032, 40.865602333434346 ], [ -73.875139740613307, 40.865634804415521 ], [ -73.875162177865178, 40.865668993371138 ], [ -73.875171149170512, 40.865685232720146 ], [ -73.875176750365355, 40.865697197305202 ], [ -73.875186821700822, 40.865727102747329 ], [ -73.875198003866387, 40.865762986811134 ], [ -73.875205838291379, 40.86578520410027 ], [ -73.875210861144652, 40.865806989759882 ], [ -73.875211404940003, 40.865816813809339 ], [ -73.875209125932756, 40.865832186312247 ], [ -73.875198935532197, 40.865866339080398 ], [ -73.875188751139575, 40.865897931645655 ], [ -73.875174073637794, 40.865924392900034 ], [ -73.875151503053004, 40.865961096809073 ], [ -73.875124425829114, 40.866001212285099 ], [ -73.875107504038624, 40.866025110137379 ], [ -73.87510299089449, 40.866031938156937 ], [ -73.875099603825618, 40.86603791282333 ], [ -73.875090556278366, 40.866063527435799 ], [ -73.875082636797544, 40.866086580387091 ], [ -73.87507698191196, 40.866101949310391 ], [ -73.875073593940826, 40.866109632202217 ], [ -73.875067948681632, 40.866119876367357 ], [ -73.875061171319302, 40.866133534005321 ], [ -73.875046466440651, 40.866175796090424 ], [ -73.87504137858862, 40.866188604582192 ], [ -73.87502161943587, 40.866225738339359 ], [ -73.875006944613844, 40.866251345001643 ], [ -73.875001302544163, 40.866259880939552 ], [ -73.874994535998326, 40.86626841482088 ], [ -73.874986646586621, 40.866276091906052 ], [ -73.874976506894257, 40.866283769309156 ], [ -73.87492806591878, 40.866315319495001 ], [ -73.874880753295102, 40.866346017230789 ], [ -73.87485034441373, 40.866363066482364 ], [ -73.874826696055493, 40.866374145654255 ], [ -73.874798549474605, 40.866383510870072 ], [ -73.87475239904748, 40.866395417386656 ], [ -73.874723137118551, 40.86640051117741 ], [ -73.874713003117165, 40.866403914857734 ], [ -73.874702871530303, 40.866407322972627 ], [ -73.874692734305341, 40.866412435796207 ], [ -73.874665697982408, 40.866431196893842 ], [ -73.874616130550393, 40.866463601216445 ], [ -73.874564310893689, 40.866497708532656 ], [ -73.874544030244905, 40.866513060585461 ], [ -73.874532762063538, 40.866521589454045 ], [ -73.874516986285428, 40.866535239936688 ], [ -73.874493316449829, 40.866558275774075 ], [ -73.874470765538732, 40.866583021890293 ], [ -73.874463997280117, 40.866592409307977 ], [ -73.874450455808514, 40.866613747943887 ], [ -73.874443688351604, 40.86662270769753 ], [ -73.874426779580816, 40.866640199295816 ], [ -73.874408749540393, 40.86665470096009 ], [ -73.874387304384811, 40.866690549610844 ], [ -73.874371506748219, 40.866714447574303 ], [ -73.874324130207242, 40.866779310567168 ], [ -73.874313979061, 40.866792965316172 ], [ -73.87427970566651, 40.866840773942968 ], [ -73.874222874283305, 40.866878257874163 ], [ -73.874041214143077, 40.866975616885547 ], [ -73.873850230844994, 40.867070686288763 ], [ -73.87340276971517, 40.867260039763451 ], [ -73.873122885644577, 40.867360524865461 ], [ -73.872944563895089, 40.86744311679314 ], [ -73.87281165483013, 40.8675011203349 ], [ -73.872720905949208, 40.867577960803459 ], [ -73.872658210510977, 40.867649920017818 ], [ -73.872629336883094, 40.867708275113984 ], [ -73.872580499168507, 40.867790972641778 ], [ -73.872553556749423, 40.867846776003717 ], [ -73.872543895123002, 40.867937064779817 ], [ -73.872530117557631, 40.867983994878394 ], [ -73.872491796883693, 40.868078147422509 ], [ -73.872392699602017, 40.868213113245723 ], [ -73.872320286140294, 40.868332368833492 ], [ -73.872182946393593, 40.868473172291438 ], [ -73.872066242192119, 40.868580264210756 ], [ -73.87195450853558, 40.868662428812598 ], [ -73.871882472243541, 40.868702253106569 ], [ -73.871845016959682, 40.868750516493186 ], [ -73.871826901979645, 40.868803568590181 ], [ -73.871823737682604, 40.868846330311683 ], [ -73.871832580647578, 40.868936310982726 ], [ -73.872058586014461, 40.869191260639255 ], [ -73.872328180709133, 40.869472428256657 ], [ -73.87238612455964, 40.869562008415429 ], [ -73.872391905118405, 40.869597848930411 ], [ -73.872383291253314, 40.869625352140993 ], [ -73.872372435328899, 40.869641795698378 ], [ -73.87232878584841, 40.869715101290602 ], [ -73.872270582116542, 40.869770558381816 ], [ -73.872239572765494, 40.869832297746719 ], [ -73.872236070204778, 40.869869688543453 ], [ -73.872239243050075, 40.869905686462438 ], [ -73.872280841047171, 40.869966097004664 ], [ -73.872336111338242, 40.870052119141803 ], [ -73.872547056996808, 40.87022050309821 ], [ -73.872607640889285, 40.870284212263947 ], [ -73.872678667839608, 40.870368864922519 ], [ -73.872719054111712, 40.870457208933743 ], [ -73.872764287096032, 40.870519100135397 ], [ -73.8728005438483, 40.870593994351708 ], [ -73.873075084316298, 40.87079389446712 ], [ -73.873111704715782, 40.870861910231071 ], [ -73.873119021804484, 40.870894656017981 ], [ -73.873105621376865, 40.870908564992526 ], [ -73.873092090113516, 40.870923924128114 ], [ -73.873071783837872, 40.870951235307786 ], [ -73.873053070033961, 40.870976011540378 ], [ -73.872947864884338, 40.871050003367081 ], [ -73.872857199596169, 40.871148912309486 ], [ -73.872727232768597, 40.871335447791232 ], [ -73.87268319463395, 40.871444085718139 ], [ -73.872642101206068, 40.87160934246117 ], [ -73.872598281562531, 40.871696046378339 ], [ -73.872578088983346, 40.871732922789647 ], [ -73.872559409409817, 40.871754408179982 ], [ -73.872545875000938, 40.871770620062371 ], [ -73.872532059846222, 40.871786621817542 ], [ -73.872497413164439, 40.871811565801153 ], [ -73.872476007911914, 40.871825208843966 ], [ -73.872462485722593, 40.871836296972077 ], [ -73.87244670298746, 40.871850798964921 ], [ -73.872437680273151, 40.871861894747056 ], [ -73.872428655386301, 40.871874695155071 ], [ -73.872407201028452, 40.871913961605024 ], [ -73.872375374283422, 40.871974428885572 ], [ -73.872180883596613, 40.871937372215797 ], [ -73.870807829615345, 40.871675756771872 ], [ -73.870803485679446, 40.87153101873492 ] ] ], [ [ [ -73.876367649954673, 40.859017498548937 ], [ -73.876381631280992, 40.859058181622352 ], [ -73.876413610081883, 40.859180347049552 ], [ -73.876442952950072, 40.859303532536238 ], [ -73.876431886111362, 40.859295106343815 ], [ -73.876415125262113, 40.859233589246315 ], [ -73.876398342318325, 40.859184032491321 ], [ -73.876356882441698, 40.859095583027404 ], [ -73.876343447635847, 40.85906012335942 ], [ -73.876340099992618, 40.859046454847572 ], [ -73.876340123823312, 40.859033641683858 ], [ -73.876343546123906, 40.859007167332777 ], [ -73.876346939076768, 40.858997776086603 ], [ -73.876350440064797, 40.85898622304407 ], [ -73.876367649954673, 40.859017498548937 ] ] ], [ [ [ -73.874057451883687, 40.863673940282176 ], [ -73.87405760700652, 40.863674306542947 ], [ -73.874049885966713, 40.863660569529614 ], [ -73.874043165687752, 40.863643478893984 ], [ -73.874043024682209, 40.863643048064411 ], [ -73.874057451883687, 40.863673940282176 ] ] ], [ [ [ -73.875265520710087, 40.866087190202201 ], [ -73.875183557236795, 40.866243360155295 ], [ -73.87510391047276, 40.866342436892758 ], [ -73.874995871017532, 40.86643025811297 ], [ -73.874927708775104, 40.866464798111572 ], [ -73.874739891969199, 40.86654108326502 ], [ -73.874748757673359, 40.866536346690928 ], [ -73.874783100234765, 40.866522290449673 ], [ -73.874793234353788, 40.866517603522233 ], [ -73.874844495989535, 40.866481785430004 ], [ -73.874862518350426, 40.866470701984674 ], [ -73.874894052969282, 40.866453653031158 ], [ -73.874929246158331, 40.866435753384323 ], [ -73.874950351873849, 40.866430652528457 ], [ -73.874992009595488, 40.866415322762784 ], [ -73.875005523049097, 40.866409359003327 ], [ -73.875015661545163, 40.866401681678958 ], [ -73.875044996399538, 40.866359007635154 ], [ -73.875070946632448, 40.866319745533147 ], [ -73.875076958276523, 40.866314627368368 ], [ -73.875104454477622, 40.866300992190453 ], [ -73.875131776165958, 40.866280522150397 ], [ -73.875140790860172, 40.866273699008246 ], [ -73.875146431309958, 40.86626601671535 ], [ -73.87515319662063, 40.866257483743873 ], [ -73.875158841878374, 40.866247239573497 ], [ -73.875163363053076, 40.86623613961131 ], [ -73.87516676185507, 40.866223331960775 ], [ -73.875176975582605, 40.866176793045902 ], [ -73.875185759839951, 40.866142318261147 ], [ -73.875191686405159, 40.866131966307044 ], [ -73.875207464758375, 40.866117464758354 ], [ -73.875237889467869, 40.866091872448969 ], [ -73.875266070725232, 40.866064572151998 ], [ -73.875276791044698, 40.866055103966104 ], [ -73.875265520710087, 40.866087190202201 ] ] ] ] } }
]
}
