{
"type": "FeatureCollection",
"name": "pluto_Marine_Park-Plumb_Island",
"crs": { "type": "name", "properties": { "name": "urn:ogc:def:crs:OGC:1.3:CRS84" } },
"features": [
{ "type": "Feature", "properties": { "Borough": "BK", "Block": 8496, "Lot": 1, "CD": 318, "BCT2020": "3066600", "BCTCB2020": "30666001001", "CT2010": "666", "CB2010": "1002", "SchoolDist": "22", "Council": 46, "ZipCode": 11234, "FireComp": "E321", "PolicePrct": 63, "HealthCent": 35, "HealthArea": 8822, "Sanitboro": "3", "SanitDistr": "18", "SanitSub": "7D", "Address": "3000 FILLMORE AVENUE", "ZoneDist1": "PARK", "ZoneDist2": null, "ZoneDist3": null, "ZoneDist4": null, "Overlay1": null, "Overlay2": null, "SPDist1": null, "SPDist2": null, "SPDist3": null, "LtdHeight": null, "SplitZone": "N", "BldgClass": "Q1", "LandUse": "09", "Easements": 0, "OwnerType": "C", "OwnerName": "NYC DEPARTMENT OF PARKS AND RECREATION", "LotArea": 3192632, "BldgArea": 2000, "ComArea": 2000, "ResArea": 0, "OfficeArea": 0, "RetailArea": 0, "GarageArea": 0, "StrgeArea": 0, "FactryArea": 0, "OtherArea": 0, "AreaSource": "2", "NumBldgs": 1, "NumFloors": 1.0, "UnitsRes": 0, "UnitsTotal": 0, "LotFront": 1101.0, "LotDepth": 1742.0, "BldgFront": 90.0, "BldgDepth": 42.0, "Ext": "N", "ProxCode": "0", "IrrLotCode": "Y", "LotType": "3", "BsmtCode": "0", "AssessLand": 16326425.0, "AssessTot": 22776750.0, "ExemptTot": 22776750.0, "YearBuilt": 2010, "YearAlter1": 0, "YearAlter2": 0, "HistDist": null, "Landmark": null, "BuiltFAR": 0.0, "ResidFAR": 0.0, "CommFAR": 0.0, "FacilFAR": 0.0, "BoroCode": 3, "BBL": 3084960001.0, "CondoNo": 0, "Tract2010": "0666", "XCoord": 1002388, "YCoord": 160034, "ZoneMap": "23b", "ZMCode": "Y", "Sanborn": "319 026", "TaxMap": "32503", "EDesigNum": null, "APPBBL": 0.0, "APPDate": null, "PLUTOMapID": "1", "FIRM07_FLA": null, "PFIRM15_FL": null, "Version": "25v4", "DCPEdited": "t", "Latitude": 40.6059141, "Longitude": -73.9346784, "Notes": null, "Shape_Leng": 0.0, "Shape_Area": 3182084.3184799999 }, "geometry": { "type": "MultiPolygon", "coordinates": [ [ [ [ -73.930045158529381, 40.605102850430377 ], [ -73.934272669856469, 40.602371123239053 ], [ -73.938358564816951, 40.606038637609196 ], [ -73.938106963889808, 40.60620185089433 ], [ -73.937893555942878, 40.606596597351498 ], [ -73.938355279554912, 40.607011009741875 ], [ -73.938495147433798, 40.606920277350696 ], [ -73.939059283835505, 40.607426594988041 ], [ -73.936047490455238, 40.609380261146505 ], [ -73.934220918906902, 40.607742262519331 ], [ -73.933507164405427, 40.608212968368981 ], [ -73.930045158529381, 40.605102850430377 ] ] ] ] } },
{ "type": "Feature", "properties": { "Borough": "BK", "Block": 8496, "Lot": 100, "CD": 315, "BCT2020": "3066600", "BCTCB2020": "30666001001", "CT2010": "666", "CB2010": "1002", "SchoolDist": "22", "Council": 46, "ZipCode": 11229, "FireComp": "E321", "PolicePrct": 61, "HealthCent": 35, "HealthArea": 8822, "Sanitboro": "3", "SanitDistr": "15", "SanitSub": "2E", "Address": "100 FILLMORE AVENUE", "ZoneDist1": "R4", "ZoneDist2": null, "ZoneDist3": null, "ZoneDist4": null, "Overlay1": null, "Overlay2": null, "SPDist1": null, "SPDist2": null, "SPDist3": null, "LtdHeight": null, "SplitZone": "N", "BldgClass": "W1", "LandUse": "08", "Easements": 0, "OwnerType": "C", "OwnerName": "NYC DEPARTMENT OF EDUCATION", "LotArea": 92765, "BldgArea": 155720, "ComArea": 155720, "ResArea": 0, "OfficeArea": 155720, "RetailArea": 0, "GarageArea": 0, "StrgeArea": 0, "FactryArea": 0, "OtherArea": 0, "AreaSource": "2", "NumBldgs": 2, "NumFloors": 3.0, "UnitsRes": 0, "UnitsTotal": 0, "LotFront": 179.0, "LotDepth": 517.5, "BldgFront": 170.0, "BldgDepth": 458.0, "Ext": "N", "ProxCode": "0", "IrrLotCode": "N", "LotType": "5", "BsmtCode": "0", "AssessLand": 587250.0, "AssessTot": 15462000.0, "ExemptTot": 15462000.0, "YearBuilt": 1960, "YearAlter1": 0, "YearAlter2": 0, "HistDist": null, "Landmark": null, "BuiltFAR": 1.68, "ResidFAR": 1.0, "CommFAR": 0.0, "FacilFAR": 2.0, "BoroCode": 3, "BBL": 3084960100.0000005, "CondoNo": 0, "Tract2010": "0666", "XCoord": 1001280, "YCoord": 160334, "ZoneMap": "23b", "ZMCode": null, "Sanborn": "319 026", "TaxMap": "32503", "EDesigNum": null, "APPBBL": 0.0, "APPDate": null, "PLUTOMapID": "1", "FIRM07_FLA": null, "PFIRM15_FL": null, "Version": "25v4", "DCPEdited": "t", "Latitude": 40.6067397, "Longitude": -73.9386679, "Notes": null, "Shape_Leng": 0.0, "Shape_Area": 100313.906069 }, "geometry": { "type": "MultiPolygon", "coordinates": [ [ [ [ -73.938358564816951, 40.606038637609196 ], [ -73.939550189878247, 40.607108140296887 ], [ -73.939149742096831, 40.60736791563194 ], [ -73.939059283835505, 40.607426594988041 ], [ -73.938495147433798, 40.606920277350696 ], [ -73.938355279554912, 40.607011009741875 ], [ -73.937893555942878, 40.606596597351498 ], [ -73.938106963889808, 40.60620185089433 ], [ -73.938358564816951, 40.606038637609196 ] ] ] ] } },
{ "type": "Feature", "properties": { "Borough": "BK", "Block": 8590, "Lot": 600, "CD": 318, "BCT2020": "3066600", "BCTCB2020": "30666001000", "CT2010": "666", "CB2010": "1000", "SchoolDist": "22", "Council": 46, "ZipCode": 11234, "FireComp": "E309", "PolicePrct": 63, "HealthCent": 35, "HealthArea": 8822, "Sanitboro": "3", "SanitDistr": "18", "SanitSub": "7D", "Address": "3000 FLATBUSH AVENUE", "ZoneDist1": "PARK", "ZoneDist2": null, "ZoneDist3": null, "ZoneDist4": null, "Overlay1": null, "Overlay2": null, "SPDist1": null, "SPDist2": null, "SPDist3": null, "LtdHeight": null, "SplitZone": "N", "BldgClass": "Q1", "LandUse": "09", "Easements": 0, "OwnerType": "C", "OwnerName": "NYC DEPARTMENT OF PARKS AND RECREATION", "LotArea": 33693556, "BldgArea": 10250, "ComArea": 10250, "ResArea": 0, "OfficeArea": 10250, "RetailArea": 0, "GarageArea": 0, "StrgeArea": 0, "FactryArea": 0, "OtherArea": 0, "AreaSource": "2", "NumBldgs": 10, "NumFloors": 0.0, "UnitsRes": 0, "UnitsTotal": 1, "LotFront": 143.42, "LotDepth": 128.75, "BldgFront": 0.0, "BldgDepth": 0.0, "Ext": "N", "ProxCode": "0", "IrrLotCode": "Y", "LotType": "5", "BsmtCode": "0", "AssessLand": 77534326.0, "AssessTot": 108020700.0, "ExemptTot": 108020700.0, "YearBuilt": 1930, "YearAlter1": 0, "YearAlter2": 0, "HistDist": null, "Landmark": null, "BuiltFAR": 0.0, "ResidFAR": 0.0, "CommFAR": 0.0, "FacilFAR": 0.0, "BoroCode": 3, "BBL": 3085900600.0, "CondoNo": 0, "Tract2010": "0666", "XCoord": 1006632, "YCoord": 156639, "ZoneMap": "29a", "ZMCode": "Y", "Sanborn": "319 072", "TaxMap": "32504", "EDesigNum": null, "APPBBL": 0.0, "APPDate": null, "PLUTOMapID": "1", "FIRM07_FLA": "1", "PFIRM15_FL": "1", "Version": "25v4", "DCPEdited": "t", "Latitude": 40.5965858, "Longitude": -73.9194054, "Notes": null, "Shape_Leng": 0.0, "Shape_Area": 24861674.757 }, "geometry": { "type": "MultiPolygon", "coordinates": [ [ [ [ -73.908242229326632, 40.593518190942532 ], [ -73.908223760242024, 40.59343843671693 ], [ -73.908201817105976, 40.593295124517212 ], [ -73.908195855494085, 40.593207212591999 ], [ -73.908200326817266, 40.593061278425878 ], [ -73.908209632898973, 40.592889010627324 ], [ -73.908221204547715, 40.592758072205619 ], [ -73.908253743419621, 40.592570405179025 ], [ -73.908293297326907, 40.592346157286912 ], [ -73.908341742623307, 40.592145194071328 ], [ -73.908374619729116, 40.592022091090037 ], [ -73.908436385013516, 40.591845059919045 ], [ -73.908470251073595, 40.591724980725232 ], [ -73.908527057914966, 40.591547161213711 ], [ -73.908648568241162, 40.59122891725864 ], [ -73.908880369043231, 40.590701447976961 ], [ -73.909073338934746, 40.590377653686403 ], [ -73.909325492270099, 40.589983373326618 ], [ -73.909521582627946, 40.589691625807347 ], [ -73.909721422262805, 40.589439698385931 ], [ -73.909893592075704, 40.589251414000962 ], [ -73.910301520374816, 40.588850937661569 ], [ -73.910735887116545, 40.588481219749227 ], [ -73.911196593299664, 40.588139669223118 ], [ -73.911513322804893, 40.587930084422219 ], [ -73.911717583199987, 40.587804542509254 ], [ -73.911882003513711, 40.587708559038518 ], [ -73.911904133052502, 40.587695491548061 ], [ -73.911911872376294, 40.587721644847427 ], [ -73.911938615256318, 40.587834416245528 ], [ -73.911969815992862, 40.587962565639394 ], [ -73.911984298372559, 40.588026638135375 ], [ -73.911996541117375, 40.588089854305935 ], [ -73.912005427671744, 40.588147091194415 ], [ -73.912010942196346, 40.588212011317225 ], [ -73.912013090745546, 40.588283762167919 ], [ -73.912012990449583, 40.588359782383193 ], [ -73.912008319354854, 40.588501570496682 ], [ -73.912004832603472, 40.588598087630409 ], [ -73.912000269755126, 40.588658730759121 ], [ -73.911995745355142, 40.588692893094617 ], [ -73.911987850008003, 40.58873047033336 ], [ -73.911976591717519, 40.588771462480743 ], [ -73.911959711715994, 40.588826969359729 ], [ -73.911929340501516, 40.588918340047208 ], [ -73.91189784483133, 40.589011421744978 ], [ -73.911862986073359, 40.589106207375671 ], [ -73.911827004020097, 40.589203553180297 ], [ -73.911822510989623, 40.589211237470785 ], [ -73.911818018039654, 40.589219775443922 ], [ -73.911795570097652, 40.589249654638671 ], [ -73.911787711982285, 40.589261604836167 ], [ -73.911782093481946, 40.589273559434055 ], [ -73.911780958827222, 40.589282954595532 ], [ -73.911782064104202, 40.589295768052956 ], [ -73.911785409009894, 40.589308581478249 ], [ -73.911811110234567, 40.589358997255772 ], [ -73.91181557737255, 40.589371814220421 ], [ -73.911817802318922, 40.589382919333367 ], [ -73.911818896231253, 40.58940342145101 ], [ -73.911818865737985, 40.589426482915222 ], [ -73.91181658981121, 40.589452105539735 ], [ -73.911812068602373, 40.58948199936917 ], [ -73.911806437664922, 40.589503349157006 ], [ -73.911798567139471, 40.589526403665936 ], [ -73.911764853813395, 40.589600691546998 ], [ -73.911754732126354, 40.589628869177268 ], [ -73.911746853529564, 40.589655343845365 ], [ -73.911744579873087, 40.589680966470979 ], [ -73.911745687255916, 40.589690364277502 ], [ -73.911747913519207, 40.589701468556179 ], [ -73.911770262231741, 40.589748464180886 ], [ -73.911773605869783, 40.58976042660008 ], [ -73.911775834364747, 40.589770677195787 ], [ -73.911775775603303, 40.58981509543532 ], [ -73.911771242978702, 40.589852673404501 ], [ -73.911764469572105, 40.589891106090803 ], [ -73.911754334273226, 40.589929537108809 ], [ -73.911741956981516, 40.589968817320013 ], [ -73.911726216622014, 40.590009805985936 ], [ -73.911720596920532, 40.590022613425546 ], [ -73.911711615405196, 40.590036271873394 ], [ -73.911672327298973, 40.590090909594458 ], [ -73.911657730643114, 40.590114815350383 ], [ -73.911645367935691, 40.590143846766139 ], [ -73.911635242644266, 40.590173733588742 ], [ -73.911627359486971, 40.59020447766261 ], [ -73.911622835806597, 40.590235223407007 ], [ -73.911616016993747, 40.590307821853884 ], [ -73.911613245337762, 40.590355566140325 ], [ -73.911606844080126, 40.590465837472252 ], [ -73.911601158613848, 40.590529039921954 ], [ -73.911584213231393, 40.590632380620633 ], [ -73.9115796737225, 40.590675938118387 ], [ -73.9115716590929, 40.590805767443776 ], [ -73.911552166952106, 40.591142291012495 ], [ -73.911584413670639, 40.59132766956705 ], [ -73.911600022975378, 40.591385764335186 ], [ -73.911617873247238, 40.591443006310463 ], [ -73.911635726984912, 40.591499394602678 ], [ -73.911655822900201, 40.591554930852865 ], [ -73.911671461733263, 40.591590818837503 ], [ -73.911709464558413, 40.591660888013799 ], [ -73.911722871656025, 40.591690794810276 ], [ -73.911735154240532, 40.591722407183909 ], [ -73.911741839747719, 40.59175145595384 ], [ -73.911754056980286, 40.591833465092144 ], [ -73.911766265013966, 40.591921452844723 ], [ -73.911766249191146, 40.591933411754496 ], [ -73.911765114721305, 40.59194536804511 ], [ -73.911752733593715, 40.591986357452726 ], [ -73.911749352388298, 40.592000877578492 ], [ -73.911747076393468, 40.592028207561853 ], [ -73.911745918059523, 40.592055539326033 ], [ -73.911747004613758, 40.592082446898637 ], [ -73.911750326510059, 40.59211191899815 ], [ -73.911755892130643, 40.592140109623131 ], [ -73.911759643427558, 40.592155932163045 ], [ -73.911762576406545, 40.592168302949396 ], [ -73.91177150282499, 40.59219649791914 ], [ -73.911782672518626, 40.592223839174927 ], [ -73.911793847903368, 40.592246056497181 ], [ -73.911809503994604, 40.592269985468342 ], [ -73.911830758438583, 40.592296479041522 ], [ -73.911879985690703, 40.592352038580955 ], [ -73.911900121483754, 40.592376823830598 ], [ -73.911919133931661, 40.592404171939883 ], [ -73.911932548041477, 40.592428952936707 ], [ -73.911960480316424, 40.592488767246188 ], [ -73.911967179454862, 40.592506708097176 ], [ -73.911971639911599, 40.592522939861588 ], [ -73.911978316585248, 40.592558820914007 ], [ -73.911982754529561, 40.592591282672153 ], [ -73.911987169953079, 40.592643388485392 ], [ -73.911987140641898, 40.592665597179661 ], [ -73.911984871512473, 40.592686949468401 ], [ -73.911982607967701, 40.592702325062447 ], [ -73.911978104625732, 40.592719403623065 ], [ -73.911956745191247, 40.592773200596035 ], [ -73.911949994074178, 40.592793693079692 ], [ -73.911933127664909, 40.592838952073713 ], [ -73.911928619771203, 40.592856885231257 ], [ -73.911927487460986, 40.592867133238954 ], [ -73.911927476179073, 40.592875675578377 ], [ -73.911929706978199, 40.592883364118357 ], [ -73.911934178729695, 40.59289105530069 ], [ -73.911993438533102, 40.592986766917143 ], [ -73.912052699522377, 40.593081624736655 ], [ -73.912057170174293, 40.593090170517051 ], [ -73.912060519745282, 40.593098713679147 ], [ -73.912062737209212, 40.593118363885644 ], [ -73.912061589015892, 40.593138006072344 ], [ -73.912054801922949, 40.593186689387551 ], [ -73.912052533925035, 40.593207187994963 ], [ -73.912043503606412, 40.59325757427586 ], [ -73.912042349928569, 40.593283198677035 ], [ -73.912043446145844, 40.593301138817786 ], [ -73.912045663536389, 40.593319930824968 ], [ -73.91206572289866, 40.593401946856268 ], [ -73.912086840584323, 40.593534357826194 ], [ -73.912103503282964, 40.593643703895069 ], [ -73.912116818649352, 40.593743651278317 ], [ -73.912126777468359, 40.593836763027909 ], [ -73.912128977933051, 40.593867513937838 ], [ -73.912128937414593, 40.593898263129176 ], [ -73.912125538352285, 40.593928156062539 ], [ -73.912119898135359, 40.593956338906978 ], [ -73.912082731900853, 40.59410066499624 ], [ -73.912042195582558, 40.594249256980483 ], [ -73.91203429522902, 40.594292814494032 ], [ -73.912029761288295, 40.594332101745195 ], [ -73.912029726354902, 40.594358582443903 ], [ -73.912035290056082, 40.594387627649887 ], [ -73.912045335741311, 40.594417529059356 ], [ -73.912066549282869, 40.594475629970958 ], [ -73.912079950348456, 40.594510661485415 ], [ -73.912090002855336, 40.594534585276563 ], [ -73.912098949996761, 40.594547403903746 ], [ -73.912111260463334, 40.594560225027386 ], [ -73.912126927286835, 40.594574758848552 ], [ -73.912177297906993, 40.594615795559186 ], [ -73.912190724761189, 40.594629474892557 ], [ -73.912200791919346, 40.594643147969791 ], [ -73.912213090055189, 40.594665365184262 ], [ -73.912224262534167, 40.594689290742629 ], [ -73.912251059226875, 40.59476276954279 ], [ -73.912259982854536, 40.59479267182941 ], [ -73.912275576700907, 40.594863579157511 ], [ -73.912283381627162, 40.594894335271782 ], [ -73.912290082131022, 40.594910569654616 ], [ -73.91229678617681, 40.594925950273691 ], [ -73.912305731187701, 40.594939623402489 ], [ -73.912314679633013, 40.594952441093142 ], [ -73.912358314024885, 40.595002872195487 ], [ -73.912416493313259, 40.595070394573106 ], [ -73.912444460750734, 40.595105435417331 ], [ -73.912448374436423, 40.595111846548647 ], [ -73.912451163730708, 40.595121669793564 ], [ -73.912448868811026, 40.59516095960484 ], [ -73.91244879255045, 40.595219043170395 ], [ -73.912449888970002, 40.595238691588584 ], [ -73.912456583019917, 40.595260903574946 ], [ -73.912464397994398, 40.595282263653637 ], [ -73.912484506837757, 40.595329257401737 ], [ -73.912502383579124, 40.595367707178255 ], [ -73.912524742561232, 40.595408725018281 ], [ -73.912553817897859, 40.595453164548523 ], [ -73.912592961763096, 40.595510423432756 ], [ -73.912622048363147, 40.595547174290282 ], [ -73.91265449597762, 40.595583072263537 ], [ -73.912691428125711, 40.595618977158516 ], [ -73.912732842295853, 40.595654883698423 ], [ -73.912958993540755, 40.59580709441839 ], [ -73.913014941992472, 40.595867785250142 ], [ -73.913020538543421, 40.595872912513052 ], [ -73.913028375142474, 40.595878897082038 ], [ -73.913059722031591, 40.595900276734156 ], [ -73.913069236853048, 40.595907543015109 ], [ -73.913089935770827, 40.595931903472923 ], [ -73.913106708679635, 40.59595839515611 ], [ -73.913121243963701, 40.595984029616567 ], [ -73.913151418720545, 40.596045553599012 ], [ -73.913168190555609, 40.596073751716354 ], [ -73.913195032223243, 40.596113064533235 ], [ -73.913269978674379, 40.596213913950436 ], [ -73.913288988234655, 40.596243823869187 ], [ -73.913304640250274, 40.596272021202353 ], [ -73.913341514197242, 40.596352341420292 ], [ -73.913379491620248, 40.596446328739219 ], [ -73.913424159005899, 40.596565090854881 ], [ -73.913440916669359, 40.596604395072859 ], [ -73.913449862227694, 40.596619776478406 ], [ -73.913454434465237, 40.596626142476353 ], [ -73.913475027505442, 40.596654814948629 ], [ -73.913476697074984, 40.596664640919379 ], [ -73.913474443250621, 40.596674462086156 ], [ -73.913467695528368, 40.596692393606013 ], [ -73.913466562292186, 40.596702641540453 ], [ -73.91346823166559, 40.596710758305306 ], [ -73.913488927655564, 40.596737680653206 ], [ -73.913513545414645, 40.596765031880182 ], [ -73.913606429511475, 40.596859914228858 ], [ -73.913641116159283, 40.596899231095712 ], [ -73.913682510625904, 40.596951365518962 ], [ -73.913699291761716, 40.596971878580902 ], [ -73.913714960593495, 40.596986412182595 ], [ -73.913732871740905, 40.597000091110239 ], [ -73.913753026183414, 40.597012920635457 ], [ -73.913777661164346, 40.597027030538179 ], [ -73.913785500622893, 40.597030027084948 ], [ -73.913796703972622, 40.597032597481167 ], [ -73.913837040402598, 40.597036046228098 ], [ -73.913849363702866, 40.597037763779177 ], [ -73.913865044175324, 40.597043324585016 ], [ -73.913889678089291, 40.59705743806078 ], [ -73.913910950422959, 40.597072828691978 ], [ -73.913932215947113, 40.597090782116858 ], [ -73.913959078307613, 40.597115573885333 ], [ -73.913984818544535, 40.597141218403465 ], [ -73.914039651309196, 40.597200195084916 ], [ -73.914065392709773, 40.597224985987275 ], [ -73.914100088514701, 40.597256615814928 ], [ -73.914206428537852, 40.597346383824387 ], [ -73.914275821755325, 40.597411351669614 ], [ -73.914345205121649, 40.597483153524685 ], [ -73.914373180176312, 40.597513923642722 ], [ -73.914401151966629, 40.597547256639082 ], [ -73.914429117095196, 40.597585715313841 ], [ -73.914460434667149, 40.597631007950966 ], [ -73.914472737275915, 40.597649810106986 ], [ -73.914483915446354, 40.59767031795031 ], [ -73.914528625145721, 40.597760037890431 ], [ -73.914549871577989, 40.597795074117215 ], [ -73.914578955871207, 40.597835241958144 ], [ -73.914610284711259, 40.597872847656419 ], [ -73.914642735614407, 40.597907893134384 ], [ -73.914676313186632, 40.597939522788579 ], [ -73.91470877192117, 40.597969443399677 ], [ -73.91473116141421, 40.597987397512426 ], [ -73.91475355517224, 40.598000224092381 ], [ -73.914764755442178, 40.598005360039345 ], [ -73.91477931716399, 40.598010211191244 ], [ -73.9147877207661, 40.598010074212567 ], [ -73.914797250269061, 40.598007090649226 ], [ -73.914816030413135, 40.597998350688215 ], [ -73.914827891931225, 40.597996388272556 ], [ -73.914848797435653, 40.598007128965307 ], [ -73.914865590101897, 40.598019099519277 ], [ -73.91491596500768, 40.598060991373693 ], [ -73.914941708036224, 40.59808407463035 ], [ -73.914964087819513, 40.598108860991616 ], [ -73.914985347668022, 40.598134500200899 ], [ -73.915003242937047, 40.598160994189172 ], [ -73.915014425836389, 40.598179794619043 ], [ -73.915023361927496, 40.598200298905468 ], [ -73.915032300443016, 40.598221660472888 ], [ -73.915038993359829, 40.598245582424447 ], [ -73.915050140374021, 40.598292569060561 ], [ -73.915065709699718, 40.598384829145687 ], [ -73.915073506410224, 40.598422419110783 ], [ -73.915084665443345, 40.598460010646725 ], [ -73.915096947598158, 40.598494185524117 ], [ -73.915164001733274, 40.598636880507335 ], [ -73.915189698365481, 40.598697545096115 ], [ -73.915213145190464, 40.598764188474632 ], [ -73.915310551506806, 40.598831737454098 ], [ -73.915355347784754, 40.598854832017935 ], [ -73.915393707966558, 40.598870235828301 ], [ -73.915422559020627, 40.598874314877683 ], [ -73.915453917794835, 40.59888907240191 ], [ -73.915478552076479, 40.59890361053241 ], [ -73.915485268064771, 40.598909597704072 ], [ -73.915489742795444, 40.59891557953943 ], [ -73.915496442445473, 40.598934372932511 ], [ -73.91549866952586, 40.598945480726066 ], [ -73.915506480616799, 40.598971965440192 ], [ -73.915510946694738, 40.598984780406703 ], [ -73.915522126502836, 40.599005290824778 ], [ -73.915535544356871, 40.599029215862636 ], [ -73.915553443314877, 40.59905229235958 ], [ -73.915573586832977, 40.599074514065201 ], [ -73.915597091609797, 40.599096739999496 ], [ -73.915622838535327, 40.599118112140232 ], [ -73.915651947805799, 40.599138633989696 ], [ -73.915683301642247, 40.599158301876159 ], [ -73.915718016491539, 40.59917626586617 ], [ -73.915760574007038, 40.599196797493413 ], [ -73.915810976099976, 40.59921647943019 ], [ -73.915861381563317, 40.59923360113789 ], [ -73.915995800421257, 40.599277261555571 ], [ -73.916033883151243, 40.599290955827513 ], [ -73.916068604748276, 40.599304646619807 ], [ -73.916099576674213, 40.599317194685561 ], [ -73.916142528198407, 40.59933459626405 ], [ -73.916180605751592, 40.599353417092779 ], [ -73.916209718382532, 40.599370522233592 ], [ -73.916276900222812, 40.599414986819163 ], [ -73.916286978723988, 40.599421827319233 ], [ -73.916338483975309, 40.599455176189558 ], [ -73.916363121043815, 40.599468862290841 ], [ -73.916388880141, 40.599480838160069 ], [ -73.916413521239988, 40.599489399399303 ], [ -73.91645385177064, 40.599497971154719 ], [ -73.916550203501686, 40.599515123371916 ], [ -73.916611821697956, 40.599527979902334 ], [ -73.916654391316285, 40.599538261500555 ], [ -73.91666223403648, 40.599540831011936 ], [ -73.91667007676061, 40.599543397844933 ], [ -73.916684632168213, 40.599552802613815 ], [ -73.916696944154054, 40.599563917714143 ], [ -73.916726044489948, 40.599592978863704 ], [ -73.916735000804849, 40.599600673112022 ], [ -73.916743956841785, 40.599606658239303 ], [ -73.916796588983217, 40.59963573914392 ], [ -73.916929858523503, 40.599704167378988 ], [ -73.916989211322417, 40.599736669718254 ], [ -73.916997047269021, 40.599741800248623 ], [ -73.917004884674284, 40.599747786300235 ], [ -73.917036226299615, 40.599776848158825 ], [ -73.917045182528312, 40.59978368861708 ], [ -73.917054139787368, 40.599788821794206 ], [ -73.917079902464607, 40.59979908839037 ], [ -73.917107904170848, 40.599810214799071 ], [ -73.917215440319794, 40.59984616659559 ], [ -73.917259123861612, 40.599861574546559 ], [ -73.91732968713896, 40.599890664555652 ], [ -73.91752233079076, 40.599973658559549 ], [ -73.917540250760851, 40.599980505514502 ], [ -73.917562656475866, 40.599986500254467 ], [ -73.917648923234367, 40.600003645130137 ], [ -73.917682530812414, 40.600013065301923 ], [ -73.917700451908885, 40.60001991047622 ], [ -73.917715010877501, 40.60002760959172 ], [ -73.917727328549532, 40.600035306175975 ], [ -73.917738520656286, 40.600045562997579 ], [ -73.917764260510197, 40.600075476992821 ], [ -73.917806768529047, 40.600136152210965 ], [ -73.917825788716712, 40.60016008191748 ], [ -73.917904116465891, 40.600254951228386 ], [ -73.917976852278883, 40.600340419621617 ], [ -73.917985805372496, 40.600348968372494 ], [ -73.917995883140662, 40.600356661484177 ], [ -73.918008199805627, 40.600364358957357 ], [ -73.918022759825718, 40.600371203432331 ], [ -73.918051884187562, 40.600381473133432 ], [ -73.918134781876844, 40.600405449290662 ], [ -73.918157183544324, 40.600414006798154 ], [ -73.918175101651613, 40.600423414697595 ], [ -73.918193016726178, 40.60043538640025 ], [ -73.918227721443046, 40.60046359656517 ], [ -73.918243398633308, 40.600473860218088 ], [ -73.918330745225248, 40.600523463837398 ], [ -73.918484166026886, 40.600610696667417 ], [ -73.918627510378741, 40.600689381635505 ], [ -73.918830215076298, 40.600797150323586 ], [ -73.918871652163077, 40.600817677322937 ], [ -73.918911973421032, 40.600834790547147 ], [ -73.918951176771728, 40.600850193845254 ], [ -73.918989265383487, 40.600862179689642 ], [ -73.91902623601996, 40.600871599168144 ], [ -73.919063207358633, 40.600878460182855 ], [ -73.91909906405661, 40.600881901237528 ], [ -73.919132682532549, 40.600882780408789 ], [ -73.919235785445409, 40.600879435723414 ], [ -73.919470013329786, 40.600866788831453 ], [ -73.919578717618748, 40.600864301374422 ], [ -73.919669493167447, 40.600860949405984 ], [ -73.919694145734326, 40.600862675890838 ], [ -73.919715433922875, 40.600866105537548 ], [ -73.919738958929074, 40.600872100636394 ], [ -73.919762481144048, 40.600881514054542 ], [ -73.919787122413908, 40.600892636534759 ], [ -73.919812879700075, 40.600907175438969 ], [ -73.919918136628169, 40.600976433431001 ], [ -73.920016681178708, 40.601035441369874 ], [ -73.920052518546569, 40.601055112107979 ], [ -73.920090598770003, 40.601072434096274 ], [ -73.920103485027681, 40.601074366627891 ], [ -73.920130939170406, 40.601073958008634 ], [ -73.920142144466851, 40.601075674102532 ], [ -73.920150545277039, 40.601079096525673 ], [ -73.920158945249341, 40.601084227231077 ], [ -73.920166220284358, 40.601091089865946 ], [ -73.92017797480699, 40.601102178016667 ], [ -73.920186931646626, 40.601109018312812 ], [ -73.920270916209546, 40.601161179156129 ], [ -73.920367224195545, 40.601216767746763 ], [ -73.920459058296515, 40.601267227380042 ], [ -73.920699842340966, 40.601396373282192 ], [ -73.920799516534501, 40.601449398276607 ], [ -73.920883516277456, 40.601490456129191 ], [ -73.920961920819082, 40.601525532365059 ], [ -73.921035849933475, 40.601554622494227 ], [ -73.921058254378906, 40.601561472825622 ], [ -73.921084019896654, 40.60156747002965 ], [ -73.921169171600852, 40.601582903287905 ], [ -73.92119830191163, 40.601588902781323 ], [ -73.921225189075287, 40.60159660900846 ], [ -73.921248711446736, 40.601605166598176 ], [ -73.921348395656253, 40.601651359825738 ], [ -73.921441353037153, 40.6016992565552 ], [ -73.92145143221164, 40.601705241998587 ], [ -73.921460390360792, 40.601712081359423 ], [ -73.921493972780766, 40.60174200072391 ], [ -73.921508528542262, 40.601753113245785 ], [ -73.92151748750392, 40.601758246074503 ], [ -73.921526448482879, 40.601761667860274 ], [ -73.921534289439506, 40.601765090718501 ], [ -73.921543252430766, 40.601766804219722 ], [ -73.921563420980036, 40.601770233760547 ], [ -73.92158471245331, 40.601771104694244 ], [ -73.921686695592257, 40.601768610641699 ], [ -73.921710227221965, 40.601769480405501 ], [ -73.921733757443391, 40.60177248620834 ], [ -73.921741598708039, 40.601774628529569 ], [ -73.921774086024797, 40.601784473579116 ], [ -73.921786412409389, 40.601784481994542 ], [ -73.921808833845972, 40.601778943848231 ], [ -73.921836862003033, 40.601767860425475 ], [ -73.921855922246536, 40.601760184768352 ], [ -73.921897411103188, 40.601738858130766 ], [ -73.921916473537578, 40.601730329619805 ], [ -73.921926562553452, 40.601726921768957 ], [ -73.921936650680635, 40.601724365756702 ], [ -73.921959068375116, 40.601720963540942 ], [ -73.921982604196813, 40.601719273043386 ], [ -73.922036394272595, 40.601719309659515 ], [ -73.922062172440846, 40.601717617157334 ], [ -73.922083470006996, 40.601713360473738 ], [ -73.922092440198881, 40.601709951762373 ], [ -73.92210140918786, 40.601706538616497 ], [ -73.922170930082586, 40.601671567257526 ], [ -73.922397430459981, 40.601559825754272 ], [ -73.922437795024706, 40.601541916483036 ], [ -73.92253421675332, 40.601502688429001 ], [ -73.922577666222509, 40.601481577127814 ], [ -73.922588979800921, 40.601469556509798 ], [ -73.922618320858049, 40.601454913149851 ], [ -73.922686708113176, 40.601430187822757 ], [ -73.922715861379189, 40.601416542058459 ], [ -73.922736046384983, 40.601404597685878 ], [ -73.922757354695975, 40.601390944862374 ], [ -73.922816801829555, 40.6013457138557 ], [ -73.922931217118631, 40.601250978654726 ], [ -73.922977200499886, 40.60121769657794 ], [ -73.923068041531465, 40.601158821192378 ], [ -73.923103929892463, 40.601134075544913 ], [ -73.923138701393938, 40.601107619097114 ], [ -73.923165625666442, 40.601082011894036 ], [ -73.923184704370968, 40.601058108629168 ], [ -73.923203791586985, 40.601025662189514 ], [ -73.923240857326661, 40.600953084333852 ], [ -73.923255462039705, 40.600920636555877 ], [ -73.923280202547403, 40.600847194990202 ], [ -73.923293683056755, 40.600817309340691 ], [ -73.923330745414304, 40.600746437059406 ], [ -73.923416093834405, 40.600590184359433 ], [ -73.923471136822485, 40.600475761342366 ], [ -73.923486855434859, 40.600448440049625 ], [ -73.923502572412986, 40.600423680803807 ], [ -73.923522774846688, 40.600397213587662 ], [ -73.92354634238292, 40.600367333804527 ], [ -73.923636103486871, 40.60027001947298 ], [ -73.923714645869424, 40.600184656425405 ], [ -73.923744946714365, 40.600146238743093 ], [ -73.923774133279409, 40.600102697299569 ], [ -73.923802204580042, 40.60005402565298 ], [ -73.923832527531488, 40.599995108467851 ], [ -73.923868475587014, 40.599918258490455 ], [ -73.923906680457549, 40.599827742806582 ], [ -73.923923550387741, 40.599774796114623 ], [ -73.92392804542574, 40.599763695712575 ], [ -73.923932537416775, 40.599754302589375 ], [ -73.923940396036613, 40.599743204420271 ], [ -73.923946005210695, 40.599737228689207 ], [ -73.923949372228037, 40.599732104232281 ], [ -73.923960589828852, 40.599721863729883 ], [ -73.923974051024032, 40.599711622038839 ], [ -73.924005448860513, 40.59969199714434 ], [ -73.924042450699517, 40.59967408415703 ], [ -73.924091777934649, 40.599654470205827 ], [ -73.924111957769, 40.599648505042204 ], [ -73.924131012160558, 40.599644245571731 ], [ -73.92416687829423, 40.599640000827684 ], [ -73.924198255881024, 40.599639166991778 ], [ -73.924230751744773, 40.599640896775028 ], [ -73.924262126784697, 40.599644332333874 ], [ -73.924294617562254, 40.59964948134067 ], [ -73.924325987629942, 40.599656335205012 ], [ -73.924495151516695, 40.599698301339949 ], [ -73.924550049931483, 40.599710293660635 ], [ -73.924565733235127, 40.599713721477926 ], [ -73.924600469493669, 40.599717160915397 ], [ -73.924615034747902, 40.599718877028643 ], [ -73.924645283684939, 40.599725731908094 ], [ -73.924675531557426, 40.599733438620405 ], [ -73.924706897599563, 40.599742857104857 ], [ -73.924740504116699, 40.59975398165458 ], [ -73.924795391885411, 40.599774517196536 ], [ -73.92491300216092, 40.599822427307899 ], [ -73.924964528616883, 40.599842108723955 ], [ -73.92509668189615, 40.599913944234295 ], [ -73.925209788075378, 40.599980641384256 ], [ -73.925278098424499, 40.600023394989904 ], [ -73.925328490549319, 40.600055030730182 ], [ -73.925373283458612, 40.600084956355964 ], [ -73.925413592560318, 40.600114024357865 ], [ -73.925428145388892, 40.600126846507813 ], [ -73.92546172642804, 40.600161035049233 ], [ -73.925472923111116, 40.600170438356209 ], [ -73.925484122662411, 40.600177278778681 ], [ -73.925502042549013, 40.60018497817267 ], [ -73.925543488378466, 40.600201234279275 ], [ -73.925559168286455, 40.600208932292112 ], [ -73.925596124933406, 40.600230308556156 ], [ -73.925639799480464, 40.600256817619027 ], [ -73.925703628681291, 40.600297858857374 ], [ -73.925722664520222, 40.6003123912406 ], [ -73.92573833470199, 40.600327777796963 ], [ -73.925762957739792, 40.600355979146762 ], [ -73.925799882203506, 40.600406398076458 ], [ -73.925806595357159, 40.600415799367653 ], [ -73.925823371987178, 40.600446559428342 ], [ -73.925830085002886, 40.600455105194833 ], [ -73.925835683067078, 40.600461087353928 ], [ -73.925846881605992, 40.600467928660223 ], [ -73.925864802708588, 40.600475628918183 ], [ -73.925918578753084, 40.600488475462441 ], [ -73.925935381879015, 40.600494463942638 ], [ -73.926056358293252, 40.600539814009785 ], [ -73.92608548327442, 40.600551791714835 ], [ -73.926124154124864, 40.600569965013534 ], [ -73.926158284348361, 40.600586004431655 ], [ -73.926170608089507, 40.600590281788733 ], [ -73.926184050359225, 40.600593709696561 ], [ -73.926250150837845, 40.600608272311447 ], [ -73.9262669551226, 40.600614260742461 ], [ -73.926277034300767, 40.600619393922862 ], [ -73.926291592393511, 40.600628796636272 ], [ -73.92630166817132, 40.600638200060658 ], [ -73.926336365087209, 40.600676660233049 ], [ -73.926352037802204, 40.600692044866356 ], [ -73.926390106480653, 40.600721112087797 ], [ -73.926432656004479, 40.600752742299186 ], [ -73.926477447727478, 40.600783521172389 ], [ -73.926486679388319, 40.600789234233488 ], [ -73.926583835136356, 40.600849359887 ], [ -73.92662974632691, 40.600881847618744 ], [ -73.926661092243137, 40.600909200318462 ], [ -73.926724900697891, 40.600972447826663 ], [ -73.926755127624375, 40.600998947023065 ], [ -73.926804392062678, 40.601039979251397 ], [ -73.92683798430879, 40.601063917606183 ], [ -73.926887257677592, 40.601094697424259 ], [ -73.926934298558976, 40.601118643413962 ], [ -73.927045189316758, 40.60116740348947 ], [ -73.927130315468318, 40.601205893769688 ], [ -73.927158315705611, 40.60122043153202 ], [ -73.927184076752027, 40.601234116942791 ], [ -73.927203114772851, 40.601246085273928 ], [ -73.927222147969047, 40.601261471923038 ], [ -73.927280365162218, 40.601311904817784 ], [ -73.927345304953832, 40.601365757510919 ], [ -73.927363218645539, 40.601382852714679 ], [ -73.927376647177383, 40.601399091305332 ], [ -73.927387831965817, 40.601418744120991 ], [ -73.927407954194607, 40.601464881624871 ], [ -73.9274303222317, 40.601506750214917 ], [ -73.927449341610554, 40.601534948568613 ], [ -73.927457176337057, 40.601544349552242 ], [ -73.927466131732587, 40.601552043880602 ], [ -73.927489647844041, 40.601568287005023 ], [ -73.927515408816916, 40.601581114141219 ], [ -73.927578134338489, 40.601609342800792 ], [ -73.927607253005348, 40.601625591367188 ], [ -73.927701319670135, 40.601689712048397 ], [ -73.927813298370978, 40.601768365733996 ], [ -73.927851370433942, 40.601796575105887 ], [ -73.927938708269323, 40.601865819801183 ], [ -73.927985738428319, 40.60189830601648 ], [ -73.927992457579307, 40.601902579569675 ], [ -73.928000298882793, 40.601906002906645 ], [ -73.928018221653289, 40.601912847306373 ], [ -73.928083202780329, 40.601928263597713 ], [ -73.928105610379063, 40.601935111719698 ], [ -73.928115689724265, 40.601939388294817 ], [ -73.928124650429368, 40.601944518852441 ], [ -73.928131367466207, 40.601949646077628 ], [ -73.928138085995727, 40.601955630666552 ], [ -73.928157118232733, 40.601974433809936 ], [ -73.928166069275008, 40.601986397409426 ], [ -73.928173902315294, 40.601997505789321 ], [ -73.928175574355308, 40.602006049175912 ], [ -73.92817668488982, 40.602013736688725 ], [ -73.928172742650304, 40.60203316743867 ], [ -73.928175534773061, 40.602042779550573 ], [ -73.928181129668673, 40.602048761675867 ], [ -73.928190651901971, 40.602054746178112 ], [ -73.928211930208789, 40.60206586474024 ], [ -73.92821920969277, 40.602070992396492 ], [ -73.928233201344838, 40.602084668353854 ], [ -73.928244392412836, 40.602100050838118 ], [ -73.928254458178756, 40.602117992825832 ], [ -73.928282413895673, 40.602174386537662 ], [ -73.928293604073474, 40.602190620941457 ], [ -73.928305916011794, 40.602205150439765 ], [ -73.928313755816717, 40.602211135720061 ], [ -73.928322712323066, 40.602217973538608 ], [ -73.928332793109362, 40.602223105618393 ], [ -73.928345114983728, 40.602227384496402 ], [ -73.928370882801048, 40.60223423383205 ], [ -73.928385447782787, 40.602236803983921 ], [ -73.928398895669773, 40.60223766607271 ], [ -73.928526648639206, 40.602239455066957 ], [ -73.928652153308903, 40.602246793289076 ], [ -73.928663362218288, 40.602245519749182 ], [ -73.928681298236441, 40.602241260668521 ], [ -73.928698114439129, 40.6022344380047 ], [ -73.928739597753534, 40.602216526299081 ], [ -73.928763700627513, 40.60220927863962 ], [ -73.928776588768926, 40.60220886065089 ], [ -73.928784990325084, 40.602211001919457 ], [ -73.928791711223511, 40.602214848669171 ], [ -73.928798987733245, 40.60222168724755 ], [ -73.928804584014927, 40.602227671015875 ], [ -73.928813535578655, 40.602241342931599 ], [ -73.92881912394806, 40.602255868195755 ], [ -73.928833650833027, 40.602295166072516 ], [ -73.928847063787472, 40.602327634554918 ], [ -73.928877230484602, 40.602413067722352 ], [ -73.928887290086649, 40.602436990021921 ], [ -73.928898474874387, 40.602458352811063 ], [ -73.928907424479462, 40.602472879236963 ], [ -73.928918615472938, 40.602487406215509 ], [ -73.928932048250076, 40.60250022621851 ], [ -73.928948846873737, 40.602512196465362 ], [ -73.928966764443871, 40.602524163807047 ], [ -73.928985805877033, 40.602533572553554 ], [ -73.929005970382036, 40.602541271869846 ], [ -73.929026135609917, 40.602547264740274 ], [ -73.929075432284577, 40.602559253345142 ], [ -73.929102150790314, 40.602563589831384 ], [ -73.929112408804571, 40.60256525476899 ], [ -73.929130337017028, 40.602566119544875 ], [ -73.929181888914755, 40.60256615143102 ], [ -73.929197574033495, 40.60256872493396 ], [ -73.929208218888604, 40.602571293478142 ], [ -73.929307351838006, 40.602612354515692 ], [ -73.929402567198466, 40.602653411296338 ], [ -73.929433930950921, 40.602667953334453 ], [ -73.929461932301464, 40.602682491453045 ], [ -73.929486569028114, 40.602697882094915 ], [ -73.929508966791118, 40.602713269597075 ], [ -73.929525762559251, 40.602726945363806 ], [ -73.929541433279965, 40.602743185999564 ], [ -73.929555984471236, 40.602761132387279 ], [ -73.929569411413397, 40.602780785528388 ], [ -73.929595140876799, 40.60282436403962 ], [ -73.929632040431741, 40.602901259723609 ], [ -73.929643221030062, 40.602926891764724 ], [ -73.929649924158511, 40.602946542521963 ], [ -73.929653268665888, 40.602963627495278 ], [ -73.929653251535441, 40.602979856637347 ], [ -73.929646476267465, 40.603028539182219 ], [ -73.929639702790524, 40.603075514279737 ], [ -73.929629569158223, 40.603119070746523 ], [ -73.929619438719698, 40.603161772611429 ], [ -73.929613816830752, 40.603178852995569 ], [ -73.929596962587155, 40.60322154980598 ], [ -73.929591332564854, 40.603246316997918 ], [ -73.92958906509358, 40.603271088014431 ], [ -73.929590121071698, 40.603331731512085 ], [ -73.929591197207372, 40.603374439425863 ], [ -73.929590056998421, 40.603392378921306 ], [ -73.929587805769174, 40.603401771715269 ], [ -73.929584436290824, 40.603409458300533 ], [ -73.929579945557478, 40.603417142438545 ], [ -73.929573215211477, 40.603423118587848 ], [ -73.929554148159411, 40.603437626895051 ], [ -73.929530598679762, 40.603452986122669 ], [ -73.92944874444828, 40.603493935537863 ], [ -73.929420711097762, 40.603509293737375 ], [ -73.929325390038571, 40.603569025966429 ], [ -73.92931305618518, 40.603575852409186 ], [ -73.929298480717492, 40.603581821944111 ], [ -73.92924130540807, 40.603600578758289 ], [ -73.929218880991769, 40.603609961758643 ], [ -73.929191970727686, 40.603623610555779 ], [ -73.92917178246401, 40.603638973544015 ], [ -73.929156076929274, 40.603654338465077 ], [ -73.929149344707241, 40.60366202111598 ], [ -73.929144853906877, 40.60366970523684 ], [ -73.929141482249193, 40.603678245488943 ], [ -73.929139231853924, 40.603686785513212 ], [ -73.929136969649335, 40.60370642991586 ], [ -73.929138066998192, 40.603727784597204 ], [ -73.929142516625816, 40.603761101259508 ], [ -73.929146969714992, 40.603786727427028 ], [ -73.929153668546661, 40.603811501303376 ], [ -73.929162609306232, 40.603834570958291 ], [ -73.929173793213394, 40.603855931040258 ], [ -73.929184981054547, 40.603874729994473 ], [ -73.929197289678271, 40.60389181959988 ], [ -73.929210721576496, 40.603908057973278 ], [ -73.929225274146532, 40.603922587834724 ], [ -73.929239830951929, 40.603935408576568 ], [ -73.929255506423345, 40.603947375406051 ], [ -73.929271184808769, 40.603957635708895 ], [ -73.929289105539794, 40.603967043712593 ], [ -73.929308148036441, 40.603974742281608 ], [ -73.929328317843854, 40.60397902497629 ], [ -73.929338401498356, 40.603980740400317 ], [ -73.929347366795383, 40.603980745930805 ], [ -73.929356333301342, 40.603980751461343 ], [ -73.929365298298649, 40.603979902388836 ], [ -73.929389959615932, 40.603974792744943 ], [ -73.929410139075088, 40.603968826651091 ], [ -73.929428076905268, 40.603962004488722 ], [ -73.929434806607077, 40.603957736629148 ], [ -73.929441534001782, 40.603953470441745 ], [ -73.929449385569782, 40.60394749498969 ], [ -73.929456116771647, 40.60394066683974 ], [ -73.929485292943554, 40.603903958010264 ], [ -73.929493147212412, 40.603895420425289 ], [ -73.929500998463112, 40.603888591288175 ], [ -73.929523429144893, 40.603873230458589 ], [ -73.929597441989742, 40.603828004083468 ], [ -73.929614265118047, 40.60381605643979 ], [ -73.929655769001528, 40.603779353301462 ], [ -73.929670349096739, 40.603769113392318 ], [ -73.929684926682654, 40.60376228920893 ], [ -73.929693893141248, 40.603758877226227 ], [ -73.92970510453948, 40.603755465700537 ], [ -73.929751063362446, 40.603746100556435 ], [ -73.929770119462034, 40.603740985635234 ], [ -73.92983402228549, 40.603718817953215 ], [ -73.929967434191198, 40.603671065748486 ], [ -73.929979766509618, 40.6036668038766 ], [ -73.929992095825881, 40.60366424760776 ], [ -73.930017874341303, 40.603661700476081 ], [ -73.930030201275059, 40.603662562608712 ], [ -73.930042526999259, 40.60366342566072 ], [ -73.930054852252596, 40.60366599423223 ], [ -73.930064935184987, 40.603669416119786 ], [ -73.930081738474399, 40.603676260432337 ], [ -73.930096299868751, 40.603684811656883 ], [ -73.930110854757444, 40.603695070239574 ], [ -73.930122050896202, 40.603706181372694 ], [ -73.930131003621398, 40.603718144901293 ], [ -73.93013771245694, 40.603732668942058 ], [ -73.930139944820439, 40.603741211803758 ], [ -73.930139935866805, 40.603749753214579 ], [ -73.930124163248848, 40.603829181235 ], [ -73.930117390026652, 40.603876156358133 ], [ -73.930112869630264, 40.603913308238731 ], [ -73.930113981760414, 40.603919716965905 ], [ -73.930117896763363, 40.603926979413139 ], [ -73.930128531571683, 40.60393937072412 ], [ -73.930141408086897, 40.603949202358848 ], [ -73.930152050062119, 40.603954761460002 ], [ -73.930164561664441, 40.603956475615618 ], [ -73.930172222649418, 40.603954130821094 ], [ -73.930239531650315, 40.603888189719704 ], [ -73.930311329705745, 40.603818190967836 ], [ -73.930327034436246, 40.60380453417298 ], [ -73.930346097648368, 40.603792587784923 ], [ -73.930368522435515, 40.603781496197335 ], [ -73.93039318927022, 40.603772116009765 ], [ -73.930421214055244, 40.603763591621984 ], [ -73.930452600631128, 40.603755922029976 ], [ -73.930542273752167, 40.603738894449371 ], [ -73.930577020418312, 40.603734644347917 ], [ -73.930579373210321, 40.603734586039515 ], [ -73.93061064006406, 40.603733811040009 ], [ -73.930643138294428, 40.603736394530017 ], [ -73.930657703900948, 40.603739818996218 ], [ -73.930672270714226, 40.603743245301494 ], [ -73.930722681877967, 40.603759504119779 ], [ -73.930761891764419, 40.603774047862153 ], [ -73.93079549645114, 40.603788589039425 ], [ -73.930823496794545, 40.603804835107255 ], [ -73.930843652708347, 40.603820221912912 ], [ -73.930885080056612, 40.603857831912855 ], [ -73.93089627780266, 40.603866379249467 ], [ -73.930907476223553, 40.603873220059107 ], [ -73.930927639904553, 40.603883481001354 ], [ -73.930946682675923, 40.60389118113914 ], [ -73.930965731509346, 40.603896317471914 ], [ -73.930978615782436, 40.60389760400215 ], [ -73.930993744672548, 40.603898042720118 ], [ -73.931006073107042, 40.603896341781073 ], [ -73.93102961410122, 40.603891231110588 ], [ -73.931054279676317, 40.603881850862976 ], [ -73.931071097817508, 40.603873318649931 ], [ -73.931077827407222, 40.603869050611706 ], [ -73.931103617674566, 40.60385283697687 ], [ -73.931127171003453, 40.603835769147395 ], [ -73.931148483670555, 40.603816989005551 ], [ -73.931168676159643, 40.603798209022855 ], [ -73.931201213256671, 40.603759792575389 ], [ -73.931232639065925, 40.603716248760371 ], [ -73.93125172356676, 40.603684656433472 ], [ -73.931289900002952, 40.603612929436714 ], [ -73.931308984664525, 40.603582190781452 ], [ -73.93132357370888, 40.603561700967745 ], [ -73.931339280594059, 40.60354462663134 ], [ -73.931356104771268, 40.603530116684254 ], [ -73.931372929599917, 40.603517313262671 ], [ -73.931393114129662, 40.603506221974222 ], [ -73.931439083312895, 40.603484040815374 ], [ -73.931455902291802, 40.603474655785114 ], [ -73.93150749022935, 40.603441373659749 ], [ -73.931523191443205, 40.603428570462924 ], [ -73.931535531515692, 40.60341662069375 ], [ -73.931590515572481, 40.603348321129182 ], [ -73.931655593530792, 40.603271483469094 ], [ -73.931676908163112, 40.603249288419313 ], [ -73.931701586430819, 40.603227096291661 ], [ -73.931729625265078, 40.603205757166798 ], [ -73.931761026295945, 40.603183568114936 ], [ -73.931849618343207, 40.603127246429167 ], [ -73.931927559436616, 40.603076471039394 ], [ -73.931937093461244, 40.603066652926564 ], [ -73.931942705688115, 40.603057262000256 ], [ -73.931947201358994, 40.603044451165417 ], [ -73.931955081486365, 40.603010289176048 ], [ -73.931958450333568, 40.603001749760985 ], [ -73.931962940765274, 40.602994065613636 ], [ -73.931974163255276, 40.602979550407284 ], [ -73.932006701371591, 40.602942839336428 ], [ -73.932013436232779, 40.602930887107604 ], [ -73.93201905018212, 40.60291978429774 ], [ -73.93202692404455, 40.602891604512195 ], [ -73.932033686578521, 40.602854878047928 ], [ -73.93203935485991, 40.602791672916908 ], [ -73.932041042658582, 40.602785267625848 ], [ -73.932047216282072, 40.602774593826794 ], [ -73.932067416911195, 40.602747273192932 ], [ -73.932073029090247, 40.602737883180104 ], [ -73.932077242529544, 40.602727207297917 ], [ -73.93207809474778, 40.602715247977976 ], [ -73.93207418090789, 40.602706705159818 ], [ -73.93206746784729, 40.602697305995839 ], [ -73.93205515108049, 40.602686621226475 ], [ -73.932042831271488, 40.602678925260861 ], [ -73.932028268329489, 40.602672938086911 ], [ -73.932013703757207, 40.602668659193057 ], [ -73.932002498661248, 40.602667370177535 ], [ -73.931977844898611, 40.602666930535442 ], [ -73.931931893573037, 40.602671172560775 ], [ -73.931912842083079, 40.602671161235556 ], [ -73.931861296772794, 40.602666861250093 ], [ -73.931843368816544, 40.602663432174566 ], [ -73.931826562104405, 40.602660006523998 ], [ -73.93180751760994, 40.602653161968931 ], [ -73.93178623556085, 40.60264375327472 ], [ -73.931763832593802, 40.60263178010419 ], [ -73.931732474696318, 40.602612117452558 ], [ -73.931702235102563, 40.602594162822001 ], [ -73.931684317138021, 40.602582191474198 ], [ -73.931670880524734, 40.602570227230416 ], [ -73.931666404977506, 40.602563390505743 ], [ -73.931661928553893, 40.602557409301973 ], [ -73.931642911155279, 40.602524086717914 ], [ -73.931619430074591, 40.602473675951998 ], [ -73.931580293882078, 40.602389090996617 ], [ -73.93156910473904, 40.602371145953889 ], [ -73.931555677181933, 40.602351492125685 ], [ -73.931517625515568, 40.602302781833309 ], [ -73.931447104147708, 40.602223302909003 ], [ -73.931383311790867, 40.60214126684447 ], [ -73.931360927203272, 40.602113919888616 ], [ -73.931326226320422, 40.602074607560041 ], [ -73.931279210712972, 40.602025038129995 ], [ -73.931196368026193, 40.601941280402215 ], [ -73.931144873416301, 40.601887436136344 ], [ -73.931038534871334, 40.60176949849059 ], [ -73.930994876328342, 40.601723346611024 ], [ -73.930975841032634, 40.601707960503468 ], [ -73.930954562726967, 40.601694281408612 ], [ -73.930931040741413, 40.601684017522757 ], [ -73.930918717703605, 40.601679738001025 ], [ -73.930906391688112, 40.60167716943576 ], [ -73.930897429566969, 40.601675455745415 ], [ -73.930886223330972, 40.601675448983165 ], [ -73.930852600646915, 40.601677989815641 ], [ -73.930840273503165, 40.601678836053608 ], [ -73.930830188172393, 40.601677976281309 ], [ -73.930822344975411, 40.601676265017332 ], [ -73.930807781585926, 40.601671130448942 ], [ -73.930795459334021, 40.601665998151738 ], [ -73.930771942139074, 40.601652317670016 ], [ -73.930747305540706, 40.601633510650878 ], [ -73.930721555469418, 40.601609579021094 ], [ -73.930711479920362, 40.601599322304573 ], [ -73.930701408134681, 40.601586504542361 ], [ -73.930663368191773, 40.601527543264389 ], [ -73.930652174104765, 40.601514724818266 ], [ -73.930640980657742, 40.60150361373573 ], [ -73.930633140725519, 40.601497630371561 ], [ -73.930621939535186, 40.601491644133048 ], [ -73.930579377406318, 40.601471972619294 ], [ -73.930562578179249, 40.601461712648749 ], [ -73.930508825397325, 40.601424950565516 ], [ -73.930338614854051, 40.601302701319362 ], [ -73.930299421805771, 40.601273637487033 ], [ -73.93028038432314, 40.601261667913349 ], [ -73.930269182310809, 40.601256535321248 ], [ -73.930259101833528, 40.601252258934075 ], [ -73.93024901836344, 40.601249689907242 ], [ -73.930238935097833, 40.601247974562469 ], [ -73.930229408953238, 40.601247968759481 ], [ -73.930213159421029, 40.6012488134606 ], [ -73.930158233865157, 40.601261593487692 ], [ -73.930144782573805, 40.601264145408415 ], [ -73.930133576296996, 40.601264138572695 ], [ -73.930071943456241, 40.601262392674471 ], [ -73.930027121057179, 40.601258949650664 ], [ -73.929827671514033, 40.601235767086322 ], [ -73.929731304581409, 40.60122631106011 ], [ -73.929703294179816, 40.60122202178178 ], [ -73.929679766044714, 40.601216884243733 ], [ -73.929669683700411, 40.601214314330392 ], [ -73.92965960175367, 40.601209185044446 ], [ -73.929649522224636, 40.601204054002679 ], [ -73.92964056330608, 40.601197214443864 ], [ -73.929624892020556, 40.601181829341506 ], [ -73.929586833208347, 40.601140805214541 ], [ -73.929539820561388, 40.60109038130151 ], [ -73.929518547753858, 40.601070721568831 ], [ -73.929502870909147, 40.601059609371966 ], [ -73.929482710604802, 40.601049347259028 ], [ -73.929459187070975, 40.601039935831309 ], [ -73.929424460922291, 40.601027102686089 ], [ -73.929390853099179, 40.601015976746588 ], [ -73.929362844312138, 40.601009127260177 ], [ -73.929338193253372, 40.601005695486229 ], [ -73.929325867916816, 40.601004834199699 ], [ -73.929314660584637, 40.601004827283404 ], [ -73.929302333547341, 40.601005673356426 ], [ -73.929288882272871, 40.601008227018532 ], [ -73.929230592066048, 40.601025274773185 ], [ -73.929216021983976, 40.601027828655539 ], [ -73.929203692826405, 40.601029527561884 ], [ -73.929147657127444, 40.601032910398409 ], [ -73.929103950506359, 40.60103373795512 ], [ -73.929102153706111, 40.601033736842894 ], [ -73.92906248590883, 40.601033712280916 ], [ -73.929015423698559, 40.601030266554886 ], [ -73.928988533729623, 40.601026833234506 ], [ -73.928961640864713, 40.601021690785196 ], [ -73.928934756366331, 40.601013132688387 ], [ -73.928906751271626, 40.601002866525313 ], [ -73.92888211056183, 40.600990891400961 ], [ -73.928856350972794, 40.60097550168507 ], [ -73.928831718784735, 40.6009566943397 ], [ -73.928804844207207, 40.60093446986366 ], [ -73.928779095584673, 40.60091224516264 ], [ -73.928766783051245, 40.600899425836126 ], [ -73.928761185491396, 40.600892589219043 ], [ -73.928757274761338, 40.600882763004449 ], [ -73.928755604042948, 40.600872939939556 ], [ -73.928756755091655, 40.600843899747268 ], [ -73.928762395556717, 40.600810590256387 ], [ -73.928766900815873, 40.600789239049746 ], [ -73.928773646192866, 40.600767887395811 ], [ -73.92877813775408, 40.600759348686196 ], [ -73.928784871443384, 40.60074995777272 ], [ -73.928791604216997, 40.60074142053859 ], [ -73.928802538550585, 40.600732672413407 ], [ -73.928816694042013, 40.600726702677996 ], [ -73.928826920187674, 40.600727207906822 ], [ -73.928842040495823, 40.600733764147677 ], [ -73.928855480791157, 40.600741460234566 ], [ -73.928912593443968, 40.600778225264328 ], [ -73.928932333599064, 40.600789239417935 ], [ -73.928970831815803, 40.600810719710374 ], [ -73.929007793713595, 40.600829532912933 ], [ -73.929016756156798, 40.600832955955823 ], [ -73.92902571720488, 40.600835524394149 ], [ -73.929044763624645, 40.600839806444768 ], [ -73.929068294115069, 40.600841529304596 ], [ -73.929096309158169, 40.600842402173136 ], [ -73.929102154016562, 40.600842143345552 ], [ -73.929115361035969, 40.600841558444301 ], [ -73.929134415935806, 40.600839007349677 ], [ -73.929178128592852, 40.600831346650935 ], [ -73.929187656647301, 40.600828362815967 ], [ -73.92919999121311, 40.600821538225979 ], [ -73.929215131795786, 40.600809162672562 ], [ -73.929226353605529, 40.600795503337615 ], [ -73.929231965418793, 40.600787818147843 ], [ -73.929237584182289, 40.600772446981196 ], [ -73.929238717790994, 40.600759634171766 ], [ -73.929238733205054, 40.600745115986143 ], [ -73.929234268305223, 40.600729737751465 ], [ -73.92922868098961, 40.600714358824348 ], [ -73.929220853366829, 40.600698125667215 ], [ -73.929210782721213, 40.600683598570086 ], [ -73.929199590264446, 40.600670777223002 ], [ -73.929187275581484, 40.600658812459166 ], [ -73.929173841609511, 40.600648553528664 ], [ -73.929160404019271, 40.600638295514443 ], [ -73.929146963600672, 40.600630598542949 ], [ -73.929132402384212, 40.600623757234516 ], [ -73.929117839352131, 40.600618624291485 ], [ -73.929102154503497, 40.600615197095237 ], [ -73.929059579446587, 40.6006074820747 ], [ -73.929018119769452, 40.600603187977988 ], [ -73.928994587249363, 40.600602318789399 ], [ -73.928936315646766, 40.600602282648453 ], [ -73.928919507968232, 40.600601417615572 ], [ -73.92890494010679, 40.600599700290303 ], [ -73.928897099202857, 40.600597134294325 ], [ -73.928888135886481, 40.600594565006794 ], [ -73.928880296811244, 40.600590288048316 ], [ -73.928872457436313, 40.600585160085402 ], [ -73.928856782233566, 40.600571483159193 ], [ -73.928841114738276, 40.600551826780091 ], [ -73.928836638405897, 40.600544992620776 ], [ -73.928832167523765, 40.600536446582097 ], [ -73.92881987555333, 40.60050227226165 ], [ -73.928816521348068, 40.600494582439424 ], [ -73.92881092411136, 40.600488600427674 ], [ -73.928795255007316, 40.600471507763785 ], [ -73.928777338454722, 40.600456975750184 ], [ -73.928756062390434, 40.600444150765014 ], [ -73.9287336603781, 40.600434739885515 ], [ -73.928724697087929, 40.600432172342948 ], [ -73.928715732885408, 40.600430458479416 ], [ -73.92870564766055, 40.6004295985204 ], [ -73.928695564048553, 40.600429592243117 ], [ -73.9286846355091, 40.600431933063618 ], [ -73.928672862449815, 40.600437265845258 ], [ -73.928665289397784, 40.600444947946329 ], [ -73.928661920878852, 40.600451779904276 ], [ -73.928659672358634, 40.600458610803358 ], [ -73.928658545044314, 40.600465444157166 ], [ -73.928659647671481, 40.600481674920928 ], [ -73.928660758531393, 40.600490216195738 ], [ -73.928664111803073, 40.600498759703555 ], [ -73.928675297843171, 40.600517556956802 ], [ -73.928704386952404, 40.600561138692271 ], [ -73.928714453197003, 40.60058079068255 ], [ -73.928722279582132, 40.600597025631494 ], [ -73.928724509834225, 40.600607274045295 ], [ -73.928722632632685, 40.600615957524248 ], [ -73.928716370035218, 40.600621150511401 ], [ -73.92870880176325, 40.600624348948628 ], [ -73.928699274792493, 40.600625198539966 ], [ -73.92868862994024, 40.600625191912712 ], [ -73.928672944200216, 40.600622618338939 ], [ -73.928658380471418, 40.600619194540585 ], [ -73.928623652687691, 40.600607211236422 ], [ -73.928607968962197, 40.600603787570037 ], [ -73.928532898996295, 40.600590927243559 ], [ -73.928458951072102, 40.600577215726162 ], [ -73.928447749898552, 40.600573789400876 ], [ -73.928436546305207, 40.600570367673484 ], [ -73.928426465941868, 40.600566088364786 ], [ -73.928417505398144, 40.600560959753906 ], [ -73.92840966727222, 40.600555829082268 ], [ -73.928401830065354, 40.60054984556669 ], [ -73.928396232860436, 40.600543862613335 ], [ -73.928392877784418, 40.600537028301325 ], [ -73.928381694573716, 40.600515667215873 ], [ -73.928369403126254, 40.600482347448931 ], [ -73.928357119953859, 40.600441339027988 ], [ -73.92835004342227, 40.600423396239577 ], [ -73.928343702286739, 40.600414849933131 ], [ -73.928336982972041, 40.600409722634254 ], [ -73.92832914395278, 40.600405446559478 ], [ -73.928319062520004, 40.600401170921003 ], [ -73.928307860176005, 40.600397744581244 ], [ -73.928296656797215, 40.600395177441968 ], [ -73.928284331121446, 40.600392606838589 ], [ -73.928266402408013, 40.600391740089378 ], [ -73.928227180621562, 40.600391715518001 ], [ -73.928217096725874, 40.600390855516935 ], [ -73.928208132831259, 40.600389995296915 ], [ -73.92813530760931, 40.600376283354294 ], [ -73.928028863515323, 40.600359987276484 ], [ -73.92800421414762, 40.600357409818628 ], [ -73.927948184316691, 40.600354812620544 ], [ -73.927922412653444, 40.600352231678826 ], [ -73.927901124207395, 40.600348803552308 ], [ -73.92787871744342, 40.600342809070938 ], [ -73.927854073633398, 40.600335106732977 ], [ -73.927826068989859, 40.600324841143312 ], [ -73.927809267415995, 40.600316288213918 ], [ -73.927794710386877, 40.600306883853101 ], [ -73.927781274005113, 40.600295769235828 ], [ -73.927771484478157, 40.600281669030338 ], [ -73.92776897010873, 40.600275262990252 ], [ -73.927768418441872, 40.600267575740808 ], [ -73.927779106374828, 40.600229997471345 ], [ -73.927780796657586, 40.600220604272266 ], [ -73.927779685807394, 40.600212062152259 ], [ -73.927773669474064, 40.600204797460812 ], [ -73.927757848357317, 40.600197525666495 ], [ -73.927743284598321, 40.60019324623002 ], [ -73.927708553660992, 40.600185537412905 ], [ -73.927653652886576, 40.600176961329048 ], [ -73.927630124241318, 40.60017267621533 ], [ -73.927595395015487, 40.600162403642251 ], [ -73.927555070359659, 40.600147857186172 ], [ -73.927518105424681, 40.600132460080495 ], [ -73.927488984475545, 40.600117919017826 ], [ -73.927459869558973, 40.600099963976184 ], [ -73.92741843623979, 40.600071748658365 ], [ -73.927380363482499, 40.600045246499896 ], [ -73.927341173391653, 40.600015326215427 ], [ -73.927324381714413, 40.599999940002228 ], [ -73.927286325809803, 40.59995806142657 ], [ -73.927265614636624, 40.599939045488348 ], [ -73.927256095247287, 40.599934127091309 ], [ -73.927232569512029, 40.599927278091158 ], [ -73.927223049424711, 40.599923002712806 ], [ -73.92721576963271, 40.59991844146348 ], [ -73.92720681828564, 40.599905054871947 ], [ -73.927187806007055, 40.599870875266312 ], [ -73.927168787485741, 40.599843531466448 ], [ -73.927145284037522, 40.59981532744731 ], [ -73.927134089976562, 40.599803363258452 ], [ -73.927120656880035, 40.599790541118089 ], [ -73.927064671761997, 40.599748651978594 ], [ -73.927043400654355, 40.599730701908705 ], [ -73.927035565263338, 40.599722155413794 ], [ -73.927027731748211, 40.599711898878319 ], [ -73.926995287229957, 40.599663191563025 ], [ -73.926985213481757, 40.599652080835078 ], [ -73.926975139071558, 40.599642679226967 ], [ -73.92688780380611, 40.599576853946679 ], [ -73.92681614447396, 40.599521286566407 ], [ -73.92680606729391, 40.599514446990526 ], [ -73.926793745859911, 40.599509313342885 ], [ -73.926739974860936, 40.599491342357517 ], [ -73.92672765249614, 40.599487062383865 ], [ -73.92671757334125, 40.599481932003897 ], [ -73.926613425388098, 40.599419512325404 ], [ -73.926518234775656, 40.599363930514151 ], [ -73.926466720480448, 40.599333147419777 ], [ -73.926432010199065, 40.599308355387841 ], [ -73.926416336849925, 40.599293822602831 ], [ -73.926401787520021, 40.599276731250427 ], [ -73.926388361842839, 40.599256221373253 ], [ -73.926367671929128, 40.599219481177059 ], [ -73.926364879267709, 40.599211791642915 ], [ -73.926362661432492, 40.599189580682285 ], [ -73.92635931208612, 40.599178901063141 ], [ -73.926352317105056, 40.599171101655436 ], [ -73.926336916859924, 40.599163940703015 ], [ -73.92632347460389, 40.599159659965558 ], [ -73.926283142486326, 40.599149383390042 ], [ -73.926274180931799, 40.599147670258709 ], [ -73.926248409534452, 40.599144237015572 ], [ -73.926238888830497, 40.599141668081963 ], [ -73.926229367710008, 40.599137392537656 ], [ -73.926222648951963, 40.599133117038548 ], [ -73.926217051117689, 40.599127987660587 ], [ -73.926211454227598, 40.599122004599863 ], [ -73.926202503919214, 40.599110040844415 ], [ -73.926182369415798, 40.599077568545816 ], [ -73.92617565418648, 40.599069023633511 ], [ -73.926170058252296, 40.599062186890897 ], [ -73.926124157056364, 40.599022011151767 ], [ -73.926090567985071, 40.59899636605568 ], [ -73.926024500270415, 40.598952760694715 ], [ -73.926014422198719, 40.59894677565017 ], [ -73.92594051873904, 40.598896331121693 ], [ -73.925934923101011, 40.59889034888446 ], [ -73.925927086743201, 40.598881802396171 ], [ -73.925906959235192, 40.598844206120631 ], [ -73.92590136403922, 40.598835661080237 ], [ -73.925895769359769, 40.598828824323547 ], [ -73.925859945717363, 40.598796343657575 ], [ -73.925820758139565, 40.598766420925749 ], [ -73.925801720124795, 40.598755304287046 ], [ -73.925755802490073, 40.598731359390371 ], [ -73.925736766400334, 40.598718533538282 ], [ -73.925658397192947, 40.598653566810945 ], [ -73.925601296836049, 40.598609114177428 ], [ -73.925564343697459, 40.598584316826162 ], [ -73.925527385811137, 40.59856379514855 ], [ -73.925481465543584, 40.598542409428852 ], [ -73.925413142492772, 40.598513324963577 ], [ -73.925316821760788, 40.598468846726128 ], [ -73.925282664661765, 40.598448749955359 ], [ -73.925256352526276, 40.598429514820886 ], [ -73.925149976174509, 40.598359403691269 ], [ -73.92509734978934, 40.598321786950386 ], [ -73.925048085768651, 40.598284171465302 ], [ -73.9250066632422, 40.598248268457994 ], [ -73.924970674501083, 40.598213153906123 ], [ -73.924946218921789, 40.598189292429375 ], [ -73.924922714238349, 40.598164507279222 ], [ -73.924901450812769, 40.598139722672208 ], [ -73.924861165023344, 40.598090155001302 ], [ -73.924836551156474, 40.598055970404033 ], [ -73.924823127409283, 40.598035463018554 ], [ -73.924794049397278, 40.597984193389593 ], [ -73.924779507404992, 40.5979611224613 ], [ -73.924766080914864, 40.597943175192668 ], [ -73.924751531095197, 40.597926082791616 ], [ -73.924735860738267, 40.59791155153443 ], [ -73.924720187361686, 40.597898728642015 ], [ -73.924689953718286, 40.597879062116029 ], [ -73.924607087723714, 40.597827758904053 ], [ -73.924520869621901, 40.597769619364861 ], [ -73.924461527248724, 40.597725163845837 ], [ -73.924414506348484, 40.597687548645169 ], [ -73.924304798887889, 40.597591810261029 ], [ -73.924186121122887, 40.597499483238465 ], [ -73.924159251787088, 40.597477256750039 ], [ -73.924136864052869, 40.597456743430044 ], [ -73.924095450544115, 40.597414859719635 ], [ -73.92402941696632, 40.597344776946422 ], [ -73.923946596971419, 40.597254179058204 ], [ -73.923928685616673, 40.597238792603513 ], [ -73.923906290976575, 40.597223402246478 ], [ -73.923880534218952, 40.597208865091893 ], [ -73.923836856505517, 40.597187481957242 ], [ -73.92382341555232, 40.597181492726577 ], [ -73.923806613560075, 40.5971755029327 ], [ -73.923733803725611, 40.59715324761563 ], [ -73.923718121692488, 40.597147256796688 ], [ -73.923704681733057, 40.597140415628537 ], [ -73.923675566719851, 40.597122458784021 ], [ -73.923648697185442, 40.597102794140881 ], [ -73.923622949449154, 40.597080568355857 ], [ -73.923600565701605, 40.597055782757607 ], [ -73.923569236326671, 40.597015617546305 ], [ -73.923535677433364, 40.59696434552253 ], [ -73.923524498443442, 40.596941275757125 ], [ -73.923502152024639, 40.596884032672797 ], [ -73.923494325380958, 40.596869505645799 ], [ -73.923483136392974, 40.596854122606587 ], [ -73.923475303228955, 40.596846429632912 ], [ -73.923461865320036, 40.596837878311831 ], [ -73.923445066503746, 40.596830180265272 ], [ -73.923400266067233, 40.596810506338727 ], [ -73.923387946148765, 40.596803664960753 ], [ -73.923377870935752, 40.596796825919277 ], [ -73.923353240289444, 40.596777162787532 ], [ -73.923296150708111, 40.596725020343072 ], [ -73.923263683817339, 40.596699373407525 ], [ -73.923132676977403, 40.59661386840979 ], [ -73.923001676278204, 40.596522385565031 ], [ -73.922938974029947, 40.596478781595685 ], [ -73.922902033375408, 40.596447151087574 ], [ -73.922887480403432, 40.596433477689907 ], [ -73.922872931503832, 40.596417237810158 ], [ -73.922829294181213, 40.596361687618156 ], [ -73.922783426749049, 40.596296739043957 ], [ -73.92276664409026, 40.596275375467414 ], [ -73.922750971038212, 40.596260844854562 ], [ -73.922731939309301, 40.596246309297584 ], [ -73.922710663440654, 40.596233483267781 ], [ -73.922658032394764, 40.596203552218299 ], [ -73.922631158139865, 40.596186451221797 ], [ -73.922607651488605, 40.596166788603981 ], [ -73.922586383173538, 40.596145421048668 ], [ -73.922566240621066, 40.59612319973327 ], [ -73.922549458530938, 40.596099271395666 ], [ -73.922533801879538, 40.596072781850374 ], [ -73.922520391476795, 40.596042876416085 ], [ -73.92251034096563, 40.596013827771401 ], [ -73.922489128346939, 40.595944626336802 ], [ -73.922476841885953, 40.595911305003909 ], [ -73.922462307215682, 40.595883108843452 ], [ -73.922446649546416, 40.595857473050785 ], [ -73.922353780366791, 40.595741244593704 ], [ -73.922302317146872, 40.59566860604388 ], [ -73.922291129057314, 40.595654931254941 ], [ -73.922275456568485, 40.595642108944567 ], [ -73.922257543936553, 40.595627575824906 ], [ -73.922199323105929, 40.595585682773624 ], [ -73.922182532839727, 40.595571149566766 ], [ -73.922169102429237, 40.595557474998934 ], [ -73.922162389277915, 40.59554892809323 ], [ -73.9221567980386, 40.595538674583992 ], [ -73.922138915596847, 40.595499370874109 ], [ -73.922129970283365, 40.595483135543383 ], [ -73.922084106031349, 40.595415624717454 ], [ -73.92202033676611, 40.595330165905757 ], [ -73.922000192026559, 40.595307089800102 ], [ -73.921980048812927, 40.595285722060012 ], [ -73.921958777190184, 40.595268623717331 ], [ -73.921935264848571, 40.595253233131928 ], [ -73.921873675804775, 40.595219024440475 ], [ -73.92180312229533, 40.59518310039094 ], [ -73.921728089107063, 40.595147176918815 ], [ -73.921588099066298, 40.595082162502791 ], [ -73.921470508976441, 40.595023145574402 ], [ -73.921425712547475, 40.595002616273106 ], [ -73.921376432989078, 40.594982934881678 ], [ -73.921352910716209, 40.594975231829849 ], [ -73.921329385225846, 40.594969237137875 ], [ -73.921304739922135, 40.594964095355273 ], [ -73.92127673038145, 40.594959804016234 ], [ -73.921245360199578, 40.594957221407384 ], [ -73.921206143429501, 40.59495463063152 ], [ -73.921031346765105, 40.594948532567891 ], [ -73.920917059329682, 40.594943326194489 ], [ -73.920845350100208, 40.594938153569792 ], [ -73.920817343013979, 40.594933862121714 ], [ -73.920784852378461, 40.594928716643381 ], [ -73.920691874406216, 40.594906443603392 ], [ -73.920540648019895, 40.594867901850101 ], [ -73.920508164947648, 40.594858482367101 ], [ -73.920472319485839, 40.594847353175048 ], [ -73.920382714893265, 40.594814831593986 ], [ -73.920350236781317, 40.594800289891445 ], [ -73.920316643884632, 40.594781474472576 ], [ -73.920284176127922, 40.594758389491801 ], [ -73.920250592278606, 40.594731034392375 ], [ -73.920193508912234, 40.594677182195085 ], [ -73.920166232031661, 40.594648704040878 ], [ -73.920071525387712, 40.594549826436733 ], [ -73.920014444371134, 40.594494264862419 ], [ -73.919871171219171, 40.594366041259619 ], [ -73.919811849525956, 40.594310478934837 ], [ -73.919802897922793, 40.594301078397081 ], [ -73.919780518578492, 40.594274582927575 ], [ -73.919772682523956, 40.594266889696755 ], [ -73.919763727848988, 40.594260051120607 ], [ -73.919745812201981, 40.594249787019443 ], [ -73.919704376507369, 40.594229259482461 ], [ -73.919687579563131, 40.594218997912712 ], [ -73.919582332674494, 40.594151443510185 ], [ -73.919493881313429, 40.594092444918481 ], [ -73.919384161099032, 40.594018055804653 ], [ -73.919378566863983, 40.594011645568422 ], [ -73.919374095727918, 40.594002674990406 ], [ -73.919366283859333, 40.593977044210583 ], [ -73.919359569758555, 40.593968710557498 ], [ -73.919342257776108, 40.59395635452654 ], [ -73.919312548258361, 40.5939351501654 ], [ -73.919266644364455, 40.593903514924271 ], [ -73.919168116340671, 40.593841092407253 ], [ -73.919149079691479, 40.593830828341567 ], [ -73.919099803616703, 40.593807730239249 ], [ -73.919086365898067, 40.593800889447827 ], [ -73.91907629020362, 40.593793193667025 ], [ -73.919041589693578, 40.593764982819394 ], [ -73.919006891119608, 40.593734207232608 ], [ -73.918969953611295, 40.593700869926089 ], [ -73.918930782492879, 40.593662404328612 ], [ -73.91888377778929, 40.593615391746233 ], [ -73.91885580436977, 40.593582913510176 ], [ -73.918823361785499, 40.593541036991788 ], [ -73.918790923831978, 40.593492327243169 ], [ -73.918777505217705, 40.593470962782774 ], [ -73.918747322000357, 40.593412004906121 ], [ -73.918732783369023, 40.593389785963559 ], [ -73.918716001585224, 40.593369275470096 ], [ -73.918695854414324, 40.593349613591556 ], [ -73.918674587701062, 40.593331661876029 ], [ -73.918656675487739, 40.593318835638968 ], [ -73.918637642299984, 40.593306011278202 ], [ -73.918592852066638, 40.593282062460126 ], [ -73.918540215633811, 40.593258962731909 ], [ -73.9184696555443, 40.593231578047856 ], [ -73.918437175647128, 40.593220451533028 ], [ -73.918359886526702, 40.593199042368774 ], [ -73.918322925464395, 40.5931853497408 ], [ -73.918288209884665, 40.593169951252747 ], [ -73.91825909397744, 40.593155409595738 ], [ -73.91823222014105, 40.593140868611464 ], [ -73.918208708312619, 40.593125476255096 ], [ -73.918181838529961, 40.593106666848733 ], [ -73.918156092056961, 40.593086147108295 ], [ -73.918131466569747, 40.593065630088397 ], [ -73.91810908216604, 40.593045114581365 ], [ -73.918090058654997, 40.593025455154013 ], [ -73.918045305237186, 40.592969902407212 ], [ -73.918037471946647, 40.592962209978779 ], [ -73.918027397704364, 40.592954515862594 ], [ -73.917977008829482, 40.592925437103446 ], [ -73.91796581231516, 40.592917740421839 ], [ -73.917956859057512, 40.59291004710213 ], [ -73.917938954558863, 40.592891244058443 ], [ -73.917921050971387, 40.5928707298836 ], [ -73.917885251386082, 40.592825435040233 ], [ -73.917855055722157, 40.592778434077317 ], [ -73.917783489398388, 40.592660507944693 ], [ -73.917761119876133, 40.592628034381036 ], [ -73.917739863725402, 40.592598975505695 ], [ -73.917671622034007, 40.592513511956781 ], [ -73.917622391653509, 40.592454538333037 ], [ -73.917576515025672, 40.592402402918431 ], [ -73.917531753135279, 40.592356245991319 ], [ -73.917522798909673, 40.592348550880061 ], [ -73.917511603747471, 40.592340855911019 ], [ -73.917469057462782, 40.592314346382203 ], [ -73.917453384680499, 40.592303229853968 ], [ -73.917439954836794, 40.592290409331554 ], [ -73.917434360365533, 40.59228357123704 ], [ -73.917431006826305, 40.592276734757405 ], [ -73.917390788466165, 40.592181041519297 ], [ -73.917382638351654, 40.592159565656495 ], [ -73.917370684531406, 40.592128067322932 ], [ -73.917359509540631, 40.592104142258933 ], [ -73.917355037069484, 40.592095596684743 ], [ -73.917347206078475, 40.592086195923727 ], [ -73.917339371804431, 40.592079357966206 ], [ -73.917328176709489, 40.592071662142757 ], [ -73.917309143075556, 40.592059689485389 ], [ -73.917260992017475, 40.592034884955581 ], [ -73.917240838439596, 40.592022910559201 ], [ -73.917213966302043, 40.592006662807073 ], [ -73.917133348983612, 40.591960479805607 ], [ -73.917109837819751, 40.591945089063842 ], [ -73.917089688543143, 40.591929698991265 ], [ -73.917070660160334, 40.59191260052264 ], [ -73.917051637276771, 40.591892942762485 ], [ -73.916993456072007, 40.591825421790496 ], [ -73.916924081976987, 40.591747642958005 ], [ -73.916884926099485, 40.591699781554937 ], [ -73.916870384089805, 40.591680979777379 ], [ -73.916856962831545, 40.591659615922275 ], [ -73.916822304857476, 40.591598943317607 ], [ -73.916818952622805, 40.591592107740574 ], [ -73.916816718998362, 40.591584419293135 ], [ -73.916806680161088, 40.591548538756591 ], [ -73.916802210071097, 40.591539138558083 ], [ -73.91679773784854, 40.591531448484517 ], [ -73.916775362929698, 40.591504952339712 ], [ -73.91674850483642, 40.591476746487757 ], [ -73.916655613088452, 40.591390407128898 ], [ -73.916635467285587, 40.591372455930461 ], [ -73.916582858817875, 40.591329709405542 ], [ -73.916556744412148, 40.591304917943425 ], [ -73.916553766531223, 40.591297229869951 ], [ -73.916554899205622, 40.591286979139717 ], [ -73.916559406790995, 40.591267338432978 ], [ -73.916561099920287, 40.591256662189011 ], [ -73.916557469766147, 40.591247264350137 ], [ -73.916529212627538, 40.591219483347544 ], [ -73.916467651334031, 40.591167334296834 ], [ -73.916443031493387, 40.591144252184627 ], [ -73.91642400670635, 40.591124595237353 ], [ -73.916374776443575, 40.591068183872984 ], [ -73.916357990720257, 40.591051943364313 ], [ -73.916338587989571, 40.591035984554466 ], [ -73.916327763709475, 40.591031419937337 ], [ -73.91631992320572, 40.591028852242943 ], [ -73.916294160838845, 40.591021999359079 ], [ -73.916284082265705, 40.591018147660954 ], [ -73.916170997330454, 40.590951868496802 ], [ -73.916112773648166, 40.590918512004265 ], [ -73.916069117718848, 40.590886021595686 ], [ -73.916026575079329, 40.590857805837466 ], [ -73.915985150428853, 40.590833003940951 ], [ -73.915943716801465, 40.590812474035047 ], [ -73.915925799435072, 40.590804773141258 ], [ -73.915905640004553, 40.590797923361485 ], [ -73.915816031203462, 40.590774796068153 ], [ -73.915796991738617, 40.590767948012306 ], [ -73.915781315296499, 40.590761105185855 ], [ -73.915730926051154, 40.590735441920486 ], [ -73.915720848934271, 40.590729455968024 ], [ -73.915676195283353, 40.590598735682491 ], [ -73.915581097691842, 40.590485915765385 ], [ -73.915466937308992, 40.590386749832383 ], [ -73.915436101252737, 40.590355574513218 ], [ -73.915276703626688, 40.590194422579359 ], [ -73.915126684904564, 40.59009864543183 ], [ -73.914983431532619, 40.589968704627907 ], [ -73.91488391536663, 40.589808902435507 ], [ -73.914805776567093, 40.58957907515029 ], [ -73.914785888419715, 40.589360394631555 ], [ -73.914786104534585, 40.589191270448012 ], [ -73.914813419036477, 40.588859877801312 ], [ -73.914870702330845, 40.588748024160608 ], [ -73.915003043708012, 40.588646477760257 ], [ -73.915203748570875, 40.588530460016074 ], [ -73.915387661411813, 40.588403326033934 ], [ -73.915436104793756, 40.588381578580382 ], [ -73.915592816198654, 40.58831122698713 ], [ -73.915810281360166, 40.588229388178561 ], [ -73.916231825591709, 40.588019571040796 ], [ -73.916291256531338, 40.587980323815032 ], [ -73.91637984464549, 40.587920596484814 ], [ -73.916618614973771, 40.58782425163939 ], [ -73.916819281500793, 40.587733855420616 ], [ -73.917021052600234, 40.587657979624254 ], [ -73.917210497241811, 40.587581244565726 ], [ -73.91738428258823, 40.587484847545987 ], [ -73.917571534012822, 40.587368817713632 ], [ -73.91771844567252, 40.587257028946908 ], [ -73.917891193602628, 40.587090589500527 ], [ -73.917992220312996, 40.586935204713299 ], [ -73.918033959277636, 40.58681873027254 ], [ -73.918043936352859, 40.586790888886974 ], [ -73.918074534200642, 40.586727453442123 ], [ -73.92745016974014, 40.595139767998923 ], [ -73.926985947971005, 40.595458061364454 ], [ -73.927521239118875, 40.595938266752668 ], [ -73.927606941711616, 40.595879504312123 ], [ -73.92833517234574, 40.596532781052986 ], [ -73.928713693073789, 40.596273244677207 ], [ -73.929273767503261, 40.596775658858427 ], [ -73.92785298401003, 40.597749820287177 ], [ -73.933219284535056, 40.602567957409477 ], [ -73.926280897439582, 40.607192469599681 ], [ -73.924448349323512, 40.605531042552855 ], [ -73.921598874175203, 40.607372130216611 ], [ -73.92067946701863, 40.606500874989976 ], [ -73.919902197531016, 40.607015150313366 ], [ -73.917398655085989, 40.60475202124757 ], [ -73.90631083995379, 40.594726456288399 ], [ -73.908242229326632, 40.593518190942532 ] ] ], [ [ [ -73.914481491814939, 40.586160397284161 ], [ -73.914509582525156, 40.586145149000707 ], [ -73.914606601641708, 40.586092485005736 ], [ -73.914855618049188, 40.58596214952501 ], [ -73.915113152057629, 40.585833862163383 ], [ -73.915348132662544, 40.585722336986613 ], [ -73.915609936269291, 40.585604040277907 ], [ -73.915811406900033, 40.585517128730551 ], [ -73.91622800769828, 40.585348319622817 ], [ -73.916692381675475, 40.585176665631884 ], [ -73.917134827490145, 40.585028467849426 ], [ -73.917565600713388, 40.584897891315954 ], [ -73.917938737852495, 40.584795288998166 ], [ -73.918238011874465, 40.584736799747333 ], [ -73.918766155385839, 40.584641361728309 ], [ -73.919408016442318, 40.584538541415931 ], [ -73.920134588212932, 40.584439291331257 ], [ -73.920713472655876, 40.584373043175383 ], [ -73.921354770095348, 40.584312767678263 ], [ -73.922088059042835, 40.58426056851804 ], [ -73.922712222158353, 40.584230081921696 ], [ -73.923270120698078, 40.584213627221182 ], [ -73.923648398283078, 40.584208249970359 ], [ -73.924091638997695, 40.584207888155575 ], [ -73.924486982019957, 40.584212970047268 ], [ -73.925215084082907, 40.584240039404321 ], [ -73.925627527629032, 40.584235157076506 ], [ -73.926377384561391, 40.58421779958951 ], [ -73.926542847941775, 40.584198506824826 ], [ -73.926714658275472, 40.584193766725825 ], [ -73.926988305453449, 40.584164842033104 ], [ -73.927249235917046, 40.584126210973558 ], [ -73.927573776643726, 40.584107016774936 ], [ -73.927917442545592, 40.58405388574262 ], [ -73.928324725019806, 40.584015343371725 ], [ -73.928649321884194, 40.583942799255823 ], [ -73.928989151257653, 40.583901581981735 ], [ -73.92919258898857, 40.583859635565339 ], [ -73.929401287274828, 40.583822281123624 ], [ -73.931254126081598, 40.58349419842294 ], [ -73.931899180901382, 40.58344614042138 ], [ -73.932008071549674, 40.584058391171382 ], [ -73.926194594135325, 40.584757031966213 ], [ -73.926049609351011, 40.584774452644574 ], [ -73.925609906048436, 40.584785436957979 ], [ -73.925456149846312, 40.584789277425493 ], [ -73.925410601428609, 40.584761307377917 ], [ -73.925381490505046, 40.584744203620723 ], [ -73.925359095078491, 40.584733939304421 ], [ -73.925337817840969, 40.584726238603196 ], [ -73.925327735846651, 40.584723668218409 ], [ -73.925317655200331, 40.584721953358056 ], [ -73.925293010606637, 40.584719376232897 ], [ -73.925261641707962, 40.584717647391422 ], [ -73.925201143036205, 40.584716752448223 ], [ -73.925092463308559, 40.584720953500067 ], [ -73.925031961398616, 40.584721766667883 ], [ -73.924992752899968, 40.584719179942319 ], [ -73.924979341440448, 40.584717301737399 ], [ -73.924888574477094, 40.584704590673212 ], [ -73.924880732463194, 40.584703730924588 ], [ -73.924614128808074, 40.584665971487929 ], [ -73.924593963442973, 40.584664250844533 ], [ -73.924569318062822, 40.584663381849566 ], [ -73.924489767052819, 40.584666744152287 ], [ -73.92436652418732, 40.58466922662717 ], [ -73.924292577630524, 40.584671739730808 ], [ -73.924225348868731, 40.58467682012278 ], [ -73.924206301776593, 40.584678516724686 ], [ -73.924163723946918, 40.58468275795483 ], [ -73.924132346345829, 40.584688717554201 ], [ -73.924097606384137, 40.584696380440761 ], [ -73.924016910265877, 40.584721951307316 ], [ -73.923990011068369, 40.584730475809629 ], [ -73.923950785921335, 40.584741554089454 ], [ -73.923761391253052, 40.584788407582593 ], [ -73.923645965801441, 40.584813102215328 ], [ -73.923614587978079, 40.584818204392278 ], [ -73.923582094669783, 40.58482160020678 ], [ -73.923547361202125, 40.584822431542406 ], [ -73.923512630901001, 40.58482155383102 ], [ -73.923362512295384, 40.584812912868195 ], [ -73.923258327424449, 40.584805155347048 ], [ -73.923072365548052, 40.584788801308086 ], [ -73.922925609246661, 40.584777597385973 ], [ -73.922915527776738, 40.584776736081025 ], [ -73.922905446963568, 40.584774168160926 ], [ -73.922885286331166, 40.584767321441248 ], [ -73.92286513031101, 40.584759621036838 ], [ -73.922816983767362, 40.584735670659022 ], [ -73.922802424467108, 40.584729681382811 ], [ -73.922788984132524, 40.584725402064024 ], [ -73.922754264994737, 40.584715983450522 ], [ -73.922720660326902, 40.584709127631392 ], [ -73.922688175725199, 40.584703979925834 ], [ -73.922657931031353, 40.584700542930058 ], [ -73.922566068762762, 40.58469450230865 ], [ -73.922486527757769, 40.584690176401395 ], [ -73.922413706693249, 40.584687566039648 ], [ -73.922345366207466, 40.584686665952283 ], [ -73.922196355731757, 40.58468741858006 ], [ -73.921881531173113, 40.584688910707264 ], [ -73.921841199872787, 40.584688029506161 ], [ -73.921750455217492, 40.584682844436038 ], [ -73.921486062017081, 40.584672411083616 ], [ -73.921350501756336, 40.584668903250744 ], [ -73.921219420846782, 40.584667104870285 ], [ -73.921101782177445, 40.58466787757073 ], [ -73.921026712535792, 40.584672095249992 ], [ -73.920887771424972, 40.584684814643367 ], [ -73.920831748110729, 40.584689044430334 ], [ -73.920719144779639, 40.58469473350047 ], [ -73.920702902966141, 40.584692371865827 ], [ -73.920690581492977, 40.58468894676038 ], [ -73.92066370545156, 40.584678678425121 ], [ -73.920655866732531, 40.584676111861967 ], [ -73.920638504299845, 40.584672468917965 ], [ -73.920575204822853, 40.58467178301845 ], [ -73.920510221845788, 40.584673446220798 ], [ -73.920487815156122, 40.584674286106434 ], [ -73.920314146736857, 40.584682706923203 ], [ -73.920203222832114, 40.584688608235155 ], [ -73.920166250179335, 40.584691146279816 ], [ -73.920133751204148, 40.584696246641187 ], [ -73.920124226578693, 40.584697950126561 ], [ -73.920111896109077, 40.58470306546603 ], [ -73.920072090905407, 40.584730371285204 ], [ -73.920060879320246, 40.584737195771226 ], [ -73.919968960669863, 40.584777278616812 ], [ -73.919872562781734, 40.584816501978125 ], [ -73.919766077728312, 40.584857428152681 ], [ -73.919637178784157, 40.584905171818562 ], [ -73.919606917504566, 40.584914544777696 ], [ -73.919572173636979, 40.584923916422738 ], [ -73.919462349578524, 40.584946901663834 ], [ -73.919426488172931, 40.584955418794664 ], [ -73.919395106001673, 40.584964791913364 ], [ -73.919368206294195, 40.584974168096799 ], [ -73.919322249799805, 40.584992073203999 ], [ -73.919271806733704, 40.585014246392348 ], [ -73.91912271250429, 40.585083328369237 ], [ -73.919070024464418, 40.585108916455958 ], [ -73.919010607915112, 40.585138769934957 ], [ -73.918849171269372, 40.585224071175581 ], [ -73.918761725498186, 40.585270987613377 ], [ -73.918700067969937, 40.585300839425969 ], [ -73.918644016903272, 40.585327278614329 ], [ -73.918609266594657, 40.585342629426314 ], [ -73.918572275408891, 40.585357123195301 ], [ -73.918489332541853, 40.585385253229738 ], [ -73.918405273928684, 40.585409965837357 ], [ -73.918190086979905, 40.585471309074364 ], [ -73.918128442642555, 40.585490058022557 ], [ -73.918081006030789, 40.585506592704647 ], [ -73.918074642548532, 40.585508810792042 ], [ -73.917983847696718, 40.585543767155869 ], [ -73.917811220854247, 40.585615393383286 ], [ -73.91774060306021, 40.585643529965182 ], [ -73.917664382565945, 40.585670806952031 ], [ -73.917594890584269, 40.585692965709825 ], [ -73.917501867351035, 40.585718523969852 ], [ -73.917273236559083, 40.58577900572039 ], [ -73.917154432336162, 40.585813084753397 ], [ -73.917143224514206, 40.585816494140303 ], [ -73.917116327151462, 40.585821599540552 ], [ -73.91710400081557, 40.585825862717407 ], [ -73.917095591846135, 40.585829699127082 ], [ -73.917087741838074, 40.585835244309258 ], [ -73.91708423242865, 40.585841970505868 ], [ -73.917084362104504, 40.585849763679676 ], [ -73.917088273569874, 40.585857881102989 ], [ -73.917105054596647, 40.585877965010198 ], [ -73.917111764646393, 40.585887793664071 ], [ -73.917112874846779, 40.585895481380923 ], [ -73.917111187142339, 40.58590188646432 ], [ -73.917103893283453, 40.585910423538998 ], [ -73.917096046064387, 40.585914689037594 ], [ -73.917083715282089, 40.585920660495056 ], [ -73.917066903870648, 40.585924916740836 ], [ -73.917048971456083, 40.585928321249717 ], [ -73.917028804069901, 40.585930014093158 ], [ -73.916959337026213, 40.585931672041788 ], [ -73.916933567235191, 40.585933361643278 ], [ -73.916877539460458, 40.585941008749906 ], [ -73.916818145694748, 40.585951217195493 ], [ -73.916753145388697, 40.585965688195785 ], [ -73.91666796977583, 40.585986128464512 ], [ -73.916422525662298, 40.586049158175442 ], [ -73.916293636799793, 40.586084083647059 ], [ -73.91601456604451, 40.586159900521558 ], [ -73.91569738246298, 40.586249354214992 ], [ -73.915590906734735, 40.586279171367643 ], [ -73.915544956985343, 40.586290240903551 ], [ -73.915502368780366, 40.586299604697075 ], [ -73.91546090479433, 40.586307262774909 ], [ -73.915421683822757, 40.586314066050576 ], [ -73.915383584649732, 40.586318309091311 ], [ -73.915346606317115, 40.586321698344634 ], [ -73.915310753412996, 40.586322525611429 ], [ -73.915276020257807, 40.586322499928471 ], [ -73.914891743565633, 40.586309404226775 ], [ -73.914840206405842, 40.586308512243633 ], [ -73.914727042954766, 40.586310990034697 ], [ -73.914681109544659, 40.586310102149959 ], [ -73.914653101875004, 40.58630837300138 ], [ -73.914626215172035, 40.586305789156853 ], [ -73.914602691150307, 40.58630150136694 ], [ -73.914579172832305, 40.586295505206628 ], [ -73.914353947476272, 40.586231516781098 ], [ -73.914481491814939, 40.586160397284161 ] ] ], [ [ [ -73.920166222931002, 40.59965509075181 ], [ -73.920134880331872, 40.599656905864499 ], [ -73.920079968494505, 40.599657721255795 ], [ -73.920019455335321, 40.599657679029036 ], [ -73.919812150827738, 40.599649846388743 ], [ -73.919690008540428, 40.599646346026773 ], [ -73.919496148939146, 40.599639377761669 ], [ -73.919207044513314, 40.599626358912829 ], [ -73.919172309847497, 40.59962377428797 ], [ -73.919135336082505, 40.599619476944547 ], [ -73.919098362087979, 40.59961347230918 ], [ -73.919059151133112, 40.599604902273306 ], [ -73.919018820032335, 40.599595478671908 ], [ -73.918975130898147, 40.599583488874636 ], [ -73.9188563895556, 40.59954752986804 ], [ -73.918747732912223, 40.599511577891718 ], [ -73.918658124055952, 40.599478201302055 ], [ -73.918616682488491, 40.599461088946185 ], [ -73.918578603306202, 40.599443979049809 ], [ -73.918541644125781, 40.599426868095478 ], [ -73.918508047160259, 40.599408906675073 ], [ -73.918134784118465, 40.599200654310053 ], [ -73.91797612223823, 40.599112133125402 ], [ -73.917676001111829, 40.598947065717958 ], [ -73.917501307716023, 40.598851274048819 ], [ -73.917291916269122, 40.598721289539938 ], [ -73.917207933881357, 40.598670834787711 ], [ -73.917129547401416, 40.598625506197727 ], [ -73.91694477811609, 40.598521164966115 ], [ -73.916880946409734, 40.598487805750317 ], [ -73.916822712746139, 40.59845786888976 ], [ -73.916687199470488, 40.598394562820936 ], [ -73.916586413028156, 40.598341531585078 ], [ -73.916546093701939, 40.598322710175765 ], [ -73.916534893376792, 40.598318430846327 ], [ -73.916523691873238, 40.598315006117041 ], [ -73.916497922506508, 40.598311569851276 ], [ -73.916468788583927, 40.598309842088916 ], [ -73.916422843552894, 40.59831066226802 ], [ -73.916350000490226, 40.598314023926577 ], [ -73.916276173383125, 40.598321018406153 ], [ -73.916262579674083, 40.59832506622412 ], [ -73.916227820044938, 40.598342978265912 ], [ -73.916217167243914, 40.5983476667326 ], [ -73.91620231752394, 40.598350004419615 ], [ -73.916191394947887, 40.598347436221744 ], [ -73.916178519124131, 40.598338671039151 ], [ -73.916167327545182, 40.598328412224767 ], [ -73.916134873089263, 40.598292514414169 ], [ -73.916099578601461, 40.598254772372414 ], [ -73.916084515807725, 40.598238665116703 ], [ -73.91607109038965, 40.598220717750934 ], [ -73.916061025126794, 40.598204482050591 ], [ -73.916057672637976, 40.598197645535727 ], [ -73.916056561169796, 40.598190811582597 ], [ -73.916055449680584, 40.598183123027347 ], [ -73.916056581602263, 40.598174582433614 ], [ -73.916058840990942, 40.598159208606816 ], [ -73.916072341523574, 40.598116511212226 ], [ -73.91608022356769, 40.598085767777455 ], [ -73.916099578999052, 40.598018868292804 ], [ -73.916100484260468, 40.598015739177477 ], [ -73.916108368560955, 40.597984142060156 ], [ -73.916112878859124, 40.597961936657164 ], [ -73.916114025548481, 40.597939730631779 ], [ -73.916114054565028, 40.597916667429551 ], [ -73.916110724787472, 40.597892748002515 ], [ -73.916106270224219, 40.597868829592002 ], [ -73.916099579267154, 40.597844907786012 ], [ -73.916090643683887, 40.59782098517352 ], [ -73.916080585869253, 40.597797915420394 ], [ -73.916055991681063, 40.597752624555994 ], [ -73.916029158536787, 40.597704771918082 ], [ -73.915998967353772, 40.597653501079925 ], [ -73.91596429720633, 40.597598809541466 ], [ -73.915903903364736, 40.597506514928092 ], [ -73.915860281774627, 40.597441566995705 ], [ -73.915832315881531, 40.597403109421606 ], [ -73.915800988858408, 40.597364649453198 ], [ -73.915768539621084, 40.59732618957252 ], [ -73.915733850549287, 40.597288578957098 ], [ -73.915703629417024, 40.597260370405607 ], [ -73.91567116950047, 40.597231304758623 ], [ -73.915634225241021, 40.597203089400317 ], [ -73.915592803305117, 40.597174017968435 ], [ -73.915580485308283, 40.597166322072191 ], [ -73.915565927332977, 40.597159478206109 ], [ -73.915496484410184, 40.597132947135599 ], [ -73.915481927532866, 40.59712524957758 ], [ -73.915467372146281, 40.597114561286801 ], [ -73.915460658071211, 40.597107295431961 ], [ -73.915453951158838, 40.597095332489694 ], [ -73.915449484012242, 40.597082516597546 ], [ -73.915441685079628, 40.59704663669352 ], [ -73.915438334753233, 40.597037239113696 ], [ -73.915432743463057, 40.597028692643164 ], [ -73.915385762711637, 40.596963742047507 ], [ -73.915333181973267, 40.596895368966742 ], [ -73.915206758297217, 40.596737255490048 ], [ -73.915115014999913, 40.596626146029642 ], [ -73.915076968781463, 40.596584263393403 ], [ -73.915041159220848, 40.59654580081299 ], [ -73.915001988695337, 40.596507334808024 ], [ -73.914959455032502, 40.596470574579278 ], [ -73.914914675752826, 40.596435519110017 ], [ -73.914868774513906, 40.596402172915489 ], [ -73.914809437833767, 40.596361984495594 ], [ -73.914761293452017, 40.596331199478016 ], [ -73.914717623489736, 40.596305539864652 ], [ -73.914676189151166, 40.59628330307001 ], [ -73.914480217311578, 40.596186634564972 ], [ -73.914349188594684, 40.59612674655434 ], [ -73.914297674716764, 40.596101937359592 ], [ -73.914281998168136, 40.596092530526477 ], [ -73.914268566089419, 40.596081414324445 ], [ -73.914255137306171, 40.596068593435405 ], [ -73.914242828346687, 40.596054063340652 ], [ -73.914232763964705, 40.596038680322359 ], [ -73.914222701674944, 40.59602073617306 ], [ -73.914191405799613, 40.595958358788849 ], [ -73.914172409107792, 40.595918199317616 ], [ -73.914128828847907, 40.595824207138165 ], [ -73.914106473142212, 40.595779774885571 ], [ -73.914027103505319, 40.595634506191757 ], [ -73.913970079380775, 40.595537088127351 ], [ -73.91386385177789, 40.595363616500471 ], [ -73.913776642169168, 40.595214072398853 ], [ -73.913740865136987, 40.595152543439916 ], [ -73.913716260036125, 40.595115797074406 ], [ -73.913691652965383, 40.595081610997553 ], [ -73.913667039171401, 40.595052552359583 ], [ -73.913643535462754, 40.595031180622534 ], [ -73.913616674150404, 40.595008097060926 ], [ -73.913513679624216, 40.594933707412736 ], [ -73.913475619746677, 40.594903784063753 ], [ -73.913378247645795, 40.594815731336745 ], [ -73.913337953638603, 40.594781534159523 ], [ -73.913262953231211, 40.594724250146832 ], [ -73.913176746515802, 40.594664391109063 ], [ -73.912753770537847, 40.594219050830873 ], [ -73.91271574374251, 40.594163501968254 ], [ -73.912712391238898, 40.594157093114376 ], [ -73.912710166456407, 40.594144705659886 ], [ -73.912710206707487, 40.594113956469165 ], [ -73.912713619026604, 40.59407466657872 ], [ -73.912720395664593, 40.594033671885853 ], [ -73.912730538942512, 40.593990118625648 ], [ -73.912740617062767, 40.593956340247885 ], [ -73.912744043015621, 40.593944857881006 ], [ -73.912758660235568, 40.593905577441845 ], [ -73.912775525305975, 40.593862883060829 ], [ -73.912839591806659, 40.593711744068983 ], [ -73.912864323035961, 40.593651117195442 ], [ -73.912878933515913, 40.593617816194801 ], [ -73.912899150387503, 40.593581103801625 ], [ -73.912921610427389, 40.593543536666786 ], [ -73.912987854938734, 40.593441086846902 ], [ -73.913006946133109, 40.593408645674607 ], [ -73.91302154861846, 40.593379612224943 ], [ -73.913044025131597, 40.59332838054965 ], [ -73.913064256288081, 40.593281415664727 ], [ -73.913081123154782, 40.593235304666848 ], [ -73.913096869084754, 40.593191754699824 ], [ -73.913109248324119, 40.59314905686513 ], [ -73.913120507755664, 40.593108063704548 ], [ -73.913128404013548, 40.593067925357154 ], [ -73.913135178071357, 40.593028638919364 ], [ -73.913138585630762, 40.592992767338025 ], [ -73.913139753442579, 40.592956893304766 ], [ -73.913137561442895, 40.592919308355611 ], [ -73.91313424836784, 40.592881721636303 ], [ -73.913127576794366, 40.592843278688015 ], [ -73.913118661862072, 40.592804835794638 ], [ -73.913106387126305, 40.592765535833735 ], [ -73.913092992644891, 40.592726234101967 ], [ -73.913052785800303, 40.592626265499497 ], [ -73.913020385009901, 40.592553638056209 ], [ -73.912985734420204, 40.592488694967663 ], [ -73.912967844705079, 40.592459639519546 ], [ -73.912949953998123, 40.592431438671731 ], [ -73.912904104445161, 40.592362216709866 ], [ -73.912877258876037, 40.592327175900131 ], [ -73.9128615911346, 40.592310934811955 ], [ -73.912845923675121, 40.592297255689495 ], [ -73.91282913160083, 40.592285285752176 ], [ -73.912812337412419, 40.592275021419368 ], [ -73.91269924652606, 40.592214290539104 ], [ -73.912632062066265, 40.592180926294873 ], [ -73.91259034651921, 40.59216295702003 ], [ -73.912578305341299, 40.592160386701039 ], [ -73.912540211144105, 40.592159075349478 ], [ -73.912526580591418, 40.592155933826859 ], [ -73.912521454297689, 40.592149238994324 ], [ -73.912521187781181, 40.592138987235678 ], [ -73.912523454474481, 40.592119345897942 ], [ -73.912525714449217, 40.592104826733973 ], [ -73.912530216556931, 40.592090307441374 ], [ -73.912536952686992, 40.592079210022185 ], [ -73.912549301901322, 40.592061281986929 ], [ -73.912562765476252, 40.592047624971144 ], [ -73.912578473305274, 40.592032262384748 ], [ -73.912634559256375, 40.591985324919996 ], [ -73.912658111932771, 40.591967406251086 ], [ -73.912685025444631, 40.591951197588607 ], [ -73.912715298710339, 40.591935845998123 ], [ -73.912748932826133, 40.591921352565436 ], [ -73.912785924266302, 40.591908565363113 ], [ -73.912827399829979, 40.591895786078538 ], [ -73.912874476065085, 40.591883862963911 ], [ -73.912942846087901, 40.591867684836487 ], [ -73.913029147959818, 40.591848960988294 ], [ -73.913220801067823, 40.591810668407234 ], [ -73.913295895883437, 40.591793642315295 ], [ -73.913512215459392, 40.591742556228489 ], [ -73.913591796387891, 40.59172126215509 ], [ -73.913664654623034, 40.591701670411304 ], [ -73.913756567595712, 40.591674406976033 ], [ -73.913845126660888, 40.591645429982307 ], [ -73.913887721618067, 40.591630088267671 ], [ -73.913929200209466, 40.591615599381178 ], [ -73.914009913921376, 40.591584056155327 ], [ -73.914180320563986, 40.591512434829546 ], [ -73.914324941360817, 40.591451042850892 ], [ -73.914424723904574, 40.591404137177364 ], [ -73.914468445220166, 40.591386233199529 ], [ -73.914495348200631, 40.591377710931219 ], [ -73.91452672968768, 40.591370902123224 ], [ -73.914562591992834, 40.591365803094433 ], [ -73.914610778752944, 40.591361568679389 ], [ -73.914654478995558, 40.591358182912067 ], [ -73.914695939879252, 40.591357360106514 ], [ -73.914735156246536, 40.591357389298217 ], [ -73.914774368350052, 40.591359982197567 ], [ -73.91481246171459, 40.591363427183026 ], [ -73.914851670560182, 40.591369435790327 ], [ -73.914890876023819, 40.591377152666936 ], [ -73.914931201699517, 40.591387432331018 ], [ -73.914976003508627, 40.591400278190655 ], [ -73.91501968561559, 40.591414830652461 ], [ -73.915062243293747, 40.591430235946554 ], [ -73.91510255791141, 40.591447349604422 ], [ -73.915152951789295, 40.591468741052225 ], [ -73.915180947511359, 40.591481575304584 ], [ -73.915204460360371, 40.59149611267862 ], [ -73.915213413108773, 40.591503807050408 ], [ -73.915222366959114, 40.591511500585966 ], [ -73.915282785921164, 40.591579879554118 ], [ -73.915342080820167, 40.591651672471926 ], [ -73.91536669408751, 40.591680732518562 ], [ -73.915385720886007, 40.591698684116643 ], [ -73.915410345987254, 40.591717492606165 ], [ -73.915436098796846, 40.59173288711014 ], [ -73.915503275672961, 40.591773936535333 ], [ -73.915537985695877, 40.591794462477473 ], [ -73.915626438915751, 40.591844921787846 ], [ -73.915666745287268, 40.591868867547305 ], [ -73.915685777728214, 40.591882549681671 ], [ -73.915703684558238, 40.591898792033497 ], [ -73.915720469384766, 40.591916741004596 ], [ -73.915762986667744, 40.591965459043415 ], [ -73.915776413852299, 40.591979991560031 ], [ -73.915789844263003, 40.591991103993038 ], [ -73.915816709575751, 40.592012478686669 ], [ -73.91584805578357, 40.592034710432863 ], [ -73.915887240205734, 40.592059509894135 ], [ -73.915928667998259, 40.592084310066753 ], [ -73.915947701388959, 40.592096283872941 ], [ -73.916009281426994, 40.592133910480946 ], [ -73.916047347446394, 40.592159562749806 ], [ -73.916079808019816, 40.592184358974144 ], [ -73.91612569955106, 40.592223685073229 ], [ -73.916157034040566, 40.592255310917373 ], [ -73.916170459200288, 40.592270694474294 ], [ -73.916180525742064, 40.592285222727611 ], [ -73.916188350283448, 40.592300603106168 ], [ -73.916195054829018, 40.592315129818786 ], [ -73.9162162584133, 40.592382622316428 ], [ -73.91623298353791, 40.592449262369612 ], [ -73.916237435236582, 40.592472327103522 ], [ -73.916244084289787, 40.592532976730553 ], [ -73.916247422568233, 40.592550915792337 ], [ -73.916253563465432, 40.592568430899711 ], [ -73.916256356405754, 40.592574838321823 ], [ -73.916263068502616, 40.592583385575466 ], [ -73.916272022751272, 40.592591934551052 ], [ -73.916283775464606, 40.592600485488369 ], [ -73.916294412848188, 40.592606470879261 ], [ -73.916307851, 40.592612460156658 ], [ -73.916321291296825, 40.592616742067868 ], [ -73.91633585388054, 40.592621022036745 ], [ -73.916360502359055, 40.592623602084878 ], [ -73.916421002582851, 40.592627918247814 ], [ -73.916435567180159, 40.592629635400463 ], [ -73.916449009736255, 40.592632209849711 ], [ -73.916464688714782, 40.592637345302684 ], [ -73.916479249170706, 40.592643336298394 ], [ -73.916492686413534, 40.592651032918333 ], [ -73.916506121354757, 40.592658731375217 ], [ -73.916534105937217, 40.592680104959719 ], [ -73.916556490014074, 40.592702328139602 ], [ -73.916575509803323, 40.592725405225622 ], [ -73.916588925535933, 40.592748477393499 ], [ -73.916597861685887, 40.592771547133893 ], [ -73.916607888872051, 40.592817678309551 ], [ -73.916613467145126, 40.59283647351058 ], [ -73.91665591747369, 40.592940712826739 ], [ -73.916659262286345, 40.592953528782161 ], [ -73.916661485092135, 40.592968050449798 ], [ -73.91666141569867, 40.593023572061092 ], [ -73.916663626766848, 40.593047488830855 ], [ -73.916674787789773, 40.593082518264779 ], [ -73.916690427792446, 40.593120967525586 ], [ -73.916708309595819, 40.593157707367411 ], [ -73.916754140175115, 40.593245719930898 ], [ -73.916775373573998, 40.593291861824319 ], [ -73.916780950835303, 40.593310655342847 ], [ -73.916784285172241, 40.593332866395734 ], [ -73.916788672236237, 40.59340889075154 ], [ -73.916791999119937, 40.5934370804205 ], [ -73.916796462801045, 40.593450749946101 ], [ -73.916800928895711, 40.593464421313463 ], [ -73.916806515804311, 40.59347638069034 ], [ -73.916813226069451, 40.593487492639689 ], [ -73.917013462884753, 40.593756697612008 ], [ -73.917033416622971, 40.59377963215141 ], [ -73.917047607372325, 40.59378106701562 ], [ -73.917057134046132, 40.593779791548549 ], [ -73.917066429486979, 40.593775419932889 ], [ -73.917073396910922, 40.593766989799825 ], [ -73.917073968685088, 40.593758448787234 ], [ -73.917072869752062, 40.593739657689127 ], [ -73.917076429489995, 40.593730832465269 ], [ -73.917089827848372, 40.593731021365791 ], [ -73.917103123705388, 40.593739679583514 ], [ -73.917128868133659, 40.593762759684068 ], [ -73.917155724999574, 40.593790966360224 ], [ -73.91717810314087, 40.593817462342656 ], [ -73.917237396614155, 40.593892669995753 ], [ -73.91725193920638, 40.593911473479054 ], [ -73.917267602032652, 40.593932837981349 ], [ -73.917282317252699, 40.593956350141617 ], [ -73.917329108101072, 40.59403111309333 ], [ -73.917347006487731, 40.594055042084754 ], [ -73.91736603011141, 40.594075556151793 ], [ -73.917451083637332, 40.594161887504953 ], [ -73.917565237463037, 40.594273864934287 ], [ -73.917665966004677, 40.594371311717829 ], [ -73.917677154096424, 40.594384133276499 ], [ -73.917688341337183, 40.594399514125143 ], [ -73.91772635523165, 40.594467021080767 ], [ -73.917735301489401, 40.594482402991922 ], [ -73.917745368398002, 40.594495222903689 ], [ -73.917765516843957, 40.594514883107344 ], [ -73.917785663745875, 40.594531978661571 ], [ -73.917806936916037, 40.594544807445288 ], [ -73.917818136955717, 40.59454993949867 ], [ -73.917832137165192, 40.5945546475551 ], [ -73.917842221933157, 40.594555936230265 ], [ -73.917850625859899, 40.594555088574211 ], [ -73.917861835263196, 40.594552534644336 ], [ -73.917892097164682, 40.59454444083098 ], [ -73.917903867351768, 40.594543168657964 ], [ -73.917916748908624, 40.594544993343895 ], [ -73.917934664644136, 40.594556002484566 ], [ -73.917948097026155, 40.594567118260919 ], [ -73.917990621668054, 40.594611563286456 ], [ -73.918032028719551, 40.594655156575769 ], [ -73.918121539487657, 40.594761990956428 ], [ -73.918164063637917, 40.594808999808379 ], [ -73.918196521209808, 40.594838916682235 ], [ -73.918233464194358, 40.594867985742468 ], [ -73.918274886947259, 40.594897057148728 ], [ -73.918321915307871, 40.594926131617648 ], [ -73.918364465525173, 40.594950078020148 ], [ -73.91841373795404, 40.59497574015645 ], [ -73.918576118515631, 40.595055291646375 ], [ -73.918633231132802, 40.595084372233664 ], [ -73.918686981649202, 40.595113454002863 ], [ -73.918732890099591, 40.595140819221967 ], [ -73.919460673976829, 40.595611122760495 ], [ -73.920166229476692, 40.596039624258673 ], [ -73.920401252579722, 40.596182359684242 ], [ -73.9204247669322, 40.596196042299283 ], [ -73.920488595538473, 40.596233670808211 ], [ -73.92052443028031, 40.596252485970801 ], [ -73.920544589497169, 40.596260187696075 ], [ -73.92056475437694, 40.596266181136166 ], [ -73.920583798870624, 40.596269609989534 ], [ -73.920602846498483, 40.59627133147773 ], [ -73.920649910197241, 40.596271364085872 ], [ -73.920695854790324, 40.596269687614488 ], [ -73.92078774942722, 40.596263774495611 ], [ -73.920804557940471, 40.596262930594314 ], [ -73.920819124453672, 40.596263796185511 ], [ -73.920833688941997, 40.596266367297382 ], [ -73.920849369220505, 40.596271502067395 ], [ -73.920857208481834, 40.596275779575414 ], [ -73.920862804653922, 40.596281762898869 ], [ -73.920867278479136, 40.59628774636559 ], [ -73.920872868765485, 40.596299707384219 ], [ -73.920885150635741, 40.596337299136827 ], [ -73.920890740538553, 40.596347553626487 ], [ -73.920896336719039, 40.596353536028154 ], [ -73.921001566252329, 40.596439877734205 ], [ -73.921064254051828, 40.596494587146076 ], [ -73.921111267369497, 40.596537329411269 ], [ -73.921137008923026, 40.596562971490478 ], [ -73.92116386869364, 40.596592031821828 ], [ -73.921245559028932, 40.596686043922929 ], [ -73.921273533987545, 40.596720231606348 ], [ -73.921331709669047, 40.596799708442489 ], [ -73.921361922494071, 40.596834749566241 ], [ -73.921392141593046, 40.596865520352146 ], [ -73.921406694957014, 40.596876633810574 ], [ -73.921420131607221, 40.596886038134571 ], [ -73.921433569176116, 40.596893735092273 ], [ -73.921448131810465, 40.596898016250329 ], [ -73.921461574306093, 40.596901441200146 ], [ -73.92147165890502, 40.596902301795446 ], [ -73.921527687192892, 40.596901486506319 ], [ -73.9215730747392, 40.596897675014162 ], [ -73.921604459197155, 40.596890862436545 ], [ -73.921614544294954, 40.596891298939632 ], [ -73.92162219933293, 40.59689358069096 ], [ -73.921629662694301, 40.596898140580848 ], [ -73.921635259991547, 40.596903268427205 ], [ -73.921641972411379, 40.596913524567519 ], [ -73.921657625800918, 40.596941721594121 ], [ -73.92169230448647, 40.596993849451863 ], [ -73.921729208769108, 40.597056229531766 ], [ -73.921851077382769, 40.597291207435987 ], [ -73.921886861826181, 40.597352731175718 ], [ -73.921924886853247, 40.59741681931829 ], [ -73.921929362059927, 40.597422799983441 ], [ -73.921934957423417, 40.597429637855306 ], [ -73.921958461529655, 40.597452716255539 ], [ -73.921967416161763, 40.59746211746139 ], [ -73.921974128688746, 40.597472373581724 ], [ -73.92197691956595, 40.597480062386943 ], [ -73.921978587602169, 40.597490314149752 ], [ -73.921976329391612, 40.597504833491108 ], [ -73.921961716805313, 40.597544114168045 ], [ -73.921958336539262, 40.597559487430409 ], [ -73.921953792325056, 40.597612440402841 ], [ -73.921949226307476, 40.59768504269158 ], [ -73.921946916775227, 40.597741415596403 ], [ -73.921947998934229, 40.597774728425307 ], [ -73.921951344420037, 40.59779010526551 ], [ -73.921955808448246, 40.597804628349344 ], [ -73.921961396845191, 40.597817445671389 ], [ -73.921969226155838, 40.597829408996127 ], [ -73.921982656079152, 40.597844792787534 ], [ -73.921997202868369, 40.597861885538016 ], [ -73.922053169244677, 40.597915736141758 ], [ -73.922072194315746, 40.597936249420144 ], [ -73.922186348012374, 40.598063598603666 ], [ -73.922227753853932, 40.598112314376863 ], [ -73.922254604452007, 40.598148204819324 ], [ -73.922276977010753, 40.598181532091715 ], [ -73.922293750457158, 40.598213148196713 ], [ -73.922303798892003, 40.598243051454446 ], [ -73.922320530461931, 40.598309686982972 ], [ -73.922330582332208, 40.598338736473437 ], [ -73.922333930707623, 40.598350696735736 ], [ -73.922340619288462, 40.598380595954197 ], [ -73.922345086635744, 40.598393412496748 ], [ -73.922349559956302, 40.598401102348838 ], [ -73.922352916507762, 40.598407085000154 ], [ -73.922358511573918, 40.598412211804934 ], [ -73.92236635030055, 40.598417342890265 ], [ -73.922375594060824, 40.598419057439287 ], [ -73.922394923615911, 40.598418644613744 ], [ -73.922415650685082, 40.598422499385656 ], [ -73.922423491080679, 40.598425069338816 ], [ -73.922432448181169, 40.598431479943962 ], [ -73.922435794093104, 40.598445577165826 ], [ -73.922433541026393, 40.598455826267383 ], [ -73.92243016579269, 40.598466928374656 ], [ -73.92242343044849, 40.598477172600646 ], [ -73.922408840665312, 40.598496810290705 ], [ -73.922368448204892, 40.598540342044934 ], [ -73.922353857184646, 40.5985599797284 ], [ -73.92225617021144, 40.598727329446646 ], [ -73.92217649884337, 40.598820377561132 ], [ -73.922139470042353, 40.598861351309651 ], [ -73.922101326838174, 40.598900617844798 ], [ -73.922064302934942, 40.598937323160428 ], [ -73.922050839815554, 40.598950125674186 ], [ -73.922028776904213, 40.598971180141618 ], [ -73.921990263327615, 40.599004749707561 ], [ -73.921952126330837, 40.599035474690609 ], [ -73.921920721991043, 40.599059369357001 ], [ -73.921888196445579, 40.599083263248986 ], [ -73.921853429615766, 40.599106302757477 ], [ -73.921816421492821, 40.599129340809618 ], [ -73.921736807491257, 40.599174556528304 ], [ -73.921650467381284, 40.599218913073877 ], [ -73.921401551628648, 40.599338324566403 ], [ -73.921243458911022, 40.599410819628076 ], [ -73.921096583229613, 40.599475635378688 ], [ -73.920960922880681, 40.599530207970652 ], [ -73.920856653476562, 40.599574554225427 ], [ -73.920812931750234, 40.599590752338585 ], [ -73.920788270572857, 40.59959756842823 ], [ -73.920765849280343, 40.599603531458463 ], [ -73.92074343352229, 40.599607788045972 ], [ -73.920722137477384, 40.599610335277418 ], [ -73.920588772030854, 40.599621348144467 ], [ -73.920290658006067, 40.599646765477111 ], [ -73.920207725801092, 40.599652687205662 ], [ -73.920166222931002, 40.59965509075181 ] ] ] ] } },
{ "type": "Feature", "properties": { "Borough": "BK", "Block": 8590, "Lot": 650, "CD": 318, "BCT2020": "3066600", "BCTCB2020": "30666001000", "CT2010": "666", "CB2010": "1000", "SchoolDist": "22", "Council": 46, "ZipCode": 11229, "FireComp": "E309", "PolicePrct": 63, "HealthCent": 35, "HealthArea": 8822, "Sanitboro": "3", "SanitDistr": "15", "SanitSub": "4D", "Address": "2529 GERRITSEN AVENUE", "ZoneDist1": "PARK", "ZoneDist2": null, "ZoneDist3": null, "ZoneDist4": null, "Overlay1": null, "Overlay2": null, "SPDist1": null, "SPDist2": null, "SPDist3": null, "LtdHeight": null, "SplitZone": "N", "BldgClass": "W1", "LandUse": "08", "Easements": 0, "OwnerType": "C", "OwnerName": "NYC DEPARTMENT OF PARKS AND RECREATION", "LotArea": 83844, "BldgArea": 60000, "ComArea": 60000, "ResArea": 0, "OfficeArea": 60000, "RetailArea": 0, "GarageArea": 0, "StrgeArea": 0, "FactryArea": 0, "OtherArea": 0, "AreaSource": "2", "NumBldgs": 1, "NumFloors": 2.0, "UnitsRes": 0, "UnitsTotal": 0, "LotFront": 547.0, "LotDepth": 172.0, "BldgFront": 75.0, "BldgDepth": 300.0, "Ext": "E", "ProxCode": "0", "IrrLotCode": "Y", "LotType": "5", "BsmtCode": "0", "AssessLand": 380250.0, "AssessTot": 4001850.0, "ExemptTot": 4001850.0, "YearBuilt": 1967, "YearAlter1": 2013, "YearAlter2": 0, "HistDist": null, "Landmark": null, "BuiltFAR": 0.72, "ResidFAR": 0.0, "CommFAR": 0.0, "FacilFAR": 0.0, "BoroCode": 3, "BBL": 3085900650.0, "CondoNo": 0, "Tract2010": "0666", "XCoord": 1004289, "YCoord": 156358, "ZoneMap": "29a", "ZMCode": null, "Sanborn": "319 036", "TaxMap": "32504", "EDesigNum": null, "APPBBL": 0.0, "APPDate": null, "PLUTOMapID": "1", "FIRM07_FLA": null, "PFIRM15_FL": "1", "Version": "25v4", "DCPEdited": "t", "Latitude": 40.5958201, "Longitude": -73.9278431, "Notes": null, "Shape_Leng": 0.0, "Shape_Area": 83935.769118700002 }, "geometry": { "type": "MultiPolygon", "coordinates": [ [ [ [ -73.92745016974014, 40.595139767998923 ], [ -73.928713693073789, 40.596273244677207 ], [ -73.92833517234574, 40.596532781052986 ], [ -73.927606941711616, 40.595879504312123 ], [ -73.927521239118875, 40.595938266752668 ], [ -73.926985947971005, 40.595458061364454 ], [ -73.92745016974014, 40.595139767998923 ] ] ] ] } },
{ "type": "Feature", "properties": { "Borough": "BK", "Block": 8590, "Lot": 700, "CD": 356, "BCT2020": "3066600", "BCTCB2020": "30666001003", "CT2010": "666", "CB2010": "1013", "SchoolDist": "22", "Council": 46, "ZipCode": 11234, "FireComp": "E309", "PolicePrct": 63, "HealthCent": 35, "HealthArea": 8822, "Sanitboro": "3", "SanitDistr": "56", "SanitSub": null, "Address": "FLATBUSH AVENUE", "ZoneDist1": "PARK", "ZoneDist2": null, "ZoneDist3": null, "ZoneDist4": null, "Overlay1": null, "Overlay2": null, "SPDist1": null, "SPDist2": null, "SPDist3": null, "LtdHeight": null, "SplitZone": "N", "BldgClass": "Q0", "LandUse": "09", "Easements": 0, "OwnerType": "X", "OwnerName": "NATIONAL PARK SERVICE", "LotArea": 43263037, "BldgArea": 0, "ComArea": 0, "ResArea": 0, "OfficeArea": 0, "RetailArea": 0, "GarageArea": 0, "StrgeArea": 0, "FactryArea": 0, "OtherArea": 0, "AreaSource": "7", "NumBldgs": 13, "NumFloors": 0.0, "UnitsRes": 0, "UnitsTotal": 0, "LotFront": 117.42, "LotDepth": 108.08, "BldgFront": 0.0, "BldgDepth": 0.0, "Ext": null, "ProxCode": "0", "IrrLotCode": "Y", "LotType": "5", "BsmtCode": "5", "AssessLand": 1549967399.9999998, "AssessTot": 1549967399.9999998, "ExemptTot": 1549967399.9999998, "YearBuilt": 0, "YearAlter1": 0, "YearAlter2": 0, "HistDist": null, "Landmark": null, "BuiltFAR": 0.0, "ResidFAR": 0.0, "CommFAR": 0.0, "FacilFAR": 0.0, "BoroCode": 3, "BBL": 3085900699.9999995, "CondoNo": 0, "Tract2010": "0666", "XCoord": 1009487, "YCoord": 151355, "ZoneMap": "29c", "ZMCode": "Y", "Sanborn": "319 082", "TaxMap": "32504", "EDesigNum": null, "APPBBL": 0.0, "APPDate": null, "PLUTOMapID": "1", "FIRM07_FLA": "1", "PFIRM15_FL": "1", "Version": "25v4", "DCPEdited": null, "Latitude": 40.5820746, "Longitude": -73.9091447, "Notes": null, "Shape_Leng": 0.0, "Shape_Area": 14008549.9559 }, "geometry": { "type": "MultiPolygon", "coordinates": [ [ [ [ -73.931208747231494, 40.583234488417681 ], [ -73.931254126081598, 40.58349419842294 ], [ -73.929401287274828, 40.583822281123624 ], [ -73.92919258898857, 40.583859635565339 ], [ -73.928989151257653, 40.583901581981735 ], [ -73.928649321884194, 40.583942799255823 ], [ -73.928324725019806, 40.584015343371725 ], [ -73.927917442545592, 40.58405388574262 ], [ -73.927573776643726, 40.584107016774936 ], [ -73.927249235917046, 40.584126210973558 ], [ -73.926988305453449, 40.584164842033104 ], [ -73.926714658275472, 40.584193766725825 ], [ -73.926542847941775, 40.584198506824826 ], [ -73.926377384561391, 40.58421779958951 ], [ -73.925627527629032, 40.584235157076506 ], [ -73.925215084082907, 40.584240039404321 ], [ -73.924486982019957, 40.584212970047268 ], [ -73.924091638997695, 40.584207888155575 ], [ -73.923648398283078, 40.584208249970359 ], [ -73.923270120698078, 40.584213627221182 ], [ -73.922712222158353, 40.584230081921696 ], [ -73.922088059042835, 40.58426056851804 ], [ -73.921354770095348, 40.584312767678263 ], [ -73.920713472655876, 40.584373043175383 ], [ -73.920134588212932, 40.584439291331257 ], [ -73.919408016442318, 40.584538541415931 ], [ -73.918766155385839, 40.584641361728309 ], [ -73.918238011874465, 40.584736799747333 ], [ -73.917938737852495, 40.584795288998166 ], [ -73.917565600713388, 40.584897891315954 ], [ -73.917134827490145, 40.585028467849426 ], [ -73.916692381675475, 40.585176665631884 ], [ -73.91622800769828, 40.585348319622817 ], [ -73.915811406900033, 40.585517128730551 ], [ -73.915609936269291, 40.585604040277907 ], [ -73.915348132662544, 40.585722336986613 ], [ -73.915113152057629, 40.585833862163383 ], [ -73.914855618049188, 40.58596214952501 ], [ -73.914606601641708, 40.586092485005736 ], [ -73.914509582525156, 40.586145149000707 ], [ -73.914481491814939, 40.586160397284161 ], [ -73.914353947476272, 40.586231516781098 ], [ -73.914295816250174, 40.586215001169691 ], [ -73.913960942178633, 40.586119084093838 ], [ -73.91391614169342, 40.586106236907121 ], [ -73.913888138646456, 40.586101092758298 ], [ -73.913874697606389, 40.586099372527961 ], [ -73.913862373017821, 40.58609936326183 ], [ -73.913851168284125, 40.586101064962811 ], [ -73.913841081109581, 40.586103620267423 ], [ -73.913758138641725, 40.586129181322548 ], [ -73.913693130761942, 40.586147924439942 ], [ -73.913665111122626, 40.5861564456807 ], [ -73.913316722762232, 40.586114327278771 ], [ -73.913236078672583, 40.586097182359985 ], [ -73.913166638144816, 40.586079194035278 ], [ -73.913105041920574, 40.586059501574738 ], [ -73.913047930517465, 40.586037249510738 ], [ -73.91303449509526, 40.586030406165477 ], [ -73.91301098248934, 40.586019284910812 ], [ -73.912976277248362, 40.585997903505024 ], [ -73.912943817409982, 40.585973961909545 ], [ -73.912915841153989, 40.585948317182009 ], [ -73.912903534442322, 40.585934640529473 ], [ -73.912878924364151, 40.585905579101713 ], [ -73.912850957203133, 40.585873099377515 ], [ -73.91278607775277, 40.585794467727055 ], [ -73.912768178761553, 40.585773100890776 ], [ -73.912753637077685, 40.585756005108763 ], [ -73.912702180982677, 40.585693613735955 ], [ -73.912675334842589, 40.585661134823724 ], [ -73.912595911787875, 40.585565408103214 ], [ -73.912578043242476, 40.585521829934329 ], [ -73.912566880028038, 40.585491072168715 ], [ -73.912557954059437, 40.585462878916516 ], [ -73.912552387625936, 40.585436394841537 ], [ -73.912537970318468, 40.58532363564926 ], [ -73.912521274186147, 40.585239061152983 ], [ -73.912515697616826, 40.585219409295561 ], [ -73.912493403923662, 40.585134831357372 ], [ -73.912400841661281, 40.584807615097091 ], [ -73.912397509292504, 40.584786257581491 ], [ -73.912395300028805, 40.584762338955045 ], [ -73.912394280060226, 40.584685465930932 ], [ -73.912393192695063, 40.584658985187431 ], [ -73.912384397270472, 40.584532562213234 ], [ -73.912378865742781, 40.584480455521444 ], [ -73.912371092293498, 40.584426636151299 ], [ -73.912358830872506, 40.584378791890828 ], [ -73.912351015997814, 40.584357433620248 ], [ -73.912339845306832, 40.584333509891621 ], [ -73.912290656071775, 40.584252326141169 ], [ -73.912273891989315, 40.584219853926868 ], [ -73.912212458489805, 40.584078870549952 ], [ -73.912190121566667, 40.584025040003233 ], [ -73.912135408203085, 40.583886624624 ], [ -73.912103017237641, 40.583811431295636 ], [ -73.912088484963988, 40.583786650358597 ], [ -73.912068351800798, 40.583761864283161 ], [ -73.912047096489687, 40.583737930943379 ], [ -73.911985555730439, 40.583678093462183 ], [ -73.911968776315732, 40.583659287570939 ], [ -73.911961618918312, 40.583650173743941 ], [ -73.911955352597644, 40.583642194299216 ], [ -73.911912859178869, 40.583581516897091 ], [ -73.911882670765237, 40.583535369760284 ], [ -73.911864793147615, 40.583500332899554 ], [ -73.911829048906441, 40.583419161043018 ], [ -73.911811167878867, 40.583385835135367 ], [ -73.911794390655231, 40.583364468168583 ], [ -73.911773133419274, 40.583342243982216 ], [ -73.911745155401576, 40.583320014615843 ], [ -73.911702622725215, 40.583288377983891 ], [ -73.911647775307742, 40.583252458906259 ], [ -73.911520159794804, 40.583172924347991 ], [ -73.911464196077773, 40.583133589500434 ], [ -73.911422784679132, 40.583101952711807 ], [ -73.911395930062469, 40.583078015924009 ], [ -73.911374670636519, 40.583055791661351 ], [ -73.911359018028136, 40.583032717129633 ], [ -73.91135120022588, 40.583013919000379 ], [ -73.91133557606075, 40.58296863666888 ], [ -73.911326640728348, 40.582948129384889 ], [ -73.911230533638658, 40.582766118720834 ], [ -73.9111824724028, 40.582680665095701 ], [ -73.911141122829022, 40.582603758009604 ], [ -73.911105367493704, 40.58253283479776 ], [ -73.911098666106426, 40.582516599487953 ], [ -73.911084156192274, 40.582476442009785 ], [ -73.911046179791427, 40.582390144224789 ], [ -73.910993674235101, 40.582277353465535 ], [ -73.910988088058986, 40.582266243875694 ], [ -73.91098026139575, 40.582255134387438 ], [ -73.910946697906894, 40.58222008694537 ], [ -73.910935513184128, 40.582206412788345 ], [ -73.910927689962222, 40.582192739486111 ], [ -73.910924336388405, 40.582185902808625 ], [ -73.910922110185922, 40.582176933719985 ], [ -73.910923798783131, 40.582169248115932 ], [ -73.910928852431269, 40.58216070876697 ], [ -73.910937825633567, 40.582152602989083 ], [ -73.910948476202464, 40.582146204960964 ], [ -73.910958004755742, 40.582142368029984 ], [ -73.910972573766514, 40.582138961857702 ], [ -73.910989381127763, 40.582136412946276 ], [ -73.911038682251231, 40.582132179142782 ], [ -73.911053250153913, 40.582128776557347 ], [ -73.911065578564859, 40.582125368632312 ], [ -73.911077909185067, 40.582119398738747 ], [ -73.911089121357676, 40.582112574291209 ], [ -73.911100335762896, 40.582104896077155 ], [ -73.911110432682946, 40.582094654187067 ], [ -73.911120530741158, 40.58208355585333 ], [ -73.911128389273244, 40.58207075025485 ], [ -73.911142990163015, 40.582042573373577 ], [ -73.911153113238015, 40.582012684814657 ], [ -73.911160997990962, 40.581981087068499 ], [ -73.91116664442788, 40.581947780134264 ], [ -73.911170050203779, 40.581913616943837 ], [ -73.911170123010507, 40.58185894987713 ], [ -73.911164645027213, 40.581766695177649 ], [ -73.91116242834056, 40.581748755897372 ], [ -73.911157974486386, 40.581728254750736 ], [ -73.911135656227643, 40.581662465903761 ], [ -73.911128966298833, 40.581637690922513 ], [ -73.911125637908455, 40.581613771394508 ], [ -73.91112678718504, 40.581591562708248 ], [ -73.911127917111955, 40.581583876667395 ], [ -73.91113128881544, 40.581576192449383 ], [ -73.911135780272943, 40.58156936186446 ], [ -73.911142508860394, 40.581563387616825 ], [ -73.911150360526719, 40.581557415076176 ], [ -73.911159329683827, 40.581551441730248 ], [ -73.91118286887027, 40.581542920301821 ], [ -73.911208645252472, 40.581536107133054 ], [ -73.911240018977054, 40.581531003822093 ], [ -73.911366634986365, 40.581516581870716 ], [ -73.911826050802674, 40.581450312939467 ], [ -73.911947067814395, 40.58143246854371 ], [ -73.911961622906603, 40.581429974565772 ], [ -73.911981804010608, 40.581426516693 ], [ -73.912013182291133, 40.581419706727779 ], [ -73.912084905409941, 40.581401823311097 ], [ -73.912164479058148, 40.5813779683278 ], [ -73.912240691114306, 40.581353256945683 ], [ -73.912411056713012, 40.581295303553325 ], [ -73.912687896483803, 40.581200704227449 ], [ -73.91278764253083, 40.581170883799416 ], [ -73.912928850678526, 40.581132552366924 ], [ -73.912989368321519, 40.581117222843375 ], [ -73.913048758386651, 40.581106166287277 ], [ -73.913105904432115, 40.581097667293371 ], [ -73.913160805458503, 40.581092582222915 ], [ -73.913187695659232, 40.581091749841683 ], [ -73.913216823003353, 40.581091771912369 ], [ -73.913247070119553, 40.581092647587035 ], [ -73.913279556668542, 40.581095234157488 ], [ -73.913345642714106, 40.581102972843325 ], [ -73.913462132235537, 40.581120998385735 ], [ -73.913549496592211, 40.581134730736494 ], [ -73.913612218141111, 40.581147591592959 ], [ -73.913639096092837, 40.581155299613869 ], [ -73.913664852174193, 40.581163859629953 ], [ -73.913688366486852, 40.581173273390966 ], [ -73.913709638045432, 40.58118353822227 ], [ -73.913754418519048, 40.58120834450034 ], [ -73.913802553743167, 40.581238274465612 ], [ -73.913847327668094, 40.58126820548182 ], [ -73.913960376727772, 40.581346019998229 ], [ -73.914023062111752, 40.581386212448933 ], [ -73.914044330698985, 40.581400749314263 ], [ -73.914098057212797, 40.581438372023982 ], [ -73.914128282391928, 40.581456332248884 ], [ -73.914146194848499, 40.581464887112595 ], [ -73.91416299323275, 40.581470878248382 ], [ -73.914179791510378, 40.5814751629337 ], [ -73.914196595393435, 40.581476882890236 ], [ -73.914267168552684, 40.581481207831281 ], [ -73.914344468037214, 40.581482973947281 ], [ -73.91442513106594, 40.581482179633866 ], [ -73.914583098946935, 40.581478879208532 ], [ -73.914593182112938, 40.581478886727147 ], [ -73.914813890731779, 40.581473927974024 ], [ -73.914874384032601, 40.581475681233592 ], [ -73.914937117169714, 40.581480852700871 ], [ -73.915002084227481, 40.581489442365232 ], [ -73.915068165436381, 40.581502302240871 ], [ -73.915214881491991, 40.581536578606261 ], [ -73.915362719795951, 40.581570855613258 ], [ -73.915511115498418, 40.581607267049868 ], [ -73.915658389284332, 40.581644531153032 ], [ -73.91580510297878, 40.581683076099822 ], [ -73.915952934245468, 40.581722476282408 ], [ -73.916248594216327, 40.581804692650046 ], [ -73.916298989766432, 40.581819250474503 ], [ -73.91649161440175, 40.581875765559644 ], [ -73.916617045999075, 40.581910877375783 ], [ -73.916707762876442, 40.581934006723344 ], [ -73.916729042497295, 40.581938291533874 ], [ -73.916751446603811, 40.581941726234781 ], [ -73.916800734257635, 40.581946032305616 ], [ -73.916855630515016, 40.581946072168854 ], [ -73.916931814921483, 40.581943563635676 ], [ -73.917001280864937, 40.581938489133798 ], [ -73.91715926879445, 40.581919811431014 ], [ -73.917197363223508, 40.581917277842507 ], [ -73.917232093905938, 40.581915594658909 ], [ -73.917282511237403, 40.581914777398175 ], [ -73.917322839744173, 40.581916514803119 ], [ -73.917358684969571, 40.581919955490619 ], [ -73.917391170109866, 40.581925105543078 ], [ -73.917399009436409, 40.581926818648597 ], [ -73.917431489107273, 40.58193453074071 ], [ -73.917469565418287, 40.581945660670868 ], [ -73.917506519785633, 40.581957647144002 ], [ -73.917540111932908, 40.581972191399402 ], [ -73.917568102971657, 40.581985877009167 ], [ -73.917597212763297, 40.582000419778147 ], [ -73.917624082175053, 40.582016667374809 ], [ -73.917643110852254, 40.582029494594387 ], [ -73.917649828549287, 40.582033769766241 ], [ -73.917663259270043, 40.582043176381475 ], [ -73.917728220947467, 40.582057742124626 ], [ -73.919006161627067, 40.58234309129157 ], [ -73.919015672109623, 40.582353774582423 ], [ -73.919025186165229, 40.58236061445831 ], [ -73.919038621983958, 40.582367029427196 ], [ -73.919047580751325, 40.582370026412136 ], [ -73.91905877954278, 40.582372595376903 ], [ -73.919103589285072, 40.582376470453383 ], [ -73.919180885619625, 40.582380798043097 ], [ -73.919378056445112, 40.582386913800605 ], [ -73.919419505162423, 40.582389506697332 ], [ -73.919460950787908, 40.582394660796716 ], [ -73.919504633928781, 40.582402378339779 ], [ -73.919551677726972, 40.582411808353669 ], [ -73.919635678683647, 40.582432365938587 ], [ -73.919828310739277, 40.582484606090098 ], [ -73.919875350360812, 40.582496595261503 ], [ -73.919919032657745, 40.582506022774218 ], [ -73.919977275257864, 40.582517167811453 ], [ -73.920042240789243, 40.582528316592963 ], [ -73.920166254198179, 40.582546864639689 ], [ -73.920323392773611, 40.582570367038279 ], [ -73.920388358523155, 40.582581516627933 ], [ -73.920447722252376, 40.582593515888988 ], [ -73.920559726932055, 40.582618364344128 ], [ -73.920682927437028, 40.582648345303994 ], [ -73.921086121937037, 40.582752831446754 ], [ -73.921233962915252, 40.582789664617572 ], [ -73.921759246137029, 40.582920711292253 ], [ -73.921966450101905, 40.582970392240512 ], [ -73.922080693186714, 40.582996094335314 ], [ -73.922188218593192, 40.583018376181883 ], [ -73.922290147302675, 40.583038947600009 ], [ -73.922388716322189, 40.583056096478707 ], [ -73.922420082271927, 40.583059533386276 ], [ -73.922455930355383, 40.583061267793077 ], [ -73.922489542007895, 40.583060435025097 ], [ -73.922569089895788, 40.583056218583387 ], [ -73.922607180588074, 40.583056244332845 ], [ -73.922641911274738, 40.583057976086231 ], [ -73.92267215433904, 40.583063122294234 ], [ -73.922697913085557, 40.583069972833435 ], [ -73.922748308241836, 40.583087944313235 ], [ -73.92276958795334, 40.583093938215292 ], [ -73.922793107968715, 40.583099077095426 ], [ -73.922803189402345, 40.583100792178392 ], [ -73.922813274020811, 40.583100798976311 ], [ -73.923046299370171, 40.583105227907751 ], [ -73.923228912718145, 40.583106204164643 ], [ -73.923247956769757, 40.583107925216986 ], [ -73.923269240357115, 40.58311050145128 ], [ -73.923353241029972, 40.583131058153292 ], [ -73.923372284227341, 40.583134487472066 ], [ -73.923390206168222, 40.583136207751217 ], [ -73.924029865490724, 40.583184467873025 ], [ -73.924209104167844, 40.58319825302749 ], [ -73.924246073290988, 40.583199985778705 ], [ -73.924286406999727, 40.583200012455258 ], [ -73.924457823054041, 40.583194999889621 ], [ -73.924955256299185, 40.583193619533617 ], [ -73.925223017093629, 40.583192941028621 ], [ -73.925270071015788, 40.583195532881362 ], [ -73.925296954574137, 40.583198113314708 ], [ -73.925330560517637, 40.583202407248422 ], [ -73.92539776823746, 40.583213552704997 ], [ -73.925526576201904, 40.583241825673078 ], [ -73.925580341171852, 40.583252109431747 ], [ -73.925657632671388, 40.58326411948952 ], [ -73.925741644736419, 40.583275277494543 ], [ -73.925835741221888, 40.583285587283612 ], [ -73.925972406292274, 40.583300197542989 ], [ -73.926215498029478, 40.58332085490003 ], [ -73.926457421476073, 40.583386781136589 ], [ -73.926743057685812, 40.583433088997602 ], [ -73.927246050490112, 40.583470138436262 ], [ -73.927493642165089, 40.583474565759651 ], [ -73.92823308260111, 40.583463072741715 ], [ -73.928458286904899, 40.583448695474438 ], [ -73.928711498749962, 40.583435184374551 ], [ -73.928900847420209, 40.583426761613268 ], [ -73.929275059731424, 40.583409910458677 ], [ -73.929464417596236, 40.583390380610723 ], [ -73.929629126775097, 40.583373399026947 ], [ -73.92980840519472, 40.583352154129678 ], [ -73.930030263960347, 40.583320685181327 ], [ -73.930189391841367, 40.583285762834002 ], [ -73.930355249422831, 40.583239739117232 ], [ -73.930439314828448, 40.583200498634746 ], [ -73.930602965934682, 40.583123723890544 ], [ -73.930697164184934, 40.583036657250055 ], [ -73.930723073967457, 40.582900005981344 ], [ -73.930714150558003, 40.582862418188732 ], [ -73.930723175159372, 40.582802631692211 ], [ -73.930747860180986, 40.582765917836134 ], [ -73.930794930330734, 40.582750571722798 ], [ -73.930811732871661, 40.582753142092791 ], [ -73.930908043776355, 40.582789930731408 ], [ -73.930945079210773, 40.582727598230449 ], [ -73.931123759842833, 40.582748101667569 ], [ -73.931208747231494, 40.583234488417681 ] ] ], [ [ [ -73.911882003513711, 40.587708559038518 ], [ -73.911717583199987, 40.587804542509254 ], [ -73.911513322804893, 40.587930084422219 ], [ -73.911196593299664, 40.588139669223118 ], [ -73.910735887116545, 40.588481219749227 ], [ -73.910301520374816, 40.588850937661569 ], [ -73.909893592075704, 40.589251414000962 ], [ -73.909721422262805, 40.589439698385931 ], [ -73.909521582627946, 40.589691625807347 ], [ -73.909325492270099, 40.589983373326618 ], [ -73.909073338934746, 40.590377653686403 ], [ -73.908880369043231, 40.590701447976961 ], [ -73.908648568241162, 40.59122891725864 ], [ -73.908527057914966, 40.591547161213711 ], [ -73.908470251073595, 40.591724980725232 ], [ -73.908436385013516, 40.591845059919045 ], [ -73.908374619729116, 40.592022091090037 ], [ -73.908341742623307, 40.592145194071328 ], [ -73.908293297326907, 40.592346157286912 ], [ -73.908253743419621, 40.592570405179025 ], [ -73.908221204547715, 40.592758072205619 ], [ -73.908209632898973, 40.592889010627324 ], [ -73.908200326817266, 40.593061278425878 ], [ -73.908195855494085, 40.593207212591999 ], [ -73.908201817105976, 40.593295124517212 ], [ -73.908223760242024, 40.59343843671693 ], [ -73.908242229326632, 40.593518190942532 ], [ -73.90631083995379, 40.594726456288399 ], [ -73.903911897699714, 40.592553793994099 ], [ -73.903219770621732, 40.591736265987024 ], [ -73.902465224685315, 40.590969741978547 ], [ -73.899692077482271, 40.588462711675938 ], [ -73.899378426590232, 40.588179143161319 ], [ -73.899199674607559, 40.588017534957615 ], [ -73.899130940540218, 40.587955392453303 ], [ -73.898527509398519, 40.587409822906956 ], [ -73.89781221091765, 40.586763096488617 ], [ -73.89757366124627, 40.586547410982753 ], [ -73.892892362774504, 40.582314432274565 ], [ -73.892025450605217, 40.581704679575566 ], [ -73.891289868687423, 40.581113894731267 ], [ -73.888372009228789, 40.578464170359396 ], [ -73.887905321540543, 40.578040340964385 ], [ -73.88790976710338, 40.578040091147606 ], [ -73.887936653977448, 40.578039264674253 ], [ -73.887965781188257, 40.578039293148422 ], [ -73.887996023613312, 40.578041883758516 ], [ -73.888027383131245, 40.578045330976231 ], [ -73.888085623121086, 40.578053930221031 ], [ -73.888218894614454, 40.578077977318337 ], [ -73.888278251975805, 40.578086577556384 ], [ -73.888380177562425, 40.578096926593297 ], [ -73.888486588153441, 40.578105570778789 ], [ -73.888596360278655, 40.57811336528659 ], [ -73.888712855332329, 40.578120310690409 ], [ -73.888767742949753, 40.578122925943909 ], [ -73.888812551966538, 40.578123824025141 ], [ -73.888851764606713, 40.578122153769677 ], [ -73.88888873711268, 40.578119628563961 ], [ -73.888915631228443, 40.57811452884642 ], [ -73.888944771157711, 40.578106869325069 ], [ -73.888976157541862, 40.578094942546961 ], [ -73.889013152760924, 40.578078749172157 ], [ -73.889041183304528, 40.578064256234278 ], [ -73.889069217988265, 40.57804719956227 ], [ -73.889100621146795, 40.578025875797167 ], [ -73.889190349916859, 40.577960191078944 ], [ -73.889220629221853, 40.577940574483975 ], [ -73.889249781910138, 40.577925227136653 ], [ -73.88930471919025, 40.577897094739811 ], [ -73.889357417974495, 40.577870666603815 ], [ -73.889389930667235, 40.577855322465744 ], [ -73.889419075206931, 40.577843389806461 ], [ -73.889450462477996, 40.577831463819741 ], [ -73.889479605163416, 40.577822094955827 ], [ -73.889508742277101, 40.577815290814343 ], [ -73.889537876668371, 40.577810193945929 ], [ -73.889582698002911, 40.577804256827008 ], [ -73.889619669095538, 40.577801732222561 ], [ -73.889747378328067, 40.577801855143463 ], [ -73.890100278323033, 40.577789378686511 ], [ -73.890137246271081, 40.577789414128354 ], [ -73.89018765168052, 40.577792027167632 ], [ -73.890239174806553, 40.57779720046846 ], [ -73.890342215464855, 40.577810966330823 ], [ -73.890385896452514, 40.577816133066243 ], [ -73.890530392954105, 40.577826521822566 ], [ -73.890681613833749, 40.577834352998671 ], [ -73.890844042684932, 40.577838777236714 ], [ -73.891019920724858, 40.577840653734825 ], [ -73.891284300327399, 40.577840051137947 ], [ -73.891380640966119, 40.577840142483552 ], [ -73.89143441838489, 40.5778376296239 ], [ -73.89145906636827, 40.577835091916043 ], [ -73.891483719436124, 40.577830843159234 ], [ -73.891509496284442, 40.577824034407563 ], [ -73.89153415537082, 40.577814661699954 ], [ -73.891545367137041, 40.577809547443103 ], [ -73.891570037133889, 40.57779419702333 ], [ -73.89158012668122, 40.577789935386704 ], [ -73.89159917939449, 40.577784828543159 ], [ -73.891613747164783, 40.5777822785072 ], [ -73.89162719260483, 40.57778058561022 ], [ -73.891641757487548, 40.57777974477753 ], [ -73.891666400927747, 40.577781473685924 ], [ -73.891735847716589, 40.577786666015292 ], [ -73.891799697067199, 40.577789288285821 ], [ -73.891838906954135, 40.577788471612642 ], [ -73.891957668566647, 40.57777833473547 ], [ -73.892099965879567, 40.577764800642065 ], [ -73.892148143396099, 40.577758866519972 ], [ -73.892189607334416, 40.577750364088963 ], [ -73.892225476162579, 40.577738440640317 ], [ -73.892242290029628, 40.577731623295357 ], [ -73.892256864721219, 40.577723949238731 ], [ -73.892270322376888, 40.577715420446239 ], [ -73.892283783071221, 40.577704327840046 ], [ -73.89232306154048, 40.577661658284597 ], [ -73.892339889164603, 40.577646296734557 ], [ -73.892453182122026, 40.577554154341314 ], [ -73.892539546911863, 40.577488464771903 ], [ -73.892597866912254, 40.577446664902439 ], [ -73.892705525847973, 40.577375015608034 ], [ -73.892772811646381, 40.577329809223194 ], [ -73.892812058302042, 40.57730592888899 ], [ -73.89285017845846, 40.577286318755036 ], [ -73.892869235044571, 40.577278649731063 ], [ -73.892888291465567, 40.577271832547574 ], [ -73.893019421630086, 40.577232664304539 ], [ -73.893167358007361, 40.577192656054258 ], [ -73.893324253441762, 40.577153510474957 ], [ -73.893611147274498, 40.577083737157643 ], [ -73.893724332768628, 40.577057361399305 ], [ -73.893771400746942, 40.57704544969463 ], [ -73.893836404109294, 40.577027571517654 ], [ -73.893903651971669, 40.5770062796405 ], [ -73.893974265354473, 40.576981573339928 ], [ -73.894051606456728, 40.57695345764342 ], [ -73.894069543206783, 40.576945786465004 ], [ -73.894087481715786, 40.57693555230798 ], [ -73.894161494118777, 40.57688693391102 ], [ -73.89417719408064, 40.576878407802283 ], [ -73.894194007533642, 40.576871589251198 ], [ -73.894229873228724, 40.576859665257821 ], [ -73.894269096078503, 40.576850304484026 ], [ -73.894310557720814, 40.576842654048498 ], [ -73.894355374321449, 40.576837572262399 ], [ -73.89444836676212, 40.576829970191213 ], [ -73.894657871873861, 40.5768156420501 ], [ -73.894747503137054, 40.576808036647115 ], [ -73.894838256675001, 40.576798724752244 ], [ -73.89490436554722, 40.576789390270889 ], [ -73.894921174621246, 40.576785987265765 ], [ -73.894940226901312, 40.576780880788121 ], [ -73.895006358731493, 40.576756169746183 ], [ -73.895033258414955, 40.576747652023371 ], [ -73.895057910987447, 40.576742550655737 ], [ -73.895085922198462, 40.576739159725797 ], [ -73.895117290489992, 40.576738333835138 ], [ -73.895208030707451, 40.576736710315771 ], [ -73.895236040461143, 40.576734172195621 ], [ -73.89526181380036, 40.576729923651371 ], [ -73.895299913069508, 40.576721417859481 ], [ -73.895343622825905, 40.576709500685034 ], [ -73.895496052560929, 40.576658388283811 ], [ -73.895558815901609, 40.576639656083785 ], [ -73.895592435347481, 40.576631998875939 ], [ -73.895624929995009, 40.576626047249306 ], [ -73.895656303675267, 40.576621806395195 ], [ -73.895686553878889, 40.576619270205263 ], [ -73.895721284649355, 40.576617595282912 ], [ -73.89573136464999, 40.576618457218956 ], [ -73.895741445746168, 40.576619320159011 ], [ -73.89578063768289, 40.576628750936756 ], [ -73.896286709165608, 40.576805169670934 ], [ -73.89628889791652, 40.576837630142258 ], [ -73.896287761718924, 40.576848304851744 ], [ -73.896284383233251, 40.57685940705101 ], [ -73.896279893773084, 40.576864955616145 ], [ -73.896273167099849, 40.576869218032741 ], [ -73.896249627655024, 40.576877739922985 ], [ -73.896240663107093, 40.576880294699954 ], [ -73.896232815861353, 40.576882848731529 ], [ -73.896209286792129, 40.576886245840925 ], [ -73.895689928615752, 40.576700526633203 ], [ -73.895676345537765, 40.576701261702198 ], [ -73.895665138279981, 40.576703814392594 ], [ -73.895642719622998, 40.576712336342695 ], [ -73.895622538592718, 40.57672256585446 ], [ -73.895570774094139, 40.576752699745882 ], [ -73.895565908410362, 40.576760098538259 ], [ -73.895565893703392, 40.576769494572503 ], [ -73.895568681756188, 40.576778037720466 ], [ -73.89558096598418, 40.576801965878126 ], [ -73.895659090507849, 40.576989099298267 ], [ -73.895672478256685, 40.57702413370604 ], [ -73.895704816848934, 40.577118973877347 ], [ -73.895732717398104, 40.577186476377982 ], [ -73.895767329830903, 40.577259966286313 ], [ -73.895808657070361, 40.577337732635449 ], [ -73.895881265138797, 40.577471049074639 ], [ -73.895920357298507, 40.577546251293903 ], [ -73.89598399485007, 40.577684685388029 ], [ -73.896009677996972, 40.577737664806051 ], [ -73.896037601732829, 40.577790649096116 ], [ -73.896064415335829, 40.577836797293692 ], [ -73.896100182784309, 40.577888080393649 ], [ -73.896119192266255, 40.577912014586772 ], [ -73.896138201020491, 40.577934240571793 ], [ -73.896158331948754, 40.577955611126221 ], [ -73.896179586262861, 40.577975277082082 ], [ -73.896200843249872, 40.577993232991979 ], [ -73.896224342017248, 40.578011191763039 ], [ -73.896235532446397, 40.578018035050647 ], [ -73.89624672540927, 40.578024026495726 ], [ -73.896259042099203, 40.578027452467047 ], [ -73.896268562815692, 40.578029597052343 ], [ -73.896289284717156, 40.5780308964179 ], [ -73.896329614313984, 40.57803007914152 ], [ -73.896346417100176, 40.578030948108641 ], [ -73.896364337953557, 40.578033527208738 ], [ -73.896381132789799, 40.578038668182479 ], [ -73.896397924968653, 40.578046371123236 ], [ -73.8964158352194, 40.578055783360107 ], [ -73.896432619461024, 40.578067755629618 ], [ -73.896449403579069, 40.57808143718966 ], [ -73.896467302036228, 40.578097682562181 ], [ -73.89648519519973, 40.578117345509455 ], [ -73.89650308583488, 40.578138714814266 ], [ -73.89651872940874, 40.57816349874939 ], [ -73.896533253128609, 40.578189992719466 ], [ -73.896573461112396, 40.578267756769179 ], [ -73.896587988850484, 40.578291686922306 ], [ -73.896602519479032, 40.578312201336686 ], [ -73.896628235225478, 40.578344682101992 ], [ -73.896726630300464, 40.578466915157456 ], [ -73.89685072497393, 40.578630174701459 ], [ -73.897058677927163, 40.578900273854273 ], [ -73.897100047200979, 40.57895241802845 ], [ -73.897147011892457, 40.579007979268319 ], [ -73.897199571789557, 40.579068673051708 ], [ -73.89727003192634, 40.579145610299719 ], [ -73.897320360861116, 40.57919946887197 ], [ -73.897370695244632, 40.579249053569448 ], [ -73.897421037365319, 40.579295224351277 ], [ -73.897472505660701, 40.579337978705254 ], [ -73.897548596217192, 40.57939442035417 ], [ -73.897724287674961, 40.579519287186336 ], [ -73.897800377029853, 40.579578291642541 ], [ -73.897870866062746, 40.579636437371867 ], [ -73.897951419710793, 40.579706550959315 ], [ -73.898037566579546, 40.579780940645378 ], [ -73.898084553411081, 40.579823689732201 ], [ -73.898125939715413, 40.579865579214477 ], [ -73.898161730500803, 40.579904903579383 ], [ -73.898174029364952, 40.57991943633828 ], [ -73.898184088732535, 40.579935674557369 ], [ -73.898193023636821, 40.579952765377882 ], [ -73.898198601977072, 40.579968999614664 ], [ -73.898203056949583, 40.579986085616895 ], [ -73.898205271499819, 40.580002315862608 ], [ -73.89820524673577, 40.580018545958012 ], [ -73.898204103621865, 40.580033918699705 ], [ -73.898199590089575, 40.580054416909334 ], [ -73.898197336535489, 40.580062956347888 ], [ -73.898190882946309, 40.580071492975222 ], [ -73.898183875601546, 40.580075329330953 ], [ -73.898161465817608, 40.580078300073673 ], [ -73.898140177839807, 40.580078281153824 ], [ -73.898117776328505, 40.58007655111097 ], [ -73.898084172400587, 40.580073104654154 ], [ -73.898030414025513, 40.580064516228042 ], [ -73.89790497506344, 40.58004134127281 ], [ -73.897812013660683, 40.580026737506202 ], [ -73.89774816858386, 40.580018992800454 ], [ -73.897717923577417, 40.580017258358708 ], [ -73.897689917672622, 40.580016379675506 ], [ -73.897663031323731, 40.580016355669031 ], [ -73.897637262121336, 40.580018040021606 ], [ -73.897627737593609, 40.580019738964864 ], [ -73.897616528982425, 40.580023573290674 ], [ -73.897602512370625, 40.580031676286765 ], [ -73.897592417520926, 40.580040208706841 ], [ -73.89758343718573, 40.580051304094759 ], [ -73.89757333566196, 40.580064108607644 ], [ -73.897554234120534, 40.580101674877397 ], [ -73.897500274119182, 40.580221209895129 ], [ -73.897478923980685, 40.580263898084588 ], [ -73.897462072154894, 40.580294633198207 ], [ -73.897417144570937, 40.580370612440575 ], [ -73.897395794649185, 40.580411595087128 ], [ -73.897386798144481, 40.580434648545399 ], [ -73.897377792755535, 40.580461974932952 ], [ -73.897360876335398, 40.580535418179963 ], [ -73.89735859374872, 40.580562747072477 ], [ -73.897358517526897, 40.580612290203369 ], [ -73.897357367742103, 40.580631081262872 ], [ -73.897355098292238, 40.580649868642936 ], [ -73.897349470051694, 40.580666946565813 ], [ -73.89733486101747, 40.580696829901235 ], [ -73.897318006388403, 40.580729272358901 ], [ -73.897265222674662, 40.58081378870051 ], [ -73.897189985950646, 40.580928177785452 ], [ -73.897156304062761, 40.580975128707152 ], [ -73.897117021242792, 40.581022071996692 ], [ -73.897078867262934, 40.581063037655362 ], [ -73.897031748376378, 40.581105701777858 ], [ -73.896983514916258, 40.581145804664395 ], [ -73.896867981558145, 40.581237096631078 ], [ -73.896387695079255, 40.581748307427219 ], [ -73.896369728007514, 40.581774770189519 ], [ -73.896356248587963, 40.581798674115014 ], [ -73.896346129661055, 40.58182087454734 ], [ -73.896340496960988, 40.581841369829085 ], [ -73.896331473475755, 40.581880651536842 ], [ -73.89631904335242, 40.581949827501177 ], [ -73.896280625543284, 40.582159063572057 ], [ -73.896253490054207, 40.582318767485376 ], [ -73.896251212267217, 40.582342680616904 ], [ -73.896252290782456, 40.582369162355477 ], [ -73.896256730682708, 40.582396499983965 ], [ -73.896266734421474, 40.582446903237781 ], [ -73.896296737620446, 40.582604952411252 ], [ -73.896324563957634, 40.582721997853618 ], [ -73.896346836015951, 40.58280914268434 ], [ -73.896366900698581, 40.582874076852576 ], [ -73.89638697723808, 40.582932178797648 ], [ -73.8964093000871, 40.582985157821334 ], [ -73.896472943716745, 40.583124443414441 ], [ -73.896535469119755, 40.583262872438269 ], [ -73.896562268160608, 40.583319271210307 ], [ -73.896594670410948, 40.583376530471185 ], [ -73.896618138095178, 40.583414987822522 ], [ -73.896639374656033, 40.583446612598586 ], [ -73.896661738773915, 40.583473967293237 ], [ -73.896684109186197, 40.583498758091984 ], [ -73.896707604739035, 40.583519276964836 ], [ -73.896732222770012, 40.583538092238861 ], [ -73.896756847200763, 40.583553489932697 ], [ -73.896783717679867, 40.58356547122834 ], [ -73.896878894166775, 40.583598869055585 ], [ -73.897003179190989, 40.583646813036758 ], [ -73.897028930032974, 40.583657942345489 ], [ -73.897052437828378, 40.583669920556808 ], [ -73.897074825691917, 40.583682754202599 ], [ -73.897096091432019, 40.583696439682342 ], [ -73.897115116429319, 40.583710122227835 ], [ -73.897133019080712, 40.583725512886154 ], [ -73.897147559070717, 40.583740901444131 ], [ -73.897160979129097, 40.583757141842419 ], [ -73.897235875892619, 40.583863982227243 ], [ -73.897314136787813, 40.583970821978077 ], [ -73.897349924146482, 40.584012706788215 ], [ -73.897408089202912, 40.584073405462753 ], [ -73.897436061346653, 40.584097347527596 ], [ -73.897489776844296, 40.584136686281774 ], [ -73.897508800627222, 40.584152078803541 ], [ -73.897526701079315, 40.584168323166132 ], [ -73.897541239833956, 40.584184566275809 ], [ -73.897552416794241, 40.584202512910409 ], [ -73.897564710864444, 40.584222169749381 ], [ -73.89758927180705, 40.584277711586154 ], [ -73.897595968779456, 40.584294801449794 ], [ -73.897609343277466, 40.584340084482193 ], [ -73.897620508699958, 40.584364863328389 ], [ -73.897629452904923, 40.584377686611447 ], [ -73.89764063516489, 40.584392215746576 ], [ -73.897687613294167, 40.584441799954824 ], [ -73.897705505900348, 40.584463168306314 ], [ -73.89780277421238, 40.584595652673741 ], [ -73.897955952745988, 40.584799933231025 ], [ -73.897976077165723, 40.584826430982403 ], [ -73.898000682881673, 40.584854638330043 ], [ -73.898085691909429, 40.58494525703432 ], [ -73.898115890887638, 40.584978596030979 ], [ -73.898142730880892, 40.585011078352373 ], [ -73.898165092022552, 40.585041848399733 ], [ -73.898179620598114, 40.585065777414542 ], [ -73.898193024432913, 40.585092268319869 ], [ -73.89820530461499, 40.585120466429878 ], [ -73.898216461154419, 40.585151225594451 ], [ -73.898233194088647, 40.585199073586189 ], [ -73.898235422850632, 40.585207617002894 ], [ -73.898239882293865, 40.585221288180499 ], [ -73.898243210063356, 40.585243499874615 ], [ -73.898244298537094, 40.585264001209971 ], [ -73.898242022664093, 40.585287059771865 ], [ -73.898238623132599, 40.585312682987784 ], [ -73.898222828768439, 40.585383564433826 ], [ -73.898202562103492, 40.585449317881235 ], [ -73.898196919339185, 40.585475790026102 ], [ -73.898197468034709, 40.585483906947566 ], [ -73.89820025883725, 40.585490314897271 ], [ -73.898205846863092, 40.585499714981317 ], [ -73.898227091148698, 40.585527922051661 ], [ -73.898231002910649, 40.585534332669965 ], [ -73.898232668311508, 40.585543728431858 ], [ -73.898229282338065, 40.585560381540297 ], [ -73.898223655208497, 40.585576606652516 ], [ -73.898214666220341, 40.585594536146743 ], [ -73.898197818700737, 40.585620998339905 ], [ -73.898188836410625, 40.585632950212144 ], [ -73.898177613108103, 40.585646605704156 ], [ -73.89812712349746, 40.585693539364641 ], [ -73.898108045444147, 40.585714879133484 ], [ -73.898091201764359, 40.585738780263071 ], [ -73.8980777220508, 40.585762683461581 ], [ -73.898067600486883, 40.585786592406777 ], [ -73.898060841799534, 40.585810503336951 ], [ -73.898058567149135, 40.585832708211946 ], [ -73.898059656689441, 40.585854061474478 ], [ -73.898064105683034, 40.585873713036143 ], [ -73.898071921289642, 40.585892511230568 ], [ -73.898086451529622, 40.585914731968572 ], [ -73.898105464212307, 40.585937813052212 ], [ -73.898128954633663, 40.585961749118141 ], [ -73.89816810926051, 40.586000221839576 ], [ -73.898196081178867, 40.586025017314256 ], [ -73.89826657724619, 40.586083163682844 ], [ -73.898291190058288, 40.586107100711395 ], [ -73.89829902157156, 40.586113941730083 ], [ -73.89832250823342, 40.586141294327028 ], [ -73.898343752770998, 40.586169502211646 ], [ -73.898361635542173, 40.586198559036568 ], [ -73.8983772752958, 40.586227613871138 ], [ -73.898389555571384, 40.586257522168708 ], [ -73.898398474259182, 40.586286570119974 ], [ -73.898404031251204, 40.586315616848388 ], [ -73.898406230259823, 40.586343807920542 ], [ -73.898408277265958, 40.586470224238795 ], [ -73.898409291665104, 40.586539412314188 ], [ -73.898407545673194, 40.586582974472911 ], [ -73.89840473073815, 40.586592368017655 ], [ -73.898400238852901, 40.586599196263215 ], [ -73.89839462729131, 40.586605168996435 ], [ -73.898386774892487, 40.586611996103812 ], [ -73.898377801406738, 40.586618822216636 ], [ -73.898353132088886, 40.586631896651532 ], [ -73.898340802631864, 40.586635018594286 ], [ -73.898309428323984, 40.586636698128267 ], [ -73.898294858663192, 40.586639462432217 ], [ -73.898283364525454, 40.586645537947753 ], [ -73.898278311827255, 40.586653754391754 ], [ -73.898277462121115, 40.586660160864184 ], [ -73.898279131912602, 40.586667420495601 ], [ -73.898282480905223, 40.586674258456732 ], [ -73.898288629574196, 40.586683233110946 ], [ -73.898300374201924, 40.586696481231527 ], [ -73.89840217908484, 40.586796509786495 ], [ -73.898497272512998, 40.586888842630628 ], [ -73.898518526662812, 40.586910215584105 ], [ -73.898538660761488, 40.58693329582853 ], [ -73.898580036260839, 40.586984582064638 ], [ -73.898611338022619, 40.587030735432805 ], [ -73.898650449320314, 40.587098249830355 ], [ -73.898669443368462, 40.587132431528786 ], [ -73.898707420649529, 40.587210195544806 ], [ -73.89872641855591, 40.587242669870484 ], [ -73.898744299474174, 40.587271728388416 ], [ -73.898762187986677, 40.587296514895179 ], [ -73.898782321079011, 40.587319595094904 ], [ -73.898803576666722, 40.58734096615553 ], [ -73.898838266388864, 40.587369185815135 ], [ -73.898886391797632, 40.587403393267515 ], [ -73.898909898565478, 40.58741793490254 ], [ -73.89897483421079, 40.587450451534572 ], [ -73.898991623770556, 40.587461569737599 ], [ -73.899006173967592, 40.587471833201874 ], [ -73.899018474411022, 40.587486364101693 ], [ -73.899024065304815, 40.587494055858684 ], [ -73.899030773308141, 40.587504313330598 ], [ -73.899040825261878, 40.587524819871874 ], [ -73.899054222149829, 40.587555582760729 ], [ -73.899065380694068, 40.587586342674214 ], [ -73.899089932405303, 40.587650426600717 ], [ -73.899111149329514, 40.587697424632623 ], [ -73.899123442026223, 40.587718789583299 ], [ -73.899137695693739, 40.587740796519682 ], [ -73.899146365065945, 40.587749131242205 ], [ -73.899157000676013, 40.587754693222983 ], [ -73.899168198115603, 40.58775897517171 ], [ -73.899190599487667, 40.587764117980917 ], [ -73.899252206164221, 40.587774422792712 ], [ -73.899269005073364, 40.587778708735179 ], [ -73.899279083304336, 40.587783413771341 ], [ -73.899307071096487, 40.587798387944446 ], [ -73.899332815092265, 40.587814639827613 ], [ -73.89944138936319, 40.587885628750954 ], [ -73.899468256917146, 40.587901026986138 ], [ -73.899492885031506, 40.587913862954508 ], [ -73.899552220270849, 40.587945518821854 ], [ -73.899582453403255, 40.587958358010383 ], [ -73.899597010200324, 40.587963493783178 ], [ -73.899612690671233, 40.587966925932449 ], [ -73.899627252531658, 40.587969501576687 ], [ -73.899640695968245, 40.587970367032071 ], [ -73.899738176183888, 40.587967889456827 ], [ -73.899798679947935, 40.587967942368657 ], [ -73.899835654739718, 40.587967974688212 ], [ -73.899889431275327, 40.587969730880545 ], [ -73.899911834092379, 40.587972311495754 ], [ -73.899931998459564, 40.587975747517 ], [ -73.899944318377337, 40.587979174846659 ], [ -73.899958875204007, 40.587984312415067 ], [ -73.899972310962454, 40.587990301848691 ], [ -73.899981266609913, 40.587994581761436 ], [ -73.900001422029078, 40.58800399354547 ], [ -73.900015977510535, 40.588010840311824 ], [ -73.900064130925983, 40.5880262587321 ], [ -73.900125730345678, 40.588042540775206 ], [ -73.900158210886673, 40.588050256825234 ], [ -73.900191813893017, 40.588056263799551 ], [ -73.9002276626656, 40.588060565269132 ], [ -73.900265752188872, 40.588064016834593 ], [ -73.900304962895405, 40.588066612919306 ], [ -73.900346416948452, 40.588067503573789 ], [ -73.900390111859465, 40.588067541557727 ], [ -73.900438293316085, 40.588065875136337 ], [ -73.900476390612141, 40.588064199937186 ], [ -73.900515613999957, 40.588059109046704 ], [ -73.900555958513806, 40.588052309991717 ], [ -73.900598547449306, 40.588043805503055 ], [ -73.900625449756049, 40.588035287398412 ], [ -73.900688229980076, 40.588011424795425 ], [ -73.900703920756342, 40.588007167213718 ], [ -73.900719612563279, 40.588003766075452 ], [ -73.900809260813574, 40.587992738451767 ], [ -73.900989675500199, 40.587974956897881 ], [ -73.901064757660421, 40.587966479381151 ], [ -73.901146562386828, 40.587956301169264 ], [ -73.901172339737045, 40.587951197618679 ], [ -73.901194756452313, 40.587945239239815 ], [ -73.90122390437449, 40.587935012803349 ], [ -73.901251933822095, 40.587921371583661 ], [ -73.901279968366453, 40.587905167385756 ], [ -73.901305767008594, 40.587886395689686 ], [ -73.901339420621397, 40.587857385546776 ], [ -73.901387664988206, 40.587813862449188 ], [ -73.901413470146124, 40.58778826118354 ], [ -73.901469581825381, 40.587726808267924 ], [ -73.901496513891743, 40.587700353349142 ], [ -73.901540269027834, 40.587660246500356 ], [ -73.901582899341633, 40.587622698881802 ], [ -73.901625528240643, 40.587587715977094 ], [ -73.901668148491638, 40.587555293178227 ], [ -73.901710769755383, 40.587525432418829 ], [ -73.901753387092413, 40.587498137207504 ], [ -73.901795998429733, 40.587473402104379 ], [ -73.901839728099716, 40.587450377234738 ], [ -73.901847575217232, 40.587446967381716 ], [ -73.901857664307997, 40.58744356028442 ], [ -73.901901376349358, 40.587432493384071 ], [ -73.901911465435077, 40.587429086367095 ], [ -73.90191931380302, 40.587424821905749 ], [ -73.901978753938465, 40.587385581158635 ], [ -73.902002302676138, 40.587371934919418 ], [ -73.902043788981118, 40.587349761736874 ], [ -73.902090878938822, 40.587328446089771 ], [ -73.90212899582049, 40.587313105822133 ], [ -73.902160381563888, 40.587302881059081 ], [ -73.902189521585541, 40.587296927304394 ], [ -73.902217535609722, 40.58729438832043 ], [ -73.902234340736896, 40.587294402657662 ], [ -73.902252265553187, 40.587296127153841 ], [ -73.902303792092511, 40.587303857084692 ], [ -73.902320593426225, 40.58730728890005 ], [ -73.902356430721369, 40.587318423764195 ], [ -73.902369312295164, 40.587320570787298 ], [ -73.902397879181834, 40.587323585772907 ], [ -73.90242364748724, 40.587323607715589 ], [ -73.902450541627815, 40.587321065879792 ], [ -73.902477437161124, 40.587316818512946 ], [ -73.902505456177735, 40.587310861967801 ], [ -73.902534598558248, 40.587303199925088 ], [ -73.902563742368898, 40.587292975821818 ], [ -73.902594011917699, 40.587281898149826 ], [ -73.902698279349551, 40.587234152767159 ], [ -73.902764428615114, 40.587202605897097 ], [ -73.902784605535075, 40.587195788946801 ], [ -73.90280254030003, 40.587190677541308 ], [ -73.902842882774081, 40.587185586889746 ], [ -73.902886583289984, 40.587182209112392 ], [ -73.902929160333073, 40.587180536897968 ], [ -73.903025518147416, 40.587178910187788 ], [ -73.903066975265077, 40.58717809065773 ], [ -73.903140929222232, 40.587173029246308 ], [ -73.903189112477577, 40.587168797861537 ], [ -73.903213768242324, 40.587164548430309 ], [ -73.903238424145854, 40.587159442550508 ], [ -73.903264205982879, 40.587150923718518 ], [ -73.903289987733785, 40.587141550359966 ], [ -73.903316896701028, 40.587129613216909 ], [ -73.903343805608273, 40.587115970457781 ], [ -73.903372960320198, 40.587098912174426 ], [ -73.903404360696797, 40.587079291883214 ], [ -73.903438004202457, 40.587057111586581 ], [ -73.903460437833914, 40.587039193850742 ], [ -73.903477268824034, 40.587022125159933 ], [ -73.9034840046874, 40.587012733874403 ], [ -73.903488498664302, 40.587004197061418 ], [ -73.90349861232157, 40.586983705214827 ], [ -73.903504238288647, 40.586967479846997 ], [ -73.903507620888078, 40.586953817237195 ], [ -73.903508201299957, 40.586938869901076 ], [ -73.903503205039584, 40.586906835921106 ], [ -73.903493164172374, 40.586877784749227 ], [ -73.903449527078337, 40.586836748103124 ], [ -73.903525799072384, 40.586778727653659 ], [ -73.903637155313774, 40.586862958092759 ], [ -73.903655626957899, 40.586874503033037 ], [ -73.903671302314876, 40.586882203961487 ], [ -73.90368921844933, 40.586889053087894 ], [ -73.903707135958271, 40.586894193926341 ], [ -73.903730660722189, 40.586897628507117 ], [ -73.903757546143552, 40.586900215737835 ], [ -73.903758226631979, 40.586900216309331 ], [ -73.903788917973742, 40.586900242080382 ], [ -73.903830376277611, 40.58689771223073 ], [ -73.903872956673837, 40.586894333139739 ], [ -73.903918903827915, 40.586887538524159 ], [ -73.903969334958092, 40.58687818475827 ], [ -73.904046666240248, 40.586861165661084 ], [ -73.90405563292704, 40.586858609441457 ], [ -73.904063479946629, 40.586856054877906 ], [ -73.904081418226227, 40.586847528458335 ], [ -73.904130899961643, 40.586818699573314 ], [ -73.904134121949198, 40.586816822391917 ], [ -73.904152062641131, 40.586807442281533 ], [ -73.904166636829089, 40.586800619482318 ], [ -73.904182328195532, 40.586796363182742 ], [ -73.904213708565564, 40.586790409951774 ], [ -73.904246205038774, 40.586786165932459 ], [ -73.904279823580538, 40.586781924681382 ], [ -73.904316800298432, 40.58677939083038 ], [ -73.904396353614743, 40.586776895257252 ], [ -73.904500548055566, 40.586777835819099 ], [ -73.904583453325571, 40.586781323293252 ], [ -73.904787349626446, 40.58679259628903 ], [ -73.904844488169516, 40.58679435211922 ], [ -73.904894906907714, 40.586794393974188 ], [ -73.904930758976889, 40.586794423723227 ], [ -73.904958771358707, 40.586792738589295 ], [ -73.904983424555567, 40.586789342459454 ], [ -73.905006959090301, 40.586785089956187 ], [ -73.905023771497312, 40.586779978947717 ], [ -73.90504170961438, 40.586773161587239 ], [ -73.905058528096887, 40.586763779484137 ], [ -73.905107867149283, 40.586734779390163 ], [ -73.9051246830644, 40.586727960167337 ], [ -73.905140376784814, 40.586721993611135 ], [ -73.905176243386535, 40.586711773574017 ], [ -73.905212109972311, 40.586702406290001 ], [ -73.90524685423982, 40.586694749949721 ], [ -73.905256939519617, 40.586693050002168 ], [ -73.905281594978575, 40.586688799205774 ], [ -73.905316333284475, 40.586684556736891 ], [ -73.905349950498405, 40.586681167014625 ], [ -73.905383562975075, 40.586680341089519 ], [ -73.905392527156963, 40.586680348490674 ], [ -73.905417735330403, 40.586680369299764 ], [ -73.905427256977518, 40.586682083688181 ], [ -73.905439575617649, 40.586685512184374 ], [ -73.905450772182903, 40.586690645448229 ], [ -73.90547876271809, 40.586704336673932 ], [ -73.905486602296193, 40.586707757873775 ], [ -73.90549443956823, 40.586710328148413 ], [ -73.90563891777893, 40.586748029605168 ], [ -73.905767721672376, 40.586778031160762 ], [ -73.905888691007846, 40.586802046673135 ], [ -73.90599320815322, 40.586818703657464 ], [ -73.906001825520008, 40.586820077004518 ], [ -73.906129526876796, 40.586837266477744 ], [ -73.906266196109001, 40.586851898331531 ], [ -73.906412949365844, 40.586865686416012 ], [ -73.906580994018512, 40.586877781628878 ], [ -73.906689661785691, 40.586884701475022 ], [ -73.906756883226322, 40.586886467241996 ], [ -73.906835314533822, 40.586885675513187 ], [ -73.906908144410622, 40.586882318129874 ], [ -73.90697537430664, 40.586878102471331 ], [ -73.907039244739011, 40.586872174756721 ], [ -73.907078468116055, 40.586866228027574 ], [ -73.907162519653212, 40.586850066050559 ], [ -73.90719950225872, 40.586844115624423 ], [ -73.907274581152251, 40.586835635890523 ], [ -73.907291388649469, 40.586833941202691 ], [ -73.907465072571526, 40.586818706929151 ], [ -73.907562563728987, 40.58680682761036 ], [ -73.907666780748841, 40.586792391574512 ], [ -73.907783327054588, 40.586774547037159 ], [ -73.907929013747989, 40.586749892570481 ], [ -73.908027635119865, 40.586731181454347 ], [ -73.908131865932077, 40.586706494450475 ], [ -73.908245069153097, 40.586674981307482 ], [ -73.908377332014169, 40.586634940940108 ], [ -73.908384065972882, 40.586626404890929 ], [ -73.908397533998055, 40.586609331787621 ], [ -73.908413241471635, 40.586593116078497 ], [ -73.908430069948139, 40.586577753107193 ], [ -73.908449135678282, 40.586563248280619 ], [ -73.908468201326755, 40.586549596298816 ], [ -73.908488385669202, 40.586536800645462 ], [ -73.908509689696515, 40.586524858730655 ], [ -73.908530990274016, 40.586514626853095 ], [ -73.908587041655522, 40.586491609252832 ], [ -73.908649818754057, 40.586466887696126 ], [ -73.908903152236604, 40.586376549936148 ], [ -73.908959199943553, 40.586355240438969 ], [ -73.909009645159983, 40.586335631990103 ], [ -73.909039914352121, 40.586321136881892 ], [ -73.909073549822352, 40.586304080711436 ], [ -73.909180071534507, 40.586242664861615 ], [ -73.909221555962986, 40.58622048908753 ], [ -73.909263035670477, 40.586200876101657 ], [ -73.909303391039131, 40.586186387990935 ], [ -73.909482726259995, 40.586131863624601 ], [ -73.909653092497734, 40.586083311288526 ], [ -73.909814488731783, 40.58603902022265 ], [ -73.909971395071494, 40.585999852018716 ], [ -73.910129417640277, 40.585963248204521 ], [ -73.910195545001216, 40.585946217185914 ], [ -73.910551957959044, 40.58584911971198 ], [ -73.910624808439977, 40.585830384488645 ], [ -73.910683086715167, 40.585817620001116 ], [ -73.910725671845285, 40.585809108997161 ], [ -73.910768254735871, 40.585803164545496 ], [ -73.910808594516482, 40.585798923859144 ], [ -73.910848929763731, 40.585797248806131 ], [ -73.910885902304315, 40.585796423802684 ], [ -73.910922874824706, 40.585798160840405 ], [ -73.910957599634102, 40.585801602650491 ], [ -73.910991203687658, 40.585807607305149 ], [ -73.911052807029208, 40.585821324203046 ], [ -73.911133443425939, 40.585845302875917 ], [ -73.911215197472032, 40.585870989725606 ], [ -73.911282389719517, 40.585894105947922 ], [ -73.911328300157976, 40.585912931808231 ], [ -73.91137644339517, 40.58593773976181 ], [ -73.911426821787842, 40.58596767428304 ], [ -73.911493989234145, 40.58601043436343 ], [ -73.911532044214979, 40.586038651866438 ], [ -73.911539878282753, 40.586045491982937 ], [ -73.911567855073883, 40.586070284283338 ], [ -73.911601420750372, 40.586104474248003 ], [ -73.911631060435894, 40.586142934946785 ], [ -73.911676369406749, 40.586193365891837 ], [ -73.91170433726397, 40.586224991297563 ], [ -73.911727831709968, 40.586250635543372 ], [ -73.911772582154981, 40.586301065100663 ], [ -73.911792717026074, 40.586324142935112 ], [ -73.911859841070651, 40.586399360380433 ], [ -73.911886690462595, 40.586430132955236 ], [ -73.91191130135536, 40.586457483631058 ], [ -73.91193031784313, 40.586481414347823 ], [ -73.911947087995401, 40.586508761664874 ], [ -73.911961613855993, 40.586537812029384 ], [ -73.911973900190517, 40.586566864184164 ], [ -73.911981703927253, 40.586596767580716 ], [ -73.911995065047648, 40.586660839221224 ], [ -73.9119983929547, 40.58668646607773 ], [ -73.911999482290781, 40.586709530248164 ], [ -73.91199945185997, 40.586732592555883 ], [ -73.911998305042687, 40.586753090277981 ], [ -73.911993794190963, 40.586773588176285 ], [ -73.911989287900212, 40.58679237494777 ], [ -73.911979378317554, 40.586818716897611 ], [ -73.911946563595279, 40.586905946652728 ], [ -73.911933069348777, 40.586943518754275 ], [ -73.911913935478523, 40.587009274543256 ], [ -73.911903810860295, 40.587040016001218 ], [ -73.911899314647997, 40.58705197239145 ], [ -73.911895942222756, 40.5870592289493 ], [ -73.911888932454687, 40.58706402782731 ], [ -73.911877444806734, 40.58706690247319 ], [ -73.911842706825723, 40.587071147845634 ], [ -73.911817489955382, 40.587076680141116 ], [ -73.911789749098887, 40.587084772458091 ], [ -73.911778818446976, 40.587090741747872 ], [ -73.911770405694682, 40.58709799801877 ], [ -73.911764793025768, 40.587105681446118 ], [ -73.911754685353841, 40.587124464814089 ], [ -73.911746808155712, 40.587150935976283 ], [ -73.911743420334702, 40.58716972719575 ], [ -73.911743394336483, 40.587189373015093 ], [ -73.911744487137454, 40.587211582586569 ], [ -73.911748932417822, 40.587238063156363 ], [ -73.911758963444584, 40.587278217080218 ], [ -73.911777933631399, 40.587335459832829 ], [ -73.911804722445197, 40.587413209127881 ], [ -73.911868358208181, 40.587584090764594 ], [ -73.911892910992577, 40.587657568897278 ], [ -73.911904133052502, 40.587695491548061 ], [ -73.911882003513711, 40.587708559038518 ] ] ] ] } },
{ "type": "Feature", "properties": { "Borough": "BK", "Block": 8590, "Lot": 1000, "CD": 315, "BCT2020": "3066600", "BCTCB2020": "30666001012", "CT2010": "666", "CB2010": "1019", "SchoolDist": "22", "Council": 46, "ZipCode": 11235, "FireComp": "L169", "PolicePrct": 61, "HealthCent": 35, "HealthArea": 8822, "Sanitboro": "3", "SanitDistr": "15", "SanitSub": "4E", "Address": "KNAPP STREET", "ZoneDist1": "M1-1", "ZoneDist2": null, "ZoneDist3": null, "ZoneDist4": null, "Overlay1": null, "Overlay2": null, "SPDist1": null, "SPDist2": null, "SPDist3": null, "LtdHeight": null, "SplitZone": "N", "BldgClass": "U9", "LandUse": "07", "Easements": 1, "OwnerType": "C", "OwnerName": "NYC DEPARTMENT PUBLIC WORKS", "LotArea": 45868, "BldgArea": 0, "ComArea": 0, "ResArea": 0, "OfficeArea": 0, "RetailArea": 0, "GarageArea": 0, "StrgeArea": 0, "FactryArea": 0, "OtherArea": 0, "AreaSource": "7", "NumBldgs": 0, "NumFloors": 0.0, "UnitsRes": 0, "UnitsTotal": 0, "LotFront": 0.0, "LotDepth": 0.0, "BldgFront": 0.0, "BldgDepth": 0.0, "Ext": "N", "ProxCode": "0", "IrrLotCode": "N", "LotType": "5", "BsmtCode": "0", "AssessLand": 0.0, "AssessTot": 0.0, "ExemptTot": 0.0, "YearBuilt": 0, "YearAlter1": 0, "YearAlter2": 0, "HistDist": null, "Landmark": null, "BuiltFAR": 0.0, "ResidFAR": 0.0, "CommFAR": 1.0, "FacilFAR": 2.4, "BoroCode": 3, "BBL": 3085901000.0, "CondoNo": 0, "Tract2010": "0666", "XCoord": 1003275, "YCoord": 151731, "ZoneMap": "29a", "ZMCode": null, "Sanborn": "319 054", "TaxMap": "32504", "EDesigNum": null, "APPBBL": 0.0, "APPDate": null, "PLUTOMapID": "1", "FIRM07_FLA": "1", "PFIRM15_FL": "1", "Version": "25v4", "DCPEdited": "t", "Latitude": 40.5831222, "Longitude": -73.9315073, "Notes": null, "Shape_Leng": 0.0, "Shape_Area": 44426.722635700011 }, "geometry": { "type": "MultiPolygon", "coordinates": [ [ [ [ -73.931859107962794, 40.583220816667364 ], [ -73.931899180901382, 40.58344614042138 ], [ -73.931254126081598, 40.58349419842294 ], [ -73.931208747231494, 40.583234488417681 ], [ -73.931123759842833, 40.582748101667569 ], [ -73.931693373450287, 40.582813464482093 ], [ -73.931710102202672, 40.582886932800633 ], [ -73.931763868171473, 40.582898067431373 ], [ -73.931804584165391, 40.582914240984273 ], [ -73.931859107962794, 40.583220816667364 ] ] ] ] } }
]
}
