{
"type": "FeatureCollection",
"name": "pluto_Pelham_Bay_Park",
"crs": { "type": "name", "properties": { "name": "urn:ogc:def:crs:OGC:1.3:CRS84" } },
"features": [
{ "type": "Feature", "properties": { "Borough": "BX", "Block": 4335, "Lot": 1, "CD": 228, "BCT2020": "2027600", "BCTCB2020": "20276001000", "CT2010": "276", "CB2010": "1000", "SchoolDist": "11", "Council": 13, "ZipCode": 10465, "FireComp": "E089", "PolicePrct": 45, "HealthCent": 24, "HealthArea": 710, "Sanitboro": "2", "SanitDistr": "28", "SanitSub": null, "Address": "3410 BRUCKNER BOULEVARD", "ZoneDist1": "PARK", "ZoneDist2": null, "ZoneDist3": null, "ZoneDist4": null, "Overlay1": null, "Overlay2": null, "SPDist1": null, "SPDist2": null, "SPDist3": null, "LtdHeight": null, "SplitZone": "N", "BldgClass": "Q1", "LandUse": "09", "Easements": 0, "OwnerType": "C", "OwnerName": "NYC DEPARTMENT OF PARKS AND RECREATION", "LotArea": 15837500, "BldgArea": 5000, "ComArea": 5000, "ResArea": 0, "OfficeArea": 0, "RetailArea": 0, "GarageArea": 0, "StrgeArea": 0, "FactryArea": 0, "OtherArea": 5000, "AreaSource": "2", "NumBldgs": 10, "NumFloors": 1.0, "UnitsRes": 0, "UnitsTotal": 1, "LotFront": 4824.98, "LotDepth": 3031.28, "BldgFront": 20.0, "BldgDepth": 88.0, "Ext": "N", "ProxCode": "0", "IrrLotCode": "Y", "LotType": "5", "BsmtCode": "0", "AssessLand": 90939150.0, "AssessTot": 108254250.0, "ExemptTot": 108254250.0, "YearBuilt": 1943, "YearAlter1": 2000, "YearAlter2": 0, "HistDist": null, "Landmark": null, "BuiltFAR": 0.0, "ResidFAR": 0.0, "CommFAR": 0.0, "FacilFAR": 0.0, "BoroCode": 2, "BBL": 2043350001.0, "CondoNo": 0, "Tract2010": "0276", "XCoord": 1033685, "YCoord": 250544, "ZoneMap": "4c", "ZMCode": "Y", "Sanborn": "218 074", "TaxMap": "21511", "EDesigNum": null, "APPBBL": 0.0, "APPDate": null, "PLUTOMapID": "1", "FIRM07_FLA": "1", "PFIRM15_FL": "1", "Version": "25v4", "DCPEdited": "t", "Latitude": 40.8542219, "Longitude": -73.8213015, "Notes": null, "Shape_Leng": 0.0, "Shape_Area": 12012207.3368 }, "geometry": { "type": "MultiPolygon", "coordinates": [ [ [ [ -73.818631220468092, 40.856786990724373 ], [ -73.818643605938448, 40.856776523981594 ], [ -73.81865759360339, 40.856769162836756 ], [ -73.818663073310859, 40.856766886898676 ], [ -73.818668264454445, 40.856765133710866 ], [ -73.818674869972114, 40.856763603355873 ], [ -73.818682068248947, 40.856762569193783 ], [ -73.81868901366245, 40.856761652676248 ], [ -73.818696464493499, 40.856761098862435 ], [ -73.818704888484206, 40.856761590308786 ], [ -73.818713297187401, 40.856762919992391 ], [ -73.818722414147004, 40.856764615541096 ], [ -73.818843902389887, 40.856793890756286 ], [ -73.818847123776663, 40.856794237985582 ], [ -73.818850583311601, 40.856794287594269 ], [ -73.818853556023356, 40.856794064378995 ], [ -73.818856614869787, 40.856793569407785 ], [ -73.818859392084619, 40.856792872292537 ], [ -73.81886219836997, 40.856791898813796 ], [ -73.818863951059484, 40.8567911334112 ], [ -73.81886550097461, 40.856790340752603 ], [ -73.818867966093265, 40.856788814671845 ], [ -73.818869558555363, 40.85678761139792 ], [ -73.818870819990735, 40.856786501301961 ], [ -73.818872043794542, 40.856785251519646 ], [ -73.818873099149229, 40.856783993358164 ], [ -73.818874210062418, 40.856782402153641 ], [ -73.818875121746132, 40.856780776419257 ], [ -73.818875750689813, 40.856779355457284 ], [ -73.818876408604893, 40.856777290783285 ], [ -73.818876740681659, 40.856775557892597 ], [ -73.8188768753094, 40.856774027227971 ], [ -73.818876834193205, 40.85677213253922 ], [ -73.818876544344633, 40.856770133889292 ], [ -73.818875884117446, 40.856767829386968 ], [ -73.81887506025501, 40.856765934388214 ], [ -73.818874167863058, 40.856764361619916 ], [ -73.818873475709438, 40.856763342067012 ], [ -73.818872949814505, 40.856762649632721 ], [ -73.818872228693394, 40.85676178764804 ], [ -73.81878819824523, 40.856714624591341 ], [ -73.818712109619383, 40.856668235678718 ], [ -73.818605092231223, 40.856627604560451 ], [ -73.818521174073084, 40.856568537818433 ], [ -73.818384278313303, 40.856493070620274 ], [ -73.818332426173257, 40.856463622015426 ], [ -73.818264825377895, 40.85640025571724 ], [ -73.818215511401647, 40.856364291435362 ], [ -73.818167905403371, 40.856320923330586 ], [ -73.818075747684446, 40.856211139151668 ], [ -73.817991482507892, 40.856108942346509 ], [ -73.817932106719667, 40.856024550614499 ], [ -73.817885602461459, 40.855957112098835 ], [ -73.817830865933544, 40.855887649725197 ], [ -73.817758891115375, 40.855841555802336 ], [ -73.817433406750027, 40.855496490047251 ], [ -73.817382191042242, 40.855434412589624 ], [ -73.817285603502768, 40.855346746783113 ], [ -73.817189979662658, 40.855246891553463 ], [ -73.817117265554657, 40.855178085566344 ], [ -73.817039593034423, 40.855088204656546 ], [ -73.816893751067369, 40.854886676569436 ], [ -73.816820052397375, 40.85479368343109 ], [ -73.816717450493044, 40.854645642013253 ], [ -73.816651667959277, 40.854533971596048 ], [ -73.816625994604081, 40.854490390011925 ], [ -73.816605173957939, 40.854449481686103 ], [ -73.816585191671194, 40.854394442261359 ], [ -73.816579962311437, 40.854360648254143 ], [ -73.816571985012416, 40.854311377645182 ], [ -73.816571092901057, 40.854253018806396 ], [ -73.816611372991858, 40.854003579316434 ], [ -73.816632743610782, 40.853858308678134 ], [ -73.816676665596702, 40.853701078124082 ], [ -73.81670016944615, 40.853679921586632 ], [ -73.816763313934686, 40.853625357442887 ], [ -73.816793768387697, 40.853595512152914 ], [ -73.816818589578787, 40.853569072609147 ], [ -73.816837781117883, 40.853544332264981 ], [ -73.816852473289629, 40.853519587528005 ], [ -73.816854739489557, 40.853513610932147 ], [ -73.81685700568228, 40.853507636176374 ], [ -73.816857043321775, 40.853493970287317 ], [ -73.816854831240406, 40.853480299065595 ], [ -73.816845941693373, 40.853440141833616 ], [ -73.81684485037438, 40.853428181546683 ], [ -73.816847128330977, 40.853417935766672 ], [ -73.816853957488334, 40.853388906570338 ], [ -73.816861899135745, 40.853364149262909 ], [ -73.816870959185479, 40.853341956543566 ], [ -73.81688114120746, 40.853321472081078 ], [ -73.816896949306525, 40.853299289159473 ], [ -73.816940966566648, 40.853246403764594 ], [ -73.816951130880796, 40.853231898544699 ], [ -73.816957916441282, 40.853218243371948 ], [ -73.816968136028933, 40.853184094851613 ], [ -73.816978383860771, 40.853138840558032 ], [ -73.81699206906751, 40.853071387363933 ], [ -73.816994375200622, 40.853050890384424 ], [ -73.81699330024027, 40.853032098948027 ], [ -73.81698776700101, 40.852999632723233 ], [ -73.816972227062465, 40.852923588272319 ], [ -73.816960025905644, 40.852861218669027 ], [ -73.816955620548583, 40.852827044242396 ], [ -73.816955705185819, 40.852796297848933 ], [ -73.816961440486367, 40.852755306509131 ], [ -73.816968283633472, 40.852721152623801 ], [ -73.816975139741885, 40.852682726794804 ], [ -73.816997934240348, 40.852575143109696 ], [ -73.81700815599352, 40.852539283674879 ], [ -73.817030801108061, 40.852485511400154 ], [ -73.817036461196182, 40.852472709094648 ], [ -73.817045497573616, 40.852459054810438 ], [ -73.817087262119557, 40.852407020270896 ], [ -73.817101947929714, 40.852383981964174 ], [ -73.817117780328545, 40.852353256958693 ], [ -73.817130236542937, 40.852323382091953 ], [ -73.817141566048875, 40.8522943600139 ], [ -73.817149517991083, 40.852265331738472 ], [ -73.817155217964952, 40.852238008960342 ], [ -73.817158668256425, 40.852210680772664 ], [ -73.817160989637841, 40.852184208130616 ], [ -73.817159936962383, 40.852158581952089 ], [ -73.817157714255345, 40.852148327267336 ], [ -73.81715549745239, 40.85213636695152 ], [ -73.817137632750331, 40.852088507899509 ], [ -73.817135414746915, 40.852076544903511 ], [ -73.817134321047348, 40.852065440109371 ], [ -73.817135560374325, 40.852023589807203 ], [ -73.817140138456381, 40.85199540883189 ], [ -73.817149194662633, 40.851974071575029 ], [ -73.817171810051832, 40.851931399686968 ], [ -73.817180860522583, 40.851912622552859 ], [ -73.817188807777413, 40.85188615791278 ], [ -73.817195631934737, 40.851858835993966 ], [ -73.817200208763239, 40.851830656852357 ], [ -73.817202538263643, 40.851801620574591 ], [ -73.817202561745958, 40.851793078438334 ], [ -73.817201462134719, 40.851783680949296 ], [ -73.817194765999488, 40.851764878837173 ], [ -73.817184695890319, 40.851745219472598 ], [ -73.817170131049011, 40.851723841145933 ], [ -73.817164523960145, 40.851716999315663 ], [ -73.817156667061525, 40.851711008410057 ], [ -73.81713870617412, 40.851698167700143 ], [ -73.817115116849564, 40.851686172634111 ], [ -73.817099733565783, 40.85168016961368 ], [ -73.817128542761751, 40.85154510448487 ], [ -73.817146712878824, 40.851467217137703 ], [ -73.817166791877511, 40.851372208982077 ], [ -73.817178555663261, 40.851244713116408 ], [ -73.817174961431718, 40.851173022578337 ], [ -73.817161189780606, 40.851081473558651 ], [ -73.817140955303643, 40.850990697664884 ], [ -73.817121141997802, 40.850934362771227 ], [ -73.817076989261651, 40.850878462923298 ], [ -73.81698918449051, 40.850798985472778 ], [ -73.816831913995557, 40.850711153476453 ], [ -73.816671962230856, 40.850643242241802 ], [ -73.816542349594286, 40.850577914954187 ], [ -73.816438251603202, 40.850500637978747 ], [ -73.816371538670211, 40.850440248080865 ], [ -73.816042599068965, 40.850511965025795 ], [ -73.816043006050151, 40.850507464651002 ], [ -73.816042469935581, 40.850498068968065 ], [ -73.816037459305164, 40.85048012396733 ], [ -73.816031872446899, 40.850466448256817 ], [ -73.816020663284604, 40.850451910833023 ], [ -73.816008036134036, 40.850441535859034 ], [ -73.815995952870935, 40.850439060004483 ], [ -73.815979082339595, 40.850438179410403 ], [ -73.815969522931979, 40.850437734640984 ], [ -73.815959973854945, 40.850433557272069 ], [ -73.81595981899163, 40.850433382763129 ], [ -73.816335048953249, 40.850340532177064 ], [ -73.816315831325554, 40.850266776256532 ], [ -73.816270614176162, 40.850170779871988 ], [ -73.816185722178233, 40.850060573366719 ], [ -73.816081569081391, 40.849959048399775 ], [ -73.816018558594521, 40.849891809675952 ], [ -73.816000895992289, 40.849871921738462 ], [ -73.815962789715627, 40.849822320174262 ], [ -73.815949338167329, 40.849805216265175 ], [ -73.815935874756363, 40.849793236203183 ], [ -73.81589995200855, 40.849766701569017 ], [ -73.815885364475918, 40.849753864208317 ], [ -73.815834904976072, 40.849697410847511 ], [ -73.815790062012653, 40.849642674591422 ], [ -73.81571716117206, 40.849566540066583 ], [ -73.81566332817583, 40.849508372080315 ], [ -73.815621847421454, 40.849459619495541 ], [ -73.815613999189765, 40.849450212109197 ], [ -73.815607281206127, 40.849439098214283 ], [ -73.815587155702772, 40.849395504568506 ], [ -73.815575956290942, 40.84937755148249 ], [ -73.81554457920906, 40.84933479264383 ], [ -73.81551206970579, 40.849295451046714 ], [ -73.815496370010507, 40.849278342647828 ], [ -73.815479536601401, 40.849263795243893 ], [ -73.815462702041771, 40.84925010233016 ], [ -73.815445861480185, 40.849238971379009 ], [ -73.81542676422491, 40.84923040054364 ], [ -73.815406534528222, 40.849223534285109 ], [ -73.815386297774225, 40.849220084480933 ], [ -73.815385720941563, 40.849219995881633 ], [ -73.815373412517317, 40.849191764987353 ], [ -73.815371900887897, 40.849186078685378 ], [ -73.815371497335661, 40.84917937017017 ], [ -73.815386805067746, 40.849068546505492 ], [ -73.815377020523073, 40.848986528124861 ], [ -73.815370336028352, 40.848930488590931 ], [ -73.815377820857634, 40.84887849425251 ], [ -73.815392940702552, 40.848846433878954 ], [ -73.815483355920605, 40.8487275773156 ], [ -73.81549612873475, 40.848709646367261 ], [ -73.815532796186162, 40.848658172409536 ], [ -73.815534460195408, 40.848655514129241 ], [ -73.815578657427153, 40.848584886080303 ], [ -73.815650059279307, 40.848505309187281 ], [ -73.815849847435146, 40.848300427339481 ], [ -73.815946365290912, 40.848187335231536 ], [ -73.816012629309256, 40.848130008407367 ], [ -73.816119571265389, 40.847996378089796 ], [ -73.816125308804473, 40.847985532645545 ], [ -73.816126738468284, 40.847979677200861 ], [ -73.816126840026584, 40.847974702993206 ], [ -73.816126222870139, 40.847969319801379 ], [ -73.816123604718328, 40.847960225981183 ], [ -73.816120591216233, 40.847954303128205 ], [ -73.816016695606365, 40.847799962648118 ], [ -73.816236571966698, 40.847688702440777 ], [ -73.816176312201364, 40.848632894536813 ], [ -73.816172935653071, 40.848685795905162 ], [ -73.816172155870291, 40.848698028797315 ], [ -73.820049604343936, 40.848137450629942 ], [ -73.820401735597827, 40.848665799927801 ], [ -73.825436652281525, 40.845937220399371 ], [ -73.825494927191087, 40.846097915643888 ], [ -73.825576681069961, 40.846273738662262 ], [ -73.825648774169437, 40.846450533092387 ], [ -73.825730511040035, 40.846619587859756 ], [ -73.825817641399823, 40.846790895625752 ], [ -73.825904925228329, 40.846962205390945 ], [ -73.826287576502807, 40.847630840420088 ], [ -73.826347925550351, 40.847751974177108 ], [ -73.826407693378087, 40.84787912947214 ], [ -73.826470261087124, 40.848009990947595 ], [ -73.826523846511392, 40.848140749684411 ], [ -73.826576437755506, 40.848286758530044 ], [ -73.826627156871183, 40.848422251347174 ], [ -73.826675432391553, 40.848589996134379 ], [ -73.826715053292588, 40.848726016917283 ], [ -73.826753759917963, 40.848883908467556 ], [ -73.826770272627456, 40.848975613577153 ], [ -73.826796629883148, 40.849141240731655 ], [ -73.826829841353458, 40.849341612074689 ], [ -73.826843310938713, 40.849550498507575 ], [ -73.826842152103978, 40.849759610582808 ], [ -73.826821484557371, 40.850005519041325 ], [ -73.826779137692995, 40.850267774086817 ], [ -73.826732458273298, 40.850457714582809 ], [ -73.826607913942269, 40.850781780971843 ], [ -73.82649632820268, 40.850984842980864 ], [ -73.826397515668333, 40.85113823216156 ], [ -73.826310141949889, 40.851316115702495 ], [ -73.826252078463398, 40.851473210345041 ], [ -73.825829383985095, 40.852874081256395 ], [ -73.825917138246581, 40.854433895144318 ], [ -73.825883061607769, 40.854583021258335 ], [ -73.825838222392875, 40.854813536797053 ], [ -73.825804250114885, 40.855033170816469 ], [ -73.825766686334319, 40.855394937055415 ], [ -73.825763758349581, 40.85552701532265 ], [ -73.825752066494573, 40.855734467852784 ], [ -73.825755675977319, 40.856033868636644 ], [ -73.825772485138174, 40.856307190275949 ], [ -73.825803944356238, 40.856593085228546 ], [ -73.825847404680928, 40.85686639582557 ], [ -73.825908458813558, 40.857158244433009 ], [ -73.825992180678682, 40.857475051974809 ], [ -73.82609197257581, 40.857784623932446 ], [ -73.82621525422401, 40.858106678649769 ], [ -73.826318617059442, 40.858342641347242 ], [ -73.826418927481711, 40.858550104951163 ], [ -73.826572115241149, 40.858835073356133 ], [ -73.825413550405713, 40.859360933275838 ], [ -73.824738713163072, 40.859667226731197 ], [ -73.824312018669943, 40.859846127354473 ], [ -73.823687349372534, 40.860108028409776 ], [ -73.82266419235367, 40.860429967286876 ], [ -73.821693549510357, 40.860736871629619 ], [ -73.82084609977592, 40.861007191266133 ], [ -73.820366646957311, 40.861184782378317 ], [ -73.819959214286683, 40.86137513859078 ], [ -73.819621116088015, 40.861568438421969 ], [ -73.819510215133676, 40.861631844146324 ], [ -73.819539786354127, 40.861656499961683 ], [ -73.819190631562421, 40.861868797881002 ], [ -73.819090676585574, 40.861938267400731 ], [ -73.819097372025297, 40.861932952017739 ], [ -73.819227020502026, 40.861834076872896 ], [ -73.81930467894685, 40.861770700715191 ], [ -73.81936908943598, 40.861718135979473 ], [ -73.819400815880869, 40.861635335793295 ], [ -73.819403184204958, 40.861591779997759 ], [ -73.819407909256057, 40.861508933901078 ], [ -73.819413129254499, 40.861451288894912 ], [ -73.819415957634533, 40.861444887231045 ], [ -73.819419911671844, 40.861438914157482 ], [ -73.819428370340191, 40.861431238990491 ], [ -73.819443015685991, 40.861423577110742 ], [ -73.819456528466944, 40.861419327240363 ], [ -73.819472290034312, 40.861415080052907 ], [ -73.819530820264433, 40.861404068585884 ], [ -73.819549960949075, 40.861398972939604 ], [ -73.819627645617942, 40.86137774202377 ], [ -73.819679433971942, 40.861364157206914 ], [ -73.819705321086005, 40.861359925745198 ], [ -73.819766095376778, 40.861351480558049 ], [ -73.819781855912041, 40.861348088655625 ], [ -73.819796490624526, 40.86134383966197 ], [ -73.81981338480044, 40.861337034907343 ], [ -73.819831409098782, 40.861328521008772 ], [ -73.819895641025539, 40.861289331078687 ], [ -73.819924933869231, 40.861274002685313 ], [ -73.820034176041105, 40.86123146560741 ], [ -73.820212140633387, 40.861154018204338 ], [ -73.82027859906367, 40.861123372687047 ], [ -73.820376602379326, 40.861076547643087 ], [ -73.820410399597307, 40.861059517913993 ], [ -73.820435192142213, 40.861043326967327 ], [ -73.820453239351423, 40.861027127348358 ], [ -73.820460010048052, 40.861018596657253 ], [ -73.820465666810364, 40.861007499749974 ], [ -73.820467944462209, 40.860997255669773 ], [ -73.820467967527989, 40.860988713631627 ], [ -73.820465747414104, 40.86097675163635 ], [ -73.820460155354752, 40.860964787066472 ], [ -73.820451190039137, 40.860951959070029 ], [ -73.820439980458914, 40.860937421101482 ], [ -73.820404068351849, 40.860904054188381 ], [ -73.820392843842214, 40.860894641805444 ], [ -73.820377119270603, 40.860885222491177 ], [ -73.820309713275378, 40.860850098150678 ], [ -73.820296237612283, 40.860841534147511 ], [ -73.820285011917136, 40.860832120914502 ], [ -73.820272673386327, 40.86081843666566 ], [ -73.820261459242303, 40.860804753247436 ], [ -73.820253619575908, 40.860791928830643 ], [ -73.820246903077006, 40.860779107083665 ], [ -73.820244685437828, 40.860767144168683 ], [ -73.820244160194207, 40.860753477419053 ], [ -73.820245869859889, 40.86074579350614 ], [ -73.820249263953073, 40.86073853812686 ], [ -73.820266204055571, 40.860715076975062 ], [ -73.820285388235348, 40.860692898881602 ], [ -73.820344050357974, 40.860633199402869 ], [ -73.820363224268306, 40.860615293237601 ], [ -73.820412837934256, 40.860573518346875 ], [ -73.820434263968664, 40.860553905691823 ], [ -73.820450063381259, 40.860535993334757 ], [ -73.820462490627577, 40.860516369332608 ], [ -73.820471552876057, 40.860494175524565 ], [ -73.820478368437975, 40.860469416247156 ], [ -73.820481813173998, 40.860443797226502 ], [ -73.820481886975443, 40.86041646371995 ], [ -73.820479710809735, 40.860389129470519 ], [ -73.820473032426591, 40.860362640023602 ], [ -73.820466335593679, 40.860342984475764 ], [ -73.820457387590707, 40.86032332717722 ], [ -73.820446193160933, 40.860302809963109 ], [ -73.820432750977744, 40.860281434753205 ], [ -73.82039911577516, 40.860238676487278 ], [ -73.820343042073901, 40.860173675230349 ], [ -73.820297054732379, 40.860122354683192 ], [ -73.820249938367269, 40.860072739668254 ], [ -73.820199444226503, 40.860023975696187 ], [ -73.82017975927306, 40.860005377562501 ], [ -73.820147828110251, 40.859975209114509 ], [ -73.820138844382512, 40.859968363007454 ], [ -73.820127616658667, 40.85996065890626 ], [ -73.82009728095943, 40.859946092057768 ], [ -73.820059067662328, 40.859932365553526 ], [ -73.819969148166024, 40.85990233055071 ], [ -73.819948919378277, 40.859894611452546 ], [ -73.819933188280629, 40.859887753032666 ], [ -73.819926450013426, 40.85988347330791 ], [ -73.819919341845264, 40.859876913802161 ], [ -73.819917348995261, 40.859868725166137 ], [ -73.81992201215364, 40.859860117424439 ], [ -73.819929902975446, 40.859854436847272 ], [ -73.819943421136571, 40.859847624120256 ], [ -73.819958059139196, 40.859842523212969 ], [ -73.819972697141523, 40.859838275959113 ], [ -73.819990707140377, 40.859834886704846 ], [ -73.820026717875379, 40.859830672820877 ], [ -73.820103228872767, 40.859826522060537 ], [ -73.820134736198582, 40.859824007588266 ], [ -73.820166249346968, 40.859818932903153 ], [ -73.820179759446802, 40.859815536598447 ], [ -73.820193270641226, 40.859811287558678 ], [ -73.820219175704167, 40.859800223084136 ], [ -73.820254096676578, 40.859783196071945 ], [ -73.820286774511573, 40.859763601906778 ], [ -73.820453340982766, 40.859739091597334 ], [ -73.820521994798312, 40.859728093638097 ], [ -73.820542247864594, 40.859727272437965 ], [ -73.820551247617118, 40.85972728644991 ], [ -73.820563618273795, 40.859729013019546 ], [ -73.820577105225439, 40.859733731881256 ], [ -73.820587215681059, 40.859739300061015 ], [ -73.820598441112423, 40.859747859609634 ], [ -73.820623130649892, 40.859770957860881 ], [ -73.820628741067225, 40.859776091285269 ], [ -73.820635479473339, 40.859780373730779 ], [ -73.820744444701631, 40.859839478769985 ], [ -73.820761289941686, 40.859850607089463 ], [ -73.820778128386848, 40.859864299205647 ], [ -73.820830850844331, 40.859920754725891 ], [ -73.820854418329617, 40.859942146548512 ], [ -73.820879121818166, 40.859959267337459 ], [ -73.820910575174793, 40.859977251342855 ], [ -73.820939783183434, 40.85999267172199 ], [ -73.820964505114574, 40.860002958676198 ], [ -73.820974620067972, 40.860006392606117 ], [ -73.820983616470855, 40.860008114810945 ], [ -73.820992050566474, 40.860008981648939 ], [ -73.821002059438072, 40.860006020107313 ], [ -73.821006143540743, 40.85999789948896 ], [ -73.821002846321349, 40.859969708010006 ], [ -73.820995045576467, 40.859941509621791 ], [ -73.82098500421624, 40.859910745782095 ], [ -73.82096935689205, 40.859872284813498 ], [ -73.820962641560072, 40.859859463024215 ], [ -73.820940247838308, 40.859820137916536 ], [ -73.820934656885257, 40.85980731703718 ], [ -73.820933555522018, 40.859798775006759 ], [ -73.82093414876276, 40.859787243296935 ], [ -73.820940376655898, 40.859772305718344 ], [ -73.820948286551868, 40.859759506648821 ], [ -73.820966345866054, 40.85973732585532 ], [ -73.820973115292603, 40.859730503444794 ], [ -73.82098100906876, 40.859722827284791 ], [ -73.821017089864398, 40.859692991488117 ], [ -73.821024985943865, 40.859685316164942 ], [ -73.821030628569318, 40.859678492922718 ], [ -73.821036279308615, 40.859669105044034 ], [ -73.821040806773041, 40.859658860845627 ], [ -73.821043085378349, 40.859647762177929 ], [ -73.821044244354425, 40.859635804517353 ], [ -73.821044278833924, 40.859622994217048 ], [ -73.821042062173944, 40.859610177660009 ], [ -73.821037598000871, 40.859597359370973 ], [ -73.821033124512269, 40.859587102116926 ], [ -73.821027530169815, 40.859575991224681 ], [ -73.821020805666279, 40.859566584130107 ], [ -73.820987142739781, 40.859534075375308 ], [ -73.82098041485618, 40.85952637742384 ], [ -73.820974806608618, 40.859519535789012 ], [ -73.820944561846929, 40.859471657327504 ], [ -73.820926644018229, 40.859440879403664 ], [ -73.82091434702653, 40.859411819361128 ], [ -73.82090767075249, 40.859384478122962 ], [ -73.820898779182585, 40.859344320325967 ], [ -73.820897682437874, 40.859334068314503 ], [ -73.820897707745146, 40.859324673456968 ], [ -73.82089998407038, 40.859314425849192 ], [ -73.820904501169608, 40.859308028527117 ], [ -73.820913799275019, 40.859302062785339 ], [ -73.820925903835786, 40.859298237380955 ], [ -73.820939410275258, 40.85929569647697 ], [ -73.820985552820716, 40.859288935227255 ], [ -73.821044279100249, 40.859282570462675 ], [ -73.821067139016534, 40.859280093007598 ], [ -73.821079514132293, 40.859279686226351 ], [ -73.821087949348822, 40.859280552975505 ], [ -73.821100314235821, 40.8592839887148 ], [ -73.821112679137926, 40.859288279782042 ], [ -73.821135143906432, 40.859301126004233 ], [ -73.821176693613509, 40.859329376835504 ], [ -73.821194663149655, 40.859340508677221 ], [ -73.821213764048096, 40.859349079464863 ], [ -73.821222755775082, 40.859352509873553 ], [ -73.821230623020583, 40.859355083963372 ], [ -73.821241866950913, 40.859356810554345 ], [ -73.821254243358325, 40.859356829748336 ], [ -73.821266620855127, 40.859355993529704 ], [ -73.821280125000413, 40.859354306238949 ], [ -73.821307141497314, 40.859348368772928 ], [ -73.821372438840982, 40.859330533098337 ], [ -73.821388197486414, 40.859327142814521 ], [ -73.821402827300858, 40.859325457252503 ], [ -73.821417454713625, 40.859324624505248 ], [ -73.821427011998011, 40.859326349301199 ], [ -73.821438813586141, 40.859330210874674 ], [ -73.821446678605554, 40.859334067270105 ], [ -73.82145285244512, 40.859339199771185 ], [ -73.821457899625656, 40.859345187778572 ], [ -73.821462381067164, 40.859351599061291 ], [ -73.821465723304712, 40.859363989605811 ], [ -73.82146569119385, 40.859375948096535 ], [ -73.821464533518835, 40.859387903084716 ], [ -73.821459998178327, 40.859401562830612 ], [ -73.821454332548129, 40.85941607540078 ], [ -73.82144416031511, 40.859433994775607 ], [ -73.821437389773521, 40.85944167178765 ], [ -73.82142498824615, 40.859451901961279 ], [ -73.821411462219274, 40.859461278577342 ], [ -73.821373155952912, 40.859482570813199 ], [ -73.821357374202094, 40.859494504892943 ], [ -73.821350606050089, 40.859501328248243 ], [ -73.821344673181571, 40.859510713947536 ], [ -73.821342676687621, 40.859520961161067 ], [ -73.821347085962145, 40.859555132704763 ], [ -73.821357117172496, 40.859590167537064 ], [ -73.821371647161328, 40.859625209340436 ], [ -73.821391795615938, 40.859662822655594 ], [ -73.821426499367632, 40.859726082990846 ], [ -73.821448910615928, 40.859759428763141 ], [ -73.821487028995634, 40.859809028434761 ], [ -73.821547565634219, 40.859888555553745 ], [ -73.821614630743582, 40.859977099209416 ], [ -73.821664151755698, 40.860042479979661 ], [ -73.821671996318329, 40.860054451575799 ], [ -73.821677585123425, 40.860067271495247 ], [ -73.821683172763983, 40.860081799728178 ], [ -73.821686504743965, 40.860097180802889 ], [ -73.821689790946294, 40.860130495095611 ], [ -73.821690760761484, 40.860188579297386 ], [ -73.821689509192097, 40.860235554342417 ], [ -73.821683753122613, 40.860284232406549 ], [ -73.821674618135489, 40.860334611633959 ], [ -73.821660980815068, 40.860385837631696 ], [ -73.821651906443435, 40.860413156290591 ], [ -73.821640586816812, 40.860439617735395 ], [ -73.821628142677881, 40.86046522110712 ], [ -73.821613450743754, 40.860489968262186 ], [ -73.821598762409195, 40.860513862603348 ], [ -73.821580701885452, 40.860536042654616 ], [ -73.821562644745441, 40.860557367211619 ], [ -73.82154346670039, 40.860576981716143 ], [ -73.821527683618086, 40.860588916736525 ], [ -73.821508529579717, 40.860599991958061 ], [ -73.821489379029501, 40.860609355353624 ], [ -73.821439824456377, 40.860629780128249 ], [ -73.821417293739742, 40.860640846505675 ], [ -73.821399259565553, 40.860653632595813 ], [ -73.821391366795766, 40.860659598713013 ], [ -73.821385724124582, 40.860666421136699 ], [ -73.821373308479878, 40.860681776894666 ], [ -73.821364269584834, 40.86069628339326 ], [ -73.821357481737707, 40.860709940561165 ], [ -73.821354074064772, 40.860722746550969 ], [ -73.821354040788549, 40.860735131027603 ], [ -73.821356267922909, 40.860743675633671 ], [ -73.821365665037376, 40.860752552853583 ], [ -73.821383224061449, 40.860760372054742 ], [ -73.821400086887081, 40.860764670978604 ], [ -73.821419203091281, 40.860768116223376 ], [ -73.821438324964433, 40.860768999503264 ], [ -73.821459702721, 40.860768178964115 ], [ -73.821478836191275, 40.860765646629631 ], [ -73.821499096315861, 40.860761406133847 ], [ -73.821515986558168, 40.860755453858587 ], [ -73.821547522965176, 40.860741837760905 ], [ -73.821613991960518, 40.86070777410913 ], [ -73.82164440273165, 40.860694157080424 ], [ -73.821736171000822, 40.860664830367362 ], [ -73.821772772913675, 40.860650792455075 ], [ -73.821802058040959, 40.860637171886474 ], [ -73.82182797001856, 40.86062354693388 ], [ -73.821850507537533, 40.86060991408214 ], [ -73.821869670668377, 40.860595424196113 ], [ -73.821905753726625, 40.860564730794117 ], [ -73.821922808820688, 40.860548827822399 ], [ -73.821939589179252, 40.860533181173494 ], [ -73.822028711806269, 40.860441924153399 ], [ -73.822041123753408, 40.860427423731615 ], [ -73.822069351850971, 40.860389031570335 ], [ -73.822084019412955, 40.860372826394148 ], [ -73.822094165411173, 40.860365153634071 ], [ -73.822104305727535, 40.860359191857583 ], [ -73.822112752523225, 40.860355787511963 ], [ -73.822124011527379, 40.860352816174071 ], [ -73.822138641508573, 40.860351557347286 ], [ -73.822160574317707, 40.860352444845248 ], [ -73.822214555316364, 40.86036021654089 ], [ -73.822231426055851, 40.860361948952324 ], [ -73.822342780550883, 40.860369809062803 ], [ -73.822351781570092, 40.860368969279676 ], [ -73.822361909278499, 40.86036813031351 ], [ -73.822383298197423, 40.860363036743067 ], [ -73.822405821933586, 40.860354529373829 ], [ -73.822437363631749, 40.860339204810181 ], [ -73.822456516367893, 40.860328984845061 ], [ -73.822475675830361, 40.860316202162629 ], [ -73.822550064934447, 40.860264215040075 ], [ -73.822581617922992, 40.860243763920174 ], [ -73.822617666275988, 40.860225883353181 ], [ -73.822697629481084, 40.860193549913639 ], [ -73.822731420994899, 40.860178226890028 ], [ -73.822749448057166, 40.86016800522728 ], [ -73.822766353978423, 40.860156071767186 ], [ -73.822779884611933, 40.86014498944656 ], [ -73.822790040661886, 40.860133047444556 ], [ -73.822796817831346, 40.860122809313715 ], [ -73.822800216131, 40.860114272463257 ], [ -73.822801367892978, 40.860104450755429 ], [ -73.822799705170013, 40.860095051547567 ], [ -73.82279466470662, 40.860086931311713 ], [ -73.822790179528198, 40.860080945982958 ], [ -73.822784568922955, 40.860075810906231 ], [ -73.822777832616737, 40.860070677612441 ], [ -73.822771373576543, 40.860066609136837 ], [ -73.822762106807943, 40.860061255861233 ], [ -73.822741875479622, 40.860054391824811 ], [ -73.822718263957938, 40.860049231737683 ], [ -73.822690150379984, 40.860044917453934 ], [ -73.822657534516779, 40.860041450730236 ], [ -73.822615913094225, 40.860039678451166 ], [ -73.822566416390046, 40.860038748610606 ], [ -73.822519161584651, 40.860040384087981 ], [ -73.822474153381478, 40.860043730399141 ], [ -73.822431384779335, 40.860050498363087 ], [ -73.822385235007872, 40.860059822987928 ], [ -73.822345829406089, 40.860070866219921 ], [ -73.822312044601404, 40.860083624577825 ], [ -73.822282750548524, 40.860099808068767 ], [ -73.82227668183998, 40.860108555121393 ], [ -73.822274825024763, 40.860119441969317 ], [ -73.822277037237029, 40.860133110309363 ], [ -73.822285952571875, 40.860164727793808 ], [ -73.822285934308297, 40.860171560690119 ], [ -73.82228488083507, 40.860180528889181 ], [ -73.822275953347628, 40.860187630815396 ], [ -73.822244260431589, 40.860190287973481 ], [ -73.822211631995586, 40.860191093062035 ], [ -73.822123890294122, 40.860187540305951 ], [ -73.822072148105264, 40.860184898556362 ], [ -73.822040654292664, 40.860182287128161 ], [ -73.822013666285372, 40.860177973498772 ], [ -73.821988933908358, 40.860171956034989 ], [ -73.821981066398038, 40.860168529263198 ], [ -73.821973198891726, 40.860165100649411 ], [ -73.821966461681882, 40.860160819205703 ], [ -73.821959725439839, 40.860155682266424 ], [ -73.821954115961844, 40.860149695252225 ], [ -73.821948507696931, 40.860143708157189 ], [ -73.821939549060914, 40.860128320238225 ], [ -73.821932843744506, 40.860111227484126 ], [ -73.821927275483077, 40.860090717348854 ], [ -73.82192280922699, 40.860057866298646 ], [ -73.821918448332355, 40.860025790761796 ], [ -73.821915168997762, 40.859989912757193 ], [ -73.821915203317019, 40.859977099697211 ], [ -73.821917483003318, 40.859966000093287 ], [ -73.821920885983104, 40.859955755043757 ], [ -73.821922809316305, 40.859953211773373 ], [ -73.821925401885025, 40.859949783672604 ], [ -73.821932170094144, 40.859943387111215 ], [ -73.821942026870872, 40.859938279402094 ], [ -73.821956939434614, 40.859935526217853 ], [ -73.821967060901414, 40.859937036670402 ], [ -73.821976052609287, 40.859939612528287 ], [ -73.821983915515418, 40.859944749365489 ], [ -73.821994023653559, 40.859950745166337 ], [ -73.822032188388903, 40.859983260576463 ], [ -73.822050155960255, 40.859995245935416 ], [ -73.822062516456043, 40.860000390630965 ], [ -73.822071509322811, 40.860002538652388 ], [ -73.82208388585066, 40.860002557757426 ], [ -73.82210077024105, 40.859998741449658 ], [ -73.822113156987598, 40.859994488608301 ], [ -73.822139063971008, 40.859982571808821 ], [ -73.822162730252643, 40.859967233324944 ], [ -73.822184155605839, 40.85994847399791 ], [ -73.822199958970472, 40.859928854095699 ], [ -73.822237217297669, 40.859878518202201 ], [ -73.822249629235657, 40.859864871410664 ], [ -73.822262035420607, 40.859853787501159 ], [ -73.822282320220609, 40.859840152009895 ], [ -73.822329635303973, 40.859815454138172 ], [ -73.822349920329074, 40.859802673211945 ], [ -73.822380349895724, 40.859782221250356 ], [ -73.822388244757164, 40.859775400492722 ], [ -73.822395009443866, 40.859769432567049 ], [ -73.822400653154347, 40.859762607418318 ], [ -73.822404049204536, 40.859754924230735 ], [ -73.82240463355707, 40.859746171398392 ], [ -73.822400534479399, 40.859736412795471 ], [ -73.822392862181673, 40.859730991673032 ], [ -73.822378243708158, 40.859728408179052 ], [ -73.822368117309452, 40.859729247066184 ], [ -73.822353484050524, 40.859731785562907 ], [ -73.822336598594532, 40.859736031494585 ], [ -73.822271294267836, 40.859756427832473 ], [ -73.822248778777904, 40.859762373301663 ], [ -73.822231890996562, 40.859766618294373 ], [ -73.822213873211766, 40.859773422508667 ], [ -73.822157557166335, 40.859798961856946 ], [ -73.822137282431569, 40.859807470891198 ], [ -73.822117016967169, 40.85981341888666 ], [ -73.822106885873652, 40.859815965136598 ], [ -73.822096758248577, 40.859816803161721 ], [ -73.822085505042949, 40.859817640367275 ], [ -73.822074254125639, 40.859817622999962 ], [ -73.822048388369069, 40.85981502026128 ], [ -73.822023651520539, 40.859809858294206 ], [ -73.821960690626554, 40.859795239712298 ], [ -73.821942699039568, 40.859791796293656 ], [ -73.821925829667308, 40.859790062001608 ], [ -73.821922809399538, 40.859790057335339 ], [ -73.821910078763764, 40.859790037665803 ], [ -73.821890950301366, 40.859791716339274 ], [ -73.821831302065277, 40.859800166227949 ], [ -73.821808796900655, 40.859802691566934 ], [ -73.821787420647127, 40.859802658517559 ], [ -73.821778421960545, 40.859801790948445 ], [ -73.821768302297826, 40.859800068826274 ], [ -73.821749189728649, 40.859794912819432 ], [ -73.821731212030912, 40.859787196595065 ], [ -73.821713238670014, 40.859776920243789 ], [ -73.821696399087827, 40.859764081081295 ], [ -73.821679561661995, 40.859749537284223 ], [ -73.8216638613074, 40.859731574264856 ], [ -73.821648164437306, 40.859711904774421 ], [ -73.821631352241965, 40.859687964358017 ], [ -73.821592122024725, 40.859634091972801 ], [ -73.821584283338794, 40.859621268565526 ], [ -73.821577567915284, 40.859608446812707 ], [ -73.82157366917302, 40.859593065776181 ], [ -73.821573131013778, 40.859584524623479 ], [ -73.821573715014807, 40.859575983450192 ], [ -73.821577681352153, 40.859565312455118 ], [ -73.821583330858473, 40.859556352296046 ], [ -73.821588972336883, 40.859550382678663 ], [ -73.821602501724229, 40.859539298736529 ], [ -73.821609262975173, 40.859535039920907 ], [ -73.821617147509215, 40.859531634739653 ], [ -73.821625032036749, 40.859528232320677 ], [ -73.821632910887502, 40.859526534441457 ], [ -73.821733094409353, 40.859504483264466 ], [ -73.821840047182604, 40.859475605939537 ], [ -73.821860367487972, 40.859449160139995 ], [ -73.821879544015388, 40.859429544571903 ], [ -73.821899836970729, 40.859414202770296 ], [ -73.821909978268394, 40.859408238250026 ], [ -73.821921238242297, 40.85940398460933 ], [ -73.821922809685532, 40.859403391134251 ], [ -73.821932499313803, 40.859399731889305 ], [ -73.82194488367098, 40.859396333638706 ], [ -73.82195726345013, 40.859394644530475 ], [ -73.821969643226922, 40.859392955422244 ], [ -73.821980892970814, 40.859392972798055 ], [ -73.821993269386894, 40.859392991912785 ], [ -73.8220033865651, 40.859394715767984 ], [ -73.822014630552843, 40.859397295018937 ], [ -73.822035983809911, 40.859405870987167 ], [ -73.82208879046533, 40.859431575979457 ], [ -73.822114635509223, 40.859441865341935 ], [ -73.822144986230299, 40.859451306990863 ], [ -73.822165785314326, 40.859456036949965 ], [ -73.822182381580632, 40.859455208899824 ], [ -73.822191670380846, 40.859452233594133 ], [ -73.822199560583968, 40.859446694244184 ], [ -73.822206895456773, 40.859438592067356 ], [ -73.822210286914327, 40.859431763453323 ], [ -73.822215955734208, 40.859415543540571 ], [ -73.822220525316922, 40.859389926115426 ], [ -73.822222817424915, 40.859373700992549 ], [ -73.822221711331679, 40.859366868118748 ], [ -73.822219484246716, 40.859358322607392 ], [ -73.822214159332589, 40.859351052800022 ], [ -73.822207702634728, 40.859346559308925 ], [ -73.822198148067415, 40.859343769269394 ], [ -73.822186340831507, 40.859342042822682 ], [ -73.822172275608224, 40.859342874778413 ], [ -73.822154268139684, 40.859345409801719 ], [ -73.822109237424627, 40.85935729709314 ], [ -73.82209573329753, 40.859358985318536 ], [ -73.8220844801711, 40.859359822524127 ], [ -73.822030478344743, 40.859360593729377 ], [ -73.822002922667949, 40.85935841436266 ], [ -73.821992803115293, 40.859356262755384 ], [ -73.821984567120339, 40.859350983957135 ], [ -73.821979339074389, 40.859343431522724 ], [ -73.821977671768465, 40.859334888627608 ], [ -73.821977692353855, 40.859327200320855 ], [ -73.821980022456145, 40.859298163904342 ], [ -73.821980052186618, 40.859287059902748 ], [ -73.821976740730705, 40.859263138629757 ], [ -73.821974515964172, 40.859253740296737 ], [ -73.821971163348863, 40.859245192205599 ], [ -73.82196569756178, 40.859238243586873 ], [ -73.821956568441706, 40.859233854040539 ], [ -73.821946446118304, 40.859233197242084 ], [ -73.821934067587421, 40.859234884509618 ], [ -73.821922809902333, 40.859237430844495 ], [ -73.821875527004465, 40.859250169976974 ], [ -73.821856389406307, 40.859254411438009 ], [ -73.821837257597153, 40.859256943837771 ], [ -73.821826009132877, 40.859256498701512 ], [ -73.821814765131691, 40.859254347096687 ], [ -73.821801278121569, 40.859249201552132 ], [ -73.821754100637492, 40.859222649637076 ], [ -73.821741741490897, 40.859216653010677 ], [ -73.821733310818288, 40.859214502234821 ], [ -73.821673150158773, 40.859204586611305 ], [ -73.8215899211948, 40.859196771146813 ], [ -73.821533680924631, 40.859193269456341 ], [ -73.82148702948993, 40.859193197128882 ], [ -73.821407682758093, 40.859193074294197 ], [ -73.821351442618379, 40.859189569754868 ], [ -73.821336828899518, 40.859185276064899 ], [ -73.821326718513362, 40.859179280201964 ], [ -73.821314373316966, 40.859169012512993 ], [ -73.821287437242006, 40.859145056348495 ], [ -73.821271157782093, 40.859133072566095 ], [ -73.821258796404791, 40.859127928702094 ], [ -73.821249239039972, 40.859126205649659 ], [ -73.821123266278931, 40.859116614482687 ], [ -73.82108052680843, 40.859112277107215 ], [ -73.820952319086217, 40.859097556670257 ], [ -73.820912954026582, 40.859094079886276 ], [ -73.820801596013936, 40.859087929379257 ], [ -73.82074761633811, 40.859081009756636 ], [ -73.820647536683168, 40.859063772590829 ], [ -73.820607051923972, 40.859058583136566 ], [ -73.820538454020621, 40.859048229637928 ], [ -73.820502462188401, 40.859045610784989 ], [ -73.820485586018322, 40.859046437237417 ], [ -73.820469831996149, 40.859048122772258 ], [ -73.820455197724002, 40.859051513678395 ], [ -73.820441686587159, 40.859055764589428 ], [ -73.820419157444618, 40.859066832618453 ], [ -73.820396625872817, 40.859078756972451 ], [ -73.820342531942401, 40.859113691036434 ], [ -73.820264388640766, 40.859166527225753 ], [ -73.820252376796816, 40.859170777692341 ], [ -73.820214102653352, 40.859180113813906 ], [ -73.820203405308519, 40.859183726083899 ], [ -73.820198885017874, 40.859190874380232 ], [ -73.82020028496288, 40.859193072359801 ], [ -73.820206167280276, 40.859202307608172 ], [ -73.82021514496067, 40.859210009949678 ], [ -73.820247709491497, 40.859233122407275 ], [ -73.820257808244065, 40.859242533053234 ], [ -73.820317287676886, 40.859296435624856 ], [ -73.820313829080703, 40.859327181158001 ], [ -73.820312679215689, 40.859335721527081 ], [ -73.820310414347446, 40.859341695425137 ], [ -73.820303638023589, 40.859351508341135 ], [ -73.820293497749091, 40.859357044053546 ], [ -73.820276619186629, 40.859358725968562 ], [ -73.820263117322625, 40.859359559490066 ], [ -73.820250745531411, 40.859357831964857 ], [ -73.820239500414814, 40.859356105276703 ], [ -73.820197908416986, 40.859344081863028 ], [ -73.82017975977007, 40.85933690238582 ], [ -73.820167566160094, 40.859332078663371 ], [ -73.820157451243105, 40.859328643740774 ], [ -73.820145081877385, 40.859326063474008 ], [ -73.820102347795071, 40.859320563136386 ], [ -73.820091925636916, 40.859326835007629 ], [ -73.820088809222909, 40.859334516808133 ], [ -73.820087667589419, 40.859341347951911 ], [ -73.820086438012851, 40.859379782702192 ], [ -73.820086414898611, 40.859388324743996 ], [ -73.820084147697273, 40.859395153293136 ], [ -73.820080749033792, 40.859403261397333 ], [ -73.820075297503237, 40.859408662188336 ], [ -73.820066286565634, 40.85941235002938 ], [ -73.820054285390157, 40.859413044485649 ], [ -73.820042479409452, 40.85941131782279 ], [ -73.820034609787086, 40.859408740888014 ], [ -73.820018877578747, 40.859401884317485 ], [ -73.819981808566752, 40.859381327568386 ], [ -73.819971698382744, 40.859376186162535 ], [ -73.819961581149613, 40.859373608473675 ], [ -73.819909863918156, 40.859361569138699 ], [ -73.819862639614371, 40.859352099611272 ], [ -73.819816535049426, 40.859344339961964 ], [ -73.81977267468497, 40.859339147613404 ], [ -73.81976254831396, 40.859339131778952 ], [ -73.819752425361258, 40.85933911594892 ], [ -73.819729921369941, 40.859340788986685 ], [ -73.819705159407093, 40.859345019537955 ], [ -73.819634241915111, 40.85936113816296 ], [ -73.819611732177293, 40.85936451939947 ], [ -73.819590354956276, 40.859365341438171 ], [ -73.819572358863283, 40.859363604952989 ], [ -73.819552121125952, 40.859359301396864 ], [ -73.81948804843833, 40.859340410440637 ], [ -73.819465564207022, 40.859334397796658 ], [ -73.819445322950941, 40.859330949544216 ], [ -73.819436323252319, 40.85933093544601 ], [ -73.819426199087403, 40.859330919585467 ], [ -73.819359816314702, 40.859334232114762 ], [ -73.819304680731321, 40.859338414888839 ], [ -73.819256289280176, 40.859344316529594 ], [ -73.819211271977466, 40.859351079774278 ], [ -73.819073945978673, 40.859379052413317 ], [ -73.818994035472855, 40.859391737390226 ], [ -73.818956885382107, 40.859401075696276 ], [ -73.81888819786883, 40.859424027614878 ], [ -73.818860054535065, 40.859431671810952 ], [ -73.818846546772448, 40.859434213389562 ], [ -73.818831915765486, 40.859435899461971 ], [ -73.818776788261459, 40.859437519274096 ], [ -73.818755408682136, 40.859439193888385 ], [ -73.818739649866089, 40.8594425874103 ], [ -73.818723889734571, 40.859445977247688 ], [ -73.818692361554284, 40.85945703346237 ], [ -73.818660815868654, 40.859473211658063 ], [ -73.818625317322002, 40.859495790560118 ], [ -73.818616858767058, 40.859503036166068 ], [ -73.818607829961095, 40.859514126841596 ], [ -73.818599919645749, 40.859526925667332 ], [ -73.818595377836985, 40.859542292685326 ], [ -73.8185919580568, 40.859558515125727 ], [ -73.818589656849042, 40.859577304725342 ], [ -73.818589633547205, 40.859585845008809 ], [ -73.818591764628508, 40.859629408805354 ], [ -73.818561204494529, 40.859697264217345 ], [ -73.818558934740381, 40.85970452223841 ], [ -73.818558913764335, 40.859712208784927 ], [ -73.818556592779487, 40.859738684181849 ], [ -73.818557635564389, 40.859768579493746 ], [ -73.818565241705826, 40.859866817317211 ], [ -73.818569642585018, 40.859903550840833 ], [ -73.818579665402638, 40.859940296809498 ], [ -73.818594196322323, 40.859975337207345 ], [ -73.818613229377775, 40.860008679970285 ], [ -73.818618831555639, 40.860017229105644 ], [ -73.818627806925761, 40.86002663988171 ], [ -73.818665967632995, 40.860059156399345 ], [ -73.818673822098887, 40.860066855336228 ], [ -73.81868055342261, 40.860073698934265 ], [ -73.818713066507527, 40.860114750384987 ], [ -73.818728749844382, 40.860139544946129 ], [ -73.818734342734615, 40.860151509603462 ], [ -73.818737684563601, 40.860163474318334 ], [ -73.818738779782109, 40.860173724506708 ], [ -73.818737626351378, 40.860184826739321 ], [ -73.818727392617987, 40.860224101803006 ], [ -73.818693398627602, 40.860313732101709 ], [ -73.818641172990013, 40.860487893611968 ], [ -73.818634347331695, 40.860515214652757 ], [ -73.818629765851057, 40.860545102867682 ], [ -73.818617109591017, 40.860648432562741 ], [ -73.81861137687028, 40.860687713858333 ], [ -73.818593148720154, 40.860771391418581 ], [ -73.818585191637695, 40.860801273481407 ], [ -73.818576120595068, 40.860827736408048 ], [ -73.818564802008027, 40.860853342140899 ], [ -73.818551236790441, 40.860876382449121 ], [ -73.818536555385208, 40.860896859027811 ], [ -73.818519629758327, 40.860915623004466 ], [ -73.818507225171786, 40.860926708354512 ], [ -73.818492568182563, 40.860937788316214 ], [ -73.81847454148857, 40.860947154821339 ], [ -73.818455391505296, 40.860956520392108 ], [ -73.818433992656921, 40.860965028760781 ], [ -73.818409220675548, 40.860972675479822 ], [ -73.818349552269169, 40.860987956459567 ], [ -73.81822685266269, 40.861015096562703 ], [ -73.818180702755186, 40.861023565012822 ], [ -73.818137936639417, 40.861029475892785 ], [ -73.818078286815947, 40.861037923838879 ], [ -73.818042279976055, 40.861040429809421 ], [ -73.818025405631076, 40.861039547674935 ], [ -73.818009660428444, 40.861037815505817 ], [ -73.817996168653195, 40.861035231396109 ], [ -73.817982679235328, 40.861030940898409 ], [ -73.817933233321511, 40.861011215767064 ], [ -73.817805126743252, 40.860958058101431 ], [ -73.817716347653928, 40.860922043882397 ], [ -73.817664648362737, 40.860903171487138 ], [ -73.817644414965699, 40.860897159290708 ], [ -73.817623053523675, 40.860891999879811 ], [ -73.817575820321068, 40.860885093131557 ], [ -73.817525207942097, 40.860880742901337 ], [ -73.817419470461274, 40.860875448928084 ], [ -73.817315985308738, 40.860869308368997 ], [ -73.817222617429579, 40.860865742132141 ], [ -73.817187743291115, 40.860865686826429 ], [ -73.817151737759588, 40.860867337947191 ], [ -73.817114603035222, 40.860870695495485 ], [ -73.81707521362965, 40.86087575768412 ], [ -73.817054953224172, 40.860879142911472 ], [ -73.817035814813892, 40.860884237226607 ], [ -73.817016670600353, 40.860891038840997 ], [ -73.816999775107917, 40.860898699601492 ], [ -73.816984000540501, 40.8609072166321 ], [ -73.816969347997471, 40.86091659001616 ], [ -73.816958070991944, 40.860926821495156 ], [ -73.816949040513194, 40.860937909359599 ], [ -73.816932089801384, 40.860965216895075 ], [ -73.816919629641134, 40.860995944426115 ], [ -73.81690941348694, 40.861029241087259 ], [ -73.816903682084615, 40.861067665883454 ], [ -73.816903625630928, 40.861088165568582 ], [ -73.816910234459499, 40.861139423079166 ], [ -73.81691019682178, 40.861153090707553 ], [ -73.816907913905524, 40.861165044781409 ], [ -73.816904510095625, 40.861175288759284 ], [ -73.816898858647448, 40.861184675512838 ], [ -73.816892084025255, 40.86119405872418 ], [ -73.816885310537259, 40.861202590038161 ], [ -73.816876291763464, 40.861209409554327 ], [ -73.816865024139858, 40.861215371841659 ], [ -73.816852076295504, 40.861218981144752 ], [ -73.816833510079604, 40.861220445539828 ], [ -73.816816632094955, 40.861221273294639 ], [ -73.81674689411625, 40.861216891405668 ], [ -73.816716517346919, 40.861216843107762 ], [ -73.816617483491399, 40.861227789553283 ], [ -73.816583726481554, 40.861230298649375 ], [ -73.816558976497262, 40.861230259263451 ], [ -73.816535358081467, 40.861227658866433 ], [ -73.816528610362425, 40.861226793550948 ], [ -73.816513993116914, 40.861224207476582 ], [ -73.816493757295689, 40.861218196914955 ], [ -73.816483648202805, 40.861213056128278 ], [ -73.816472408838749, 40.861208767194881 ], [ -73.81645892541664, 40.861202766458106 ], [ -73.816385901418201, 40.86116592264743 ], [ -73.816355001514395, 40.861151780662148 ], [ -73.816325223605958, 40.86113934877055 ], [ -73.816273528050061, 40.861118766607888 ], [ -73.81620834327569, 40.861094747372185 ], [ -73.816131912036738, 40.861069001092048 ], [ -73.816098188168837, 40.861059550640796 ], [ -73.816066708456788, 40.861051815588972 ], [ -73.816038598353472, 40.861046644196762 ], [ -73.815971127081511, 40.861035432533079 ], [ -73.815934588711002, 40.861026833036959 ], [ -73.815922788371722, 40.861021690335129 ], [ -73.815915491607612, 40.861016126241232 ], [ -73.815902559743208, 40.86101439735738 ], [ -73.815898593278519, 40.861017511165024 ], [ -73.815839558462272, 40.860979382932285 ], [ -73.815794692585314, 40.860946833183064 ], [ -73.815771126712434, 40.860917165713538 ], [ -73.815756808765528, 40.860811697730256 ], [ -73.815762354183292, 40.860758904358562 ], [ -73.815776684309753, 40.860684438464581 ], [ -73.815775914990766, 40.860599919657972 ], [ -73.815762061217043, 40.860531595960289 ], [ -73.815736727621413, 40.860445665543878 ], [ -73.815717115645754, 40.860394860765034 ], [ -73.815717138599027, 40.860355331801024 ], [ -73.815691427076018, 40.860271862682424 ], [ -73.815680568614653, 40.86015978345727 ], [ -73.815667364592628, 40.860067613977272 ], [ -73.815659513758575, 40.860004402049434 ], [ -73.815666827208162, 40.859923059552671 ], [ -73.815661969020667, 40.859872167587127 ], [ -73.81565113368454, 40.859801823563402 ], [ -73.815651503623158, 40.859742835500306 ], [ -73.81564065071349, 40.859697677296957 ], [ -73.815630754290893, 40.85967328878094 ], [ -73.815618594379814, 40.859641350357755 ], [ -73.815617819056627, 40.859616409976319 ], [ -73.815624164063493, 40.859579770993584 ], [ -73.815631424414249, 40.85953513969875 ], [ -73.815629644418337, 40.859509353925297 ], [ -73.815593865099018, 40.859366365841588 ], [ -73.815504793075647, 40.859203781519298 ], [ -73.815452124575671, 40.859089980129056 ], [ -73.81538744591451, 40.858953239273028 ], [ -73.81533038076185, 40.858698212747314 ], [ -73.815287465058844, 40.858634626690744 ], [ -73.815242808603855, 40.858317810091719 ], [ -73.815219183664439, 40.858269695770083 ], [ -73.815198536729383, 40.858192219338228 ], [ -73.815246901291871, 40.85814121990893 ], [ -73.815289479538663, 40.858112285101157 ], [ -73.815552186941034, 40.858000905828938 ], [ -73.81566585142167, 40.857960624009465 ], [ -73.815753815765817, 40.857929292411384 ], [ -73.815858712057334, 40.857901667202313 ], [ -73.815967715880674, 40.85787949557217 ], [ -73.816125569034241, 40.857828415712731 ], [ -73.816222395328722, 40.857807251830522 ], [ -73.816324675950639, 40.857785697672966 ], [ -73.816458444352847, 40.857777444311594 ], [ -73.816652842998977, 40.857771488072125 ], [ -73.816842290161802, 40.857724145086301 ], [ -73.816982238354413, 40.857691873084399 ], [ -73.817121273661556, 40.857653421168202 ], [ -73.81723035439812, 40.857613308727025 ], [ -73.817336103939695, 40.857561823159791 ], [ -73.817474958898941, 40.857505086030642 ], [ -73.817575058536335, 40.857471077020143 ], [ -73.817673045773219, 40.85744395707475 ], [ -73.817699660454593, 40.857434750173802 ], [ -73.817781418209236, 40.857390300531705 ], [ -73.817890752974122, 40.857332928190417 ], [ -73.817977647244376, 40.857291475241361 ], [ -73.818085417420207, 40.857250561228767 ], [ -73.818207531130497, 40.857201371693328 ], [ -73.818291747880423, 40.857151812583446 ], [ -73.818331485235234, 40.857122281372774 ], [ -73.818386184964396, 40.857079879537956 ], [ -73.81844242823405, 40.85702503533615 ], [ -73.818483762637399, 40.856979173432855 ], [ -73.818509005527602, 40.856940992670985 ], [ -73.818553090506313, 40.856864108560217 ], [ -73.818569788476879, 40.856842748104135 ], [ -73.818631220468092, 40.856786990724373 ] ] ] ] } },
{ "type": "Feature", "properties": { "Borough": "BX", "Block": 4411, "Lot": 141, "CD": 228, "BCT2020": "2027600", "BCTCB2020": "20276001008", "CT2010": "276", "CB2010": "1011", "SchoolDist": "11", "Council": 13, "ZipCode": 10469, "FireComp": "E089", "PolicePrct": 45, "HealthCent": 24, "HealthArea": 710, "Sanitboro": null, "SanitDistr": null, "SanitSub": null, "Address": "BRUCKNER BOULEVARD", "ZoneDist1": "R3-2", "ZoneDist2": "PARK", "ZoneDist3": null, "ZoneDist4": null, "Overlay1": null, "Overlay2": null, "SPDist1": null, "SPDist2": null, "SPDist3": null, "LtdHeight": null, "SplitZone": "Y", "BldgClass": "V0", "LandUse": "11", "Easements": 0, "OwnerType": "C", "OwnerName": "NYC DEPARTMENT OF PARKS AND RECREATION", "LotArea": 2415, "BldgArea": 0, "ComArea": 0, "ResArea": 0, "OfficeArea": 0, "RetailArea": 0, "GarageArea": 0, "StrgeArea": 0, "FactryArea": 0, "OtherArea": 0, "AreaSource": "7", "NumBldgs": 0, "NumFloors": 0.0, "UnitsRes": 0, "UnitsTotal": 0, "LotFront": 15.33, "LotDepth": 106.0, "BldgFront": 0.0, "BldgDepth": 0.0, "Ext": null, "ProxCode": "0", "IrrLotCode": "Y", "LotType": "5", "BsmtCode": "5", "AssessLand": 7440.0, "AssessTot": 7440.0, "ExemptTot": 7440.0, "YearBuilt": 0, "YearAlter1": 0, "YearAlter2": 0, "HistDist": null, "Landmark": null, "BuiltFAR": 0.0, "ResidFAR": 0.75, "CommFAR": 0.0, "FacilFAR": 1.0, "BoroCode": 2, "BBL": 2044110141.0000002, "CondoNo": 0, "Tract2010": "0276", "XCoord": 1032072, "YCoord": 252193, "ZoneMap": "4a", "ZMCode": null, "Sanborn": "299 999", "TaxMap": "21601", "EDesigNum": null, "APPBBL": 0.0, "APPDate": null, "PLUTOMapID": "1", "FIRM07_FLA": null, "PFIRM15_FL": null, "Version": "25v4", "DCPEdited": "t", "Latitude": 40.8587568, "Longitude": -73.8271205, "Notes": null, "Shape_Leng": 0.0, "Shape_Area": 2298.7013802000001 }, "geometry": { "type": "MultiPolygon", "coordinates": [ [ [ [ -73.827244577041085, 40.85866053214604 ], [ -73.82728756343468, 40.858735115998364 ], [ -73.827269499824311, 40.858741120400474 ], [ -73.827248081636043, 40.858748240049017 ], [ -73.826939302660065, 40.858850881492131 ], [ -73.826918932956829, 40.858815541656497 ], [ -73.827244577041085, 40.85866053214604 ] ] ] ] } },
{ "type": "Feature", "properties": { "Borough": "BX", "Block": 4335, "Lot": 2, "CD": 228, "BCT2020": "2027600", "BCTCB2020": "20276001013", "CT2010": "276", "CB2010": "1009", "SchoolDist": "08", "Council": 13, "ZipCode": 10461, "FireComp": "E089", "PolicePrct": 45, "HealthCent": 24, "HealthArea": 710, "Sanitboro": "2", "SanitDistr": "10", "SanitSub": "1C", "Address": "BRUCKNER BOULEVARD", "ZoneDist1": "PARK", "ZoneDist2": null, "ZoneDist3": null, "ZoneDist4": null, "Overlay1": null, "Overlay2": null, "SPDist1": null, "SPDist2": null, "SPDist3": null, "LtdHeight": null, "SplitZone": "N", "BldgClass": "Z9", "LandUse": null, "Easements": 0, "OwnerType": "C", "OwnerName": "NYC DEPARTMENT OF PARKS AND RECREATION", "LotArea": 550000, "BldgArea": 2050, "ComArea": 2050, "ResArea": 0, "OfficeArea": 0, "RetailArea": 0, "GarageArea": 0, "StrgeArea": 0, "FactryArea": 0, "OtherArea": 2050, "AreaSource": "2", "NumBldgs": 2, "NumFloors": 1.0, "UnitsRes": 0, "UnitsTotal": 3, "LotFront": 858.31, "LotDepth": 1923.66, "BldgFront": 25.0, "BldgDepth": 50.0, "Ext": "N", "ProxCode": "0", "IrrLotCode": "Y", "LotType": "5", "BsmtCode": "0", "AssessLand": 3870900.0, "AssessTot": 4923450.0, "ExemptTot": 4923450.0, "YearBuilt": 1935, "YearAlter1": 0, "YearAlter2": 0, "HistDist": null, "Landmark": null, "BuiltFAR": 0.0, "ResidFAR": 0.0, "CommFAR": 0.0, "FacilFAR": 0.0, "BoroCode": 2, "BBL": 2043350002.0000002, "CondoNo": 0, "Tract2010": "0276", "XCoord": 1031988, "YCoord": 251274, "ZoneMap": "4a", "ZMCode": null, "Sanborn": "218 074", "TaxMap": "21511", "EDesigNum": null, "APPBBL": 0.0, "APPDate": null, "PLUTOMapID": "1", "FIRM07_FLA": "1", "PFIRM15_FL": null, "Version": "25v4", "DCPEdited": "t", "Latitude": 40.8562348, "Longitude": -73.8274307, "Notes": null, "Shape_Leng": 0.0, "Shape_Area": 1041693.40827 }, "geometry": { "type": "MultiPolygon", "coordinates": [ [ [ [ -73.826130113537246, 40.856232290639454 ], [ -73.826116806479902, 40.855818720511493 ], [ -73.82612907116156, 40.855567314815431 ], [ -73.826206055964178, 40.85485440355815 ], [ -73.826493682869256, 40.853485365356448 ], [ -73.827149731978196, 40.853388799771345 ], [ -73.827205480897078, 40.853489634226804 ], [ -73.827356660083751, 40.853763053651399 ], [ -73.827787358114577, 40.854515663842797 ], [ -73.828556459566826, 40.855854507792806 ], [ -73.829129885937192, 40.856860486042457 ], [ -73.82949885936462, 40.8575077670586 ], [ -73.826919069356464, 40.85866155567048 ], [ -73.826649411924151, 40.858156848844359 ], [ -73.826596951946158, 40.858051121342932 ], [ -73.826517018497142, 40.857857885719703 ], [ -73.826419354203722, 40.857607982221047 ], [ -73.826315034691859, 40.857290844963785 ], [ -73.826237313570147, 40.85698509218463 ], [ -73.826160569753782, 40.856570765553634 ], [ -73.826130113537246, 40.856232290639454 ] ] ] ] } },
{ "type": "Feature", "properties": { "Borough": "BX", "Block": 4411, "Lot": 1, "CD": 210, "BCT2020": "2027600", "BCTCB2020": "20276001008", "CT2010": "276", "CB2010": "1011", "SchoolDist": "11", "Council": 13, "ZipCode": 10469, "FireComp": "E089", "PolicePrct": 45, "HealthCent": 24, "HealthArea": 710, "Sanitboro": "2", "SanitDistr": "10", "SanitSub": "1C", "Address": null, "ZoneDist1": "R3-2", "ZoneDist2": null, "ZoneDist3": null, "ZoneDist4": null, "Overlay1": null, "Overlay2": null, "SPDist1": null, "SPDist2": null, "SPDist3": null, "LtdHeight": null, "SplitZone": "N", "BldgClass": "U1", "LandUse": "07", "Easements": 1, "OwnerType": "X", "OwnerName": "STATE OF NEW YORK", "LotArea": 270520, "BldgArea": 0, "ComArea": 0, "ResArea": 0, "OfficeArea": 0, "RetailArea": 0, "GarageArea": 0, "StrgeArea": 0, "FactryArea": 0, "OtherArea": 0, "AreaSource": "7", "NumBldgs": 0, "NumFloors": 0.0, "UnitsRes": 0, "UnitsTotal": 0, "LotFront": 131.0, "LotDepth": 1.0, "BldgFront": 0.0, "BldgDepth": 0.0, "Ext": "N", "ProxCode": "0", "IrrLotCode": "N", "LotType": "5", "BsmtCode": "0", "AssessLand": 0.0, "AssessTot": 0.0, "ExemptTot": 0.0, "YearBuilt": 0, "YearAlter1": 0, "YearAlter2": 0, "HistDist": null, "Landmark": null, "BuiltFAR": 0.0, "ResidFAR": 0.75, "CommFAR": 0.0, "FacilFAR": 1.0, "BoroCode": 2, "BBL": 2044110001.0, "CondoNo": 0, "Tract2010": "0276", "XCoord": 1031145, "YCoord": 251922, "ZoneMap": "4a", "ZMCode": null, "Sanborn": "220 077", "TaxMap": "21601", "EDesigNum": null, "APPBBL": 0.0, "APPDate": null, "PLUTOMapID": "1", "FIRM07_FLA": "1", "PFIRM15_FL": "1", "Version": "25v4", "DCPEdited": "t", "Latitude": 40.8580179, "Longitude": -73.8304735, "Notes": null, "Shape_Leng": 0.0, "Shape_Area": 270519.70721399999 }, "geometry": { "type": "MultiPolygon", "coordinates": [ [ [ [ -73.82700443739364, 40.859289086416915 ], [ -73.82696987063737, 40.859229113921558 ], [ -73.82686846135897, 40.859053162816792 ], [ -73.826825545979034, 40.858978702233387 ], [ -73.82678444555242, 40.85890738801082 ], [ -73.826782010935148, 40.858903167357205 ], [ -73.82681965659576, 40.858890653089055 ], [ -73.826939302660065, 40.858850881492131 ], [ -73.827248081636043, 40.858748240049017 ], [ -73.827269499824311, 40.858741120400474 ], [ -73.827380474845512, 40.858933667187479 ], [ -73.827467718395212, 40.858904666867765 ], [ -73.827464605947085, 40.858899266460419 ], [ -73.827535492855688, 40.858875703022676 ], [ -73.827538306611658, 40.85888058521757 ], [ -73.827634840001068, 40.858848495595048 ], [ -73.827648864715684, 40.858872830775361 ], [ -73.827823750346795, 40.858814696070084 ], [ -73.828299322745806, 40.858656606197727 ], [ -73.828134313480973, 40.858535148447956 ], [ -73.830248985032497, 40.857837787676601 ], [ -73.830106531307891, 40.858020350007976 ], [ -73.830559300459853, 40.857873053786314 ], [ -73.830539977948106, 40.857927871745993 ], [ -73.831180802666182, 40.85771939250683 ], [ -73.831217108696265, 40.857672862219928 ], [ -73.831673266767311, 40.85752445718488 ], [ -73.831765413239353, 40.857406359668332 ], [ -73.833802185019522, 40.856743686179399 ], [ -73.834562702792198, 40.856869931907504 ], [ -73.833720297058392, 40.857144024779629 ], [ -73.833736429451349, 40.857173793989503 ], [ -73.833668203639334, 40.857195299289153 ], [ -73.833652443477874, 40.85716610149548 ], [ -73.832881227044368, 40.857417023077737 ], [ -73.832897543279387, 40.85744713040102 ], [ -73.832769127391558, 40.857487607727563 ], [ -73.832753412012863, 40.857458607981918 ], [ -73.832020431583246, 40.857697081312118 ], [ -73.832036101732982, 40.857725998352329 ], [ -73.831964007622673, 40.857748721604651 ], [ -73.831948675077939, 40.857720427386084 ], [ -73.831374714408469, 40.857907159118248 ], [ -73.831165942563018, 40.857975080249652 ], [ -73.831182372653203, 40.8580053996372 ], [ -73.831114130933827, 40.858026908840031 ], [ -73.831098019572707, 40.857997177948498 ], [ -73.83032574394106, 40.858248420369307 ], [ -73.830341521062493, 40.858277538576289 ], [ -73.830268465501064, 40.858300562868124 ], [ -73.830253029585279, 40.858272075524795 ], [ -73.829510365275965, 40.858513678512935 ], [ -73.829524541282922, 40.85853984080083 ], [ -73.829390151761558, 40.858582195632913 ], [ -73.829376603751712, 40.858557193185185 ], [ -73.828587980458281, 40.858813737034239 ], [ -73.828603002573573, 40.858841459425427 ], [ -73.828559813232943, 40.858855070158562 ], [ -73.828518199191308, 40.858836438232125 ], [ -73.827774731563323, 40.85907828643014 ], [ -73.82781299793028, 40.859148912568088 ], [ -73.827405582733704, 40.859284797208744 ], [ -73.827365769263267, 40.859211318611266 ], [ -73.827177763710793, 40.859272473029044 ], [ -73.827176613473497, 40.859272847685681 ], [ -73.827023738646517, 40.859322575936751 ], [ -73.82700443739364, 40.859289086416915 ] ] ] ] } },
{ "type": "Feature", "properties": { "Borough": "BX", "Block": 4411, "Lot": 125, "CD": 210, "BCT2020": "2030201", "BCTCB2020": "20302011003", "CT2010": "302", "CB2010": "3012", "SchoolDist": "11", "Council": 12, "ZipCode": 10475, "FireComp": "E066", "PolicePrct": 45, "HealthCent": 24, "HealthArea": 710, "Sanitboro": "2", "SanitDistr": "10", "SanitSub": "1D", "Address": "ST LAWRENCE AVENUE", "ZoneDist1": "R3-2", "ZoneDist2": null, "ZoneDist3": null, "ZoneDist4": null, "Overlay1": null, "Overlay2": null, "SPDist1": null, "SPDist2": null, "SPDist3": null, "LtdHeight": null, "SplitZone": "N", "BldgClass": "V0", "LandUse": "11", "Easements": 0, "OwnerType": "C", "OwnerName": "OWASCO RIVER RAILWAY & TRANSPORTATION LL C", "LotArea": 15295, "BldgArea": 0, "ComArea": 0, "ResArea": 0, "OfficeArea": 0, "RetailArea": 0, "GarageArea": 0, "StrgeArea": 0, "FactryArea": 0, "OtherArea": 0, "AreaSource": "7", "NumBldgs": 0, "NumFloors": 0.0, "UnitsRes": 0, "UnitsTotal": 0, "LotFront": 84.08, "LotDepth": 133.33, "BldgFront": 0.0, "BldgDepth": 0.0, "Ext": null, "ProxCode": "0", "IrrLotCode": "Y", "LotType": "5", "BsmtCode": "5", "AssessLand": 53520.0, "AssessTot": 53520.0, "ExemptTot": 0.0, "YearBuilt": 0, "YearAlter1": 0, "YearAlter2": 0, "HistDist": null, "Landmark": null, "BuiltFAR": 0.0, "ResidFAR": 0.75, "CommFAR": 0.0, "FacilFAR": 1.0, "BoroCode": 2, "BBL": 2044110125.0000002, "CondoNo": 0, "Tract2010": "0302", "XCoord": 1031848, "YCoord": 252132, "ZoneMap": "4a", "ZMCode": null, "Sanborn": "299 999", "TaxMap": "21601", "EDesigNum": null, "APPBBL": 0.0, "APPDate": null, "PLUTOMapID": "1", "FIRM07_FLA": "1", "PFIRM15_FL": "1", "Version": "25v4", "DCPEdited": null, "Latitude": 40.8585905, "Longitude": -73.8279307, "Notes": null, "Shape_Leng": 0.0, "Shape_Area": 15689.9031278 }, "geometry": { "type": "MultiPolygon", "coordinates": [ [ [ [ -73.827904669242841, 40.858366113682216 ], [ -73.828134313480973, 40.858535148447956 ], [ -73.828299322745806, 40.858656606197727 ], [ -73.827823750346795, 40.858814696070084 ], [ -73.827635599576084, 40.858488250746007 ], [ -73.827904669242841, 40.858366113682216 ] ] ] ] } },
{ "type": "Feature", "properties": { "Borough": "BX", "Block": 4411, "Lot": 134, "CD": 210, "BCT2020": "2030201", "BCTCB2020": "20302011003", "CT2010": "302", "CB2010": "3012", "SchoolDist": "11", "Council": 12, "ZipCode": 10475, "FireComp": "E066", "PolicePrct": 45, "HealthCent": 24, "HealthArea": 710, "Sanitboro": "2", "SanitDistr": "10", "SanitSub": "1D", "Address": "ST LAWRENCE AVENUE", "ZoneDist1": "R3-2", "ZoneDist2": null, "ZoneDist3": null, "ZoneDist4": null, "Overlay1": null, "Overlay2": null, "SPDist1": null, "SPDist2": null, "SPDist3": null, "LtdHeight": null, "SplitZone": "N", "BldgClass": "V0", "LandUse": "11", "Easements": 0, "OwnerType": "C", "OwnerName": "NYC DEPARTMENT OF PARKS AND RECREATION", "LotArea": 10236, "BldgArea": 0, "ComArea": 0, "ResArea": 0, "OfficeArea": 0, "RetailArea": 0, "GarageArea": 0, "StrgeArea": 0, "FactryArea": 0, "OtherArea": 0, "AreaSource": "7", "NumBldgs": 0, "NumFloors": 0.0, "UnitsRes": 0, "UnitsTotal": 0, "LotFront": 75.58, "LotDepth": 116.17, "BldgFront": 0.0, "BldgDepth": 0.0, "Ext": null, "ProxCode": "0", "IrrLotCode": "Y", "LotType": "5", "BsmtCode": "5", "AssessLand": 36960.0, "AssessTot": 36960.0, "ExemptTot": 36960.0, "YearBuilt": 0, "YearAlter1": 0, "YearAlter2": 0, "HistDist": null, "Landmark": null, "BuiltFAR": 0.0, "ResidFAR": 0.75, "CommFAR": 0.0, "FacilFAR": 1.0, "BoroCode": 2, "BBL": 2044110134.0, "CondoNo": 0, "Tract2010": "0302", "XCoord": 1031985, "YCoord": 252190, "ZoneMap": "4a", "ZMCode": null, "Sanborn": "299 999", "TaxMap": "21601", "EDesigNum": null, "APPBBL": 0.0, "APPDate": null, "PLUTOMapID": "1", "FIRM07_FLA": "1", "PFIRM15_FL": "1", "Version": "25v4", "DCPEdited": "t", "Latitude": 40.858749, "Longitude": -73.827435, "Notes": null, "Shape_Leng": 0.0, "Shape_Area": 8334.6992133000003 }, "geometry": { "type": "MultiPolygon", "coordinates": [ [ [ [ -73.827269499824311, 40.858741120400474 ], [ -73.82728756343468, 40.858735115998364 ], [ -73.827244577041085, 40.85866053214604 ], [ -73.827465808348578, 40.8585552212351 ], [ -73.827634840001068, 40.858848495595048 ], [ -73.827538306611658, 40.85888058521757 ], [ -73.827535492855688, 40.858875703022676 ], [ -73.827464605947085, 40.858899266460419 ], [ -73.827467718395212, 40.858904666867765 ], [ -73.827380474845512, 40.858933667187479 ], [ -73.827269499824311, 40.858741120400474 ] ] ] ] } },
{ "type": "Feature", "properties": { "Borough": "BX", "Block": 5131, "Lot": 70, "CD": 228, "BCT2020": "2027600", "BCTCB2020": "20276001005", "CT2010": "276", "CB2010": "1004", "SchoolDist": "11", "Council": 13, "ZipCode": 10475, "FireComp": "E066", "PolicePrct": 45, "HealthCent": 24, "HealthArea": 710, "Sanitboro": null, "SanitDistr": null, "SanitSub": null, "Address": "BRUCKNER BOULEVARD", "ZoneDist1": "PARK", "ZoneDist2": null, "ZoneDist3": null, "ZoneDist4": null, "Overlay1": null, "Overlay2": null, "SPDist1": null, "SPDist2": null, "SPDist3": null, "LtdHeight": null, "SplitZone": "N", "BldgClass": "Q1", "LandUse": "09", "Easements": 0, "OwnerType": "C", "OwnerName": "NYC DEPARTMENT OF PARKS AND RECREATION", "LotArea": 9516, "BldgArea": 0, "ComArea": 0, "ResArea": 0, "OfficeArea": 0, "RetailArea": 0, "GarageArea": 0, "StrgeArea": 0, "FactryArea": 0, "OtherArea": 0, "AreaSource": "7", "NumBldgs": 0, "NumFloors": 0.0, "UnitsRes": 0, "UnitsTotal": 0, "LotFront": 52.0, "LotDepth": 369.17, "BldgFront": 0.0, "BldgDepth": 0.0, "Ext": "N", "ProxCode": "0", "IrrLotCode": "Y", "LotType": "5", "BsmtCode": "0", "AssessLand": 28179.0, "AssessTot": 28179.0, "ExemptTot": 28179.0, "YearBuilt": 0, "YearAlter1": 0, "YearAlter2": 0, "HistDist": null, "Landmark": null, "BuiltFAR": 0.0, "ResidFAR": 0.0, "CommFAR": 0.0, "FacilFAR": 0.0, "BoroCode": 2, "BBL": 2051310070.0, "CondoNo": 0, "Tract2010": "0276", "XCoord": 1032324, "YCoord": 252300, "ZoneMap": "4a", "ZMCode": null, "Sanborn": "218 056", "TaxMap": "21710", "EDesigNum": null, "APPBBL": 0.0, "APPDate": null, "PLUTOMapID": "1", "FIRM07_FLA": "1", "PFIRM15_FL": "1", "Version": "25v4", "DCPEdited": "t", "Latitude": 40.8590491, "Longitude": -73.8262087, "Notes": null, "Shape_Leng": 0.0, "Shape_Area": 8771.6932020999993 }, "geometry": { "type": "MultiPolygon", "coordinates": [ [ [ [ -73.826634562789266, 40.858956976185453 ], [ -73.825413550405713, 40.859360933275838 ], [ -73.826572115241149, 40.858835073356133 ], [ -73.826634562789266, 40.858956976185453 ] ] ] ] } },
{ "type": "Feature", "properties": { "Borough": "BX", "Block": 5417, "Lot": 50, "CD": 210, "BCT2020": "2027402", "BCTCB2020": "20274020001", "CT2010": "274.02", "CB2010": "0001", "SchoolDist": null, "Council": 13, "ZipCode": 0, "FireComp": null, "PolicePrct": 0, "HealthCent": 0, "HealthArea": 0, "Sanitboro": null, "SanitDistr": null, "SanitSub": null, "Address": "OUTLOOK AVENUE", "ZoneDist1": "R3-2", "ZoneDist2": "C3A", "ZoneDist3": "R3-1", "ZoneDist4": null, "Overlay1": null, "Overlay2": null, "SPDist1": null, "SPDist2": null, "SPDist3": null, "LtdHeight": null, "SplitZone": "Y", "BldgClass": "V0", "LandUse": "11", "Easements": 1, "OwnerType": "C", "OwnerName": "NYS OFFICE OF GENERAL SERVICES", "LotArea": 1748, "BldgArea": 0, "ComArea": 0, "ResArea": 0, "OfficeArea": 0, "RetailArea": 0, "GarageArea": 0, "StrgeArea": 0, "FactryArea": 0, "OtherArea": 0, "AreaSource": "7", "NumBldgs": 2, "NumFloors": 0.0, "UnitsRes": 0, "UnitsTotal": 0, "LotFront": 20.0, "LotDepth": 87.42, "BldgFront": 0.0, "BldgDepth": 0.0, "Ext": "N", "ProxCode": "0", "IrrLotCode": "N", "LotType": "5", "BsmtCode": "0", "AssessLand": 25560.0, "AssessTot": 25560.0, "ExemptTot": 25560.0, "YearBuilt": 0, "YearAlter1": 0, "YearAlter2": 0, "HistDist": null, "Landmark": null, "BuiltFAR": 0.0, "ResidFAR": 0.75, "CommFAR": 0.0, "FacilFAR": 1.0, "BoroCode": 2, "BBL": 2054170050.0000002, "CondoNo": 0, "Tract2010": "027402", "XCoord": 1035912, "YCoord": 248138, "ZoneMap": "4d", "ZMCode": "Y", "Sanborn": "221 019", "TaxMap": "21803", "EDesigNum": null, "APPBBL": 0.0, "APPDate": null, "PLUTOMapID": "1", "FIRM07_FLA": "1", "PFIRM15_FL": "1", "Version": "25v4", "DCPEdited": "t", "Latitude": 40.8476054, "Longitude": -73.8132699, "Notes": null, "Shape_Leng": 0.0, "Shape_Area": 232962.51197299999 }, "geometry": { "type": "MultiPolygon", "coordinates": [ [ [ [ -73.814851661309447, 40.843394901498705 ], [ -73.814848455472159, 40.843378050990644 ], [ -73.8148669200597, 40.843383382554684 ], [ -73.814851661309447, 40.843394901498705 ] ] ], [ [ [ -73.814471344986615, 40.843363144379431 ], [ -73.814245237240883, 40.843387382042515 ], [ -73.814253038964083, 40.84338108889191 ], [ -73.814271082957632, 40.843364036447703 ], [ -73.814288007633976, 40.843345271283319 ], [ -73.81430831654869, 40.843321387696037 ], [ -73.814327510830736, 40.843294940499405 ], [ -73.814341077482737, 40.843270192386541 ], [ -73.814349018965856, 40.843245435208779 ], [ -73.814350176363831, 40.843234332156726 ], [ -73.814351332726091, 40.843222376365212 ], [ -73.814350231201104, 40.843214687987086 ], [ -73.814348002182513, 40.843206995952436 ], [ -73.814334600074915, 40.843172810385916 ], [ -73.814331249176064, 40.843165118383553 ], [ -73.814330141751924, 40.843158281813359 ], [ -73.8143268362317, 40.843133507436924 ], [ -73.814328573664042, 40.84311600012191 ], [ -73.814333098644141, 40.84310661248896 ], [ -73.814338174933226, 40.843101069129048 ], [ -73.814346060386256, 40.843096810781965 ], [ -73.814354505382255, 40.843093407913685 ], [ -73.814364072075861, 40.843090860509562 ], [ -73.814378698383734, 40.843089176753736 ], [ -73.814394441735118, 40.843090055768798 ], [ -73.8144124296238, 40.843093501211484 ], [ -73.814425351896801, 40.843097365323764 ], [ -73.814433773146462, 40.84310207676355 ], [ -73.814439944930442, 40.843107212331624 ], [ -73.814447792138736, 40.843116619890203 ], [ -73.814458418574418, 40.843137135837154 ], [ -73.814461769416695, 40.843145682497479 ], [ -73.814465117875983, 40.843155083647993 ], [ -73.814471746872812, 40.843197799393167 ], [ -73.814477319786164, 40.843215745391007 ], [ -73.814481794640059, 40.843225151032065 ], [ -73.814486272030905, 40.843231989427828 ], [ -73.814493002323545, 40.843238832371412 ], [ -73.814500861460658, 40.843243971488576 ], [ -73.814532300490868, 40.843262811852938 ], [ -73.81459294698422, 40.843294513278146 ], [ -73.814636739226955, 40.843320207354814 ], [ -73.814649093562267, 40.843326206512344 ], [ -73.814661455079147, 40.843330498365759 ], [ -73.814676063674071, 40.843334791990038 ], [ -73.814694763377375, 40.843339194087591 ], [ -73.814471344986615, 40.843363144379431 ] ] ], [ [ [ -73.814038559288392, 40.844438005574609 ], [ -73.814056740154811, 40.844601590957403 ], [ -73.813992177998628, 40.844561086013698 ], [ -73.81394614062016, 40.844532825259478 ], [ -73.81393603304727, 40.844527684233348 ], [ -73.813930896475867, 40.844525506658329 ], [ -73.813925921983611, 40.844523397778417 ], [ -73.813902323872995, 40.844516524889521 ], [ -73.813877588566811, 40.844513069307759 ], [ -73.813852845979198, 40.844512176607168 ], [ -73.813804474285419, 40.844514660358705 ], [ -73.813756099013105, 40.844518853239634 ], [ -73.813740348267032, 40.844520536019267 ], [ -73.813715259975666, 40.844525506316728 ], [ -73.813697583977969, 40.844529008157785 ], [ -73.813685207967907, 40.844530696386762 ], [ -73.8136700251478, 40.844530243169899 ], [ -73.813660467773389, 40.844528948149659 ], [ -73.813645854281958, 40.844525506207496 ], [ -73.813598667766001, 40.844507493793884 ], [ -73.813576191482824, 40.844500623572777 ], [ -73.813538583216229, 40.844491597230345 ], [ -73.814038559288392, 40.844438005574609 ] ] ], [ [ [ -73.814102918875534, 40.845017090460743 ], [ -73.813949285172967, 40.84502330085278 ], [ -73.813717809468102, 40.844982320871345 ], [ -73.813731261767444, 40.844953568891 ], [ -73.813739168898024, 40.844941623099984 ], [ -73.813747639259432, 40.844928825481134 ], [ -73.813757223598614, 40.844920513121771 ], [ -73.813764544146551, 40.844917321894272 ], [ -73.813772979932764, 40.844916907861851 ], [ -73.81378422593923, 40.84491777877173 ], [ -73.813806711945276, 40.8449212342518 ], [ -73.813816269360331, 40.84492210251414 ], [ -73.813858461057421, 40.844917045962674 ], [ -73.813915850023193, 40.84490774196491 ], [ -73.813984494377564, 40.844895042312409 ], [ -73.814010382718251, 40.844888250232181 ], [ -73.814039652866555, 40.844878901708952 ], [ -73.814052045758842, 40.844871235021927 ], [ -73.81408136364999, 40.844844804123049 ], [ -73.814083594509867, 40.844843216022056 ], [ -73.814102918875534, 40.845017090460743 ] ] ], [ [ [ -73.813499466344453, 40.845021974950981 ], [ -73.813019247748414, 40.845154134268832 ], [ -73.813021844723238, 40.84516281083922 ], [ -73.812966994916025, 40.845153906169188 ], [ -73.812941137687687, 40.845148739494881 ], [ -73.812875956564696, 40.845129842163274 ], [ -73.81286134659041, 40.845125548310484 ], [ -73.812836577553696, 40.84511832001013 ], [ -73.812799535347466, 40.845107509981496 ], [ -73.812719740725939, 40.845085175028501 ], [ -73.812696142520068, 40.845077448234534 ], [ -73.812670309419403, 40.845064594937178 ], [ -73.812661329600331, 40.845058600133889 ], [ -73.812652349872309, 40.845051752593776 ], [ -73.812645625612248, 40.845043200398059 ], [ -73.812638906163741, 40.845032940979614 ], [ -73.812633312045605, 40.845022682385185 ], [ -73.812629968569084, 40.845011571199343 ], [ -73.812626631360715, 40.844998235693275 ], [ -73.812544578701903, 40.84497897577009 ], [ -73.812439253871204, 40.845235045891435 ], [ -73.812542676924991, 40.845254860257818 ], [ -73.812533616530246, 40.845277053505924 ], [ -73.81249651314927, 40.845271867517582 ], [ -73.812441422625056, 40.845264090350859 ], [ -73.811939653619078, 40.846502625854924 ], [ -73.811947502187209, 40.846511179839077 ], [ -73.812039666231044, 40.84653524648958 ], [ -73.812036250345542, 40.846549762300306 ], [ -73.811919346601755, 40.846523947040268 ], [ -73.811895531749698, 40.846593093256494 ], [ -73.81209896846002, 40.846645527768381 ], [ -73.812089885896683, 40.84667540854381 ], [ -73.811883080409388, 40.846621259361278 ], [ -73.811858138915426, 40.846690404567319 ], [ -73.811726618711631, 40.846662002519288 ], [ -73.811808241311468, 40.846436643647223 ], [ -73.811991774666595, 40.845969729100148 ], [ -73.812046100081375, 40.845851092782333 ], [ -73.812099303687788, 40.845730747207639 ], [ -73.812342835917121, 40.84512556058052 ], [ -73.812550996165442, 40.844525504561993 ], [ -73.812661476717636, 40.844207026609098 ], [ -73.812784016461734, 40.844227722820314 ], [ -73.812712486794865, 40.844465912014812 ], [ -73.81272822563723, 40.844468500406201 ], [ -73.812812042179871, 40.844261081250394 ], [ -73.812848010095024, 40.844269680930942 ], [ -73.812768690088959, 40.844477962831952 ], [ -73.81299126684641, 40.844521884875405 ], [ -73.812990212865159, 40.844525505270674 ], [ -73.812983313977512, 40.844549202909725 ], [ -73.8128692784056, 40.84452550506019 ], [ -73.81275962145331, 40.844502717145289 ], [ -73.81276189492668, 40.844494178737747 ], [ -73.81270343618101, 40.844484690662853 ], [ -73.812690668818547, 40.844525504776968 ], [ -73.812648957867864, 40.844658843608656 ], [ -73.813070479967351, 40.844750067538051 ], [ -73.813064794573734, 40.844772265467462 ], [ -73.812641021697047, 40.844681039614997 ], [ -73.812549155828137, 40.844951652193188 ], [ -73.812630357042224, 40.844967532155422 ], [ -73.812635746779463, 40.844956917797617 ], [ -73.812647034875837, 40.84494241559991 ], [ -73.812653800030844, 40.844936448231572 ], [ -73.812661688107255, 40.844931334507045 ], [ -73.812671826918404, 40.844925372621745 ], [ -73.812683087345533, 40.844921119875181 ], [ -73.812695468260557, 40.844917724446418 ], [ -73.812709536564554, 40.844914758504338 ], [ -73.813025003752301, 40.844923383352572 ], [ -73.813380329442822, 40.844957270437654 ], [ -73.81339269594848, 40.844959000455617 ], [ -73.813528760387143, 40.844970323853062 ], [ -73.813546751108333, 40.844972060276895 ], [ -73.813547245341425, 40.845008825585403 ], [ -73.813499466344453, 40.845021974950981 ] ] ], [ [ [ -73.813296466657803, 40.845192428011018 ], [ -73.813387392383532, 40.845220004851278 ], [ -73.813316574091317, 40.845231346520755 ], [ -73.813281694954156, 40.845235560144388 ], [ -73.813259195680374, 40.845237232845605 ], [ -73.813245692986683, 40.84523891920044 ], [ -73.813213637740532, 40.845238725030079 ], [ -73.813205959361611, 40.845236291154507 ], [ -73.813198477262773, 40.845230300578571 ], [ -73.813185722351307, 40.845216933677207 ], [ -73.813176131504278, 40.845211326521024 ], [ -73.813296466657803, 40.845192428011018 ] ] ], [ [ [ -73.813798745816953, 40.845344764311413 ], [ -73.813975745138194, 40.845323803915896 ], [ -73.814068596589564, 40.84542107757057 ], [ -73.814046159577089, 40.845546755103328 ], [ -73.814166115934057, 40.845585717659148 ], [ -73.814174454802369, 40.845660744226784 ], [ -73.815112129783387, 40.845122219652509 ], [ -73.815605978835904, 40.845490151061902 ], [ -73.815603374106161, 40.845491694002391 ], [ -73.815556373320874, 40.845519561103472 ], [ -73.815450729245839, 40.845582198893872 ], [ -73.815342683267062, 40.845646259044756 ], [ -73.815270638262746, 40.845688974794527 ], [ -73.815200444799714, 40.845730592096075 ], [ -73.815092628852781, 40.845794516433408 ], [ -73.814988216714525, 40.845856421834561 ], [ -73.814914104546901, 40.845900362326802 ], [ -73.814843149344441, 40.845942431117088 ], [ -73.814744117438181, 40.846001147321111 ], [ -73.814706407944826, 40.846023503660362 ], [ -73.814665608883317, 40.846047692841445 ], [ -73.814458518351643, 40.846170330236369 ], [ -73.814659714285625, 40.845973196043005 ], [ -73.814649629140405, 40.845959514776006 ], [ -73.81456851224435, 40.84600721680404 ], [ -73.814577483943751, 40.846016626159233 ], [ -73.814384847694228, 40.846124790644168 ], [ -73.814378121818621, 40.846117093211447 ], [ -73.814123581679823, 40.84623882434029 ], [ -73.814004179745311, 40.846301838419173 ], [ -73.813952390978031, 40.846331553783891 ], [ -73.813878002724252, 40.846374236266875 ], [ -73.813547927150836, 40.846559051747157 ], [ -73.81308928744231, 40.846812382630603 ], [ -73.812849478305623, 40.846944841857194 ], [ -73.812831541146522, 40.846923461083108 ], [ -73.812884490546807, 40.846893651481615 ], [ -73.812807107947904, 40.846812382169205 ], [ -73.812822896530562, 40.846797889109951 ], [ -73.812836576222693, 40.846812382260786 ], [ -73.812903639666686, 40.84688343315819 ], [ -73.81301742294211, 40.846819557448775 ], [ -73.813010879994749, 40.84681238251801 ], [ -73.812945658510671, 40.84674086015827 ], [ -73.812963688241425, 40.846728930851604 ], [ -73.813035441865381, 40.846811043665603 ], [ -73.813148093541287, 40.84674973064471 ], [ -73.81307407473642, 40.846672737091609 ], [ -73.81308985252727, 40.846661658691303 ], [ -73.813166120751788, 40.846739509538487 ], [ -73.813235965649667, 40.846700332330371 ], [ -73.813179866078585, 40.846650700652425 ], [ -73.813193389553973, 40.846641326819707 ], [ -73.813251736223236, 40.846691816708542 ], [ -73.813322708797941, 40.846652642111323 ], [ -73.813272233519172, 40.846602164091863 ], [ -73.813286884717911, 40.846591939336712 ], [ -73.813340730035321, 40.846643273789084 ], [ -73.813406068575631, 40.846607507406091 ], [ -73.813352237626717, 40.846551046543681 ], [ -73.813366882687021, 40.846542529000693 ], [ -73.813424093282137, 40.846597287176721 ], [ -73.813470280489867, 40.846571736486027 ], [ -73.813493939202289, 40.846558109812207 ], [ -73.813443467473391, 40.846506778213993 ], [ -73.813458114908542, 40.846497407005828 ], [ -73.813507456531482, 40.846551297824846 ], [ -73.813580681950697, 40.846509564820394 ], [ -73.813530212614893, 40.846458233264926 ], [ -73.813548243260286, 40.846446305709513 ], [ -73.813597580074756, 40.846500195478804 ], [ -73.813661796594943, 40.84646357172057 ], [ -73.813612447842587, 40.84641224201124 ], [ -73.813627097660387, 40.846402869949067 ], [ -73.813678693590276, 40.846454203285312 ], [ -73.813748539097276, 40.846415026685463 ], [ -73.813696947929415, 40.846361985152946 ], [ -73.813712721856547, 40.846352615733366 ], [ -73.813766563810134, 40.846404805481022 ], [ -73.813836409218624, 40.846365626988771 ], [ -73.813778063600921, 40.846315138231027 ], [ -73.813793836293669, 40.846305768880775 ], [ -73.813852183131047, 40.846356256712504 ], [ -73.813917522406555, 40.84631963462617 ], [ -73.813865925178476, 40.846268303149955 ], [ -73.813879447188967, 40.846259783811547 ], [ -73.813929914292487, 40.846312821608251 ], [ -73.813952390973839, 40.846300564524022 ], [ -73.813998629493724, 40.846275349511302 ], [ -73.813952390977434, 40.846226571297841 ], [ -73.813945921151102, 40.846219746148648 ], [ -73.813952391029417, 40.846216078102813 ], [ -73.813959440861296, 40.846212081290844 ], [ -73.814011021360528, 40.846268537404683 ], [ -73.814070715759627, 40.846239594560942 ], [ -73.814021385891508, 40.846182286691743 ], [ -73.814034903162195, 40.846174621821106 ], [ -73.814084231753384, 40.846232782503662 ], [ -73.814140546495466, 40.846205539646185 ], [ -73.81409122264553, 40.846145672599057 ], [ -73.81410361808318, 40.846138005074351 ], [ -73.814152937159605, 40.846199582183594 ], [ -73.814208123014026, 40.846173191213786 ], [ -73.814155433780286, 40.84611075587209 ], [ -73.814170075080412, 40.846103946539358 ], [ -73.814221638975297, 40.846166380896669 ], [ -73.814361298995607, 40.846099128260754 ], [ -73.814352326098927, 40.846089720728365 ], [ -73.814484126356604, 40.846017330491819 ], [ -73.814547209436242, 40.845983266308025 ], [ -73.814552803930667, 40.845993524724285 ], [ -73.814639544001665, 40.845945832670438 ], [ -73.814612652624703, 40.845909059965997 ], [ -73.81470053215844, 40.84585624674888 ], [ -73.815103876830179, 40.845611756281109 ], [ -73.815019826519205, 40.845501436729478 ], [ -73.814412592268837, 40.845855783416432 ], [ -73.814174880703703, 40.845993771464258 ], [ -73.814010490730979, 40.845854920009984 ], [ -73.813993051558271, 40.845856815270977 ], [ -73.81396717850221, 40.845858479987228 ], [ -73.813952391241429, 40.845858879765153 ], [ -73.813907560879912, 40.84586009196979 ], [ -73.81388056115307, 40.845861757525071 ], [ -73.813865931828317, 40.84586429671181 ], [ -73.813850171090266, 40.84586939688176 ], [ -73.81383552981417, 40.845876204334019 ], [ -73.813820884956584, 40.845884722773846 ], [ -73.813794960336992, 40.845904326142566 ], [ -73.813739705251535, 40.845954630345453 ], [ -73.813725053185863, 40.84596571157654 ], [ -73.813711529925143, 40.845975084636443 ], [ -73.813601121181847, 40.846039821908875 ], [ -73.813534654380192, 40.846077295735803 ], [ -73.813467068048325, 40.846113060313627 ], [ -73.813407369916106, 40.84614371199612 ], [ -73.813309389684747, 40.846187968443054 ], [ -73.813272222190378, 40.846205845161663 ], [ -73.813144919318191, 40.84627824038531 ], [ -73.812979317053205, 40.846371072232849 ], [ -73.812961295924765, 40.846379586924257 ], [ -73.812894064649981, 40.846288937462077 ], [ -73.813399847233356, 40.84601814186712 ], [ -73.813501720765899, 40.845965711284954 ], [ -73.813717491562159, 40.845854661947726 ], [ -73.813818867439181, 40.845801868539233 ], [ -73.813952391414858, 40.845715598376216 ], [ -73.813985352525464, 40.845694302108335 ], [ -73.814005952292462, 40.845668069738778 ], [ -73.814020646057401, 40.845642470753205 ], [ -73.814024050696744, 40.845631372171738 ], [ -73.814029715557282, 40.845616861769834 ], [ -73.81403246449733, 40.845589213770296 ], [ -73.814023069893111, 40.845580120673937 ], [ -73.814009608964938, 40.845567289399675 ], [ -73.813995033370233, 40.845551037176769 ], [ -73.813984944831333, 40.845538207744724 ], [ -73.813952391608979, 40.845515092550478 ], [ -73.813942291051262, 40.845507390563391 ], [ -73.813888422288571, 40.845464596685282 ], [ -73.813876079546176, 40.845453472675821 ], [ -73.81386822497241, 40.84544662704694 ], [ -73.813850278259338, 40.845429513862882 ], [ -73.813839343095594, 40.845418394883232 ], [ -73.813835708801747, 40.845410700571577 ], [ -73.813833479689663, 40.845403863107364 ], [ -73.813830738693426, 40.845378235980554 ], [ -73.813826448591129, 40.845370541527906 ], [ -73.813805509075564, 40.845350862527823 ], [ -73.813795042676944, 40.845343641228339 ], [ -73.813798745816953, 40.845344764311413 ] ] ], [ [ [ -73.815108208743553, 40.846544049216973 ], [ -73.815162868100728, 40.846511642442366 ], [ -73.815240103762847, 40.84646585065888 ], [ -73.815105751682893, 40.84655558136479 ], [ -73.815100065539497, 40.846548877170122 ], [ -73.815108208743553, 40.846544049216973 ] ] ], [ [ [ -73.815407557489621, 40.846366566830135 ], [ -73.815517056093142, 40.846301647094776 ], [ -73.815625865474985, 40.846237133237423 ], [ -73.815652115154663, 40.846221569626728 ], [ -73.815693745322136, 40.8461968879217 ], [ -73.815769162719874, 40.84615217282964 ], [ -73.815880317486275, 40.846086269388778 ], [ -73.81598818788342, 40.846022311110332 ], [ -73.816034302758439, 40.845994968218221 ], [ -73.816066454264615, 40.845975907445997 ], [ -73.816080765621777, 40.845967421484758 ], [ -73.816132810787451, 40.846010797623265 ], [ -73.816157672505938, 40.84603097604343 ], [ -73.816172919282536, 40.846039747761466 ], [ -73.816263013630348, 40.846108069767048 ], [ -73.816277140560146, 40.846122556950846 ], [ -73.8162896678853, 40.846141309869893 ], [ -73.81630852500308, 40.846167856855018 ], [ -73.816330486066732, 40.846195404662723 ], [ -73.816355674286285, 40.846218953181534 ], [ -73.816236571966698, 40.847688702440777 ], [ -73.816016695606365, 40.847799962648118 ], [ -73.816120591216233, 40.847954303128205 ], [ -73.816123604718328, 40.847960225981183 ], [ -73.816126222870139, 40.847969319801379 ], [ -73.816126840026584, 40.847974702993206 ], [ -73.816126738468284, 40.847979677200861 ], [ -73.816125308804473, 40.847985532645545 ], [ -73.816119571265389, 40.847996378089796 ], [ -73.816012629309256, 40.848130008407367 ], [ -73.815946365290912, 40.848187335231536 ], [ -73.815849847435146, 40.848300427339481 ], [ -73.815650059279307, 40.848505309187281 ], [ -73.815578657427153, 40.848584886080303 ], [ -73.815534460195408, 40.848655514129241 ], [ -73.815532796186162, 40.848658172409536 ], [ -73.81549612873475, 40.848709646367261 ], [ -73.815483355920605, 40.8487275773156 ], [ -73.815392940702552, 40.848846433878954 ], [ -73.815377820857634, 40.84887849425251 ], [ -73.815370336028352, 40.848930488590931 ], [ -73.815377020523073, 40.848986528124861 ], [ -73.815386805067746, 40.849068546505492 ], [ -73.815371497335661, 40.84917937017017 ], [ -73.815371900887897, 40.849186078685378 ], [ -73.815373412517317, 40.849191764987353 ], [ -73.815096992024607, 40.84922870932602 ], [ -73.815092714048035, 40.84922217747377 ], [ -73.815084884920566, 40.849205936222894 ], [ -73.815079310242197, 40.849187989434718 ], [ -73.815078239583841, 40.849168343395547 ], [ -73.815080544895835, 40.84914870185311 ], [ -73.815085134306372, 40.849116252676382 ], [ -73.815089676326849, 40.849100884932405 ], [ -73.815094196859178, 40.849093204669487 ], [ -73.81509758724151, 40.849087232583635 ], [ -73.815104915905223, 40.849081264223244 ], [ -73.815113364567011, 40.849076366403963 ], [ -73.81512237180921, 40.84907360379075 ], [ -73.81515613103096, 40.849068534993961 ], [ -73.815166826320123, 40.84906513567789 ], [ -73.815203430439141, 40.849048111111181 ], [ -73.815215262935169, 40.849039588825612 ], [ -73.815220342006413, 40.849033616768516 ], [ -73.815224857772563, 40.84902764472681 ], [ -73.815229376017584, 40.849020819951988 ], [ -73.815239572009375, 40.848995211775751 ], [ -73.815244099742714, 40.848984970546134 ], [ -73.815284755896258, 40.848926100071516 ], [ -73.815298323293462, 40.84890049645557 ], [ -73.815307384465967, 40.848878304763751 ], [ -73.815317607771831, 40.848842446294007 ], [ -73.815326686806742, 40.848813420770007 ], [ -73.815328962469351, 40.848804027744912 ], [ -73.815328986185932, 40.848795487529856 ], [ -73.815327891633117, 40.848784381706572 ], [ -73.815324553357613, 40.84877156413755 ], [ -73.815302196492951, 40.848721988498902 ], [ -73.815285453423769, 40.848674983746889 ], [ -73.81528324656847, 40.848659605093452 ], [ -73.815283284525833, 40.848645940195979 ], [ -73.815284432426068, 40.848637400778649 ], [ -73.815288956489738, 40.848628865936114 ], [ -73.815294603512839, 40.848620333813201 ], [ -73.815301375923312, 40.848611802572179 ], [ -73.815319413949979, 40.848597312780875 ], [ -73.815365624321274, 40.848563220201584 ], [ -73.815376900686829, 40.848552988858799 ], [ -73.815384802045713, 40.848543606684352 ], [ -73.815419794105651, 40.848499246705629 ], [ -73.815438991865904, 40.848471091952632 ], [ -73.815460466399458, 40.848434396908203 ], [ -73.815479692620457, 40.848396845522856 ], [ -73.815487614062363, 40.84837977669428 ], [ -73.815533939132862, 40.848304686511753 ], [ -73.815585917001897, 40.848219355025684 ], [ -73.815590433889, 40.848213383892137 ], [ -73.815596074887267, 40.848206560814894 ], [ -73.815611856092715, 40.848194627500952 ], [ -73.815632135280623, 40.848182703220751 ], [ -73.815663666371307, 40.84816972793849 ], [ -73.815675757824494, 40.848169532943935 ], [ -73.815689525497092, 40.848173397424276 ], [ -73.815713119258874, 40.848183686404141 ], [ -73.81572098617967, 40.848186260876183 ], [ -73.815734903828996, 40.848186496543448 ], [ -73.815772780300563, 40.848166699358337 ], [ -73.815804336677743, 40.848144541824574 ], [ -73.815833651847484, 40.848118965067101 ], [ -73.815860730487771, 40.848089113681581 ], [ -73.815884437594661, 40.848057547748986 ], [ -73.815892350650174, 40.848043893590663 ], [ -73.815898011736195, 40.848030235834365 ], [ -73.815902560584618, 40.848012307011615 ], [ -73.815905990986309, 40.847992668166412 ], [ -73.81590951255221, 40.847938862928125 ], [ -73.81590963313937, 40.847895302585457 ], [ -73.815906359856896, 40.847859421578306 ], [ -73.815898569788899, 40.847828659901403 ], [ -73.815886272407241, 40.84780130933342 ], [ -73.815870589521609, 40.847778222645907 ], [ -73.815852646443744, 40.847758547810983 ], [ -73.815841421167647, 40.847750843276742 ], [ -73.815830193581448, 40.847743138653918 ], [ -73.815817839505229, 40.847736711963542 ], [ -73.815807726650959, 40.84773285158176 ], [ -73.815771767153777, 40.847720837295633 ], [ -73.815758275744031, 40.847718252915108 ], [ -73.815744785655525, 40.847715668536431 ], [ -73.815726791766693, 40.847714787028167 ], [ -73.815681800974659, 40.847713860504285 ], [ -73.815669431525222, 40.847712987063552 ], [ -73.815658187391136, 40.847711260844207 ], [ -73.815641328246187, 40.847706961907328 ], [ -73.815628968214995, 40.847701817429922 ], [ -73.815621109667461, 40.847696681909405 ], [ -73.815614100169029, 40.847689409085277 ], [ -73.81561158961911, 40.847682145300318 ], [ -73.815609923483905, 40.84767445511703 ], [ -73.815611067805435, 40.847667622167421 ], [ -73.815615024906549, 40.847660371406704 ], [ -73.815624039715644, 40.847654405626074 ], [ -73.815632480489086, 40.847652710895204 ], [ -73.815643729322474, 40.847652301140847 ], [ -73.815657221761398, 40.847654030957891 ], [ -73.815670713153366, 40.847656616270342 ], [ -73.815721284465653, 40.847672071343538 ], [ -73.815741519617362, 40.847676372904914 ], [ -73.81576288376354, 40.847678971629712 ], [ -73.815784251386361, 40.847680714106239 ], [ -73.815805618952581, 40.847681601916392 ], [ -73.815828117941962, 40.847680784216344 ], [ -73.815854555039479, 40.847678689556496 ], [ -73.815874247009816, 40.847675731378544 ], [ -73.815895631183906, 40.847671495414076 ], [ -73.815915891249475, 40.847666402989084 ], [ -73.815930526774494, 40.847661300739667 ], [ -73.815946292503014, 40.847654492979025 ], [ -73.815987972060569, 40.847632353317913 ], [ -73.816008251017209, 40.847620426208834 ], [ -73.816025160890604, 40.847606787324992 ], [ -73.816040947860003, 40.847592292903997 ], [ -73.816054492305938, 40.847575659001535 ], [ -73.816070308685056, 40.847550486544712 ], [ -73.816085017398578, 40.847518907126876 ], [ -73.816096360829377, 40.84748475868625 ], [ -73.81611566424607, 40.847419020890889 ], [ -73.816130422498333, 40.847369506373248 ], [ -73.816139518615216, 40.847334499682297 ], [ -73.816145230439076, 40.847302051407077 ], [ -73.816149809754251, 40.847273020389082 ], [ -73.816165016643268, 40.847062071207205 ], [ -73.816176560578015, 40.846954467791633 ], [ -73.816180064034143, 40.846908350861703 ], [ -73.816180125422989, 40.846886142061344 ], [ -73.816179067431264, 40.846861370419852 ], [ -73.816171400079838, 40.846787049328505 ], [ -73.816160409953866, 40.846693930508202 ], [ -73.816147164427463, 40.84660251715826 ], [ -73.816141622693252, 40.846573466392506 ], [ -73.816134950930092, 40.846545270242302 ], [ -73.81612603210975, 40.846517069668792 ], [ -73.816115983157161, 40.846489721786142 ], [ -73.816104806569243, 40.846464078497782 ], [ -73.816092486842749, 40.846445267329528 ], [ -73.816077905872731, 40.846429869021968 ], [ -73.816070053377885, 40.846423024384272 ], [ -73.816061068384698, 40.846417887178404 ], [ -73.816013891631897, 40.846394749229773 ], [ -73.815944236489969, 40.846365596163245 ], [ -73.815867835429643, 40.846335578535196 ], [ -73.81580828129519, 40.846314131721698 ], [ -73.815775690300384, 40.846304683872432 ], [ -73.815739714963641, 40.846297792496401 ], [ -73.815701486622856, 40.846292607498711 ], [ -73.815688553003028, 40.846292586814613 ], [ -73.815658187897142, 40.846290830012663 ], [ -73.815638499771126, 40.846292506753272 ], [ -73.815622742648458, 40.846296752593304 ], [ -73.815608104984378, 40.846301852123325 ], [ -73.815595715691558, 40.846308666161754 ], [ -73.8155371981494, 40.846318821925244 ], [ -73.815366304828544, 40.846391025498825 ], [ -73.815407557489621, 40.846366566830135 ] ] ], [ [ [ -73.81265778279159, 40.846812381971446 ], [ -73.812641815517722, 40.846795031217219 ], [ -73.812656459528597, 40.846787368340308 ], [ -73.81267920068332, 40.846812381983916 ], [ -73.812801108419521, 40.846946471534963 ], [ -73.81282926400705, 40.846933706797238 ], [ -73.812837106633893, 40.846944821766094 ], [ -73.81279768306166, 40.846964403822376 ], [ -73.81265778279159, 40.846812381971446 ] ] ] ] } },
{ "type": "Feature", "properties": { "Borough": "BX", "Block": 5650, "Lot": 1, "CD": 228, "BCT2020": "2050400", "BCTCB2020": "20504001005", "CT2010": "504", "CB2010": "1018", "SchoolDist": "11", "Council": 13, "ZipCode": 10464, "FireComp": "L053", "PolicePrct": 45, "HealthCent": 24, "HealthArea": 710, "Sanitboro": "2", "SanitDistr": "28", "SanitSub": null, "Address": "PELHAM BAY PARK", "ZoneDist1": "PARK", "ZoneDist2": null, "ZoneDist3": null, "ZoneDist4": null, "Overlay1": null, "Overlay2": null, "SPDist1": null, "SPDist2": null, "SPDist3": null, "LtdHeight": null, "SplitZone": "N", "BldgClass": "Q1", "LandUse": "09", "Easements": 0, "OwnerType": "C", "OwnerName": "NYC DEPARTMENT OF PARKS AND RECREATION", "LotArea": 74250000, "BldgArea": 280160, "ComArea": 280160, "ResArea": 0, "OfficeArea": 76347, "RetailArea": 1603, "GarageArea": 150041, "StrgeArea": 0, "FactryArea": 0, "OtherArea": 52169, "AreaSource": "2", "NumBldgs": 100, "NumFloors": 6.0, "UnitsRes": 0, "UnitsTotal": 1, "LotFront": 600.0, "LotDepth": 4000.0, "BldgFront": 0.0, "BldgDepth": 0.0, "Ext": "E", "ProxCode": "0", "IrrLotCode": "Y", "LotType": "5", "BsmtCode": "0", "AssessLand": 79772850.0, "AssessTot": 119687850.0, "ExemptTot": 119687850.0, "YearBuilt": 1935, "YearAlter1": 2003, "YearAlter2": 0, "HistDist": null, "Landmark": "INDIVIDUAL AND INTERIOR LANDMARK", "BuiltFAR": 0.0, "ResidFAR": 0.0, "CommFAR": 0.0, "FacilFAR": 0.0, "BoroCode": 2, "BBL": 2056500001.0, "CondoNo": 0, "Tract2010": "0504", "XCoord": 1040080, "YCoord": 255703, "ZoneMap": "4c", "ZMCode": "Y", "Sanborn": "218 075", "TaxMap": "21810", "EDesigNum": null, "APPBBL": 0.0, "APPDate": null, "PLUTOMapID": "1", "FIRM07_FLA": "1", "PFIRM15_FL": "1", "Version": "25v4", "DCPEdited": "t", "Latitude": 40.8683436, "Longitude": -73.7981419, "Notes": null, "Shape_Leng": 0.0, "Shape_Area": 52701636.501100004 }, "geometry": { "type": "MultiPolygon", "coordinates": [ [ [ [ -73.803078187192668, 40.885373447886693 ], [ -73.802360834311472, 40.88517676216437 ], [ -73.802356072019847, 40.885175456373403 ], [ -73.802186077773698, 40.885128846394331 ], [ -73.802031416392026, 40.885086439895375 ], [ -73.801966309828373, 40.885068588386119 ], [ -73.80179601500322, 40.885021895411548 ], [ -73.801773266848116, 40.885015657292321 ], [ -73.80141611957167, 40.884917728711919 ], [ -73.801024960299443, 40.884810474232545 ], [ -73.800803869143209, 40.884749851570007 ], [ -73.800548766698782, 40.884679899954783 ], [ -73.800174616627928, 40.884577305099931 ], [ -73.799834480297164, 40.884484036693038 ], [ -73.799443512267487, 40.884376826779132 ], [ -73.799357882319427, 40.884353345186092 ], [ -73.799269382333904, 40.88432907607347 ], [ -73.798729429200534, 40.884181009213549 ], [ -73.798188643963385, 40.884032710561044 ], [ -73.797593850925537, 40.883869596943065 ], [ -73.797423342964294, 40.883822836805919 ], [ -73.796597038970177, 40.883596227241561 ], [ -73.796530824599785, 40.883578069112815 ], [ -73.795992672606005, 40.883430478895818 ], [ -73.795909394730486, 40.883407638300952 ], [ -73.795822131324144, 40.883383706372534 ], [ -73.79534987137518, 40.883254183775513 ], [ -73.795134083651391, 40.883195001237688 ], [ -73.795112758141471, 40.883189153425342 ], [ -73.794769943899368, 40.883095129680193 ], [ -73.794616963490668, 40.88305317181181 ], [ -73.794550802549352, 40.883148948042084 ], [ -73.794476406004961, 40.883256650062606 ], [ -73.794260140682539, 40.883569716849884 ], [ -73.794204294068976, 40.883650562238429 ], [ -73.794028610094031, 40.883604537925706 ], [ -73.794190988347253, 40.883371024582146 ], [ -73.794219932084161, 40.883329399783143 ], [ -73.794444836777686, 40.883005963080052 ], [ -73.794190043980251, 40.882936078985558 ], [ -73.793461319034535, 40.882736204548848 ], [ -73.793466279874053, 40.882732458167013 ], [ -73.793477565299071, 40.882722228944893 ], [ -73.793496734908445, 40.882710091367663 ], [ -73.793517007810479, 40.882705216409235 ], [ -73.793527165821587, 40.882695837979341 ], [ -73.793530574336529, 40.882685594731228 ], [ -73.793538492580254, 40.882671942188487 ], [ -73.793547536326756, 40.882659147987681 ], [ -73.793559963714586, 40.882643796126928 ], [ -73.793570125800599, 40.882632710397253 ], [ -73.793578031872954, 40.882623327011252 ], [ -73.79358706632037, 40.882613948404746 ], [ -73.793600605063133, 40.882602870473107 ], [ -73.793613016748537, 40.882591787844845 ], [ -73.793624305987947, 40.882580705046507 ], [ -73.793636737434895, 40.882563644958687 ], [ -73.793648042577942, 40.882547437427583 ], [ -73.793672897045894, 40.882516732009428 ], [ -73.793683055339059, 40.882506500833848 ], [ -73.793692093851533, 40.882495412161497 ], [ -73.793700003742174, 40.88248517779796 ], [ -73.793707923031988, 40.882471524324998 ], [ -73.793714717562025, 40.882457871514426 ], [ -73.793721508005405, 40.882445925165683 ], [ -73.793730550589459, 40.88243312919294 ], [ -73.793739594379701, 40.882420334056626 ], [ -73.793747521711055, 40.882404119637023 ], [ -73.793750921015047, 40.882396438243696 ], [ -73.793755463392102, 40.882383634134456 ], [ -73.793758881243633, 40.882369975366565 ], [ -73.793760053693958, 40.882354603352724 ], [ -73.793760090803616, 40.882342644002428 ], [ -73.793760141157492, 40.882326416411715 ], [ -73.793756792214239, 40.882317869212137 ], [ -73.793751199311728, 40.88230675528424 ], [ -73.79375234912446, 40.882299069867173 ], [ -73.793753514837391, 40.88228625980318 ], [ -73.793759164835507, 40.882278582435099 ], [ -73.793765969936118, 40.882261513189313 ], [ -73.793772767091482, 40.882247004050804 ], [ -73.79377843949689, 40.882232493737952 ], [ -73.793782975342097, 40.882221398845438 ], [ -73.793788633390236, 40.88221115952814 ], [ -73.793794297840776, 40.882199211160973 ], [ -73.793797717989008, 40.882185552394304 ], [ -73.793795509691506, 40.882171881639877 ], [ -73.793793298745101, 40.882159065535497 ], [ -73.793791085480834, 40.882146250348235 ], [ -73.793787747149509, 40.882134284961126 ], [ -73.793786675292424, 40.882117201626791 ], [ -73.793796837367893, 40.882106116711235 ], [ -73.793803621253232, 40.882095877733676 ], [ -73.793805907826894, 40.882083925081737 ], [ -73.79380818766704, 40.88207453345975 ], [ -73.793819482089916, 40.882061741422135 ], [ -73.793831888108215, 40.882053222476557 ], [ -73.793849888351858, 40.882054961964769 ], [ -73.793853299433565, 40.8820438650583 ], [ -73.793857831170499, 40.882034477459818 ], [ -73.793864615260674, 40.88202338474283 ], [ -73.793877043555426, 40.882008033768123 ], [ -73.793888344801758, 40.881992678101064 ], [ -73.793898530340385, 40.881974761237998 ], [ -73.793909847571001, 40.881953429024399 ], [ -73.793914383161194, 40.881943185101669 ], [ -73.793921186975339, 40.881926115844792 ], [ -73.793925737230424, 40.88191074986478 ], [ -73.793932531668418, 40.881897094363545 ], [ -73.793937067570823, 40.881886000384526 ], [ -73.793937115237682, 40.881870625437472 ], [ -73.793933785054122, 40.881855245457764 ], [ -73.793928199773276, 40.881842423242546 ], [ -73.793922609530014, 40.881830454752965 ], [ -73.793917019282176, 40.881818488940823 ], [ -73.793913680944655, 40.881806523556627 ], [ -73.793914843965283, 40.881794568977632 ], [ -73.793917133160818, 40.881781760918777 ], [ -73.793920544222985, 40.881770662169664 ], [ -73.793929589320925, 40.881757013367029 ], [ -73.793938627690366, 40.881745924673822 ], [ -73.793948784393493, 40.881736546203129 ], [ -73.793962324106658, 40.881725469149416 ], [ -73.793976992644772, 40.881712682287031 ], [ -73.793991655987597, 40.881701605395996 ], [ -73.79400857254835, 40.881689676199507 ], [ -73.794026622757016, 40.88167604448094 ], [ -73.794042409383593, 40.881665823242308 ], [ -73.794055933198052, 40.881659868147253 ], [ -73.794071710669314, 40.881652207930507 ], [ -73.794087489230265, 40.881644550473759 ], [ -73.794105514393067, 40.881638603412384 ], [ -73.794123538454741, 40.881632654504827 ], [ -73.794141558317506, 40.881628416573299 ], [ -73.794157323640732, 40.88162502910302 ], [ -73.794175350333589, 40.881618228379786 ], [ -73.794189992356934, 40.881613983491178 ], [ -73.794206892771285, 40.88160803348508 ], [ -73.794224919451622, 40.881601233675447 ], [ -73.794241829218151, 40.881591868986256 ], [ -73.794257614581994, 40.881581646880832 ], [ -73.794274528197718, 40.881571427704976 ], [ -73.794291440597107, 40.881561207604371 ], [ -73.794304973726128, 40.881551836883283 ], [ -73.794316260031863, 40.881541607662754 ], [ -73.794326412793851, 40.881533083725351 ], [ -73.794336566432492, 40.881525415281189 ], [ -73.79434672822083, 40.881514328559405 ], [ -73.79435576262884, 40.881504095234909 ], [ -73.79436367505221, 40.881493007260218 ], [ -73.794371586159983, 40.881481915602308 ], [ -73.79438062441001, 40.881470829550338 ], [ -73.794389669378091, 40.88145717895582 ], [ -73.794397583106772, 40.881445237244876 ], [ -73.794404368041782, 40.881434999069157 ], [ -73.794413414537189, 40.881420494737959 ], [ -73.794420198254983, 40.881410256559107 ], [ -73.794426985818603, 40.881399165654337 ], [ -73.794434900753075, 40.881387222186497 ], [ -73.794445074276439, 40.881372720783254 ], [ -73.794457497366949, 40.881358221631395 ], [ -73.79446991770088, 40.881344577045766 ], [ -73.794481206585843, 40.881333494077218 ], [ -73.794491372172359, 40.881321553696722 ], [ -73.794499291152675, 40.881307902841584 ], [ -73.794507208816839, 40.881295103880873 ], [ -73.794516249880829, 40.881282307840337 ], [ -73.794521907413724, 40.881272921302141 ], [ -73.794528693731536, 40.881261831225252 ], [ -73.794537741279598, 40.881247326969543 ], [ -73.794546768914913, 40.881239655580131 ], [ -73.794562552713643, 40.881230289758655 ], [ -73.794578337831936, 40.881220067607174 ], [ -73.794586250082546, 40.881208976856222 ], [ -73.79458741825664, 40.881195312212078 ], [ -73.794587452570326, 40.881184209183125 ], [ -73.794587502721313, 40.881167981589854 ], [ -73.794585302214372, 40.881151748983278 ], [ -73.794584223792413, 40.881136372111804 ], [ -73.794582039127917, 40.881115014019336 ], [ -73.794582083998293, 40.88110049547776 ], [ -73.79458775348813, 40.881086839689843 ], [ -73.794587782525099, 40.881077444040002 ], [ -73.794577671008454, 40.881072299510123 ], [ -73.794576570041627, 40.881064610993519 ], [ -73.794569839398193, 40.881056912447313 ], [ -73.794567617778696, 40.881047512703887 ], [ -73.794572148128893, 40.881038126914888 ], [ -73.794578926502069, 40.881029596942916 ], [ -73.794592064713655, 40.881027056629001 ], [ -73.794590154605501, 40.881038158993178 ], [ -73.794599133485221, 40.881045860623033 ], [ -73.794607022066444, 40.881042457303487 ], [ -73.794620549766748, 40.881034794843835 ], [ -73.794632932840059, 40.881033963246743 ], [ -73.794654881013074, 40.881032721855789 ], [ -73.79467234798777, 40.881024210912635 ], [ -73.794680264152248, 40.881011840518795 ], [ -73.794684802403395, 40.880999891020437 ], [ -73.794688213290101, 40.880988794003322 ], [ -73.794693877480185, 40.880976843832897 ], [ -73.794700659999364, 40.880966608311198 ], [ -73.794700696938975, 40.88095464895752 ], [ -73.794701865082502, 40.880940985147873 ], [ -73.794704155306377, 40.880928177993582 ], [ -73.794704192239664, 40.880916220479939 ], [ -73.794699735782004, 40.880901692083356 ], [ -73.794694151858963, 40.880888015415344 ], [ -73.794693076049228, 40.880871786652705 ], [ -73.794694249474702, 40.880856412870848 ], [ -73.794697653975732, 40.880847024151997 ], [ -73.794698826182071, 40.880831652124229 ], [ -73.794698863121965, 40.880819692768945 ], [ -73.794705641458322, 40.880811162789222 ], [ -73.794719175586479, 40.880801792102787 ], [ -73.794728207201089, 40.880792413316939 ], [ -73.794732745428632, 40.880780463816208 ], [ -73.794733918837906, 40.880765091790082 ], [ -73.794735077852565, 40.880753988169722 ], [ -73.794739597611695, 40.880748017801245 ], [ -73.794753104247491, 40.880747188191364 ], [ -73.794765480783298, 40.880748063873504 ], [ -73.79477448985827, 40.880746372603319 ], [ -73.794781264329558, 40.880738696264686 ], [ -73.794792560966286, 40.880725052319576 ], [ -73.794799353676083, 40.880712252255684 ], [ -73.794807266146293, 40.8807003086729 ], [ -73.794823052102359, 40.880690940224959 ], [ -73.794830951276296, 40.880683266720943 ], [ -73.794843356907677, 40.880674747665687 ], [ -73.794855759792526, 40.880667082256736 ], [ -73.794870415956254, 40.880658566281113 ], [ -73.794885063098548, 40.880652614844315 ], [ -73.794900828156727, 40.880649226435494 ], [ -73.794916604968009, 40.880642420673766 ], [ -73.794932376500114, 40.880637324967083 ], [ -73.794950389885642, 40.880633938709877 ], [ -73.79496503142812, 40.880630549214416 ], [ -73.794984173158397, 40.880627166798462 ], [ -73.795002187422639, 40.880624637785097 ], [ -73.795021310604909, 40.880627232823009 ], [ -73.795039305331755, 40.880630681262097 ], [ -73.795055047888368, 40.880634979347953 ], [ -73.795075284037679, 40.880640995484413 ], [ -73.795091021435795, 40.880647003622791 ], [ -73.795107876975464, 40.880654718373144 ], [ -73.795125862281751, 40.880661584989952 ], [ -73.795142719146057, 40.88066930157899 ], [ -73.795161825332997, 40.880677023919105 ], [ -73.795183181969236, 40.880685602064588 ], [ -73.795205663642705, 40.880693329471789 ], [ -73.795221398330028, 40.880700189482312 ], [ -73.795239382563921, 40.880707054323004 ], [ -73.795253990115043, 40.880713912245035 ], [ -73.795268597451766, 40.880721628417675 ], [ -73.795282079191722, 40.880728484337183 ], [ -73.795300061909273, 40.880736203822053 ], [ -73.795315795512053, 40.880743064655292 ], [ -73.795330406924379, 40.880749068000533 ], [ -73.795340827811643, 40.880754367699311 ], [ -73.795343889773321, 40.880755924918574 ], [ -73.795356250534894, 40.88076192694362 ], [ -73.795374236008783, 40.880768792685451 ], [ -73.795389969516322, 40.880775653590803 ], [ -73.795405701611926, 40.88078336806155 ], [ -73.795421423509069, 40.880793645311009 ], [ -73.79543377377496, 40.880803062086592 ], [ -73.795444996899747, 40.880812476778857 ], [ -73.795459593769635, 40.880823608439904 ], [ -73.79547081822129, 40.880833024052031 ], [ -73.795480909966258, 40.880844998695189 ], [ -73.795494377084566, 40.88085698016031 ], [ -73.795504475299836, 40.880867248342845 ], [ -73.795516820646299, 40.880877519674542 ], [ -73.7955302851516, 40.880890354783197 ], [ -73.795535891367976, 40.880897198547217 ], [ -73.795549357090337, 40.88091003457717 ], [ -73.795565074994741, 40.88092202102851 ], [ -73.795575174856424, 40.880930578222404 ], [ -73.795585278348909, 40.880939138182043 ], [ -73.795597630186649, 40.880947701291383 ], [ -73.795612231158074, 40.880957122873575 ], [ -73.795623462012884, 40.880964829335511 ], [ -73.79563581900247, 40.880971684139759 ], [ -73.795652689130165, 40.880975131409691 ], [ -73.795668464725694, 40.880968327383577 ], [ -73.795670742852352, 40.880959789372781 ], [ -73.795674160242768, 40.880946128703044 ], [ -73.79567757096325, 40.880935031656556 ], [ -73.795682113069788, 40.880921372980794 ], [ -73.795684404323708, 40.880908563967701 ], [ -73.795687829579308, 40.880892342270158 ], [ -73.795692375515912, 40.880877830866979 ], [ -73.795694668285876, 40.880864169041381 ], [ -73.795696956799418, 40.880852213675524 ], [ -73.795699244203504, 40.880840261069153 ], [ -73.795700412142551, 40.880826596330316 ], [ -73.795701576554563, 40.880812931667627 ], [ -73.795704995137896, 40.880799272755105 ], [ -73.795707287790222, 40.880785611012641 ], [ -73.795707329796173, 40.880771944361172 ], [ -73.795710745752487, 40.88075913909757 ], [ -73.795714164333745, 40.880745479348349 ], [ -73.795713072530219, 40.880734373487016 ], [ -73.7957097391659, 40.880720702612948 ], [ -73.79570527604433, 40.880707880711896 ], [ -73.795701936221036, 40.880695917214901 ], [ -73.795699729891524, 40.880682248337301 ], [ -73.795698650120343, 40.880666870551515 ], [ -73.795696442583079, 40.880653200751581 ], [ -73.795694241824918, 40.880636967326971 ], [ -73.795690917757028, 40.880619880017022 ], [ -73.795687589660403, 40.880604498248488 ], [ -73.795685381022537, 40.880590829448749 ], [ -73.795682038584616, 40.880579719598806 ], [ -73.795679820659032, 40.880569467151581 ], [ -73.795675354923532, 40.880557500738327 ], [ -73.795670898274821, 40.88054297329829 ], [ -73.795666436376379, 40.88053015415894 ], [ -73.795663093947525, 40.880519043386954 ], [ -73.795658626806244, 40.880507930622997 ], [ -73.795653034834501, 40.880496818543151 ], [ -73.795646327558899, 40.880482286277065 ], [ -73.795641861832706, 40.880470320698642 ], [ -73.79562614150656, 40.880459187988627 ], [ -73.795612666564509, 40.880449769321871 ], [ -73.795594716508447, 40.880431801509509 ], [ -73.795583496262608, 40.880420675849507 ], [ -73.795573397899091, 40.880411262245332 ], [ -73.795563298320801, 40.880401850394456 ], [ -73.795549820664846, 40.880393285367994 ], [ -73.795536344333215, 40.880384720343578 ], [ -73.795522860328347, 40.880377862609137 ], [ -73.795504876161658, 40.880370995972058 ], [ -73.795497008836946, 40.880367567325059 ], [ -73.79547901952246, 40.880362410740176 ], [ -73.795461036776345, 40.880354691366264 ], [ -73.795447543793699, 40.880350397326261 ], [ -73.795431803597751, 40.880346098377771 ], [ -73.795416064932311, 40.880340944855867 ], [ -73.795403701494791, 40.880335799998569 ], [ -73.795389087547079, 40.880330647633649 ], [ -73.795376734749013, 40.880322084500392 ], [ -73.795362140305897, 40.880310956512218 ], [ -73.795349799252776, 40.880298974267376 ], [ -73.795340828278285, 40.880288709827212 ], [ -73.795332980804858, 40.880278446542917 ], [ -73.795322893018891, 40.880265616483449 ], [ -73.79531280654875, 40.880251930931365 ], [ -73.795304965548638, 40.880239962107773 ], [ -73.795296011592271, 40.880224570339351 ], [ -73.795290413343196, 40.88021516553399 ], [ -73.795281454334201, 40.88020062924943 ], [ -73.795273620932448, 40.880186948613954 ], [ -73.795266909929694, 40.880173269887059 ], [ -73.79526019750476, 40.880160446735026 ], [ -73.795253489134183, 40.880145915279392 ], [ -73.795247903853621, 40.880133092287878 ], [ -73.795242318775067, 40.880119417398845 ], [ -73.795238976437773, 40.880108306615078 ], [ -73.795234519914302, 40.880093779240795 ], [ -73.795231176163639, 40.880083522106844 ], [ -73.795224471540109, 40.880068136083288 ], [ -73.795220012389649, 40.880054463277652 ], [ -73.795217797396774, 40.88004250084262 ], [ -73.795213340888012, 40.880027971627207 ], [ -73.795211121833788, 40.880017720924165 ], [ -73.795206670593075, 40.880001483491142 ], [ -73.79520445681483, 40.879989521057894 ], [ -73.795196643611646, 40.879968153895859 ], [ -73.795193310397664, 40.879954481163573 ], [ -73.795191099245528, 40.879941667759745 ], [ -73.79518776461552, 40.879928848761111 ], [ -73.795185555996483, 40.879915178109833 ], [ -73.795182217838061, 40.879902360026101 ], [ -73.795179996172024, 40.879892960376225 ], [ -73.795177779767968, 40.879881853346568 ], [ -73.795176702333137, 40.879866476478988 ], [ -73.795175617110289, 40.879853662313167 ], [ -73.795173413866692, 40.879838285285757 ], [ -73.795171209416125, 40.879822906332215 ], [ -73.79516787358088, 40.87981008825065 ], [ -73.795165663865191, 40.879796418518119 ], [ -73.795161215282263, 40.879779326514594 ], [ -73.79515788086826, 40.87976565470003 ], [ -73.795154547666726, 40.879751983806273 ], [ -73.795153466503834, 40.879737461504213 ], [ -73.795152386551905, 40.87972293920425 ], [ -73.795152436569552, 40.879706709766211 ], [ -73.795152491843467, 40.879688774788477 ], [ -73.795153663923102, 40.879673403672889 ], [ -73.79515709046504, 40.87965717931187 ], [ -73.795160515580207, 40.879641811278589 ], [ -73.795163939690482, 40.879625588754422 ], [ -73.795167358326935, 40.879611928098498 ], [ -73.795169643150345, 40.87960082998427 ], [ -73.795170808548463, 40.879588018059422 ], [ -73.795171980620339, 40.879572646943366 ], [ -73.79517427455383, 40.879558985209258 ], [ -73.795175446629813, 40.879543612336697 ], [ -73.795178877318079, 40.879525681512931 ], [ -73.795181185828866, 40.879506894206635 ], [ -73.795184626608702, 40.879486402442346 ], [ -73.795185784424191, 40.879475298729119 ], [ -73.795188104667062, 40.879453096747412 ], [ -73.795190392112772, 40.879441144148061 ], [ -73.795196056289683, 40.879428339292062 ], [ -73.795201724084265, 40.879415539880156 ], [ -73.795204008903426, 40.879404439088404 ], [ -73.795213077096093, 40.879383103665049 ], [ -73.795215356654992, 40.879373709249037 ], [ -73.795218772628573, 40.879360905836847 ], [ -73.795222193872917, 40.879346390610507 ], [ -73.795221096913508, 40.879336992959217 ], [ -73.795218880520878, 40.879325886013014 ], [ -73.795216674656103, 40.879311361629163 ], [ -73.795218956839207, 40.879301114484967 ], [ -73.795232502635045, 40.879287475409591 ], [ -73.795244915748711, 40.879276390845291 ], [ -73.795256199096457, 40.879266162361773 ], [ -73.795268614934756, 40.879254225904688 ], [ -73.795277646264154, 40.879244846235501 ], [ -73.795285551476624, 40.879236319976727 ], [ -73.795294580372243, 40.879226941223273 ], [ -73.795305871390653, 40.879215004521534 ], [ -73.795314905142078, 40.879205622177253 ], [ -73.795321689901485, 40.879194532967368 ], [ -73.795326225394987, 40.879183437088031 ], [ -73.795328515438243, 40.879170629833432 ], [ -73.795328557526744, 40.879156961337969 ], [ -73.795328596972709, 40.879144151008433 ], [ -73.795329759699669, 40.879132194569117 ], [ -73.795333171801758, 40.879120243041243 ], [ -73.795338834499049, 40.879108294589209 ], [ -73.795346747580751, 40.87909720470396 ], [ -73.795356910242802, 40.879085265074231 ], [ -73.795367079168457, 40.879072470965589 ], [ -73.79537836489429, 40.879062240716344 ], [ -73.795391893632527, 40.879053722671863 ], [ -73.795406553409379, 40.879043501084823 ], [ -73.795418956036357, 40.879035834693077 ], [ -73.795435854471876, 40.879029885421929 ], [ -73.795448262234075, 40.879020512566896 ], [ -73.795448314803167, 40.879003430397269 ], [ -73.795448341087706, 40.878994889313077 ], [ -73.795452875331662, 40.878983794262496 ], [ -73.795460796155425, 40.878970141584453 ], [ -73.795467590086105, 40.878956485985512 ], [ -73.795474389156169, 40.878941123925991 ], [ -73.795480058478773, 40.878926614518768 ], [ -73.79548460675268, 40.878912103039077 ], [ -73.795486896755833, 40.87889929586445 ], [ -73.795489192022444, 40.87888477771191 ], [ -73.79548922881078, 40.878872821029802 ], [ -73.795490398171395, 40.878858303640392 ], [ -73.795490450732601, 40.878841220467713 ], [ -73.795488259177603, 40.878822425171428 ], [ -73.795487175324993, 40.878808758274531 ], [ -73.795484974678985, 40.878792524841757 ], [ -73.795485024611907, 40.878776296319536 ], [ -73.79548957307594, 40.878760930266708 ], [ -73.795495227831296, 40.878751544592177 ], [ -73.79550201232054, 40.878741306346782 ], [ -73.795508799746415, 40.878729360716754 ], [ -73.795517844104097, 40.878715711865652 ], [ -73.795524636469992, 40.878702910834214 ], [ -73.795524673251862, 40.878690954151693 ], [ -73.795524715296892, 40.878677286575012 ], [ -73.7955247547076, 40.8786644753242 ], [ -73.795521412395132, 40.87865336546573 ], [ -73.79551921437033, 40.878636278383652 ], [ -73.795517006937402, 40.878622608575263 ], [ -73.795515920455713, 40.878609795410078 ], [ -73.79551370262233, 40.87859954211968 ], [ -73.795510378712962, 40.878582452036717 ], [ -73.79550591434797, 40.878570487454887 ], [ -73.795501459283685, 40.878555106352714 ], [ -73.795501503965383, 40.878540583287375 ], [ -73.795500418697387, 40.878527771045391 ], [ -73.795500458115541, 40.878514958872863 ], [ -73.795502748107609, 40.878502149856878 ], [ -73.795508412243365, 40.878489348665063 ], [ -73.795512952490242, 40.878477398211281 ], [ -73.795517490413246, 40.878465450430923 ], [ -73.795520907817505, 40.878451789677186 ], [ -73.795523203055581, 40.878437273362898 ], [ -73.795526617714927, 40.878424468180853 ], [ -73.795534537353603, 40.878410815409296 ], [ -73.795546943775619, 40.878401442624174 ], [ -73.795560469417794, 40.878394632780775 ], [ -73.795576248363872, 40.878386973277898 ], [ -73.795592022139289, 40.878380169172942 ], [ -73.795606668722868, 40.878374215047941 ], [ -73.795620194352523, 40.878367406033824 ], [ -73.795635977213024, 40.878358038303858 ], [ -73.79564727327427, 40.878344393348939 ], [ -73.795655182377857, 40.878334156250723 ], [ -73.795664228177202, 40.878319652734433 ], [ -73.795674398335919, 40.878306005781475 ], [ -73.795682317928765, 40.878292354004614 ], [ -73.795690231056653, 40.878280409520208 ], [ -73.795695886956082, 40.878271022917048 ], [ -73.795702678136735, 40.878258223628507 ], [ -73.795707217120736, 40.878246273164393 ], [ -73.795710633255183, 40.878232614242492 ], [ -73.795715173754914, 40.878219811049163 ], [ -73.795718589586798, 40.878207003101572 ], [ -73.795722010656092, 40.87819249053377 ], [ -73.795724300591544, 40.878179682432652 ], [ -73.795728846340324, 40.878165169180676 ], [ -73.79573451918256, 40.878150658761477 ], [ -73.79574357916573, 40.878131884320034 ], [ -73.79574925634796, 40.878114812028905 ], [ -73.795758325411796, 40.878093473882011 ], [ -73.795761740003897, 40.878080669528501 ], [ -73.795766277863336, 40.878068719061019 ], [ -73.795769692258673, 40.878056767438395 ], [ -73.795776503075132, 40.8780371344372 ], [ -73.795783312476217, 40.878018355922293 ], [ -73.795794617734003, 40.878001293680342 ], [ -73.795800276223076, 40.877991051581859 ], [ -73.795805957207648, 40.877973127480182 ], [ -73.795811638089859, 40.877955199782775 ], [ -73.795815041978969, 40.877946663756902 ], [ -73.795818456559999, 40.877933857561224 ], [ -73.795821869723767, 40.877921906939775 ], [ -73.795824154389138, 40.877910805212593 ], [ -73.795827567545302, 40.877898856347279 ], [ -73.795832108011027, 40.877886049467016 ], [ -73.79583440719631, 40.877869824926186 ], [ -73.795836694471575, 40.877857872226777 ], [ -73.79583898437231, 40.877845065041377 ], [ -73.795841276898273, 40.87783140228499 ], [ -73.795843569532281, 40.877817740531235 ], [ -73.79584586730013, 40.877802370476743 ], [ -73.795849293569887, 40.877786148851087 ], [ -73.795853845612683, 40.877769927378324 ], [ -73.795858396656385, 40.877753707658663 ], [ -73.79586182555073, 40.877736629623932 ], [ -73.795866376483531, 40.877720408147276 ], [ -73.795869797690187, 40.87770504275877 ], [ -73.795873202976608, 40.877695650403865 ], [ -73.795877743402968, 40.87768284895926 ], [ -73.795882285053622, 40.877670042998716 ], [ -73.795886825477567, 40.877657240633631 ], [ -73.795890234789567, 40.877646140979294 ], [ -73.795893646821284, 40.877634191189422 ], [ -73.795900440416119, 40.877620535561434 ], [ -73.795906100251557, 40.877609444323106 ], [ -73.795911757281218, 40.877600055870218 ], [ -73.795917427607876, 40.877585546440024 ], [ -73.795923093901621, 40.87757274514604 ], [ -73.795931013357119, 40.877559092428875 ], [ -73.795942306906298, 40.877545447438948 ], [ -73.795954726024021, 40.877532657257767 ], [ -73.795964882897877, 40.877523279524212 ], [ -73.795973915304714, 40.87751304522822 ], [ -73.79598408124842, 40.877501105546138 ], [ -73.795993108509478, 40.877492581304445 ], [ -73.796001017457613, 40.877482345018521 ], [ -73.796010051068293, 40.877472109800387 ], [ -73.796028124816317, 40.877449509758257 ], [ -73.796039419336893, 40.877436289746015 ], [ -73.796048458284304, 40.877424347228242 ], [ -73.796057491872432, 40.877414113847735 ], [ -73.796066526866667, 40.877403026730917 ], [ -73.796074443652458, 40.877390228571919 ], [ -73.796084614805125, 40.877376578906173 ], [ -73.79609253188471, 40.877362927931017 ], [ -73.796099324000608, 40.877350127782584 ], [ -73.796107248630392, 40.877334767755961 ], [ -73.796114039523033, 40.877321969359514 ], [ -73.796123097888369, 40.877304045775723 ], [ -73.79613102915269, 40.877286123796132 ], [ -73.796138951151178, 40.877271617415573 ], [ -73.796143487778636, 40.877259668685888 ], [ -73.796148015035797, 40.877251134636701 ], [ -73.796153681256357, 40.877238333413004 ], [ -73.796161600627499, 40.877224679759117 ], [ -73.796169533088673, 40.877206756858691 ], [ -73.796178587579504, 40.877189691516762 ], [ -73.796186508455648, 40.877175184126877 ], [ -73.796194426599229, 40.87716153138981 ], [ -73.796201221287689, 40.877147878505234 ], [ -73.7962091432546, 40.877133372035686 ], [ -73.796214805622355, 40.877121424456334 ], [ -73.796222723752024, 40.877107771715885 ], [ -73.796238515404539, 40.877095841953114 ], [ -73.796246407038382, 40.8770915857923 ], [ -73.796253182474914, 40.877083057467978 ], [ -73.796261097977322, 40.877070258374516 ], [ -73.796267886005595, 40.877059166434577 ], [ -73.796276916895721, 40.87704978668333 ], [ -73.796289329709865, 40.877037850943481 ], [ -73.796297241171516, 40.87702676190667 ], [ -73.796309652276321, 40.877016532631423 ], [ -73.796323185704921, 40.877006308935222 ], [ -73.796333338421704, 40.876998640308798 ], [ -73.796345744473143, 40.876989265593835 ], [ -73.79635365330536, 40.876979029281472 ], [ -73.796361559521628, 40.876969646618306 ], [ -73.796373976127185, 40.876956859062986 ], [ -73.796385256106205, 40.876948336928187 ], [ -73.796396532248281, 40.876940670197584 ], [ -73.796411200474367, 40.876927883016371 ], [ -73.796424734975389, 40.876917658472422 ], [ -73.796439395453007, 40.876907434075918 ], [ -73.796454051986771, 40.876898064242461 ], [ -73.796469837108148, 40.876887841742409 ], [ -73.7964822364806, 40.87688103072297 ], [ -73.796493511202982, 40.876874216795805 ], [ -73.796505906739313, 40.876868261258984 ], [ -73.796520561848652, 40.876859746825296 ], [ -73.796530712211961, 40.876852076337059 ], [ -73.796544246687617, 40.876841849018753 ], [ -73.796558902998115, 40.876833334666074 ], [ -73.79657131280446, 40.876823108036582 ], [ -73.796572472948796, 40.876811152495613 ], [ -73.796555618114454, 40.876803434355928 ], [ -73.796545512315788, 40.876796584536379 ], [ -73.796543285519292, 40.876788039389226 ], [ -73.796543319509354, 40.876776934594318 ], [ -73.796555712223665, 40.876772686354613 ], [ -73.796568089552224, 40.876772708193428 ], [ -73.796582697584071, 40.876779567794287 ], [ -73.796593951366972, 40.876779587648116 ], [ -73.796613090699708, 40.876776202280737 ], [ -73.796625482194685, 40.876771954867721 ], [ -73.796638999555896, 40.876767707682731 ], [ -73.796655893477464, 40.876762612796732 ], [ -73.796669414955574, 40.876756658309226 ], [ -73.796685193270406, 40.876748999488392 ], [ -73.796699847120891, 40.876740484193292 ], [ -73.796712259620307, 40.876729400302345 ], [ -73.796721289001667, 40.876720875087784 ], [ -73.796732572897767, 40.876710647377152 ], [ -73.796746112536908, 40.876698711816488 ], [ -73.796760775411187, 40.876687635486391 ], [ -73.796775435786401, 40.876677411045442 ], [ -73.796788967576276, 40.876668038266679 ], [ -73.796804753988638, 40.876656962153469 ], [ -73.796819415443949, 40.876646740386555 ], [ -73.796834077090566, 40.876635661367168 ], [ -73.796847615292052, 40.876624581286535 ], [ -73.796860025019285, 40.876614353789265 ], [ -73.79687017008041, 40.876608393245633 ], [ -73.796888195028501, 40.876601590334133 ], [ -73.796902830662006, 40.876599054152081 ], [ -73.796921965797893, 40.876597381470305 ], [ -73.796941091719503, 40.876599121541503 ], [ -73.796954583228768, 40.876602561838851 ], [ -73.796972567630249, 40.876609427336405 ], [ -73.796984935597592, 40.876612865568021 ], [ -73.796998429714932, 40.876615452964259 ], [ -73.797019806155674, 40.876617196147123 ], [ -73.797033306592766, 40.876618075407841 ], [ -73.797047939329786, 40.876617245670921 ], [ -73.797056962331155, 40.876610429566476 ], [ -73.797068252768739, 40.876597639033626 ], [ -73.797077293915734, 40.876584841863249 ], [ -73.797084087159092, 40.876571187082916 ], [ -73.797090881604703, 40.876557534062002 ], [ -73.797095429660303, 40.876542167103409 ], [ -73.797097724488836, 40.876527650668905 ], [ -73.797096636527343, 40.876514836592754 ], [ -73.797096678239598, 40.876501171686414 ], [ -73.797094484808099, 40.876483229142941 ], [ -73.79709229577243, 40.876462727404046 ], [ -73.797090112951167, 40.876440515691883 ], [ -73.797087900162154, 40.876428554125383 ], [ -73.797082329272044, 40.876410606557585 ], [ -73.797076750740175, 40.876394369043794 ], [ -73.797070056603687, 40.876375566681546 ], [ -73.797064474077544, 40.876361036466356 ], [ -73.797061129010245, 40.87635078205404 ], [ -73.797054432277065, 40.876332832502975 ], [ -73.797046610796258, 40.876314880971677 ], [ -73.797041025668506, 40.876301206160157 ], [ -73.797035443154954, 40.876286675943412 ], [ -73.797032105744336, 40.876274710639365 ], [ -73.797028764690296, 40.876262748005253 ], [ -73.797026555921164, 40.876249079137871 ], [ -73.79702547422923, 40.876235408740463 ], [ -73.797026641991494, 40.876220892162571 ], [ -73.797031188534106, 40.876206378856132 ], [ -73.797037976530945, 40.876194432212387 ], [ -73.79704589037091, 40.87618249039398 ], [ -73.797056054709245, 40.876170549692247 ], [ -73.797068465825063, 40.876159467601106 ], [ -73.797079750974447, 40.87614838352696 ], [ -73.797093291751054, 40.876136450604378 ], [ -73.797106831208495, 40.876124515001393 ], [ -73.797116990312958, 40.876114282595246 ], [ -73.797127145585804, 40.876104907432477 ], [ -73.797137302186457, 40.876095529593385 ], [ -73.797146339253786, 40.876084439717083 ], [ -73.797155373880855, 40.876073353516048 ], [ -73.797167779460295, 40.876064833285348 ], [ -73.79717681408313, 40.876053746998835 ], [ -73.797184730492717, 40.876040948761741 ], [ -73.797196023534795, 40.876027300968779 ], [ -73.797201682842768, 40.876017062396457 ], [ -73.797207347546973, 40.876004259277124 ], [ -73.797210757757924, 40.875993162175185 ], [ -73.797209686446919, 40.875976078019299 ], [ -73.797208598473958, 40.875963263022847 ], [ -73.797207511709928, 40.87595044978486 ], [ -73.797206439188301, 40.875933365626665 ], [ -73.797205355030599, 40.875919697819867 ], [ -73.79720539932984, 40.875905177507001 ], [ -73.797205448838014, 40.875888949813017 ], [ -73.797204373716355, 40.875872718383221 ], [ -73.797203295985241, 40.875857342443446 ], [ -73.797201089806507, 40.875842817168234 ], [ -73.79719436691181, 40.875833410554478 ], [ -73.797183141958484, 40.875823995099623 ], [ -73.797177554241728, 40.875811173107166 ], [ -73.797170866557153, 40.875790663453564 ], [ -73.797167526722788, 40.875778698146796 ], [ -73.797166434757187, 40.87576759312541 ], [ -73.797167623157918, 40.875747094650372 ], [ -73.797169923155394, 40.875730870077327 ], [ -73.797172210118646, 40.875718917346738 ], [ -73.79717562553391, 40.875706111191498 ], [ -73.797183543296796, 40.875692459219117 ], [ -73.797191455952955, 40.875680515546208 ], [ -73.797200490342263, 40.875670281991255 ], [ -73.797211771389087, 40.875660906122775 ], [ -73.797226430144278, 40.875650681620229 ], [ -73.797241093923745, 40.875639604392752 ], [ -73.797254629543431, 40.875628523336829 ], [ -73.797271562025827, 40.875611469835157 ], [ -73.797288493279808, 40.875594418251389 ], [ -73.797304296190362, 40.875578218252272 ], [ -73.797314459177485, 40.87556627760808 ], [ -73.797324635288405, 40.875550067714485 ], [ -73.797337077202599, 40.875529590774697 ], [ -73.797346127175103, 40.875514231715336 ], [ -73.797355170721929, 40.875500580873187 ], [ -73.797366466123762, 40.875486081169619 ], [ -73.797380005501623, 40.875474148293542 ], [ -73.797385659422332, 40.875465616173386 ], [ -73.797393574625502, 40.875452816077207 ], [ -73.797400370282944, 40.87543830938305 ], [ -73.797404903675982, 40.87542806614487 ], [ -73.797412820143734, 40.875414415073976 ], [ -73.797421857069679, 40.875403326094762 ], [ -73.797432014908054, 40.875393095497678 ], [ -73.797441058135078, 40.875380298301316 ], [ -73.797451229162306, 40.875364941120395 ], [ -73.797462532147918, 40.875348734197622 ], [ -73.797471584670774, 40.875332520475297 ], [ -73.797479500934912, 40.875319723136357 ], [ -73.797489661357915, 40.875308637045158 ], [ -73.797503217399111, 40.875291576740636 ], [ -73.797507846941443, 40.875284241811364 ], [ -73.797514524346923, 40.875273662345343 ], [ -73.797522441994062, 40.875260008590928 ], [ -73.797532612806876, 40.875245506059322 ], [ -73.797540526448884, 40.875233562364755 ], [ -73.797547314256562, 40.875221615688893 ], [ -73.79755635372635, 40.875209674890122 ], [ -73.797566519214342, 40.875196879652734 ], [ -73.797573304513151, 40.875185790305828 ], [ -73.797575598995024, 40.875171699847542 ], [ -73.797563258580908, 40.875159292842554 ], [ -73.797561043327988, 40.875147330357997 ], [ -73.797556593044177, 40.875131094844711 ], [ -73.797553255772542, 40.875118276736494 ], [ -73.797557780094678, 40.875110599037548 ], [ -73.797574689249288, 40.875100376601161 ], [ -73.797587612592338, 40.875106807212255 ], [ -73.797608443329366, 40.875102144084501 ], [ -73.797621964271244, 40.87509619040334 ], [ -73.797636628149505, 40.875084257630135 ], [ -73.797645655976979, 40.875075732253407 ], [ -73.79765468760975, 40.875066354234413 ], [ -73.797665973690712, 40.875055269182731 ], [ -73.797677256065342, 40.875045038613102 ], [ -73.797691924833288, 40.875032253108081 ], [ -73.797704339331972, 40.875020317299317 ], [ -73.797715630592634, 40.87500752486001 ], [ -73.797725789543023, 40.874997292399605 ], [ -73.797735948371781, 40.874987062613236 ], [ -73.797746113793963, 40.874974266440759 ], [ -73.797756283010386, 40.874960620299646 ], [ -73.797761943821584, 40.874948669877412 ], [ -73.797764234457929, 40.874935864406702 ], [ -73.797768758751673, 40.874928183939041 ], [ -73.797778912369381, 40.874919661446405 ], [ -73.797792430670228, 40.874914558717464 ], [ -73.79781045107552, 40.874909465637181 ], [ -73.79782734316035, 40.874905225066584 ], [ -73.797827605394474, 40.874905141199328 ], [ -73.797845927254627, 40.87489927931712 ], [ -73.797856075671447, 40.874892462360215 ], [ -73.797860052117983, 40.874879658086769 ], [ -73.797858957455531, 40.874869406718915 ], [ -73.797853359097303, 40.874860429859552 ], [ -73.797843274337566, 40.874846316771595 ], [ -73.797835425733368, 40.87483690821837 ], [ -73.797830948217538, 40.874829212800051 ], [ -73.797827605537577, 40.874818957575037 ], [ -73.797825386261991, 40.87480870431849 ], [ -73.797825420036858, 40.874797599519148 ], [ -73.797825446011771, 40.874789059264089 ], [ -73.797827605506029, 40.874784179639228 ], [ -73.797829978074503, 40.874778818766053 ], [ -73.797834502347413, 40.874771139131887 ], [ -73.797845794932556, 40.874757490435613 ], [ -73.797877401180685, 40.874725089443103 ], [ -73.797892085420003, 40.874707180092237 ], [ -73.797896604662029, 40.87470035326384 ], [ -73.797900000322201, 40.874694380880676 ], [ -73.797911346128117, 40.874663652589668 ], [ -73.797926096644318, 40.874623534469023 ], [ -73.797929488664366, 40.87461756115718 ], [ -73.79793513735487, 40.8746107381481 ], [ -73.797949811172444, 40.87459624347008 ], [ -73.797971243156624, 40.874578345013582 ], [ -73.797979135881647, 40.874573232321225 ], [ -73.797987024786153, 40.874568976955317 ], [ -73.797996038140113, 40.874565575372223 ], [ -73.79800899034106, 40.874561327955767 ], [ -73.798027568402276, 40.874557729712222 ], [ -73.798038839322061, 40.874551985369585 ], [ -73.798067030197274, 40.874532389671188 ], [ -73.798082807997261, 40.874523875246481 ], [ -73.798096896195773, 40.874516639260406 ], [ -73.798107031664017, 40.874514094207157 ], [ -73.798119974658235, 40.87451283630746 ], [ -73.798130098424494, 40.874513708606933 ], [ -73.798160474688999, 40.874516323753689 ], [ -73.798187463276378, 40.874521495679417 ], [ -73.798223445567089, 40.87453009887389 ], [ -73.798276304268143, 40.874539588000538 ], [ -73.798325802275073, 40.87454394470101 ], [ -73.798350554608902, 40.874544844408462 ], [ -73.798374187415632, 40.874544029325563 ], [ -73.798385441096684, 40.874543194514054 ], [ -73.798396699680566, 40.874541505974143 ], [ -73.798412465694909, 40.874537264268859 ], [ -73.7984214764341, 40.874534716301412 ], [ -73.798431614370884, 40.874531317570593 ], [ -73.798439501866852, 40.874527915826043 ], [ -73.798447396028322, 40.874521952125896 ], [ -73.798475630689211, 40.874487833249951 ], [ -73.798509510403576, 40.874446894918528 ], [ -73.798520797553962, 40.874435811540607 ], [ -73.798534335027981, 40.87442473125747 ], [ -73.798543353508578, 40.874419622333725 ], [ -73.79855236697766, 40.874415366133867 ], [ -73.798562506100581, 40.874411968313638 ], [ -73.798573766035133, 40.87440942518402 ], [ -73.798582769258175, 40.874408586339158 ], [ -73.798592898188645, 40.874407750380165 ], [ -73.79861427395312, 40.874409495945947 ], [ -73.798634517615199, 40.874412948678831 ], [ -73.798642386983076, 40.874415523384151 ], [ -73.798650255129374, 40.874418100845695 ], [ -73.798672723363708, 40.874430097675365 ], [ -73.798694059125182, 40.874444655406222 ], [ -73.798731094952785, 40.874477178228261 ], [ -73.798778239085024, 40.874515696179451 ], [ -73.798800696929604, 40.874531107663181 ], [ -73.798832147512726, 40.874549954884976 ], [ -73.798881024543903, 40.874573315184222 ], [ -73.798899619435289, 40.874563738494352 ], [ -73.798914276425421, 40.874554369182817 ], [ -73.79893005274927, 40.874546709213369 ], [ -73.798945835445494, 40.874537341946102 ], [ -73.798955983695976, 40.874530524891981 ], [ -73.798968395398163, 40.874519443515226 ], [ -73.798980798029277, 40.874510923082838 ], [ -73.798993196703066, 40.874504111705448 ], [ -73.799007856137408, 40.874493888816573 ], [ -73.799015754046152, 40.874487067834195 ], [ -73.799024789360956, 40.874475980565506 ], [ -73.799033834999037, 40.874461477696563 ], [ -73.799049060798623, 40.874449542961052 ], [ -73.799067635540197, 40.874447014373622 ], [ -73.799089007530256, 40.874449615339699 ], [ -73.799111505460147, 40.874452217342252 ], [ -73.799130633552267, 40.874452250669101 ], [ -73.799148639459148, 40.874452282037879 ], [ -73.79916102547223, 40.874448885319097 ], [ -73.79916796763375, 40.874441393809832 ], [ -73.799168928409458, 40.874440357028107 ], [ -73.799172343522798, 40.874426699833997 ], [ -73.799173515798572, 40.874411325986948 ], [ -73.799178047630903, 40.874401084432684 ], [ -73.7991893345542, 40.874390000152772 ], [ -73.799197260697781, 40.874373786172718 ], [ -73.799209671121162, 40.874362703847517 ], [ -73.799224312434148, 40.874358459236284 ], [ -73.799240078465161, 40.874354216581622 ], [ -73.799256975371307, 40.874348265825454 ], [ -73.799274999456955, 40.874341464295831 ], [ -73.79928627088475, 40.874335503741449 ], [ -73.799303182142864, 40.874324430999096 ], [ -73.799312216025271, 40.874314196438547 ], [ -73.799320118925365, 40.874305668135698 ], [ -73.799331408384958, 40.87429373102902 ], [ -73.799342694318113, 40.874281792158726 ], [ -73.799356231619271, 40.874270712698888 ], [ -73.799370894742424, 40.874259634192711 ], [ -73.799385555438093, 40.874248554007806 ], [ -73.79940246408043, 40.874238335819761 ], [ -73.799425014602804, 40.874223852817764 ], [ -73.799438545770528, 40.874213629667416 ], [ -73.799450953286737, 40.874204254619194 ], [ -73.799463359583783, 40.874194881322566 ], [ -73.799473518033096, 40.874184647868908 ], [ -73.799484797398435, 40.874175273531321 ], [ -73.799496077870415, 40.874165896516793 ], [ -73.799505105334447, 40.874157371078127 ], [ -73.799515258617078, 40.87414884667637 ], [ -73.799533317317213, 40.874130942983406 ], [ -73.799542352615958, 40.874119852913445 ], [ -73.799552512395877, 40.874108768394272 ], [ -73.799561544999548, 40.874098532891622 ], [ -73.799572834375056, 40.874086597602314 ], [ -73.799581867081884, 40.87407636301829 ], [ -73.799589775071951, 40.874066125558457 ], [ -73.799597677908665, 40.874057597237481 ], [ -73.799610103541838, 40.874041391131591 ], [ -73.799618021818546, 40.874027738989959 ], [ -73.799625934942611, 40.874015795149589 ], [ -73.799636099958278, 40.87400299972721 ], [ -73.799645137677018, 40.873991058676147 ], [ -73.799651930130594, 40.873977402817992 ], [ -73.799657601753523, 40.87396289403604 ], [ -73.799664382691489, 40.873952654612474 ], [ -73.799675668347746, 40.873941572958579 ], [ -73.799689217189481, 40.873926220610116 ], [ -73.799702780103615, 40.873906598175545 ], [ -73.799709564805013, 40.873895507778727 ], [ -73.799714096519367, 40.873885266284873 ], [ -73.799724285759979, 40.873864784333477 ], [ -73.799727695443764, 40.873853686232628 ], [ -73.799731106594521, 40.873841734564486 ], [ -73.799733389245588, 40.873830636345879 ], [ -73.79973454336745, 40.8738212417176 ], [ -73.799735722008521, 40.873803305995146 ], [ -73.799733541070907, 40.873780241509515 ], [ -73.799731325328267, 40.873769131879193 ], [ -73.799727983652573, 40.87375802481219 ], [ -73.799724633161318, 40.87374947785402 ], [ -73.799721294442804, 40.873736658045601 ], [ -73.799721338188249, 40.873722138645924 ], [ -73.799724756688235, 40.873708477758221 ], [ -73.799734944791169, 40.873687997643394 ], [ -73.799742868149053, 40.873672636352772 ], [ -73.799748534738413, 40.873658978532653 ], [ -73.799754196015869, 40.873647888022944 ], [ -73.79976325304348, 40.87362911140788 ], [ -73.799771181528726, 40.873612042815672 ], [ -73.799775705605271, 40.87360436410772 ], [ -73.799784748397855, 40.873590712148911 ], [ -73.799793789969073, 40.873577062028666 ], [ -73.799799451240332, 40.873565968755074 ], [ -73.799803998354747, 40.873550601681004 ], [ -73.799800668374857, 40.873535646835016 ], [ -73.799788313768033, 40.873527512826769 ], [ -73.799774833032117, 40.873520654664709 ], [ -73.799765853358181, 40.873512952504903 ], [ -73.799755761954444, 40.873500978220527 ], [ -73.799753532135497, 40.87349414143636 ], [ -73.799755821132308, 40.873481333244101 ], [ -73.799760360528637, 40.873468529795218 ], [ -73.79977165748447, 40.873454029939971 ], [ -73.799784080248799, 40.873439530197174 ], [ -73.79979987825584, 40.873424183496709 ], [ -73.799817930334243, 40.873407985296524 ], [ -73.799837098030466, 40.873395205487363 ], [ -73.799857401698645, 40.873379012946344 ], [ -73.799866425338664, 40.873371340205289 ], [ -73.799875452644528, 40.873362815656463 ], [ -73.799890121976389, 40.873349176132962 ], [ -73.799902535769846, 40.873337238242435 ], [ -73.799911568208202, 40.87332700547244 ], [ -73.799918363213635, 40.873312497704326 ], [ -73.799920649603052, 40.873300543157505 ], [ -73.799921819111248, 40.873286024706488 ], [ -73.799923536772681, 40.873276206067388 ], [ -73.799928649994442, 40.873259557648908 ], [ -73.799936577183558, 40.873242488205754 ], [ -73.79994677139014, 40.873220300606597 ], [ -73.799953559771623, 40.873208353870574 ], [ -73.799960345832361, 40.873196408048827 ], [ -73.799967136776004, 40.873183607662803 ], [ -73.799975052311069, 40.873170808306057 ], [ -73.799984091212252, 40.873158013575356 ], [ -73.799994257131274, 40.873145218122588 ], [ -73.800004419371064, 40.873133278072515 ], [ -73.800015708512234, 40.873121339138606 ], [ -73.800025874414018, 40.873108545523117 ], [ -73.80003603396429, 40.873097459119151 ], [ -73.800046194720224, 40.873086373720206 ], [ -73.800057481278316, 40.873075288432574 ], [ -73.800069891315061, 40.87306420684844 ], [ -73.800081177859894, 40.873053123399892 ], [ -73.800094712370864, 40.87304204200521 ], [ -73.800105997808814, 40.873030957630917 ], [ -73.800116155976312, 40.873020725792365 ], [ -73.80012406375748, 40.873010489213961 ], [ -73.800133096115601, 40.873000256424703 ], [ -73.8001410001106, 40.87299087432978 ], [ -73.800150031110832, 40.872981495191738 ], [ -73.800157937778664, 40.87297125860902 ], [ -73.800168098495249, 40.872960173115302 ], [ -73.800177137335908, 40.872947376612615 ], [ -73.800186178594487, 40.87293458103214 ], [ -73.800213293699073, 40.87289789873725 ], [ -73.800233635629795, 40.872868892185934 ], [ -73.800241542267557, 40.872858657438734 ], [ -73.80025057580103, 40.872848424558285 ], [ -73.800258484892211, 40.872837334319037 ], [ -73.800267522205218, 40.872826245113693 ], [ -73.800274305491769, 40.872815154680659 ], [ -73.800281086217666, 40.872804915218666 ], [ -73.800288996505159, 40.872793826819475 ], [ -73.800294651290116, 40.872784439980016 ], [ -73.800305960954091, 40.872765668978111 ], [ -73.800313885415065, 40.872749455834438 ], [ -73.800318422097462, 40.872737503419756 ], [ -73.800319581245375, 40.872726402321597 ], [ -73.800320739181586, 40.872715300385011 ], [ -73.800317404060777, 40.87270162870179 ], [ -73.80031632309398, 40.872687107351389 ], [ -73.800318617086063, 40.872672590842463 ], [ -73.800323166583553, 40.872656370096166 ], [ -73.800333336141222, 40.872642720043821 ], [ -73.800350244230444, 40.872632500792392 ], [ -73.800366013448354, 40.872627403415088 ], [ -73.800381781451776, 40.872622306033527 ], [ -73.800400939910361, 40.872612087994519 ], [ -73.800420096890804, 40.87260272728372 ], [ -73.800439268155401, 40.872588239066864 ], [ -73.800448304183973, 40.872577152606247 ], [ -73.80045621065193, 40.872566915082068 ], [ -73.800463000221214, 40.872554115498247 ], [ -73.800469789792118, 40.872541315079005 ], [ -73.80047545221251, 40.872529368118755 ], [ -73.80047999006041, 40.872517416535629 ], [ -73.800484528144963, 40.872504614059217 ], [ -73.80048906477748, 40.872492662472268 ], [ -73.800495876056146, 40.87247302909266 ], [ -73.800500425493965, 40.872456809258857 ], [ -73.800502724564396, 40.872440584527013 ], [ -73.800500522901672, 40.872424352089631 ], [ -73.800496068308476, 40.87240897024494 ], [ -73.800487104087367, 40.872396141642433 ], [ -73.800478135833515, 40.872385024856214 ], [ -73.800469172833914, 40.872372195332943 ], [ -73.800462471667572, 40.872355954188627 ], [ -73.80045801195736, 40.872342281482318 ], [ -73.8004535587352, 40.87232604422671 ], [ -73.800451351955189, 40.872311521765674 ], [ -73.800452544400699, 40.872289317783938 ], [ -73.80045597318356, 40.872271385858944 ], [ -73.800460503327116, 40.872261996227749 ], [ -73.800472910470546, 40.8722517682477 ], [ -73.800483088967709, 40.872234704418133 ], [ -73.800493274051931, 40.872215076960039 ], [ -73.800497808098413, 40.872203979942803 ], [ -73.800503460234594, 40.872195448582836 ], [ -73.800509117493149, 40.872185209838861 ], [ -73.80051702902847, 40.872173265011156 ], [ -73.800529443944299, 40.872160475157052 ], [ -73.800538478695927, 40.872149385923585 ], [ -73.800546391428256, 40.872137442936001 ], [ -73.800553169336794, 40.872128913437344 ], [ -73.800562215539401, 40.872114408686691 ], [ -73.80056787413622, 40.872103314531898 ], [ -73.800572417194672, 40.872088802828308 ], [ -73.800571338745854, 40.872073426909296 ], [ -73.800565736528341, 40.872065729731695 ], [ -73.800557902033262, 40.872051195695455 ], [ -73.800555696462425, 40.872036669639982 ], [ -73.800554605199622, 40.872025565648912 ], [ -73.800556893998746, 40.872012755595868 ], [ -73.800558053223952, 40.87200080268174 ], [ -73.800562602482856, 40.871985434656175 ], [ -73.800570520454187, 40.871970928790468 ], [ -73.800577311162414, 40.871958126524184 ], [ -73.800586344767098, 40.871947039962393 ], [ -73.800596500133096, 40.871937662732698 ], [ -73.800606663187097, 40.871925720871133 ], [ -73.800617958484324, 40.871911220842996 ], [ -73.800627003428332, 40.871896717004667 ], [ -73.800634930383438, 40.871879648347047 ], [ -73.800641726187308, 40.871865139698095 ], [ -73.800649656801809, 40.871847215634233 ], [ -73.800655331935715, 40.871830998575341 ], [ -73.800659878736383, 40.871815630541271 ], [ -73.800663306226568, 40.871797698691545 ], [ -73.800665605095034, 40.871782329448223 ], [ -73.800671280364128, 40.871765255136978 ], [ -73.800680341851844, 40.871745627474667 ], [ -73.800690526805909, 40.871725998993568 ], [ -73.800701839975673, 40.871705520731886 ], [ -73.800708622944143, 40.871695282083181 ], [ -73.800715405910267, 40.8716850435178 ], [ -73.800722183887359, 40.871675660438662 ], [ -73.800728961973945, 40.871666276437935 ], [ -73.800737999046731, 40.871655188029635 ], [ -73.800745902794446, 40.871645805974694 ], [ -73.800759459940721, 40.871627039729319 ], [ -73.800768523952797, 40.871606554812338 ], [ -73.800773086169968, 40.871586065713203 ], [ -73.80077426047346, 40.871569838193601 ], [ -73.800772053653731, 40.871555313979023 ], [ -73.800770973956631, 40.87153993705445 ], [ -73.80077215604976, 40.871521147665298 ], [ -73.800782331800008, 40.871504937455128 ], [ -73.800795845511885, 40.871500688854795 ], [ -73.800826210396508, 40.871505867842863 ], [ -73.800844204061534, 40.871509314462536 ], [ -73.800857702309543, 40.871510190596588 ], [ -73.800871218430999, 40.871505945589433 ], [ -73.800888125909509, 40.871496579074119 ], [ -73.800899407073672, 40.871486348266167 ], [ -73.80090505910006, 40.871477815965314 ], [ -73.80091184712613, 40.871465870925419 ], [ -73.800920894502909, 40.87145051249334 ], [ -73.800928808543745, 40.871437713902786 ], [ -73.800934468231119, 40.871426620650809 ], [ -73.800940119035872, 40.871418088344726 ], [ -73.800964907155745, 40.8714070262767 ], [ -73.800975038269485, 40.871405335538711 ], [ -73.800998667364183, 40.87140537632721 ], [ -73.801022299121897, 40.871404564297912 ], [ -73.801040306890954, 40.871402887146886 ], [ -73.801057192661176, 40.871400352646695 ], [ -73.801075202854051, 40.871398675495698 ], [ -73.801093204407195, 40.871398706554771 ], [ -73.801111195733554, 40.871402155806628 ], [ -73.801129185489486, 40.871407309767996 ], [ -73.801146055919759, 40.871409902590734 ], [ -73.801160672366606, 40.871413343337316 ], [ -73.801171924030356, 40.871413362742437 ], [ -73.801185440006975, 40.871409115940502 ], [ -73.801207981752825, 40.871396343475055 ], [ -73.801221504179395, 40.87138953295694 ], [ -73.80123502781079, 40.871382723359396 ], [ -73.801256433556432, 40.871373363625118 ], [ -73.80126884027986, 40.871363991052853 ], [ -73.801274497480094, 40.871352897779843 ], [ -73.801280164766325, 40.871339240800808 ], [ -73.801289203047645, 40.871327296940756 ], [ -73.801304996198411, 40.871313659170418 ], [ -73.801320780589506, 40.871302581508125 ], [ -73.801336560961332, 40.871293215661012 ], [ -73.8013534658796, 40.871284702728147 ], [ -73.801366981950594, 40.87127960041105 ], [ -73.801380487684327, 40.87127876910413 ], [ -73.801400743299141, 40.871277949424588 ], [ -73.80142551086854, 40.871273723732493 ], [ -73.801449152783675, 40.871269493420058 ], [ -73.801473917802767, 40.871266119610659 ], [ -73.801493056400219, 40.871262734352044 ], [ -73.801505442903277, 40.871259340058039 ], [ -73.801518965271526, 40.871252529504893 ], [ -73.80153587392806, 40.871242310164014 ], [ -73.80155278124964, 40.871232941710723 ], [ -73.801566303832374, 40.871225280174947 ], [ -73.801584342014209, 40.871214205435606 ], [ -73.801599020827894, 40.871197149333874 ], [ -73.801603553405812, 40.871186053105319 ], [ -73.801614864870714, 40.871166426562176 ], [ -73.801625022520795, 40.871156194671016 ], [ -73.801636301066125, 40.871146821037833 ], [ -73.801647578172577, 40.871138298377225 ], [ -73.801661103049611, 40.871130633237669 ], [ -73.801675753686723, 40.871122971873277 ], [ -73.801689277329672, 40.871116162138556 ], [ -73.801702799647217, 40.871109352485057 ], [ -73.80172758497622, 40.871099144822082 ], [ -73.801750110015703, 40.871091496990232 ], [ -73.801770389591724, 40.871082990635387 ], [ -73.801789548607786, 40.871072771528603 ], [ -73.801808725320697, 40.871056577623037 ], [ -73.801817753511841, 40.871047197425703 ], [ -73.801834681107522, 40.871030997809356 ], [ -73.801848219877613, 40.871019064400883 ], [ -73.801859500815709, 40.871008832578063 ], [ -73.801868528757453, 40.871000307787838 ], [ -73.801878691436897, 40.870988366732206 ], [ -73.801883229154924, 40.870975562357039 ], [ -73.801884417342336, 40.870954211920008 ], [ -73.801887829059993, 40.870942260182296 ], [ -73.801897981546276, 40.870933735481984 ], [ -73.801906984086187, 40.870933323286884 ], [ -73.80192608322244, 40.870943178645774 ], [ -73.801943504395169, 40.870949614663118 ], [ -73.801951954838657, 40.870945784975234 ], [ -73.801956474609369, 40.870938961582915 ], [ -73.801959899037016, 40.870922738833812 ], [ -73.801957679261349, 40.870912483809256 ], [ -73.801953200195783, 40.87090564412221 ], [ -73.801941976615296, 40.870896228203918 ], [ -73.801929623515008, 40.870887664919231 ], [ -73.801913899190836, 40.870878244862133 ], [ -73.801903809074787, 40.870865843015693 ], [ -73.801912847236764, 40.870853473198288 ], [ -73.801924130555435, 40.870843243213123 ], [ -73.801936542411227, 40.870831306017656 ], [ -73.801948956694702, 40.870818516007411 ], [ -73.801959105274349, 40.870811700526609 ], [ -73.801973752164969, 40.870804891851499 ], [ -73.80198838742966, 40.870802355105795 ], [ -73.802001876583049, 40.870806648384175 ], [ -73.802015361860967, 40.870812649883554 ], [ -73.802031088718223, 40.8708212189525 ], [ -73.802045690919186, 40.870829786089523 ], [ -73.802063680710376, 40.870834086251989 ], [ -73.802078307248891, 40.870834111363081 ], [ -73.802085077195301, 40.870828145481191 ], [ -73.802091868824462, 40.870814489471393 ], [ -73.802091896793584, 40.870805094723224 ], [ -73.802086313633382, 40.870790565572513 ], [ -73.802079599515395, 40.870778595526744 ], [ -73.802076260376111, 40.870765777620775 ], [ -73.802077410238809, 40.870758092106428 ], [ -73.802090937527836, 40.87074957410136 ], [ -73.802103323801347, 40.870746177986277 ], [ -73.802111195405189, 40.870747900647224 ], [ -73.802121327604127, 40.870746208889088 ], [ -73.802133726580792, 40.870738543601455 ], [ -73.802143886629111, 40.870727457092833 ], [ -73.80214505051957, 40.870714647752997 ], [ -73.802143960348872, 40.870702688282435 ], [ -73.802140622415791, 40.870689869458857 ], [ -73.802139523292453, 40.870681325510027 ], [ -73.802136182807018, 40.870669364853725 ], [ -73.80213060970776, 40.87065227116365 ], [ -73.802123888087209, 40.870642009251526 ], [ -73.802110420631436, 40.870630028535935 ], [ -73.802095822109024, 40.870620607759093 ], [ -73.802081218730279, 40.870612042383691 ], [ -73.802063242820992, 40.870603470379905 ], [ -73.802045268360402, 40.870594042880384 ], [ -73.802037415913887, 40.870585487334452 ], [ -73.80203070314586, 40.870572666310181 ], [ -73.802023994036816, 40.870558988039967 ], [ -73.802024032195419, 40.870546175011405 ], [ -73.802029123221232, 40.870536362045712 ], [ -73.802035507348251, 40.870534342860275 ], [ -73.802046581114467, 40.870530840509844 ], [ -73.802072461648791, 40.870530028612976 ], [ -73.802097204686405, 40.870534342958415 ], [ -73.802111256230233, 40.87053821128211 ], [ -73.802123222325761, 40.870534343025895 ], [ -73.802130968174751, 40.870531839028459 ], [ -73.802138862754163, 40.870525019663013 ], [ -73.802140013929971, 40.870516481332331 ], [ -73.80212767988597, 40.870501938840178 ], [ -73.802109728212002, 40.870484825742309 ], [ -73.802103001523648, 40.870476272968006 ], [ -73.802096284891348, 40.870465156572166 ], [ -73.802092957149341, 40.8704489222281 ], [ -73.802088517574106, 40.8704284167002 ], [ -73.802082952254722, 40.870407906561674 ], [ -73.802081869726038, 40.87039338513587 ], [ -73.802086409675283, 40.870380581675356 ], [ -73.802095429878335, 40.870374617899039 ], [ -73.802114566970232, 40.87037123429235 ], [ -73.802134819755906, 40.870371269053443 ], [ -73.802155072431248, 40.870371303810792 ], [ -73.802176439479041, 40.870375609668109 ], [ -73.802194431687866, 40.870379058837315 ], [ -73.802214679393614, 40.870380801803719 ], [ -73.802236056614319, 40.870380838476088 ], [ -73.802256315696312, 40.870379164998617 ], [ -73.80227432691747, 40.870376631246842 ], [ -73.802292333103324, 40.870375382565634 ], [ -73.802305885629721, 40.870358750262987 ], [ -73.802314913655934, 40.870349370026837 ], [ -73.802326210853593, 40.870334015339964 ], [ -73.80234427792935, 40.87031269107402 ], [ -73.802354431688826, 40.870303315524964 ], [ -73.802365712311015, 40.870293938225146 ], [ -73.802380366548832, 40.870284568464839 ], [ -73.802396145212228, 40.870276053446332 ], [ -73.802409664856782, 40.870270098278802 ], [ -73.802423183068939, 40.870264994919793 ], [ -73.802436693765642, 40.870261603457294 ], [ -73.802461452181433, 40.87025993765274 ], [ -73.802486206622291, 40.870259980065462 ], [ -73.802499152569112, 40.870257866268354 ], [ -73.802496386954928, 40.870242058804692 ], [ -73.80249418984053, 40.870224119015504 ], [ -73.802497626783961, 40.870203626996151 ], [ -73.802504413295551, 40.870191680101456 ], [ -73.802520208471051, 40.8701771858345 ], [ -73.80253486640909, 40.870166962405428 ], [ -73.802547266446524, 40.870159296154569 ], [ -73.802559651480621, 40.870155900908266 ], [ -73.802572032432522, 40.870155067537077 ], [ -73.802595658654781, 40.870155962568397 ], [ -73.802609160395349, 40.870155985686424 ], [ -73.802623815782951, 40.870146615060733 ], [ -73.802636247666598, 40.870127845744406 ], [ -73.802647556108809, 40.87010907450356 ], [ -73.802655478362368, 40.870093714006558 ], [ -73.802665654759593, 40.870076649055456 ], [ -73.802674702761351, 40.870061288642496 ], [ -73.802678096655768, 40.870054461537606 ], [ -73.802679259112196, 40.87004250500496 ], [ -73.802683805317429, 40.870027138643714 ], [ -73.802686096161295, 40.870013477655498 ], [ -73.802688397151968, 40.869996398301765 ], [ -73.802689568753721, 40.869980171674165 ], [ -73.802691881087284, 40.869959677723465 ], [ -73.802693038583584, 40.869948574837352 ], [ -73.802693071542876, 40.869937470026628 ], [ -73.802694232777327, 40.869925515249179 ], [ -73.802695397871773, 40.869911851412525 ], [ -73.80269543843697, 40.869898183811102 ], [ -73.80269772795441, 40.869885376390386 ], [ -73.802700013726138, 40.869873421780923 ], [ -73.802702302027839, 40.869860614440441 ], [ -73.802706841936356, 40.869846955376453 ], [ -73.8027102585189, 40.869833295392461 ], [ -73.802714794566228, 40.869821344633486 ], [ -73.802719333142747, 40.869808541060848 ], [ -73.802723868080619, 40.869796591219647 ], [ -73.802726161226715, 40.86978292922889 ], [ -73.802727326317566, 40.869769263551404 ], [ -73.802729617148046, 40.869755601641629 ], [ -73.802728535699757, 40.869741081142273 ], [ -73.802728578788489, 40.869726560810768 ], [ -73.80272749359915, 40.869712892202671 ], [ -73.802725278809433, 40.869700930727419 ], [ -73.802723066551806, 40.869688115686117 ], [ -73.802718604029252, 40.869675294952593 ], [ -73.8027152634929, 40.869663333392126 ], [ -73.802710800977238, 40.869650510818104 ], [ -73.802705217668318, 40.869636836268256 ], [ -73.802699625658249, 40.869624869096477 ], [ -73.802692910331089, 40.869612900001869 ], [ -73.802687313037808, 40.869603493782705 ], [ -73.802679485974963, 40.869586398014647 ], [ -73.802673904004919, 40.869571868054912 ], [ -73.802671684159762, 40.869561613961643 ], [ -73.802675098195792, 40.869548809385442 ], [ -73.802679630486935, 40.869537711354845 ], [ -73.80268081067355, 40.86951977826881 ], [ -73.802681992412047, 40.869500134277985 ], [ -73.802680929827417, 40.869479634549364 ], [ -73.802679863728429, 40.869459131216807 ], [ -73.802681023626917, 40.869448032851842 ], [ -73.802681056587957, 40.869436928040123 ], [ -73.802683337277017, 40.869426681649671 ], [ -73.802686764203386, 40.869408751487192 ], [ -73.802685681348706, 40.869395081041738 ], [ -73.80267447191342, 40.869380542371225 ], [ -73.802662118882481, 40.869372835493053 ], [ -73.80264300360561, 40.86936853173917 ], [ -73.802616019527335, 40.869361650786026 ], [ -73.802605904088324, 40.869358218848816 ], [ -73.802598047848278, 40.869351373317258 ], [ -73.802600328548948, 40.869341126928319 ], [ -73.802614959615468, 40.869340295649003 ], [ -73.80262618689099, 40.869348002361328 ], [ -73.8026481222916, 40.869349749063197 ], [ -73.802658858301513, 40.869333539641474 ], [ -73.802665635654606, 40.869325010098017 ], [ -73.802680289641799, 40.86931563854025 ], [ -73.802678078615187, 40.869302824335591 ], [ -73.802673605984495, 40.869293420041444 ], [ -73.802668020291634, 40.86927974464848 ], [ -73.802664672182317, 40.869270344035115 ], [ -73.802655710499053, 40.869256662862739 ], [ -73.802650137384632, 40.869239569192089 ], [ -73.802646819709565, 40.869219918335922 ], [ -73.802647980939796, 40.869207963557407 ], [ -73.802650266701392, 40.869196008111174 ], [ -73.80265367311867, 40.869185764484229 ], [ -73.802662734996701, 40.869165281248598 ], [ -73.802668395526155, 40.869153333251155 ], [ -73.802674059804659, 40.869140529847982 ], [ -73.802680844850187, 40.869128584694721 ], [ -73.802686507802491, 40.869116634944085 ], [ -73.802692164682512, 40.869105542517211 ], [ -73.802697826413592, 40.869093594520301 ], [ -73.802703483075433, 40.869083353906504 ], [ -73.802706888161509, 40.869073963094714 ], [ -73.802715939973254, 40.869056044396388 ], [ -73.802720474647998, 40.869044946367367 ], [ -73.8027250106325, 40.869032997446389 ], [ -73.802734067399086, 40.869014222340603 ], [ -73.80273973561745, 40.868999711632263 ], [ -73.802745410001137, 40.868983493542025 ], [ -73.802751078105786, 40.868968982832854 ], [ -73.802756741031871, 40.868957033078438 ], [ -73.802763532322231, 40.868943379700859 ], [ -73.802771458270485, 40.868926310050675 ], [ -73.802777122507322, 40.868913507478211 ], [ -73.802787294839604, 40.868898149898307 ], [ -73.80279859179187, 40.868882795161255 ], [ -73.802816643115932, 40.86886659731789 ], [ -73.802854973397913, 40.868841040271214 ], [ -73.802871882453189, 40.86883081889188 ], [ -73.802892165271444, 40.868819748701469 ], [ -73.802910197612235, 40.868809531077154 ], [ -73.802928224781709, 40.868801874320077 ], [ -73.802941740339108, 40.868796771814978 ], [ -73.80296651955274, 40.868788272102549 ], [ -73.802990173138582, 40.868779771381291 ], [ -73.803013812742151, 40.868775541663943 ], [ -73.803041946556263, 40.868773883260367 ], [ -73.803055446699346, 40.868774759978081 ], [ -73.803081320152955, 40.868776512487855 ], [ -73.803103813684203, 40.868779965525178 ], [ -73.803128546237716, 40.868786840680201 ], [ -73.803153266039104, 40.868797986923155 ], [ -73.803160303646763, 40.868802013223977 ], [ -73.803166744850586, 40.868805698265746 ], [ -73.803182472485616, 40.868814266346355 ], [ -73.803198186271899, 40.868827104429911 ], [ -73.803212778066623, 40.868839089703407 ], [ -73.803226246786068, 40.868850215722311 ], [ -73.803236343164912, 40.868860481492085 ], [ -73.803244188084875, 40.868870744256007 ], [ -73.80325315994709, 40.868881009946492 ], [ -73.803261003562241, 40.868892125439835 ], [ -73.803271097631196, 40.868902393880276 ], [ -73.803285684408806, 40.86891608468779 ], [ -73.80330252539035, 40.868928071946101 ], [ -73.803318250543754, 40.868937494495505 ], [ -73.803329492896609, 40.868940929211817 ], [ -73.803354231685262, 40.868946097020377 ], [ -73.803371103009852, 40.868947832269278 ], [ -73.803396989057347, 40.868945314533427 ], [ -73.803417279295957, 40.868932536872833 ], [ -73.803436454997467, 40.868916341853954 ], [ -73.803445483767476, 40.86890696236371 ], [ -73.803454513749415, 40.8688975820398 ], [ -73.803471435558876, 40.86888223674287 ], [ -73.803488362302147, 40.868865182385733 ], [ -73.803505291570119, 40.868848128951754 ], [ -73.803516574308802, 40.868837896966909 ], [ -73.803526723838118, 40.868829373035865 ], [ -73.803536879523378, 40.868819995542637 ], [ -73.803553786147873, 40.868809775815734 ], [ -73.803575179224865, 40.868804685823328 ], [ -73.803596564717765, 40.868802161212116 ], [ -73.803616818238183, 40.868802195715048 ], [ -73.803634810103816, 40.868805641982817 ], [ -73.803650548095234, 40.868809940658565 ], [ -73.803664038163447, 40.868814233829937 ], [ -73.803679773433075, 40.868820238967828 ], [ -73.803698874799508, 40.868828811719254 ], [ -73.803714597461422, 40.868839089704899 ], [ -73.803732561603937, 40.868851930710633 ], [ -73.803756149556591, 40.868865638538871 ], [ -73.803768497573373, 40.868875054441858 ], [ -73.803778601598211, 40.868882759966986 ], [ -73.803787578795976, 40.868890461900754 ], [ -73.803802159326068, 40.86890671535118 ], [ -73.803815611709226, 40.868922966963673 ], [ -73.803829075297742, 40.868936655707145 ], [ -73.803848156550345, 40.868952063155859 ], [ -73.803856012871933, 40.868958908602799 ], [ -73.803871740626846, 40.868967478345638 ], [ -73.80388970746499, 40.868979465593192 ], [ -73.803907679236019, 40.868989744701629 ], [ -73.803923410838379, 40.868996604375333 ], [ -73.803942524874756, 40.869000908835432 ], [ -73.803962769484642, 40.869004359720527 ], [ -73.803971788118915, 40.868998395793923 ], [ -73.803984201776146, 40.868985606480564 ], [ -73.803996617751196, 40.868972813571951 ], [ -73.804009039050598, 40.868956606054311 ], [ -73.804016959436581, 40.868942099948619 ], [ -73.804023740509592, 40.868931862103004 ], [ -73.804029408329086, 40.868917351330836 ], [ -73.804037336464077, 40.86889942785858 ], [ -73.804044155092612, 40.868877231551096 ], [ -73.804047575172177, 40.86886186321933 ], [ -73.804047630556269, 40.868843073630245 ], [ -73.804044306149905, 40.868825984769678 ], [ -73.804042108775931, 40.868808044085426 ], [ -73.80404102705883, 40.868793522759546 ], [ -73.804042184310504, 40.868782418937442 ], [ -73.804050094800843, 40.868770475616287 ], [ -73.804068133201341, 40.868758548671643 ], [ -73.804091787944813, 40.868749192231057 ], [ -73.804105305710436, 40.868744091434984 ], [ -73.80412557188906, 40.868739001099641 ], [ -73.804154851320149, 40.868731363352531 ], [ -73.80417624452258, 40.868725420431012 ], [ -73.804212292367794, 40.868710960329402 ], [ -73.804222430529975, 40.868706708354225 ], [ -73.80424044876699, 40.868701612424793 ], [ -73.804251702479348, 40.868700779635937 ], [ -73.804268562401148, 40.868706786686992 ], [ -73.804280914183735, 40.868715349723864 ], [ -73.804289881253624, 40.868726467054692 ], [ -73.804307861773182, 40.868734184232125 ], [ -73.804335962859398, 40.868743627650268 ], [ -73.804357320655427, 40.868750497734034 ], [ -73.804377557865834, 40.868755657682598 ], [ -73.804395550973254, 40.868759102831319 ], [ -73.804409047509836, 40.868760835798945 ], [ -73.80443717363967, 40.868761737169827 ], [ -73.804451804750599, 40.868760052838617 ], [ -73.804461951547395, 40.868753237132971 ], [ -73.804466473339602, 40.868746412807376 ], [ -73.804469885783931, 40.868733605496267 ], [ -73.804471042955058, 40.868722504346181 ], [ -73.804473330883084, 40.868709695128985 ], [ -73.804484603396062, 40.868702881330563 ], [ -73.804496987855231, 40.868700342206949 ], [ -73.804512151069574, 40.868708908229053 ], [ -73.804525053795459, 40.868721743205228 ], [ -73.804538525113017, 40.868732014501049 ], [ -73.804549747599395, 40.868741428410907 ], [ -73.80455309704783, 40.868750829809997 ], [ -73.804549689839689, 40.868761074327018 ], [ -73.804539516527285, 40.868777285715872 ], [ -73.804530460305585, 40.868796060042932 ], [ -73.804525900838215, 40.868815698410963 ], [ -73.804527006477613, 40.868822532280689 ], [ -73.804531476826128, 40.868832791075164 ], [ -73.804542698025486, 40.868843060395214 ], [ -73.804560683633298, 40.868849067471757 ], [ -73.804582051528484, 40.868852521910284 ], [ -73.804607925057994, 40.86885427223762 ], [ -73.804633803493431, 40.868854316095415 ], [ -73.804656303555177, 40.868855207877139 ], [ -73.804673174687338, 40.868857800187349 ], [ -73.804700148936831, 40.868867241605912 ], [ -73.804713631558755, 40.868874096525694 ], [ -73.804729363212488, 40.868880957009779 ], [ -73.804745096283156, 40.868886961078381 ], [ -73.804758581410482, 40.8688929658557 ], [ -73.804768699313598, 40.868896397692382 ], [ -73.804788928969927, 40.868904118519566 ], [ -73.804814793780594, 40.86890843426611 ], [ -73.804826045019695, 40.868908453314802 ], [ -73.804838427115286, 40.868906766048404 ], [ -73.804850821635782, 40.868900807768057 ], [ -73.80486209042914, 40.868894846660794 ], [ -73.804873340369653, 40.868895720278232 ], [ -73.804896951137081, 40.868901739499577 ], [ -73.804912677803344, 40.868910308179828 ], [ -73.804922780757352, 40.868918011928777 ], [ -73.804930630877763, 40.868927420012156 ], [ -73.804927203668569, 40.868944497423577 ], [ -73.804922662958248, 40.868958155654951 ], [ -73.804918123565955, 40.868971814725953 ], [ -73.804911328992901, 40.868986323634616 ], [ -73.804907920424128, 40.868997421898634 ], [ -73.804910128062545, 40.869011946039706 ], [ -73.804916842429748, 40.86902477050004 ], [ -73.80493255048907, 40.86903931573007 ], [ -73.804942653384529, 40.86904787304865 ], [ -73.804956121103601, 40.869059001623278 ], [ -73.804972967250137, 40.869070132315137 ], [ -73.804992061333792, 40.869081269483445 ], [ -73.805010039522784, 40.869089841037244 ], [ -73.805025770161635, 40.869096699722405 ], [ -73.805040383605458, 40.869101849122778 ], [ -73.805053873815794, 40.869106143887841 ], [ -73.805066242093773, 40.869108728442143 ], [ -73.805088735950633, 40.869112181176369 ], [ -73.805088895384614, 40.869112191986801 ], [ -73.805114608264347, 40.869113934064231 ], [ -73.80514048941545, 40.869113124158709 ], [ -73.805168618316429, 40.869113171700242 ], [ -73.805184370100179, 40.869113198319845 ], [ -73.805197877852876, 40.869111511075658 ], [ -73.805220389305745, 40.869108133575729 ], [ -73.805240672838877, 40.869097918386551 ], [ -73.805263219128207, 40.869083436067562 ], [ -73.805276744568062, 40.869074917769524 ], [ -73.805288022066605, 40.869066394753098 ], [ -73.805303808862149, 40.869054462891818 ], [ -73.805317344212241, 40.869043384479603 ], [ -73.80533202027209, 40.869026325968569 ], [ -73.805336627817681, 40.869020525987764 ], [ -73.805345573016908, 40.869009265644017 ], [ -73.805353484512821, 40.868997321398382 ], [ -73.805360264174851, 40.868987082468401 ], [ -73.805367051151208, 40.868975135403126 ], [ -73.805374965137659, 40.868962338343628 ], [ -73.805383999928992, 40.868950395993494 ], [ -73.805390778183025, 40.868941011717254 ], [ -73.805403215167104, 40.86892053212275 ], [ -73.805406622357083, 40.86891028933605 ], [ -73.805407770776711, 40.868901749209904 ], [ -73.805403325174396, 40.868882951103267 ], [ -73.805386502726762, 40.868864131267067 ], [ -73.805375277714816, 40.86885557025257 ], [ -73.805361797530225, 40.8688478609238 ], [ -73.80534269723266, 40.868838433790486 ], [ -73.805331456009554, 40.868834998352213 ], [ -73.805315725588073, 40.868827285218245 ], [ -73.805305630001726, 40.868817017874484 ], [ -73.805298916787351, 40.868804195195999 ], [ -73.805298936804675, 40.868797360472044 ], [ -73.80530236409723, 40.868779429396547 ], [ -73.805311417711721, 40.86876150773756 ], [ -73.805319315470186, 40.868753832664169 ], [ -73.805327203134809, 40.868750432285921 ], [ -73.805345217580324, 40.868746191672059 ], [ -73.805366600605097, 40.868744518625228 ], [ -73.805386855288248, 40.868743698245211 ], [ -73.805398102711223, 40.868745425461476 ], [ -73.805413837016829, 40.868751431281261 ], [ -73.805426188959643, 40.86875999327544 ], [ -73.805436286948179, 40.868769406120997 ], [ -73.805437381387122, 40.868780512836892 ], [ -73.805439582925331, 40.86879674426757 ], [ -73.805446301165262, 40.868807858717922 ], [ -73.805463136221491, 40.868822408454569 ], [ -73.80547997617748, 40.868835249048502 ], [ -73.805497953150848, 40.868843820524596 ], [ -73.805514807007683, 40.868851536532759 ], [ -73.805560894014576, 40.868866988333863 ], [ -73.805573624839326, 40.868869082284711 ], [ -73.805576637033028, 40.868869577689132 ], [ -73.805591257967578, 40.8688721624723 ], [ -73.805607003594957, 40.868873898172346 ], [ -73.805622752751546, 40.868875632957455 ], [ -73.805640749727658, 40.868877373286466 ], [ -73.805659873836191, 40.868878258344495 ], [ -73.805680122279071, 40.868880000705076 ], [ -73.805700365908194, 40.868882597629529 ], [ -73.805725107358512, 40.868886910358562 ], [ -73.805748724401639, 40.86889122118771 ], [ -73.80577121689214, 40.868894676379433 ], [ -73.805792582484571, 40.868898982570038 ], [ -73.805813945478846, 40.868904141402602 ], [ -73.80583530347819, 40.868911012132742 ], [ -73.805852162382905, 40.868917018867783 ], [ -73.805867904143469, 40.868920461919053 ], [ -73.805881395766093, 40.868923901931893 ], [ -73.805906129761823, 40.868930776577074 ], [ -73.80592747920231, 40.868940207318069 ], [ -73.805945441233817, 40.868954757960907 ], [ -73.805949920581128, 40.868961596659148 ], [ -73.805955485690106, 40.868982961188827 ], [ -73.805953178166362, 40.869001747906857 ], [ -73.805945249250755, 40.869020526918909 ], [ -73.805942980332105, 40.869026502361486 ], [ -73.80594968122611, 40.869043596013192 ], [ -73.805959779267113, 40.869053861463989 ], [ -73.805976618161253, 40.86906670290297 ], [ -73.805996836937638, 40.869077840039964 ], [ -73.806013693230042, 40.869085554975065 ], [ -73.806027178692744, 40.869090704193752 ], [ -73.806038411244174, 40.869097554250921 ], [ -73.806047384849961, 40.86910696506807 ], [ -73.806047352454073, 40.86911806896147 ], [ -73.806038319038734, 40.869129156791175 ], [ -73.806028166080196, 40.869138535510686 ], [ -73.806011263522748, 40.869147048213982 ], [ -73.805993239038088, 40.86915470629399 ], [ -73.805969573240475, 40.869167476885032 ], [ -73.80595040434433, 40.869181112292559 ], [ -73.805935738387888, 40.869194752515504 ], [ -73.805923335034876, 40.869204128275115 ], [ -73.80590644132117, 40.869209223683697 ], [ -73.805890687019115, 40.86921005173263 ], [ -73.805872674863693, 40.869213438697422 ], [ -73.805850143632057, 40.869222795637903 ], [ -73.805835500093352, 40.86922875023609 ], [ -73.805820851454754, 40.869236412133318 ], [ -73.805806196718223, 40.869245783251827 ], [ -73.80579267398538, 40.869252594308001 ], [ -73.805780276876959, 40.869259407175186 ], [ -73.805766755355847, 40.869266216472674 ], [ -73.805749851557735, 40.86927558371093 ], [ -73.805729566657405, 40.869286652641065 ], [ -73.805709285644056, 40.869296012340776 ], [ -73.805693505138137, 40.869305382382628 ], [ -73.805679973501029, 40.869315609032043 ], [ -73.805669794284228, 40.869333528736981 ], [ -73.805671995820759, 40.869350615657069 ], [ -73.805677572153371, 40.869367706507951 ], [ -73.805684276792192, 40.86938309278846 ], [ -73.805692105997267, 40.869399334701804 ], [ -73.805698803155579, 40.869417282016059 ], [ -73.805703241204881, 40.869439497390637 ], [ -73.805704329568442, 40.869451457746401 ], [ -73.805707640666995, 40.869473671305123 ], [ -73.805709853490129, 40.869486487209905 ], [ -73.805712066312381, 40.869499303115916 ], [ -73.805715409869137, 40.869510412781715 ], [ -73.805719875460454, 40.869522377908574 ], [ -73.805726595031132, 40.869533492259457 ], [ -73.805733310898916, 40.869545460341513 ], [ -73.805741146411947, 40.869559139458005 ], [ -73.805748988018181, 40.869571112029988 ], [ -73.80575907869283, 40.869583085796826 ], [ -73.805772546588685, 40.86959506792909 ], [ -73.805787140417124, 40.869606195626062 ], [ -73.805801736638486, 40.869616468665974 ], [ -73.805815214531037, 40.869625033433621 ], [ -73.805828687437625, 40.869635306419426 ], [ -73.805844419499593, 40.869642165829418 ], [ -73.805857907382659, 40.869647313314964 ], [ -73.805883766172883, 40.869654190694149 ], [ -73.805910750892096, 40.869660215387725 ], [ -73.805925369697377, 40.86966280096194 ], [ -73.805952344274999, 40.869673095740289 ], [ -73.805965827185048, 40.869679951432921 ], [ -73.805979307608425, 40.869687660690033 ], [ -73.805993903976969, 40.869697937387265 ], [ -73.80600737322554, 40.869709063079831 ], [ -73.806017462680899, 40.869721893153404 ], [ -73.806026429003865, 40.869733865004569 ], [ -73.806035392725576, 40.86974669226101 ], [ -73.806044353962577, 40.869760372330276 ], [ -73.806054442157105, 40.869774055132318 ], [ -73.806066780698075, 40.869786888985075 ], [ -73.806079125437122, 40.869798014617487 ], [ -73.806094851308018, 40.869807434109674 ], [ -73.806110578344672, 40.869816002624084 ], [ -73.806127437501104, 40.869822010238053 ], [ -73.806144297764675, 40.869828017013781 ], [ -73.806160033673734, 40.869833168160092 ], [ -73.806175768195288, 40.869839173874674 ], [ -73.806192627190214, 40.869846035132824 ], [ -73.806209481379327, 40.86985375187453 ], [ -73.806225214633955, 40.869860611235524 ], [ -73.806239820936398, 40.869867467863976 ], [ -73.80625442717286, 40.869875179900831 ], [ -73.806267905352911, 40.869882890040159 ], [ -73.806281390830307, 40.869888891040738 ], [ -73.806306102830433, 40.869903452130281 ], [ -73.806317325762421, 40.869912866702705 ], [ -73.806327428963527, 40.86992142574023 ], [ -73.806336406488228, 40.869929127474201 ], [ -73.806353239428901, 40.869944529807739 ], [ -73.806370067508553, 40.869961642200053 ], [ -73.806381276637751, 40.869976180592012 ], [ -73.806387990169725, 40.869989005882651 ], [ -73.806392450941956, 40.870002678282084 ], [ -73.806394791548087, 40.870013483481863 ], [ -73.806395782204532, 40.870018057097532 ], [ -73.806399104783551, 40.870036001378089 ], [ -73.806403566775671, 40.870049672944006 ], [ -73.806405784724106, 40.870060781534605 ], [ -73.806412499664034, 40.870072749574156 ], [ -73.80642372495339, 40.870082164139838 ], [ -73.806440576632355, 40.870090735418465 ], [ -73.806452939017092, 40.870095879018947 ], [ -73.80646980932751, 40.870098469222512 ], [ -73.806484421886964, 40.870103619358495 ], [ -73.806500147938777, 40.870112187817547 ], [ -73.806518128920644, 40.870120758302491 ], [ -73.806533851281785, 40.870130181326012 ], [ -73.806551835038888, 40.870137043498602 ], [ -73.806575443802345, 40.870143916944954 ], [ -73.806592315512319, 40.87014565264397 ], [ -73.806610321527501, 40.870144829196413 ], [ -73.806626077251721, 40.870144001886437 ], [ -73.806638450755742, 40.870144876379584 ], [ -73.80665421155993, 40.870142340846328 ], [ -73.806668832868013, 40.870144073594936 ], [ -73.806684569993251, 40.870149225591391 ], [ -73.806702556251267, 40.87015523417314 ], [ -73.806727277160959, 40.870166379565568 ], [ -73.806747508750917, 40.870174100970075 ], [ -73.806762130075242, 40.870175831951805 ], [ -73.80677057889433, 40.870172431412399 ], [ -73.806784675296299, 40.870161350172836 ], [ -73.806794822070458, 40.870154533343708 ], [ -73.80680835111275, 40.870145161219845 ], [ -73.806821872708639, 40.870138350880033 ], [ -73.806837648392957, 40.870130690745242 ], [ -73.806850035517996, 40.870127295042295 ], [ -73.806870303012246, 40.870122203390437 ], [ -73.806895078630873, 40.870114558325795 ], [ -73.806919283153036, 40.870110328671529 ], [ -73.80693221159207, 40.870113766779497 ], [ -73.806949065832342, 40.870121480736223 ], [ -73.80696030608614, 40.870125771510772 ], [ -73.806979423133114, 40.870129218135716 ], [ -73.806994046868937, 40.870130952688626 ], [ -73.807015420262275, 40.870132697617322 ], [ -73.80703792326652, 40.870132735284812 ], [ -73.807063798622011, 40.870133632247018 ], [ -73.807089686207775, 40.87013111276535 ], [ -73.807117827930398, 40.870126889741435 ], [ -73.807135837680534, 40.870124357068818 ], [ -73.807151595874842, 40.870122674280928 ], [ -73.807178608146657, 40.870119304764458 ], [ -73.807206752341401, 40.870114226227599 ], [ -73.807221393420036, 40.870109980600169 ], [ -73.807236029602763, 40.870106586776494 ], [ -73.807249537499885, 40.870104901133935 ], [ -73.807274299471629, 40.870101527915111 ], [ -73.807299064979929, 40.870098150096545 ], [ -73.807328327470458, 40.870095638964081 ], [ -73.80734520402558, 40.870095667168158 ], [ -73.807359832717339, 40.870095691613642 ], [ -73.807382336975962, 40.870094873720632 ], [ -73.807400334443642, 40.870096612018749 ], [ -73.807418340432875, 40.870095789365145 ], [ -73.807436351422112, 40.870092402993762 ], [ -73.807452120710494, 40.870087303726159 ], [ -73.807465639867331, 40.870081346124493 ], [ -73.807473525158514, 40.870077944593802 ], [ -73.807497188415056, 40.87006602466829 ], [ -73.807509585494586, 40.870059213375342 ], [ -73.807523109477856, 40.870051547547028 ], [ -73.807535508916757, 40.870043880758509 ], [ -73.807549035470473, 40.870035363033885 ], [ -73.80756255817991, 40.870028552694208 ], [ -73.80758171835538, 40.870017480729885 ], [ -73.807587004711067, 40.870013485392015 ], [ -73.807598632081593, 40.87000469762026 ], [ -73.807612180757275, 40.869988491600253 ], [ -73.807627990809138, 40.869968873731203 ], [ -73.807635895856791, 40.869958636630024 ], [ -73.807643803322691, 40.869948401289996 ], [ -73.807653957550087, 40.869938167104081 ], [ -73.807662989545662, 40.869927933637619 ], [ -73.80767429532311, 40.869909161064804 ], [ -73.807683362063628, 40.869886114560636 ], [ -73.807687899692709, 40.869873309034844 ], [ -73.807691308941315, 40.869862211613551 ], [ -73.80769470610214, 40.869854530711784 ], [ -73.807698119193446, 40.869841723309641 ], [ -73.807704904623151, 40.869829776107927 ], [ -73.807712794814236, 40.869824665419543 ], [ -73.807720125212612, 40.869818698385309 ], [ -73.807710571713258, 40.86981526599341 ], [ -73.807697070040135, 40.869815243472289 ], [ -73.807684684119891, 40.869818639268239 ], [ -73.807670041871972, 40.869823740448034 ], [ -73.807655389741882, 40.869832256309117 ], [ -73.807646362539444, 40.869841636964154 ], [ -73.80764409001398, 40.869849321581199 ], [ -73.807639545126577, 40.869863833564864 ], [ -73.807632743486494, 40.869881758156176 ], [ -73.80762143154459, 40.869902239026516 ], [ -73.807615775570667, 40.869912479880043 ], [ -73.807610123282885, 40.869921865244031 ], [ -73.807599951908117, 40.86993722324781 ], [ -73.807586411754727, 40.869950867481229 ], [ -73.807572889067927, 40.869957676905045 ], [ -73.807557119772412, 40.869963629843149 ], [ -73.807537976806088, 40.869968723491688 ], [ -73.807519963434828, 40.869972108118596 ], [ -73.80750194879414, 40.869976349070996 ], [ -73.807481686234709, 40.869979730772613 ], [ -73.807465926816974, 40.869982269097619 ], [ -73.807442284533181, 40.869986499721868 ], [ -73.807420895061114, 40.86999073594469 ], [ -73.8073995092237, 40.869993260260053 ], [ -73.807375878150879, 40.869994075353524 ], [ -73.807350001636152, 40.869993177539193 ], [ -73.807327501256395, 40.869992288123086 ], [ -73.807312873799475, 40.86999226367557 ], [ -73.80730161484513, 40.869994804899818 ], [ -73.807285844308637, 40.870000756961183 ], [ -73.80727119329724, 40.870009274532912 ], [ -73.807263950364245, 40.870013484932528 ], [ -73.807256540959727, 40.870017792099226 ], [ -73.807238515176678, 40.870025447609002 ], [ -73.807210357376263, 40.87003564997849 ], [ -73.807193462280011, 40.870041601904305 ], [ -73.807178821207827, 40.870045849285901 ], [ -73.807168689196402, 40.870048394304668 ], [ -73.807150680737834, 40.870050071489189 ], [ -73.807134925042661, 40.870050898787042 ], [ -73.807119173035929, 40.870050872433673 ], [ -73.807098928988566, 40.870048277598684 ], [ -73.807082061149003, 40.870044831995834 ], [ -73.807069691295411, 40.870042248492034 ], [ -73.807055083662036, 40.870035390210404 ], [ -73.807039352699348, 40.87002853272449 ], [ -73.807023621688685, 40.870020819824674 ], [ -73.807017612398795, 40.870013484518971 ], [ -73.807012409934217, 40.870007134223641 ], [ -73.806996716244598, 40.86998660736851 ], [ -73.806988869399888, 40.869976344859545 ], [ -73.80697989184506, 40.869967790442558 ], [ -73.806960809580431, 40.869952381674125 ], [ -73.806940601675521, 40.869936974697751 ], [ -73.806930505662848, 40.869926709254422 ], [ -73.806921543016827, 40.869913026574572 ], [ -73.806913706113122, 40.869899348457224 ], [ -73.806905869161298, 40.8698865231556 ], [ -73.80689804594293, 40.869867718616923 ], [ -73.806890228905147, 40.869847205776196 ], [ -73.806887995996206, 40.86984122185499 ], [ -73.806877885115838, 40.869836082072567 ], [ -73.806854267770007, 40.869831772311642 ], [ -73.806834033734702, 40.869825758312899 ], [ -73.80681491447001, 40.869822310656005 ], [ -73.806799171177715, 40.869819721470023 ], [ -73.806781185004198, 40.869813712065394 ], [ -73.806762090518106, 40.869802576114701 ], [ -73.806750852807241, 40.869797434348548 ], [ -73.806740751884163, 40.869788875353073 ], [ -73.806731785541558, 40.869776900879948 ], [ -73.806720570190507, 40.869764070822974 ], [ -73.806717233840985, 40.869751253891152 ], [ -73.806719530088301, 40.869735029108895 ], [ -73.80672294959767, 40.86971965986244 ], [ -73.806727486296268, 40.869706855209834 ], [ -73.80672978357984, 40.869691485923134 ], [ -73.806729820830967, 40.869678672890792 ], [ -73.806724231787982, 40.869665851260997 ], [ -73.806716394958173, 40.869652172293364 ], [ -73.80670968138736, 40.869639349697479 ], [ -73.806700732455482, 40.869621396911086 ], [ -73.806691775961724, 40.869606007751081 ], [ -73.806680575548114, 40.869588053029126 ], [ -73.806671629116224, 40.869569245670355 ], [ -73.806663799760429, 40.869553003822766 ], [ -73.806659331509366, 40.869541894140028 ], [ -73.806653743707656, 40.869529071672218 ], [ -73.806651531801847, 40.869516256707513 ], [ -73.806650440951387, 40.86950429635688 ], [ -73.806650475729768, 40.869492338729088 ], [ -73.806653900208161, 40.869475262185553 ], [ -73.806659584884343, 40.869454773811057 ], [ -73.806658511255819, 40.869437687882041 ], [ -73.806655186205802, 40.869419745359338 ], [ -73.806651854745581, 40.869405220288549 ], [ -73.806656400099328, 40.869389853768965 ], [ -73.806662066173871, 40.869375341946466 ], [ -73.806669989897642, 40.869359126600273 ], [ -73.806676801517597, 40.869338637354204 ], [ -73.806682486172377, 40.869318149898149 ], [ -73.806688175743105, 40.869296804278022 ], [ -73.806690463427927, 40.869283142283059 ], [ -73.806691636351502, 40.869266916452702 ], [ -73.806691678571852, 40.869252396954558 ], [ -73.806690592574455, 40.869238729303696 ], [ -73.806690627350605, 40.869226769918953 ], [ -73.806689532520949, 40.869216518711049 ], [ -73.806688466333071, 40.869196872668105 ], [ -73.806688513523824, 40.869180644112213 ], [ -73.806687413901926, 40.869171245630191 ], [ -73.806685200895714, 40.869158431498441 ], [ -73.806685248087476, 40.869142202859997 ], [ -73.806681914321842, 40.869127676864103 ], [ -73.806674091199383, 40.869109725961721 ], [ -73.806665138646977, 40.869092628576475 ], [ -73.806657306806301, 40.869078095036159 ], [ -73.806650597061108, 40.869063564213526 ], [ -73.806645022989173, 40.869045618922435 ], [ -73.806639458862932, 40.86902425526452 ], [ -73.806634990546243, 40.869013143821917 ], [ -73.806629399036865, 40.869002029575064 ], [ -73.80661595346146, 40.868982362765387 ], [ -73.806601354829482, 40.868972089821909 ], [ -73.806592367358562, 40.868967802791971 ], [ -73.806576625546597, 40.868964360759634 ], [ -73.806560882531784, 40.868960916130405 ], [ -73.806545150559799, 40.868954055895877 ], [ -73.806529419968626, 40.868946343763774 ], [ -73.806512573534746, 40.868936066117882 ], [ -73.806494603752569, 40.868924932844742 ], [ -73.80647775363758, 40.868915507083969 ], [ -73.806462042785952, 40.868901815715176 ], [ -73.806457559867695, 40.868894975273115 ], [ -73.806457594682897, 40.868883016809065 ], [ -73.806464404927979, 40.868863383985833 ], [ -73.806470064861244, 40.868851434963659 ], [ -73.80647684792045, 40.868840343238361 ], [ -73.806483630978846, 40.868829251597766 ], [ -73.806490411551096, 40.868819012685329 ], [ -73.80649831785091, 40.868808775661989 ], [ -73.806506221830475, 40.868798539470539 ], [ -73.806516382065112, 40.868787452574836 ], [ -73.806526532416527, 40.868778927545478 ], [ -73.806541189432565, 40.868768702768435 ], [ -73.80655245677309, 40.868763596905609 ], [ -73.806578384987588, 40.868746558120421 ], [ -73.806578412324484, 40.868737162447466 ], [ -73.806564938201717, 40.868727746797369 ], [ -73.806557090365601, 40.868717482414624 ], [ -73.806549249818147, 40.868705509815122 ], [ -73.806543675803823, 40.868687564432896 ], [ -73.806539221443344, 40.868671329242787 ], [ -73.806534760627272, 40.868657654920391 ], [ -73.806531419397558, 40.868646546284481 ], [ -73.806517936636794, 40.868639690740473 ], [ -73.806499949537908, 40.868634534024117 ], [ -73.806486459317696, 40.868630243024256 ], [ -73.806469601814499, 40.868623381809662 ], [ -73.806453863685192, 40.86861908343576 ], [ -73.806439262613736, 40.868610516856478 ], [ -73.806424656631009, 40.868602805761398 ], [ -73.806410045502602, 40.868597657376078 ], [ -73.806395448206743, 40.868587381730137 ], [ -73.806379721483836, 40.868577960434955 ], [ -73.806368508826992, 40.868565130345154 ], [ -73.806351662584277, 40.868553997179554 ], [ -73.806331460051766, 40.868537734521439 ], [ -73.806321357060426, 40.868529175483488 ], [ -73.806312384590399, 40.868519766446227 ], [ -73.806298936718775, 40.868500953331754 ], [ -73.806288852369477, 40.868486415896179 ], [ -73.806282127835615, 40.868477008877328 ], [ -73.806270912729659, 40.86846503150646 ], [ -73.806257436112546, 40.868456467713536 ], [ -73.806241690738744, 40.868453879366953 ], [ -73.80621693806971, 40.868453837761876 ], [ -73.80619443325422, 40.868454653585985 ], [ -73.806176428792369, 40.868455477890954 ], [ -73.806157303700303, 40.868454591160244 ], [ -73.806139305605569, 40.868452853502326 ], [ -73.806117935159705, 40.868450253003076 ], [ -73.806101071474899, 40.868445955364322 ], [ -73.806087585030937, 40.868440807156972 ], [ -73.806072975245115, 40.868434804155378 ], [ -73.80605836927441, 40.868427947589211 ], [ -73.806054443199372, 40.868426615159663 ], [ -73.806038134700913, 40.868421080629858 ], [ -73.806024644566989, 40.868416785059289 ], [ -73.806002155811925, 40.868412478861181 ], [ -73.80598528456477, 40.868410740482787 ], [ -73.805968413489751, 40.868408150121908 ], [ -73.805949292115187, 40.868406410627507 ], [ -73.805933552858903, 40.868402112180455 ], [ -73.805920065219695, 40.868396965707809 ], [ -73.805903211609518, 40.868388396186759 ], [ -73.805888612973362, 40.868379829541333 ], [ -73.805869500445326, 40.868373818933456 ], [ -73.805852625608964, 40.868372936860261 ], [ -73.805839107870412, 40.868378892520496 ], [ -73.805822203096128, 40.868388259767578 ], [ -73.805805878036793, 40.868391648727489 ], [ -73.805791840450524, 40.868383084771317 ], [ -73.805780610549675, 40.868375377441453 ], [ -73.805763766870399, 40.86836424603392 ], [ -73.805743549818402, 40.868351399791024 ], [ -73.805725569061579, 40.868344534734305 ], [ -73.805709820021278, 40.868342801720786 ], [ -73.805690691079093, 40.868343622298454 ], [ -73.805642285475983, 40.868352080925824 ], [ -73.805625395657373, 40.868356325322551 ], [ -73.805609635346968, 40.868358861552686 ], [ -73.805593882349797, 40.868359687723029 ], [ -73.805573625289611, 40.868361361789489 ], [ -73.805553366900668, 40.868363037691601 ], [ -73.805539864311228, 40.868363014916106 ], [ -73.805526377930491, 40.868357865637961 ], [ -73.805512899043009, 40.868350156328219 ], [ -73.805496059095873, 40.868337314819065 ], [ -73.805479230473495, 40.868321057704406 ], [ -73.805462401933141, 40.868303947015548 ], [ -73.805448949341482, 40.868286843779181 ], [ -73.805435479083201, 40.868276569830471 ], [ -73.805423118520451, 40.868270569706013 ], [ -73.805408504968952, 40.868267128581522 ], [ -73.805397250122226, 40.868267964995319 ], [ -73.805382594330155, 40.868277335138274 ], [ -73.805375816139929, 40.868286720336549 ], [ -73.805369031666544, 40.868298665566464 ], [ -73.805359997032014, 40.868309755182807 ], [ -73.805348717069066, 40.868319129180847 ], [ -73.805339677348186, 40.868332781591171 ], [ -73.805329518203934, 40.868343866629807 ], [ -73.805314853584647, 40.86835665588405 ], [ -73.805299083069983, 40.868363462167217 ], [ -73.805277684061039, 40.868370258021315 ], [ -73.805255178047631, 40.868371074578981 ], [ -73.805233796356589, 40.868372746687299 ], [ -73.805219171757912, 40.868371868323138 ], [ -73.805204552060061, 40.868369279897991 ], [ -73.805195011414284, 40.86836157628413 ], [ -73.805197847630851, 40.868353895426992 ], [ -73.805211384041229, 40.868341960612007 ], [ -73.805217035245903, 40.868333429013688 ], [ -73.805217062777714, 40.86832403242034 ], [ -73.805211464127069, 40.868314628159631 ], [ -73.805200235514363, 40.868306921695343 ], [ -73.805189001896039, 40.868300924287695 ], [ -73.805173271621882, 40.868293210213508 ], [ -73.805155281002669, 40.868288907854001 ], [ -73.805141788356138, 40.868286325006018 ], [ -73.805123783934917, 40.868287146386571 ], [ -73.805106900406258, 40.868288826073723 ], [ -73.805088896086161, 40.868289650210535 ], [ -73.805069767338551, 40.868289617867624 ], [ -73.805056265783904, 40.868290449611592 ], [ -73.805040507973573, 40.868292131192618 ], [ -73.805022492423106, 40.86829637000087 ], [ -73.805006723181961, 40.868302323512161 ], [ -73.804993209290416, 40.868306571686375 ], [ -73.804979696690339, 40.868309965286869 ], [ -73.804962809245012, 40.868313352256145 ], [ -73.804943674147268, 40.868316308592235 ], [ -73.804938065359792, 40.868310748507383 ], [ -73.804933601393984, 40.868297929612055 ], [ -73.804913344225639, 40.868299603562463 ], [ -73.804899839141356, 40.868300435283459 ], [ -73.804889723759175, 40.868296999027933 ], [ -73.804874013460633, 40.868282453787408 ], [ -73.804865048866731, 40.868270480089556 ], [ -73.804857205059704, 40.868259363698805 ], [ -73.804848241768582, 40.868246535426152 ], [ -73.804840410506799, 40.868231148106311 ], [ -73.804833707362505, 40.868214908957725 ], [ -73.804824751605921, 40.868199517892911 ], [ -73.804816910314912, 40.868187549689381 ], [ -73.804809072762808, 40.868174722399367 ], [ -73.804801232694672, 40.868162752440412 ], [ -73.804794515931974, 40.868150781622752 ], [ -73.804786672148154, 40.868139666147052 ], [ -73.804779947668791, 40.868131112694094 ], [ -73.804769865002655, 40.868115721472812 ], [ -73.804759799817987, 40.868095204755313 ], [ -73.804754208775563, 40.868083238518061 ], [ -73.804748623968408, 40.868069563226108 ], [ -73.804741915853441, 40.868055029615455 ], [ -73.804735207843891, 40.86804049868099 ], [ -73.804727379143671, 40.86802425586275 ], [ -73.804718420919272, 40.868009722035715 ], [ -73.804711704184228, 40.867997752132993 ], [ -73.804706107947908, 40.86798834785116 ], [ -73.804696051627261, 40.867964414601417 ], [ -73.804689344933564, 40.867949029175627 ], [ -73.804683765169983, 40.867933645574908 ], [ -73.804679304897846, 40.867919970342989 ], [ -73.804675967822192, 40.867907153429734 ], [ -73.804670395684781, 40.867888351542284 ], [ -73.804667071158946, 40.867871264535538 ], [ -73.804660388283594, 40.867848191572392 ], [ -73.804657062555776, 40.867831102724381 ], [ -73.804652611113454, 40.867814013723731 ], [ -73.804650398552496, 40.867801196874829 ], [ -73.80464818579415, 40.867789235436241 ], [ -73.80464597844572, 40.867773858551757 ], [ -73.80464265253066, 40.867757623272034 ], [ -73.80463932931778, 40.867739681693187 ], [ -73.804634904203368, 40.867714049749509 ], [ -73.804628232697141, 40.867686704932169 ], [ -73.804623801270807, 40.867663635781661 ], [ -73.804620475561606, 40.867646546932001 ], [ -73.804617154871096, 40.867627751616986 ], [ -73.804614938514703, 40.867616642989333 ], [ -73.80460935115093, 40.86760382309582 ], [ -73.804606009289117, 40.867591857984578 ], [ -73.804604931082011, 40.86757648209246 ], [ -73.804604966224602, 40.867564525382626 ], [ -73.804605006393075, 40.867550858696056 ], [ -73.804605051582229, 40.86753548378784 ], [ -73.804602839229958, 40.867521815038387 ], [ -73.804597261918317, 40.86750557870208 ], [ -73.804593934932115, 40.867489341661951 ], [ -73.804596237851428, 40.867471409617274 ], [ -73.804599675302669, 40.867450062951363 ], [ -73.804600855140308, 40.867431272586934 ], [ -73.804602023524879, 40.86741675407287 ], [ -73.804609953637183, 40.867398831565374 ], [ -73.804614485563917, 40.867387735210961 ], [ -73.80462016437815, 40.86736980704562 ], [ -73.804620194497573, 40.867359558555719 ], [ -73.804617978230795, 40.86734759811344 ], [ -73.804615766904007, 40.86733478126488 ], [ -73.804613550641818, 40.867322819818654 ], [ -73.80460684524293, 40.86730743530844 ], [ -73.80459901525299, 40.867292046130117 ], [ -73.804585563093625, 40.867274940949962 ], [ -73.804570972601283, 40.867262957690222 ], [ -73.804559738006617, 40.867256959380569 ], [ -73.804544009154142, 40.867249245221132 ], [ -73.804529403601833, 40.867242388375011 ], [ -73.804512546652546, 40.867235526874261 ], [ -73.804495689594674, 40.867228665369566 ], [ -73.804479964678578, 40.867219242977754 ], [ -73.804469872085107, 40.867208121824241 ], [ -73.804466528852032, 40.867197012201622 ], [ -73.804456442587338, 40.86718332925799 ], [ -73.804440732565041, 40.867169635768505 ], [ -73.80443286513399, 40.867166206883098 ], [ -73.804412635852685, 40.867159338725259 ], [ -73.804395772694036, 40.867154186345807 ], [ -73.804380035242446, 40.867149034870266 ], [ -73.804367679807541, 40.867142181905415 ], [ -73.804364326654181, 40.867134487802012 ], [ -73.804362124109772, 40.867118256260028 ], [ -73.80435992671336, 40.867100313819954 ], [ -73.804356593555511, 40.867085788671794 ], [ -73.804353262827505, 40.867071262607517 ], [ -73.804351057979687, 40.867055029221099 ], [ -73.804348865605036, 40.867035382156629 ], [ -73.804346679474406, 40.867014025115978 ], [ -73.804343336270932, 40.867002916327003 ], [ -73.804342267093745, 40.866984121225201 ], [ -73.804344554976183, 40.86697131560306 ], [ -73.804346842866607, 40.866958506384357 ], [ -73.804341241940676, 40.86694995665075 ], [ -73.804330017386533, 40.866941395530468 ], [ -73.804317080993371, 40.866940091249965 ], [ -73.804304113228895, 40.86694989362892 ], [ -73.804290584487262, 40.866959263708296 ], [ -73.804275927521289, 40.866969489121558 ], [ -73.804262392519647, 40.866980571015105 ], [ -73.804246607136719, 40.866992500898874 ], [ -73.804231946428189, 40.867003580876023 ], [ -73.804212767540122, 40.867021485258995 ], [ -73.8041992249765, 40.867035128095637 ], [ -73.804185682314909, 40.867049624668731 ], [ -73.804174385994529, 40.867064979546782 ], [ -73.804165348816213, 40.867076921885882 ], [ -73.804156307809237, 40.867090574204454 ], [ -73.804147266809139, 40.867104222924461 ], [ -73.804139346556767, 40.867118730800151 ], [ -73.804132559455496, 40.867131532370237 ], [ -73.804123517027733, 40.867146036581765 ], [ -73.804111098909374, 40.867159680398295 ], [ -73.804096431798655, 40.867173324071963 ], [ -73.804079513089633, 40.867187813973814 ], [ -73.804063729038972, 40.867198890180035 ], [ -73.804050204030332, 40.867206553848426 ], [ -73.804036682741909, 40.867213365539733 ], [ -73.804022028092191, 40.86722273551355 ], [ -73.804002853019128, 40.867238931556216 ], [ -73.803992702579237, 40.867247456365888 ], [ -73.803978031703735, 40.867261950995939 ], [ -73.803966754142493, 40.867271326621143 ], [ -73.803957726971021, 40.867279853339106 ], [ -73.803945315042029, 40.867291789921673 ], [ -73.803934024872177, 40.867305437475956 ], [ -73.803917082316701, 40.867327614807316 ], [ -73.803906913006387, 40.867342117921062 ], [ -73.803895614158719, 40.867358328261467 ], [ -73.803884315200378, 40.867374536844153 ], [ -73.803874144658323, 40.867389041794247 ], [ -73.80386736374237, 40.867400131532008 ], [ -73.803863962636441, 40.867408668734178 ], [ -73.803854373186127, 40.867417194485924 ], [ -73.803836943826724, 40.867413747450499 ], [ -73.803823472889107, 40.867403475150368 ], [ -73.803811135223569, 40.867390641053802 ], [ -73.803806663863327, 40.867380384903214 ], [ -73.803797695849255, 40.867369265688723 ], [ -73.803785339226906, 40.867362410819602 ], [ -73.803768479799047, 40.867356404616814 ], [ -73.803747135115543, 40.867345264330332 ], [ -73.803724672094987, 40.867332413906901 ], [ -73.803703328735381, 40.867320419876307 ], [ -73.803685354821241, 40.867310992626663 ], [ -73.803670743084311, 40.867305844895384 ], [ -73.803651630970762, 40.86730068673576 ], [ -73.803631391735379, 40.867296381228911 ], [ -73.803617899455375, 40.867292941786566 ], [ -73.803603291472314, 40.867286936717058 ], [ -73.80359825916797, 40.86727625277593 ], [ -73.803605599695743, 40.867267297307507 ], [ -73.803621382532043, 40.867257073896255 ], [ -73.803633231056907, 40.867245136388696 ], [ -73.803622553747715, 40.867240847165874 ], [ -73.803606808669244, 40.867239111194841 ], [ -73.803586565716031, 40.867235661168266 ], [ -73.803573069615425, 40.867233929944391 ], [ -73.803555078072222, 40.867230482828333 ], [ -73.803535958412994, 40.867227888361469 ], [ -73.803522466151819, 40.867224448907919 ], [ -73.803503354073172, 40.867219290724996 ], [ -73.803485368801702, 40.867214134458386 ], [ -73.803471882805255, 40.867208987616912 ], [ -73.803457273526078, 40.867202984368049 ], [ -73.803443790067604, 40.867196981195406 ], [ -73.803429179692998, 40.867190977019682 ], [ -73.803414571632857, 40.867184974603738 ], [ -73.803401088177452, 40.867178972346153 ], [ -73.803389848653097, 40.867174681307908 ], [ -73.803370732755894, 40.867171232245504 ], [ -73.803354977577726, 40.867172061704089 ], [ -73.803335844003087, 40.867174589192103 ], [ -73.803321208371273, 40.867177127864878 ], [ -73.803300946449653, 40.867180509754292 ], [ -73.803285185015127, 40.867183899403528 ], [ -73.803267172174287, 40.867187285961073 ], [ -73.803246911463987, 40.867190666085392 ], [ -73.803228903672448, 40.867192345420428 ], [ -73.803209770184935, 40.867194020989629 ], [ -73.803194025015287, 40.867192285882112 ], [ -73.80317716315939, 40.867187132322869 ], [ -73.803160304940263, 40.867181123438975 ], [ -73.803146824145514, 40.867173412007091 ], [ -73.803133354568303, 40.867163141384424 ], [ -73.803119883679855, 40.867152869002851 ], [ -73.803108665625103, 40.867141744970134 ], [ -73.803097448887016, 40.867129769041732 ], [ -73.803086228307691, 40.867119500499683 ], [ -73.803073884565165, 40.867108374541999 ], [ -73.803060416228817, 40.867097247498108 ], [ -73.803049191915321, 40.867087833519236 ], [ -73.80303796122864, 40.867080981414489 ], [ -73.803023350699462, 40.867075831761483 ], [ -73.803005363188703, 40.867070675417303 ], [ -73.802990742652057, 40.867068942202422 ], [ -73.802974997515264, 40.867067207901314 ], [ -73.802958121838003, 40.867066324483886 ], [ -73.802942371861207, 40.86706544298692 ], [ -73.802924385461168, 40.867060286631997 ], [ -73.802915403767003, 40.867053437438528 ], [ -73.802901936779691, 40.86704231405988 ], [ -73.802892966434314, 40.867032047504566 ], [ -73.802885121893667, 40.867020930139041 ], [ -73.802877296019332, 40.867005116699367 ], [ -73.802882969048738, 40.86698846909016 ], [ -73.802889748880702, 40.866978232225598 ], [ -73.802896528495239, 40.86696884892968 ], [ -73.802905565892743, 40.86695690409708 ], [ -73.802912345609656, 40.866946667145882 ], [ -73.80292250615787, 40.866935581483069 ], [ -73.802932664286956, 40.866924493055016 ], [ -73.80294169406676, 40.866915114524225 ], [ -73.802954103797234, 40.866903176287209 ], [ -73.802959774204865, 40.866887812749759 ], [ -73.802957569593218, 40.866872434914484 ], [ -73.802951989002253, 40.866857904963233 ], [ -73.802945287887383, 40.866840811127652 ], [ -73.802938578964046, 40.866827133822859 ], [ -73.802932985830083, 40.866816020224924 ], [ -73.802927387639173, 40.866806613174518 ], [ -73.802918421056333, 40.866795495649072 ], [ -73.802907201880146, 40.866784373351678 ], [ -73.802900494403303, 40.866769840551008 ], [ -73.802900524790047, 40.866759591225538 ], [ -73.802903932366959, 40.866748493098108 ], [ -73.802917461266617, 40.866739121339577 ], [ -73.802927620570287, 40.866728035675145 ], [ -73.802933276998175, 40.866717794125641 ], [ -73.8029355600803, 40.866706695831333 ], [ -73.80293783821817, 40.866697303081217 ], [ -73.802937886322709, 40.866681074521161 ], [ -73.802937931894348, 40.866665700447605 ], [ -73.802934612833639, 40.866646903326497 ], [ -73.802933540311813, 40.866628964536446 ], [ -73.802931353437245, 40.866607607465468 ], [ -73.802929156438651, 40.866589666754301 ], [ -73.802928076322019, 40.866574290839907 ], [ -73.802926996206892, 40.866558914005395 ], [ -73.80292590211458, 40.866548661835857 ], [ -73.802924824527423, 40.86653243310738 ], [ -73.802923751900735, 40.866515348891305 ], [ -73.802924918209555, 40.866500830471544 ], [ -73.802922711089252, 40.866486305364731 ], [ -73.802921625909406, 40.866472638508185 ], [ -73.802923919010539, 40.86645897650552 ], [ -73.802938655990985, 40.866421417881284 ], [ -73.802940923874331, 40.866415443414361 ], [ -73.80294545314986, 40.866406056267998 ], [ -73.802954505864292, 40.86638813486941 ], [ -73.802960174914986, 40.866373623225172 ], [ -73.802964735990003, 40.866353133098286 ], [ -73.802970419011672, 40.866333496704456 ], [ -73.802974967425612, 40.866317276754906 ], [ -73.802980638995862, 40.86630191137543 ], [ -73.802985190045263, 40.866284837773975 ], [ -73.80298862663642, 40.866264344805344 ], [ -73.802988662074227, 40.866252386336903 ], [ -73.802990970447013, 40.866232745094607 ], [ -73.802993250982865, 40.86622249777205 ], [ -73.803001171484198, 40.866207136318287 ], [ -73.80300570590363, 40.8661960427889 ], [ -73.803009124772032, 40.866181527296611 ], [ -73.803008040900409, 40.866167005030086 ], [ -73.803009198164418, 40.866156758465401 ], [ -73.803006977169616, 40.866146504370242 ], [ -73.803003658227354, 40.866127707249575 ], [ -73.80300145241462, 40.866112330247276 ], [ -73.802999252883652, 40.86609524326861 ], [ -73.802998176504346, 40.866079011781395 ], [ -73.802994847438555, 40.866063632943082 ], [ -73.802992630190914, 40.866052525115485 ], [ -73.802992675749238, 40.866037151123948 ], [ -73.802993929300044, 40.865993593695535 ], [ -73.802984980653861, 40.865975638849889 ], [ -73.802978283146672, 40.865958545020874 ], [ -73.802971570775853, 40.865944868546165 ], [ -73.802967114724083, 40.865930341435167 ], [ -73.802959281643197, 40.865915806711762 ], [ -73.802946936714321, 40.865905535226688 ], [ -73.802931204731195, 40.865898676334268 ], [ -73.802917715307132, 40.865894381318782 ], [ -73.802912117131953, 40.865885404690523 ], [ -73.802913294716475, 40.865867897492713 ], [ -73.802912204495243, 40.865855935258821 ], [ -73.802915609487826, 40.865845692619722 ], [ -73.802930271473656, 40.865833760911464 ], [ -73.802930856385601, 40.865826928992362 ], [ -73.802914545787942, 40.865825192877921 ], [ -73.8028965497097, 40.86582345203928 ], [ -73.802879680509264, 40.865820863151569 ], [ -73.802865065425422, 40.865816566205076 ], [ -73.802849331936088, 40.865811414608103 ], [ -73.802833601309032, 40.865803700125952 ], [ -73.802814501034675, 40.865795126307034 ], [ -73.802799893558799, 40.865788268399903 ], [ -73.802786411548226, 40.86578226515217 ], [ -73.80277180154286, 40.865776261811881 ], [ -73.80275381175376, 40.86577281540869 ], [ -73.802734684833084, 40.865772782680743 ], [ -73.802724566194172, 40.865770202645088 ], [ -73.802712216371432, 40.865761639355618 ], [ -73.802700983294329, 40.865755642706816 ], [ -73.802684134515275, 40.865746218143492 ], [ -73.80267290662934, 40.865738511429889 ], [ -73.802662801995325, 40.865730807474328 ], [ -73.802649323976283, 40.865723095986567 ], [ -73.802631356923968, 40.865711961271565 ], [ -73.802619017370631, 40.865699129716091 ], [ -73.802610054859272, 40.865686300343832 ], [ -73.802599966665738, 40.865673472724872 ], [ -73.802588750053687, 40.865662347721873 ], [ -73.802576395303873, 40.865654639989124 ], [ -73.802562899550793, 40.86565290856295 ], [ -73.802547156086419, 40.865650319713033 ], [ -73.802533667949518, 40.865646024654559 ], [ -73.80252018742145, 40.865639168642097 ], [ -73.802508949307949, 40.865634880195309 ], [ -73.802497692336829, 40.865636569139539 ], [ -73.80247856049607, 40.865638242751302 ], [ -73.802461687500667, 40.865637360183875 ], [ -73.802445961921805, 40.865628792086198 ], [ -73.802439231812798, 40.865621948469744 ], [ -73.802432516935838, 40.8656099802716 ], [ -73.802421305659877, 40.86559629429582 ], [ -73.802404449238949, 40.865589430643638 ], [ -73.802392086787876, 40.865585141094535 ], [ -73.8023718368988, 40.865584251806624 ], [ -73.802361696556446, 40.865589357355802 ], [ -73.802354919542452, 40.865597887807276 ], [ -73.802351508177551, 40.865609841410482 ], [ -73.802349217416435, 40.865623502486621 ], [ -73.802348056075843, 40.865636312680714 ], [ -73.802345765422942, 40.865649120939828 ], [ -73.802342355278128, 40.865661070946935 ], [ -73.802338946445786, 40.865672170897973 ], [ -73.802333279751153, 40.865686679839897 ], [ -73.802321997365397, 40.865696911632476 ], [ -73.802309604317955, 40.865702868808988 ], [ -73.802294967644045, 40.865706261088548 ], [ -73.802274702480759, 40.865710495527146 ], [ -73.802254433332806, 40.865716439104929 ], [ -73.802236419508375, 40.865720680160109 ], [ -73.802219526400023, 40.865725774112171 ], [ -73.802199262314161, 40.865730013055995 ], [ -73.802189136077459, 40.865729995680773 ], [ -73.802173406533086, 40.865723134848672 ], [ -73.802156562919549, 40.865712002908886 ], [ -73.802149831505886, 40.865706012090463 ], [ -73.802141987253165, 40.865694892831741 ], [ -73.802133022283058, 40.865682920670601 ], [ -73.80211955687335, 40.86567136677418 ], [ -73.802099304481914, 40.865670903340835 ], [ -73.802084662716226, 40.865676004735874 ], [ -73.802070011886457, 40.865684519896035 ], [ -73.802057616381433, 40.86569133329003 ], [ -73.802046341586575, 40.865699000589203 ], [ -73.802041820961392, 40.865705826667217 ], [ -73.802037272361616, 40.865722046581688 ], [ -73.802036119812584, 40.865731439492329 ], [ -73.80203721895387, 40.865739982529824 ], [ -73.802049560937306, 40.865751962253455 ], [ -73.802052906356067, 40.865761363723941 ], [ -73.802048362835976, 40.865775877258102 ], [ -73.802041566633108, 40.865791239742173 ], [ -73.802034772859727, 40.865805747653937 ], [ -73.802026856055065, 40.865819401739635 ], [ -73.802013318254879, 40.865832189755061 ], [ -73.801994158248718, 40.865843259966674 ], [ -73.801968247916989, 40.865854317575625 ], [ -73.80195472802653, 40.865860273615858 ], [ -73.801941219520927, 40.865862814132626 ], [ -73.801923209406823, 40.865865345994443 ], [ -73.80190294029056, 40.86587128951178 ], [ -73.801889417613751, 40.865878953852793 ], [ -73.801880946409511, 40.865889188673997 ], [ -73.801884839751196, 40.865904570356484 ], [ -73.801890421350961, 40.865919100446462 ], [ -73.80189713616052, 40.86593106959684 ], [ -73.801907214074717, 40.865947314723108 ], [ -73.801912804418109, 40.865959282859052 ], [ -73.801915012638304, 40.865972951572573 ], [ -73.801912728068729, 40.86598490709833 ], [ -73.801902561080681, 40.86599855287448 ], [ -73.80189352594509, 40.866010497634548 ], [ -73.801885615515673, 40.866021587159274 ], [ -73.801875456143449, 40.866032673654708 ], [ -73.801860801554483, 40.866042045113879 ], [ -73.801842772349971, 40.866051408092844 ], [ -73.801832610418757, 40.866063349154771 ], [ -73.801823577814432, 40.866074437582483 ], [ -73.801815663485669, 40.866087235242553 ], [ -73.801810008156451, 40.866097474982816 ], [ -73.801812230297841, 40.866106875448672 ], [ -73.801811053694294, 40.866123954888579 ], [ -73.801804252306965, 40.866141025495871 ], [ -73.801796320136674, 40.866159804228054 ], [ -73.801786132610246, 40.866180284634744 ], [ -73.80178046707519, 40.866193942573567 ], [ -73.801774805431691, 40.866205888691589 ], [ -73.8017691106716, 40.866228940547202 ], [ -73.80176793647351, 40.866246021746832 ], [ -73.801766773914082, 40.86625798011854 ], [ -73.801763357199889, 40.866272493737803 ], [ -73.801758805947642, 40.866289567373634 ], [ -73.801754271305768, 40.866300663530247 ], [ -73.801748614731764, 40.866310905022701 ], [ -73.801741829703175, 40.866322848286899 ], [ -73.801739548973742, 40.866333094664434 ], [ -73.801744012528943, 40.866345061789922 ], [ -73.801750728459311, 40.866357030112219 ], [ -73.801758566532072, 40.866369856694789 ], [ -73.80176639953514, 40.866383535167657 ], [ -73.801770851467921, 40.866399772386522 ], [ -73.801764060231804, 40.866413425711926 ], [ -73.801759542078344, 40.86641939628629 ], [ -73.801749309966226, 40.866455254278755 ], [ -73.801739138872065, 40.866470610939494 ], [ -73.801728980740748, 40.866480843768812 ], [ -73.801719944417272, 40.866492784999579 ], [ -73.801716529016602, 40.8665064449632 ], [ -73.80170860321347, 40.866522659137587 ], [ -73.801699562986812, 40.8665363121046 ], [ -73.801690518897246, 40.866550816123492 ], [ -73.801682610791104, 40.866561906473684 ], [ -73.801674700260889, 40.866572995982835 ], [ -73.801665666461076, 40.866584084395264 ], [ -73.801654383594766, 40.866595167181018 ], [ -73.801640849680481, 40.866605394192952 ], [ -73.801627298788631, 40.86662245409488 ], [ -73.801619384356599, 40.86663525182265 ], [ -73.801610349322672, 40.866646341148609 ], [ -73.801601316606536, 40.866657428637659 ], [ -73.801593404715717, 40.866669371793307 ], [ -73.801588853381915, 40.866686449019042 ], [ -73.801588812599434, 40.866700113867651 ], [ -73.801582027725871, 40.866711207063958 ], [ -73.801576368547771, 40.866722300439704 ], [ -73.801569579661916, 40.866735954593331 ], [ -73.801562789686187, 40.866748754252477 ], [ -73.80155488142384, 40.866759845513386 ], [ -73.801545841270936, 40.866772640379274 ], [ -73.801535676622265, 40.866785436903804 ], [ -73.801524398910487, 40.866794811371172 ], [ -73.801509732689965, 40.866807599224423 ], [ -73.801496204678799, 40.866816971655929 ], [ -73.801484925743893, 40.866826346201051 ], [ -73.801474775170377, 40.866834016215385 ], [ -73.801464619370989, 40.866844248187306 ], [ -73.801456713628824, 40.866854485708693 ], [ -73.801451051868128, 40.866866432728145 ], [ -73.801445379898936, 40.866881797110722 ], [ -73.801447591807175, 40.866894614860612 ], [ -73.801448679243137, 40.86690742715971 ], [ -73.80144527020488, 40.866918525241687 ], [ -73.801440729030659, 40.866932182422289 ], [ -73.801435064697287, 40.866944987610104 ], [ -73.801430527281155, 40.866957791057111 ], [ -73.801424868054013, 40.866968885346282 ], [ -73.801419206276378, 40.866980832281477 ], [ -73.801413541945465, 40.866993633870337 ], [ -73.801407882709938, 40.867004728994914 ], [ -73.801403351490791, 40.867015824222285 ], [ -73.801399946328758, 40.867025214078978 ], [ -73.801394275540915, 40.867040580218372 ], [ -73.801388616307221, 40.867051671744093 ], [ -73.80138183123519, 40.867063619503575 ], [ -73.801373909048166, 40.867078980005282 ], [ -73.801363734009541, 40.867095190195457 ], [ -73.801353560520667, 40.867110547736701 ], [ -73.801343389232329, 40.867125905197014 ], [ -73.801333214286672, 40.867142116305892 ], [ -73.801321918613809, 40.867157470988985 ], [ -73.801310615406422, 40.867174533889646 ], [ -73.801295933510445, 40.867193299110959 ], [ -73.801282377544723, 40.867211212700411 ], [ -73.801271086841908, 40.867224859994195 ], [ -73.801263176274745, 40.867235949390206 ], [ -73.801254143417594, 40.867247037854696 ], [ -73.801245105690214, 40.867258979880802 ], [ -73.801238319360294, 40.867270926707938 ], [ -73.80122928029067, 40.86728372154991 ], [ -73.801220238652633, 40.867297373636454 ], [ -73.801213453417688, 40.867309320465232 ], [ -73.801206662105628, 40.86732211917991 ], [ -73.801199874417819, 40.867334921498248 ], [ -73.801193089421133, 40.867346011908879 ], [ -73.801186300516292, 40.867358814224254 ], [ -73.801177258867213, 40.867372463630787 ], [ -73.801169345362879, 40.867385261245367 ], [ -73.801160308810438, 40.867397204270461 ], [ -73.801153525008971, 40.867408296522164 ], [ -73.801146739996796, 40.867419387013676 ], [ -73.801139956185551, 40.867430481022232 ], [ -73.801133177487998, 40.867439864214859 ], [ -73.801126393680406, 40.867450955544832 ], [ -73.801117351890909, 40.867464606703912 ], [ -73.801109439816059, 40.867476550744669 ], [ -73.80109927377454, 40.86748934363051 ], [ -73.801087985647158, 40.867502138093414 ], [ -73.80107781824978, 40.867515786469561 ], [ -73.801067649398178, 40.867530287577949 ], [ -73.801057480646222, 40.867544791362036 ], [ -73.801049562222772, 40.867558444452875 ], [ -73.801038265196411, 40.867573800863909 ], [ -73.801030356760194, 40.867584887569315 ], [ -73.801020191888114, 40.867597684047794 ], [ -73.801010019349107, 40.867613040639156 ], [ -73.801000976277933, 40.867627546361099 ], [ -73.800991925668058, 40.867643759378154 ], [ -73.800979490127503, 40.867663382173809 ], [ -73.800971581662822, 40.867674471552739 ], [ -73.800962546382095, 40.867685559989525 ], [ -73.800953514868226, 40.867695794693894 ], [ -73.800947866940291, 40.867703472435004 ], [ -73.8009388239809, 40.867717122656174 ], [ -73.80093204121502, 40.867728213139749 ], [ -73.800925257338946, 40.86773930629743 ], [ -73.800919605635741, 40.867747837685023 ], [ -73.800911693487166, 40.867759782632973 ], [ -73.80090265051544, 40.867773431931127 ], [ -73.800893612519374, 40.867786228587839 ], [ -73.800883439922529, 40.867801585083754 ], [ -73.800873268422365, 40.867816941664351 ], [ -73.800866481966167, 40.867828889304704 ], [ -73.800859699419249, 40.867839127049876 ], [ -73.800851794929216, 40.867848508196985 ], [ -73.800842751927618, 40.867862159331644 ], [ -73.800832587949415, 40.867875808611416 ], [ -73.800822419233455, 40.867889455959514 ], [ -73.800814504492877, 40.867902254549151 ], [ -73.800806587186202, 40.867915908545882 ], [ -73.800800927647757, 40.867927853696465 ], [ -73.800796383840236, 40.867941513521437 ], [ -73.800794088767262, 40.867956884540668 ], [ -73.800794055499779, 40.867967986676966 ], [ -73.80079064227624, 40.867980793880726 ], [ -73.800786104912476, 40.867992742725932 ], [ -73.800781563411107, 40.868006402554151 ], [ -73.800777020676264, 40.86802091519808 ], [ -73.80077247942225, 40.868033718610398 ], [ -73.800767948268813, 40.868043961076829 ], [ -73.8007622784625, 40.868059326346767 ], [ -73.800750941681912, 40.868087491242051 ], [ -73.800747546476998, 40.868094319211927 ], [ -73.800743010086265, 40.868106268976973 ], [ -73.800736212242896, 40.868121630455654 ], [ -73.800730544871328, 40.868136141989922 ], [ -73.800723754587509, 40.868148943354093 ], [ -73.80071696552109, 40.868161742042162 ], [ -73.800707919887344, 40.868176247735484 ], [ -73.800696630361301, 40.868189040398711 ], [ -73.80068758838739, 40.868202690685955 ], [ -73.800677422015426, 40.868216338107068 ], [ -73.800664991387194, 40.868234255323266 ], [ -73.8006536852686, 40.868252171722382 ], [ -73.800641257192481, 40.868269233528302 ], [ -73.800634471759821, 40.868281178479485 ], [ -73.800625431214868, 40.868293975946116 ], [ -73.800615259692876, 40.868309331582722 ], [ -73.800603960977085, 40.868325542519706 ], [ -73.800589284000878, 40.868341744935698 ], [ -73.800574609438982, 40.86835794819158 ], [ -73.800561073545694, 40.868369026968921 ], [ -73.800548674716524, 40.868376693012074 ], [ -73.800530638346842, 40.868387766677372 ], [ -73.800510352959009, 40.868398834608044 ], [ -73.800497958035265, 40.868404791584851 ], [ -73.800482179572896, 40.868413306345403 ], [ -73.8004720297142, 40.868421830846827 ], [ -73.800456232089019, 40.868436322992366 ], [ -73.800447200395993, 40.868446556819372 ], [ -73.800440429076232, 40.868453378935953 ], [ -73.800429149715072, 40.86846275329124 ], [ -73.800416740701209, 40.868473837601378 ], [ -73.800403199629258, 40.868486624581095 ], [ -73.800391920141351, 40.86849600077263 ], [ -73.800381765271979, 40.868505378074033 ], [ -73.800372733554553, 40.868515613651446 ], [ -73.800361446475435, 40.86852755079105 ], [ -73.800349033552152, 40.868539488741369 ], [ -73.800338877320002, 40.868549719690876 ], [ -73.800330964971906, 40.8685616645135 ], [ -73.800323056401467, 40.868572754766404 ], [ -73.80031627736102, 40.868582138745182 ], [ -73.800308367571986, 40.868593228994932 ], [ -73.8002982049819, 40.868605168159753 ], [ -73.800289170674617, 40.868616256460236 ], [ -73.800277882206728, 40.868629049167311 ], [ -73.800264338396047, 40.868642691537687 ], [ -73.800247413593624, 40.868658036360792 ], [ -73.800232741446564, 40.86867338500101 ], [ -73.800220311969127, 40.868690447595789 ], [ -73.800210141391787, 40.868705804117546 ], [ -73.800203353517929, 40.868717750878496 ], [ -73.800194315260157, 40.868730546473067 ], [ -73.800181899818725, 40.8687433362986 ], [ -73.80017174488394, 40.868752713497329 ], [ -73.800160469349606, 40.86876038152792 ], [ -73.800146931831875, 40.868772317421616 ], [ -73.800135642096393, 40.868785110113599 ], [ -73.800126598828371, 40.868798758512021 ], [ -73.800117561642665, 40.868811555943772 ], [ -73.800108513222938, 40.868826915238152 ], [ -73.800103989620283, 40.868834593966064 ], [ -73.800097201719439, 40.868846538964128 ], [ -73.800088168555092, 40.868857628170517 ], [ -73.80008026126238, 40.868867864754264 ], [ -73.800068979099436, 40.868878093727083 ], [ -73.800054318490837, 40.868889173171453 ], [ -73.800040786179835, 40.868899399076568 ], [ -73.800028378386358, 40.868909626093007 ], [ -73.800019345091584, 40.868920715294998 ], [ -73.800012557164251, 40.868932661124212 ], [ -73.800010276086809, 40.868942904784923 ], [ -73.800006869266852, 40.868953150926842 ], [ -73.800002330229105, 40.868965953474529 ], [ -73.79999665774595, 40.868981317779983 ], [ -73.79998986587367, 40.868994973670915 ], [ -73.799984210018877, 40.869005212313695 ], [ -73.799976302699633, 40.869015447132341 ], [ -73.799965016554253, 40.86902738875186 ], [ -73.799955993773864, 40.869034206096607 ], [ -73.799951470142247, 40.869041883898184 ], [ -73.799948047892769, 40.869057252105677 ], [ -73.799945756519193, 40.869070913041732 ], [ -73.799941217450794, 40.869083719184566 ], [ -73.799936680957714, 40.869095668999691 ], [ -73.799932135541269, 40.869110180599399 ], [ -73.799926479662247, 40.869120421077987 ], [ -73.79992193534332, 40.869134932762904 ], [ -73.799917393699459, 40.869148591634364 ], [ -73.799912875188696, 40.869154563974845 ], [ -73.799897086200616, 40.869166491496877 ], [ -73.799886937509569, 40.869174162292452 ], [ -73.799879037865793, 40.869181835151025 ], [ -73.799868877414255, 40.86919377695849 ], [ -73.799859832821085, 40.869207426252956 ], [ -73.799850793214787, 40.869220223658807 ], [ -73.799844002505694, 40.869233877701205 ], [ -73.799841713820854, 40.869245831414801 ], [ -73.799838309386985, 40.869256075799015 ], [ -73.799831525067702, 40.869267167048946 ], [ -73.799819105666444, 40.869280812321904 ], [ -73.799810072403943, 40.869291899665512 ], [ -73.799802162448529, 40.869302989041479 ], [ -73.799795380796809, 40.869313227559708 ], [ -73.799787459072576, 40.869328588784349 ], [ -73.799782921433717, 40.869340538508503 ], [ -73.799780640195507, 40.869350783083789 ], [ -73.799777223143352, 40.869364443902327 ], [ -73.799773807078367, 40.869378105642511 ], [ -73.79977151944361, 40.869390912090381 ], [ -73.799766982893757, 40.869402863654535 ], [ -73.799759072923507, 40.869413951188527 ], [ -73.799746668919042, 40.869422471708425 ], [ -73.799730892435363, 40.869430985448574 ], [ -73.79971623679495, 40.869440356629362 ], [ -73.799706075326483, 40.869451442924657 ], [ -73.799699287133336, 40.869464244228311 ], [ -73.799696987975295, 40.869480467112695 ], [ -73.799699204782328, 40.869491575834274 ], [ -73.799701411303374, 40.869506099237057 ], [ -73.799702494656174, 40.869519766951811 ], [ -73.79970019677495, 40.869535565688317 ], [ -73.799682136605767, 40.869554751738519 ], [ -73.79967422144766, 40.869567550163552 ], [ -73.7996696694305, 40.869584624626782 ], [ -73.799666257239508, 40.869597429118031 ], [ -73.799663968505939, 40.869609383663636 ], [ -73.799658294523809, 40.869625603360085 ], [ -73.799652633564563, 40.869636696634743 ], [ -73.799643588453591, 40.869652054976392 ], [ -73.79963455389381, 40.869663144143516 ], [ -73.799627778695637, 40.869670818102257 ], [ -73.799617624747484, 40.869680197092862 ], [ -73.799604093572327, 40.869689568373381 ], [ -73.799591693284825, 40.869697234308568 ], [ -73.799573670375935, 40.869704036813587 ], [ -73.799555652731343, 40.869709129338894 ], [ -73.799541010985507, 40.869714229487712 ], [ -73.799528612049428, 40.869721040844254 ], [ -73.79951507312731, 40.869732973983332 ], [ -73.799504920372812, 40.869742351209624 ], [ -73.799495892290722, 40.869750878494543 ], [ -73.799486869103191, 40.869758549371596 ], [ -73.79947783071411, 40.869770492173792 ], [ -73.799471043817235, 40.869782437135051 ], [ -73.7994608769514, 40.869796085282616 ], [ -73.799450710229848, 40.869808880694116 ], [ -73.799445047592599, 40.869821682185012 ], [ -73.799446133473154, 40.869834496250398 ], [ -73.799448333688204, 40.869850729632255 ], [ -73.79944830277033, 40.869860978115973 ], [ -73.799448269269064, 40.869872082925781 ], [ -73.799445986595188, 40.869883181982807 ], [ -73.799441448743735, 40.869895132694658 ], [ -73.799433532138039, 40.869908783834056 ], [ -73.799426747789397, 40.869919876899168 ], [ -73.799416588625917, 40.869930962334593 ], [ -73.799406429611082, 40.869941194032791 ], [ -73.799392899451959, 40.869950566210079 ], [ -73.799381638934278, 40.869953964913769 ], [ -73.799363622575441, 40.86995820191698 ], [ -73.799347849856758, 40.869965008301193 ], [ -73.799336571449743, 40.869973528896637 ], [ -73.799327541947079, 40.869982910738493 ], [ -73.799319636987647, 40.86999229177821 ], [ -73.799309468847397, 40.870005939072151 ], [ -73.799304810841335, 40.870013472218517 ], [ -73.799301554664453, 40.870018738392552 ], [ -73.799294765130483, 40.870031537912595 ], [ -73.799286853635991, 40.870043480821018 ], [ -73.799277810008888, 40.870057133667608 ], [ -73.799265378669034, 40.870075048050495 ], [ -73.799252947321008, 40.870092962346909 ], [ -73.799242782824962, 40.870105758664792 ], [ -73.799234873894605, 40.870116847083565 ], [ -73.799228094808569, 40.870125376422052 ], [ -73.799217927577317, 40.870139878284697 ], [ -73.799210013623735, 40.870151823943559 ], [ -73.799200968605206, 40.870166328595445 ], [ -73.799196437062534, 40.870176570996144 ], [ -73.799190768240621, 40.870190226115803 ], [ -73.799188491989753, 40.870199618790281 ], [ -73.799185074827463, 40.87021242233736 ], [ -73.799182787035207, 40.870225233288153 ], [ -73.799180485143509, 40.870242310647157 ], [ -73.799177063863226, 40.870257679750594 ], [ -73.79917251941076, 40.870272192239483 ], [ -73.799167971165346, 40.87028755837563 ], [ -73.799165685964326, 40.870299510239725 ], [ -73.799162262251087, 40.870314880174611 ], [ -73.799158846123746, 40.870328541058107 ], [ -73.799155431369599, 40.870341346364597 ], [ -73.799153140888606, 40.87035500736738 ], [ -73.799150846716685, 40.87036952561553 ], [ -73.799148549970127, 40.870384895674341 ], [ -73.799146260960953, 40.870397703945471 ], [ -73.799142843619848, 40.870411362900967 ], [ -73.799140559769228, 40.870422463789076 ], [ -73.799136020464289, 40.870435266300568 ], [ -73.799132604322836, 40.870448928017986 ], [ -73.799128062585183, 40.870461732281235 ], [ -73.7991223870346, 40.870478804762833 ], [ -73.799117852876179, 40.870489901729464 ], [ -73.799112180061357, 40.870505265067067 ], [ -73.79910539291366, 40.870517209921253 ], [ -73.799099734204987, 40.870528304927532 ], [ -73.79909182261332, 40.8705402488253 ], [ -73.799083911176709, 40.870551338984995 ], [ -73.799072620937565, 40.870564130564908 ], [ -73.799057941609661, 40.870581188270961 ], [ -73.799047782282813, 40.870592274510152 ], [ -73.799041001752954, 40.870601658409882 ], [ -73.799027454653924, 40.870617009773653 ], [ -73.799018421239907, 40.870627241641124 ], [ -73.799009382643007, 40.870639186246137 ], [ -73.798999216815403, 40.870651978941346 ], [ -73.798982267807347, 40.870675863755288 ], [ -73.798973221452982, 40.870690369305876 ], [ -73.798966445909954, 40.87069889955449 ], [ -73.798959666463958, 40.870708282531126 ], [ -73.798950623899358, 40.870721932674769 ], [ -73.798944958771756, 40.870734734971229 ], [ -73.798941549117515, 40.870745832971437 ], [ -73.798933620761119, 40.870762901514219 ], [ -73.798926830806693, 40.870776556422065 ], [ -73.798920045076486, 40.870787647697114 ], [ -73.79891100644565, 40.870799590452627 ], [ -73.798901975408725, 40.870809823152456 ], [ -73.798892945738174, 40.870819203202508 ], [ -73.798885030272231, 40.87083200332679 ], [ -73.79885112299732, 40.87088233486817 ], [ -73.798818357086091, 40.870926696240822 ], [ -73.798783347321958, 40.870969340105461 ], [ -73.798768676797692, 40.870983835823338 ], [ -73.798755137481962, 40.870995768870458 ], [ -73.798688608904413, 40.871042630555536 ], [ -73.798659279620793, 40.871067347357787 ], [ -73.798650260224747, 40.871073311785509 ], [ -73.798628840061767, 40.871086941123259 ], [ -73.798619818077128, 40.871093758279251 ], [ -73.798614173556658, 40.871099726758892 ], [ -73.798608526445975, 40.871106549892801 ], [ -73.798605129493708, 40.87111423052734 ], [ -73.798602850867553, 40.871122768609411 ], [ -73.79859942682414, 40.871138991260189 ], [ -73.798601081150522, 40.871150524085778 ], [ -73.798606646829143, 40.871170181657725 ], [ -73.798608280622062, 40.871187692787643 ], [ -73.798605988734863, 40.871202208265473 ], [ -73.798603715283804, 40.871209037208473 ], [ -73.798600323495478, 40.871215011463939 ], [ -73.798595803516662, 40.87122098282839 ], [ -73.798589034318809, 40.871226948505651 ], [ -73.798572118653155, 40.871239732967915 ], [ -73.798551825677592, 40.871252509685085 ], [ -73.798511261518712, 40.871271228477447 ], [ -73.798489841263461, 40.871284857787593 ], [ -73.798466160425406, 40.871301898764287 ], [ -73.798460518461511, 40.871307013586772 ], [ -73.798454873908639, 40.871312982059692 ], [ -73.798450066775118, 40.871321730052784 ], [ -73.798438941421225, 40.871372744211413 ], [ -73.798433247653222, 40.871394941226043 ], [ -73.79842871210775, 40.871406037325258 ], [ -73.798420792437781, 40.871420970708357 ], [ -73.798399313833002, 40.87145381824395 ], [ -73.798363172568102, 40.87149816814469 ], [ -73.798343971452539, 40.87152205076324 ], [ -73.798331549947278, 40.87153654943809 ], [ -73.798296584977692, 40.871563821850373 ], [ -73.798262752050007, 40.871589385244782 ], [ -73.798248092858984, 40.87160046353803 ], [ -73.798239059184311, 40.87161069709898 ], [ -73.798231148685346, 40.871621788203932 ], [ -73.798224357397174, 40.871635443066324 ], [ -73.798218677880897, 40.871652514573341 ], [ -73.798200582916735, 40.87168323193486 ], [ -73.798190411696567, 40.871697732775232 ], [ -73.79818250636157, 40.871707117414338 ], [ -73.798148653947635, 40.871738659999288 ], [ -73.798117055761793, 40.871769352867645 ], [ -73.798079827157565, 40.871800890441591 ], [ -73.798035830522792, 40.871838396242424 ], [ -73.798008756178803, 40.871861410437859 ], [ -73.797988456329236, 40.87187674984591 ], [ -73.797912914440118, 40.87192700990186 ], [ -73.797895436274857, 40.871939363773812 ], [ -73.797888099650237, 40.871946612408841 ], [ -73.797877930918901, 40.871960259572994 ], [ -73.797862086067113, 40.871990979987174 ], [ -73.797843987312874, 40.872021699123437 ], [ -73.797838337274015, 40.872030230441332 ], [ -73.797830434458206, 40.87203875680612 ], [ -73.797822536829045, 40.872045577710651 ], [ -73.797814640586466, 40.87205154312182 ], [ -73.797779698244725, 40.872071978821637 ], [ -73.797741935521159, 40.872094548299955 ], [ -73.797734600082876, 40.872101794250703 ], [ -73.797719917474481, 40.872119705432162 ], [ -73.797707489136371, 40.872136766829549 ], [ -73.797701845654672, 40.872142736185566 ], [ -73.797695076559805, 40.872147849913709 ], [ -73.797678164483287, 40.872158923260535 ], [ -73.797635347775696, 40.872178493284125 ], [ -73.797609439331737, 40.872187844441015 ], [ -73.797597043552145, 40.872193801019613 ], [ -73.797584639964754, 40.872202320468467 ], [ -73.797575042319849, 40.87221340756161 ], [ -73.797570797302242, 40.872222152906041 ], [ -73.797574424319166, 40.87223134065583 ], [ -73.797580028710428, 40.872238612996604 ], [ -73.797588726705612, 40.872246314834385 ], [ -73.797593486572694, 40.872253583851695 ], [ -73.797595695322016, 40.872267254474501 ], [ -73.797592852854038, 40.872276644364014 ], [ -73.797590023105457, 40.872282617734122 ], [ -73.797580428248324, 40.872292423431091 ], [ -73.797570846393256, 40.872297959039685 ], [ -73.797551691696398, 40.872306466548757 ], [ -73.797514522189019, 40.872319211689948 ], [ -73.797472854711486, 40.872330244286879 ], [ -73.797419940611732, 40.872339547038941 ], [ -73.797389541875347, 40.872345472044735 ], [ -73.79737940532037, 40.872348870687397 ], [ -73.797371520632495, 40.872351418711673 ], [ -73.797311804530821, 40.872377793583638 ], [ -73.797262231276932, 40.872399057057436 ], [ -73.797211515343179, 40.872425447785879 ], [ -73.797164195173494, 40.872445007872848 ], [ -73.797147299667216, 40.872450958326688 ], [ -73.797132661249705, 40.872454348106686 ], [ -73.797110147140941, 40.872457726785903 ], [ -73.7970842593773, 40.872460243107881 ], [ -73.797052750301603, 40.872461041301598 ], [ -73.797041497069216, 40.872461875147422 ], [ -73.797007724581334, 40.872466940374757 ], [ -73.796967205100273, 40.87247028548326 ], [ -73.79694918377848, 40.872476233925525 ], [ -73.796923280453598, 40.872483875789491 ], [ -73.796905257730742, 40.87249067703857 ], [ -73.796889480449451, 40.872498336733287 ], [ -73.796872577082397, 40.872506847174272 ], [ -73.79685905538237, 40.872512802608519 ], [ -73.796842150900375, 40.87252131488453 ], [ -73.796826366987389, 40.872531535602661 ], [ -73.796811706141682, 40.872542612789232 ], [ -73.796795913167458, 40.872555398047595 ], [ -73.796780134457791, 40.872563912297338 ], [ -73.796764359646787, 40.872570717487868 ], [ -73.796746341005715, 40.872575810407938 ], [ -73.796732823110062, 40.872580910340169 ], [ -73.796713671939244, 40.872588563224852 ], [ -73.796694518444838, 40.872596217858607 ], [ -73.796675372484927, 40.872602164191136 ], [ -73.796661854763585, 40.87260641054538 ], [ -73.796642708918071, 40.872612354196228 ], [ -73.796623564461427, 40.872617446031462 ], [ -73.796604423723707, 40.872621681539854 ], [ -73.796585275434609, 40.872627627853319 ], [ -73.796565007493143, 40.872632716860316 ], [ -73.796543608832607, 40.87263865651834 ], [ -73.796523339669932, 40.872643746353482 ], [ -73.796506449395352, 40.872647988493782 ], [ -73.796487306025384, 40.872653078468161 ], [ -73.796468161734637, 40.872657316625457 ], [ -73.796446765478862, 40.872663257189828 ], [ -73.796428749294776, 40.872667495574575 ], [ -73.796409607420557, 40.87267173364264 ], [ -73.796398347697547, 40.872674276560666 ], [ -73.796376952722284, 40.872679363545672 ], [ -73.796362318042313, 40.872681899579504 ], [ -73.796340919232932, 40.872687840121031 ], [ -73.796326284546907, 40.872690377070342 ], [ -73.796311643416274, 40.872694621316541 ], [ -73.796293626109673, 40.872698861434564 ], [ -73.796276733085321, 40.872703955433771 ], [ -73.796255338202883, 40.872709041391246 ], [ -73.796238445470465, 40.87271328348929 ], [ -73.796217051682731, 40.872718370361696 ], [ -73.796197908270329, 40.872723460288007 ], [ -73.796182133472215, 40.872730265398914 ], [ -73.796167481842346, 40.872737927819749 ], [ -73.796156203761939, 40.872746449942085 ], [ -73.796144925578247, 40.872754969384061 ], [ -73.79613027515046, 40.872762631887333 ], [ -73.796113379778191, 40.872767727614807 ], [ -73.796097619166218, 40.872770260788968 ], [ -73.796082982031407, 40.872772796783011 ], [ -73.796067222734109, 40.872775331711722 ], [ -73.796045838181627, 40.872777002112308 ], [ -73.796025590018147, 40.87277525806428 ], [ -73.796008710363495, 40.872775228200219 ], [ -73.795990709843437, 40.872774343532953 ], [ -73.7959738326132, 40.872774313668117 ], [ -73.795956952957113, 40.872774283796481 ], [ -73.79593444644712, 40.8727750967807 ], [ -73.795916443420211, 40.872775064914833 ], [ -73.795896189905463, 40.872775029062183 ], [ -73.795882689041889, 40.872774152343638 ], [ -73.795861320342837, 40.87277069537766 ], [ -73.79584219786507, 40.872768955045657 ], [ -73.795826450462741, 40.872767219852363 ], [ -73.795811827544497, 40.872765483050607 ], [ -73.79579269609502, 40.872766305498473 ], [ -73.795773557885838, 40.872769687219829 ], [ -73.795757794745413, 40.872773074831827 ], [ -73.795743154968363, 40.872776466273329 ], [ -73.795725137292166, 40.872781559957026 ], [ -73.795716129316276, 40.872783252224231 ], [ -73.795687986957049, 40.872787472467166 ], [ -73.795673352426732, 40.87278915476147 ], [ -73.795656471349304, 40.872789980337267 ], [ -73.795641844493247, 40.872789954412312 ], [ -73.795623836416581, 40.872790775225539 ], [ -73.795608082241188, 40.872791601871754 ], [ -73.795591193290292, 40.872794987466527 ], [ -73.795570921378982, 40.87280093170336 ], [ -73.795554021915308, 40.872807734650529 ], [ -73.795539375449778, 40.872813688857008 ], [ -73.795523600250831, 40.872821347529658 ], [ -73.795510064018231, 40.872831572891471 ], [ -73.795498774120745, 40.872843509627337 ], [ -73.795488612437566, 40.872855450119694 ], [ -73.795473954233159, 40.872864819833318 ], [ -73.795458186902181, 40.872869915625834 ], [ -73.795439047540128, 40.872873298125974 ], [ -73.795425538670472, 40.872874982468502 ], [ -73.795409783372051, 40.872875808166931 ], [ -73.795383903159774, 40.872876190822339 ], [ -73.795359159583512, 40.87287230270411 ], [ -73.795346809382522, 40.87286374056238 ], [ -73.795340080697983, 40.872856040211808 ], [ -73.795319845569324, 40.872850025031603 ], [ -73.795300723088317, 40.872848282853496 ], [ -73.79527936622091, 40.872840986030909 ], [ -73.795264731568551, 40.872843094263118 ], [ -73.795253461247285, 40.872849054344684 ], [ -73.795241057129758, 40.872857572620255 ], [ -73.795226394841677, 40.872868650522783 ], [ -73.795215110145691, 40.872878880768951 ], [ -73.795200447537823, 40.872890810564954 ], [ -73.79518805282197, 40.872895915071553 ], [ -73.795174533526762, 40.872901015740133 ], [ -73.795156506777033, 40.872908671200214 ], [ -73.795146361025175, 40.872914631595364 ], [ -73.795130575222373, 40.872925708409475 ], [ -73.795114785687204, 40.872937637028386 ], [ -73.795096745647811, 40.872949562649339 ], [ -73.795082092632398, 40.87295722493117 ], [ -73.795067444672071, 40.872964032728753 ], [ -73.795049407256357, 40.872975102851775 ], [ -73.795035872131606, 40.8729853281598 ], [ -73.795021216263208, 40.872994696982381 ], [ -73.795004302308072, 40.87300577177345 ], [ -73.794989651588864, 40.873013432289859 ], [ -73.794973878020187, 40.873019382663948 ], [ -73.79496035583864, 40.873026191528453 ], [ -73.794949091829778, 40.873030443447647 ], [ -73.794934446687989, 40.873035542084423 ], [ -73.794915292540082, 40.873044050076636 ], [ -73.794901767924472, 40.873050858009869 ], [ -73.794887122561875, 40.873056811215349 ], [ -73.794875853597759, 40.873061915934656 ], [ -73.794860082320326, 40.873067867133578 ], [ -73.794842058132261, 40.873074666133746 ], [ -73.794826285744222, 40.873080618246114 ], [ -73.794810514455094, 40.873086570358282 ], [ -73.794791364451029, 40.873093369188382 ], [ -73.794771095134166, 40.87309845603771 ], [ -73.794757582134309, 40.873101850279909 ], [ -73.794737313021443, 40.873106084306265 ], [ -73.794719295290932, 40.873111177831461 ], [ -73.794709157276245, 40.87311457439673 ], [ -73.794691127772808, 40.873123085272944 ], [ -73.79468098458598, 40.873128191059145 ], [ -73.794661827744875, 40.873137551736747 ], [ -73.794646051263641, 40.873145211124623 ], [ -73.794630831898715, 40.873154153824004 ], [ -73.794615604295231, 40.873166511122832 ], [ -73.794603188375831, 40.873178446684882 ], [ -73.794583999946568, 40.873198057582115 ], [ -73.794573834079799, 40.873210852561137 ], [ -73.794563667112826, 40.873223645779539 ], [ -73.794552374337655, 40.873236436990958 ], [ -73.794543334379469, 40.873249232133332 ], [ -73.794534294624796, 40.87326117546047 ], [ -73.794529203711591, 40.873270133519071 ], [ -73.794524101131145, 40.873282509767918 ], [ -73.794518436142084, 40.873295312763069 ], [ -73.794512764659373, 40.873309823053731 ], [ -73.79450596858652, 40.873324330503372 ], [ -73.794500302384009, 40.873337131653948 ], [ -73.794494625614249, 40.873353350245381 ], [ -73.794486689089638, 40.873372982102318 ], [ -73.794479877050264, 40.873392614205379 ], [ -73.794471934022937, 40.873413954275684 ], [ -73.794464002773296, 40.873431876155173 ], [ -73.794454945708893, 40.873449796863326 ], [ -73.794443635595911, 40.873468568211365 ], [ -73.794431210125992, 40.873483920109685 ], [ -73.794422170324694, 40.873495861671167 ], [ -73.794409740888554, 40.87351292086737 ], [ -73.794399571195228, 40.873526570397317 ], [ -73.794390545802244, 40.873534241872186 ], [ -73.794374759948482, 40.873544463088216 ], [ -73.794361237599901, 40.873551270961748 ], [ -73.79434770875028, 40.873559788055921 ], [ -73.794339801443229, 40.873569170584801 ], [ -73.794331891165456, 40.873580260416418 ], [ -73.794325105596442, 40.873591351333744 ], [ -73.794317187493931, 40.87360500403652 ], [ -73.794310401919915, 40.873616094952943 ], [ -73.794305862893466, 40.873628044450633 ], [ -73.794302449345707, 40.873640850613505 ], [ -73.794301285428261, 40.873652807052416 ], [ -73.794301245782137, 40.873665619152028 ], [ -73.794302333049231, 40.873678433344566 ], [ -73.794305672596821, 40.87368954232408 ], [ -73.794318013452468, 40.873701522855349 ], [ -73.794319115479283, 40.873709211470612 ], [ -73.794315707544385, 40.873719454758948 ], [ -73.794308929882845, 40.873727984726983 ], [ -73.794296515013002, 40.873739921094575 ], [ -73.794282976977513, 40.873750999124098 ], [ -73.794269437390724, 40.873762933481963 ], [ -73.794259268850709, 40.873776580323337 ], [ -73.794258113955792, 40.873785974896698 ], [ -73.794259197474091, 40.873799641732447 ], [ -73.794258018788057, 40.873816722912515 ], [ -73.79425347037332, 40.87383208976695 ], [ -73.794238797133403, 40.873846583058892 ], [ -73.794221882500423, 40.873858511470225 ], [ -73.794212862340657, 40.873864471867641 ], [ -73.794202711064329, 40.873872142154262 ], [ -73.794179004292758, 40.873896869685332 ], [ -73.794166578789159, 40.873912222474218 ], [ -73.794154150640694, 40.873928428074272 ], [ -73.794140592473227, 40.873946342560373 ], [ -73.794127037060917, 40.873963400718402 ], [ -73.794116863387444, 40.873977902948937 ], [ -73.794106693351239, 40.873992403428645 ], [ -73.794097648125813, 40.874006054939038 ], [ -73.794089728719925, 40.874019706617837 ], [ -73.794081816916005, 40.874031650166167 ], [ -73.794075027395166, 40.874043596556 ], [ -73.79406936634031, 40.874054689465922 ], [ -73.79406708416839, 40.874064933919428 ], [ -73.794063669444995, 40.874077741829929 ], [ -73.794053496952287, 40.874092244056726 ], [ -73.794042212972684, 40.874102473266433 ], [ -73.794033179525201, 40.874112705660387 ], [ -73.79402978210868, 40.874119533422743 ], [ -73.794031988973288, 40.874133204106791 ], [ -73.794044320491452, 40.874148600269038 ], [ -73.794046541807759, 40.874157999030459 ], [ -73.794044238457232, 40.874175077276959 ], [ -73.794034061864622, 40.874191287722994 ], [ -73.794019381989372, 40.874207490121691 ], [ -73.794008093900402, 40.874219428552863 ], [ -73.794000171800661, 40.874233934795186 ], [ -73.793991118583804, 40.874250147243067 ], [ -73.793979804124376, 40.874270625843991 ], [ -73.793970748251468, 40.874287692022754 ], [ -73.793962829992353, 40.874301345535748 ], [ -73.793958284017563, 40.874315856888011 ], [ -73.79395375028794, 40.874326097315212 ], [ -73.793949210810936, 40.874338902291655 ], [ -73.79394354441186, 40.874351704332533 ], [ -73.793937879222725, 40.874364506376601 ], [ -73.793931075195104, 40.874380722002911 ], [ -73.793925407354408, 40.874394377777527 ], [ -73.793918613350939, 40.874408886950192 ], [ -73.793914073098165, 40.87442083642874 ], [ -73.793910658330972, 40.874433642493727 ], [ -73.793907232861287, 40.874449865077466 ], [ -73.793901553207945, 40.874466936365117 ], [ -73.793898121331864, 40.874484868001737 ], [ -73.793895836469389, 40.874495966937445 ], [ -73.793894676214151, 40.87450706972357 ], [ -73.793892359569725, 40.874528418972687 ], [ -73.793892298658093, 40.874548063941866 ], [ -73.793892240398719, 40.87456685350584 ], [ -73.793893317117309, 40.874583084136844 ], [ -73.793893269451473, 40.874598457180433 ], [ -73.793892081496296, 40.874618101976111 ], [ -73.79389092896453, 40.874627494791014 ], [ -73.793886346204772, 40.874653111017523 ], [ -73.793882918182604, 40.874670186245019 ], [ -73.793879495449602, 40.874685555178665 ], [ -73.793877197332236, 40.874700926038926 ], [ -73.793872646127312, 40.874717144768219 ], [ -73.793870346787713, 40.874732517467535 ], [ -73.79386805396949, 40.874746178268488 ], [ -73.79386688962559, 40.874758987517168 ], [ -73.793866849892225, 40.874771800534091 ], [ -73.793869052659929, 40.874787179440638 ], [ -73.793870137552176, 40.874799991790368 ], [ -73.7938712236475, 40.874812807740021 ], [ -73.793872299161393, 40.874829035608123 ], [ -73.793872254129084, 40.874843557762482 ], [ -73.793871077978196, 40.874859783361401 ], [ -73.793867661967809, 40.874872589505706 ], [ -73.793865375650711, 40.874884543010971 ], [ -73.793863088116126, 40.874896497434072 ], [ -73.793859665595619, 40.874911010873305 ], [ -73.793856254543584, 40.874922963287503 ], [ -73.793849454298424, 40.874938325260779 ], [ -73.793846039496799, 40.874951130401278 ], [ -73.793841500289986, 40.874963081719216 ], [ -73.793839191562085, 40.874981867256515 ], [ -73.793839143877747, 40.874997242140395 ], [ -73.793836846954989, 40.875012612164852 ], [ -73.793832242731938, 40.875045914911603 ], [ -73.793829936869884, 40.875062993064283 ], [ -73.793827633429757, 40.875080072139937 ], [ -73.793824214525586, 40.875094586504218 ], [ -73.79382192962585, 40.875105687277347 ], [ -73.793816236649633, 40.875127028644911 ], [ -73.793816173061401, 40.875147529100722 ], [ -73.793818354635604, 40.875169740963273 ], [ -73.793820541519992, 40.875190241846738 ], [ -73.793822728392854, 40.875210746327916 ], [ -73.793823803895648, 40.875226976035442 ], [ -73.793827127431911, 40.875243211520441 ], [ -73.793832711807013, 40.875256887324902 ], [ -73.793838298834558, 40.87526970864409 ], [ -73.79384163009864, 40.875284235914194 ], [ -73.793846085992413, 40.875298764274902 ], [ -73.793846038312026, 40.875314138320284 ], [ -73.793841492349983, 40.87532865058553 ], [ -73.793833573945761, 40.875342302330658 ], [ -73.793823401210474, 40.875356803612412 ], [ -73.793810978004089, 40.875371301873884 ], [ -73.793796296267516, 40.875388357892582 ], [ -73.79378160403175, 40.875408831348054 ], [ -73.793774819390663, 40.875419924071572 ], [ -73.793765767061942, 40.875436135580159 ], [ -73.793760104734844, 40.875447228553853 ], [ -73.793754441952444, 40.875459177857557 ], [ -73.793742000160179, 40.875479654329453 ], [ -73.793732946490323, 40.875496719570044 ], [ -73.793721645210752, 40.875512075239705 ], [ -73.793714861994474, 40.875522311630981 ], [ -73.793704690638904, 40.875535961092417 ], [ -73.793700155239662, 40.875547055075472 ], [ -73.793696746776575, 40.875558152998622 ], [ -73.793693333348145, 40.875570105402453 ], [ -73.793689930298015, 40.875579494103143 ], [ -73.793687653536963, 40.875587178433726 ], [ -73.793685368608649, 40.875598275605341 ], [ -73.793679697958595, 40.875612786771121 ], [ -73.793674015492044, 40.875630713533972 ], [ -73.793668339534364, 40.875646932916382 ], [ -73.793664916596796, 40.875662300000585 ], [ -73.793659224726326, 40.875683644036805 ], [ -73.793656918800309, 40.875700721346419 ], [ -73.793655763561176, 40.875710969563364 ], [ -73.793654599382549, 40.875722925991013 ], [ -73.793654559613117, 40.875735737249258 ], [ -73.793654493327352, 40.875757090431236 ], [ -73.793653307708013, 40.875776734304573 ], [ -73.793652122096262, 40.87579637549878 ], [ -73.79364869273688, 40.875813452638774 ], [ -73.793646381266583, 40.875833094495626 ], [ -73.793642951908396, 40.87585017071526 ], [ -73.793637266762602, 40.875868950203994 ], [ -73.793630451668335, 40.875889438573111 ], [ -73.793624767729526, 40.875908218063259 ], [ -73.793619100794842, 40.875921874658587 ], [ -73.793611170786676, 40.875938090002734 ], [ -73.793606639096467, 40.875948330418474 ], [ -73.793599848191818, 40.875960277609153 ], [ -73.793593064577095, 40.875971366726333 ], [ -73.793586277423728, 40.875982458596972 ], [ -73.793580619979494, 40.875992699672693 ], [ -73.793570423214746, 40.876014889290261 ], [ -73.793562500472603, 40.876030248314102 ], [ -73.79355570413972, 40.876043901963868 ], [ -73.793546654434024, 40.876059259888798 ], [ -73.793535355668979, 40.876073761888819 ], [ -73.793524056677356, 40.876089115700417 ], [ -73.793511625198505, 40.876106175793097 ], [ -73.793504848405419, 40.876114704793565 ], [ -73.793494661003734, 40.876133476209887 ], [ -73.793485603307047, 40.87615139775307 ], [ -73.793482198984549, 40.876160787365826 ], [ -73.793477663392068, 40.876171882342469 ], [ -73.793474252653624, 40.876182981090146 ], [ -73.793471964901087, 40.876194933662305 ], [ -73.793468554055607, 40.876206030653194 ], [ -73.793462860635231, 40.87622822832828 ], [ -73.7934594193772, 40.876248721893241 ], [ -73.793459363638121, 40.876266660479111 ], [ -73.793462690784963, 40.876282892380232 ], [ -73.793468267434847, 40.876298278253884 ], [ -73.793474978017684, 40.876311102438379 ], [ -73.793481686829168, 40.876325633088129 ], [ -73.793489520507137, 40.876339313856633 ], [ -73.79349848656409, 40.876351288508509 ], [ -73.793510813286886, 40.876367540123447 ], [ -73.793516410960379, 40.876376944936538 ], [ -73.793523128081389, 40.876388060065587 ], [ -73.793535441553814, 40.876408581760337 ], [ -73.793545516358719, 40.876425682155862 ], [ -73.793553347414942, 40.876440215648181 ], [ -73.793560069512765, 40.876450477965633 ], [ -73.793569033284612, 40.87646245168758 ], [ -73.793576873515349, 40.876474424234985 ], [ -73.793585833092635, 40.876488106090797 ], [ -73.793593665372342, 40.876502640586224 ], [ -73.79360148970261, 40.876519736864061 ], [ -73.793604830374747, 40.876530846780177 ], [ -73.793610397692632, 40.876549646405991 ], [ -73.793613728969333, 40.876564173679277 ], [ -73.793615942346946, 40.876576136235485 ], [ -73.793620393084623, 40.876592372818685 ], [ -73.793621473864022, 40.876606894307017 ], [ -73.79362818705043, 40.876618863911901 ], [ -73.793638272512084, 40.876632549619821 ], [ -73.793644988138439, 40.876644516550279 ], [ -73.793649441424634, 40.876659900404881 ], [ -73.79364826783528, 40.876675272431449 ], [ -73.793644834340625, 40.876694057703922 ], [ -73.793638023258922, 40.87671283609361 ], [ -73.793628966736946, 40.876730756728257 ], [ -73.793621049557714, 40.876743555640964 ], [ -73.793612011820954, 40.876754642563256 ], [ -73.793598464986587, 40.876768284129042 ], [ -73.793580410481752, 40.876784481345751 ], [ -73.793571383112962, 40.876793006402501 ], [ -73.793552201410392, 40.876809200675304 ], [ -73.793542053477424, 40.876816015413169 ], [ -73.793528522644493, 40.876824532402566 ], [ -73.793516124084576, 40.876831342187856 ], [ -73.793503722970257, 40.8768390083806 ], [ -73.793490194784681, 40.876846670713235 ], [ -73.793476670455831, 40.876853480318125 ], [ -73.793465396539574, 40.876860291274731 ], [ -73.793451872208266, 40.876867099956591 ], [ -73.793430453313462, 40.876879021935586 ], [ -73.793415812182587, 40.876883264053824 ], [ -73.793392146628761, 40.876894326507113 ], [ -73.793371867963373, 40.876901977649602 ], [ -73.79335271671583, 40.876908775314583 ], [ -73.793331328217562, 40.87691130070052 ], [ -73.793307695614899, 40.876912112911995 ], [ -73.793289692915891, 40.876911226065417 ], [ -73.793272817523103, 40.876909487584079 ], [ -73.793261563382728, 40.876910320138855 ], [ -73.793248041675582, 40.876916275147089 ], [ -73.793236761301515, 40.876924796975189 ], [ -73.793228857307838, 40.876933324855777 ], [ -73.793217558338938, 40.876947822305745 ], [ -73.793204021773022, 40.876958903803974 ], [ -73.793190505369935, 40.876963149752278 ], [ -73.793170239947386, 40.876966530692158 ], [ -73.793152227814133, 40.876969060343747 ], [ -73.793136475621054, 40.876968177510619 ], [ -73.793120727184444, 40.87696644186525 ], [ -73.793100460660753, 40.876969821118287 ], [ -73.793091438755738, 40.876975784182541 ], [ -73.793085765204069, 40.87699114804375 ], [ -73.793084595235044, 40.877005667253549 ], [ -73.793085682781665, 40.877017625957272 ], [ -73.793090137068077, 40.877033008912989 ], [ -73.793099083437468, 40.877050960973733 ], [ -73.793110285541715, 40.87706720968994 ], [ -73.793122626807005, 40.877079190426869 ], [ -73.793138348687179, 40.8770894679948 ], [ -73.793152945808657, 40.877099742707848 ], [ -73.793168683528592, 40.877104897376128 ], [ -73.79318330613404, 40.877106630076717 ], [ -73.793204681174984, 40.877109232134508 ], [ -73.793224929372485, 40.877110976675588 ], [ -73.793245172137091, 40.877115283082809 ], [ -73.793272164052141, 40.877119602507406 ], [ -73.793292407924227, 40.877123908908302 ], [ -73.793313760750451, 40.877132488320619 ], [ -73.79333286171682, 40.877141920107405 ], [ -73.793351951971033, 40.877154763807795 ], [ -73.793367663167999, 40.877168459620485 ], [ -73.793386750884878, 40.87718215972513 ], [ -73.793406964369112, 40.87719586175858 ], [ -73.793421571071647, 40.87720271991688 ], [ -73.793437304740237, 40.87720958285248 ], [ -73.793451911332838, 40.87721644284683 ], [ -73.793467643911725, 40.877223303936141 ], [ -73.793490121224195, 40.877232739066677 ], [ -73.793505849941084, 40.877240455637079 ], [ -73.793518208338469, 40.877247309756562 ], [ -73.793531681228146, 40.877256729589881 ], [ -73.793551892116227, 40.877271284411137 ], [ -73.793561996230963, 40.877278990902894 ], [ -73.793574348339192, 40.877287555071405 ], [ -73.79359568954925, 40.877299549107796 ], [ -73.793615925537026, 40.877306419158337 ], [ -73.793635043839828, 40.877309870751148 ], [ -73.793655293096236, 40.87731246887153 ], [ -73.793674408866266, 40.877316773186273 ], [ -73.793695773616662, 40.877321937015097 ], [ -73.793708143100076, 40.877324520190761 ], [ -73.793725008227668, 40.877328822310517 ], [ -73.793741878436379, 40.877332268943711 ], [ -73.79376099421772, 40.877336573244079 ], [ -73.793780108446398, 40.877341733953138 ], [ -73.793800343265062, 40.877348600371349 ], [ -73.793822828945949, 40.877354619835558 ], [ -73.793838569204198, 40.877359774416611 ], [ -73.793852058058079, 40.877364068724553 ], [ -73.793872291452203, 40.87737179053827 ], [ -73.793888030726919, 40.877376091542828 ], [ -73.793908269417827, 40.877382106972327 ], [ -73.793934126237957, 40.877389838826346 ], [ -73.793956609075579, 40.877397566569293 ], [ -73.793974604196222, 40.877400161525479 ], [ -73.793997102930234, 40.877402762683786 ], [ -73.794011713480643, 40.877408768960926 ], [ -73.794027448694848, 40.877414777245264 ], [ -73.7940420713837, 40.877416511592031 ], [ -73.794061860950222, 40.877417337095743 ], [ -73.794063450643819, 40.8774174034316 ], [ -73.794080330264265, 40.877417433578323 ], [ -73.794096084121733, 40.877417461712199 ], [ -73.794106207068253, 40.877418333443423 ], [ -73.794115194546251, 40.877423475091796 ], [ -73.794129810413693, 40.877427769539416 ], [ -73.794145554899814, 40.877431215859865 ], [ -73.794163551248005, 40.877433811708819 ], [ -73.794181547608716, 40.877436403957148 ], [ -73.794200668732742, 40.877439000887996 ], [ -73.794220918046875, 40.877441600665442 ], [ -73.79424115855609, 40.877445905137044 ], [ -73.794259148191699, 40.877451063758386 ], [ -73.794278254565938, 40.877458785329829 ], [ -73.794291736754133, 40.877465641371089 ], [ -73.794308589953715, 40.877474213490729 ], [ -73.794323192620567, 40.877482781678509 ], [ -73.794335544873292, 40.877491343005076 ], [ -73.794349024312268, 40.877499055447927 ], [ -73.794364749014505, 40.877508478363261 ], [ -73.794377098517714, 40.877517896094986 ], [ -73.794387191098522, 40.877529018026877 ], [ -73.794398402957327, 40.877541848423462 ], [ -73.794403991489929, 40.877554672388605 ], [ -73.794410714056298, 40.877564078242948 ], [ -73.794420797179484, 40.877578618448638 ], [ -73.794424139259377, 40.877589726584738 ], [ -73.794428592905277, 40.877605108565447 ], [ -73.794431927276605, 40.877617926753743 ], [ -73.794430761554892, 40.877631592329671 ], [ -73.794429589562682, 40.877646108869605 ], [ -73.794442539620533, 40.877643570914437 ], [ -73.794451537725536, 40.877645294261647 ], [ -73.794447548789847, 40.877661514927432 ], [ -73.794441868989722, 40.877678589829472 ], [ -73.794439574976025, 40.877692249797327 ], [ -73.794433900459794, 40.877707614640762 ], [ -73.794424853370899, 40.877722118897829 ], [ -73.794418068496128, 40.877733209896597 ], [ -73.794412401895144, 40.877746012873935 ], [ -73.794406731223432, 40.877760523149682 ], [ -73.794398806147925, 40.877775883141986 ], [ -73.794393698930321, 40.877786146484702 ], [ -73.794392012236997, 40.877789536003398 ], [ -73.794385222385216, 40.877801483323275 ], [ -73.794378432319192, 40.877814283373993 ], [ -73.794366019233735, 40.877825365170139 ], [ -73.794352490947688, 40.87783302676614 ], [ -73.794337832696499, 40.877842397247591 ], [ -73.794326566732707, 40.877846648180054 ], [ -73.794310810128977, 40.877847474645947 ], [ -73.794298427423286, 40.877849160781771 ], [ -73.794289405180223, 40.877855977592439 ], [ -73.79428148689631, 40.877868774704432 ], [ -73.794278077201909, 40.877879871717852 ], [ -73.794271286226035, 40.877891817187425 ], [ -73.79426338335189, 40.877900345140652 ], [ -73.794254352067497, 40.877909722975097 ], [ -73.794245318128702, 40.877919958054875 ], [ -73.794231770965695, 40.87793445426604 ], [ -73.794222743742921, 40.877942125635577 ], [ -73.794212591850425, 40.877949794160827 ], [ -73.79419680624035, 40.877960016266442 ], [ -73.794186645085503, 40.877970674315286 ], [ -73.794193351678899, 40.877985633582121 ], [ -73.794203432178335, 40.878001026533823 ], [ -73.794203403091245, 40.878010421268783 ], [ -73.794198854595621, 40.878024934456711 ], [ -73.794193187711372, 40.878038590237523 ], [ -73.794188648364454, 40.878050538884608 ], [ -73.794184104933294, 40.878064197507854 ], [ -73.794180692571302, 40.878076148082442 ], [ -73.794176151780121, 40.878088953057095 ], [ -73.794170489298352, 40.878100045124143 ], [ -73.794161456420881, 40.87811028019896 ], [ -73.794155789743783, 40.878123081406422 ], [ -73.794147860489232, 40.878140149515367 ], [ -73.794137695324693, 40.878152090792746 ], [ -73.794126409569614, 40.878162319165988 ], [ -73.794115122260436, 40.878173403864722 ], [ -73.794108329461324, 40.878187056626793 ], [ -73.794099290173421, 40.878198999076112 ], [ -73.794091372913854, 40.878211796176217 ], [ -73.794084580325844, 40.878224595368025 ], [ -73.794080037959532, 40.878238255745053 ], [ -73.794074367400128, 40.878251909674177 ], [ -73.794070951250845, 40.878264717571618 ], [ -73.794064153142358, 40.878280078632393 ], [ -73.794061860234166, 40.8782937412698 ], [ -73.794057319410655, 40.878306544481546 ], [ -73.79404941128189, 40.878316779716066 ], [ -73.794031381614104, 40.878324434070002 ], [ -73.794013350607884, 40.878332945751914 ], [ -73.794000933396021, 40.878345734807738 ], [ -73.793994146075704, 40.878356824856098 ], [ -73.793987359847776, 40.878367916663663 ], [ -73.793980564571342, 40.878381572174902 ], [ -73.793973767864927, 40.878396078659591 ], [ -73.793965854414822, 40.878408023024676 ], [ -73.793954559205815, 40.878421669657037 ], [ -73.79394326918046, 40.878433607066555 ], [ -73.793930863966068, 40.87844212427246 ], [ -73.793918476066082, 40.87844466493123 ], [ -73.793902160943915, 40.87844463752792 ], [ -73.793895921141385, 40.878460855069335 ], [ -73.793889135001393, 40.878471945951034 ], [ -73.793881218875313, 40.878484744878371 ], [ -73.793874425014195, 40.878497542214852 ], [ -73.793866510091576, 40.878510342064658 ], [ -73.793858586239949, 40.878524847447295 ], [ -73.793848415675185, 40.878538494154498 ], [ -73.793838248847209, 40.878551289976087 ], [ -73.793826953590496, 40.878564935674262 ], [ -73.793817912770848, 40.878577729827086 ], [ -73.793805487741906, 40.878592229833522 ], [ -73.793793065031608, 40.878606727164957 ], [ -73.793780639770603, 40.87862207990235 ], [ -73.79376933532923, 40.878638287458294 ], [ -73.793759164725941, 40.878651935077393 ], [ -73.793747865239993, 40.878667288067085 ], [ -73.793738829903489, 40.878677524023644 ], [ -73.793728672542045, 40.878686900639131 ], [ -73.793715142564636, 40.878695417565822 ], [ -73.793700491877203, 40.878702225180064 ], [ -73.7936852908894, 40.878705186771406 ], [ -73.793666739940434, 40.878699601150792 ], [ -73.793655485493574, 40.878700436420061 ], [ -73.79363970371331, 40.878708949393229 ], [ -73.793626172507828, 40.878717466307272 ], [ -73.793611517830584, 40.878725980288714 ], [ -73.79359464958894, 40.878722533641422 ], [ -73.793577776376509, 40.878719942477062 ], [ -73.793557521051582, 40.878719906213512 ], [ -73.793539519071786, 40.878719019406965 ], [ -73.793520397603643, 40.878716422368377 ], [ -73.793500146487816, 40.878714676955113 ], [ -73.793486649756431, 40.878712091823054 ], [ -73.793469778875206, 40.878709497886852 ], [ -73.793448407174154, 40.878706042231528 ], [ -73.793427036339097, 40.878703443823198 ], [ -73.793403411408136, 40.878700838697 ], [ -73.793379782380029, 40.8786999427032 ], [ -73.793359527061327, 40.878699906404897 ], [ -73.793343767699611, 40.878701586388196 ], [ -73.793328004471533, 40.878704119177669 ], [ -73.793313367026201, 40.878706654820597 ], [ -73.793295350323078, 40.878710894469734 ], [ -73.79327619998638, 40.878716839390698 ], [ -73.793253672829209, 40.878723631906624 ], [ -73.79323113925345, 40.878732132632422 ], [ -73.79320860676917, 40.878740634275871 ], [ -73.793187201733588, 40.878748283447962 ], [ -73.79316692127253, 40.87875593270941 ], [ -73.793150020051371, 40.878762734460409 ], [ -73.79313424581936, 40.878769539987211 ], [ -73.79312183777337, 40.878778913430132 ], [ -73.793111671117501, 40.87879085369341 ], [ -73.793102622144801, 40.878806212415491 ], [ -73.793098081098648, 40.878819016508331 ], [ -73.793093532082054, 40.878834380542692 ], [ -73.7930912283189, 40.878851460595662 ], [ -73.793090053112905, 40.878867688018317 ], [ -73.793088866062817, 40.878887330114843 ], [ -73.793088834160457, 40.878897578494723 ], [ -73.79308877034687, 40.878918078101002 ], [ -73.793087587400024, 40.878936012815224 ], [ -73.793084162715346, 40.878952233523158 ], [ -73.793080743790455, 40.878965895039144 ], [ -73.79307732741988, 40.878978700145254 ], [ -73.793072786246725, 40.878991504236474 ], [ -73.7930693696361, 40.879005164836137 ], [ -73.793067076501274, 40.879018826531833 ], [ -73.793064778048816, 40.879034196527385 ], [ -73.793063609602541, 40.879047860240092 ], [ -73.793060179924183, 40.879064937352389 ], [ -73.79305338560107, 40.879078591888018 ], [ -73.793045477226997, 40.879088826132119 ], [ -73.793035332884685, 40.8790939344441 ], [ -73.793017299126362, 40.879102443204573 ], [ -73.793002657583983, 40.879106687110173 ], [ -73.792985770658021, 40.879109218671928 ], [ -73.792965508786494, 40.879110892360046 ], [ -73.792950881993164, 40.879110010603313 ], [ -73.792930639858085, 40.879105702306624 ], [ -73.792917159038211, 40.879097991538295 ], [ -73.792905936564097, 40.879088575594935 ], [ -73.792892464834864, 40.879078302960181 ], [ -73.792883467793075, 40.879076578573937 ], [ -73.792864337159443, 40.87907654420912 ], [ -73.792845207627664, 40.879076509843088 ], [ -73.792830568980079, 40.879079045422614 ], [ -73.792822673875449, 40.879085011408648 ], [ -73.792815895719997, 40.879092684951644 ], [ -73.792807991175351, 40.879102067289956 ], [ -73.792796697065313, 40.879114858315546 ], [ -73.792783124167457, 40.87913704095012 ], [ -73.792774081848265, 40.879149837776495 ], [ -73.792763914836073, 40.879162631662005 ], [ -73.792757123344941, 40.879174577039372 ], [ -73.792751466611449, 40.879184815392648 ], [ -73.792746926681374, 40.879197620310542 ], [ -73.792741250435768, 40.879212984227898 ], [ -73.792738951901512, 40.87922835413265 ], [ -73.792738903959631, 40.879243729002809 ], [ -73.792741103955365, 40.879259960730039 ], [ -73.792743325257078, 40.879269360427863 ], [ -73.792748916636214, 40.879280473572379 ], [ -73.792754509113607, 40.879291588474963 ], [ -73.792766829427535, 40.879310401106963 ], [ -73.792781413661345, 40.879324947784511 ], [ -73.792789267405354, 40.879332648456327 ], [ -73.792813937710321, 40.87936002449058 ], [ -73.792821779354455, 40.879371998003926 ], [ -73.792828487356175, 40.879385675029063 ], [ -73.792834069210343, 40.879400205440938 ], [ -73.792836269234485, 40.879416437165894 ], [ -73.79283397869446, 40.879429246964285 ], [ -73.792821558385214, 40.879442890542379 ], [ -73.792808026924334, 40.879451408279365 ], [ -73.792791129603799, 40.879456500837286 ], [ -73.792775373814422, 40.879457326175299 ], [ -73.792758497788711, 40.879455587619397 ], [ -73.792734881462891, 40.879451276822088 ], [ -73.792707894314333, 40.879444394483862 ], [ -73.792686530296706, 40.879438376823671 ], [ -73.792669670029397, 40.879432366336331 ], [ -73.792653934451693, 40.879426360629168 ], [ -73.792642701427937, 40.879419507441618 ], [ -73.792626973854183, 40.879410938025309 ], [ -73.792610116259866, 40.879404074802629 ], [ -73.792596624651594, 40.879399778589026 ], [ -73.792576377225075, 40.879397180289416 ], [ -73.792557257159203, 40.879393730276576 ], [ -73.792546009372629, 40.879392000977326 ], [ -73.79253025782846, 40.879391117143818 ], [ -73.792513380373407, 40.879390232202205 ], [ -73.792495381987067, 40.879388493426973 ], [ -73.792477380079717, 40.879386752719981 ], [ -73.79245825736173, 40.879384154666141 ], [ -73.792439129196865, 40.8793832665826 ], [ -73.792408757238888, 40.87937979537017 ], [ -73.792388511281089, 40.879376342466045 ], [ -73.792368264973405, 40.87937374413189 ], [ -73.79235138897667, 40.879372006435183 ], [ -73.792332258258284, 40.879371971982145 ], [ -73.792314249566843, 40.879372793199678 ], [ -73.792291732769769, 40.879376168173501 ], [ -73.792266957355423, 40.879382102793755 ], [ -73.792243301407694, 40.879389745895004 ], [ -73.792220763235974, 40.879399955560487 ], [ -73.792208366837812, 40.879405912474198 ], [ -73.792193714738772, 40.879412718974123 ], [ -73.792177936480826, 40.879420378935407 ], [ -73.792162155445112, 40.879428890785903 ], [ -73.792147501877864, 40.879436551850155 ], [ -73.792136224816787, 40.879444219919542 ], [ -73.792123819063505, 40.879452739607039 ], [ -73.792101270282004, 40.879466363926205 ], [ -73.792082105907411, 40.879477432381492 ], [ -73.792065195165193, 40.879486795834396 ], [ -73.792050541571129, 40.879494457807617 ], [ -73.792033633128682, 40.879503823016407 ], [ -73.792014471758577, 40.879513184160309 ], [ -73.791998689322725, 40.87952255231508 ], [ -73.791984031832229, 40.879531067005523 ], [ -73.791965992123778, 40.879542135712676 ], [ -73.791953586440769, 40.879550655380619 ], [ -73.791938926009806, 40.879560880125744 ], [ -73.791925387496462, 40.879571958789924 ], [ -73.791917488373187, 40.879578776520368 ], [ -73.791905073195011, 40.87959071261843 ], [ -73.791890400728406, 40.879604353788096 ], [ -73.791880241509375, 40.879614582131651 ], [ -73.791870082518827, 40.879623962259913 ], [ -73.791862176570774, 40.879633342773928 ], [ -73.791853138147715, 40.879644429551128 ], [ -73.79184071480941, 40.879658928427133 ], [ -73.791828281239603, 40.879675988242859 ], [ -73.791814727842663, 40.879692192465079 ], [ -73.791804560565708, 40.879704985343359 ], [ -73.791795514098467, 40.879718633982314 ], [ -73.791785342808453, 40.879732283265881 ], [ -73.791772916873299, 40.879747635782444 ], [ -73.791759363808666, 40.879762986345867 ], [ -73.791745814628868, 40.879777481338031 ], [ -73.791732272150497, 40.879789413624806 ], [ -73.791716486934277, 40.87979963538838 ], [ -73.791700703432767, 40.879808148008586 ], [ -73.791682672836075, 40.87981665656568 ], [ -73.791666903924948, 40.879820898264882 ], [ -73.791654515426288, 40.879824294089858 ], [ -73.791637622915545, 40.879828531914725 ], [ -73.79162072661498, 40.879833626979533 ], [ -73.791603823739251, 40.879840431176873 ], [ -73.791588050315767, 40.879847233732889 ], [ -73.791572270928867, 40.879854038199845 ], [ -73.791562130359239, 40.879858291730933 ], [ -73.791541866659429, 40.879860815220887 ], [ -73.791522728968957, 40.87986334526105 ], [ -73.791502459899334, 40.879867579638983 ], [ -73.791479939113543, 40.879871808098628 ], [ -73.791459666258447, 40.879876896114915 ], [ -73.791438271261029, 40.879881129364023 ], [ -73.791423632128229, 40.879884518416929 ], [ -73.79139660314388, 40.879891304266621 ], [ -73.791383086287937, 40.879894694507065 ], [ -73.791368445567642, 40.879898939044274 ], [ -73.79135267661259, 40.879903181536783 ], [ -73.791336907657254, 40.879907424027117 ], [ -73.791321143694034, 40.879910812871636 ], [ -73.791306502121401, 40.879914202825319 ], [ -73.791289609675047, 40.879918441435677 ], [ -73.791271593873688, 40.879921826197503 ], [ -73.791252449589663, 40.879926060809915 ], [ -73.791236685617719, 40.879929449642873 ], [ -73.791222044039557, 40.879932838665759 ], [ -73.791207406347894, 40.879935375879953 ], [ -73.791190520722907, 40.879937053529993 ], [ -73.791174758331096, 40.879939586864502 ], [ -73.7911601232137, 40.879941268584474 ], [ -73.791143238793623, 40.879942947149864 ], [ -73.791125226036812, 40.879944622747466 ], [ -73.791107216803638, 40.879946298348649 ], [ -73.791077949471429, 40.879948806283345 ], [ -73.791055433881951, 40.879951329205618 ], [ -73.791037419385205, 40.879954713013198 ], [ -73.791022775101624, 40.879958957498786 ], [ -73.791009253682816, 40.879964910486791 ], [ -73.790993464675367, 40.87997513214583 ], [ -73.790978801318602, 40.87998621041595 ], [ -73.79096863910307, 40.87999729324752 ], [ -73.790956220983148, 40.880010085568124 ], [ -73.790942681116732, 40.880021162272591 ], [ -73.790926904046003, 40.880027967491799 ], [ -73.790905496749701, 40.880036469888545 ], [ -73.79089197298039, 40.880042425536281 ], [ -73.790878447627648, 40.880049233912182 ], [ -73.790862669069924, 40.880056892772586 ], [ -73.790849141138338, 40.880064553873012 ], [ -73.790826593251879, 40.880077324291236 ], [ -73.790809683379322, 40.880086691159036 ], [ -73.790796156536246, 40.880094353175288 ], [ -73.790786006609579, 40.880101166826705 ], [ -73.790769087448595, 40.880113095551209 ], [ -73.790754434785057, 40.88012075551967 ], [ -73.79074148396667, 40.880123721642789 ], [ -73.790720659140547, 40.880125818900993 ], [ -73.79070939941117, 40.880127507611363 ], [ -73.790700374174975, 40.880134324132911 ], [ -73.79069809089988, 40.880145423081657 ], [ -73.790694667522857, 40.880159938169427 ], [ -73.790689006490283, 40.88017102914651 ], [ -73.790678821569585, 40.880188947490659 ], [ -73.790668631257759, 40.880208575892269 ], [ -73.790660703549023, 40.88022479019078 ], [ -73.790650529375966, 40.880239291180828 ], [ -73.79063696898244, 40.88025720347774 ], [ -73.790623416759388, 40.880272554744742 ], [ -73.790616113581521, 40.880278438833201 ], [ -73.790606494468662, 40.880286188903348 ], [ -73.790596338006793, 40.880294711674154 ], [ -73.790576035238104, 40.880309196103376 ], [ -73.790561372956091, 40.880320272480525 ], [ -73.790544460196998, 40.880330489360155 ], [ -73.7905286668542, 40.88034242101282 ], [ -73.790524144054359, 40.880349244780753 ], [ -73.790524114443272, 40.880358640430657 ], [ -73.790529698572911, 40.880372315545827 ], [ -73.790535274623835, 40.88038855436551 ], [ -73.790544231412568, 40.880403090096742 ], [ -73.790547578740032, 40.880411638226718 ], [ -73.790550907957098, 40.880427018391494 ], [ -73.790554216125201, 40.880448379525774 ], [ -73.790555288222066, 40.880465463733401 ], [ -73.790556369869606, 40.880479132508825 ], [ -73.790557458118556, 40.880491091146922 ], [ -73.790559665694488, 40.880504761884836 ], [ -73.790563007273349, 40.880515871046725 ], [ -73.790569701462715, 40.880533820958163 ], [ -73.790577540159831, 40.880546645592666 ], [ -73.790588761069174, 40.880556917167532 ], [ -73.7906056065071, 40.880568050767714 ], [ -73.790619086249308, 40.880575763642128 ], [ -73.790637056414454, 40.880586898443703 ], [ -73.790647163389821, 40.880593749696828 ], [ -73.790661762482529, 40.880603171068714 ], [ -73.790678602560718, 40.880616014713873 ], [ -73.790689832781226, 40.880623722576239 ], [ -73.790701061792134, 40.88063143043663 ], [ -73.790712290913092, 40.880639139214864 ], [ -73.790734751643086, 40.880653699438319 ], [ -73.790750471308939, 40.880664831977867 ], [ -73.790761680038969, 40.880679371777866 ], [ -73.790762769807586, 40.880690475927366 ], [ -73.790760478822037, 40.880703285763957 ], [ -73.79075593598867, 40.880716087919026 ], [ -73.790751391672813, 40.880729745478831 ], [ -73.790745717256911, 40.880745110134292 ], [ -73.790736674214614, 40.88075790679823 ], [ -73.790722020189804, 40.880765567763248 ], [ -73.790703992280527, 40.880772366104722 ], [ -73.790683713331845, 40.880780017692651 ], [ -73.790666823573702, 40.880782549830009 ], [ -73.790651069030488, 40.880782521228006 ], [ -73.790635306307237, 40.8807850544882 ], [ -73.790618410901828, 40.880790148487399 ], [ -73.790599251277143, 40.880799509481932 ], [ -73.79058347546966, 40.880805459161799 ], [ -73.790569964969649, 40.880807144690912 ], [ -73.790556446139462, 40.880812242973548 ], [ -73.790542917907047, 40.88081990504061 ], [ -73.790529393948759, 40.880825859724858 ], [ -73.790513604395784, 40.880836935888738 ], [ -73.790496683415597, 40.880849716379892 ], [ -73.790480893854408, 40.880860791619178 ], [ -73.790467367193813, 40.880867599107518 ], [ -73.790452719605966, 40.880873550819594 ], [ -73.79043581217546, 40.880882062143399 ], [ -73.790425675547013, 40.880884608359935 ], [ -73.79040767302682, 40.880883719224919 ], [ -73.790388540277121, 40.880884540860784 ], [ -73.790372773723789, 40.880887927729397 ], [ -73.790351371470578, 40.880894720886431 ], [ -73.790328831396067, 40.880904930178723 ], [ -73.790316431742554, 40.880911740534948 ], [ -73.790292761549864, 40.880923655070283 ], [ -73.790280363480804, 40.880929611771613 ], [ -73.790258943815388, 40.880941531398278 ], [ -73.790238652885904, 40.880952597495138 ], [ -73.790222873926751, 40.880960257187922 ], [ -73.790205959849175, 40.880970474013353 ], [ -73.790192419648093, 40.880981555061879 ], [ -73.790174377872447, 40.88099347805732 ], [ -73.790159726312908, 40.881000286139049 ], [ -73.790141695576736, 40.881007940801496 ], [ -73.790124794682953, 40.881014742944934 ], [ -73.790111271752082, 40.881020696744379 ], [ -73.7900977543257, 40.881024942244558 ], [ -73.790079728967854, 40.88103088960068 ], [ -73.79006621143084, 40.881035133339289 ], [ -73.790048188768509, 40.881040226124036 ], [ -73.790029041379469, 40.881045316772862 ], [ -73.790009903185833, 40.881047844721174 ], [ -73.789994133603159, 40.881052939842839 ], [ -73.789979489013902, 40.881057183275068 ], [ -73.789965976851747, 40.881059722383021 ], [ -73.789947964973123, 40.881061397798639 ], [ -73.789929951612436, 40.881063925942591 ], [ -73.789907436817685, 40.881066446884809 ], [ -73.789897301627335, 40.881068139321179 ], [ -73.789880427702528, 40.881066397671546 ], [ -73.78985904842871, 40.881065504975588 ], [ -73.789835417396702, 40.881064607335325 ], [ -73.789823043182736, 40.881063731128783 ], [ -73.789808413296015, 40.881063704461781 ], [ -73.789792665187889, 40.881061968447973 ], [ -73.7897769147677, 40.881060231509039 ], [ -73.789761165565181, 40.881058493648815 ], [ -73.78974429031534, 40.881056754654587 ], [ -73.789728539890888, 40.881055020385503 ], [ -73.789700416871312, 40.881051550890739 ], [ -73.789680166243301, 40.881049805729816 ], [ -73.789661037750648, 40.881048915346092 ], [ -73.789638532656141, 40.881048021559486 ], [ -73.789614906648538, 40.881046271066943 ], [ -73.789591274023294, 40.881046227946413 ], [ -73.789568771641996, 40.881044477737028 ], [ -73.789546266554837, 40.881043583012364 ], [ -73.789528265099378, 40.881042695583659 ], [ -73.789510252003808, 40.88104437092877 ], [ -73.789495609812647, 40.881048613467705 ], [ -73.789482090726281, 40.881053716141899 ], [ -73.789466305154633, 40.881063080346614 ], [ -73.789455024693808, 40.881071601798986 ], [ -73.789442626519147, 40.881077559331494 ], [ -73.789426863792897, 40.881080091589034 ], [ -73.789414488369218, 40.881079215336484 ], [ -73.789397622847659, 40.8810740589375 ], [ -73.789383017313, 40.881066346541239 ], [ -73.789367284359386, 40.881059483979911 ], [ -73.789351554004099, 40.881051767768604 ], [ -73.789340333201224, 40.881041496994484 ], [ -73.789333611006484, 40.881032089012038 ], [ -73.789326906552333, 40.881016702646896 ], [ -73.789324701914865, 40.881002179995434 ], [ -73.789322502699633, 40.8809859464521 ], [ -73.78932141427596, 40.880974840535345 ], [ -73.789318093433494, 40.880956899392402 ], [ -73.789317007722715, 40.880944937987756 ], [ -73.789314789557181, 40.880934684579351 ], [ -73.789312571782688, 40.880923577435233 ], [ -73.789311484968664, 40.880911616948495 ], [ -73.789309277635951, 40.880897946187766 ], [ -73.789308223196159, 40.880875738162096 ], [ -73.789307149916823, 40.88085950843174 ], [ -73.789307193241712, 40.880845840863117 ], [ -73.78931400636057, 40.880826209090458 ], [ -73.789317416538339, 40.880815964125311 ], [ -73.789323073939372, 40.880805726026068 ], [ -73.789329867713619, 40.880792925364517 ], [ -73.789342305229127, 40.880774158438292 ], [ -73.789353609760568, 40.880758378145913 ], [ -73.789367155720086, 40.880745162153417 ], [ -73.789378446846925, 40.880733226033058 ], [ -73.789386358694998, 40.880722135635637 ], [ -73.789396535922862, 40.880706781026916 ], [ -73.789405569490469, 40.880697401822289 ], [ -73.789414603058432, 40.880688021698148 ], [ -73.789425890357833, 40.880676940138777 ], [ -73.789439440225152, 40.880662445421542 ], [ -73.789447343656548, 40.880654771456449 ], [ -73.789455258185185, 40.880642828242756 ], [ -73.789462048103928, 40.880630883058835 ], [ -73.789467725508089, 40.880614665654846 ], [ -73.789471149289753, 40.880600149684874 ], [ -73.789472316077394, 40.880586486006919 ], [ -73.789471233150664, 40.880573673631787 ], [ -73.789469007139758, 40.88056512751799 ], [ -73.789457790602569, 40.880553147615302 ], [ -73.789448824305069, 40.88054202999222 ], [ -73.789436489688072, 40.880528338984085 ], [ -73.789428644307648, 40.880518076137577 ], [ -73.789419686538096, 40.880503539397829 ], [ -73.789412972502362, 40.880491570390852 ], [ -73.789408504805095, 40.88048131103497 ], [ -73.789405160711325, 40.88047105649251 ], [ -73.789401835568398, 40.880454821729074 ], [ -73.789400748740434, 40.880442862998507 ], [ -73.789396284144814, 40.880430895504745 ], [ -73.789388430388314, 40.880424047335765 ], [ -73.789378315447763, 40.880419758671827 ], [ -73.789363707353601, 40.880412900005048 ], [ -73.78935190659007, 40.880408181516032 ], [ -73.78933109406907, 40.880406006601063 ], [ -73.789318726890798, 40.880402568473556 ], [ -73.789306373654796, 40.880394002931034 ], [ -73.789298547267421, 40.88037775993957 ], [ -73.789295211035409, 40.880365797181277 ], [ -73.789293004007874, 40.880351272682944 ], [ -73.789291914494726, 40.880340167682647 ], [ -73.789291944282894, 40.880330771114302 ], [ -73.789295376204947, 40.880313694204219 ], [ -73.789304412718323, 40.88030260854314 ], [ -73.789307255351289, 40.880293643940099 ], [ -73.789289850697656, 40.880281226807661 ], [ -73.789287036729888, 40.880278436669897 ], [ -73.78927863394442, 40.880270105058315 ], [ -73.789270787418033, 40.880259838601859 ], [ -73.789266319754191, 40.880249581080172 ], [ -73.789268616417658, 40.880235065731775 ], [ -73.789263026042647, 40.880223098852674 ], [ -73.789252936620045, 40.880211121826676 ], [ -73.789245106062779, 40.88019658713263 ], [ -73.789238386681376, 40.880186323654023 ], [ -73.789223790588764, 40.880176048538736 ], [ -73.789213701570517, 40.880163218777284 ], [ -73.789205862902804, 40.880151245943843 ], [ -73.789200270943581, 40.880140131791265 ], [ -73.789195808825255, 40.880128165967434 ], [ -73.789208206983432, 40.880121782554959 ], [ -73.789218349202216, 40.880117104162998 ], [ -73.789230758049669, 40.880107730222221 ], [ -73.78924092709606, 40.880094937490234 ], [ -73.789249975639137, 40.880080433646221 ], [ -73.789260158219207, 40.880063369910694 ], [ -73.789268082054051, 40.880048862169531 ], [ -73.789274865314979, 40.880038626130172 ], [ -73.789282783722385, 40.880025828443713 ], [ -73.789294078945119, 40.88001218411214 ], [ -73.789305373884318, 40.879999392594044 ], [ -73.789315541803759, 40.879986598013069 ], [ -73.789325713520753, 40.879972951707963 ], [ -73.789333631913465, 40.879960153099127 ], [ -73.789341553006892, 40.879946500840553 ], [ -73.789350593380234, 40.879934561529502 ], [ -73.789357371209135, 40.879926031860634 ], [ -73.789372045365781, 40.87991239185228 ], [ -73.789382187290457, 40.879908140272313 ], [ -73.789390043414429, 40.879914987526703 ], [ -73.789401836005538, 40.879921841132536 ], [ -73.78941594237601, 40.879909911990097 ], [ -73.789426109053849, 40.879897115639288 ], [ -73.78943515062042, 40.879885175403643 ], [ -73.789449819340703, 40.879873243686077 ], [ -73.789464461385947, 40.879869001235953 ], [ -73.789480218421687, 40.879868174510605 ], [ -73.789494880505018, 40.879857951922148 ], [ -73.789505045654209, 40.879846013732177 ], [ -73.789511841891184, 40.87983235848823 ], [ -73.789521459415667, 40.87981614919179 ], [ -73.789541155594776, 40.879814476915719 ], [ -73.789560279653301, 40.879817072862451 ], [ -73.789583896995339, 40.87982138790759 ], [ -73.789597389994398, 40.879824827141412 ], [ -73.789612007298786, 40.879829125758079 ], [ -73.789635623164799, 40.87983429260251 ], [ -73.789655868009646, 40.879837747828716 ], [ -73.789674989265137, 40.879841198239063 ], [ -73.789698610931907, 40.879843803202846 ], [ -73.789718864992579, 40.8798446956337 ], [ -73.789734617821949, 40.879845578934329 ], [ -73.789749246338701, 40.879845605608608 ], [ -73.789767257898689, 40.879843928382101 ], [ -73.78978639294013, 40.879842255041076 ], [ -73.789811159428126, 40.879838884658071 ], [ -73.789837060765691, 40.879833805349719 ], [ -73.789862958559652, 40.879828729710702 ], [ -73.789876476972864, 40.879824483320462 ], [ -73.789892243690602, 40.879820240104003 ], [ -73.789906886795137, 40.879815998437287 ], [ -73.78992265852564, 40.879810900652991 ], [ -73.789936177312327, 40.879805801523759 ], [ -73.789963219522662, 40.879795599587361 ], [ -73.789976738300197, 40.879790501373414 ], [ -73.789991386798718, 40.879784548717375 ], [ -73.790004912083674, 40.879777738688546 ], [ -73.790017313871601, 40.879770928368551 ], [ -73.790038736168853, 40.879757302405345 ], [ -73.790056787885177, 40.879743669381206 ], [ -73.790072594923828, 40.879726614977464 ], [ -73.790087286673554, 40.879706994821348 ], [ -73.790097471671402, 40.879689079204269 ], [ -73.790103148842988, 40.879672860846092 ], [ -73.790106578095333, 40.879655784825417 ], [ -73.790107755257566, 40.879639557439191 ], [ -73.790105558586305, 40.879622472015164 ], [ -73.790104486624458, 40.879605385960623 ], [ -73.790101157167229, 40.879590860352835 ], [ -73.790095571983585, 40.879577184376515 ], [ -73.79008660423753, 40.879566917773388 ], [ -73.790078768561159, 40.879553237614161 ], [ -73.79007767612633, 40.879542985347278 ], [ -73.790082207119539, 40.879533598812209 ], [ -73.790091231122702, 40.879526783171045 ], [ -73.790102498861614, 40.879522530900601 ], [ -73.790116015979507, 40.879518286236241 ], [ -73.79013291391044, 40.879512337740252 ], [ -73.790147570420018, 40.87950382328404 ], [ -73.79015097538651, 40.879494433776856 ], [ -73.790147645930503, 40.879479906329998 ], [ -73.790136454932508, 40.879460240899085 ], [ -73.790122993239109, 40.879446552344362 ], [ -73.790110647785312, 40.87943627867476 ], [ -73.790093820115871, 40.879420019433226 ], [ -73.79008484616449, 40.879410607391243 ], [ -73.790068021474326, 40.879392640761871 ], [ -73.790054572924276, 40.87937553300857 ], [ -73.790042241085288, 40.879360991090799 ], [ -73.790029904135295, 40.879347301896416 ], [ -73.790015318897957, 40.879333610361471 ], [ -73.790004113260892, 40.879318214997419 ], [ -73.789995154039659, 40.879304532786918 ], [ -73.789987320732607, 40.879290850868685 ], [ -73.789980603903714, 40.879279737379939 ], [ -73.789971639303019, 40.879267760790817 ], [ -73.789962669293629, 40.879257496849682 ], [ -73.789952576091778, 40.879246373612425 ], [ -73.789945856694288, 40.879236111093299 ], [ -73.789940260775708, 40.879225851458024 ], [ -73.789932419386858, 40.87921473324122 ], [ -73.789922334174705, 40.879201050812256 ], [ -73.789915607901449, 40.879193350158694 ], [ -73.789906631301861, 40.879184793591861 ], [ -73.789896537733199, 40.879174524921794 ], [ -73.789884190050898, 40.879164251223258 ], [ -73.789869594466097, 40.879153122451832 ], [ -73.789854997131087, 40.879143700143452 ], [ -73.789839269869006, 40.879135131184363 ], [ -73.789824660803248, 40.879128270730718 ], [ -73.789810051462524, 40.879122264848988 ], [ -73.789794316114978, 40.879116255991313 ], [ -73.789780828760783, 40.87911110856431 ], [ -73.789768475700626, 40.87910254398934 ], [ -73.789748270106969, 40.879087132190278 ], [ -73.789733678482008, 40.879075147914328 ], [ -73.789719092263567, 40.879061456340573 ], [ -73.789705641166378, 40.879045203197414 ], [ -73.789689932154431, 40.879029799588622 ], [ -73.789677597373071, 40.879016964848695 ], [ -73.789666386465015, 40.879003276746957 ], [ -73.789656294834757, 40.878991301673238 ], [ -73.789642829036765, 40.878979319439253 ], [ -73.789630475742968, 40.878971608586788 ], [ -73.78961474324943, 40.878964748733118 ], [ -73.78959676427057, 40.878956172955697 ], [ -73.78958328237205, 40.878949317204409 ], [ -73.789567558012394, 40.878939891882474 ], [ -73.789550706544418, 40.878930464502581 ], [ -73.789536107975138, 40.878921043991234 ], [ -73.78952150141501, 40.87891418258333 ], [ -73.789505767628143, 40.878907321877357 ], [ -73.789487783368941, 40.878900456975536 ], [ -73.789468675642269, 40.878893589183328 ], [ -73.789451817182723, 40.878886725496393 ], [ -73.789434964249651, 40.87887815266847 ], [ -73.789416987736217, 40.878869578623714 ], [ -73.789399002283929, 40.878862713789566 ], [ -73.789385510822939, 40.878859270854157 ], [ -73.789368644369887, 40.878854969939312 ], [ -73.78935570986927, 40.878852810337982 ], [ -73.789331524058724, 40.878849775606376 ], [ -73.789313525900269, 40.878848036334809 ], [ -73.789295521513395, 40.878847149783219 ], [ -73.789273022200092, 40.878845399521218 ], [ -73.789248261860948, 40.878846208841253 ], [ -73.789230251776246, 40.878847884147945 ], [ -73.789209982870233, 40.87885211812408 ], [ -73.789190829423006, 40.878858915093481 ], [ -73.789177306956489, 40.87886486962374 ], [ -73.789160400981004, 40.878873379008233 ], [ -73.789145747193174, 40.878881038772029 ], [ -73.789129971305101, 40.878887845589162 ], [ -73.789113069634666, 40.878894647584964 ], [ -73.789091672210304, 40.878899733127966 ], [ -73.789065782846393, 40.878902247650963 ], [ -73.789042148668045, 40.878902204413947 ], [ -73.789017396042851, 40.878901305472688 ], [ -73.788996025726775, 40.878897848073876 ], [ -73.788975785401831, 40.878892688194789 ], [ -73.788952178063553, 40.878884957509115 ], [ -73.788927448646632, 40.878876370191605 ], [ -73.788907215089893, 40.878869499325383 ], [ -73.788888106106882, 40.878862632270916 ], [ -73.788870116213133, 40.878858328306222 ], [ -73.788853248581475, 40.878854027313871 ], [ -73.788836380559914, 40.8788505781311 ], [ -73.788822885482276, 40.878847138803529 ], [ -73.78880714075359, 40.8788445471681 ], [ -73.78879027152, 40.878841098896437 ], [ -73.788771154520489, 40.878836795528208 ], [ -73.78874865834247, 40.87883333602236 ], [ -73.788728411128574, 40.878830737045959 ], [ -73.788712666404535, 40.878828146316408 ], [ -73.788693541170559, 40.878826401203895 ], [ -73.78867667055188, 40.878823808406153 ], [ -73.788655292413793, 40.878822061918591 ], [ -73.788637299725906, 40.878818610645297 ], [ -73.788620428999323, 40.878816017839121 ], [ -73.788603553240961, 40.878814280515655 ], [ -73.788587804598365, 40.87881254341481 ], [ -73.788569801448816, 40.878811654912106 ], [ -73.788550673496019, 40.878810767104142 ], [ -73.788528167675167, 40.878810725830974 ], [ -73.788503407235368, 40.878811533150909 ], [ -73.788476392089493, 40.878814047316922 ], [ -73.788459507788133, 40.878815722728376 ], [ -73.788442618447334, 40.878818253622519 ], [ -73.788414469246163, 40.878823327572292 ], [ -73.788389692183301, 40.878830115931024 ], [ -73.788366035867341, 40.878837760914465 ], [ -73.788342370297713, 40.878847964159768 ], [ -73.78831871408498, 40.878855608213648 ], [ -73.788292807166869, 40.878863249050383 ], [ -73.788266905801947, 40.878869179907859 ], [ -73.788243267003907, 40.878871698378951 ], [ -73.788220754395681, 40.878873365259359 ], [ -73.788197114485001, 40.878875885559133 ], [ -73.788137463902217, 40.878878338774655 ], [ -73.788117208532043, 40.878878301556284 ], [ -73.788098080682346, 40.878877411833408 ], [ -73.788077835103252, 40.878873958172854 ], [ -73.788055343979153, 40.87886964664456 ], [ -73.788030603788741, 40.878864475566822 ], [ -73.788006985666541, 40.878860162961168 ], [ -73.787987865890514, 40.878856709514459 ], [ -73.787970994079487, 40.878854116612651 ], [ -73.787951866238686, 40.878853226864223 ], [ -73.787933858734306, 40.878854048321728 ], [ -73.787913596820488, 40.878855718361486 ], [ -73.787889960737971, 40.878857383110962 ], [ -73.78786969608764, 40.878859910472521 ], [ -73.787850557345152, 40.878862436221752 ], [ -73.787830293802429, 40.878864960816912 ], [ -73.787814533046728, 40.878866640962919 ], [ -73.787798776234538, 40.878867464783305 ], [ -73.787779648277962, 40.878866576763812 ], [ -73.787758265611544, 40.878867390224322 ], [ -73.787741377331514, 40.878869921937898 ], [ -73.787726743990092, 40.878870748652837 ], [ -73.787708737801935, 40.878871569156296 ], [ -73.787688481221863, 40.878871531860447 ], [ -73.787667097336666, 40.878872347058198 ], [ -73.787650215718458, 40.878873171464789 ], [ -73.787633329059631, 40.878874848591195 ], [ -73.787607447946741, 40.878874800922084 ], [ -73.787588317263612, 40.878874765682504 ], [ -73.78756355962426, 40.878874720073107 ], [ -73.78754893132205, 40.87887469312183 ], [ -73.787533173291507, 40.878875517740035 ], [ -73.787503911751145, 40.878876318393168 ], [ -73.787479159157613, 40.87887541820065 ], [ -73.787453282184444, 40.878873662278558 ], [ -73.787437529612774, 40.87887277958783 ], [ -73.787420653574017, 40.878871892982318 ], [ -73.787402651522896, 40.878871005219651 ], [ -73.78738577305478, 40.878870120446017 ], [ -73.787371147594783, 40.878869239824468 ], [ -73.787353145539427, 40.878868353810418 ], [ -73.787322762048831, 40.878868297774247 ], [ -73.787300256098888, 40.87886825626142 ], [ -73.787282251739015, 40.87886736763808 ], [ -73.787266499965227, 40.878867338578452 ], [ -73.787248488917925, 40.878868160758813 ], [ -73.787227107348059, 40.878868974122938 ], [ -73.787201216823775, 40.878871488224334 ], [ -73.787175327813941, 40.878873149591087 ], [ -73.787161818729743, 40.878874832882524 ], [ -73.787132554448419, 40.878876488009489 ], [ -73.787111170137678, 40.878878155836354 ], [ -73.787090909722679, 40.878878971161441 ], [ -73.787072907668161, 40.878878085187466 ], [ -73.787054904206485, 40.878878051940987 ], [ -73.787036899847521, 40.878877163196918 ], [ -73.787021142905971, 40.87887798958738 ], [ -73.78700425865442, 40.878879666627512 ], [ -73.786987366502089, 40.878883052796702 ], [ -73.786969339812686, 40.8788898533207 ], [ -73.786945685744101, 40.878897496177196 ], [ -73.786922026929929, 40.878905139020105 ], [ -73.786898382702844, 40.878909364594193 ], [ -73.786876995945349, 40.878911034214624 ], [ -73.786857861094077, 40.878912707993656 ], [ -73.786839849608555, 40.878914382924812 ], [ -73.786819593126282, 40.878914345476645 ], [ -73.786797088373262, 40.878914303867923 ], [ -73.78677795383895, 40.878915122139901 ], [ -73.786759950367397, 40.8789150888474 ], [ -73.786741942045396, 40.878915055543139 ], [ -73.786721689089177, 40.8789150180843 ], [ -73.786702556080911, 40.878914982693601 ], [ -73.786689050926213, 40.878915812284006 ], [ -73.786672166976729, 40.878916634703117 ], [ -73.786650777152602, 40.878920012501951 ], [ -73.786635013612099, 40.878922546133431 ], [ -73.786615866577364, 40.878927634463011 ], [ -73.786602348141187, 40.878931879551935 ], [ -73.78658883201264, 40.878936125563641 ], [ -73.786574184931098, 40.878941222297129 ], [ -73.786558412835063, 40.878947173277012 ], [ -73.786542635462993, 40.878953976977861 ], [ -73.786524606080533, 40.878961630160326 ], [ -73.786506580536411, 40.878968430612851 ], [ -73.78648742952106, 40.878974373570536 ], [ -73.786475029944484, 40.878981183516665 ], [ -73.786461500512715, 40.878988845022029 ], [ -73.786441217667857, 40.87899734859127 ], [ -73.786424326661489, 40.879000736520332 ], [ -73.786408570904101, 40.879001560069149 ], [ -73.786389439083251, 40.879001524628791 ], [ -73.786372563016911, 40.879000640631538 ], [ -73.786355687164288, 40.878998901139077 ], [ -73.786334307180994, 40.87899886152416 ], [ -73.786311797233864, 40.878999672544133 ], [ -73.78629154467977, 40.878998782277726 ], [ -73.786274674004872, 40.878996187288614 ], [ -73.786254419036837, 40.878995294249691 ], [ -73.786239796306617, 40.878993560756975 ], [ -73.786221791491556, 40.878993527378064 ], [ -73.786201537734271, 40.878992635253503 ], [ -73.786183534129933, 40.878992601870856 ], [ -73.786164402311812, 40.878992566393173 ], [ -73.786150902742548, 40.878991687704982 ], [ -73.786134027011329, 40.878989947258972 ], [ -73.786114908501531, 40.878986495344428 ], [ -73.78610410766693, 40.878982885014132 ], [ -73.786096920614483, 40.878980482725055 ], [ -73.786080066551278, 40.878972764815288 ], [ -73.786064337074123, 40.878965047316925 ], [ -73.78604748180642, 40.878957329400123 ], [ -73.786032877131262, 40.878949614820776 ], [ -73.786021652798723, 40.87894105193817 ], [ -73.786008178313281, 40.878931632146987 ], [ -73.78599583401521, 40.878920507060727 ], [ -73.785981225066095, 40.878914500692908 ], [ -73.785965488574291, 40.878909345884551 ], [ -73.785948626618961, 40.878903336168158 ], [ -73.785934016462761, 40.878897330712149 ], [ -73.785916037644299, 40.878889609853864 ], [ -73.78588907344016, 40.878875893054747 ], [ -73.785872219646819, 40.878867319705542 ], [ -73.785858736617186, 40.878861316249207 ], [ -73.785841881400628, 40.878853597465984 ], [ -73.78582276723607, 40.878848438204948 ], [ -73.785807037921188, 40.878840722427931 ], [ -73.785787929274164, 40.878833853103835 ], [ -73.785774435243212, 40.878831266992016 ], [ -73.785754194095716, 40.878826103784405 ], [ -73.785737331746816, 40.878820945932866 ], [ -73.785717101288725, 40.878813220859477 ], [ -73.785695746475838, 40.878804640959942 ], [ -73.785673264122536, 40.878796911692298 ], [ -73.785649662272249, 40.878788325767403 ], [ -73.785623809070458, 40.878778882835384 ], [ -73.785610319357275, 40.87877458764865 ], [ -73.78559683118722, 40.878769438808852 ], [ -73.785570978775311, 40.878760848683115 ], [ -73.785547369454036, 40.878753117212653 ], [ -73.785529386757318, 40.878746249103315 ], [ -73.785513651988737, 40.878740241419578 ], [ -73.785497925381549, 40.878731671950867 ], [ -73.785485571402717, 40.878723960568536 ], [ -73.785474340560768, 40.878717106767553 ], [ -73.785460856383636, 40.878711103263669 ], [ -73.78544174901414, 40.878704235724484 ], [ -73.785421516201552, 40.878696510594629 ], [ -73.785405785319739, 40.878689647492628 ], [ -73.78539455449183, 40.878682793683851 ], [ -73.785381080147886, 40.878673373735303 ], [ -73.785367604263186, 40.878664807519058 ], [ -73.785356380507054, 40.878655390919114 ], [ -73.785344042663013, 40.878643409361089 ], [ -73.785333951864374, 40.878631433908872 ], [ -73.785326112868674, 40.87861945988783 ], [ -73.78531715194147, 40.878606632800782 ], [ -73.785309316810782, 40.878593805131366 ], [ -73.785301480573608, 40.878580979300779 ], [ -73.785291387042335, 40.878569855652501 ], [ -73.785277915160265, 40.878560435694929 ], [ -73.785265554058313, 40.878555287996114 ], [ -73.785249801597104, 40.878554403166611 ], [ -73.785227287576632, 40.878556925875117 ], [ -73.785205892614883, 40.878561156129742 ], [ -73.785178866407449, 40.878567085035712 ], [ -73.785155219318966, 40.878572164822017 ], [ -73.785143956955039, 40.878574705717767 ], [ -73.785131591999445, 40.8785704116505 ], [ -73.785112483495482, 40.878563543050575 ], [ -73.785097858133085, 40.878562662140943 ], [ -73.78508096596417, 40.878566048031274 ], [ -73.785066317187088, 40.878571999143738 ], [ -73.785050538313328, 40.878579656291457 ], [ -73.785033631876402, 40.878588166829431 ], [ -73.785020105122413, 40.878594973597068 ], [ -73.785000978604913, 40.878594084283172 ], [ -73.784984117916579, 40.878588074511384 ], [ -73.784963897454659, 40.878576933706633 ], [ -73.784942564590764, 40.878562372613544 ], [ -73.784922332978212, 40.878554648318136 ], [ -73.784911091167601, 40.878551210895239 ], [ -73.784899872569142, 40.878540941444761 ], [ -73.78489090776867, 40.878528965292382 ], [ -73.784883071616903, 40.878516140353305 ], [ -73.784879750445981, 40.878499049128457 ], [ -73.784879808496697, 40.878481112311107 ], [ -73.784882099422518, 40.87846830710086 ], [ -73.784883281707963, 40.878451224278763 ], [ -73.784883328694704, 40.878436705818288 ], [ -73.784882252839807, 40.878420902858849 ], [ -73.784882284634804, 40.878411078543849 ], [ -73.784886837840375, 40.878395712996706 ], [ -73.784891380436349, 40.878382910146513 ], [ -73.784894805546315, 40.87836754157442 ], [ -73.784898230094853, 40.878353027490562 ], [ -73.784903903003155, 40.87833851768444 ], [ -73.784912963303, 40.878320599499148 ], [ -73.78491977304094, 40.878302674438778 ], [ -73.78492431993935, 40.878288163368829 ], [ -73.784929988417034, 40.878275359939167 ], [ -73.784939036097313, 40.878261711920167 ], [ -73.784946938996782, 40.878253184604134 ], [ -73.784957112559553, 40.878239538599729 ], [ -73.784965022085132, 40.878229302148434 ], [ -73.784972939551452, 40.87821736024528 ], [ -73.784980853490296, 40.878205417331181 ], [ -73.784987645067702, 40.878193472407418 ], [ -73.784997830007597, 40.878175553635693 ], [ -73.785003503981116, 40.87816104374248 ], [ -73.785008046541293, 40.878148240050841 ], [ -73.785011472710053, 40.878132873233049 ], [ -73.785011525205519, 40.87811664287409 ], [ -73.785008195717737, 40.878102118954949 ], [ -73.785002038154033, 40.878092284017896 ], [ -73.784978970416148, 40.878091812338404 ], [ -73.784964342287296, 40.878091785059581 ], [ -73.784947452988433, 40.878094318202777 ], [ -73.784923817102381, 40.878095982345073 ], [ -73.784901304337268, 40.878098502232092 ], [ -73.784881041365125, 40.878100171821188 ], [ -73.784867540782187, 40.878099292896735 ], [ -73.784852933663473, 40.87809243365507 ], [ -73.784842833201026, 40.878083871834207 ], [ -73.78483273107075, 40.878076166422673 ], [ -73.784820350845592, 40.878076997893423 ], [ -73.784803458339255, 40.878081236475694 ], [ -73.784785433761897, 40.878086327515796 ], [ -73.784771914928101, 40.878091426044577 ], [ -73.784758389451625, 40.878098235545941 ], [ -73.784744846165736, 40.878110168772764 ], [ -73.784736930989624, 40.878122109828517 ], [ -73.784733528093241, 40.878130645530121 ], [ -73.784732352417748, 40.87814601746129 ], [ -73.784736809273866, 40.878159693437695 ], [ -73.784742393686329, 40.87817251602425 ], [ -73.784751354442378, 40.878185343156886 ], [ -73.784764817526664, 40.878198182290802 ], [ -73.784778282185627, 40.878210162334945 ], [ -73.78479398920895, 40.878224713879938 ], [ -73.784809705643795, 40.878236700799384 ], [ -73.78482429774543, 40.878247832885506 ], [ -73.784836643276606, 40.87825810352809 ], [ -73.784846734368699, 40.878269227212421 ], [ -73.784854598129868, 40.878273511072052 ], [ -73.78487146690189, 40.878276960839102 ], [ -73.784884971496083, 40.878276986033597 ], [ -73.784899602434095, 40.878276157833113 ], [ -73.784904077131998, 40.878284708235732 ], [ -73.784896164717566, 40.878295798330498 ], [ -73.784883754388886, 40.878305170049615 ], [ -73.784875849165346, 40.878313695515487 ], [ -73.784865671250955, 40.878329052409796 ], [ -73.784855500078805, 40.878342699330503 ], [ -73.784847585002254, 40.878354641313592 ], [ -73.784837414161672, 40.878367434497733 ], [ -73.784824997829304, 40.878379368916221 ], [ -73.784809216203882, 40.878387881519259 ], [ -73.784800193365299, 40.878393843097221 ], [ -73.784786661094358, 40.878402358056299 ], [ -73.7847652341691, 40.878416840291301 ], [ -73.784746062241581, 40.878429615827883 ], [ -73.784728018853457, 40.878441539731298 ], [ -73.784713365862245, 40.878449198935037 ], [ -73.784698717072274, 40.878455151758658 ], [ -73.784681820591985, 40.878460244888743 ], [ -73.784658172399986, 40.878465324571238 ], [ -73.784635661051695, 40.878466990756031 ], [ -73.784622106454165, 40.878464221099307 ], [ -73.784618791024556, 40.87846354362879 ], [ -73.784609792718939, 40.878462674087793 ], [ -73.784591779751878, 40.878465200562047 ], [ -73.784574883256113, 40.878470294597854 ], [ -73.784564749544018, 40.878471984727653 ], [ -73.784559146219223, 40.878464285941575 ], [ -73.78455468227898, 40.878453174502901 ], [ -73.784540088854882, 40.878442042380634 ], [ -73.784526604816406, 40.878436039771131 ], [ -73.7845074865524, 40.878432586670002 ], [ -73.784498494139953, 40.878429153410494 ], [ -73.784492890649346, 40.878421883120652 ], [ -73.784501948134846, 40.878405244606419 ], [ -73.784511001464864, 40.878389886480228 ], [ -73.784504273468571, 40.878382187345956 ], [ -73.784491907034592, 40.8783787468602 ], [ -73.78447392897786, 40.878370172123084 ], [ -73.784473967750102, 40.878358214607665 ], [ -73.784483015538541, 40.87834456562085 ], [ -73.784490932240629, 40.878331768254881 ], [ -73.784497722814464, 40.878319824194492 ], [ -73.784501137927279, 40.878307872068987 ], [ -73.784497798690452, 40.878296760973321 ], [ -73.784480932694692, 40.878292459343868 ], [ -73.784458421396536, 40.878294127250534 ], [ -73.784442657931294, 40.878296657906439 ], [ -73.784422386227192, 40.878301745609029 ], [ -73.78440774576471, 40.878305132934209 ], [ -73.78439197950685, 40.878308522585286 ], [ -73.784373969450158, 40.878310196215544 ], [ -73.784362723723007, 40.878307613304834 ], [ -73.784357129505523, 40.878298206214339 ], [ -73.784356065789339, 40.878279413646688 ], [ -73.784354989776162, 40.878264038512405 ], [ -73.78436064727218, 40.878254653300253 ], [ -73.784380921848864, 40.878248711123099 ], [ -73.784397830938858, 40.878239347869659 ], [ -73.784418102281506, 40.878235113823813 ], [ -73.784436123853865, 40.878229169181068 ], [ -73.784446280894358, 40.878220648790915 ], [ -73.784455299766222, 40.878215539213507 ], [ -73.784473320991054, 40.87821044729737 ], [ -73.784491331021201, 40.878208772732826 ], [ -73.784507086165618, 40.878208802177788 ], [ -73.784523968857556, 40.87820798091083 ], [ -73.784539722787898, 40.878208010349077 ], [ -73.784550983898896, 40.878205469509822 ], [ -73.784556635932603, 40.878197793509266 ], [ -73.784563429149017, 40.878184992198726 ], [ -73.784573584954259, 40.87817647179638 ], [ -73.784587117555859, 40.878167100449232 ], [ -73.784600658109383, 40.878156022729172 ], [ -73.784610814027431, 40.878147498725866 ], [ -73.784622106781015, 40.878135563067566 ], [ -73.784630016336862, 40.878125329399239 ], [ -73.78462210675734, 40.878120500987684 ], [ -73.784618785690256, 40.878118473674178 ], [ -73.784598545948441, 40.878113311186688 ], [ -73.7845783075323, 40.878108148696832 ], [ -73.784558060705379, 40.87810554806979 ], [ -73.784538930355595, 40.878105512325014 ], [ -73.784518683635696, 40.878102913446334 ], [ -73.78449955196416, 40.878102877692548 ], [ -73.784480418844339, 40.878103696506088 ], [ -73.784465793594478, 40.87810281459624 ], [ -73.784450043565144, 40.878101929661867 ], [ -73.784433165328636, 40.878101045376411 ], [ -73.784414043295328, 40.878098445905486 ], [ -73.784399436113233, 40.878091586606224 ], [ -73.784384837366702, 40.878082161759792 ], [ -73.784370234282989, 40.878074448812612 ], [ -73.784353376557988, 40.878067584295039 ], [ -73.784342148711616, 40.878059876735158 ], [ -73.784332044334988, 40.878052169435328 ], [ -73.784325318819683, 40.878044470294682 ], [ -73.784319664109759, 40.878053000852347 ], [ -73.784319616994196, 40.878067521153703 ], [ -73.784317333176162, 40.8780777671641 ], [ -73.784316174037116, 40.878088013520468 ], [ -73.784317263893925, 40.878099118658085 ], [ -73.784319467340055, 40.87811364224887 ], [ -73.784316063178309, 40.878122177935914 ], [ -73.784304798084179, 40.878125574238112 ], [ -73.784291287516396, 40.878128111765349 ], [ -73.784271017419172, 40.878132343114871 ], [ -73.784258646595447, 40.878130612578403 ], [ -73.784241791749977, 40.87812289356053 ], [ -73.784231681824366, 40.878116896309422 ], [ -73.784227212419708, 40.878107492237078 ], [ -73.784223877566149, 40.878094674671196 ], [ -73.784222788832523, 40.878083567778397 ], [ -73.784226197442948, 40.878073324794734 ], [ -73.784231864815936, 40.878060524074343 ], [ -73.784243161959381, 40.878046878477001 ], [ -73.784252201434498, 40.878035792291541 ], [ -73.784257864474441, 40.878024698031702 ], [ -73.784263541369967, 40.878009333690237 ], [ -73.784266957070201, 40.877996529675251 ], [ -73.784272629516011, 40.877982874471421 ], [ -73.78428221098568, 40.877977339968979 ], [ -73.784296259836452, 40.877982918678477 ], [ -73.784300737213144, 40.877990613615502 ], [ -73.784306893451486, 40.878000448587862 ], [ -73.784328829846416, 40.878002623836942 ], [ -73.784342323300166, 40.878006065526982 ], [ -73.784351358771517, 40.877995832980709 ], [ -73.784359277880526, 40.877983036547548 ], [ -73.784367196993699, 40.87797023735493 ], [ -73.784376239662095, 40.877957443859302 ], [ -73.784381905445073, 40.877945495023837 ], [ -73.78438870021553, 40.877931842834279 ], [ -73.784379743550957, 40.877918160185736 ], [ -73.784369650274584, 40.877907036455568 ], [ -73.784358437410035, 40.877895058817678 ], [ -73.784346453831546, 40.877884256313934 ], [ -73.784346094795737, 40.877883932635186 ], [ -73.784333756174902, 40.877871951049237 ], [ -73.784321405256094, 40.877863386813189 ], [ -73.78430792125161, 40.877857381415851 ], [ -73.784297830412157, 40.877846260360279 ], [ -73.784289984933977, 40.87783599632246 ], [ -73.784284381342886, 40.877829152931064 ], [ -73.784265811916214, 40.877829543176041 ], [ -73.784254023174284, 40.87782140773183 ], [ -73.784248423921866, 40.877812855198947 ], [ -73.784241723740465, 40.877796614881774 ], [ -73.784237258688691, 40.87778550259091 ], [ -73.784233913972471, 40.877776100624033 ], [ -73.78423170223914, 40.877764139732456 ], [ -73.784239625677529, 40.877749634168524 ], [ -73.784250904573213, 40.877741967707138 ], [ -73.78426893233123, 40.877735167608407 ], [ -73.78427460255368, 40.877721511479621 ], [ -73.7842791452168, 40.87770870957204 ], [ -73.784289324726856, 40.877692499998801 ], [ -73.784300034347879, 40.87768696668504 ], [ -73.784313015466722, 40.877674605630723 ], [ -73.784313037635613, 40.877667773683626 ], [ -73.784313065350744, 40.877659232516585 ], [ -73.784309722192731, 40.87764897598003 ], [ -73.784304122938991, 40.877640426127343 ], [ -73.784303042626092, 40.877626756449025 ], [ -73.784305340284249, 40.877612241277802 ], [ -73.784311008820538, 40.87759943879702 ], [ -73.784316665155416, 40.877590056345305 ], [ -73.78433076381576, 40.87758025926022 ], [ -73.784325755550356, 40.87756359352808 ], [ -73.784323533182317, 40.877554193577637 ], [ -73.784320208967301, 40.877538813315752 ], [ -73.784317989370507, 40.877528559800837 ], [ -73.784315770419269, 40.877519160777922 ], [ -73.784320314286191, 40.877506355272693 ], [ -73.784329351353264, 40.877495270917187 ], [ -73.784330520363213, 40.877481605445894 ], [ -73.784332827532964, 40.8774645284104 ], [ -73.784337378495707, 40.877449160116498 ], [ -73.784341915587632, 40.877438066423302 ], [ -73.784346454244115, 40.877426116400514 ], [ -73.784349866673395, 40.877415019682182 ], [ -73.784357794027656, 40.877399660463389 ], [ -73.784366850481348, 40.877382594208882 ], [ -73.784375900928168, 40.877368091578617 ], [ -73.784383819964887, 40.877355292382092 ], [ -73.784393977228859, 40.877345916586187 ], [ -73.784404124623919, 40.877339956304034 ], [ -73.784414285866774, 40.877329725856661 ], [ -73.784418815837782, 40.877321195030611 ], [ -73.78442561342942, 40.87730668550784 ], [ -73.784430150498153, 40.877295590889517 ], [ -73.78443581621373, 40.877283642971328 ], [ -73.784439228964786, 40.877271692597418 ], [ -73.784451655781055, 40.877257196356631 ], [ -73.78445618453641, 40.877248663602884 ], [ -73.784458462763624, 40.877240125804427 ], [ -73.78446526033359, 40.877225617199166 ], [ -73.784468673946336, 40.87721452056293 ], [ -73.784473219315743, 40.877200862321963 ], [ -73.784478886569744, 40.877188060666008 ], [ -73.78448455503046, 40.877175260017125 ], [ -73.784490222282813, 40.877162457524236 ], [ -73.784493638996395, 40.877149654424002 ], [ -73.784498167398468, 40.877141974483436 ], [ -73.784502689389527, 40.87713515002676 ], [ -73.784497659411073, 40.877124464351155 ], [ -73.784499379458978, 40.877114643189103 ], [ -73.784508407691504, 40.877106972579284 ], [ -73.784523054980298, 40.877101022536209 ], [ -73.784534330961407, 40.877094210615702 ], [ -73.784547872865915, 40.877082277407773 ], [ -73.784560292982974, 40.877069489370356 ], [ -73.784573837641716, 40.877056703348792 ], [ -73.78458287572056, 40.877045615376758 ], [ -73.784589664485821, 40.877034523201964 ], [ -73.784596454798745, 40.877022579216451 ], [ -73.784604378066433, 40.877008074461784 ], [ -73.784613428413138, 40.876993570975571 ], [ -73.784622466584437, 40.876982483836784 ], [ -73.784631500667061, 40.876972249506693 ], [ -73.784640528860294, 40.876964579806405 ], [ -73.784656320132797, 40.876952651708066 ], [ -73.784669857662266, 40.876942427543071 ], [ -73.784684522608217, 40.876931350990802 ], [ -73.784695801765807, 40.876922829994633 ], [ -73.784707080468309, 40.876915163571262 ], [ -73.784721733122083, 40.876907504366088 ], [ -73.784737516831555, 40.876898991777153 ], [ -73.784749922940108, 40.876890473717175 ], [ -73.784763449829825, 40.876882812405135 ], [ -73.784782593653418, 40.87687857803035 ], [ -73.784798355679257, 40.8768760437274 ], [ -73.78481524223659, 40.876873514197371 ], [ -73.784833251555654, 40.8768726941517 ], [ -73.78485575406539, 40.876873589793639 ], [ -73.784868115926145, 40.876878737624949 ], [ -73.784875950666859, 40.876891563486616 ], [ -73.784880410232347, 40.876904384891041 ], [ -73.784884869809929, 40.87691720362016 ], [ -73.784893837154442, 40.876928326127 ], [ -73.78490731947322, 40.876935185107293 ], [ -73.784920793738777, 40.876943750457521 ], [ -73.784934263688044, 40.876954025028638 ], [ -73.784946601910931, 40.876966860206359 ], [ -73.784950739580211, 40.876970542548527 ], [ -73.784960065243752, 40.876978842069995 ], [ -73.784967912275377, 40.876988252413462 ], [ -73.784976882410746, 40.876998519425406 ], [ -73.78498697046517, 40.877010496747943 ], [ -73.784998180079427, 40.877024183468741 ], [ -73.785008272564554, 40.877034452654684 ], [ -73.785018361848159, 40.877046428136531 ], [ -73.785029573026264, 40.877059260366153 ], [ -73.785041908973156, 40.877072095527836 ], [ -73.785043541538172, 40.877073963910036 ], [ -73.785053121372272, 40.877084927758709 ], [ -73.785062086007486, 40.877096903816536 ], [ -73.785074412466969, 40.87711230184199 ], [ -73.785085622121088, 40.877125987634017 ], [ -73.785093459355252, 40.877138813568614 ], [ -73.785101298474672, 40.877149933035923 ], [ -73.785106895019467, 40.877159339176586 ], [ -73.78511473381387, 40.877171310539239 ], [ -73.785127069344767, 40.877185001184124 ], [ -73.785136034466589, 40.877196119150746 ], [ -73.785143878780787, 40.877206385807746 ], [ -73.785152838268914, 40.877219213829271 ], [ -73.785161802945879, 40.877231188123993 ], [ -73.785170762549924, 40.877244017064321 ], [ -73.785177479462064, 40.877255133515355 ], [ -73.785181944638367, 40.877266244850865 ], [ -73.785187527398762, 40.877279922909572 ], [ -73.785193115696387, 40.877291888232506 ], [ -73.785200946568864, 40.877305570478526 ], [ -73.785208785395724, 40.877317541834486 ], [ -73.78521999786453, 40.877330375804959 ], [ -73.785231209237097, 40.877343208850881 ], [ -73.785240181012625, 40.87735262043369 ], [ -73.785255885066206, 40.8773680255673 ], [ -73.785267106282419, 40.877377440417177 ], [ -73.785278329813067, 40.877386856106554 ], [ -73.785294033885293, 40.87740226123487 ], [ -73.785303012402935, 40.877409965435007 ], [ -73.785317622175199, 40.877415970971128 ], [ -73.785335610013973, 40.877421129224857 ], [ -73.785353614294038, 40.87742116274169 ], [ -73.785371628167326, 40.877418634310082 ], [ -73.785386257249996, 40.877418661539295 ], [ -73.785402013746648, 40.877417838131755 ], [ -73.785417768703994, 40.877417867452337 ], [ -73.78543351583717, 40.877419603226372 ], [ -73.785451517359803, 40.877420490376053 ], [ -73.785469520204188, 40.877421378445447 ], [ -73.785481899963784, 40.877421401477598 ], [ -73.785496527834937, 40.877421428690589 ], [ -73.785514534983051, 40.877420607614368 ], [ -73.785544924858002, 40.877418104016165 ], [ -73.785553932181998, 40.877417265273586 ], [ -73.785555100934104, 40.877403600710984 ], [ -73.785549497692344, 40.877395902808018 ], [ -73.785538262655578, 40.87739075815005 ], [ -73.785515768235342, 40.877387298015343 ], [ -73.785496643598634, 40.877385555969433 ], [ -73.785478643630668, 40.877383814256369 ], [ -73.785458391475643, 40.877382922001956 ], [ -73.78543926960856, 40.877380322784404 ], [ -73.785423520171804, 40.87737858608677 ], [ -73.785402146114848, 40.877376838082782 ], [ -73.785379650600376, 40.877373379759639 ], [ -73.785353779780635, 40.877369916068972 ], [ -73.785332412904339, 40.877365604344206 ], [ -73.785314431808729, 40.877358738878414 ], [ -73.785295337873322, 40.877346745652879 ], [ -73.785284130576443, 40.8773330562898 ], [ -73.785271791771024, 40.877321076559056 ], [ -73.785256083746191, 40.877306527751117 ], [ -73.78524375335148, 40.877291982555334 ], [ -73.785232554675417, 40.877274880346469 ], [ -73.785225847245187, 40.877261201031402 ], [ -73.785220268326981, 40.877246672926233 ], [ -73.785218061960379, 40.877233001158288 ], [ -73.785216988526102, 40.877216771460901 ], [ -73.7852125316344, 40.877203095500676 ], [ -73.785206946108175, 40.877190273768854 ], [ -73.785200237139122, 40.877177450026359 ], [ -73.785191281962611, 40.877162911112102 ], [ -73.785181199700659, 40.877148372775046 ], [ -73.785169987264112, 40.877135540640523 ], [ -73.785153152992123, 40.877121843374198 ], [ -73.785141937813805, 40.877109863044907 ], [ -73.7851352288627, 40.877097040136078 ], [ -73.785133025272046, 40.877082516558133 ], [ -73.785127428284468, 40.877073964072366 ], [ -73.785118455353057, 40.877064551641759 ], [ -73.785106106035755, 40.877055132832901 ], [ -73.785094875510211, 40.877048279913076 ], [ -73.785085901040716, 40.877039721130302 ], [ -73.785084823332141, 40.877025198729697 ], [ -73.785083736130716, 40.877013238108837 ], [ -73.785079276511027, 40.877000418552633 ], [ -73.785077060232609, 40.87699016505767 ], [ -73.785074859870818, 40.876973932253826 ], [ -73.785073779291253, 40.876960265257239 ], [ -73.785072694519585, 40.876948303888121 ], [ -73.785070496475939, 40.87693207108839 ], [ -73.78506379342312, 40.876916683626838 ], [ -73.785057086057833, 40.87690300614252 ], [ -73.785047001106832, 40.876889320603652 ], [ -73.7850391619112, 40.876878202888285 ], [ -73.78502905331807, 40.876872204787915 ], [ -73.785021190933989, 40.876867918263635 ], [ -73.78501784493821, 40.876858517151931 ], [ -73.785031350794583, 40.876857688678818 ], [ -73.785047067398565, 40.876868820996293 ], [ -73.785065064449498, 40.876871418266397 ], [ -73.785084155895831, 40.876883410606652 ], [ -73.785095372576251, 40.876894536370237 ], [ -73.785102090992851, 40.876904798254536 ], [ -73.785111052861268, 40.876917625365756 ], [ -73.785118894377149, 40.876928745756885 ], [ -73.785126729174877, 40.876941570765126 ], [ -73.785130065799635, 40.876953535493726 ], [ -73.785128894211539, 40.876968052782509 ], [ -73.785126604925395, 40.876980007027235 ], [ -73.785122070749296, 40.876990248945503 ], [ -73.785116403639293, 40.877003049628414 ], [ -73.785120877072913, 40.877011598264659 ], [ -73.785130992869398, 40.877015036247947 ], [ -73.785141156715724, 40.877003950330092 ], [ -73.785149070031366, 40.876992862058032 ], [ -73.785159229897346, 40.876982630620752 ], [ -73.78517163763199, 40.876973257107672 ], [ -73.78518517232439, 40.876963887534245 ], [ -73.785186331312602, 40.87695364032939 ], [ -73.785179630989916, 40.876937399144012 ], [ -73.785175166939595, 40.876926287809795 ], [ -73.785171825343824, 40.87691517672652 ], [ -73.785177478187833, 40.876907500611765 ], [ -73.785193265039311, 40.876897281578565 ], [ -73.785209062824265, 40.876883643349927 ], [ -73.785207978358301, 40.876870830000499 ], [ -73.785204635100143, 40.876860573489658 ], [ -73.785193419613364, 40.876849449579019 ], [ -73.78517770730123, 40.876836608057594 ], [ -73.785164241645006, 40.876824625378397 ], [ -73.785154146850459, 40.876814357205205 ], [ -73.785141797242275, 40.876805791217485 ], [ -73.785126067280629, 40.876798074422602 ], [ -73.785115945985538, 40.876796348170565 ], [ -73.785095690147955, 40.876796310419998 ], [ -73.785077703707557, 40.876791153133098 ], [ -73.78505972047796, 40.876784287623963 ], [ -73.785043988984242, 40.876777424468315 ], [ -73.785031629786488, 40.876771421250986 ], [ -73.785019267932768, 40.876766273522172 ], [ -73.785002405057682, 40.876761117314466 ], [ -73.784990027733457, 40.876761094235221 ], [ -73.784976531731488, 40.876758508108502 ], [ -73.784965302487521, 40.87675165333782 ], [ -73.784956337915318, 40.876739678108052 ], [ -73.784950739875811, 40.876731125609865 ], [ -73.784939531422822, 40.876717438803318 ], [ -73.784928319104367, 40.876704607565721 ], [ -73.784920484381772, 40.876691779781979 ], [ -73.784911522583315, 40.876678951820466 ], [ -73.784904812510973, 40.876666127974921 ], [ -73.784893604197137, 40.876652438570012 ], [ -73.784884649036414, 40.876637903226893 ], [ -73.784881303080212, 40.87662849943311 ], [ -73.784877970596042, 40.876615682807241 ], [ -73.784875772947359, 40.876598596433844 ], [ -73.784874673179786, 40.876590906898706 ], [ -73.784881452341168, 40.876582378324613 ], [ -73.784892730961516, 40.876574712802658 ], [ -73.784902899203203, 40.876561919606395 ], [ -73.784884935124566, 40.87654950159105 ], [ -73.784884986268395, 40.876533698052235 ], [ -73.784887278227885, 40.87652089283938 ], [ -73.78489182346955, 40.876507232822483 ], [ -73.784894118303882, 40.876493572121255 ], [ -73.784891917445734, 40.876478193048584 ], [ -73.784882934781095, 40.876472197870314 ], [ -73.784873958861368, 40.876464493640754 ], [ -73.784876251165954, 40.876450832098747 ], [ -73.784880793292714, 40.876438882897148 ], [ -73.784868460713824, 40.87642433857458 ], [ -73.784868513233931, 40.876408110970843 ], [ -73.784871924314615, 40.876397013312648 ], [ -73.784875339370444, 40.876385062092119 ], [ -73.78487876945978, 40.87636883978719 ], [ -73.784887806182084, 40.876357751787594 ], [ -73.784896844210252, 40.876346667469981 ], [ -73.784891243340368, 40.876338968617645 ], [ -73.784877769547563, 40.876329547686382 ], [ -73.784869912761536, 40.876323553771115 ], [ -73.78486881179002, 40.876315863313231 ], [ -73.784882343793115, 40.876306921515415 ], [ -73.784901466826867, 40.876309092244746 ], [ -73.784911614012458, 40.876303133674469 ], [ -73.784916142646466, 40.876294600063531 ], [ -73.784909422774831, 40.876285190897754 ], [ -73.784902690518251, 40.876279200922511 ], [ -73.784907795571456, 40.876265970532472 ], [ -73.784916242139104, 40.876263852070565 ], [ -73.784928616498064, 40.876264728889524 ], [ -73.784936507659779, 40.876260471659464 ], [ -73.784942162138336, 40.876251940984943 ], [ -73.784942198060278, 40.876240838033084 ], [ -73.784941120397789, 40.876226315629033 ], [ -73.784942286493077, 40.876213504717988 ], [ -73.784942325174143, 40.876201548954079 ], [ -73.784942363869789, 40.876189588672275 ], [ -73.784941283437561, 40.876175922594108 ], [ -73.784941330415975, 40.876161402287458 ], [ -73.784941371867959, 40.876148590114973 ], [ -73.784942537958898, 40.876135780122503 ], [ -73.784945955750416, 40.876122975251 ], [ -73.784954432977145, 40.876111033385101 ], [ -73.784975246953493, 40.876111925018819 ], [ -73.784994378052261, 40.876111960693606 ], [ -73.785003392274533, 40.876108561882916 ], [ -73.785011286513551, 40.876102596426414 ], [ -73.785023677075273, 40.876099203993121 ], [ -73.785034917378184, 40.876102640484334 ], [ -73.78504277414828, 40.876108635307375 ], [ -73.78505067202191, 40.876102669854966 ], [ -73.785059712645889, 40.876090730034136 ], [ -73.785068728418693, 40.876086474891309 ], [ -73.785084476427841, 40.876088214313398 ], [ -73.785095730088443, 40.876088235288435 ], [ -73.785104761208245, 40.876078857245602 ], [ -73.785111555309996, 40.876066056820122 ], [ -73.785119474045743, 40.876053259411435 ], [ -73.785129636529106, 40.876042175246731 ], [ -73.785138655163223, 40.876037065612707 ], [ -73.785151044489652, 40.876033674001029 ], [ -73.785165667746526, 40.876035409474795 ], [ -73.785178604497759, 40.87603628631107 ], [ -73.785188216909347, 40.876021782904722 ], [ -73.785195013736157, 40.876008132423678 ], [ -73.785179246864473, 40.876011518585116 ], [ -73.785163484729111, 40.876014904835714 ], [ -73.785146611153394, 40.876012739177426 ], [ -73.785136517867514, 40.876002043257678 ], [ -73.785142169541842, 40.875994365384948 ], [ -73.785160192760557, 40.875988419710772 ], [ -73.785174839747498, 40.875982468664951 ], [ -73.785184981338304, 40.875978218286953 ], [ -73.78519739394963, 40.875967992045425 ], [ -73.785203048709718, 40.875958605948433 ], [ -73.785206470412803, 40.875944947337651 ], [ -73.785198641580166, 40.875929557785227 ], [ -73.78520486107378, 40.875920174580294 ], [ -73.785213303453176, 40.875919335732036 ], [ -73.785235514139828, 40.875923433799237 ], [ -73.785236018501337, 40.875919335795601 ], [ -73.785238115293993, 40.875902298752969 ], [ -73.785238164968661, 40.875886923793303 ], [ -73.785237083274083, 40.875873255957195 ], [ -73.785230367703747, 40.875862139509145 ], [ -73.785219151058911, 40.875851015512801 ], [ -73.785205688356285, 40.875838178267948 ], [ -73.785196723522276, 40.875827058464111 ], [ -73.785190027285807, 40.875809962792324 ], [ -73.785187815449802, 40.875798000158397 ], [ -73.785190088006132, 40.87579117323903 ], [ -73.785199113556189, 40.875783501647405 ], [ -73.78521489020757, 40.875776697205836 ], [ -73.785235156773993, 40.87577331758051 ], [ -73.785250901952466, 40.875775911548359 ], [ -73.785259891287097, 40.875780198399134 ], [ -73.785268866058615, 40.875787901677519 ], [ -73.785278950779301, 40.875801587283242 ], [ -73.785283423046749, 40.875810136749287 ], [ -73.785291250672813, 40.875825526294037 ], [ -73.785286716603821, 40.87583576730092 ], [ -73.785274278757242, 40.875854533722944 ], [ -73.785274241505974, 40.875866065424404 ], [ -73.785287767958778, 40.875858830791415 ], [ -73.785294549757211, 40.875849446788486 ], [ -73.785302460152593, 40.875839212151909 ], [ -73.785311480174826, 40.875833250609737 ], [ -73.785323872335084, 40.875829001733436 ], [ -73.785340765334965, 40.875824763911417 ], [ -73.785352028774099, 40.875821367504315 ], [ -73.785373421632571, 40.875817137217979 ], [ -73.785390324117017, 40.875810335768193 ], [ -73.785403844762271, 40.875805234410123 ], [ -73.785425239152787, 40.875800151383629 ], [ -73.785443272984253, 40.875791644640685 ], [ -73.785454554168098, 40.875783122652813 ], [ -73.785471479019762, 40.8757686337484 ], [ -73.785483900258427, 40.875754991874032 ], [ -73.785494063858891, 40.875743904164814 ], [ -73.785506477915703, 40.875732825996607 ], [ -73.785520022230415, 40.875720039860958 ], [ -73.785525673833504, 40.875712362887796 ], [ -73.785525701397646, 40.875703819961039 ], [ -73.78552235417969, 40.875694418022093 ], [ -73.785514502921288, 40.875686716853288 ], [ -73.785503269720138, 40.875680717537243 ], [ -73.785487534141311, 40.875675562661115 ], [ -73.78546841695092, 40.875671256984802 ], [ -73.785453811518863, 40.875664396898451 ], [ -73.785449332619208, 40.875657556573628 ], [ -73.785452756134561, 40.875642188811121 ], [ -73.785458431451602, 40.875626823481973 ], [ -73.78545959853723, 40.875614013485098 ], [ -73.78545401551817, 40.875601192686105 ], [ -73.785447301486442, 40.875589220759359 ], [ -73.785439460067707, 40.87557810222799 ], [ -73.785429365418494, 40.875567833992818 ], [ -73.785413645093172, 40.875557554450907 ], [ -73.78540016311068, 40.875550696449686 ], [ -73.78538893678018, 40.875542988990453 ], [ -73.785383340331819, 40.875533582776967 ], [ -73.78538450201944, 40.875522482839116 ], [ -73.785391275494064, 40.875515661616546 ], [ -73.785399166538966, 40.87551140435292 ], [ -73.785407049304652, 40.875509710796763 ], [ -73.785420546612102, 40.875511444143072 ], [ -73.78543403178287, 40.875516595762214 ], [ -73.785452013159087, 40.875524316706652 ], [ -73.785465499726044, 40.875529037815689 ], [ -73.785482402291407, 40.875521809526219 ], [ -73.785497064033819, 40.875511586516097 ], [ -73.785510605437423, 40.875499654949323 ], [ -73.785524133169815, 40.875491992628291 ], [ -73.78553765252498, 40.87548689217202 ], [ -73.785547785754574, 40.875485202790728 ], [ -73.785565789620748, 40.875485236274571 ], [ -73.785580412767771, 40.875486971697249 ], [ -73.785599539611113, 40.875487860917637 ], [ -73.785613031512483, 40.875491304299956 ], [ -73.785627647943926, 40.875494747011231 ], [ -73.785645643106591, 40.875498197842049 ], [ -73.785665889184571, 40.875500797443003 ], [ -73.785682772607217, 40.875499121434999 ], [ -73.785699666722849, 40.875494880886009 ], [ -73.785714321817366, 40.875486366063079 ], [ -73.785722223840594, 40.875478695105052 ], [ -73.785733525748554, 40.875463340216953 ], [ -73.785740293668326, 40.875458229867121 ], [ -73.785757181160733, 40.875455697524536 ], [ -73.785770681220242, 40.875456576345186 ], [ -73.785784165977546, 40.875462579736073 ], [ -73.78579649615115, 40.875477124878905 ], [ -73.785805467868457, 40.875486535417281 ], [ -73.785817846055693, 40.875486558411083 ], [ -73.78583474047673, 40.875481466949566 ], [ -73.785852756561837, 40.875478083035702 ], [ -73.785861741926951, 40.875483225327464 ], [ -73.785867335689076, 40.875493485081186 ], [ -73.785865038446701, 40.875508000374296 ], [ -73.78587118522303, 40.875520396210646 ], [ -73.785883024484718, 40.875513159379516 ], [ -73.785892063347447, 40.875502071303991 ], [ -73.785898851732668, 40.87549098080531 ], [ -73.785904506457541, 40.875481596512145 ], [ -73.78591242497221, 40.875468798127585 ], [ -73.785921466573257, 40.875456856399914 ], [ -73.785927112597676, 40.87545089030268 ], [ -73.785940650069548, 40.875439809655191 ], [ -73.785951931123975, 40.875431289459556 ], [ -73.78595927938045, 40.875420199996569 ], [ -73.785949752163859, 40.875409079290279 ], [ -73.785945283031765, 40.875398818866721 ], [ -73.785944202295866, 40.875385152795701 ], [ -73.78594537929807, 40.875368924516138 ], [ -73.785946543639113, 40.875356970003793 ], [ -73.785945461810741, 40.87534330117046 ], [ -73.785946626148615, 40.875331347494324 ], [ -73.785948917874691, 40.875318537823397 ], [ -73.78595346005288, 40.875305735844194 ], [ -73.785961385578872, 40.875290374666811 ], [ -73.785967050519233, 40.875279281241994 ], [ -73.785973844693586, 40.875265628867247 ], [ -73.785974437256883, 40.875256234255005 ], [ -73.785960944272389, 40.875252793589198 ], [ -73.785960428722177, 40.875238270395677 ], [ -73.785962717682096, 40.875226317970515 ], [ -73.785966135230623, 40.875213512982874 ], [ -73.785971788278545, 40.875204981416367 ], [ -73.785987575708305, 40.875194761354479 ], [ -73.785993234361811, 40.875184521570091 ], [ -73.785995520136012, 40.875174275525353 ], [ -73.78600006119062, 40.875161474461983 ], [ -73.786001218815571, 40.875151225403165 ], [ -73.786005748443358, 40.875142691751172 ], [ -73.786017002262284, 40.875141860739731 ], [ -73.786032762347688, 40.875139752254348 ], [ -73.786036193895072, 40.87512225035367 ], [ -73.786036235135086, 40.875109438262079 ], [ -73.786043020706771, 40.875099201402591 ], [ -73.786053159365423, 40.875095802839716 ], [ -73.786072284890153, 40.875096692063288 ], [ -73.786080179792393, 40.875091583784261 ], [ -73.786093724973512, 40.875078795825416 ], [ -73.786103879335798, 40.875069418949302 ], [ -73.786104111199947, 40.875069324761434 ], [ -73.786118528352603, 40.875063466866855 ], [ -73.786120825528954, 40.875048950647432 ], [ -73.78612536765263, 40.875036149580872 ], [ -73.786129908254679, 40.875024197646994 ], [ -73.786129946727073, 40.875012240123674 ], [ -73.78612323262719, 40.875000270075091 ], [ -73.786122143728619, 40.874989165870531 ], [ -73.786133985784872, 40.874980645777079 ], [ -73.786137975489538, 40.874964424469184 ], [ -73.786139135399509, 40.874954177253038 ], [ -73.786142558832182, 40.874938808631974 ], [ -73.786148218544767, 40.874928567921494 ], [ -73.786155009568986, 40.874916625598189 ], [ -73.786162915765601, 40.874907243628329 ], [ -73.786170821961719, 40.874897861656613 ], [ -73.786183239711633, 40.874885927926115 ], [ -73.786196773836451, 40.874876558230341 ], [ -73.786209186523976, 40.874865476383562 ], [ -73.786218218538323, 40.874856096497304 ], [ -73.786232890995961, 40.874842460554682 ], [ -73.78624304498635, 40.874833936398865 ], [ -73.786261076032446, 40.874825427765707 ], [ -73.786273470568133, 40.87482032781427 ], [ -73.786289254016879, 40.874810960435497 ], [ -73.786303912734098, 40.874801590970016 ], [ -73.786317445612625, 40.874792221257685 ], [ -73.786330976958439, 40.874783704274464 ], [ -73.786341141896941, 40.874771767272129 ], [ -73.786346815286407, 40.874757257387493 ], [ -73.786350238227186, 40.874742744168877 ], [ -73.786348039942482, 40.874726511470662 ], [ -73.786349208487024, 40.874712845971921 ], [ -73.786358797113792, 40.874705603917043 ], [ -73.786376242738399, 40.874703928011769 ], [ -73.786381891140081, 40.874697532392098 ], [ -73.786384199227939, 40.874679598894517 ], [ -73.78638649369249, 40.874665938158991 ], [ -73.786391043985859, 40.87465057069614 ], [ -73.786397838006877, 40.874636918379863 ], [ -73.786405759065005, 40.874623268067268 ], [ -73.786412540577828, 40.874613883995153 ], [ -73.786427221295412, 40.874597682480079 ], [ -73.786435125878029, 40.874589156902005 ], [ -73.786445282434201, 40.874579779079198 ], [ -73.786461072392598, 40.874568703461335 ], [ -73.786474605197128, 40.874559334566449 ], [ -73.786481392286859, 40.874548244113278 ], [ -73.78648370034395, 40.874530309693128 ], [ -73.786483738749723, 40.874518353004937 ], [ -73.78647815869364, 40.874503822273532 ], [ -73.786471429224179, 40.874496976899145 ], [ -73.786456830805662, 40.874487981812379 ], [ -73.786368020280122, 40.874461766131212 ], [ -73.786356772381978, 40.874460037899361 ], [ -73.786344405370627, 40.874456596769953 ], [ -73.786328666051659, 40.874452298330226 ], [ -73.786301684232882, 40.874444559919617 ], [ -73.786280330318519, 40.874436832854592 ], [ -73.786260113649647, 40.874424837783927 ], [ -73.7862455099486, 40.874417122305331 ], [ -73.786229787125691, 40.874407699199018 ], [ -73.786215184533688, 40.874399983717282 ], [ -73.786207318396322, 40.874396554517404 ], [ -73.786185974398677, 40.87438541007694 ], [ -73.786178129034724, 40.874375146996044 ], [ -73.786150048596994, 40.87435971902628 ], [ -73.786155779692848, 40.874327273238379 ], [ -73.786164800651392, 40.87432130979122 ], [ -73.786181682229596, 40.874320487443121 ], [ -73.786221528882848, 40.874351311358808 ], [ -73.78623783332651, 40.874354758879925 ], [ -73.786251317906434, 40.874360760459702 ], [ -73.786265923134366, 40.874367620446655 ], [ -73.786281653859376, 40.874375338931856 ], [ -73.786290640752526, 40.874379626619181 ], [ -73.786311977751069, 40.874393330233275 ], [ -73.786326577501455, 40.874401898429795 ], [ -73.786341184065691, 40.874408759329718 ], [ -73.786359164036455, 40.874416479295704 ], [ -73.78637377477456, 40.874421631970485 ], [ -73.786391760351236, 40.874427644550657 ], [ -73.786410874710924, 40.874431950070225 ], [ -73.786436747184894, 40.874434559875567 ], [ -73.786452501433885, 40.874434589054729 ], [ -73.786468268184649, 40.874430349066458 ], [ -73.786482922946007, 40.874421834144179 ], [ -73.786498706154603, 40.87441246849351 ], [ -73.786514481238171, 40.874405665710569 ], [ -73.786534755550377, 40.874399723068791 ], [ -73.786550533266876, 40.874392063871895 ], [ -73.786566314928848, 40.874383552782845 ], [ -73.786578728671856, 40.87437247181893 ], [ -73.786591139879093, 40.874361389928872 ], [ -73.786604688759766, 40.874347750102054 ], [ -73.786613725027095, 40.874336662799607 ], [ -73.786622759649745, 40.874326430150873 ], [ -73.786634054136883, 40.874313638880871 ], [ -73.786646469272, 40.874301705096052 ], [ -73.786657761013586, 40.874289766552188 ], [ -73.786672420770145, 40.874280398882661 ], [ -73.786688186371748, 40.874276157857039 ], [ -73.78670393663181, 40.874277040732018 ], [ -73.786716860566514, 40.874282189322955 ], [ -73.786724202930273, 40.874273234853405 ], [ -73.78670398733874, 40.874261238022058 ], [ -73.786698397662946, 40.874249696911598 ], [ -73.786696174640326, 40.874241152579216 ], [ -73.786680449059645, 40.87423258142627 ], [ -73.78666584645282, 40.874224866838915 ], [ -73.786660247187157, 40.874216316258938 ], [ -73.786660274598958, 40.874207775169637 ], [ -73.786669290118638, 40.874203521656824 ], [ -73.786679431348091, 40.874199269388377 ], [ -73.786687338914362, 40.874189033730438 ], [ -73.786689635934295, 40.874174517581118 ], [ -73.786690804077892, 40.874161707570785 ], [ -73.786693101098109, 40.874147191337549 ], [ -73.786697648537, 40.874132680272609 ], [ -73.786701066049375, 40.874119446593284 ], [ -73.786689844235596, 40.874109605131828 ], [ -73.786686503316545, 40.874099347741875 ], [ -73.786685417079255, 40.874087388972065 ], [ -73.78668321204519, 40.87407286357336 ], [ -73.786685488344361, 40.874065181218263 ], [ -73.78669338888507, 40.874057507427935 ], [ -73.78670464646585, 40.87405582178274 ], [ -73.786713636089459, 40.87405925403106 ], [ -73.786723741667942, 40.874066105636842 ], [ -73.786739488816934, 40.874068698486546 ], [ -73.786757489875868, 40.874068731779865 ], [ -73.7867709931961, 40.874069609486341 ], [ -73.78678673682181, 40.87407220232307 ], [ -73.786801362433664, 40.874073082101326 ], [ -73.786817108804968, 40.874074819443784 ], [ -73.786835105168606, 40.874077416439007 ], [ -73.786847478830097, 40.874079147543227 ], [ -73.786859308308209, 40.874074470633616 ], [ -73.786863278450383, 40.874064656351187 ], [ -73.786871202090609, 40.874050149594986 ], [ -73.786877974047584, 40.874043329199793 ], [ -73.78689600205368, 40.874035675954914 ], [ -73.78690501042378, 40.874033984376709 ], [ -73.78693765318647, 40.874030628244945 ], [ -73.786952324224387, 40.874016988525135 ], [ -73.786966981455052, 40.874007620813209 ], [ -73.786976004721666, 40.874001657305435 ], [ -73.786988386888709, 40.873999973794064 ], [ -73.78700638335971, 40.874002568001337 ], [ -73.787025496264803, 40.874007301164461 ], [ -73.787040157429956, 40.87399707979548 ], [ -73.787030083304813, 40.873980403893711 ], [ -73.787027873926689, 40.873967590318735 ], [ -73.787029039272397, 40.873955632114345 ], [ -73.787031340469369, 40.873939408574216 ], [ -73.787033631927187, 40.873926602391187 ], [ -73.787033670242025, 40.873914643108797 ], [ -73.78703370854852, 40.873902686419051 ], [ -73.787041632551194, 40.873887326081501 ], [ -73.787048408002036, 40.873880505598834 ], [ -73.787066434845542, 40.873872851404975 ], [ -73.787079957699461, 40.873866897118667 ], [ -73.787096845834128, 40.873864366422666 ], [ -73.787117099675939, 40.873864403819752 ], [ -73.787135099046139, 40.873865290704913 ], [ -73.787149730191302, 40.873864464061889 ], [ -73.787153131034827, 40.873856782853267 ], [ -73.787152040776476, 40.873845676897467 ], [ -73.787152070861538, 40.873836281153636 ], [ -73.787153237695037, 40.873823472056934 ], [ -73.787153281458203, 40.873809804471712 ], [ -73.78714882043954, 40.873796985822061 ], [ -73.787137594520672, 40.873788422115801 ], [ -73.787125252997413, 40.873778149962604 ], [ -73.787115148946, 40.873770443820604 ], [ -73.787103935180099, 40.873758467274783 ], [ -73.787093846031595, 40.873746488286578 ], [ -73.787084888041122, 40.873732808596657 ], [ -73.787077055991389, 40.873719126467371 ], [ -73.787071479819204, 40.873703742116042 ], [ -73.787069273494069, 40.873689218479129 ], [ -73.787069306330807, 40.873678967329958 ], [ -73.787074958787628, 40.873671292121671 ], [ -73.787089596779737, 40.873667901776109 ], [ -73.787104233352906, 40.873665366919994 ], [ -73.787122244823792, 40.87366283737304 ], [ -73.7871379938384, 40.873663720940648 ], [ -73.787154862782714, 40.87366716678099 ], [ -73.787173979388527, 40.873671474940693 ], [ -73.787191420624836, 40.873671078465485 ], [ -73.787201013261239, 40.873662129038166 ], [ -73.787202192235767, 40.873645902586375 ], [ -73.787203353905269, 40.873633945292845 ], [ -73.787203392181098, 40.87362198860243 ], [ -73.787202315276204, 40.873607467134761 ], [ -73.787197863992461, 40.873591230207744 ], [ -73.787192274134142, 40.873580115026996 ], [ -73.787185566248212, 40.873567291393528 ], [ -73.78717998217077, 40.873553615177691 ], [ -73.787176655185249, 40.873538233141069 ], [ -73.787174441539221, 40.873527126952695 ], [ -73.78717222973394, 40.873514309777171 ], [ -73.787170028249051, 40.873499784309175 ], [ -73.787167821903253, 40.873485262513711 ], [ -73.787164494613734, 40.873470735051171 ], [ -73.787163409826249, 40.873457921795868 ], [ -73.787161200452502, 40.873445103705691 ], [ -73.787159000799647, 40.873428871853122 ], [ -73.787157903134229, 40.873421182339548 ], [ -73.787155707849067, 40.873403242265894 ], [ -73.787155754341839, 40.873388721950917 ], [ -73.787156926639227, 40.87337420371415 ], [ -73.787160925306935, 40.873355419580342 ], [ -73.78717502674364, 40.873344343506211 ], [ -73.787178422394817, 40.87333751769809 ], [ -73.787175078701466, 40.873328114889688 ], [ -73.787166123917629, 40.873312723385332 ], [ -73.78716617587466, 40.87329649568877 ], [ -73.787166222365059, 40.873281975373516 ], [ -73.787166268858371, 40.873267454138151 ], [ -73.787164057962457, 40.873255492375066 ], [ -73.787162955252299, 40.873248656505815 ], [ -73.787162999004266, 40.873234991680683 ], [ -73.787163050967891, 40.873218762142464 ], [ -73.787160851323009, 40.873202529452975 ], [ -73.787160886872726, 40.873191426494181 ], [ -73.787159859521338, 40.873160676403515 ], [ -73.787158789204909, 40.873144446634811 ], [ -73.787156577528648, 40.873131628538239 ], [ -73.78715662675431, 40.873116254573738 ], [ -73.787155543189414, 40.873103440317252 ], [ -73.787155595148604, 40.873087212703844 ], [ -73.787156768962191, 40.87307184073147 ], [ -73.787160195899375, 40.87305561842679 ], [ -73.787165872909114, 40.873040254766934 ], [ -73.787172673290542, 40.873024893264137 ], [ -73.787177220553858, 40.873010380335863 ], [ -73.787181759607762, 40.872998431031618 ], [ -73.787187431138634, 40.872984775673345 ], [ -73.787190852752516, 40.872969833839171 ], [ -73.787194292082845, 40.8729497699467 ], [ -73.787195462737728, 40.872936104439198 ], [ -73.787193252267528, 40.872923288185206 ], [ -73.787188806075534, 40.872906198531325 ], [ -73.787187718253918, 40.872895091658371 ], [ -73.7871821369652, 40.872880561874553 ], [ -73.787177677226936, 40.87286773962829 ], [ -73.787176590923124, 40.872855780860419 ], [ -73.787176634674978, 40.872842115114231 ], [ -73.787176672960769, 40.872830156665728 ], [ -73.787177835827052, 40.87281820112802 ], [ -73.787182380339218, 40.872804542769209 ], [ -73.787186916639357, 40.87279344895331 ], [ -73.787191452946544, 40.872782352460753 ], [ -73.787195998659641, 40.872768695943719 ], [ -73.787199408068901, 40.872757596449546 ], [ -73.787202832241164, 40.872742229549225 ], [ -73.787204029122876, 40.872720024705018 ], [ -73.78720407834021, 40.87270464981799 ], [ -73.78720412208925, 40.872690983151358 ], [ -73.787200767795426, 40.872684144046275 ], [ -73.787188407324166, 40.872679851037837 ], [ -73.787170422567584, 40.872672984926872 ], [ -73.786993962985932, 40.872611160914488 ], [ -73.786862452516516, 40.872567358348157 ], [ -73.786834311326331, 40.872570721023365 ], [ -73.786796116705659, 40.872551006150246 ], [ -73.786788250764261, 40.872547574227362 ], [ -73.786823303247687, 40.872494683787934 ], [ -73.786836841063987, 40.87248360487137 ], [ -73.786855957739277, 40.872487056669911 ], [ -73.786880681664542, 40.872496498090555 ], [ -73.786876120373108, 40.872516133911517 ], [ -73.78703348050658, 40.872569382606578 ], [ -73.787117785446569, 40.872596015460672 ], [ -73.787162741033228, 40.872612326250483 ], [ -73.787171754670069, 40.872608927268089 ], [ -73.7871908998452, 40.872603837921197 ], [ -73.787203288851543, 40.872599590676039 ], [ -73.787217937225634, 40.872593638449885 ], [ -73.787229209436347, 40.872587679071515 ], [ -73.787247247940556, 40.872576610170213 ], [ -73.787260785818859, 40.872565529446597 ], [ -73.787266443936474, 40.872555291352278 ], [ -73.787272108736531, 40.872543343284313 ], [ -73.787283393382879, 40.872533114732434 ], [ -73.787299184494429, 40.872520759353627 ], [ -73.787320638446872, 40.872498165047958 ], [ -73.787329691839858, 40.872481953116392 ], [ -73.787340999958232, 40.872464037029737 ], [ -73.787345529227963, 40.872455504240975 ], [ -73.787356847849026, 40.872435025452468 ], [ -73.787369279316422, 40.872417111435979 ], [ -73.787379454112695, 40.872402609796403 ], [ -73.787388496661961, 40.872389814212248 ], [ -73.787397532418865, 40.872378727847988 ], [ -73.787408826425988, 40.872365936498831 ], [ -73.787420117696215, 40.872353999633731 ], [ -73.787428032815555, 40.872342055706781 ], [ -73.787435946824431, 40.872330113617309 ], [ -73.787444990455896, 40.87231731711055 ], [ -73.787454037123027, 40.872302812464355 ], [ -73.787460829165568, 40.872290014650851 ], [ -73.787469894631158, 40.872270386188866 ], [ -73.787475573026683, 40.872254167102717 ], [ -73.787482383073907, 40.872235389977725 ], [ -73.787486935670941, 40.872219170572215 ], [ -73.787492611324339, 40.872203806055396 ], [ -73.787499402143155, 40.872191006397017 ], [ -73.787506198114244, 40.872177353008638 ], [ -73.787507356664165, 40.872167104851421 ], [ -73.787506280021333, 40.872151729646859 ], [ -73.787504077294514, 40.872137204263197 ], [ -73.787500750299003, 40.872121824073417 ], [ -73.787496285085325, 40.87211071189715 ], [ -73.787490699547718, 40.872097889342648 ], [ -73.787490735047641, 40.872086784541402 ], [ -73.787498663769654, 40.872070571442691 ], [ -73.787509978328671, 40.872050948962212 ], [ -73.787520145270236, 40.872038153682873 ], [ -73.787530314623467, 40.872025361084866 ], [ -73.787539347695073, 40.872015126517844 ], [ -73.787549503391006, 40.872006605008309 ], [ -73.787566407721627, 40.871998094092184 ], [ -73.787585551581557, 40.871993006433534 ], [ -73.787602436493401, 40.871991329310248 ], [ -73.787618204225723, 40.871986232750267 ], [ -73.787630610257153, 40.871977715378755 ], [ -73.787640777164299, 40.871964920088629 ], [ -73.787647574598097, 40.871950413040132 ], [ -73.787654356875009, 40.871941028893914 ], [ -73.78766563752896, 40.871931654870536 ], [ -73.787675795817108, 40.871922278696729 ], [ -73.787687074950497, 40.871913758323785 ], [ -73.787697222735304, 40.871906944094675 ], [ -73.787717505985043, 40.871897585722721 ], [ -73.787729892903158, 40.871895044804923 ], [ -73.787746782023063, 40.871891661197793 ], [ -73.787764808249747, 40.871884005971886 ], [ -73.787778344569787, 40.871872927861425 ], [ -73.787788500219236, 40.87186440448918 ], [ -73.787800918627937, 40.871851616006538 ], [ -73.787811080131945, 40.871840531680931 ], [ -73.787822368523351, 40.871829446667981 ], [ -73.787831399889043, 40.871820069326589 ], [ -73.787841558549573, 40.871809837727 ], [ -73.787852844197602, 40.871799609120252 ], [ -73.787864131460168, 40.871788527698925 ], [ -73.78787767562801, 40.871775738601393 ], [ -73.787888961565599, 40.871764655417472 ], [ -73.787899115966397, 40.871756133874555 ], [ -73.787921693085067, 40.871733112853093 ], [ -73.787932991120755, 40.871718613229355 ], [ -73.787940899107284, 40.871709232055295 ], [ -73.787952188957149, 40.871697296054535 ], [ -73.787963480018917, 40.871685358298492 ], [ -73.787973641470671, 40.871674273874468 ], [ -73.787983805536911, 40.871662334043911 ], [ -73.78798946619149, 40.871651241425724 ], [ -73.788009708467484, 40.871654694183626 ], [ -73.788025460545413, 40.871655577719245 ], [ -73.788043456603702, 40.871657319953421 ], [ -73.788056968140168, 40.871654781067946 ], [ -73.788069347127063, 40.871653949248682 ], [ -73.788085089820854, 40.87165739648264 ], [ -73.788096322467979, 40.871663394547582 ], [ -73.788112077680196, 40.871662569848951 ], [ -73.788122202095991, 40.871663442108833 ], [ -73.788144705496848, 40.871663483460573 ], [ -73.788157081463481, 40.871664360774645 ], [ -73.788178461922328, 40.871663545482384 ], [ -73.788193099111439, 40.871661011410517 ], [ -73.788206619103647, 40.87165505606535 ], [ -73.788222385083273, 40.871650815833746 ], [ -73.788237022685223, 40.871647424421425 ], [ -73.788249412250195, 40.871644031638795 ], [ -73.788270811632458, 40.871637237939112 ], [ -73.788286580035475, 40.871632995863081 ], [ -73.788297841506278, 40.871629601003782 ], [ -73.788319243308678, 40.871622805543176 ], [ -73.788333883495568, 40.871618564149529 ], [ -73.788351908076493, 40.871611762482793 ], [ -73.788366554915086, 40.871605811028836 ], [ -73.78838119510398, 40.871601566868954 ], [ -73.788395836611699, 40.871597322708354 ], [ -73.788411049657626, 40.871590517629983 ], [ -73.788406034428093, 40.871575133446811 ], [ -73.788401574526958, 40.871562315762638 ], [ -73.788397127025107, 40.871545222551212 ], [ -73.788392664413024, 40.871533257679431 ], [ -73.788388196370903, 40.871522999101835 ], [ -73.788382610712091, 40.871510176674171 ], [ -73.788377019207772, 40.871499917957948 ], [ -73.788371430841295, 40.871487947337357 ], [ -73.78836696823501, 40.871475983302069 ], [ -73.788364766845504, 40.871460605117981 ], [ -73.788365915879595, 40.871452919737301 ], [ -73.78837268591775, 40.871446951982328 ], [ -73.788381689967011, 40.871446114854912 ], [ -73.788379497942358, 40.871428174888301 ], [ -73.788373909575867, 40.871416206025344 ], [ -73.78836606815814, 40.87140508768443 ], [ -73.788359356742376, 40.871392263187623 ], [ -73.788357149915953, 40.871378594142826 ], [ -73.788356082469221, 40.871360653479655 ], [ -73.788357261410297, 40.87134357419194 ], [ -73.788357318516191, 40.87132563743306 ], [ -73.788358497458077, 40.871308558145245 ], [ -73.788359683053713, 40.871289768882242 ], [ -73.788360867142984, 40.871271833273148 ], [ -73.788363177293093, 40.871253046911868 ], [ -73.788366620158129, 40.871231698989511 ], [ -73.788368927581729, 40.871213768117236 ], [ -73.788371232290586, 40.871196689055211 ], [ -73.788375798201756, 40.87117619684787 ], [ -73.788383749966613, 40.871152297074559 ], [ -73.788387164119925, 40.87114034573851 ], [ -73.788392857291456, 40.871119002781448 ], [ -73.788396285041301, 40.871102779517692 ], [ -73.788398581583138, 40.871088263326143 ], [ -73.788399753562956, 40.871073746826994 ], [ -73.788400928265332, 40.871058374839812 ], [ -73.788400979921832, 40.871042146298421 ], [ -73.788401039738744, 40.871023354049235 ], [ -73.788403347145817, 40.871005423176925 ], [ -73.788404504324959, 40.870995175006243 ], [ -73.788406791203016, 40.87098407341319 ], [ -73.788409109484419, 40.870962725182387 ], [ -73.788409163858887, 40.87094564207144 ], [ -73.788408076152919, 40.870933683308735 ], [ -73.788411497238627, 40.870919168260222 ], [ -73.788412684020514, 40.870900380756581 ], [ -73.788411608695057, 40.870884150984075 ], [ -73.788409408528324, 40.870868772883902 ], [ -73.788410573864212, 40.870855961005127 ], [ -73.788410620081095, 40.870841440682895 ], [ -73.788411777253586, 40.870831193348153 ], [ -73.788410701637915, 40.870815817312888 ], [ -73.788410745134996, 40.870802151477385 ], [ -73.788410794065939, 40.870786778425845 ], [ -73.788409710297273, 40.870773964174404 ], [ -73.78840749804651, 40.870762002511242 ], [ -73.788408666096785, 40.870748337903102 ], [ -73.788409827202685, 40.870737235163524 ], [ -73.788410984373499, 40.870726987829919 ], [ -73.788413282111193, 40.870712471639301 ], [ -73.788412193194517, 40.87070051287391 ], [ -73.788412233976814, 40.870687699849732 ], [ -73.788408889026059, 40.870678298911756 ], [ -73.788398778355628, 40.870673153827831 ], [ -73.788381909704327, 40.870670561904895 ], [ -73.788367276670158, 40.870672242354217 ], [ -73.788352638187888, 40.870675633781694 ], [ -73.78834137567236, 40.870679027724705 ], [ -73.788323347523345, 40.870686683038201 ], [ -73.788305317871121, 40.870695190243943 ], [ -73.788296298698342, 40.870701153865845 ], [ -73.78828051540944, 40.870710520604327 ], [ -73.788261382849498, 40.87071219277756 ], [ -73.788242245246806, 40.870714721354076 ], [ -73.78822873795616, 40.870716404773532 ], [ -73.788213540063197, 40.870718510993598 ], [ -73.788175840187264, 40.870720575956248 ], [ -73.788156713062492, 40.870720540813693 ], [ -73.788139839374566, 40.870718802416583 ], [ -73.788119589318796, 40.870717912470283 ], [ -73.788109471709774, 40.870715330152343 ], [ -73.788090367876976, 40.870707608470781 ], [ -73.788074640227151, 40.870699892908085 ], [ -73.788060028965845, 40.870694739605526 ], [ -73.788042041520811, 40.870689582688421 ], [ -73.788029673609856, 40.870686997146585 ], [ -73.788012805376155, 40.870683551516223 ], [ -73.787993689166512, 40.870680097148131 ], [ -73.787972318813814, 40.870677496886138 ], [ -73.787955444732191, 40.87067661219929 ], [ -73.787937441065424, 40.870676579086556 ], [ -73.787918315578054, 40.870675689333176 ], [ -73.787898065430994, 40.870674798426414 ], [ -73.787878944189259, 40.870672198604346 ], [ -73.787865446176639, 40.870671320115584 ], [ -73.787848562818752, 40.870672997280103 ], [ -73.787826048843257, 40.870676374149099 ], [ -73.787814787919118, 40.870678915308233 ], [ -73.787801273544801, 40.870683162390101 ], [ -73.787768606833666, 40.870694203534647 ], [ -73.78775058365855, 40.870701004193613 ], [ -73.787734811199996, 40.870706954419205 ], [ -73.787719036011438, 40.870713759211874 ], [ -73.787699889803903, 40.870719700543127 ], [ -73.78768299157386, 40.870725649524978 ], [ -73.787668348693387, 40.870730748166054 ], [ -73.787642444984584, 40.870738387112709 ], [ -73.787619922687355, 40.870744323970108 ], [ -73.787595148972542, 40.870750256674079 ], [ -73.78756248995974, 40.870759592307444 ], [ -73.787548975968804, 40.870762984701138 ], [ -73.787535457625651, 40.870768083641067 ], [ -73.787520813620148, 40.870773183098954 ], [ -73.787506170829772, 40.870778280883293 ], [ -73.787492649744024, 40.870784235225081 ], [ -73.787476877250242, 40.870790183573853 ], [ -73.787462226564529, 40.870796990404195 ], [ -73.787448706793427, 40.870802944741932 ], [ -73.787423912297726, 40.870815709452437 ], [ -73.787400237289674, 40.870829332551253 ], [ -73.787388967816526, 40.87083529195278 ], [ -73.787366423604894, 40.870848062639332 ], [ -73.787355148974967, 40.870854873842099 ], [ -73.787341625246981, 40.870861680059122 ], [ -73.787326967434467, 40.870871049661837 ], [ -73.787310056682358, 40.870881268762155 ], [ -73.787292023692885, 40.87089148486951 ], [ -73.787276243256528, 40.87089914416616 ], [ -73.787261589489603, 40.870907657353591 ], [ -73.787260787228576, 40.870908123525744 ], [ -73.787246935602411, 40.870916172462834 ], [ -73.787234537606679, 40.870922982500922 ], [ -73.787222138398107, 40.870929792535435 ], [ -73.787209735237766, 40.870937457135582 ], [ -73.787197334392971, 40.87094512081859 ], [ -73.787186056992027, 40.870952787577757 ], [ -73.787160107861766, 40.870974946655664 ], [ -73.78714880967793, 40.870989445369148 ], [ -73.787137510375956, 40.87100394767598 ], [ -73.787126210771333, 40.871019299954973 ], [ -73.787122810069889, 40.8710269811668 ], [ -73.787123910011076, 40.871034668931898 ], [ -73.787129488702092, 40.871049200559 ], [ -73.787135079555995, 40.871060313072306 ], [ -73.78714178674953, 40.871073994048089 ], [ -73.787148481492551, 40.871091942352592 ], [ -73.787152935645182, 40.871106470145939 ], [ -73.787155136850274, 40.871121849190565 ], [ -73.787149469420925, 40.871134649148615 ], [ -73.787140425889064, 40.871147446471291 ], [ -73.787128008586834, 40.871160234802772 ], [ -73.787116721412673, 40.871171317994978 ], [ -73.787111078586662, 40.87117643226243 ], [ -73.787096405474529, 40.871190925574979 ], [ -73.787085123761358, 40.871200300462014 ], [ -73.787070457745145, 40.871212231064142 ], [ -73.787054658850906, 40.871226721370817 ], [ -73.787042226725802, 40.87124378253931 ], [ -73.787036572948637, 40.871252311484504 ], [ -73.787029789134678, 40.871262548411899 ], [ -73.787021872854666, 40.871274494068032 ], [ -73.787012834449882, 40.871286434137971 ], [ -73.78700379471384, 40.871298375961089 ], [ -73.78699362384458, 40.871312023003327 ], [ -73.786980076564589, 40.871326516624372 ], [ -73.786967658085771, 40.87133930769631 ], [ -73.786954117679599, 40.871351240363211 ], [ -73.786940576165392, 40.871363172944008 ], [ -73.786928167107106, 40.871373398548748 ], [ -73.786914631056391, 40.871383623826972 ], [ -73.786887565528062, 40.871402364321028 ], [ -73.786876283749564, 40.871411739185952 ], [ -73.786865004707508, 40.87142025956436 ], [ -73.78685372444906, 40.871428779856998 ], [ -73.786843573800255, 40.871436448581427 ], [ -73.78683116745249, 40.871445820526532 ], [ -73.786816503961106, 40.871456898282887 ], [ -73.786802969091198, 40.871467122630008 ], [ -73.786788301750761, 40.87147905402977 ], [ -73.786774765344703, 40.871490132944921 ], [ -73.786762354917769, 40.871500357610394 ], [ -73.786749943061167, 40.871511439522479 ], [ -73.786738657292375, 40.871521668020563 ], [ -73.786727374260295, 40.871531042953563 ], [ -73.786717219321261, 40.87154041721071 ], [ -73.786693502475217, 40.871567708679088 ], [ -73.786683330291936, 40.871581354769688 ], [ -73.786674280709505, 40.871596712169861 ], [ -73.786662964755763, 40.871616338165538 ], [ -73.786651656712451, 40.871634253183558 ], [ -73.786639223204219, 40.871651311628625 ], [ -73.786625673342172, 40.871665808799129 ], [ -73.786617771442408, 40.871674335319206 ], [ -73.786601961485374, 40.871692241164091 ], [ -73.786596310345416, 40.87169991911572 ], [ -73.786589527949388, 40.871709301443758 ], [ -73.786579349919393, 40.871725510317809 ], [ -73.786565780722228, 40.871745985870533 ], [ -73.78655222107416, 40.871763896710384 ], [ -73.786535279803573, 40.871783512278867 ], [ -73.786500279266605, 40.871821028674368 ], [ -73.786473187647076, 40.871847456511496 ], [ -73.78645399709427, 40.871867065224471 ], [ -73.7864404456231, 40.871882414267517 ], [ -73.786426892500359, 40.871898617796226 ], [ -73.78642235644736, 40.871908859686926 ], [ -73.78642119620406, 40.871919961484927 ], [ -73.78641663513632, 40.871938742716218 ], [ -73.786415472139907, 40.871950700923293 ], [ -73.786414307945563, 40.871962654611487 ], [ -73.786413138246004, 40.87197632103554 ], [ -73.786411969771592, 40.87198998378021 ], [ -73.786409681000634, 40.872001937225171 ], [ -73.786405137918365, 40.87201474098552 ], [ -73.786388167567452, 40.872043749517587 ], [ -73.78637797987615, 40.872062522078821 ], [ -73.786371175128735, 40.872079592762788 ], [ -73.786365498014675, 40.87209495722248 ], [ -73.786359828817666, 40.872108611712001 ], [ -73.786355289677076, 40.872120560902076 ], [ -73.786348502926245, 40.872131651352952 ], [ -73.786341716168195, 40.872142742805906 ], [ -73.786334926555739, 40.872154687826061 ], [ -73.786328141001221, 40.872165781038127 ], [ -73.786321346330141, 40.872178577944389 ], [ -73.786315679849707, 40.872191382295348 ], [ -73.78630774259176, 40.872210156426654 ], [ -73.786300946047135, 40.872224665154107 ], [ -73.786291899462242, 40.872238315136563 ], [ -73.786292991088715, 40.872248565612352 ], [ -73.786301954088387, 40.872260539909391 ], [ -73.786308672219931, 40.872270802653361 ], [ -73.786314263039372, 40.872281915203978 ], [ -73.786324349081184, 40.872294747912321 ], [ -73.786340064825851, 40.872305879142644 ], [ -73.786350171305429, 40.872312732625609 ], [ -73.786365889372192, 40.872323863939101 ], [ -73.786380491418242, 40.872331578482971 ], [ -73.786391730720752, 40.87233587033888 ], [ -73.786407449227582, 40.87234614790971 ], [ -73.786431056799472, 40.872353026395757 ], [ -73.786486137767341, 40.872370209859312 ], [ -73.786498504403511, 40.872373649217032 ], [ -73.786511987389105, 40.872379652523833 ], [ -73.786545710048756, 40.87238996533619 ], [ -73.78656818199795, 40.872400257227696 ], [ -73.786583907242289, 40.872408827480122 ], [ -73.786600763652515, 40.872415691594639 ], [ -73.786620991164597, 40.872423416519588 ], [ -73.786636731234168, 40.872427714921841 ], [ -73.786650227626396, 40.872430303619971 ], [ -73.786662615428781, 40.87242605459037 ], [ -73.786676113354943, 40.872427787792873 ], [ -73.786694101042713, 40.872432948435232 ], [ -73.786705333690463, 40.872438947639857 ], [ -73.786732313534742, 40.872446685036401 ], [ -73.786691557422529, 40.872524333750683 ], [ -73.786676113258892, 40.872517522458075 ], [ -73.78664099466981, 40.872502034060325 ], [ -73.786469063419375, 40.872430822740938 ], [ -73.786319568315761, 40.872381859801571 ], [ -73.786273483347358, 40.872366400326314 ], [ -73.78625770883167, 40.872373203077821 ], [ -73.786246431077387, 40.872380870580727 ], [ -73.786232902531012, 40.872389385805796 ], [ -73.786218251366719, 40.872396191554714 ], [ -73.786203608120928, 40.872401289089687 ], [ -73.786188967503563, 40.872405533892469 ], [ -73.786173197254328, 40.872410628412283 ], [ -73.786158556746258, 40.87241487229263 ], [ -73.786140534475393, 40.872420818125335 ], [ -73.786128139164816, 40.872425918062582 ], [ -73.786107867836733, 40.872431862396034 ], [ -73.786104113524686, 40.872432994194618 ], [ -73.786090972883315, 40.872436955739545 ], [ -73.786075202621817, 40.872442049409621 ], [ -73.786058305022095, 40.872447998236247 ], [ -73.786041407313192, 40.872453945221359 ], [ -73.786025632748803, 40.872460749782512 ], [ -73.786014362884472, 40.872466706370176 ], [ -73.785998586994822, 40.872473510005072 ], [ -73.785983936995848, 40.872480317567828 ], [ -73.785968162425235, 40.87248712028093 ], [ -73.785953509564052, 40.872494780568388 ], [ -73.785936604900641, 40.872503291247391 ], [ -73.785917447446423, 40.87251179598465 ], [ -73.785897155507286, 40.872523715069448 ], [ -73.785873457244406, 40.8725450243791 ], [ -73.785865559538635, 40.872551844466528 ], [ -73.785849786363599, 40.87255779443079 ], [ -73.785839652052772, 40.87256033657065 ], [ -73.785819392003461, 40.872562007165222 ], [ -73.785794644534704, 40.872560252963439 ], [ -73.785772149412992, 40.872556795631986 ], [ -73.785753041030745, 40.872550781787311 ], [ -73.785744052104008, 40.872546494051164 ], [ -73.785732837583723, 40.872534515527192 ], [ -73.785721622747076, 40.872523388982891 ], [ -73.785711540626181, 40.872509707009719 ], [ -73.785701456209921, 40.872496020597204 ], [ -73.785694751917177, 40.872481487732507 ], [ -73.785688094435599, 40.872452435388247 ], [ -73.785684766303433, 40.872437909634527 ], [ -73.785682573767772, 40.872419967777724 ], [ -73.785681509775358, 40.872401174364548 ], [ -73.785680417028871, 40.872390923798534 ], [ -73.785679327040597, 40.872379817825973 ], [ -73.785679365592529, 40.87236786029581 ], [ -73.785677184078537, 40.87234650108158 ], [ -73.785674988794682, 40.872329413710837 ], [ -73.785671657804158, 40.872315742526474 ], [ -73.785667212159993, 40.872298651054734 ], [ -73.785662758246247, 40.872284125048665 ], [ -73.785659428921633, 40.872269597535166 ], [ -73.785656087037296, 40.872259341029839 ], [ -73.78564713395555, 40.872243951163384 ], [ -73.785640431243706, 40.87222856372366 ], [ -73.78563599387769, 40.872208909462266 ], [ -73.785634931105534, 40.872190118644198 ], [ -73.785634994461176, 40.872170471830238 ], [ -73.78563393631876, 40.872149117464524 ], [ -73.785636236255954, 40.872133746678116 ], [ -73.785646404776969, 40.872120953406551 ], [ -73.785659957699565, 40.872105602703371 ], [ -73.78567237655983, 40.872092815370536 ], [ -73.785681422147448, 40.872079166354332 ], [ -73.785685955896454, 40.872068926246264 ], [ -73.785689374882878, 40.87205526493053 ], [ -73.785696175506473, 40.872039903512075 ], [ -73.785699629953669, 40.872015993725114 ], [ -73.785697440502076, 40.871996346322483 ], [ -73.785696354487413, 40.871984384861115 ], [ -73.785694148194594, 40.871970714009329 ], [ -73.785690818870179, 40.871956189173673 ], [ -73.785687489223179, 40.871942516233631 ], [ -73.785683029833166, 40.871929694848916 ], [ -73.785677444659285, 40.871916873126374 ], [ -73.78567185783966, 40.871904904219576 ], [ -73.785664022318343, 40.871892079234499 ], [ -73.785657301573806, 40.871882670101293 ], [ -73.785640464673989, 40.871869827544103 ], [ -73.785625867114902, 40.871860403764359 ], [ -73.785609032868095, 40.871846707469551 ], [ -73.785601186354398, 40.871837297159772 ], [ -73.785593345021567, 40.871827032286184 ], [ -73.785585502805702, 40.871815914591309 ], [ -73.785573198038023, 40.871793683812669 ], [ -73.785563133037954, 40.87177402083833 ], [ -73.785553059449441, 40.871757773467351 ], [ -73.785541847860955, 40.871744938597743 ], [ -73.785529515667889, 40.871731250663572 ], [ -73.785520544505388, 40.871721837337262 ], [ -73.785509323105984, 40.871712422583023 ], [ -73.785501473867754, 40.871703865916501 ], [ -73.785493641166482, 40.871690184508942 ], [ -73.785489185788862, 40.871676512145832 ], [ -73.785486979553269, 40.871662840453027 ], [ -73.785483639268989, 40.871651730206572 ], [ -73.785480298985547, 40.871640620043785 ], [ -73.785473601436095, 40.871624380704375 ], [ -73.785465767540572, 40.871610698456159 ], [ -73.785459053568985, 40.871599583772884 ], [ -73.785460227748345, 40.871584211897471 ], [ -73.785465877797634, 40.871576534000376 ], [ -73.785477152749451, 40.871569721143061 ], [ -73.785489566139915, 40.871558642966981 ], [ -73.785503100021373, 40.871548417851784 ], [ -73.785515492467638, 40.871544169873502 ], [ -73.785534620929724, 40.871544205455955 ], [ -73.785552614257739, 40.871546799050066 ], [ -73.785572844906483, 40.871554525087781 ], [ -73.785586348577866, 40.871553695625188 ], [ -73.785600988927129, 40.871549453574403 ], [ -73.785614508683679, 40.87154435402762 ], [ -73.785632519746898, 40.871541824712288 ], [ -73.785655032580522, 40.871539303764578 ], [ -73.785668536255173, 40.87153847253601 ], [ -73.785704545588672, 40.871537686651806 ], [ -73.785722549597878, 40.871537720113153 ], [ -73.785740556240498, 40.87153690176261 ], [ -73.785769821726021, 40.871533539601685 ], [ -73.785793466160513, 40.871528458009472 ], [ -73.785804727307067, 40.871525916126693 ], [ -73.785819362248546, 40.871523380510119 ], [ -73.785834002579222, 40.871519137509694 ], [ -73.785849769570035, 40.871515749417838 ], [ -73.785864407583048, 40.871511506493022 ], [ -73.785877928523732, 40.871506406917568 ], [ -73.785907224135272, 40.871493649979271 ], [ -73.785923009600467, 40.871483427238047 ], [ -73.785941057484024, 40.871469796672443 ], [ -73.785955725407661, 40.871457011727102 ], [ -73.785958488586743, 40.871454229261168 ], [ -73.785969272620861, 40.871443370040126 ], [ -73.78597831244619, 40.871431430138365 ], [ -73.785991879220958, 40.871410955570241 ], [ -73.785998680923768, 40.871395593213009 ], [ -73.786000980748568, 40.871380222500967 ], [ -73.786003272431671, 40.871367415413943 ], [ -73.786003310924755, 40.871355457882785 ], [ -73.786004483327901, 40.871340939568469 ], [ -73.786005671235756, 40.871321296680165 ], [ -73.786007995367669, 40.871299093012922 ], [ -73.786010282971347, 40.871287140576001 ], [ -73.786009201306172, 40.871273471815861 ], [ -73.786008176833889, 40.871242720788672 ], [ -73.786007102094615, 40.871226490074896 ], [ -73.78600603142128, 40.871209406716936 ], [ -73.786004956251531, 40.871194028820128 ], [ -73.786003877337237, 40.871179506326875 ], [ -73.786003924077065, 40.871164986927958 ], [ -73.786001714887121, 40.871152170565217 ], [ -73.78599950305879, 40.871140208856836 ], [ -73.785997289692517, 40.871129101636015 ], [ -73.785992822369295, 40.871117989395181 ], [ -73.785988358690105, 40.871106876240844 ], [ -73.785982768026685, 40.871095762834521 ], [ -73.785976055563864, 40.871083791851184 ], [ -73.78596934430864, 40.871071823546103 ], [ -73.785960380325704, 40.87105984654206 ], [ -73.785953666216741, 40.871048731884926 ], [ -73.785942482170256, 40.871027356877363 ], [ -73.785940295106499, 40.871007708558956 ], [ -73.785941464875592, 40.870994044898829 ], [ -73.785939246350964, 40.870983791321223 ], [ -73.785931408143369, 40.870971818244946 ], [ -73.785923567183616, 40.870960700657349 ], [ -73.785912357968812, 40.870947866744963 ], [ -73.785903383005603, 40.870939308014265 ], [ -73.785892154646348, 40.870932454163089 ], [ -73.785879796563108, 40.870926452872148 ], [ -73.78586630600276, 40.870922157705131 ], [ -73.785848315591934, 40.8709187078328 ], [ -73.785830321332284, 40.870916110684696 ], [ -73.785807830617571, 40.870911799628502 ], [ -73.785794335447676, 40.870910066328534 ], [ -73.785779720345403, 40.870905769060798 ], [ -73.785753873719216, 40.870896325315449 ], [ -73.785743756505141, 40.870892888216517 ], [ -73.785716780158197, 40.870884296937767 ], [ -73.785701044810978, 40.870878289349442 ], [ -73.785687566170196, 40.870871431379442 ], [ -73.785671833142644, 40.870865423708985 ], [ -73.785656093508081, 40.8708611243364 ], [ -73.785639219529926, 40.870860236549589 ], [ -73.785622340364597, 40.870860205166423 ], [ -73.785599837126895, 40.870860163322661 ], [ -73.78557508202509, 40.870860973702342 ], [ -73.785551449167883, 40.870861783402546 ], [ -73.785537943321145, 40.870862612855582 ], [ -73.785498558932403, 40.870864247820265 ], [ -73.785476051835204, 40.870865059599431 ], [ -73.785451295968286, 40.870865013535393 ], [ -73.785426545170552, 40.870864113821234 ], [ -73.78540516626046, 40.870864927686164 ], [ -73.78537927348944, 40.870868295949037 ], [ -73.785355633566112, 40.870871668400184 ], [ -73.785331986467241, 40.870877602799702 ], [ -73.785299322001819, 40.870887791353269 ], [ -73.78528354210529, 40.870896304033025 ], [ -73.785272262943849, 40.870904825092857 ], [ -73.785259850961666, 40.870915903249347 ], [ -73.7852451692183, 40.870932960955933 ], [ -73.785236111557722, 40.87095002645902 ], [ -73.785232699609779, 40.870961122212854 ], [ -73.785227029059087, 40.870974778403607 ], [ -73.785221364027834, 40.87098672553816 ], [ -73.785213456616759, 40.870996961102925 ], [ -73.785195396453943, 40.871014010667842 ], [ -73.785184126647167, 40.871019968097222 ], [ -73.78517285176153, 40.871026780006545 ], [ -73.785149184164979, 40.871038693509085 ], [ -73.785139033377845, 40.871046363004155 ], [ -73.785131104202236, 40.871062576027377 ], [ -73.785128798664104, 40.871079654942442 ], [ -73.785127610614509, 40.871099296986429 ], [ -73.785127577482598, 40.87110954721836 ], [ -73.785127538834857, 40.871121503913407 ], [ -73.785127467049463, 40.871143712599299 ], [ -73.78512740907496, 40.871161648519312 ], [ -73.785123976222465, 40.871179578067185 ], [ -73.785121676199822, 40.871194948846032 ], [ -73.78512049952198, 40.871210321634599 ], [ -73.7851215823258, 40.871223990405625 ], [ -73.785123782957186, 40.871239368652006 ], [ -73.785128246506673, 40.871250479999361 ], [ -73.785134954521396, 40.871264160172124 ], [ -73.785139416528821, 40.871276125254042 ], [ -73.785145000333316, 40.871288946918042 ], [ -73.785160712871985, 40.871300935640178 ], [ -73.785178697052473, 40.871307801229598 ], [ -73.785197795529385, 40.871316378876969 ], [ -73.7852090290734, 40.87132237630545 ], [ -73.785223629216262, 40.871330945569667 ], [ -73.785241597628684, 40.871341229416821 ], [ -73.78526069137223, 40.871352369850193 ], [ -73.785280902957012, 40.871365218749091 ], [ -73.785295497711687, 40.871375496222498 ], [ -73.785310100639961, 40.871383210068984 ], [ -73.785324696843389, 40.871392632045747 ], [ -73.785340978173934, 40.871403339480032 ], [ -73.785360609688837, 40.871421740640479 ], [ -73.785368449396486, 40.8714328583469 ], [ -73.785372922484967, 40.871441407818217 ], [ -73.785377381783391, 40.871454228379733 ], [ -73.785378466195652, 40.871467041656352 ], [ -73.78537393088763, 40.871478138082459 ], [ -73.78536602808002, 40.871485810861486 ], [ -73.785352501260661, 40.871493471413601 ], [ -73.785337865203303, 40.871496007887679 ], [ -73.785318735103061, 40.871496825003611 ], [ -73.785295108740002, 40.871495928275444 ], [ -73.785281610928706, 40.871494194910952 ], [ -73.78526586687056, 40.871491601865834 ], [ -73.785241131293418, 40.871485578290596 ], [ -73.785222011020863, 40.871482979034489 ], [ -73.785207385670333, 40.871482951789297 ], [ -73.785192749499657, 40.871485488162293 ], [ -73.785172475963208, 40.871491427893886 ], [ -73.785160080745996, 40.871496529484389 ], [ -73.785145437164303, 40.871502482379412 ], [ -73.78511725492217, 40.871518657573816 ], [ -73.785104851406288, 40.871526322868213 ], [ -73.7850924451335, 40.871534840052554 ], [ -73.785075521163819, 40.871549329832604 ], [ -73.785059723415742, 40.871562965377805 ], [ -73.785043925208939, 40.871577456331771 ], [ -73.785030378993525, 40.871591096990585 ], [ -73.785020214747234, 40.871602181987441 ], [ -73.785011175935679, 40.87161412273737 ], [ -73.785005519093957, 40.871623508827923 ], [ -73.784997592467533, 40.871638868191063 ], [ -73.784990791722279, 40.871654230489497 ], [ -73.784987387647973, 40.87166361810489 ], [ -73.784981694881097, 40.8716841080753 ], [ -73.784977137736192, 40.871701181030133 ], [ -73.784973703597274, 40.871719112409622 ], [ -73.784971418551919, 40.871730211174729 ], [ -73.784966837740285, 40.871754973415037 ], [ -73.784963424042189, 40.871766924650423 ], [ -73.78496001200358, 40.871778021398377 ], [ -73.784956591676661, 40.871791679929387 ], [ -73.784954305403687, 40.871802782374608 ], [ -73.78495089336198, 40.871813879038442 ], [ -73.784945197813784, 40.871835221819147 ], [ -73.784942908784714, 40.871847175151487 ], [ -73.784936087109685, 40.8718693704066 ], [ -73.784932672301423, 40.871881320718742 ], [ -73.784928132919532, 40.871893269936841 ], [ -73.784920192537683, 40.87191289938027 ], [ -73.784916774505206, 40.871926559755508 ], [ -73.78491673858133, 40.871937662716022 ], [ -73.78491670264853, 40.871948768436724 ], [ -73.784916677778625, 40.871956454960021 ], [ -73.784917712816579, 40.871983787799287 ], [ -73.784917679651855, 40.871994038030813 ], [ -73.784917610563383, 40.87201539122271 ], [ -73.784915304940057, 40.87203246929294 ], [ -73.784913054550941, 40.872039902194473 ], [ -73.784909618752977, 40.872051250122489 ], [ -73.784902810103802, 40.872068320713218 ], [ -73.784896013157947, 40.872082828437946 ], [ -73.784891470995376, 40.872095631219324 ], [ -73.784884670176879, 40.872110993593971 ], [ -73.78487561071303, 40.872128912633777 ], [ -73.784869951045479, 40.872139152449421 ], [ -73.784864288613775, 40.87215024583125 ], [ -73.784858628499649, 40.872161337460724 ], [ -73.784846186129371, 40.872180961174095 ], [ -73.784831495831895, 40.872200577094553 ], [ -73.784824711574444, 40.872210815563044 ], [ -73.784816798770734, 40.872221904826418 ], [ -73.784810008880129, 40.872233847998928 ], [ -73.784802092200579, 40.872245792582014 ], [ -73.784794180149476, 40.872257735499225 ], [ -73.784787393460761, 40.8722679731246 ], [ -73.784778353307487, 40.872279913013649 ], [ -73.784769310381378, 40.872292708309828 ], [ -73.784759138898281, 40.872306356072585 ], [ -73.784748974044035, 40.872318295617347 ], [ -73.784739932661978, 40.872330236422393 ], [ -73.784728621211528, 40.872349005819736 ], [ -73.784724078993548, 40.872361809597727 ], [ -73.784717285204721, 40.872374607247558 ], [ -73.784708229976872, 40.872390819057109 ], [ -73.784703693171551, 40.872401915452528 ], [ -73.784699154922293, 40.872413865499027 ], [ -73.784686694316392, 40.872439464824907 ], [ -73.784678777136918, 40.872452263134697 ], [ -73.784669731295367, 40.872465911235011 ], [ -73.784660681576113, 40.872480415657805 ], [ -73.784651638600067, 40.87249321094297 ], [ -73.784641469833375, 40.872506003288322 ], [ -73.784631306139545, 40.872517942825851 ], [ -73.784621144566856, 40.872528172379347 ], [ -73.784610982419849, 40.872539258262641 ], [ -73.784600821939804, 40.872549488653974 ], [ -73.784588408321852, 40.87256056765132 ], [ -73.784578243847932, 40.872571654364954 ], [ -73.784561311202168, 40.872588705097023 ], [ -73.784545525384118, 40.87259892497228 ], [ -73.78453314496906, 40.872599754654686 ], [ -73.784510658961949, 40.872594589702558 ], [ -73.784497172136994, 40.87258943888871 ], [ -73.784481444461704, 40.872581722002614 ], [ -73.784470788301405, 40.872571024964834 ], [ -73.784463512176444, 40.872559480505508 ], [ -73.784457922854855, 40.872548367951879 ], [ -73.784446686242092, 40.87254364816625 ], [ -73.784427525526212, 40.872553435808449 ], [ -73.784420738406595, 40.872564527065052 ], [ -73.784416203216821, 40.872574767121463 ], [ -73.784410532359018, 40.872588423266713 ], [ -73.78440372982142, 40.872604640100334 ], [ -73.784398067280947, 40.872615730780559 ], [ -73.784386761567745, 40.872631939192409 ], [ -73.784375463712479, 40.872646436710703 ], [ -73.78436528654548, 40.872661794496956 ], [ -73.784357366510164, 40.872675446432957 ], [ -73.784348312368635, 40.872691657295526 ], [ -73.784339248702267, 40.872710429100231 ], [ -73.784331325767226, 40.872724937361959 ], [ -73.784323407278961, 40.872737733888037 ], [ -73.784320009459776, 40.87274477386002 ], [ -73.784308701629215, 40.872761621663145 ], [ -73.784301912910664, 40.872773566563396 ], [ -73.784298506252867, 40.872782955070768 ], [ -73.784297338881601, 40.872795765982303 ], [ -73.784295038612157, 40.872811136656338 ], [ -73.784292727262937, 40.872829922010496 ], [ -73.78428931061066, 40.872842728712484 ], [ -73.78428702697515, 40.872852972891927 ], [ -73.784285287892189, 40.872868344699292 ], [ -73.78428581646908, 40.872879448714016 ], [ -73.784288022957, 40.872892265937317 ], [ -73.784289094426029, 40.872909349390596 ], [ -73.784290163690841, 40.872926433759794 ], [ -73.784291235611505, 40.872942665317545 ], [ -73.784293436108968, 40.872958042654901 ], [ -73.784294503702966, 40.872975981511004 ], [ -73.784289925328125, 40.872999889149959 ], [ -73.78428087499519, 40.873015247194594 ], [ -73.784271841745507, 40.873024626931382 ], [ -73.784265058886518, 40.873034009036672 ], [ -73.784259404593072, 40.873042539683013 ], [ -73.784251491252874, 40.8730544815554 ], [ -73.784244703936409, 40.873065574640528 ], [ -73.784235662368104, 40.873077513564269 ], [ -73.784222107362524, 40.873093716829587 ], [ -73.784210812265641, 40.8731073633584 ], [ -73.784203461899025, 40.87311759813683 ], [ -73.7841938659883, 40.873127828626757 ], [ -73.784179186259109, 40.873144031621941 ], [ -73.784166757377406, 40.873159382496944 ], [ -73.784157701911667, 40.873175593255795 ], [ -73.784148652740782, 40.873190950455552 ], [ -73.784142987319413, 40.873202899289979 ], [ -73.784141027359013, 40.873215275779515 ], [ -73.784140688677923, 40.873217414551313 ], [ -73.784141764443518, 40.873232791541568 ], [ -73.784141714517517, 40.873248166425633 ], [ -73.784138260771357, 40.873272075241587 ], [ -73.784133693305279, 40.873292565515186 ], [ -73.784128004124753, 40.873312200872157 ], [ -73.784125720445275, 40.873322445966274 ], [ -73.7841189026922, 40.873342930185792 ], [ -73.784113215055584, 40.873361713731015 ], [ -73.784107530207578, 40.873379638187934 ], [ -73.784100716776024, 40.873398415106536 ], [ -73.784092785500349, 40.873415483460022 ], [ -73.784088256956778, 40.873424017041835 ], [ -73.784076918839929, 40.873450474813922 ], [ -73.784070114926621, 40.873466689781587 ], [ -73.784063322100366, 40.873479490154054 ], [ -73.784056530839948, 40.873491435117515 ], [ -73.784048607870432, 40.873505939760157 ], [ -73.784042951838003, 40.873515324965979 ], [ -73.784035024877198, 40.873530683254018 ], [ -73.784028241925427, 40.873540067185921 ], [ -73.784020317377923, 40.8735554274013 ], [ -73.784014654692498, 40.873566518060791 ], [ -73.784007868951761, 40.873576758317832 ], [ -73.783999964179955, 40.87358528373116 ], [ -73.783986427986008, 40.873596360559162 ], [ -73.783970646176641, 40.873604873054248 ], [ -73.78395486714335, 40.873612530140846 ], [ -73.78393571853924, 40.873618474354615 ], [ -73.783922206211614, 40.873621864653515 ], [ -73.783904194982696, 40.873623540047817 ], [ -73.783894065872374, 40.87362437555376 ], [ -73.783868184380495, 40.873624327042045 ], [ -73.783847940161877, 40.873621725453333 ], [ -73.783834444839002, 40.873619140028069 ], [ -73.783815333667818, 40.873613976834797 ], [ -73.783800718096273, 40.873609680155965 ], [ -73.783783857220911, 40.873604522934606 ], [ -73.783768111501544, 40.873601931523844 ], [ -73.783751228399424, 40.873603608089844 ], [ -73.783739956919732, 40.873609566208152 ], [ -73.783730928720431, 40.873618090416024 ], [ -73.783721895319928, 40.873627467432257 ], [ -73.783711740091803, 40.873635990444626 ], [ -73.78369820575594, 40.873645360772223 ], [ -73.783684678301967, 40.873653022044429 ], [ -73.783667771841422, 40.873661532388155 ], [ -73.783648616075993, 40.873670037587473 ], [ -73.78363284810294, 40.873674279950315 ], [ -73.783619343979382, 40.873675108263804 ], [ -73.783604706172426, 40.873677641754426 ], [ -73.783595686289388, 40.873683603248033 ], [ -73.783584396877288, 40.873694688681127 ], [ -73.783570864944437, 40.87370405632047 ], [ -73.7835573390268, 40.873710864764384 ], [ -73.783548326262107, 40.873714265222333 ], [ -73.783530335684972, 40.87370996041718 ], [ -73.783522479222697, 40.873703965487159 ], [ -73.783519132490397, 40.873694566164779 ], [ -73.783521419069572, 40.873683463835633 ], [ -73.783522590481979, 40.873669801045153 ], [ -73.783517001696538, 40.873657832953803 ], [ -73.78351142346321, 40.873643301995195 ], [ -73.783505839776041, 40.873630480258946 ], [ -73.783501383474132, 40.873616805060202 ], [ -73.783498046206518, 40.87360484027532 ], [ -73.783493595471313, 40.873589456942618 ], [ -73.783490262191989, 40.873576641187512 ], [ -73.783489183679066, 40.873562117840635 ], [ -73.783486981782033, 40.873547593304281 ], [ -73.783480274979496, 40.873533913042181 ], [ -73.783473548802178, 40.873526215599803 ], [ -73.783460072997656, 40.873517648230838 ], [ -73.783451079738356, 40.873515067617731 ], [ -73.783434192759742, 40.873517599624059 ], [ -73.783421827640467, 40.873513306203961 ], [ -73.783411738894756, 40.873501756480778 ], [ -73.78341063517567, 40.873495347401061 ], [ -73.783416297964564, 40.873484254093363 ], [ -73.783402827738925, 40.873473979419032 ], [ -73.78339609323487, 40.873468841999284 ], [ -73.783393873448716, 40.873459442113415 ], [ -73.783397294185548, 40.87344578271157 ], [ -73.783401835518063, 40.873432979906212 ], [ -73.783399630865858, 40.873419308096459 ], [ -73.783406418240119, 40.873408217821783 ], [ -73.783415464358924, 40.873394569824029 ], [ -73.783416626345044, 40.873383467141565 ], [ -73.783414399778081, 40.87337577639115 ], [ -73.783403175622254, 40.873367213243455 ], [ -73.783394196290871, 40.873360365218772 ], [ -73.783382954231641, 40.873356925801637 ], [ -73.783372302120824, 40.873345374096154 ], [ -73.783376305551997, 40.873326166034545 ], [ -73.783380850882992, 40.873312506905563 ], [ -73.783370764036903, 40.873299675780288 ], [ -73.783371920459032, 40.873290282236901 ], [ -73.783378706720299, 40.873279192797796 ], [ -73.78339111390568, 40.873269818549474 ], [ -73.783405768333438, 40.873262159510716 ], [ -73.783414794952392, 40.873254489816318 ], [ -73.783419316433111, 40.87324851904917 ], [ -73.783428345834267, 40.873239994867397 ], [ -73.783440768234541, 40.873226352371361 ], [ -73.783454306759154, 40.873215274689592 ], [ -73.78346671392066, 40.873205901354375 ], [ -73.783485887478264, 40.873192272368051 ], [ -73.783498290277606, 40.873184607332938 ], [ -73.783511819340845, 40.873176091509762 ], [ -73.783525351818881, 40.873167574853767 ], [ -73.783538876519799, 40.873160768252312 ], [ -73.783553529695681, 40.873153108272255 ], [ -73.783569296336367, 40.873148865916228 ], [ -73.783582803131821, 40.873147184797389 ], [ -73.78360923421738, 40.873151078609752 ], [ -73.783624442837166, 40.873145554718668 ], [ -73.783636844038426, 40.873138745996009 ], [ -73.783652620577442, 40.873131087191318 ], [ -73.783666138032999, 40.873126839681653 ], [ -73.783679657149349, 40.873121742201192 ], [ -73.783699937235227, 40.873113238185248 ], [ -73.783723598814731, 40.873103887691052 ], [ -73.783743877318528, 40.873096239158485 ], [ -73.78375626618147, 40.873092844096817 ], [ -73.783769767408231, 40.873092869417228 ], [ -73.783787768950759, 40.873093756829064 ], [ -73.783821509426787, 40.873098946619585 ], [ -73.783845116894085, 40.873105823793367 ], [ -73.783865353840667, 40.873110986414979 ], [ -73.783882221255269, 40.873114434573125 ], [ -73.78390021169875, 40.87311873840379 ], [ -73.783914827622439, 40.873122183173628 ], [ -73.783930573236873, 40.873124773644491 ], [ -73.783948565240976, 40.873128225656721 ], [ -73.783969936681544, 40.873129973928627 ], [ -73.783989065248051, 40.873130864342045 ], [ -73.784008766461284, 40.873127483872487 ], [ -73.78401834539882, 40.873123231705094 ], [ -73.784030754887809, 40.873113858312287 ], [ -73.784043171831641, 40.873101069312582 ], [ -73.784052198469965, 40.873093398730688 ], [ -73.784072505891672, 40.873077208130923 ], [ -73.784088307439632, 40.873061863581519 ], [ -73.784098474834096, 40.873049925941089 ], [ -73.784103017219593, 40.873037122189359 ], [ -73.784107561166408, 40.873023463948797 ], [ -73.784115479729991, 40.873010667521982 ], [ -73.78413016221468, 40.872993611722052 ], [ -73.78414710016736, 40.872975705652451 ], [ -73.784157265114175, 40.872963767918343 ], [ -73.784165178114677, 40.872952679706863 ], [ -73.784175347041369, 40.872939887403241 ], [ -73.78418550377468, 40.872930509778044 ], [ -73.78420018853771, 40.872913454977137 ], [ -73.784206980060262, 40.872900656350659 ], [ -73.7842103867427, 40.872891266088523 ], [ -73.784220547335082, 40.872881035733528 ], [ -73.784232951544681, 40.872872518723 ], [ -73.784247607466995, 40.872864002245613 ], [ -73.784260025360098, 40.872851640970296 ], [ -73.784255563579393, 40.872839248194168 ], [ -73.784253340923911, 40.872830701972532 ], [ -73.784251134895783, 40.872817032852986 ], [ -73.784247801519086, 40.872804213520133 ], [ -73.784241103051755, 40.872787974110608 ], [ -73.7842377712401, 40.872774300206302 ], [ -73.784233323049818, 40.872758063250778 ], [ -73.784226617492763, 40.8727443839526 ], [ -73.784215389345405, 40.872736677207229 ], [ -73.784201917590323, 40.872727256277145 ], [ -73.784188447396659, 40.872716981693102 ], [ -73.784182842580833, 40.872710991021336 ], [ -73.784160391864035, 40.872693867546822 ], [ -73.78414353396802, 40.872687855807015 ], [ -73.784134540788472, 40.87268527708823 ], [ -73.784124423376923, 40.872681842608586 ], [ -73.784108681855031, 40.872678395757248 ], [ -73.784090701056172, 40.87267152825315 ], [ -73.784078346684083, 40.872664673960692 ], [ -73.784064868197305, 40.872656962149961 ], [ -73.784045765493431, 40.872649238799916 ], [ -73.784030018431494, 40.872647500239289 ], [ -73.784012019790921, 40.872645756454894 ], [ -73.783991769093092, 40.872644865784181 ], [ -73.783979410864347, 40.872638863371471 ], [ -73.7839614561709, 40.872624310163424 ], [ -73.783950244733177, 40.872611477817657 ], [ -73.78394240669634, 40.872599503772243 ], [ -73.783937940828878, 40.872588392293466 ], [ -73.783935720989817, 40.872578994172876 ], [ -73.783933515046769, 40.872565321532619 ], [ -73.783931308739682, 40.872552506979751 ], [ -73.783929100364119, 40.872538836928804 ], [ -73.783928021773889, 40.872524313581948 ], [ -73.783925823797446, 40.872508936326042 ], [ -73.783924735666346, 40.872496975680974 ], [ -73.783922536487225, 40.872481596581238 ], [ -73.783921449567231, 40.872469636023403 ], [ -73.783918110711866, 40.872458527575724 ], [ -73.78391364486663, 40.872447413419295 ], [ -73.783906930959432, 40.872436298729667 ], [ -73.783899081834576, 40.87242774371169 ], [ -73.78389122439458, 40.872421747046985 ], [ -73.783863155309248, 40.872402905674619 ], [ -73.783846310182184, 40.872392624639495 ], [ -73.783831709980703, 40.872384056124012 ], [ -73.783818232796236, 40.872376343366327 ], [ -73.783803629718292, 40.872368627574545 ], [ -73.783790158091449, 40.872359207515863 ], [ -73.783775559475131, 40.872349783500681 ], [ -73.783762091842277, 40.872339510628436 ], [ -73.783742994824692, 40.872330078172482 ], [ -73.783723896703066, 40.872320647552755 ], [ -73.783709289766065, 40.8723137863171 ], [ -73.783695819265702, 40.872304366165636 ], [ -73.783686844405992, 40.87229580634326 ], [ -73.783671120770975, 40.872287236619655 ], [ -73.783655397610431, 40.87227781139925 ], [ -73.783640795895437, 40.872270095590501 ], [ -73.78362507829172, 40.872258965745985 ], [ -73.783603746426465, 40.872244404303089 ], [ -73.783589143512728, 40.872236688485494 ], [ -73.783579035753263, 40.872230691172042 ], [ -73.783563316495531, 40.872220413213583 ], [ -73.783555471442355, 40.872211001847596 ], [ -73.7835509985361, 40.872202452223306 ], [ -73.783542033259863, 40.872191331445215 ], [ -73.78352968906286, 40.872181058896835 ], [ -73.78351393923397, 40.872180174751932 ], [ -73.783495918468716, 40.872185266520894 ], [ -73.78347903618176, 40.87218609023067 ], [ -73.783466663710058, 40.872185211583989 ], [ -73.783454301263376, 40.872180917334653 ], [ -73.783448691458247, 40.872175782112649 ], [ -73.783438608760164, 40.872162098180404 ], [ -73.783433010091059, 40.872153545600646 ], [ -73.783426277290232, 40.872147553692741 ], [ -73.783415057223294, 40.872138136898869 ], [ -73.783403824923326, 40.872132137373761 ], [ -73.783390316012827, 40.872133819389028 ], [ -73.783377916185856, 40.872140628087443 ], [ -73.783367756675673, 40.87215085929305 ], [ -73.783359867113404, 40.872155116421403 ], [ -73.78334637332631, 40.872152528264294 ], [ -73.783337398523372, 40.872143971092278 ], [ -73.783331820459068, 40.872129439284755 ], [ -73.783330726986378, 40.872119186016285 ], [ -73.783335256634047, 40.872110654304414 ], [ -73.783349914070442, 40.872101285207464 ], [ -73.783359505424528, 40.872093190669545 ], [ -73.783352225299794, 40.872083354443269 ], [ -73.783342102455819, 40.87208162719373 ], [ -73.783327464517555, 40.872085015224627 ], [ -73.783307185059243, 40.872092664603251 ], [ -73.783294800722118, 40.872094349639617 ], [ -73.783272298280167, 40.872094307344135 ], [ -73.783257679932362, 40.872091718819149 ], [ -73.783240819956887, 40.872085706942535 ], [ -73.783235212958161, 40.872079718061201 ], [ -73.783229641702718, 40.872063478951787 ], [ -73.783224058566745, 40.872049801620967 ], [ -73.783216227503956, 40.872036121065896 ], [ -73.783203884953608, 40.87202499566753 ], [ -73.78319265937057, 40.872017286149635 ], [ -73.783182554467501, 40.872010434232259 ], [ -73.783171329357003, 40.87200187197908 ], [ -73.783157865896413, 40.871990741791308 ], [ -73.783153392948492, 40.871982191314764 ], [ -73.783150065862884, 40.871966811833666 ], [ -73.783148983088793, 40.871953997619556 ], [ -73.783149036025407, 40.871937769921118 ], [ -73.783150202390843, 40.871924959018273 ], [ -73.783149105684913, 40.871916415810077 ], [ -73.783141267755539, 40.871904444302572 ], [ -73.783140168263259, 40.871896755664501 ], [ -73.783142463194054, 40.871883093146415 ], [ -73.78315037234708, 40.871872858647897 ], [ -73.783158281028605, 40.871863477803359 ], [ -73.783166190074255, 40.871853241463349 ], [ -73.783174100679304, 40.871842154148048 ], [ -73.783174134109814, 40.871831904836881 ], [ -73.783168554642344, 40.871818227593415 ], [ -73.783159585016222, 40.871808814084773 ], [ -73.783155134942987, 40.871792578837173 ], [ -73.783159663023156, 40.871784899862817 ], [ -73.783170949862225, 40.871773816220703 ], [ -73.783181117587844, 40.871761023999689 ], [ -73.783189038964835, 40.87174737306453 ], [ -73.783193575862256, 40.871736278483581 ], [ -73.783199241437899, 40.871724329694139 ], [ -73.783202651343302, 40.871713233077429 ], [ -73.783201583701597, 40.871696148695705 ], [ -73.783201625482832, 40.871683337517382 ], [ -73.783199419716055, 40.871669665697233 ], [ -73.783195527169852, 40.871655565635194 ], [ -73.783187106202988, 40.871649997366013 ], [ -73.783175862865434, 40.871647413419062 ], [ -73.783181524324021, 40.871636320116878 ], [ -73.78319392686241, 40.871628656868602 ], [ -73.783200707415688, 40.871619274735799 ], [ -73.783202999541913, 40.871606465947217 ], [ -73.783204159951325, 40.871596219676029 ], [ -73.783206452076385, 40.871583410803559 ], [ -73.783206499427479, 40.871568891407016 ], [ -73.783206543994922, 40.871555225574333 ], [ -73.783207710345295, 40.871542413832422 ], [ -73.783210002457082, 40.871529607721257 ], [ -73.783212305717171, 40.871513383332633 ], [ -73.783212350283108, 40.871499717583539 ], [ -73.783211277429629, 40.871483487767023 ], [ -73.783210200228396, 40.87146896349428 ], [ -73.783210247578609, 40.871454444096123 ], [ -73.783215913011176, 40.871442497061381 ], [ -73.783229463923576, 40.871427149397555 ], [ -73.783241881566639, 40.871415212379539 ], [ -73.783253170634282, 40.871404131409427 ], [ -73.783263328835915, 40.871393900210222 ], [ -73.7832734909192, 40.871382815363198 ], [ -73.783283663772323, 40.871369169489114 ], [ -73.783294957297812, 40.871356378538316 ], [ -73.783305112228135, 40.871347856477804 ], [ -73.783318653183002, 40.871335923318973 ], [ -73.783323188463058, 40.871325681547049 ], [ -73.783329989557075, 40.87131032026614 ], [ -73.783337898501728, 40.871300086591106 ], [ -73.783348926355757, 40.871282170447493 ], [ -73.783331221587204, 40.871277010649706 ], [ -73.783316608874244, 40.871272713996049 ], [ -73.783300884427518, 40.871264144134628 ], [ -73.783287409109533, 40.871255574985746 ], [ -73.783272815902677, 40.871245298096824 ], [ -73.783263846798079, 40.871235033619719 ], [ -73.783261643813589, 40.871220509070724 ], [ -73.783262810144763, 40.871207698163794 ], [ -73.783271290754087, 40.871195329591323 ], [ -73.783288740811344, 40.871192373679413 ], [ -73.783310119604494, 40.87119241386042 ], [ -73.783330918101072, 40.871197575877538 ], [ -73.783344994777138, 40.871194186792657 ], [ -73.783357407142134, 40.87118310524496 ], [ -73.783370952039192, 40.871170321110633 ], [ -73.783378862181394, 40.87116008484081 ], [ -73.783385651008658, 40.871148140827891 ], [ -73.783389066071067, 40.871136186878481 ], [ -73.783393611237983, 40.871122531341342 ], [ -73.783397020726667, 40.871112286614903 ], [ -73.783401557543044, 40.871101192944543 ], [ -73.783408361382314, 40.871084977005538 ], [ -73.783412903769189, 40.871072172438822 ], [ -73.783414643285084, 40.871056376573918 ], [ -73.783410728579824, 40.871049108556647 ], [ -73.783390474496173, 40.871049070507183 ], [ -73.783379221221224, 40.871049903019433 ], [ -73.78337248974907, 40.871043911109503 ], [ -73.783370276087965, 40.871031947506111 ], [ -73.783373686670316, 40.871021705458688 ], [ -73.783381617950923, 40.871004637985031 ], [ -73.783392895800887, 40.87099697168162 ], [ -73.78340976144581, 40.871000418902582 ], [ -73.783423233946436, 40.871009841771674 ], [ -73.783435594607113, 40.871014988840187 ], [ -73.783449091060916, 40.871016722419753 ], [ -73.783465980179813, 40.871013337597184 ], [ -73.783463771599003, 40.871000520349533 ], [ -73.783476185111056, 40.870989441553775 ], [ -73.783489716513387, 40.870980071243025 ], [ -73.783499849105311, 40.870978382877631 ], [ -73.783499879704991, 40.870968987213814 ], [ -73.783492041941486, 40.870957013051836 ], [ -73.783477451547, 40.870945882622962 ], [ -73.783469613791965, 40.870933908459449 ], [ -73.783464010864435, 40.870927065856165 ], [ -73.783461791150572, 40.870917666887365 ], [ -73.783461818971972, 40.870909125792565 ], [ -73.783443829156852, 40.870904821808253 ], [ -73.783433706028418, 40.870903946463457 ], [ -73.783420181881525, 40.870910753977086 ], [ -73.783410023033369, 40.870920131534028 ], [ -73.783397610730532, 40.870931211246457 ], [ -73.78338745030625, 40.870941442537756 ], [ -73.783379549645915, 40.870949116022103 ], [ -73.783367161174979, 40.870952507448258 ], [ -73.783350284413103, 40.87095247573729 ], [ -73.783337900283769, 40.870954162535064 ], [ -73.783319894868114, 40.870954981432959 ], [ -73.783303023674009, 40.870953241496935 ], [ -73.783290666917893, 40.87094724076718 ], [ -73.783279444762016, 40.870937823032428 ], [ -73.783270474494557, 40.870927555875262 ], [ -73.783262643549676, 40.87091387624195 ], [ -73.783262688108138, 40.870900209487552 ], [ -73.783262729880079, 40.870887397387321 ], [ -73.783265030318617, 40.870872027648637 ], [ -73.78326843702844, 40.870862637410859 ], [ -73.783275231302625, 40.870848986105472 ], [ -73.783282016870317, 40.870838747644086 ], [ -73.783289929761153, 40.87082766032335 ], [ -73.783300098650273, 40.870814865415674 ], [ -73.783309136081215, 40.870803781128487 ], [ -73.783313656195418, 40.870797809524234 ], [ -73.783322719897896, 40.870779035032136 ], [ -73.783328388039465, 40.870766233505037 ], [ -73.783334052177111, 40.870754287380805 ], [ -73.783341972301031, 40.870740636429254 ], [ -73.783351024854937, 40.870725278456256 ], [ -73.783360073410975, 40.870710774045563 ], [ -73.783370249288751, 40.870695419101736 ], [ -73.783379308963291, 40.870677500091794 ], [ -73.783386115654565, 40.870660430587719 ], [ -73.783391793692431, 40.870644212533371 ], [ -73.783397463022538, 40.870631410083476 ], [ -73.783405383010191, 40.870617759127057 ], [ -73.783413304202156, 40.870604109009953 ], [ -73.783421230960897, 40.870588749752621 ], [ -73.78343027392043, 40.870575952801801 ], [ -73.78344382314377, 40.870561459599514 ], [ -73.783457334882428, 40.870558066678143 ], [ -73.783473090985908, 40.87055724445483 ], [ -73.783491087958907, 40.870558984640162 ], [ -73.783509086028545, 40.870560726664884 ], [ -73.783524837042734, 40.870560756239158 ], [ -73.783540582026291, 40.870563349524438 ], [ -73.783559697872576, 40.870566800949746 ], [ -73.783572059667762, 40.870571949762706 ], [ -73.783581037062049, 40.870579655027413 ], [ -73.783583812105363, 40.870591189257077 ], [ -73.783603523529138, 40.870584820164638 ], [ -73.783617049158806, 40.870577158057635 ], [ -73.783632827620892, 40.870569501013058 ], [ -73.78365535409948, 40.87056271036667 ], [ -73.783673381537369, 40.870555056700226 ], [ -73.783689157561895, 40.870547399643343 ], [ -73.783707188984252, 40.870538891403363 ], [ -73.78372296899181, 40.870530380778781 ], [ -73.783739874648958, 40.870521870423239 ], [ -73.783756780300038, 40.870513360065203 ], [ -73.783771435754261, 40.870504846403463 ], [ -73.783784964129794, 40.870496329623712 ], [ -73.783793991548634, 40.870488658224062 ], [ -73.783806409361063, 40.870475872006324 ], [ -73.783818836607509, 40.870460522080364 ], [ -73.783827886240189, 40.870446016798226 ], [ -73.783843689534649, 40.870430672279213 ], [ -73.783856093335288, 40.87042215530662 ], [ -73.78387074754464, 40.870413641629824 ], [ -73.783884278312684, 40.870405124926606 ], [ -73.783900058158736, 40.870396613273542 ], [ -73.783915822557802, 40.870393225440665 ], [ -73.7839338210498, 40.870394114665771 ], [ -73.783949563238494, 40.870397560624426 ], [ -73.783970925122958, 40.870402725340647 ], [ -73.78398779619755, 40.870404464342855 ], [ -73.784002433278133, 40.870401928040422 ], [ -73.784021576952895, 40.87039684097153 ], [ -73.784035088270429, 40.870394304396271 ], [ -73.784056466984836, 40.870393916692677 ], [ -73.784059817786343, 40.870402035530674 ], [ -73.784051324936243, 40.87041824918257 ], [ -73.784063130483673, 40.870420833177945 ], [ -73.784073276848318, 40.87041487383852 ], [ -73.784086811923814, 40.87040464980965 ], [ -73.784098094032416, 40.870395276051006 ], [ -73.784104890869514, 40.870380768369991 ], [ -73.784109429950576, 40.870369671997089 ], [ -73.784118477072994, 40.870355169365119 ], [ -73.784129769808999, 40.870343231983703 ], [ -73.784136548776431, 40.870333849873646 ], [ -73.784145587220536, 40.870322763680775 ], [ -73.784156883177076, 40.870309118073898 ], [ -73.784169317071218, 40.870292059892265 ], [ -73.784179501024127, 40.870274140246778 ], [ -73.784187431901032, 40.870257071878854 ], [ -73.784189721007237, 40.870245120314451 ], [ -73.784185256477315, 40.870234006166378 ], [ -73.784185300839397, 40.870220341333798 ], [ -73.784187601040117, 40.870204971491027 ], [ -73.784193276179408, 40.870189608049088 ], [ -73.784202331235974, 40.870173395354684 ], [ -73.784210238351861, 40.870164015351584 ], [ -73.784230585210423, 40.870135013448184 ], [ -73.78423625589717, 40.870121356384303 ], [ -73.784243048339562, 40.87010855775145 ], [ -73.784250966532824, 40.870095760387116 ], [ -73.78425888639299, 40.870082108450902 ], [ -73.784267922011949, 40.870071875982198 ], [ -73.784280331236459, 40.870061650659878 ], [ -73.784290495373554, 40.870050564804998 ], [ -73.784297850353127, 40.870037339557072 ], [ -73.784314174314005, 40.870034380464503 ], [ -73.784327685546984, 40.870031843771052 ], [ -73.784344589439712, 40.870024187897663 ], [ -73.784353617177885, 40.870015664556369 ], [ -73.784355897944238, 40.870006272179424 ], [ -73.784351430621726, 40.869996015284343 ], [ -73.784342472607975, 40.869982332692764 ], [ -73.784336886194268, 40.86997036279719 ], [ -73.784334658076816, 40.869963526547593 ], [ -73.78433806735832, 40.869953282628742 ], [ -73.784350465121804, 40.86994732747452 ], [ -73.784361723744979, 40.86994478480738 ], [ -73.78438308263091, 40.869950804936849 ], [ -73.784399937093625, 40.869957668453559 ], [ -73.784416806673647, 40.869959836894843 ], [ -73.784424712352731, 40.869950882781886 ], [ -73.784431501800938, 40.869939364696741 ], [ -73.784446129525605, 40.869938963378573 ], [ -73.784460740515215, 40.869943689474141 ], [ -73.784464072064992, 40.869957788366385 ], [ -73.78446739702963, 40.869973170571093 ], [ -73.784479763118441, 40.869976609226455 ], [ -73.784493268795387, 40.869975780815864 ], [ -73.784507920055859, 40.869968120707945 ], [ -73.784521453415863, 40.86995875111635 ], [ -73.784538344985563, 40.869954510730494 ], [ -73.784558586903415, 40.869957111359618 ], [ -73.784570948669995, 40.869962258311062 ], [ -73.784585545770369, 40.869971683062509 ], [ -73.78459057660011, 40.869981942842792 ], [ -73.784576849509946, 40.869993589358188 ], [ -73.784588855377805, 40.869992188084034 ], [ -73.784607987545911, 40.869990941505357 ], [ -73.784637251022133, 40.869988007459675 ], [ -73.784653014074692, 40.869984619523535 ], [ -73.784671027400677, 40.869981238548142 ], [ -73.78468680283774, 40.869974434171503 ], [ -73.784701453966989, 40.869966774038815 ], [ -73.784720612401713, 40.869957414006414 ], [ -73.784731881723417, 40.869952312200098 ], [ -73.784751030648223, 40.869945512273098 ], [ -73.784767932151823, 40.869937857253284 ], [ -73.784788214765015, 40.869929353047709 ], [ -73.784811876946904, 40.869918295018046 ], [ -73.784847948998731, 40.869897862664274 ], [ -73.78486937159974, 40.869884237638836 ], [ -73.784881779153338, 40.869874863226535 ], [ -73.7848953164156, 40.8698646400277 ], [ -73.784906596993196, 40.869855267107923 ], [ -73.784916754255477, 40.869845889413767 ], [ -73.784926910407265, 40.869836513558084 ], [ -73.784937070428441, 40.869826281292774 ], [ -73.784944980161185, 40.869816047505658 ], [ -73.784954019955137, 40.86980410584048 ], [ -73.784963622115626, 40.869792166979835 ], [ -73.784991044620583, 40.869736994932886 ], [ -73.785071779955373, 40.869574562068586 ], [ -73.785080847303831, 40.869554080133213 ], [ -73.785086512237967, 40.869542133086171 ], [ -73.785091050221553, 40.869530183016856 ], [ -73.78509784520152, 40.869516529762876 ], [ -73.785104643051213, 40.869502022021749 ], [ -73.785108043902198, 40.869494342623717 ], [ -73.785118764139085, 40.869471150625564 ], [ -73.785124545911131, 40.869457522586316 ], [ -73.785130961629577, 40.869443776765493 ], [ -73.785156812396551, 40.869385684647959 ], [ -73.785161421038111, 40.869374609109805 ], [ -73.785167083194978, 40.869360954660586 ], [ -73.785174052817624, 40.869343924921161 ], [ -73.785188249176528, 40.869309928999115 ], [ -73.785194198520429, 40.869295488941013 ], [ -73.785199864518546, 40.869283540969874 ], [ -73.785206680423514, 40.869263055749137 ], [ -73.785215737858849, 40.869245991163204 ], [ -73.785221976046657, 40.869230626875975 ], [ -73.785229351338756, 40.869210994593921 ], [ -73.785232763200668, 40.86919989783285 ], [ -73.785240705929581, 40.869179412952477 ], [ -73.785248639271657, 40.869161490773905 ], [ -73.785255447529821, 40.869144422078918 ], [ -73.785262244092365, 40.869129915161579 ], [ -73.785269044519623, 40.869114551919964 ], [ -73.785276977734739, 40.869096630659115 ], [ -73.785287171904301, 40.869076149046876 ], [ -73.785296236355464, 40.869056522583541 ], [ -73.785300769963342, 40.869046280727332 ], [ -73.785313228601055, 40.869020679477075 ], [ -73.785318892233022, 40.869008733335285 ], [ -73.785323433777407, 40.868996782342336 ], [ -73.785329097405764, 40.868984836117583 ], [ -73.785333640823694, 40.868971177818608 ], [ -73.785339305660045, 40.868959231594197 ], [ -73.785343845988095, 40.868947279761805 ], [ -73.785348378473827, 40.86893703965913 ], [ -73.785354039339055, 40.868925946244779 ], [ -73.785358579650818, 40.868913997925802 ], [ -73.785368769793223, 40.868894371794241 ], [ -73.785378953208678, 40.868876452038265 ], [ -73.785385756336211, 40.868860235974665 ], [ -73.785393681329353, 40.868844876658578 ], [ -73.785513879589942, 40.868556404139412 ], [ -73.785608902898758, 40.868398565137895 ], [ -73.785628023735384, 40.86840030892278 ], [ -73.785633000735373, 40.868403728362388 ], [ -73.785639250205065, 40.868408017290889 ], [ -73.785634689041075, 40.868426800343087 ], [ -73.785557631605556, 40.868596629554858 ], [ -73.785553916753997, 40.868609370913099 ], [ -73.785548550759898, 40.868621381620052 ], [ -73.785541755848257, 40.868635036576521 ], [ -73.785536941239343, 40.868644882632466 ], [ -73.785534238399805, 40.868651333221848 ], [ -73.785512241293958, 40.868715270565154 ], [ -73.785507707416897, 40.868726364244118 ], [ -73.785504093028365, 40.868736995996223 ], [ -73.785499700827316, 40.868749401122251 ], [ -73.785495240723208, 40.868762221238754 ], [ -73.785492941228156, 40.868769045362008 ], [ -73.785486722031109, 40.8687836794413 ], [ -73.785480214095188, 40.868799953616424 ], [ -73.785475036917859, 40.868815188380253 ], [ -73.785466551036251, 40.868838974449616 ], [ -73.785462275580571, 40.868857817422892 ], [ -73.785457715992223, 40.868875745811245 ], [ -73.785453168639037, 40.868890257844974 ], [ -73.785448626797191, 40.868903061577093 ], [ -73.785441824782581, 40.868919277561247 ], [ -73.785435028723541, 40.868932929915978 ], [ -73.785428839240282, 40.868943915182442 ], [ -73.785424837048481, 40.868953410624954 ], [ -73.785421437803905, 40.868960237301486 ], [ -73.785414649674721, 40.868972181355446 ], [ -73.785408143180888, 40.868985061657291 ], [ -73.785401269696877, 40.868999548528635 ], [ -73.785395391146892, 40.869012290372808 ], [ -73.785387970324066, 40.869026932080352 ], [ -73.785380371248934, 40.869042373151764 ], [ -73.785367548613024, 40.869072006923986 ], [ -73.785363668126038, 40.869080563436363 ], [ -73.785358281303402, 40.869090879333008 ], [ -73.785349716199505, 40.869107230735843 ], [ -73.785342563797244, 40.869122491598127 ], [ -73.785334869084409, 40.86913706703772 ], [ -73.785329224392711, 40.869149015055434 ], [ -73.785321372918901, 40.869164388977033 ], [ -73.785300243089253, 40.869209419320548 ], [ -73.785300215501792, 40.869217961337242 ], [ -73.785302413463043, 40.869234192231509 ], [ -73.785309125610112, 40.869246165099362 ], [ -73.78531809233516, 40.869256430336726 ], [ -73.785325931448014, 40.869268401620438 ], [ -73.785333762612979, 40.869282083879312 ], [ -73.785342723492562, 40.869294912828785 ], [ -73.785350564158676, 40.869306030459093 ], [ -73.785359533767732, 40.869315441123938 ], [ -73.785371872194361, 40.869327423542003 ], [ -73.785380844117327, 40.869336835965825 ], [ -73.785389809762563, 40.86934710111295 ], [ -73.785397651648807, 40.869358220582363 ], [ -73.785406616853109, 40.869369341305685 ], [ -73.785415586036848, 40.869379605619692 ], [ -73.785427917762817, 40.869393295328095 ], [ -73.785436891245823, 40.869401854095855 ], [ -73.785450355891953, 40.869412982185203 ], [ -73.785463818549673, 40.869425820339714 ], [ -73.785478399459109, 40.869439513390148 ], [ -73.785491862025921, 40.869452348864684 ], [ -73.785507576614364, 40.869464338384262 ], [ -73.785526107936704, 40.869474622319792 ], [ -73.785553623910786, 40.869490046648423 ], [ -73.785569352191132, 40.86949776339479 ], [ -73.785583956387654, 40.869504624394054 ], [ -73.785596311426431, 40.869511479451226 ], [ -73.785609793750041, 40.869517482866371 ], [ -73.785626645471837, 40.869525200857566 ], [ -73.78564236980138, 40.869533772161063 ], [ -73.785659221085766, 40.869542346395129 ], [ -73.785676073927206, 40.869550062539723 ], [ -73.785690682110229, 40.869556069878335 ], [ -73.785705285012682, 40.869562929939669 ], [ -73.785721017288495, 40.869569793938275 ], [ -73.785736744508128, 40.869577509823372 ], [ -73.785762579170466, 40.869591224587062 ], [ -73.785782800063785, 40.869601082868755 ], [ -73.785799642080619, 40.869611791369167 ], [ -73.785833323163985, 40.869634916417155 ], [ -73.785856904846938, 40.869649479793885 ], [ -73.785874883583588, 40.869657200678148 ], [ -73.785890613478131, 40.869664063728926 ], [ -73.785915333580633, 40.86967435808905 ], [ -73.785934439502071, 40.869681226566236 ], [ -73.785946794605877, 40.86968808334337 ], [ -73.785987250139542, 40.869703532510286 ], [ -73.786009721092441, 40.869713824516573 ], [ -73.78602882593357, 40.869720692892294 ], [ -73.786038939033062, 40.86972498093624 ], [ -73.786052421544383, 40.869730986139771 ], [ -73.786069281179849, 40.869736996687998 ], [ -73.786087261392325, 40.86974386296724 ], [ -73.786104115973856, 40.869750727154063 ], [ -73.786118724134951, 40.869756732681729 ], [ -73.786145690188775, 40.869768739388803 ], [ -73.786156929045788, 40.869773030348071 ], [ -73.786183903781691, 40.869781622527128 ], [ -73.786196267169558, 40.869785917325686 ], [ -73.786210876561697, 40.869791921922534 ], [ -73.786226606955424, 40.869797930353712 ], [ -73.786243466625365, 40.86980394087513 ], [ -73.78626032123826, 40.869810805040395 ], [ -73.786276053953401, 40.869816814389182 ], [ -73.786291790640959, 40.86982196649096 ], [ -73.786306402785399, 40.869827120019046 ], [ -73.786321018117434, 40.869830562729668 ], [ -73.786336756335999, 40.869834862930098 ], [ -73.786351370131257, 40.869839161966176 ], [ -73.786365986570218, 40.869842604588058 ], [ -73.786405333014173, 40.869852926864795 ], [ -73.786432312878404, 40.869860663500525 ], [ -73.786453672035407, 40.869866683163309 ], [ -73.786472779597659, 40.869872697898309 ], [ -73.786493014237379, 40.869878712794709 ], [ -73.786515503316039, 40.869883026392081 ], [ -73.786539112775586, 40.869889047527963 ], [ -73.786554857715913, 40.869891640402287 ], [ -73.78656947692032, 40.86989422851407 ], [ -73.786604337783388, 40.869900273142115 ], [ -73.78661895698869, 40.869902862166384 ], [ -73.78663807291224, 40.869906314002392 ], [ -73.786656064196436, 40.869909762834141 ], [ -73.786674053941653, 40.869914068994845 ], [ -73.786693171089212, 40.86991751898384 ], [ -73.786711162373408, 40.869920969647104 ], [ -73.786731407893498, 40.869923569902959 ], [ -73.786750525040873, 40.869927021722596 ], [ -73.786771893889565, 40.869929623127668 ], [ -73.786840499384098, 40.869939145793587 ], [ -73.786867491921058, 40.869942612152443 ], [ -73.786896733105991, 40.869946937238282 ], [ -73.786924854139471, 40.869949550175065 ], [ -73.786951850947545, 40.869951308294574 ], [ -73.786976603733876, 40.869952209526048 ], [ -73.787046361069216, 40.869953192046012 ], [ -73.78706773946611, 40.869953231530765 ], [ -73.787085748410561, 40.869951555640412 ], [ -73.787103755035716, 40.869949880661714 ], [ -73.78711951247621, 40.869948203368772 ], [ -73.78713527234413, 40.869946524238038 ], [ -73.787152154324716, 40.869944846255322 ], [ -73.78717353545953, 40.869944030231032 ], [ -73.787199419772406, 40.869942370698944 ], [ -73.787282695293641, 40.869938255094723 ], [ -73.787323207159133, 40.869936619846484 ], [ -73.78736259721434, 40.869934129695757 ], [ -73.787403108154578, 40.869931644276214 ], [ -73.787494266921243, 40.869925833068912 ], [ -73.787528030544436, 40.869923332491176 ], [ -73.787557287040258, 40.869922531828848 ], [ -73.787578669258735, 40.869921717571657 ], [ -73.78760117217999, 40.869921759029438 ], [ -73.787625930733228, 40.869920095487643 ], [ -73.787682195755806, 40.869918489966246 ], [ -73.787708082879519, 40.869915977590978 ], [ -73.787736217561559, 40.869914321163328 ], [ -73.787764354867761, 40.869911808317802 ], [ -73.787791366520011, 40.869909297911434 ], [ -73.787820635016928, 40.869905079908015 ], [ -73.787847645458186, 40.869902567646129 ], [ -73.787917416487431, 40.869899279551625 ], [ -73.787945551054179, 40.869897621315062 ], [ -73.787969187477145, 40.869895956555816 ], [ -73.787990570086365, 40.869894289405018 ], [ -73.788010826954377, 40.869892618423982 ], [ -73.788027711322016, 40.869890941237657 ], [ -73.788043467520282, 40.869889261056095 ], [ -73.788058104323881, 40.869886726999134 ], [ -73.788101999112058, 40.869882537568238 ], [ -73.788123385660782, 40.869880012227839 ], [ -73.788149272648354, 40.86987749791453 ], [ -73.788179663029624, 40.869874136373447 ], [ -73.788207803123242, 40.869870772530824 ], [ -73.788237063814549, 40.869868264310114 ], [ -73.788270830102064, 40.869864909029374 ], [ -73.788368746482007, 40.86985654757428 ], [ -73.7884070119146, 40.869854055922865 ], [ -73.788443030082519, 40.869849850066302 ], [ -73.788474548784222, 40.869845637783719 ], [ -73.788540950238328, 40.869840633981397 ], [ -73.788560086759858, 40.86983725353916 ], [ -73.788578107709796, 40.869832161899275 ], [ -73.788596125132443, 40.869827069328664 ], [ -73.788623149900332, 40.86982114137286 ], [ -73.788647928719641, 40.869813499307114 ], [ -73.788662565782062, 40.86981010875941 ], [ -73.788679455940567, 40.869805869605308 ], [ -73.788723373459646, 40.869794845220696 ], [ -73.788743647368776, 40.869788905785519 ], [ -73.788766165325029, 40.869783820516005 ], [ -73.788789810520086, 40.869777883651516 ], [ -73.788811210166202, 40.869771945430422 ], [ -73.788833737451071, 40.869764300956867 ], [ -73.788859637934806, 40.869757514554358 ], [ -73.788882159791612, 40.869751576533808 ], [ -73.788944101241881, 40.869733753071756 ], [ -73.788984638839722, 40.869723576056025 ], [ -73.78902293548569, 40.869710835718671 ], [ -73.789061234723818, 40.869697239042551 ], [ -73.78909277389053, 40.869686193627103 ], [ -73.789146857625781, 40.869662377339715 ], [ -73.789162636734687, 40.869653864128274 ], [ -73.789179541465245, 40.869645354730586 ], [ -73.789198692661003, 40.869637701335876 ], [ -73.789216721630922, 40.869630047726417 ], [ -73.7892370038617, 40.869620689083121 ], [ -73.789258410726376, 40.869611332409463 ], [ -73.789283205524939, 40.869598566468817 ], [ -73.789295601567218, 40.869592610780572 ], [ -73.789309116836392, 40.869588363526304 ], [ -73.789330526280963, 40.869578151431917 ], [ -73.789345172694198, 40.86957219985031 ], [ -73.789362071969776, 40.869565398645982 ], [ -73.789384604431419, 40.869556043167727 ], [ -73.789400376574946, 40.869550093636882 ], [ -73.789420649144219, 40.869544152322554 ], [ -73.789438667525957, 40.869539059623449 ], [ -73.78945556418735, 40.869533112973777 ], [ -73.789472459527218, 40.869527164564175 ], [ -73.789488227743703, 40.869522067747134 ], [ -73.789525410361733, 40.869505906993467 ], [ -73.789541186569537, 40.869498248216836 ], [ -73.789558090110091, 40.869489738845211 ], [ -73.78957274178029, 40.869482079015476 ], [ -73.789587393563266, 40.869474417343937 ], [ -73.789599792258372, 40.869467606969614 ], [ -73.789614441220223, 40.869460799863923 ], [ -73.789630213595004, 40.869453997566438 ], [ -73.789648240041643, 40.869446343801087 ], [ -73.789671908697471, 40.869434426700039 ], [ -73.789695571107458, 40.869423366749871 ], [ -73.789753038518697, 40.869396993461642 ], [ -73.789772196080307, 40.86938763183683 ], [ -73.789792480963001, 40.869377421203836 ], [ -73.789809382846187, 40.869369764526617 ], [ -73.789826283628457, 40.869362106924818 ], [ -73.78984430611527, 40.869355306775965 ], [ -73.789865713634896, 40.869346804648899 ], [ -73.789884867362048, 40.869338297489051 ], [ -73.789902900352828, 40.869328937307074 ], [ -73.789942336108822, 40.869311071374469 ], [ -73.789968256402688, 40.869298306416873 ], [ -73.789988546627356, 40.869286386608842 ], [ -73.790000945250654, 40.869279575354852 ], [ -73.790012218134379, 40.869272762049143 ], [ -73.790024618342699, 40.869265098061156 ], [ -73.790038144177501, 40.869257435201696 ], [ -73.790052801136227, 40.869248067007845 ], [ -73.790065202550181, 40.86924040209761 ], [ -73.790079854106992, 40.86923274220311 ], [ -73.79009225540635, 40.869225077289741 ], [ -73.790105781228121, 40.869217413500905 ], [ -73.79014072295135, 40.869197831926101 ], [ -73.790157636744951, 40.869186758760335 ], [ -73.790177922995284, 40.869175692566046 ], [ -73.790190321578507, 40.869168881292865 ], [ -73.79020385006109, 40.869160366604461 ], [ -73.790219632821561, 40.869150999516528 ], [ -73.790235413048492, 40.869141630749255 ], [ -73.790252324114832, 40.869131412976685 ], [ -73.790270358597681, 40.869121196407654 ], [ -73.790288396870721, 40.8691101252682 ], [ -73.790307561254011, 40.869098201515833 ], [ -73.790357171982293, 40.869064982557873 ], [ -73.790376334755649, 40.869053910689175 ], [ -73.790395497614099, 40.869042844254047 ], [ -73.790414660366011, 40.869031775139121 ], [ -73.790432694692328, 40.869021556705476 ], [ -73.790450724942232, 40.869013049249453 ], [ -73.79046762934756, 40.869004538825713 ], [ -73.790485657165803, 40.868996030357266 ], [ -73.79050256277317, 40.868987520850645 ], [ -73.790543137355385, 40.86896538482781 ], [ -73.790566808631809, 40.868951760989816 ], [ -73.79057808799233, 40.868943240331525 ], [ -73.790590488075665, 40.86893557628224 ], [ -73.7906017662213, 40.868927054698027 ], [ -73.790615299985433, 40.868916830737959 ], [ -73.790629959478863, 40.868906607983035 ], [ -73.790644619078122, 40.8688963852277 ], [ -73.790661534189198, 40.868884458250626 ], [ -73.790678446601419, 40.868873385927031 ], [ -73.790694233401553, 40.868862307874572 ], [ -73.79071002397599, 40.868850379770151 ], [ -73.790748364282024, 40.86882311769088 ], [ -73.790761895322902, 40.868813745605323 ], [ -73.790783324426087, 40.868797556690062 ], [ -73.790793474104248, 40.868789888535062 ], [ -73.790802499270839, 40.86878221649858 ], [ -73.790813781252993, 40.868772843923743 ], [ -73.790825064830528, 40.86876261317834 ], [ -73.790838602434818, 40.868751532866632 ], [ -73.790852138814145, 40.868740455227567 ], [ -73.79086454677828, 40.868730228359432 ], [ -73.790883730971629, 40.868712324446349 ], [ -73.790900659423883, 40.868696127344364 ], [ -73.790906307117737, 40.868689305590024 ], [ -73.790927748368603, 40.868668844714463 ], [ -73.790939030319393, 40.868659470370808 ], [ -73.790949189232393, 40.868649238493795 ], [ -73.790959345458006, 40.868639860265453 ], [ -73.790971766809392, 40.868625365052509 ], [ -73.790979670213474, 40.868616837313688 ], [ -73.790988701920654, 40.868607456123918 ], [ -73.790998855701886, 40.868598080565384 ], [ -73.791007884711505, 40.868589555783913 ], [ -73.791019177379297, 40.868576764908603 ], [ -73.791031582976402, 40.86856653709664 ], [ -73.791045127081787, 40.868553750383306 ], [ -73.791056411950095, 40.868542665042767 ], [ -73.7910688265342, 40.868530730770367 ], [ -73.791080116501107, 40.868518791864659 ], [ -73.791089145742603, 40.868509415180348 ], [ -73.79109818009934, 40.868499181252247 ], [ -73.791115115397147, 40.86848042040706 ], [ -73.7911309219119, 40.868463365828475 ], [ -73.79114107418377, 40.868454843072712 ], [ -73.791156882261504, 40.868436935673834 ], [ -73.791170427789979, 40.868423293452224 ], [ -73.791180586627476, 40.868413063312055 ], [ -73.791191874133503, 40.868401123386924 ], [ -73.79120429245225, 40.868388334615702 ], [ -73.791215585050963, 40.868375542800607 ], [ -73.791225744237693, 40.868364459084965 ], [ -73.79123590964241, 40.868352518043594 ], [ -73.79124720222147, 40.868339728065457 ], [ -73.791259615416593, 40.868327792013325 ], [ -73.791270908356395, 40.868314147458904 ], [ -73.791279945344527, 40.868303058025091 ], [ -73.791286722840468, 40.868294529146631 ], [ -73.791291242061916, 40.868288558984652 ], [ -73.791298030275996, 40.868276614501681 ], [ -73.791310451599813, 40.868262117493778 ], [ -73.791328502880305, 40.868246773339905 ], [ -73.791342046020262, 40.868233131929749 ], [ -73.791352211263273, 40.86822119363913 ], [ -73.791363500028197, 40.868209253699199 ], [ -73.791375920956114, 40.868195612095619 ], [ -73.791386083882315, 40.868183671037549 ], [ -73.791393991212857, 40.868173436886643 ], [ -73.791405286417103, 40.868159791402817 ], [ -73.791417706489469, 40.868145292540738 ], [ -73.791427869134949, 40.868134208729444 ], [ -73.79144254855477, 40.868117152988411 ], [ -73.791456099430448, 40.868101802428093 ], [ -73.791462876878654, 40.868093274459007 ], [ -73.791470781514704, 40.868083892113553 ], [ -73.791479813074417, 40.86807451272454 ], [ -73.791509142503514, 40.868049794971768 ], [ -73.791519297087731, 40.868041272186467 ], [ -73.791529457023174, 40.868031042100803 ], [ -73.791537364318359, 40.868020806935967 ], [ -73.791548651798252, 40.868008868816723 ], [ -73.791561066085691, 40.867996934489973 ], [ -73.791577991518238, 40.867981589181106 ], [ -73.791591541006639, 40.867966240527295 ], [ -73.791603966105058, 40.867950887077924 ], [ -73.791616388404933, 40.867936389955759 ], [ -73.79162993909128, 40.867921039458061 ], [ -73.791637841371355, 40.867911657096698 ], [ -73.791645747164722, 40.867902277417564 ], [ -73.791662683256448, 40.867883517411983 ], [ -73.79167510674381, 40.867869019447888 ], [ -73.791689788827114, 40.867851109939913 ], [ -73.791696576932139, 40.867839163676138 ], [ -73.791705615239877, 40.86782722239753 ], [ -73.791713529047684, 40.867815279002841 ], [ -73.791720317140175, 40.867803333657662 ], [ -73.791728226811244, 40.867793095807265 ], [ -73.791736135618166, 40.867782007060356 ], [ -73.791741795321983, 40.867770912410009 ], [ -73.791751968559907, 40.867756412128898 ], [ -73.791761012197227, 40.867742762624836 ], [ -73.791770046596469, 40.867731674904782 ], [ -73.791780217149423, 40.867718027435849 ], [ -73.791789263567111, 40.867703522439776 ], [ -73.791800556184683, 40.867689876910383 ], [ -73.791809598337593, 40.867677082895746 ], [ -73.791819771550408, 40.86766258076829 ], [ -73.791828820514652, 40.86764722211899 ], [ -73.79183786448813, 40.867632717114539 ], [ -73.791848040360819, 40.867617361334673 ], [ -73.791860473239552, 40.867599447828496 ], [ -73.791872898093203, 40.867584096106604 ], [ -73.791883063622237, 40.867571300432424 ], [ -73.791890976148224, 40.867559358862948 ], [ -73.791900019737682, 40.867545707507361 ], [ -73.791906808977089, 40.867533763992945 ], [ -73.791913588990184, 40.867524379586513 ], [ -73.79192149895195, 40.867513288988398 ], [ -73.791931668225814, 40.86749964233838 ], [ -73.791941842841595, 40.867484287467754 ], [ -73.791953141958501, 40.867468931028924 ], [ -73.79196105446232, 40.867456988618109 ], [ -73.79196896404676, 40.867446753426982 ], [ -73.791975748280024, 40.867435662633859 ], [ -73.791984787699349, 40.867423720414585 ], [ -73.791993822015044, 40.867412633596423 ], [ -73.792001730378033, 40.867402397565769 ], [ -73.792013025326284, 40.867388752102961 ], [ -73.79201980955493, 40.867377658546928 ], [ -73.792027724351527, 40.867365716051765 ], [ -73.792035642286564, 40.867352064494689 ], [ -73.792043558651415, 40.867339266590207 ], [ -73.79205259561715, 40.867327325197344 ], [ -73.79206163500794, 40.867315382970503 ], [ -73.792077458591663, 40.867292351702531 ], [ -73.792087627806936, 40.867278703281855 ], [ -73.792095544154222, 40.867265904452246 ], [ -73.792102330910254, 40.867253958997445 ], [ -73.79211024433279, 40.867242869312278 ], [ -73.792117025743735, 40.867232632161389 ], [ -73.792126069348313, 40.867218981623786 ], [ -73.792131728930514, 40.86720788971332 ], [ -73.792139634577978, 40.867198508159028 ], [ -73.792146418404968, 40.867188270089336 ], [ -73.792154329630421, 40.867176327662463 ], [ -73.792161118793331, 40.867164381372049 ], [ -73.792173561086457, 40.867143050382602 ], [ -73.792182613781605, 40.867126837135039 ], [ -73.792192785856685, 40.867111482238144 ], [ -73.792202964237561, 40.867095272775636 ], [ -73.792207491308403, 40.867086738863996 ], [ -73.792214274009027, 40.867076501708183 ], [ -73.792219934784967, 40.867065407035113 ], [ -73.792226722707298, 40.867053462494809 ], [ -73.79223351063726, 40.867041515277634 ], [ -73.792241424251827, 40.867029572848836 ], [ -73.792249335200523, 40.867018483149302 ], [ -73.792254993649451, 40.867007389306529 ], [ -73.792262907258959, 40.866995445956107 ], [ -73.792270824636631, 40.866982648873481 ], [ -73.792277612903391, 40.866969847998163 ], [ -73.792284402024791, 40.866957901700076 ], [ -73.792291191382304, 40.866945102667323 ], [ -73.792297984377967, 40.866932302635597 ], [ -73.792304781844237, 40.866916941731112 ], [ -73.79231157628756, 40.866903288047695 ], [ -73.79231949279152, 40.866889635547551 ], [ -73.792326283104572, 40.866877690169062 ], [ -73.792333073662661, 40.866864890130728 ], [ -73.792340992582709, 40.866851236714616 ], [ -73.792347780814183, 40.866838438512616 ], [ -73.792354573677471, 40.866825638560861 ], [ -73.792361358997866, 40.866814546825921 ], [ -73.792368146876399, 40.866802600520359 ], [ -73.792374933533296, 40.866790655968572 ], [ -73.792380599592846, 40.866777853065805 ], [ -73.792387387456941, 40.866765908515397 ], [ -73.792395302233118, 40.866753963401209 ], [ -73.792402086321957, 40.866742873417913 ], [ -73.792408874188709, 40.866730926189724 ], [ -73.792415664711299, 40.866718127067578 ], [ -73.79242245377759, 40.866706181679561 ], [ -73.792430366110921, 40.866694238314814 ], [ -73.792436026818251, 40.866683143630368 ], [ -73.792442809329557, 40.86667290729779 ], [ -73.792448470029242, 40.866661814369046 ], [ -73.792455260542638, 40.866649013486708 ], [ -73.792462048495992, 40.866637067175461 ], [ -73.792469962023077, 40.86662512473012 ], [ -73.792476751078738, 40.866613176579804 ], [ -73.792483536481924, 40.866601232939082 ], [ -73.792491451218609, 40.866589288652932 ], [ -73.792499364735008, 40.866577346123002 ], [ -73.792506149892702, 40.866566255298913 ], [ -73.79251180559865, 40.866556014256282 ], [ -73.792518589298993, 40.866545777919882 ], [ -73.792524247312002, 40.866535537800843 ], [ -73.792531031255081, 40.866524445132875 ], [ -73.792536691922791, 40.866513353120901 ], [ -73.79254347330226, 40.866503115942471 ], [ -73.792550258099467, 40.866492877849709 ], [ -73.792557042138412, 40.866481787020454 ], [ -73.79256382959521, 40.866470695193115 ], [ -73.792570613637992, 40.866459601686614 ], [ -73.792581924530438, 40.866439979522532 ], [ -73.792593227189712, 40.866423771210393 ], [ -73.79260338973674, 40.866411830041358 ], [ -73.792614112706829, 40.866401600785672 ], [ -73.792630459501851, 40.866390527153754 ], [ -73.792643986013516, 40.866382009412582 ], [ -73.792654140204945, 40.866373484683315 ], [ -73.792663167483624, 40.866364960687953 ], [ -73.79267108360753, 40.86635216357439 ], [ -73.792679002395957, 40.86633851105254 ], [ -73.792685792831932, 40.866325710157184 ], [ -73.792693705178692, 40.866313767610066 ], [ -73.792709526752176, 40.866291588145486 ], [ -73.79271518083506, 40.866282203420809 ], [ -73.792719716981452, 40.866271108541241 ], [ -73.792723131559939, 40.866258301572522 ], [ -73.792729928862187, 40.866242939637267 ], [ -73.792737847625517, 40.866229287111118 ], [ -73.792741252758276, 40.866219897506902 ], [ -73.792746905383936, 40.866211365596435 ], [ -73.792753696996328, 40.866198568295474 ], [ -73.792761613086753, 40.866185769418919 ], [ -73.792770647104646, 40.866174682537384 ], [ -73.792785331187702, 40.866155916557922 ], [ -73.792790986454577, 40.866146533672946 ], [ -73.79279777564318, 40.866133730926919 ], [ -73.792806842562825, 40.866113249379332 ], [ -73.792811397553322, 40.86609532152314 ], [ -73.792817087424112, 40.866074831981514 ], [ -73.792820495198029, 40.866064588723319 ], [ -73.792825028899557, 40.866053490153256 ], [ -73.792830725286194, 40.866031296071753 ], [ -73.792835294785547, 40.866009097204731 ], [ -73.792840967573966, 40.865993731485226 ], [ -73.792847757940677, 40.865980931499607 ], [ -73.792857935992529, 40.865964720218265 ], [ -73.792864710619412, 40.865956192075366 ], [ -73.792872619883028, 40.865945957824607 ], [ -73.792881648643814, 40.865936577397925 ], [ -73.792891805278572, 40.865927200754427 ], [ -73.792903085391259, 40.865917824370534 ], [ -73.792915489852888, 40.865908451846622 ], [ -73.792926768741367, 40.865899077298323 ], [ -73.792938049945988, 40.865889700914252 ], [ -73.792954983943787, 40.865870941629893 ], [ -73.792967414756092, 40.865853880645801 ], [ -73.792975344063123, 40.865836811661872 ], [ -73.792978750694516, 40.865826569232887 ], [ -73.792984436271766, 40.8658077889081 ], [ -73.792988984430835, 40.865792422081441 ], [ -73.792992403147593, 40.865777907717693 ], [ -73.792995523308832, 40.865767365610452 ], [ -73.792996951302783, 40.865762540890636 ], [ -73.79300261715494, 40.865749737954928 ], [ -73.793010534352206, 40.865736940818792 ], [ -73.793018443805082, 40.865725851061711 ], [ -73.793027478926746, 40.8657147650827 ], [ -73.793038766962354, 40.865702825893379 ], [ -73.793050054874968, 40.865690889464261 ], [ -73.793060215665747, 40.865679804581909 ], [ -73.793070369930589, 40.865670425324126 ], [ -73.793080507998525, 40.86566702789748 ], [ -73.793091754921505, 40.865667903578455 ], [ -73.793105243673324, 40.865672196982402 ], [ -73.793117593454156, 40.865680761218279 ], [ -73.793125436438316, 40.865691024757851 ], [ -73.793129886325744, 40.865707261391606 ], [ -73.793132099263445, 40.865719221218868 ], [ -73.793132064706356, 40.865730326956161 ], [ -73.793135388813738, 40.86574656156948 ], [ -73.793139849229959, 40.86575938092431 ], [ -73.793143109417514, 40.865767365906109 ], [ -73.79314543267138, 40.86577305594885 ], [ -73.793153268899189, 40.865785884874278 ], [ -73.793155481846568, 40.865797843780861 ], [ -73.793156583947692, 40.865804679600146 ], [ -73.79316667940779, 40.86581494717931 ], [ -73.793174539564973, 40.86582008772799 ], [ -73.793190830322018, 40.865827376786591 ], [ -73.793204895953451, 40.865826975106032 ], [ -73.79321503283164, 40.865823575991556 ], [ -73.793227424056823, 40.865818474362364 ], [ -73.793245443796536, 40.865812526493627 ], [ -73.793263453009061, 40.865809997825622 ], [ -73.793276399484128, 40.865807885062011 ], [ -73.793289384581726, 40.865792961100119 ], [ -73.793298422330921, 40.865781017852086 ], [ -73.793306340919884, 40.865767366122057 ], [ -73.793314254530685, 40.865754569878852 ], [ -73.793322163703976, 40.865744334675512 ], [ -73.793332333866914, 40.865729832488931 ], [ -73.793342498488684, 40.865717891257411 ], [ -73.793352663330879, 40.865705098126909 ], [ -73.793362822972625, 40.865694012379635 ], [ -73.793377488083408, 40.865681227313104 ], [ -73.793389900172386, 40.865670144679029 ], [ -73.793400047631565, 40.865663329943835 ], [ -73.793410200737156, 40.865653952410526 ], [ -73.793427121046562, 40.865640316886342 ], [ -73.793439530464696, 40.865630088735919 ], [ -73.793453069871148, 40.865617301725138 ], [ -73.793469987844531, 40.865603667028068 ], [ -73.793483527019347, 40.865591731829291 ], [ -73.793500448737447, 40.865577242641884 ], [ -73.793518492363532, 40.865563609952616 ], [ -73.793534279233285, 40.865551677853496 ], [ -73.793546693911679, 40.865539745149945 ], [ -73.793555724835741, 40.86553036467528 ], [ -73.793565885861383, 40.86551842341602 ], [ -73.793578313792779, 40.865502217940346 ], [ -73.79358734757875, 40.865491131913515 ], [ -73.793595263202604, 40.86547918571253 ], [ -73.79360317937369, 40.865465535798677 ], [ -73.793609969541436, 40.865452735765601 ], [ -73.79361450427109, 40.865441639925614 ], [ -73.793620177931459, 40.865426275088232 ], [ -73.793623586990364, 40.865415176312595 ], [ -73.793628133526013, 40.865400666624694 ], [ -73.793634936945253, 40.865383593822585 ], [ -73.793639479612594, 40.865369937865928 ], [ -73.793644013237497, 40.865358840182509 ], [ -73.793647426146819, 40.865346889514392 ], [ -73.793649713392739, 40.86533493415488 ], [ -73.793652002944555, 40.865322981559629 ], [ -73.793655418841794, 40.865309321745258 ], [ -73.793657716688656, 40.865293949943307 ], [ -73.793660010330314, 40.865280288203792 ], [ -73.793661181397653, 40.865264917061367 ], [ -73.793662355992538, 40.865249545088915 ], [ -73.793663513704004, 40.865238441362223 ], [ -73.793664682996479, 40.865224777527665 ], [ -73.793665845999044, 40.865211969259356 ], [ -73.79366700756799, 40.865200012720791 ], [ -73.793667052632884, 40.86518549238145 ], [ -73.793669347586828, 40.865171831481497 ], [ -73.793670510594396, 40.865159020452801 ], [ -73.793670560962866, 40.865142790972804 ], [ -73.793666108436653, 40.865127409765016 ], [ -73.793663892775797, 40.865116302760633 ], [ -73.793659434954876, 40.865102628016672 ], [ -73.793656105454431, 40.865088100717003 ], [ -73.793653908354941, 40.865071014395411 ], [ -73.793652816810408, 40.865060764815382 ], [ -73.793651724398586, 40.865049658901036 ], [ -73.79365176416762, 40.865036845861773 ], [ -73.79365067572391, 40.865024887135789 ], [ -73.793651862252759, 40.865005244147731 ], [ -73.793654160200276, 40.864989872345191 ], [ -73.793656460679287, 40.864973649568583 ], [ -73.793659893565632, 40.864954864172169 ], [ -73.793661078653031, 40.864936074836187 ], [ -73.793662249722374, 40.864920701015059 ], [ -73.793662297429222, 40.864905329702509 ], [ -73.79366345877051, 40.864894225980294 ], [ -73.793663503833386, 40.86487970647778 ], [ -73.793662432626604, 40.864861768598296 ], [ -73.793661343744787, 40.864850661769886 ], [ -73.793660256745596, 40.864837847551065 ], [ -73.793659182662495, 40.864821617896332 ], [ -73.793658105933559, 40.864806240889322 ], [ -73.793657022691136, 40.864792572185756 ], [ -73.793658201368459, 40.864775491987949 ], [ -73.793657112822117, 40.864763532341236 ], [ -73.793654907778603, 40.864749008893391 ], [ -73.793653808293243, 40.864741319427324 ], [ -73.793649353485421, 40.864725937293606 ], [ -73.793647140387449, 40.864713974797475 ], [ -73.793643826811262, 40.864694323669553 ], [ -73.793642734178334, 40.864684072329084 ], [ -73.793641642987438, 40.864672965495991 ], [ -73.793639429997498, 40.864661004756186 ], [ -73.79363612195705, 40.864638790914981 ], [ -73.793633919579463, 40.864623411975998 ], [ -73.79363284407151, 40.864608034970381 ], [ -73.793631763482722, 40.864593513534565 ], [ -73.793630681455639, 40.864579846588761 ], [ -73.793629606174861, 40.864563616010834 ], [ -73.793629672460568, 40.864542261781985 ], [ -73.793627480689921, 40.864523467320048 ], [ -73.793624205685418, 40.864491004988352 ], [ -73.793622005966796, 40.864474771394612 ], [ -73.793619814203382, 40.864455976012188 ], [ -73.79361761978123, 40.86443803695645 ], [ -73.793616548368078, 40.864420952647357 ], [ -73.793615479613791, 40.864403012010129 ], [ -73.793613278681178, 40.864386781257735 ], [ -73.793611068357052, 40.864373965945077 ], [ -73.793608868646984, 40.864357732434499 ], [ -73.793605553887929, 40.864338081302066 ], [ -73.793603367435111, 40.864317577696845 ], [ -73.793600057647993, 40.864297071997875 ], [ -73.793597860590509, 40.864279985755289 ], [ -73.793596786762009, 40.864262900604871 ], [ -73.793593461176897, 40.864247520489378 ], [ -73.793590126646649, 40.864233850429422 ], [ -73.793585666249697, 40.864221029330821 ], [ -73.793582331504126, 40.864208210247547 ], [ -73.793579008807626, 40.86419112107005 ], [ -73.793575680804665, 40.864175740949499 ], [ -73.793574604105245, 40.864160364023689 ], [ -73.793571289360472, 40.864140714729757 ], [ -73.793566844883017, 40.864122769802798 ], [ -73.793563527500069, 40.864103971482422 ], [ -73.793562453452409, 40.864087741826019 ], [ -73.793560246902032, 40.864074072863289 ], [ -73.793558048761696, 40.864056985698532 ], [ -73.793554740440356, 40.864035626343451 ], [ -73.793551428369639, 40.864015119800293 ], [ -73.793549239284985, 40.863995472520983 ], [ -73.793547046462081, 40.863976675293507 ], [ -73.793543731394351, 40.863957880572734 ], [ -73.793540410156709, 40.863939938577097 ], [ -73.793537095217019, 40.863921139339624 ], [ -73.793534900839418, 40.86390319936055 ], [ -73.793532697295987, 40.863887820415464 ], [ -73.793531620611176, 40.863872443488482 ], [ -73.793529423583848, 40.863855357159551 ], [ -73.7935283377237, 40.863842544863061 ], [ -73.793526130089731, 40.86382887497836 ], [ -73.793523917155241, 40.863816911556789 ], [ -73.793521706868759, 40.863804096326213 ], [ -73.793519504540967, 40.863788718219077 ], [ -73.793518425203885, 40.863774196782266 ], [ -73.793517339358601, 40.863761380803915 ], [ -73.793515132828318, 40.863747711840865 ], [ -73.793512929402084, 40.863732333815229 ], [ -73.793510724315922, 40.863717810278033 ], [ -73.793510764114174, 40.863704996317026 ], [ -73.793511927228678, 40.863692187963224 ], [ -73.793514225049975, 40.863676817079757 ], [ -73.793514259539293, 40.863665712259653 ], [ -73.793513173457967, 40.863653753533633 ], [ -73.793508718312552, 40.863639223373291 ], [ -73.793505382387934, 40.863626407882101 ], [ -73.793504301960951, 40.863611884518868 ], [ -73.793502096649959, 40.863598215641119 ], [ -73.793499902300766, 40.86358027298391 ], [ -73.793498836469098, 40.863560624952598 ], [ -73.793498876258141, 40.863547814671492 ], [ -73.793497790414875, 40.863535000450149 ], [ -73.793495635856814, 40.863504247511464 ], [ -73.793494551223944, 40.863491434210886 ], [ -73.793490120076768, 40.863469218348882 ], [ -73.793484543505542, 40.863452981460497 ], [ -73.793477847599036, 40.8634358853148 ], [ -73.793472271910062, 40.863420501162459 ], [ -73.793466687501734, 40.863406825308452 ], [ -73.79346222441923, 40.863394858691109 ], [ -73.793458885869299, 40.863382895092137 ], [ -73.793452186106805, 40.863366654431893 ], [ -73.793446607887759, 40.863352123930099 ], [ -73.793441024824418, 40.863337592580407 ], [ -73.793435441297163, 40.863324772139165 ], [ -73.793429852704207, 40.86331280266733 ], [ -73.79342314499003, 40.863299125719493 ], [ -73.793417557837714, 40.863286303429355 ], [ -73.793413097536487, 40.863273483243304 ], [ -73.793408633025905, 40.863262372200175 ], [ -73.793405291608181, 40.863252116741016 ], [ -73.793400828891791, 40.863239294709956 ], [ -73.79339524416838, 40.863226474346845 ], [ -73.793388539128856, 40.863211941822371 ], [ -73.793382963818516, 40.863195704092917 ], [ -73.793378492908019, 40.863186301185095 ], [ -73.793375151738928, 40.863175188557342 ], [ -73.79336734075342, 40.863154677539711 ], [ -73.793359512752659, 40.863139287586272 ], [ -73.793353926836815, 40.863126466216244 ], [ -73.793348346005772, 40.863112789442042 ], [ -73.793342758880684, 40.863099968069236 ], [ -73.793338294508416, 40.863088856103175 ], [ -73.793332708600914, 40.863076034732011 ], [ -73.793327120048261, 40.863064064417067 ], [ -73.793320416138727, 40.86304953281028 ], [ -73.793313705814342, 40.863036711262353 ], [ -73.793304754864266, 40.863020465636197 ], [ -73.793294672975449, 40.863005927133514 ], [ -73.793284596172157, 40.862990533979911 ], [ -73.793276763997156, 40.862976853164888 ], [ -73.793267811617639, 40.862961463029883 ], [ -73.793261101657308, 40.862947785983856 ], [ -73.793254395121963, 40.862934107185858 ], [ -73.793245445403755, 40.862917864234767 ], [ -73.793237608051825, 40.862905888879389 ], [ -73.79323200889884, 40.862897337679541 ], [ -73.793226421468844, 40.862885371795457 ], [ -73.793218592317643, 40.862869982750951 ], [ -73.79321187262245, 40.862860575802351 ], [ -73.793205161134495, 40.862847751569063 ], [ -73.793199575275537, 40.862834929353298 ], [ -73.793193994727929, 40.862820399752351 ], [ -73.79319177923027, 40.862809290894241 ], [ -73.793189563498899, 40.862799036611015 ], [ -73.793186233, 40.862784510211092 ], [ -73.793182899838754, 40.862770840136719 ], [ -73.793179565132121, 40.862758021959728 ], [ -73.793176226670738, 40.862746056509785 ], [ -73.793174003206019, 40.862737510444326 ], [ -73.793168429198289, 40.862721272622863 ], [ -73.793161737778632, 40.862701615413343 ], [ -73.793153924136746, 40.862682811769041 ], [ -73.793147227414238, 40.86266486102339 ], [ -73.793141658735735, 40.862646914977915 ], [ -73.793137222439455, 40.862626409998015 ], [ -73.793130534914937, 40.862605896461517 ], [ -73.793128319427836, 40.86259478935812 ], [ -73.793122762495187, 40.862573426033357 ], [ -73.793117188750855, 40.862556333633968 ], [ -73.793109404613347, 40.862527278726425 ], [ -73.793104960372744, 40.862509332940299 ], [ -73.793100520229672, 40.862489680686863 ], [ -73.793094960657001, 40.862469171932361 ], [ -73.793088266390257, 40.862451222943342 ], [ -73.793082704509402, 40.862430714183944 ], [ -73.793077134658915, 40.862412767212383 ], [ -73.793072679794221, 40.862398239624916 ], [ -73.793068224942417, 40.862383708524526 ], [ -73.793062645908265, 40.862368325263283 ], [ -73.793057067857859, 40.86235379482256 ], [ -73.793051479406316, 40.862341828006826 ], [ -73.793043652673077, 40.862326438953133 ], [ -73.793035821082967, 40.862311903545546 ], [ -73.793031347514997, 40.862303354273266 ], [ -73.793026887349583, 40.862290534988858 ], [ -73.793019063396216, 40.86227429219916 ], [ -73.793012353213669, 40.86226146887558 ], [ -73.793006767444012, 40.862248645729103 ], [ -73.793000058368222, 40.862235822322987 ], [ -73.792992221473909, 40.862222996974978 ], [ -73.792984389452343, 40.862209315218216 ], [ -73.792974310417591, 40.862193922114798 ], [ -73.792966477293248, 40.862180243031219 ], [ -73.792959761579127, 40.862169980661982 ], [ -73.792951921930694, 40.862158009797866 ], [ -73.792944086165008, 40.862145181686898 ], [ -73.792934004131382, 40.86213150040313 ], [ -73.792923915696846, 40.862119521899864 ], [ -73.792910459605039, 40.862104978219939 ], [ -73.792900375044013, 40.862092147907568 ], [ -73.792892529748499, 40.862082738916733 ], [ -73.792883561617927, 40.862072471574855 ], [ -73.792874592264198, 40.862062208747972 ], [ -73.792865618814403, 40.862053650546116 ], [ -73.792854398012452, 40.862044234651194 ], [ -73.792845426015589, 40.862034822794911 ], [ -73.792831966951866, 40.862021986328628 ], [ -73.792820751480235, 40.862010863127736 ], [ -73.792809536020954, 40.861999737165547 ], [ -73.792798319342339, 40.861988614796537 ], [ -73.792787101109383, 40.86197834524279 ], [ -73.792774762470415, 40.861967218178307 ], [ -73.792762420191607, 40.861956093782368 ], [ -73.792748956188021, 40.861944110116475 ], [ -73.792733241819704, 40.861932979738704 ], [ -73.792718650759866, 40.86192184953844 ], [ -73.792707420797242, 40.861914996336537 ], [ -73.792693955253412, 40.861903866315494 ], [ -73.792679356212204, 40.861895299823743 ], [ -73.792663638106305, 40.861885022166369 ], [ -73.792646791618125, 40.861875596967664 ], [ -73.792632188476034, 40.861868737773463 ], [ -73.792617585578768, 40.86186102400228 ], [ -73.792600740319429, 40.861851597964034 ], [ -73.792583893960696, 40.86184217275629 ], [ -73.792570417896201, 40.861834461006524 ], [ -73.792558059693405, 40.861828458578998 ], [ -73.792545703799419, 40.861822458913203 ], [ -73.792527725067984, 40.861815591790887 ], [ -73.792509748892883, 40.861807871934893 ], [ -73.792492893109653, 40.861801862323908 ], [ -73.792476034898499, 40.861795854463764 ], [ -73.792459176346298, 40.861790698499625 ], [ -73.792444561362018, 40.861787256643673 ], [ -73.792429941054777, 40.861785520247125 ], [ -73.792414193567339, 40.86178463823601 ], [ -73.792397322036891, 40.861782899622959 ], [ -73.792381578541324, 40.861781163037683 ], [ -73.792365833724361, 40.861779426449225 ], [ -73.792350090475693, 40.861776835284552 ], [ -73.792335471619026, 40.861774247983348 ], [ -73.792317472674213, 40.861774215558732 ], [ -73.79230283903081, 40.861776750162342 ], [ -73.792285956587321, 40.861779282552305 ], [ -73.792270195761716, 40.861782670616428 ], [ -73.792254433830053, 40.861786059596469 ], [ -73.792234165093191, 40.861792001418422 ], [ -73.792220642378481, 40.861798810056648 ], [ -73.792207111759282, 40.861808182239471 ], [ -73.792193583562408, 40.861817553671244 ], [ -73.792182320066573, 40.861821804405793 ], [ -73.79215755130005, 40.861827737183155 ], [ -73.792139532796455, 40.861832828553688 ], [ -73.792124900225403, 40.861835366733189 ], [ -73.792109140947133, 40.861837900201216 ], [ -73.792092258483336, 40.861840431726527 ], [ -73.792074255635399, 40.861841254668825 ], [ -73.792055135307081, 40.861839511029594 ], [ -73.792036016078455, 40.861837768307936 ], [ -73.792014651086049, 40.86183431330165 ], [ -73.791994413168084, 40.861830004826778 ], [ -73.791976421013871, 40.861827410474667 ], [ -73.791957298012292, 40.861826523230086 ], [ -73.791937027919829, 40.861832463241051 ], [ -73.7919212564763, 40.861839269458166 ], [ -73.791903240369763, 40.861844362552525 ], [ -73.79188635280353, 40.861847746773911 ], [ -73.791868345813413, 40.861850277992737 ], [ -73.791849212119274, 40.861852804412848 ], [ -73.791834584889529, 40.861853631656395 ], [ -73.79181657972228, 40.861854453719317 ], [ -73.791803070068767, 40.861857847625117 ], [ -73.791792314563381, 40.861879821796769 ], [ -73.791785653875451, 40.861892168199155 ], [ -73.791780051338094, 40.861905262079652 ], [ -73.791775893414396, 40.861914172108818 ], [ -73.791770214281797, 40.861931244250151 ], [ -73.791766803887185, 40.861942340215478 ], [ -73.791763389344155, 40.861955147249482 ], [ -73.791757722373504, 40.861967947369344 ], [ -73.791753179541743, 40.861981606019022 ], [ -73.791747514871659, 40.861994408903989 ], [ -73.791741849103602, 40.86200720994524 ], [ -73.791736179194046, 40.862021719294773 ], [ -73.791731631003373, 40.862037086082367 ], [ -73.791727080139054, 40.862053305684057 ], [ -73.791722536080655, 40.862066965167735 ], [ -73.791715740181843, 40.862082327893631 ], [ -73.7917112057265, 40.862092569090763 ], [ -73.791705543829138, 40.862104516565282 ], [ -73.791699880718127, 40.862116463953576 ], [ -73.791695345789179, 40.862127557968314 ], [ -73.791690809495066, 40.862139509232335 ], [ -73.791685142488959, 40.862152311189625 ], [ -73.791679481791093, 40.86216425950127 ], [ -73.791673818667419, 40.862176207808218 ], [ -73.791668163573121, 40.86218559248659 ], [ -73.791656866764725, 40.86220009157784 ], [ -73.79164296143847, 40.862209744947677 ], [ -73.791629843788385, 40.862206874827116 ], [ -73.791621425856064, 40.862200882098072 ], [ -73.791611876961127, 40.862196593797265 ], [ -73.791606833585732, 40.862190178582381 ], [ -73.791600661553829, 40.86218547047929 ], [ -73.791600688328899, 40.862176928448868 ], [ -73.791606348792953, 40.862165832876052 ], [ -73.791614263514134, 40.862153036743386 ], [ -73.791619926406284, 40.862141517106096 ], [ -73.791626493011535, 40.862126650069655 ], [ -73.791629561197965, 40.862118044184342 ], [ -73.791634672828664, 40.862102679338108 ], [ -73.791639217154724, 40.862088167040561 ], [ -73.791643762439548, 40.862074509402532 ], [ -73.791649427023216, 40.862061707444006 ], [ -73.791655093179642, 40.86204805082744 ], [ -73.791663018112672, 40.862032691985561 ], [ -73.791667559864663, 40.862019033420012 ], [ -73.791669847346625, 40.862007079849093 ], [ -73.791675513130244, 40.861994278811402 ], [ -73.791678926227334, 40.861982325517978 ], [ -73.791684589579006, 40.861969525310407 ], [ -73.791690258036965, 40.861955868781124 ], [ -73.791695918461755, 40.861944774959824 ], [ -73.791700456055239, 40.861932826457782 ], [ -73.791704994641435, 40.861920876953491 ], [ -73.79170839592436, 40.861912340183537 ], [ -73.791712933403332, 40.861900391596969 ], [ -73.791718603313114, 40.861885880491897 ], [ -73.791723148819642, 40.861871368191366 ], [ -73.791728816041953, 40.861857713497891 ], [ -73.791734477669323, 40.861846617920342 ], [ -73.79174013418293, 40.861836380505338 ], [ -73.791746918735043, 40.861826143372781 ], [ -73.791754840209478, 40.861810782676372 ], [ -73.791762757433531, 40.861797130121637 ], [ -73.791768417829559, 40.861786037300305 ], [ -73.791774080902997, 40.861774088987879 ], [ -73.791779743968902, 40.861762142431516 ], [ -73.791787662390817, 40.861748490879634 ], [ -73.791794451320612, 40.86173568910263 ], [ -73.791798984637509, 40.86172544781715 ], [ -73.791806905727057, 40.861710941693154 ], [ -73.791812563792334, 40.861699849701594 ], [ -73.791817098573219, 40.861688752168476 ], [ -73.791823897928182, 40.861673391198245 ], [ -73.791829558306347, 40.861662297453606 ], [ -73.791836356448457, 40.861646935560337 ], [ -73.791844281768249, 40.861630720290016 ], [ -73.791847690563188, 40.86162047789071 ], [ -73.791852226904012, 40.861608526619584 ], [ -73.791855637267261, 40.861597430651074 ], [ -73.791861302984245, 40.861584627761886 ], [ -73.791865847221402, 40.861570117294193 ], [ -73.791871518281525, 40.861555606182918 ], [ -73.791876061059881, 40.86154194752622 ], [ -73.791881732109601, 40.861527438255806 ], [ -73.791885140151763, 40.861516341278268 ], [ -73.791889679893728, 40.861504390010317 ], [ -73.791894216207581, 40.861492442417557 ], [ -73.791898750958055, 40.861481345717145 ], [ -73.791903286805947, 40.861470249854769 ], [ -73.791907825789693, 40.861457447690618 ], [ -73.79191237122852, 40.861442934461451 ], [ -73.791916924677281, 40.861425861283699 ], [ -73.791920341585296, 40.861413054332047 ], [ -73.791924893821218, 40.861395980147869 ], [ -73.791929435117808, 40.861383175225349 ], [ -73.791931722532254, 40.861371221731652 ], [ -73.791891237391525, 40.861366024794151 ], [ -73.791854239061493, 40.861324958509492 ], [ -73.791877184011511, 40.861183213599794 ], [ -73.791939168921161, 40.861148306193115 ], [ -73.792101118110111, 40.861166535349824 ], [ -73.792134185763075, 40.861204602993347 ], [ -73.79218085603496, 40.861210240501158 ], [ -73.792228101738857, 40.861212033894837 ], [ -73.792242735379759, 40.861209496540425 ], [ -73.792258491834986, 40.861207816704606 ], [ -73.792275373027138, 40.861205286156498 ], [ -73.792293387477031, 40.861201046656348 ], [ -73.792318153331692, 40.861195967417437 ], [ -73.792333912563933, 40.861193432163041 ], [ -73.792359812014894, 40.861185792149065 ], [ -73.79238346159093, 40.86117814632091 ], [ -73.792399220939529, 40.861174760078676 ], [ -73.792418357198912, 40.861171378074964 ], [ -73.792435239244597, 40.861169698401696 ], [ -73.792453249789389, 40.861166315285381 ], [ -73.792469008893647, 40.861163781768653 ], [ -73.792487016886824, 40.861161250457933 ], [ -73.792506146484598, 40.861159576660206 ], [ -73.792521906797106, 40.861157043138455 ], [ -73.792541041836159, 40.861153660192144 ], [ -73.792556801171202, 40.861150273845901 ], [ -73.792574815696838, 40.861146034300667 ], [ -73.792593951828721, 40.86114265226891 ], [ -73.792609709707264, 40.861140119650869 ], [ -73.792625468920022, 40.861137583352793 ], [ -73.79264122946141, 40.861134196159576 ], [ -73.792660365939241, 40.86112995862041 ], [ -73.792680638070635, 40.861124017649395 ], [ -73.79269752565888, 40.861119776978356 ], [ -73.792714416016977, 40.861114682571781 ], [ -73.792729054827191, 40.86111043877392 ], [ -73.792748192506181, 40.861106201222313 ], [ -73.792767332487514, 40.861101966431939 ], [ -73.792788721245202, 40.861097732920292 ], [ -73.792806734523083, 40.8610934960981 ], [ -73.792825878613783, 40.861087551232686 ], [ -73.79284277416599, 40.861080748584115 ], [ -73.792857421060845, 40.861073940219853 ], [ -73.792874316364973, 40.861067993063244 ], [ -73.792888953945706, 40.861063748322792 ], [ -73.792912600752871, 40.861056957876919 ], [ -73.792935124513036, 40.861049309913263 ], [ -73.792958776625454, 40.861040812072524 ], [ -73.792971166870075, 40.861035710548556 ], [ -73.792997071276218, 40.861027214068379 ], [ -73.793018469520945, 40.861019566827565 ], [ -73.793036501273789, 40.861009347970388 ], [ -73.793053408735048, 40.860999130689933 ], [ -73.793078227628556, 40.860976966387412 ], [ -73.793091763263746, 40.860965888471902 ], [ -73.793101915464462, 40.860957364614144 ], [ -73.793112066337528, 40.860948841671885 ], [ -73.793126727563958, 40.860937763095862 ], [ -73.793140250138137, 40.860930098938603 ], [ -73.793153774021334, 40.860922437458555 ], [ -73.793169546562297, 40.860914778255051 ], [ -73.793184194480617, 40.860907972445062 ], [ -73.793195464284508, 40.860902013391041 ], [ -73.793214609729603, 40.860895213887794 ], [ -73.793233747312797, 40.860890977175572 ], [ -73.793251758953332, 40.86088759393656 ], [ -73.793269770594861, 40.860884209774682 ], [ -73.793284402907418, 40.86088167320586 ], [ -73.793299043072025, 40.860876575682433 ], [ -73.793314816566365, 40.860869770952696 ], [ -73.793328335002357, 40.860863815918606 ], [ -73.793341856204208, 40.860857006310901 ], [ -73.793359871935621, 40.860851912153279 ], [ -73.793379016007563, 40.860845969873736 ], [ -73.793391411497666, 40.860839158242506 ], [ -73.793402683809262, 40.860832346354741 ], [ -73.793418462819673, 40.860822978896138 ], [ -73.793434241935969, 40.860813611435567 ], [ -73.793453397949207, 40.860803394527608 ], [ -73.793469182020175, 40.860793174253125 ], [ -73.793484957254265, 40.860784661355659 ], [ -73.793499610418635, 40.860776147366089 ], [ -73.793514263811815, 40.860766776957909 ], [ -73.793530044112231, 40.860757410323956 ], [ -73.793544696054113, 40.860748895405067 ], [ -73.793559344130912, 40.860741233214263 ], [ -73.793583002802933, 40.860730171612495 ], [ -73.793604417670423, 40.860718253169196 ], [ -73.793615695476689, 40.860708876705608 ], [ -73.793625847568137, 40.860700353720119 ], [ -73.793642775965637, 40.860683300786022 ], [ -73.793654065567239, 40.860670510552254 ], [ -73.793663102556323, 40.860658567263236 ], [ -73.793673274623814, 40.860643212218875 ], [ -73.793682324856391, 40.860626998833688 ], [ -73.793689121025523, 40.860612490565117 ], [ -73.793697049522464, 40.860595421430411 ], [ -73.793703840604437, 40.860581769485208 ], [ -73.793710638313073, 40.860566407562374 ], [ -73.793717423872863, 40.860555314817006 ], [ -73.793723082625448, 40.860544221811288 ], [ -73.793727618217872, 40.860533125039176 ], [ -73.793733295516319, 40.86051605287868 ], [ -73.793736709372837, 40.860504102199755 ], [ -73.793741245187633, 40.860492150850384 ], [ -73.793742398707096, 40.860482758099053 ], [ -73.793736799471532, 40.860475059656572 ], [ -73.793725582895007, 40.860463937374746 ], [ -73.793721108256321, 40.86045538912829 ], [ -73.793725646497137, 40.86044343686369 ], [ -73.793729057925887, 40.860431486180488 ], [ -73.793733579044755, 40.860424661343316 ], [ -73.793743725668136, 40.860417846570009 ], [ -73.793752725508057, 40.860417862672364 ], [ -73.79377295792311, 40.860423878140587 ], [ -73.793785308258322, 40.860431586818208 ], [ -73.793792034296146, 40.860439286437703 ], [ -73.793792839826509, 40.860451459837371 ], [ -73.793810006055821, 40.860448714320903 ], [ -73.793819036583344, 40.860438480160553 ], [ -73.793825824763701, 40.860426532837572 ], [ -73.793831491434148, 40.860412877032012 ], [ -73.793836020487944, 40.860403489396532 ], [ -73.793842810089316, 40.860390690258164 ], [ -73.793849598255079, 40.860378744690038 ], [ -73.793855262376994, 40.860365943539485 ], [ -73.793857546762055, 40.86035484357253 ], [ -73.793862096995809, 40.860338622125369 ], [ -73.793867770158954, 40.860323258181801 ], [ -73.793874595387237, 40.860299354132927 ], [ -73.793881398434152, 40.860281430238018 ], [ -73.793888186582691, 40.860269483829754 ], [ -73.793896091157052, 40.860260102226988 ], [ -73.793905126935343, 40.860248161593915 ], [ -73.793914159730377, 40.860237929269985 ], [ -73.793924323519121, 40.860225561147018 ], [ -73.793954776687755, 40.860200419766556 ], [ -73.79397282130644, 40.86018593066516 ], [ -73.793990868340941, 40.860171441565221 ], [ -73.794004401344992, 40.860160363538171 ], [ -73.794012296738231, 40.860153544718159 ], [ -73.794021324217553, 40.860145018768876 ], [ -73.794039380925611, 40.860126261314974 ], [ -73.794050666286864, 40.860115176588842 ], [ -73.794060824511575, 40.860104946180144 ], [ -73.794074357501572, 40.860093864546933 ], [ -73.794087894225498, 40.86008193202327 ], [ -73.794098048807157, 40.860072554424178 ], [ -73.794113830188408, 40.86006233137801 ], [ -73.794125102293179, 40.860055520338726 ], [ -73.794137514964021, 40.86004273114218 ], [ -73.79413528882101, 40.86003503882457 ], [ -73.794122936981665, 40.860028182916793 ], [ -73.79411058690512, 40.860019619615592 ], [ -73.794095990738768, 40.860010199649295 ], [ -73.794090406050756, 40.859997376552116 ], [ -73.794089325218906, 40.859983708681554 ], [ -73.794091601952417, 40.859974316090842 ], [ -73.794098395316482, 40.859960663205129 ], [ -73.794109690000113, 40.859946163865374 ], [ -73.794126598357195, 40.859935090094496 ], [ -73.794141239572326, 40.859929991461783 ], [ -73.794157002403125, 40.85992574773195 ], [ -73.794169385621714, 40.859923209712477 ], [ -73.794187414033374, 40.859914699821132 ], [ -73.794198697018956, 40.859903615075957 ], [ -73.79420773908781, 40.859889965276885 ], [ -73.794214528568034, 40.8598771651967 ], [ -73.794222446265508, 40.859863513472995 ], [ -73.794229234636092, 40.859850714226212 ], [ -73.794233768882023, 40.859839618350719 ], [ -73.794239433985851, 40.859826817098273 ], [ -73.794241703644957, 40.859820841039976 ], [ -73.794243980018678, 40.859812302938742 ], [ -73.794249655696007, 40.859796083482436 ], [ -73.794258700381079, 40.859781580111822 ], [ -73.794265489837827, 40.859768780864691 ], [ -73.794270016145077, 40.859760246862109 ], [ -73.794274553019392, 40.85974829733378 ], [ -73.794280211610342, 40.859737204299108 ], [ -73.794287009099477, 40.859721842339958 ], [ -73.794291553892876, 40.859707330852579 ], [ -73.794294966401125, 40.859695378396836 ], [ -73.794300634124468, 40.85968172265239 ], [ -73.794305176278385, 40.859668063059026 ], [ -73.794311969571865, 40.85965440923993 ], [ -73.794317634861955, 40.85964075432652 ], [ -73.794324441365859, 40.859622827732089 ], [ -73.79433123343324, 40.859609175749718 ], [ -73.794335770400281, 40.859597224462462 ], [ -73.794342565108863, 40.859582716986843 ], [ -73.794345978700235, 40.85957076545138 ], [ -73.794350517091047, 40.859557960341384 ], [ -73.79435505790039, 40.8595447294121 ], [ -73.794361851276477, 40.85953064968146 ], [ -73.794367520406041, 40.859516138439922 ], [ -73.794377701163043, 40.859498220622598 ], [ -73.794386757559877, 40.859480299793667 ], [ -73.794395801071673, 40.859465795489434 ], [ -73.794403723965402, 40.859450435446249 ], [ -73.794413898211673, 40.859434224925543 ], [ -73.794420691457219, 40.859420571098148 ], [ -73.794429730775207, 40.859407775016663 ], [ -73.794436517634523, 40.859395828573582 ], [ -73.794442178810471, 40.8593838809578 ], [ -73.79444672069269, 40.859371077775101 ], [ -73.794452385942094, 40.859357419257869 ], [ -73.794459181810581, 40.859342911860637 ], [ -73.794465964691526, 40.859331820822163 ], [ -73.794472752636949, 40.859319875298823 ], [ -73.794480662297275, 40.859308784509381 ], [ -73.794487446492184, 40.859297694391991 ], [ -73.794495360212565, 40.859284896297083 ], [ -73.794504403351056, 40.859271245556627 ], [ -73.794515691337878, 40.859258454395459 ], [ -73.794528103574677, 40.859246517974142 ], [ -73.794538256644529, 40.859237140333832 ], [ -73.794546166281492, 40.859226050377323 ], [ -73.794556331113995, 40.859213256290246 ], [ -73.794565370372268, 40.859200461953996 ], [ -73.794569846139211, 40.859193032732918 ], [ -73.794571024804625, 40.859191076293492 ], [ -73.794585710680906, 40.859171458168476 ], [ -73.794592494742247, 40.859160365365376 ], [ -73.794599278796724, 40.859149273483219 ], [ -73.794606065486008, 40.85913732794949 ], [ -73.794616250301885, 40.859117699960301 ], [ -73.794620779150989, 40.859108314131966 ], [ -73.794625314490204, 40.859097219078031 ], [ -73.794634377469393, 40.85907673551506 ], [ -73.794644559302114, 40.859058816671066 ], [ -73.794655855143731, 40.85904346178198 ], [ -73.794663760888497, 40.85903322646989 ], [ -73.794671670593189, 40.859022135668283 ], [ -73.794704420100089, 40.858982049071713 ], [ -73.794711193888986, 40.858973520809776 ], [ -73.794719103464374, 40.858962431844731 ], [ -73.794728138603475, 40.858951343043294 ], [ -73.794742820421291, 40.858932578546259 ], [ -73.794751876642422, 40.858914657770619 ], [ -73.794760934284994, 40.858895882336995 ], [ -73.794767731575305, 40.858880520347199 ], [ -73.794773390011841, 40.858869427287928 ], [ -73.794784682942804, 40.85885578061248 ], [ -73.794794838337594, 40.858846403871986 ], [ -73.794806120927717, 40.858835319901345 ], [ -73.794818530396213, 40.858824238020439 ], [ -73.794830935902539, 40.858814009785732 ], [ -73.794843351729881, 40.858801221436664 ], [ -73.794853517867992, 40.858787571828891 ], [ -73.794859174855517, 40.858777333421109 ], [ -73.794865962995459, 40.858764533214277 ], [ -73.794869381726585, 40.858750871597607 ], [ -73.794869431794723, 40.858734643018593 ], [ -73.794868344657004, 40.858721830637336 ], [ -73.794867253039484, 40.858711578379484 ], [ -73.794867289931091, 40.858699620817987 ], [ -73.794867332093204, 40.858685954948861 ], [ -73.794866242325568, 40.858673995382382 ], [ -73.794867405879202, 40.858662038905663 ], [ -73.794869703213578, 40.858646667896281 ], [ -73.794875357870438, 40.858636430404701 ], [ -73.794884390303153, 40.858626196077935 ], [ -73.794896798395726, 40.858615114184509 ], [ -73.794910335885632, 40.858603180643208 ], [ -73.794918249552538, 40.858590382435438 ], [ -73.794923906517866, 40.858580143104049 ], [ -73.794929575438047, 40.858565633672562 ], [ -73.794932990409819, 40.858552825704109 ], [ -73.794936415910612, 40.85853660396554 ], [ -73.794937583820996, 40.85852208644269 ], [ -73.794939875655459, 40.858509278314813 ], [ -73.794941039513503, 40.858496467261553 ], [ -73.794944451837438, 40.858484516540379 ], [ -73.794947877654963, 40.858467439388207 ], [ -73.794951295136485, 40.858453779607672 ], [ -73.794954707459226, 40.858441827966026 ], [ -73.794959249498703, 40.858428170184226 ], [ -73.794962668505377, 40.858413656664951 ], [ -73.79496610036351, 40.858395725868149 ], [ -73.794969520905298, 40.858380356853885 ], [ -73.794971815570875, 40.858365840499438 ], [ -73.794975238425678, 40.858350470652766 ], [ -73.794977533088982, 40.858335954296805 ], [ -73.794980950665405, 40.858322295351584 ], [ -73.794985495215997, 40.858307782996903 ], [ -73.7949911588356, 40.858294980781764 ], [ -73.794999077399851, 40.858281328082953 ], [ -73.795005868091295, 40.858267675135544 ], [ -73.795012663733303, 40.858253165862742 ], [ -73.795022835010542, 40.858237810776245 ], [ -73.795035244218525, 40.858226729705628 ], [ -73.795048759328864, 40.858221629038376 ], [ -73.795057790576777, 40.858211394779048 ], [ -73.795064580932902, 40.858198595483394 ], [ -73.795072503735071, 40.858182379057418 ], [ -73.795081559762323, 40.858164459173544 ], [ -73.795084978730458, 40.85814994565127 ], [ -73.795085026114634, 40.858134570720438 ], [ -73.795083941264167, 40.858121756503799 ], [ -73.795081730866315, 40.858108941290133 ], [ -73.795080648657816, 40.858095270744364 ], [ -73.795078423884632, 40.858086726546503 ], [ -73.795068343568175, 40.858072188104579 ], [ -73.795063872766434, 40.858062784415992 ], [ -73.795065046908945, 40.858047413245778 ], [ -73.795071838672698, 40.858033757619417 ], [ -73.795080885569604, 40.858018400528387 ], [ -73.79509106327734, 40.858001335289444 ], [ -73.795092231252028, 40.857986818685241 ], [ -73.795091150139186, 40.857973149981355 ], [ -73.795090054971041, 40.857962897717975 ], [ -73.795091231739093, 40.857946672059576 ], [ -73.795090141836084, 40.857934711489641 ], [ -73.795085689469602, 40.857919328559348 ], [ -73.795080102237506, 40.857907361834627 ], [ -73.795072259874914, 40.857897096739961 ], [ -73.795063298648543, 40.857884270360152 ], [ -73.795052650719271, 40.857871866889333 ], [ -73.795051018513419, 40.857853500254691 ], [ -73.79505556270442, 40.857839839711367 ], [ -73.795061222529498, 40.857827893902666 ], [ -73.795069122800641, 40.857819366783318 ], [ -73.79508377247889, 40.857811705319165 ], [ -73.795089416191033, 40.8578057360778 ], [ -73.795097328521081, 40.857792937016136 ], [ -73.795104116188838, 40.857780993208728 ], [ -73.795110905288524, 40.857768191229461 ], [ -73.795112067673685, 40.857756236504073 ], [ -73.795112104526424, 40.857744277099023 ], [ -73.7951110184611, 40.8577314648035 ], [ -73.795108808074943, 40.857718647748023 ], [ -73.795107719380383, 40.857706689020056 ], [ -73.795105503731648, 40.85769558018859 ], [ -73.795099923200638, 40.857681050667935 ], [ -73.795092092491075, 40.857667369965519 ], [ -73.795082014865841, 40.857651977956102 ], [ -73.795071928134973, 40.85763914865548 ], [ -73.795059580806154, 40.857630584619045 ], [ -73.795043286694522, 40.85762457545475 ], [ -73.795035998629416, 40.857616875908676 ], [ -73.795036046024791, 40.857601500892642 ], [ -73.795038342067528, 40.857586131801376 ], [ -73.795038376296532, 40.857575027805083 ], [ -73.79503503633272, 40.857563918813007 ], [ -73.795030573473042, 40.857551951406563 ], [ -73.795028360259437, 40.857540845255357 ], [ -73.795025012609315, 40.857531444481509 ], [ -73.795020565546793, 40.857514354162333 ], [ -73.795017238760678, 40.857498973231017 ], [ -73.795012777325724, 40.857486153090242 ], [ -73.795008306574061, 40.857476748479776 ], [ -73.795002715549359, 40.857465635399635 ], [ -73.794995997461513, 40.857455373134592 ], [ -73.794988155158691, 40.857445110709875 ], [ -73.794980319555563, 40.857432282727842 ], [ -73.794973610692608, 40.857419460345831 ], [ -73.794968023736857, 40.857406638201248 ], [ -73.794962433939148, 40.85739552428489 ], [ -73.794954598231072, 40.857382698057187 ], [ -73.794947881477185, 40.857372437631696 ], [ -73.79493891124099, 40.85736217043678 ], [ -73.794932194494692, 40.857351909007811 ], [ -73.794919876100863, 40.857333951107208 ], [ -73.794910909826783, 40.857322831097292 ], [ -73.794899698537563, 40.857310853519813 ], [ -73.794889602568915, 40.857301439814208 ], [ -73.794879505388764, 40.857292026943192 ], [ -73.794864921362588, 40.857279187864314 ], [ -73.794853710409541, 40.857266356625438 ], [ -73.794846998954995, 40.857254386967064 ], [ -73.794839154278137, 40.857244123607494 ], [ -73.794831319936364, 40.857231296537137 ], [ -73.794825726324859, 40.857221038019468 ], [ -73.794815644664666, 40.857207352371717 ], [ -73.794803306776785, 40.857195373699305 ], [ -73.794793217325974, 40.857184250842899 ], [ -73.794787618453014, 40.857175699711284 ], [ -73.794775288489291, 40.85716115723617 ], [ -73.794764083945083, 40.857146618604908 ], [ -73.794750633730288, 40.857130366903959 ], [ -73.794740560123898, 40.857114117532461 ], [ -73.794733842218648, 40.857103857008106 ], [ -73.794727124316324, 40.857093595648344 ], [ -73.794719284625742, 40.857082478632982 ], [ -73.79471144120177, 40.857072214346502 ], [ -73.794694616858607, 40.8570559547058 ], [ -73.794684523590831, 40.857045688250437 ], [ -73.794674435606922, 40.85703371173107 ], [ -73.794659870134169, 40.857014896058992 ], [ -73.794646417340701, 40.856999496156881 ], [ -73.794634088652302, 40.856984953668416 ], [ -73.794621757214571, 40.856971266753739 ], [ -73.79461054900321, 40.856957579916504 ], [ -73.794599339368133, 40.856944747734282 ], [ -73.794591486849967, 40.856937046233128 ], [ -73.794582517717075, 40.856927635429201 ], [ -73.794571307979538, 40.85691480408164 ], [ -73.794560094509862, 40.856902825544843 ], [ -73.794547759146639, 40.856890846765033 ], [ -73.794536540296349, 40.85688057645136 ], [ -73.794526443345816, 40.856871161791254 ], [ -73.794508495876585, 40.856854902880919 ], [ -73.794495036446008, 40.856842064837466 ], [ -73.79448382145786, 40.856830941788004 ], [ -73.794471486343994, 40.856818107587706 ], [ -73.79446251097022, 40.856809550335548 ], [ -73.794454668616268, 40.856800139689113 ], [ -73.794440085100177, 40.856786448739989 ], [ -73.794426619085755, 40.856775320750565 ], [ -73.794413145046505, 40.856767609127736 ], [ -73.794398537778008, 40.856761604718386 ], [ -73.794385063635914, 40.856753893175814 ], [ -73.794373826445963, 40.856749603844776 ], [ -73.794354725688848, 40.856742735081419 ], [ -73.794336739327079, 40.856737579129643 ], [ -73.794326612920031, 40.85673841563829 ], [ -73.79431703435958, 40.856743522409815 ], [ -73.794309708055351, 40.856748634037089 ], [ -73.794300699574634, 40.856751179850718 ], [ -73.794291721372048, 40.856744330897648 ], [ -73.794284135480055, 40.856651217943785 ], [ -73.794297709673259, 40.85662732682075 ], [ -73.794335818673872, 40.856557920955545 ], [ -73.794344093476639, 40.856542850496155 ], [ -73.794355965643931, 40.856523226451934 ], [ -73.794462457193347, 40.856463624457966 ], [ -73.794472575411575, 40.856465779401958 ], [ -73.794473674639747, 40.856473894778517 ], [ -73.794475884864923, 40.85648671092887 ], [ -73.794496116146362, 40.856492727194208 ], [ -73.794512974625817, 40.85649787927067 ], [ -73.794526456533362, 40.856503030763875 ], [ -73.794542185533857, 40.856509891733054 ], [ -73.794560155127172, 40.856519318582158 ], [ -73.794571385795351, 40.85652531787391 ], [ -73.794589366058844, 40.8565313291911 ], [ -73.79460622191155, 40.856537337666964 ], [ -73.794620826828876, 40.856543343886258 ], [ -73.794636555742912, 40.856550203920946 ], [ -73.794653407536572, 40.856557921451504 ], [ -73.794669135241065, 40.856564782400952 ], [ -73.794688233347699, 40.856572504011481 ], [ -73.79470284324222, 40.856577652891353 ], [ -73.794718575123213, 40.856582807449087 ], [ -73.794734305263887, 40.856589668393951 ], [ -73.794752281601191, 40.856596534256241 ], [ -73.794768010539386, 40.856603394356718 ], [ -73.794784866539914, 40.856609401802785 ], [ -73.794800596901766, 40.856615410001496 ], [ -73.794816328478248, 40.856621418201506 ], [ -73.794829814404736, 40.856625711408334 ], [ -73.79484779076536, 40.85663257549934 ], [ -73.794864647868025, 40.85663858745226 ], [ -73.794882628191502, 40.856644597803587 ], [ -73.794900608415048, 40.856650606395519 ], [ -73.794917469698063, 40.856654908359239 ], [ -73.794935447283706, 40.856661774195089 ], [ -73.794950057214166, 40.856666923963651 ], [ -73.794964664833373, 40.85667207381001 ], [ -73.794978146603711, 40.856678077986054 ], [ -73.794998372823002, 40.85668494781148 ], [ -73.795011878413902, 40.856683263595663 ], [ -73.795025390582452, 40.856679016581204 ], [ -73.795043403630686, 40.856674776647935 ], [ -73.795058045476992, 40.856668824240757 ], [ -73.7950738113135, 40.856663728491306 ], [ -73.795086200586965, 40.856658623977097 ], [ -73.795099713951885, 40.856654378796193 ], [ -73.795126742421928, 40.856644177354951 ], [ -73.795145886235915, 40.856638232101659 ], [ -73.795161645695572, 40.856634843641281 ], [ -73.795183027596224, 40.85663231974663 ], [ -73.795201030412031, 40.856630643499429 ], [ -73.795216789551191, 40.856628108688462 ], [ -73.795230289965019, 40.856627277174056 ], [ -73.795247168148663, 40.856626453499409 ], [ -73.795264044023185, 40.856625628898136 ], [ -73.795282047932062, 40.856623953561609 ], [ -73.795303428517613, 40.856622284217295 ], [ -73.795322557948651, 40.856620609953076 ], [ -73.79534280906806, 40.856619789491937 ], [ -73.795367562579017, 40.856618126125454 ], [ -73.795387816428686, 40.856616453845199 ], [ -73.795408072791133, 40.856613928747258 ], [ -73.795431701884041, 40.856612261613606 ], [ -73.795448588057525, 40.856608875113594 ], [ -73.795463219237533, 40.856606338267397 ], [ -73.795483480965075, 40.856602102254158 ], [ -73.795499241499584, 40.856598714587207 ], [ -73.795532991692369, 40.856597921722148 ], [ -73.795599374136771, 40.856594621145838 ], [ -73.79563088237353, 40.856591261466534 ], [ -73.795664649421369, 40.856585341132515 ], [ -73.795700670436901, 40.856577717471005 ], [ -73.795762587290099, 40.856563307587408 ], [ -73.796131838455224, 40.856475984768615 ], [ -73.796193753905627, 40.856461575571252 ], [ -73.796289440188232, 40.856440391339277 ], [ -73.796360351163884, 40.856426848929267 ], [ -73.79644253578013, 40.856406496129658 ], [ -73.796505588294622, 40.856388668710046 ], [ -73.796523606580706, 40.856381868421266 ], [ -73.796576549915756, 40.856358900258741 ], [ -73.796665507356053, 40.856330871743438 ], [ -73.796758984041077, 40.856296016353653 ], [ -73.796820916069223, 40.85627647947355 ], [ -73.796854701406829, 40.856263727648418 ], [ -73.796887371470078, 40.856248411121776 ], [ -73.796941451922379, 40.856221172747425 ], [ -73.796975257886487, 40.856202442566726 ], [ -73.796995544151031, 40.856189665167072 ], [ -73.797036134639271, 40.85615984386115 ], [ -73.797066586080007, 40.856134272137588 ], [ -73.797110581789198, 40.856094204641813 ], [ -73.79713765923016, 40.856067775896953 ], [ -73.797156854818823, 40.856044745308253 ], [ -73.797181698047837, 40.856013186165718 ], [ -73.797203151214816, 40.855987602170423 ], [ -73.797256223119888, 40.855921926166118 ], [ -73.797294610579044, 40.855875869374017 ], [ -73.797327393402583, 40.855823824441423 ], [ -73.797352261106212, 40.855784578714591 ], [ -73.797365809376231, 40.855768375613046 ], [ -73.797388378888954, 40.85574535359374 ], [ -73.797409815182675, 40.855724891550999 ], [ -73.797427855233181, 40.855711255549053 ], [ -73.79747857011823, 40.855680597302765 ], [ -73.797515774380017, 40.855654182661802 ], [ -73.797542838485825, 40.855632022247306 ], [ -73.797578930071424, 40.855601338270006 ], [ -73.797600366257541, 40.855580877028935 ], [ -73.797618423036766, 40.855562117246919 ], [ -73.797643260665197, 40.855532267062109 ], [ -73.797659081832805, 40.855509232305685 ], [ -73.7976715319639, 40.855483629655758 ], [ -73.797677209030368, 40.855466557287755 ], [ -73.797680623307286, 40.855453751907255 ], [ -73.797682917287304, 40.855439233649776 ], [ -73.797682385023251, 40.855429411984012 ], [ -73.797675137072645, 40.855408471708387 ], [ -73.79767403236329, 40.855401636836937 ], [ -73.797673788325952, 40.85538946536014 ], [ -73.797676340627746, 40.855382423408841 ], [ -73.797683114803192, 40.855374319203626 ], [ -73.797689882360928, 40.855368352642031 ], [ -73.797746250522081, 40.855328307533206 ], [ -73.797773306338257, 40.855309564436141 ], [ -73.797785712053866, 40.855299336717025 ], [ -73.797798120258335, 40.855288253586863 ], [ -73.797803764891142, 40.855281432394833 ], [ -73.797808285244386, 40.855274606470225 ], [ -73.797811681310037, 40.855267778573321 ], [ -73.797815079963655, 40.855260098780846 ], [ -73.797823051199003, 40.855227654404636 ], [ -73.79783696601595, 40.855183263737125 ], [ -73.797850247173784, 40.855162788145336 ], [ -73.7978530772764, 40.855156813831016 ], [ -73.797860467875765, 40.855131202369954 ], [ -73.797865050531229, 40.85510387674757 ], [ -73.797864053755532, 40.855061169999949 ], [ -73.797867495047015, 40.855039821652028 ], [ -73.797873190201159, 40.855016770027163 ], [ -73.797883404570584, 40.854986894228446 ], [ -73.797899255468778, 40.854953609084184 ], [ -73.797915097344941, 40.854922888572609 ], [ -73.797933186493893, 40.854893026574771 ], [ -73.797950134283127, 40.85486914001104 ], [ -73.797968196242294, 40.854847817370683 ], [ -73.797986250117049, 40.854829913858246 ], [ -73.797995272558907, 40.854822241239482 ], [ -73.798004289809342, 40.854816276843856 ], [ -73.798015558031139, 40.854810319152172 ], [ -73.798027948219371, 40.85480436250657 ], [ -73.798053847121778, 40.854795867553115 ], [ -73.798079738351831, 40.854789932713409 ], [ -73.798107873876688, 40.854786565529679 ], [ -73.798143880671887, 40.854783212123621 ], [ -73.79817763113347, 40.854782415726298 ], [ -73.798200125019235, 40.854783310605647 ], [ -73.798223736566811, 40.854787622984219 ], [ -73.798249586201138, 40.854795354822414 ], [ -73.798270654419852, 40.854804362871256 ], [ -73.798277670337725, 40.854807362530337 ], [ -73.798307993455282, 40.854824497091542 ], [ -73.798320340792557, 40.854833059947097 ], [ -73.79833156374066, 40.85484162167171 ], [ -73.79835399939968, 40.85486216064416 ], [ -73.798369690830569, 40.854880976905619 ], [ -73.798395465521565, 40.854913480348607 ], [ -73.798443651060538, 40.85497506386637 ], [ -73.798459347828611, 40.854992172810434 ], [ -73.798471687339031, 40.855003298362647 ], [ -73.798488513300171, 40.855019557378156 ], [ -73.798550204457158, 40.855078599891712 ], [ -73.798560449271079, 40.85508513014792 ], [ -73.798571185130982, 40.855084615834933 ], [ -73.798581139228958, 40.855078653951729 ], [ -73.798586222842943, 40.855071828980769 ], [ -73.798590750967449, 40.855062442069787 ], [ -73.798594159873502, 40.855051344885112 ], [ -73.798600984240679, 40.85502658512349 ], [ -73.798612331430121, 40.854994148430755 ], [ -73.798621383489362, 40.85497708007037 ], [ -73.798633812449268, 40.854958312972229 ], [ -73.798659790140164, 40.854924191758137 ], [ -73.798683502782154, 40.854894339465794 ], [ -73.798709479208028, 40.854860219158056 ], [ -73.798739968184378, 40.854821836599974 ], [ -73.798756261173111, 40.854804363580847 ], [ -73.798774955182864, 40.854784315542517 ], [ -73.798808828473796, 40.854742521486706 ], [ -73.798818999552182, 40.85472716505398 ], [ -73.798826920859241, 40.854711804777601 ], [ -73.798839379358839, 40.854683638366474 ], [ -73.798850714665136, 40.854655472587822 ], [ -73.798867744901585, 40.854603399718343 ], [ -73.798883650671257, 40.8545521802981 ], [ -73.798904073081744, 40.854494134064183 ], [ -73.79893806236494, 40.854413904369942 ], [ -73.798964121107019, 40.854352452324584 ], [ -73.798990174749761, 40.854292707660598 ], [ -73.799013951564561, 40.854241501025719 ], [ -73.799042253386489, 40.854182614761832 ], [ -73.799061495592966, 40.854143357929772 ], [ -73.799089767839249, 40.854093868351718 ], [ -73.799113515854486, 40.854052911129706 ], [ -73.799147418308777, 40.854000866697966 ], [ -73.799177933803335, 40.8539530882368 ], [ -73.799194901539522, 40.853922369505547 ], [ -73.799201704923334, 40.853904445280513 ], [ -73.799207400733962, 40.853881392667105 ], [ -73.799213142014082, 40.85384211228704 ], [ -73.79921326839154, 40.853800260235886 ], [ -73.799212225452493, 40.853772925674939 ], [ -73.79920892625708, 40.853748148236917 ], [ -73.799201168748155, 40.8537096997551 ], [ -73.79918891584235, 40.853669534371242 ], [ -73.799173286378817, 40.853630218599562 ], [ -73.79914758404594, 40.85357379925275 ], [ -73.799129686848644, 40.853540456041664 ], [ -73.79910280491741, 40.853501974222127 ], [ -73.799043404500864, 40.853430122928714 ], [ -73.799012040084904, 40.853385653072699 ], [ -73.798987421027576, 40.853342904209882 ], [ -73.798953890663995, 40.853271951553637 ], [ -73.798940460872373, 40.853248866509936 ], [ -73.798924785057039, 40.853224923806046 ], [ -73.798905747103916, 40.853196703268026 ], [ -73.798891178808162, 40.853178740013384 ], [ -73.798851946386748, 40.853132548233781 ], [ -73.798817196565764, 40.853092343459004 ], [ -73.798795888298415, 40.853070954637296 ], [ -73.798765604365187, 40.853041859950743 ], [ -73.798747650634112, 40.853027306314921 ], [ -73.798738666084432, 40.85302216860223 ], [ -73.798730807007402, 40.853017029257536 ], [ -73.798720694150575, 40.853013595130186 ], [ -73.798711703072328, 40.853011015697547 ], [ -73.798702709401113, 40.853009293597978 ], [ -73.798693710562731, 40.853009277881988 ], [ -73.798684710512632, 40.85300926216317 ], [ -73.798672335027646, 40.853010092364485 ], [ -73.798663329805194, 40.853011784868421 ], [ -73.798653760515691, 40.853014117550565 ], [ -73.798637991659916, 40.853021351608199 ], [ -73.798614918938682, 40.853025368009625 ], [ -73.798594666269338, 40.853027039100091 ], [ -73.798546286705232, 40.853029518285823 ], [ -73.798487788844312, 40.853031124264049 ], [ -73.798477661948269, 40.853031961973429 ], [ -73.79842591073897, 40.853034432536013 ], [ -73.79837753485856, 40.853036056160583 ], [ -73.798356165697314, 40.853035164201039 ], [ -73.79832917953, 40.85303170227747 ], [ -73.798307818421264, 40.853027393018507 ], [ -73.798284219070723, 40.853019664207999 ], [ -73.798258381586862, 40.85300851676481 ], [ -73.798238171868192, 40.85299566825443 ], [ -73.798221339912772, 40.852981972834478 ], [ -73.79820563849897, 40.852966571240266 ], [ -73.798191069225723, 40.852948609650802 ], [ -73.798182114466314, 40.852934073522114 ], [ -73.798173172679938, 40.852915264530175 ], [ -73.798166478003196, 40.85289731672556 ], [ -73.79815423734307, 40.852853735698133 ], [ -73.798147573797252, 40.852825535781413 ], [ -73.798138664526533, 40.852795624701564 ], [ -73.798135307514869, 40.852789641300035 ], [ -73.798131950502082, 40.852783657898414 ], [ -73.798122991808739, 40.852770828234931 ], [ -73.798117385097584, 40.852764840892618 ], [ -73.798101677282091, 40.852751572493474 ], [ -73.798091590630222, 40.852739169437122 ], [ -73.798085994301474, 40.852729764722923 ], [ -73.798080419937449, 40.852713526273739 ], [ -73.798077097863981, 40.852696438948186 ], [ -73.798077118615964, 40.852689605127573 ], [ -73.798076089128259, 40.852658000448656 ], [ -73.798077287207363, 40.852634086349426 ], [ -73.798074563746411, 40.852604186936233 ], [ -73.798069557806386, 40.852586241163252 ], [ -73.798061751921097, 40.852564019523051 ], [ -73.798050591645193, 40.85253495990564 ], [ -73.798045005718208, 40.852522137901161 ], [ -73.798037177881199, 40.852506749993985 ], [ -73.798028216809371, 40.852493923832348 ], [ -73.798020374521542, 40.8524836589282 ], [ -73.797995705756549, 40.852457991180067 ], [ -73.797971027899379, 40.852434887142472 ], [ -73.797960942613969, 40.852422058168642 ], [ -73.797950863740539, 40.852407519046253 ], [ -73.797945283032419, 40.852392988812085 ], [ -73.797941954617102, 40.852377607028998 ], [ -73.797940884878457, 40.852359669991294 ], [ -73.797940931598163, 40.852344295043501 ], [ -73.7979455373805, 40.852309283771355 ], [ -73.797948990379794, 40.852283664385922 ], [ -73.79794902930476, 40.852270854077602 ], [ -73.797949086403889, 40.852252062596584 ], [ -73.797944690852347, 40.852217889201448 ], [ -73.797944734974351, 40.852203368826935 ], [ -73.797945895541062, 40.852191414057714 ], [ -73.797953867443312, 40.852158970576944 ], [ -73.797962956828627, 40.852129944685394 ], [ -73.797969787693063, 40.852102625745836 ], [ -73.797969816239515, 40.852093230046272 ], [ -73.797969852572336, 40.852081271549679 ], [ -73.797968188367449, 40.852073581034361 ], [ -73.797964832055712, 40.852067384296824 ], [ -73.797959226072962, 40.852061180855614 ], [ -73.79794519063168, 40.852052615917295 ], [ -73.797930026789416, 40.852046183225525 ], [ -73.797920481629404, 40.852040613119406 ], [ -73.797914594594388, 40.852034410103293 ], [ -73.797910417088843, 40.852021379822965 ], [ -73.797905403734759, 40.85200514142673 ], [ -73.797901488153244, 40.851998408790543 ], [ -73.797886881944208, 40.851992296732888 ], [ -73.797873390473512, 40.851989710262728 ], [ -73.797826166468738, 40.851983648159212 ], [ -73.797809302482193, 40.851980201189107 ], [ -73.797794689723744, 40.851977044531232 ], [ -73.797782897072139, 40.851970759954163 ], [ -73.797768127106721, 40.851957637298035 ], [ -73.797763845473455, 40.851947664904159 ], [ -73.79776331314909, 40.851938267300213 ], [ -73.797792604551006, 40.85192294449719 ], [ -73.797800485583139, 40.851920398272256 ], [ -73.79781568009777, 40.851918288021906 ], [ -73.797891603171195, 40.851919703501324 ], [ -73.797917475013364, 40.85191974886375 ], [ -73.797960221495941, 40.851918970143764 ], [ -73.797969223994713, 40.851918131346665 ], [ -73.79797822788062, 40.851916437052978 ], [ -73.798005241006067, 40.85191050695655 ], [ -73.798016877500572, 40.851906542583102 ], [ -73.798027771479596, 40.851899870120207 ], [ -73.798042437760074, 40.851885801273809 ], [ -73.798048646788203, 40.851878126478184 ], [ -73.798054303917752, 40.851867885142951 ], [ -73.798054908914963, 40.851853366587811 ], [ -73.798053821000835, 40.851841407041064 ], [ -73.798048264878645, 40.851819189254847 ], [ -73.798039341434546, 40.851794402839779 ], [ -73.798022600515353, 40.851750813820416 ], [ -73.798017035415782, 40.851731157991082 ], [ -73.798010366845062, 40.851704669048587 ], [ -73.798005936356333, 40.851681599575443 ], [ -73.798001525245809, 40.851652550854752 ], [ -73.797997141294374, 40.85161496192935 ], [ -73.797998339384804, 40.851591047826581 ], [ -73.798000620186144, 40.851580800576272 ], [ -73.798004014741494, 40.851574401252456 ], [ -73.798011916572989, 40.851564592521868 ], [ -73.798020656774668, 40.851557561484633 ], [ -73.798029385491745, 40.851553947817152 ], [ -73.798041199797083, 40.851552687113674 ], [ -73.79806874737497, 40.851556577755417 ], [ -73.79808843361306, 40.851556185413642 ], [ -73.798108407274171, 40.851553659346578 ], [ -73.79812107514995, 40.851549408731039 ], [ -73.798127835881289, 40.851545150446086 ], [ -73.798134602845593, 40.851540036674614 ], [ -73.798152661128867, 40.851519571242726 ], [ -73.798168479958392, 40.85149653539272 ], [ -73.79817639854295, 40.851482030646274 ], [ -73.798182066156699, 40.851467518276372 ], [ -73.798193444047584, 40.851424833087719 ], [ -73.798199162106272, 40.851394094793797 ], [ -73.79820377547145, 40.851356518865401 ], [ -73.798203798800571, 40.851348831390759 ], [ -73.798198254409229, 40.85132234534565 ], [ -73.798198843654873, 40.85131380428345 ], [ -73.798213066970817, 40.851260017412216 ], [ -73.798231226176412, 40.851207093762149 ], [ -73.798252738380526, 40.851161007160087 ], [ -73.798258407430609, 40.851145643807648 ], [ -73.79826862731872, 40.851114058811284 ], [ -73.79827999076727, 40.851076495697143 ], [ -73.798292492747365, 40.85103381062185 ], [ -73.798304973816144, 40.85099881402941 ], [ -73.798309534064686, 40.850978322273875 ], [ -73.798309598833995, 40.850956967989561 ], [ -73.798307435896589, 40.850928777871829 ], [ -73.798307516207473, 40.85090229983232 ], [ -73.798309819038948, 40.850884366853613 ], [ -73.79831326007394, 40.850863020400823 ], [ -73.798320071159665, 40.850842532499186 ], [ -73.798332523965655, 40.85081607527006 ], [ -73.798343834308298, 40.850795595237699 ], [ -73.798356259702544, 40.850778535465913 ], [ -73.798370936215463, 40.850760624216001 ], [ -73.798388990091908, 40.850742717951803 ], [ -73.798403650934475, 40.85072993313166 ], [ -73.798419428329595, 40.850719711317282 ], [ -73.79844083151616, 40.850709496578617 ], [ -73.79846560726007, 40.850700144987904 ], [ -73.798484744043918, 40.850695055583664 ], [ -73.798524148163992, 40.850684019563083 ], [ -73.798573687934208, 40.850668731952005 ], [ -73.798647989239839, 40.85064836203771 ], [ -73.798662629166387, 40.850643262908001 ], [ -73.798678961946081, 40.850635605677112 ], [ -73.798689297935994, 40.850627081636688 ], [ -73.798692503873042, 40.850620681125967 ], [ -73.798697624620999, 40.850601472574191 ], [ -73.798699956996458, 40.850574142131528 ], [ -73.798701198764064, 40.850535709394343 ], [ -73.798704634648146, 40.850515216493072 ], [ -73.798712570997878, 40.85049472969618 ], [ -73.798715964134502, 40.850488758095857 ], [ -73.798720480269949, 40.85048278670147 ], [ -73.798724997619061, 40.850476814387633 ], [ -73.798731763206973, 40.850471703338208 ], [ -73.798752053874978, 40.850457218228478 ], [ -73.798771208670985, 40.850446146765456 ], [ -73.798821899466247, 40.85042231904572 ], [ -73.798853447167673, 40.850405291674619 ], [ -73.798917652493074, 40.850375509052128 ], [ -73.798969463429501, 40.850353393214846 ], [ -73.799039296000544, 40.850322764924428 ], [ -73.799068577175703, 40.85031085741025 ], [ -73.79914289856373, 40.850283655946072 ], [ -73.799192457166384, 40.850262387062763 ], [ -73.799226255676984, 40.850244510773855 ], [ -73.79925217722689, 40.850227472655348 ], [ -73.799262329462337, 40.850218095506094 ], [ -73.799271356397952, 40.850208714554753 ], [ -73.799288294927763, 40.850186537835661 ], [ -73.799293941403803, 40.850179714646124 ], [ -73.799307475183753, 40.850167777890718 ], [ -73.799322130679883, 40.850156701178008 ], [ -73.799396509589343, 40.850110705470051 ], [ -73.7994348444699, 40.850080878449681 ], [ -73.799463047629757, 40.850053595681615 ], [ -73.799482239567297, 40.850030567440754 ], [ -73.799489021873953, 40.850019476089187 ], [ -73.799493549416681, 40.85001008913418 ], [ -73.799507175833071, 40.849967404120477 ], [ -73.79951626586373, 40.849936670699996 ], [ -73.799519662687516, 40.849929844588559 ], [ -73.799524185070169, 40.849922165773826 ], [ -73.79954280572899, 40.849902126170861 ], [ -73.799551262725558, 40.849894879269563 ], [ -73.799578309568162, 40.849877844791756 ], [ -73.799589584543099, 40.849869322301359 ], [ -73.799616655897026, 40.849843744842588 ], [ -73.799633588928089, 40.849824128197262 ], [ -73.799652803898866, 40.849793413286321 ], [ -73.799701380780149, 40.849723459913861 ], [ -73.799739814153284, 40.849661173652393 ], [ -73.799778260566754, 40.849593763699467 ], [ -73.799794108126832, 40.849560479182379 ], [ -73.79981224750496, 40.849513532761456 ], [ -73.799829270379007, 40.849464022422843 ], [ -73.799839498328922, 40.849429022663479 ], [ -73.799859994098441, 40.849346204546123 ], [ -73.799865699711447, 40.849318883528696 ], [ -73.799872529364166, 40.849292417199699 ], [ -73.799874796938838, 40.849286442773604 ], [ -73.799878191274843, 40.849279614806484 ], [ -73.799887238299647, 40.849264255478523 ], [ -73.79989514490245, 40.849252311476548 ], [ -73.799899672337347, 40.849242924504324 ], [ -73.799911021693887, 40.849209632158555 ], [ -73.799918988347372, 40.84917889767258 ], [ -73.799924706774846, 40.849147304705937 ], [ -73.799928738923654, 40.849115708810366 ], [ -73.799930512423742, 40.849087525465585 ], [ -73.799931717733145, 40.849060195711679 ], [ -73.799930748844886, 40.849008944129949 ], [ -73.799927485736973, 40.8489713562875 ], [ -73.799916457531026, 40.848898734763253 ], [ -73.799914288985079, 40.848871399151662 ], [ -73.799915478626886, 40.848850046812146 ], [ -73.799921181603324, 40.848823580362485 ], [ -73.799932506645845, 40.848797975572474 ], [ -73.799946069502369, 40.848776644710995 ], [ -73.799951715935663, 40.848768967912946 ], [ -73.799958482621889, 40.848763000373538 ], [ -73.799992314773164, 40.848734019925999 ], [ -73.800026142867694, 40.848706744934574 ], [ -73.800049823217577, 40.848686287111796 ], [ -73.800083100906235, 40.848654742862102 ], [ -73.800113039460143, 40.848611231567055 ], [ -73.800122087948125, 40.848594163901858 ], [ -73.800128323313928, 40.848577947776405 ], [ -73.800132325627473, 40.848556601315074 ], [ -73.800134658796168, 40.848528419855192 ], [ -73.800137086697333, 40.848469487479591 ], [ -73.800139539051216, 40.848402014971818 ], [ -73.800141868181598, 40.848375540818722 ], [ -73.800144145970492, 40.848366149849568 ], [ -73.800147544006236, 40.848358469142681 ], [ -73.800165627695009, 40.848329458657517 ], [ -73.80019500028925, 40.848286802607781 ], [ -73.800222107903167, 40.848249266578875 ], [ -73.800242426890648, 40.84822538641788 ], [ -73.800266114447993, 40.848203220325743 ], [ -73.800284158321745, 40.848187876554981 ], [ -73.800306698738723, 40.848172542328612 ], [ -73.800330367061264, 40.848157209215508 ], [ -73.800357409115577, 40.848141027280235 ], [ -73.800384447213261, 40.848127407307729 ], [ -73.800408097587066, 40.84811719885333 ], [ -73.800438505456, 40.848105293776115 ], [ -73.800464396567875, 40.848097651083449 ], [ -73.800493283887988, 40.848091720886231 ], [ -73.800508286444327, 40.848090038619773 ], [ -73.800521787470828, 40.848089210170208 ], [ -73.800544280348504, 40.848090100914803 ], [ -73.800554401338402, 40.848090972086666 ], [ -73.800563394496137, 40.848092696804891 ], [ -73.80058025130532, 40.848097851598389 ], [ -73.80059710299939, 40.848104713696642 ], [ -73.800648769571438, 40.848129573031237 ], [ -73.800676840949365, 40.848145851197565 ], [ -73.800686942817606, 40.84815270077295 ], [ -73.800695920517811, 40.848159550159849 ], [ -73.800713868362166, 40.848175808970474 ], [ -73.800732924775446, 40.848198049983203 ], [ -73.800759823300623, 40.848230554797155 ], [ -73.800768784574885, 40.84824252525901 ], [ -73.800776607424424, 40.84825962121954 ], [ -73.800779954202, 40.848269023678554 ], [ -73.800785512154604, 40.848291240429127 ], [ -73.800787736118963, 40.848299785449626 ], [ -73.800800030177058, 40.848325432069338 ], [ -73.800817953607194, 40.848350233002563 ], [ -73.800831401101135, 40.848366484936847 ], [ -73.800838130504673, 40.848373330427151 ], [ -73.800858322881069, 40.848391300491535 ], [ -73.800879644302725, 40.848408420687022 ], [ -73.800905458633764, 40.848427255870618 ], [ -73.80095259456759, 40.848462357571819 ], [ -73.801059196194075, 40.848547955397088 ], [ -73.801096232876375, 40.848575352087373 ], [ -73.80114000805375, 40.84860617686288 ], [ -73.801147860482232, 40.848613021595938 ], [ -73.801155710350727, 40.848620723577824 ], [ -73.801169152612317, 40.848640392853447 ], [ -73.801176922670734, 40.84865474450865 ], [ -73.801195998153275, 40.848689978067831 ], [ -73.801213888636326, 40.848725882869864 ], [ -73.801227311984036, 40.848750675974522 ], [ -73.801238502306816, 40.84877034052149 ], [ -73.801266505180621, 40.848809679223869 ], [ -73.801285549443762, 40.848835334750426 ], [ -73.801304045483747, 40.848856721878597 ], [ -73.801320308621854, 40.848872124950887 ], [ -73.801370792106496, 40.848916625325849 ], [ -73.801386490634414, 40.84893288107282 ], [ -73.801398823072176, 40.8489465682893 ], [ -73.801417868521654, 40.84897222555302 ], [ -73.801433532817143, 40.848999584386554 ], [ -73.80144247111302, 40.849020100446488 ], [ -73.801453639929278, 40.84904659879524 ], [ -73.801473701291272, 40.849108983641777 ], [ -73.801481524419742, 40.849126080387002 ], [ -73.801506139756484, 40.849169683404874 ], [ -73.801528489024349, 40.849219260793106 ], [ -73.801547479858201, 40.849262855870904 ], [ -73.801559747566259, 40.849297896356369 ], [ -73.801565289231903, 40.849326093238794 ], [ -73.801565261197425, 40.849335488022525 ], [ -73.801570723988334, 40.849389307459226 ], [ -73.80157727395472, 40.849455942743859 ], [ -73.801578312706368, 40.849484983774794 ], [ -73.801574812823404, 40.849526832726582 ], [ -73.80156898943828, 40.849593444952511 ], [ -73.801566667145224, 40.849618209984087 ], [ -73.801559755122696, 40.849672862688692 ], [ -73.801544949940549, 40.849733481922243 ], [ -73.801543772216604, 40.84975141690375 ], [ -73.801543713593276, 40.84977106020758 ], [ -73.801544776603023, 40.84979156361765 ], [ -73.801548085340343, 40.849813775532155 ], [ -73.801554743598317, 40.849844535307703 ], [ -73.801563665652282, 40.849870175112414 ], [ -73.801592696424862, 40.849941973882174 ], [ -73.801616156029695, 40.849996677025388 ], [ -73.801628436647604, 40.850027447392876 ], [ -73.801632900192416, 40.850039413638655 ], [ -73.801647418804194, 40.850074457062327 ], [ -73.801658600721638, 40.850096686119393 ], [ -73.801678747880558, 40.850130030988993 ], [ -73.801705614540396, 40.850173638666021 ], [ -73.801734719566497, 40.850220665818881 ], [ -73.801743665829022, 40.850238189547497 ], [ -73.801757054200124, 40.850274514174579 ], [ -73.801779401360449, 40.85032494883891 ], [ -73.801809573372594, 40.850391622129052 ], [ -73.80183412697086, 40.850456578269188 ], [ -73.801860936771021, 40.850518977394685 ], [ -73.801893364879874, 40.850583947141097 ], [ -73.801959370938988, 40.850704494586445 ], [ -73.801998540510141, 40.850772036854949 ], [ -73.802029889109249, 40.850821631431884 ], [ -73.802062371039966, 40.850867810639258 ], [ -73.802084753125811, 40.850906284895444 ], [ -73.80210825413927, 40.850947323880391 ], [ -73.802130619812189, 40.850990924642154 ], [ -73.802151850911855, 40.851038792658912 ], [ -73.80216192287709, 40.851055892375591 ], [ -73.802174238191441, 40.851075557833873 ], [ -73.80220112599828, 40.851111479664844 ], [ -73.802211208033413, 40.851126016583393 ], [ -73.802247052558599, 40.851176898377453 ], [ -73.802273958281233, 40.851207266011727 ], [ -73.802305345386017, 40.851244047436332 ], [ -73.802338991225525, 40.851277417176824 ], [ -73.802367033886625, 40.851303943441749 ], [ -73.802399568152964, 40.851333039290878 ], [ -73.802426486634033, 40.851359565371425 ], [ -73.802459022391901, 40.851387805708995 ], [ -73.802470249040624, 40.851395513384375 ], [ -73.80248034905604, 40.851403215531441 ], [ -73.802500559104928, 40.851416065141144 ], [ -73.802512911422667, 40.851422919244207 ], [ -73.80252133900558, 40.851426349232632 ], [ -73.802538762670054, 40.851430651049874 ], [ -73.802548881884192, 40.85143152112235 ], [ -73.802590499804055, 40.851432447908934 ], [ -73.802636050026081, 40.851434661898651 ], [ -73.802648978420876, 40.851436817342282 ], [ -73.802668085787218, 40.851442829336541 ], [ -73.802692797852387, 40.851453975626121 ], [ -73.802733223376976, 40.851477106445302 ], [ -73.802774755312328, 40.851507071328484 ], [ -73.802849374003188, 40.851569124175946 ], [ -73.802857766216761, 40.851584087651609 ], [ -73.802863351673622, 40.851597763162403 ], [ -73.802867815548794, 40.851609728437126 ], [ -73.80287339484417, 40.851624257594921 ], [ -73.802880101997317, 40.851638790437725 ], [ -73.802886809378961, 40.85165246686212 ], [ -73.802895753542984, 40.85167127466022 ], [ -73.802905824477051, 40.851689227880925 ], [ -73.802918138808394, 40.851708893255427 ], [ -73.802929341681235, 40.851724287439048 ], [ -73.802940545663105, 40.851739680787112 ], [ -73.802951753499713, 40.851753366743246 ], [ -73.802960721847143, 40.851763205572155 ], [ -73.802975304748159, 40.85177732328841 ], [ -73.802987642000431, 40.851789302016535 ], [ -73.802999980354073, 40.851801281665296 ], [ -73.803012321247962, 40.851812405903857 ], [ -73.803026908182289, 40.851824388472572 ], [ -73.803041501285449, 40.851834661978678 ], [ -73.803052720493099, 40.851844929635455 ], [ -73.803063934741715, 40.851856054619695 ], [ -73.803075151533235, 40.851867177767062 ], [ -73.80308412108063, 40.851877441660825 ], [ -73.803095330281678, 40.851890274866946 ], [ -73.803106544447971, 40.851902251663439 ], [ -73.803117756088838, 40.851915082196335 ], [ -73.803127838761995, 40.851927912554828 ], [ -73.803137928710953, 40.851939886507843 ], [ -73.803146892003937, 40.851951860377198 ], [ -73.803155859044068, 40.851962978836433 ], [ -73.803162572667659, 40.851974948862448 ], [ -73.803169282670652, 40.851987770780894 ], [ -73.803175997509868, 40.8519997417269 ], [ -73.803181586914476, 40.852011707990457 ], [ -73.803186050869257, 40.852023675093463 ], [ -73.803191637854056, 40.85203564143481 ], [ -73.803193853348475, 40.852047603778097 ], [ -73.803198317313331, 40.852059569039113 ], [ -73.803201657046742, 40.852071532464166 ], [ -73.803206123543703, 40.852082643152322 ], [ -73.803210586411453, 40.852094608494689 ], [ -73.803219524460943, 40.852115123483976 ], [ -73.803227347079016, 40.852133073841635 ], [ -73.803235165958412, 40.852151879605422 ], [ -73.803239631259842, 40.852162988533706 ], [ -73.803244097759404, 40.852174101980438 ], [ -73.803250811421933, 40.852186071999562 ], [ -73.803258646907395, 40.852198896671105 ], [ -73.803266482184853, 40.852212575080912 ], [ -73.803274315029739, 40.852226257083814 ], [ -73.803284397575936, 40.852239938407891 ], [ -73.803294485071447, 40.852252767840419 ], [ -73.803305699330309, 40.852264745536893 ], [ -73.803318030466215, 40.852278432536586 ], [ -73.803332614821443, 40.85229212237445 ], [ -73.803346068778055, 40.852306666700038 ], [ -73.803359527690858, 40.852320356539416 ], [ -73.803375232669978, 40.852334903781774 ], [ -73.803405514359739, 40.852365701891188 ], [ -73.803417843005803, 40.852380244372505 ], [ -73.803431305683745, 40.852393080469277 ], [ -73.803443641713159, 40.852405911881618 ], [ -73.803454853708899, 40.852417890479408 ], [ -73.80346606934377, 40.852429011829045 ], [ -73.803473909831254, 40.852440131019335 ], [ -73.803488481631774, 40.852458091945614 ], [ -73.803498559308849, 40.852473485073247 ], [ -73.803509755983953, 40.852491438402446 ], [ -73.80351869801386, 40.852510246060362 ], [ -73.803529897214915, 40.852527348410241 ], [ -73.803537745301995, 40.852535902958628 ], [ -73.803550089050034, 40.852546174404857 ], [ -73.803562439056435, 40.852553881126369 ], [ -73.803584895533746, 40.852568439929541 ], [ -73.803603980918865, 40.852580429168938 ], [ -73.803615210423786, 40.852587282158979 ], [ -73.803628689627729, 40.85259413898077 ], [ -73.803652276841078, 40.85260613688569 ], [ -73.803674738497378, 40.852618132784826 ], [ -73.803696084698757, 40.852627563969676 ], [ -73.803717427379411, 40.852636995227016 ], [ -73.803736513802448, 40.852649841784327 ], [ -73.803748858918468, 40.852659256710716 ], [ -73.803760073325009, 40.852671235282273 ], [ -73.80376341076952, 40.852683197765607 ], [ -73.803767306456265, 40.85269729709789 ], [ -73.803771214743122, 40.852707127248188 ], [ -73.803775680062415, 40.852719094327746 ], [ -73.803781265907162, 40.85273191337474 ], [ -73.803785730128524, 40.852743880451989 ], [ -73.803792441432378, 40.852756702334403 ], [ -73.803800280707009, 40.852768674237531 ], [ -73.803814847625048, 40.852788344266401 ], [ -73.803828294234748, 40.852805448655232 ], [ -73.803845122364535, 40.852820853240416 ], [ -73.803859703214812, 40.852835397582062 ], [ -73.803872038191813, 40.852848230787025 ], [ -73.803885491178576, 40.852863629706739 ], [ -73.803900067006609, 40.852879883187946 ], [ -73.803916891339455, 40.852896139656188 ], [ -73.803931468504317, 40.852912393136911 ], [ -73.803946040529453, 40.852930354840296 ], [ -73.803953884987109, 40.852939763092493 ], [ -73.803961729352977, 40.85295002583819 ], [ -73.80396957250241, 40.852960290420121 ], [ -73.803977414469372, 40.852971405980924 ], [ -73.803985257626437, 40.852981669642993 ], [ -73.803993098175766, 40.852993641533288 ], [ -73.804000936309635, 40.853005611662574 ], [ -73.804009901113389, 40.853017585463462 ], [ -73.804016615002396, 40.853029553679924 ], [ -73.80402445828021, 40.853039818175738 ], [ -73.804032305187064, 40.853049226427828 ], [ -73.804040148368927, 40.853059488244583 ], [ -73.804046869814471, 40.853068895502304 ], [ -73.804053583710143, 40.85308086547289 ], [ -73.804061423077144, 40.853092835516186 ], [ -73.804068136975133, 40.853104806405952 ], [ -73.804071479438264, 40.853115914311232 ], [ -73.804074818273534, 40.853127879464665 ], [ -73.80407703134459, 40.853140693683173 ], [ -73.804081490611082, 40.85315436981039 ], [ -73.804087080278151, 40.853166335191425 ], [ -73.804094914717169, 40.853179160804316 ], [ -73.804107249704771, 40.853192849479939 ], [ -73.804120700195412, 40.853209101019615 ], [ -73.804136404341719, 40.853223647317812 ], [ -73.804154358009825, 40.853239051928973 ], [ -73.804170065695445, 40.853253598227205 ], [ -73.804184643179667, 40.853268144360868 ], [ -73.804214934420472, 40.853296382219639 ], [ -73.804228392616736, 40.853310070028314 ], [ -73.8042452284013, 40.853322911756713 ], [ -73.804259815778607, 40.853334894250068 ], [ -73.804274406996186, 40.853346023007781 ], [ -73.80428787012778, 40.853358003504695 ], [ -73.804299078516948, 40.853371688489922 ], [ -73.804309155114439, 40.853387933442121 ], [ -73.80431810886806, 40.85340332366691 ], [ -73.804325938258941, 40.853418712902254 ], [ -73.804330392466127, 40.853434094567149 ], [ -73.804334832898263, 40.853453746416243 ], [ -73.804339269515566, 40.853475107413118 ], [ -73.804344837839963, 40.853494762932691 ], [ -73.804349280789708, 40.853513561965116 ], [ -73.804354853055301, 40.853531505744904 ], [ -73.804359300835117, 40.853549451128465 ], [ -73.804362628286412, 40.853565685455791 ], [ -73.804363714956793, 40.853578500432327 ], [ -73.804369272039068, 40.853601570642311 ], [ -73.804377088994059, 40.853620374563526 ], [ -73.804383809240932, 40.853630637211388 ], [ -73.804388272314455, 40.85364260242109 ], [ -73.804392739024749, 40.85365456763806 ], [ -73.804396074116838, 40.853667384673358 ], [ -73.804398284859062, 40.853681055213379 ], [ -73.804399363891775, 40.853696432068446 ], [ -73.804401558352652, 40.853715225524702 ], [ -73.804402617396292, 40.853737436282941 ], [ -73.804405932307674, 40.853757939876012 ], [ -73.804410376504023, 40.853776738907243 ], [ -73.804414825730163, 40.853793828792412 ], [ -73.804420407967569, 40.853808358794168 ], [ -73.804433842377748, 40.853829734131985 ], [ -73.80444954413646, 40.853845989452211 ], [ -73.804461871876654, 40.853861385388647 ], [ -73.80447533384671, 40.853874220520716 ], [ -73.804488792095114, 40.85388791105899 ], [ -73.804506743627229, 40.853904168429693 ], [ -73.804520194354964, 40.853920420842194 ], [ -73.804529150632717, 40.853934956476749 ], [ -73.804538093064366, 40.853954615950919 ], [ -73.804541431922516, 40.853966579247505 ], [ -73.804547003055859, 40.853984526527313 ], [ -73.804552585340872, 40.853999055600852 ], [ -73.804558175158576, 40.854011022713706 ], [ -73.804564885520392, 40.854023846387804 ], [ -73.804569337311747, 40.854040082614112 ], [ -73.804576025004323, 40.854061446496196 ], [ -73.804579370099646, 40.854071703409232 ], [ -73.804582708973825, 40.854083665784302 ], [ -73.804586047952114, 40.854095630083322 ], [ -73.804589389141853, 40.854107592462057 ], [ -73.804592731935273, 40.854117847613033 ], [ -73.804597193774356, 40.85413066914559 ], [ -73.804603906581974, 40.854143491899883 ], [ -73.804610615671265, 40.854157169141487 ], [ -73.804617332289084, 40.854168284588589 ], [ -73.804630769258765, 40.854189659906247 ], [ -73.804636365419356, 40.854199065972686 ], [ -73.804647561582712, 40.854217021944507 ], [ -73.804655403700906, 40.85422813745668 ], [ -73.804663245812151, 40.854239255644693 ], [ -73.804669961232861, 40.854250371922831 ], [ -73.804675551102392, 40.854262336351745 ], [ -73.804682266438306, 40.854274308043038 ], [ -73.804690106254185, 40.854285423548809 ], [ -73.804705799246648, 40.8543050971236 ], [ -73.804719242587197, 40.85432390963188 ], [ -73.804730433667117, 40.854343573819449 ], [ -73.804739378717542, 40.854362380460834 ], [ -73.804742724054876, 40.854371780952356 ], [ -73.804747192172641, 40.854382892581079 ], [ -73.804750531089923, 40.854394855872037 ], [ -73.804753866199832, 40.854408528307971 ], [ -73.804756075833666, 40.854422197082258 ], [ -73.80475715496361, 40.854437573094387 ], [ -73.804755973001747, 40.854457218076121 ], [ -73.804753665562757, 40.854476857554801 ], [ -73.804752487406077, 40.854494793389968 ], [ -73.804750184977323, 40.8545127264005 ], [ -73.804750129803708, 40.854531516037788 ], [ -73.804748949136439, 40.854550305608598 ], [ -73.804748903989378, 40.854565680552277 ], [ -73.80474773084859, 40.854581907241482 ], [ -73.804749929157268, 40.854599847039502 ], [ -73.804752123739178, 40.854618643163896 ], [ -73.804753199069921, 40.85463572648176 ], [ -73.804754270679425, 40.854653665207294 ], [ -73.804755335974107, 40.854674166814945 ], [ -73.804757533074678, 40.85469210652672 ], [ -73.804759735190984, 40.854708339016682 ], [ -73.804761944826396, 40.854722010466588 ], [ -73.804764154469837, 40.854735680076281 ], [ -73.804766366624108, 40.85474849427613 ], [ -73.804768581276804, 40.85476045842038 ], [ -73.804770795941849, 40.854772418047979 ], [ -73.80477300809244, 40.854785234925373 ], [ -73.804775217735866, 40.854798905453464 ], [ -73.8047762994984, 40.854813425972395 ], [ -73.804777387260003, 40.854826240945229 ], [ -73.80477847262776, 40.854839909568931 ], [ -73.804779554278667, 40.854854431007617 ], [ -73.804780619589764, 40.854874930774173 ], [ -73.804778324674359, 40.854890302826647 ], [ -73.804774896747332, 40.854908233010136 ], [ -73.804772616878537, 40.854918479468559 ], [ -73.804769209010459, 40.854929576836327 ], [ -73.804766269316488, 40.854938755105628 ], [ -73.804761270196209, 40.854951771341774 ], [ -73.804756733026963, 40.854964575028873 ], [ -73.804753322643791, 40.854976527804475 ], [ -73.804747659975689, 40.854989329584654 ], [ -73.804741999808726, 40.855001279470201 ], [ -73.804734089674554, 40.855014077358639 ], [ -73.804725046710942, 40.855028581645023 ], [ -73.804716006167155, 40.855043085850987 ], [ -73.804708094999881, 40.855055031919697 ], [ -73.804690042868543, 40.855072938325208 ], [ -73.804670882602238, 40.855085717145705 ], [ -73.804659608607551, 40.855094240125645 ], [ -73.804649458894033, 40.855102765011239 ], [ -73.804626915802814, 40.855118100985088 ], [ -73.804617897903611, 40.855124063134589 ], [ -73.80458860936632, 40.855137681190413 ], [ -73.804572841915004, 40.855144486554813 ], [ -73.804558196341375, 40.855152149231934 ], [ -73.804543548343545, 40.855159810983054 ], [ -73.804526651654555, 40.855167470758964 ], [ -73.804507501483556, 40.855176834022906 ], [ -73.804484972196732, 40.855187043453107 ], [ -73.804464705257871, 40.855193843846884 ], [ -73.804448943001944, 40.855198087229233 ], [ -73.804435429117746, 40.855203188164197 ], [ -73.804421914124859, 40.855208290852076 ], [ -73.804407278574928, 40.85521253522041 ], [ -73.804380258433611, 40.855220177797108 ], [ -73.804358869793049, 40.855225267114633 ], [ -73.804339733340484, 40.855229504754881 ], [ -73.804321726309155, 40.855232036076728 ], [ -73.804302593778132, 40.855234565567358 ], [ -73.804284591571616, 40.855236243235382 ], [ -73.804263215486174, 40.855237063270067 ], [ -73.804248588652882, 40.855237892088006 ], [ -73.804233961929555, 40.855238720902975 ], [ -73.804204713509151, 40.85523867122339 ], [ -73.804190090307344, 40.855239500958824 ], [ -73.804175464885219, 40.855239476112345 ], [ -73.804147341852357, 40.855239428330144 ], [ -73.80413384193011, 40.855239405390776 ], [ -73.804119218931547, 40.855239380541278 ], [ -73.804102341097945, 40.855240205513979 ], [ -73.804074215658773, 40.855241012286164 ], [ -73.804047208055252, 40.855244382842052 ], [ -73.804021322328765, 40.855248609876703 ], [ -73.804002189581198, 40.855251992053333 ], [ -73.803986431004773, 40.855255383562664 ], [ -73.803976292565252, 40.855259635523858 ], [ -73.803962773590811, 40.855266446385087 ], [ -73.803949248482425, 40.855274963710485 ], [ -73.803936854904634, 40.85528263105914 ], [ -73.803916566615456, 40.855295409676899 ], [ -73.803905298743487, 40.855302222520699 ], [ -73.803894023402179, 40.855310745423388 ], [ -73.803882745540932, 40.855320121140622 ], [ -73.803872596794776, 40.855328645959354 ], [ -73.803854550622148, 40.855344842169821 ], [ -73.803841012877129, 40.85535763226008 ], [ -73.803828606775582, 40.855368714202008 ], [ -73.803815076584911, 40.855378940573083 ], [ -73.803798186124126, 40.85538489026257 ], [ -73.803783540296948, 40.855392553760908 ], [ -73.803765502949361, 40.85540533526364 ], [ -73.803742948363862, 40.855424088347519 ], [ -73.803731675299488, 40.855432609481724 ], [ -73.803718142555553, 40.855443691333384 ], [ -73.803702353671866, 40.855457328553555 ], [ -73.803689940166649, 40.855470120541796 ], [ -73.803676399636714, 40.855484617921555 ], [ -73.803670744281604, 40.855494858608118 ], [ -73.803665081362624, 40.855507660333942 ], [ -73.80365828779729, 40.855523022023554 ], [ -73.803651495628202, 40.855536678159091 ], [ -73.803646961938199, 40.855548628067538 ], [ -73.80364355254008, 40.855560579891048 ], [ -73.803639013897097, 40.855573385287073 ], [ -73.803631086030165, 40.855591308772709 ], [ -73.803625422884963, 40.855604964989837 ], [ -73.803622006014947, 40.855618623275973 ], [ -73.803620838834718, 40.855633142648891 ], [ -73.803620800994835, 40.855645954875747 ], [ -73.803625256394426, 40.855661338405376 ], [ -73.803628601639616, 40.855670738925717 ], [ -73.803633068449415, 40.855681849674205 ], [ -73.803639781224263, 40.85569467423749 ], [ -73.803645365978454, 40.855708348696105 ], [ -73.803648703454741, 40.855721165752534 ], [ -73.803649776091092, 40.855738250830868 ], [ -73.803646346501239, 40.855757036555907 ], [ -73.80363839339303, 40.855783501079564 ], [ -73.803629306989478, 40.855813381141836 ], [ -73.803629241405517, 40.855835588143222 ], [ -73.803631450854098, 40.855849256850505 ], [ -73.803632541256405, 40.855860362766563 ], [ -73.803636973975969, 40.855883431923509 ], [ -73.803643667905348, 40.855902234893719 ], [ -73.803648135945267, 40.855913345559472 ], [ -73.80365820277504, 40.855932154274349 ], [ -73.803663795114943, 40.855943267774613 ], [ -73.803670510443624, 40.855955237763602 ], [ -73.803679448056712, 40.855975751866666 ], [ -73.803683899555352, 40.855992841777372 ], [ -73.803686126672616, 40.85600053224249 ], [ -73.803690589882819, 40.856012499314531 ], [ -73.803702908979119, 40.856031310857119 ], [ -73.803706257875447, 40.856039857724639 ], [ -73.803714081092082, 40.856057806196993 ], [ -73.803729739017413, 40.856088582056316 ], [ -73.803746518848214, 40.856120214401052 ], [ -73.803754323219152, 40.856144143869152 ], [ -73.80376211882448, 40.856170635295207 ], [ -73.803773277165547, 40.856201402567351 ], [ -73.803783335311991, 40.85622362855765 ], [ -73.8037900355706, 40.856240722375247 ], [ -73.803796737144253, 40.856256961619728 ], [ -73.80380232197254, 40.856270637908246 ], [ -73.803812387595755, 40.856290299342326 ], [ -73.80382134273114, 40.856305688679711 ], [ -73.803831408467687, 40.856325352789938 ], [ -73.803837005911689, 40.85633475721977 ], [ -73.803850425522796, 40.856361258126078 ], [ -73.803856024186004, 40.856370662558305 ], [ -73.803868340870267, 40.856390329573991 ], [ -73.803876183319247, 40.856400591477872 ], [ -73.80388852641822, 40.856411717373746 ], [ -73.803904243659389, 40.856422847165796 ], [ -73.80392331881724, 40.85643911012864 ], [ -73.803941272094903, 40.856454513926138 ], [ -73.803955866355764, 40.856464787224802 ], [ -73.803970473315147, 40.856470792262833 ], [ -73.803988461863341, 40.856474237563361 ], [ -73.804010956305959, 40.856475985885645 ], [ -73.804031198613814, 40.856477728535744 ], [ -73.804142593467887, 40.856469376621739 ], [ -73.804197738792809, 40.85646178280269 ], [ -73.804224744369719, 40.856459265864231 ], [ -73.804244996539097, 40.856458444762545 ], [ -73.804247223732432, 40.856466136136298 ], [ -73.804237067512801, 40.856476370125158 ], [ -73.80422354461281, 40.856484888322576 ], [ -73.804122244379954, 40.856503506782907 ], [ -73.804042363377036, 40.856506787557365 ], [ -73.804029966065201, 40.856514452148119 ], [ -73.804026561714011, 40.856524697597415 ], [ -73.804026523954505, 40.856537508902342 ], [ -73.80402648367108, 40.856551176536783 ], [ -73.804027575255262, 40.856562281445783 ], [ -73.804026410670971, 40.856575944492199 ], [ -73.80402636535544, 40.856591319430088 ], [ -73.804028578725578, 40.856603282662491 ], [ -73.804031916323368, 40.856616098785793 ], [ -73.804035260160859, 40.85662720936385 ], [ -73.804038606611343, 40.856636610793977 ], [ -73.804045308486664, 40.856651996282174 ], [ -73.804048662288992, 40.856659689491032 ], [ -73.804047502738797, 40.856671645232559 ], [ -73.804042964103218, 40.856684448801822 ], [ -73.804035033603455, 40.856704080540759 ], [ -73.804031626827637, 40.85671432330799 ], [ -73.804028218738679, 40.856725422406676 ], [ -73.8040248068327, 40.856738227890752 ], [ -73.804023644753912, 40.85675103904132 ], [ -73.804021331980408, 40.856772388562341 ], [ -73.804021271561581, 40.856792887251629 ], [ -73.804022335452743, 40.856813388856239 ], [ -73.804024529909185, 40.856832183146985 ], [ -73.804026731915698, 40.856848415646141 ], [ -73.804028921337107, 40.856868919080313 ], [ -73.804032242535797, 40.856887714450046 ], [ -73.804034434473422, 40.856907365152303 ], [ -73.804038867499713, 40.85692957887742 ], [ -73.804043319356893, 40.856945815199531 ], [ -73.804047776251736, 40.856960342294059 ], [ -73.804054485508146, 40.856974020481367 ], [ -73.804062310335667, 40.856991117112422 ], [ -73.804072374930556, 40.857010779356912 ], [ -73.804077967430175, 40.857021892918794 ], [ -73.804083557420995, 40.857033859128315 ], [ -73.804089149921964, 40.857044973525902 ], [ -73.804095837763469, 40.857066336503195 ], [ -73.804096930665636, 40.857076589596915 ], [ -73.804102491673575, 40.857098807076106 ], [ -73.80410580937702, 40.857117603273288 ], [ -73.804110249894705, 40.857138109694262 ], [ -73.80411243934968, 40.857158613127105 ], [ -73.804116883695514, 40.857177410400809 ], [ -73.804117976513197, 40.857188517151236 ], [ -73.804121316670688, 40.857200479617639 ], [ -73.804122403245358, 40.857213294589364 ], [ -73.804124614146588, 40.857226108793867 ], [ -73.804126831192619, 40.857238072030569 ], [ -73.804129040878536, 40.857250887989267 ], [ -73.804130126156053, 40.857264554856854 ], [ -73.804134542828564, 40.857292750500015 ], [ -73.804136754946555, 40.857305564706166 ], [ -73.804140090077965, 40.857319237154186 ], [ -73.804143427725293, 40.857332055949101 ], [ -73.804146765381788, 40.857344872068737 ], [ -73.80415122876785, 40.857356838200104 ], [ -73.804155695778533, 40.857367948841343 ], [ -73.804160160270698, 40.857379915057976 ], [ -73.804165750304719, 40.857391881262721 ], [ -73.804170218619873, 40.8574021391697 ], [ -73.80417469056907, 40.857412398002715 ], [ -73.80418027688502, 40.857425217019994 ], [ -73.804184733838213, 40.857439745948156 ], [ -73.804188052586625, 40.85745939855974 ], [ -73.804190238355602, 40.857480753883152 ], [ -73.804191294767065, 40.857503817360062 ], [ -73.804188971958197, 40.857528583328325 ], [ -73.804187773381969, 40.857554205699763 ], [ -73.804184336396077, 40.857574699654023 ], [ -73.804182028676621, 40.857594340868118 ], [ -73.804178595415507, 40.857613980252438 ], [ -73.80417516839789, 40.857631910493936 ], [ -73.804171754042926, 40.857644717817621 ], [ -73.804167188905296, 40.857666917083776 ], [ -73.804169401039303, 40.857679732208545 ], [ -73.804172760046512, 40.857685718109359 ], [ -73.804190716232767, 40.857700268129364 ], [ -73.80420643021364, 40.857712251612661 ], [ -73.804219907999496, 40.857719962931149 ], [ -73.804237879293538, 40.857729388271302 ], [ -73.804255858244829, 40.857736251817656 ], [ -73.804270457861492, 40.857744817771099 ], [ -73.804274934967935, 40.857752513799241 ], [ -73.80427152054115, 40.857766173861251 ], [ -73.804268112443481, 40.857777271208604 ], [ -73.804266922828177, 40.857798623474139 ], [ -73.804266892658617, 40.857808871980062 ], [ -73.804267979175037, 40.857822542361134 ], [ -73.804270186306795, 40.857837065708168 ], [ -73.804272393440499, 40.857851588133762 ], [ -73.804274600572725, 40.857866111396937 ], [ -73.804277932032988, 40.857880638492972 ], [ -73.804280141677467, 40.85789430902441 ], [ -73.804282351235429, 40.857908833211461 ], [ -73.804286788138569, 40.857930192352264 ], [ -73.804287878568942, 40.857941300014282 ], [ -73.804290093252476, 40.857953260564486 ], [ -73.80429227646087, 40.857976325867838 ], [ -73.804294491338794, 40.857987434518755 ], [ -73.804295585303663, 40.857998540346422 ], [ -73.804296673339522, 40.858010499903614 ], [ -73.804295514914827, 40.858022454642843 ], [ -73.804295457086354, 40.85804210160142 ], [ -73.804297684457254, 40.858049790128291 ], [ -73.804298752062664, 40.858069439832505 ], [ -73.804297551213324, 40.858095059606072 ], [ -73.804297458192991, 40.858126663125368 ], [ -73.80430071786796, 40.858165959927014 ], [ -73.804302874846414, 40.858197566429567 ], [ -73.804299426510696, 40.858222329566061 ], [ -73.804298266861124, 40.858234287064342 ], [ -73.804298221617941, 40.858249658400041 ], [ -73.804298168815492, 40.858267597969679 ], [ -73.804298128597452, 40.858281262003544 ], [ -73.804300343288972, 40.858293224309215 ], [ -73.804301427512044, 40.858306892928518 ], [ -73.804301384776664, 40.858321412452639 ], [ -73.80430246507683, 40.858336788376761 ], [ -73.80430354667547, 40.858351311567326 ], [ -73.804305751320058, 40.858366688563891 ], [ -73.804306827892219, 40.858382919978744 ], [ -73.804309028720084, 40.858400006120377 ], [ -73.804312357703438, 40.858415385861747 ], [ -73.804314568586079, 40.858429056477043 ], [ -73.804316773228891, 40.858444435229558 ], [ -73.804318980389496, 40.858458959410399 ], [ -73.804322315711033, 40.85847177551701 ], [ -73.804325662205343, 40.8584820315115 ], [ -73.804334602762026, 40.858501691901843 ], [ -73.804348064344452, 40.858515381529699 ], [ -73.804363784872749, 40.858524803028203 ], [ -73.804379514041699, 40.858531663571952 ], [ -73.804389075760227, 40.858532104869397 ], [ -73.804401435874581, 40.858536824632701 ], [ -73.804404201413703, 40.858553057992026 ], [ -73.804398559730046, 40.858558600863347 ], [ -73.80438728123481, 40.858568403451365 ], [ -73.804371501788097, 40.858578627823441 ], [ -73.80435796851566, 40.858589707986198 ], [ -73.804343311998949, 40.858600786158334 ], [ -73.804330896727819, 40.858614431945647 ], [ -73.804318480153043, 40.858628931301354 ], [ -73.804307184190762, 40.858644286213924 ], [ -73.804301529881045, 40.858654525170039 ], [ -73.804294742553907, 40.858666473112834 ], [ -73.804289076772832, 40.858680982168963 ], [ -73.804283413696382, 40.85869378567557 ], [ -73.804278871151553, 40.8587082974759 ], [ -73.804274326083473, 40.858723665771436 ], [ -73.804272028408917, 40.858739889614675 ], [ -73.804268603873183, 40.858756966203948 ], [ -73.804266303764308, 40.858773192804378 ], [ -73.80426400608782, 40.858789416647326 ], [ -73.80426283015413, 40.858807349791491 ], [ -73.804261654302124, 40.858824431118848 ], [ -73.804261614068352, 40.858838097827814 ], [ -73.80426383008097, 40.858849203803075 ], [ -73.804266047294092, 40.858860313293043 ], [ -73.804270486673715, 40.85888167427516 ], [ -73.804276070613241, 40.858895348777395 ], [ -73.804281654462457, 40.858909878691257 ], [ -73.804283879229573, 40.858918423628651 ], [ -73.804283851574922, 40.858927818481121 ], [ -73.804279311519196, 40.858941479305862 ], [ -73.804279271294149, 40.858955144258175 ], [ -73.804281478463523, 40.858969668438419 ], [ -73.804285930719701, 40.858985049249881 ], [ -73.804289259521184, 40.85900128540591 ], [ -73.804294833528871, 40.859018376352928 ], [ -73.804300418696727, 40.859032050855731 ], [ -73.804311628039812, 40.859045737582697 ], [ -73.804321723187286, 40.859055148615717 ], [ -73.804334066852633, 40.859066275377629 ], [ -73.804348655619066, 40.859078256928129 ], [ -73.804359876245428, 40.859088526285241 ], [ -73.804369981369462, 40.859095375443779 ], [ -73.804382321326969, 40.859107355849815 ], [ -73.804392415298153, 40.859117623291709 ], [ -73.804399147462135, 40.859123612230547 ], [ -73.804415981026096, 40.859137308490723 ], [ -73.804430572138912, 40.859149289114569 ], [ -73.804442912227685, 40.859161269514189 ], [ -73.80445299978868, 40.859174096986692 ], [ -73.804463093670591, 40.859184364422084 ], [ -73.804470680585538, 40.85919304804019 ], [ -73.804474304485126, 40.859197195723269 ], [ -73.804483267696014, 40.859210024046057 ], [ -73.804491097814306, 40.859225411414535 ], [ -73.804497787299852, 40.85924592162835 ], [ -73.804503351220731, 40.859266430767754 ], [ -73.804510043229499, 40.859286085487867 ], [ -73.80451561479984, 40.859304032836285 ], [ -73.804520076779824, 40.859317707177929 ], [ -73.804524531425386, 40.859333088820811 ], [ -73.8045289925047, 40.859345908668551 ], [ -73.80453457774847, 40.859359583074173 ], [ -73.804540159267518, 40.859374113053995 ], [ -73.80454460760393, 40.859392056572162 ], [ -73.804550182807844, 40.859409149347698 ], [ -73.804554631230545, 40.85942624012997 ], [ -73.804565781650624, 40.859460425597106 ], [ -73.804569127025815, 40.859470679740554 ], [ -73.804576937302414, 40.859492047343473 ], [ -73.804581396995246, 40.859505720759607 ], [ -73.804583610484812, 40.859518534954304 ], [ -73.804588070178113, 40.85953220929018 ], [ -73.804591403002433, 40.85954673629125 ], [ -73.804598103468095, 40.859563119537114 ], [ -73.804598053683122, 40.859580059550673 ], [ -73.80460138400845, 40.85959543844627 ], [ -73.804604713118295, 40.859610819096062 ], [ -73.804608038419772, 40.859627907970498 ], [ -73.804611368747103, 40.859643287785772 ], [ -73.804614701587482, 40.859657812945734 ], [ -73.804618033215519, 40.859672338187266 ], [ -73.804622492928658, 40.859686011683827 ], [ -73.804626957768605, 40.859697978631601 ], [ -73.804630301752653, 40.859709088349945 ], [ -73.804636992742005, 40.859728743059321 ], [ -73.804642562971821, 40.859747545809768 ], [ -73.804648130794419, 40.85976634403923 ], [ -73.80465481908314, 40.859787709650426 ], [ -73.804658154443871, 40.859801382077535 ], [ -73.80465924367769, 40.859813341629355 ], [ -73.804660316560572, 40.859831278585084 ], [ -73.804662496239246, 40.859855197523103 ], [ -73.804664701008846, 40.85987057718517 ], [ -73.804668032766102, 40.859885103344979 ], [ -73.804671371745542, 40.859897922122045 ], [ -73.804673576724625, 40.859912443610753 ], [ -73.804673531556489, 40.859927818539873 ], [ -73.804674618082302, 40.859941488995609 ], [ -73.804675681129197, 40.859961988740856 ], [ -73.804677894652116, 40.859974802934033 ], [ -73.804681233829896, 40.859986768890394 ], [ -73.804685687263202, 40.860003004261038 ], [ -73.80468675392369, 40.860022650356569 ], [ -73.804688972465328, 40.86003375808184 ], [ -73.804691158477127, 40.860055114306213 ], [ -73.804692246415698, 40.860067930186965 ], [ -73.804694457434351, 40.860081599787222 ], [ -73.804695545463261, 40.860093560172373 ], [ -73.804697762803045, 40.860104665218849 ], [ -73.804697727670501, 40.860116625541117 ], [ -73.804697690038537, 40.860129436755734 ], [ -73.80469990235575, 40.860142252784868 ], [ -73.804700986496997, 40.860156775051138 ], [ -73.804703196392296, 40.860169590992292 ], [ -73.804704279328035, 40.860184111500047 ], [ -73.804704236679413, 40.860198631020843 ], [ -73.804703063425634, 40.860214858613517 ], [ -73.804701895107641, 40.860230230802628 ], [ -73.804700725575771, 40.86024560290587 ], [ -73.804698427951692, 40.860261827673327 ], [ -73.804696127898112, 40.860278053441718 ], [ -73.804693837713387, 40.860292569990555 ], [ -73.804691546400704, 40.86030623196055 ], [ -73.804688129417741, 40.860320746683776 ], [ -73.804685838105613, 40.860334407734825 ], [ -73.804683550508216, 40.860347217059214 ], [ -73.80468238850041, 40.860360026366827 ], [ -73.804681222765382, 40.860373691165009 ], [ -73.804681180111629, 40.860388210685322 ], [ -73.804680014372209, 40.860401877323554 ], [ -73.804678857381049, 40.860412978408526 ], [ -73.804677685334283, 40.860429204246024 ], [ -73.804678772069948, 40.860442018283841 ], [ -73.804679861318959, 40.860453976914094 ], [ -73.804680959303752, 40.860463374508925 ], [ -73.804684294705481, 40.860477046932338 ], [ -73.804686502013595, 40.860491571184738 ], [ -73.804686456848032, 40.860506946112316 ], [ -73.80468753225469, 40.860524030250687 ], [ -73.804689705738454, 40.860549656569368 ], [ -73.804695254773776, 40.860575290448566 ], [ -73.804699709459328, 40.860591526656634 ], [ -73.804703022376685, 40.860612032051272 ], [ -73.804707452062488, 40.860635955717136 ], [ -73.804709622963557, 40.860663290346508 ], [ -73.804708412069957, 40.860692330071302 ], [ -73.804707203687897, 40.860720514388404 ], [ -73.80470601407967, 40.860742719465044 ], [ -73.80470483701194, 40.860760654361883 ], [ -73.804703661238207, 40.860777736525492 ], [ -73.804701364897269, 40.860793105881882 ], [ -73.804699082222257, 40.860805059634579 ], [ -73.804697920287865, 40.860817017126173 ], [ -73.804696764504087, 40.860828118296325 ], [ -73.804696714327989, 40.860845199688974 ], [ -73.80469666665698, 40.860861428268024 ], [ -73.804693229654532, 40.86088192306179 ], [ -73.804692046273999, 40.860902418077231 ], [ -73.804693106713103, 40.86092377506759 ], [ -73.804693071589867, 40.860935731791614 ], [ -73.804693028938317, 40.860950251310477 ], [ -73.804691863110264, 40.860964770682642 ], [ -73.80469069615647, 40.860978435477428 ], [ -73.804690656012298, 40.860992101259953 ], [ -73.804688365889163, 40.861005762395237 ], [ -73.80468607446042, 40.861020280780131 ], [ -73.804681533140439, 40.861033938935826 ], [ -73.80467699554346, 40.861046741687183 ], [ -73.804673588549321, 40.861057841718541 ], [ -73.804671305840984, 40.861068940057017 ], [ -73.804669023229891, 40.861080041994754 ], [ -73.804667858701208, 40.861093704031624 ], [ -73.804670066213845, 40.861107376384091 ], [ -73.804677916674734, 40.861115930006726 ], [ -73.804691386390914, 40.861127054953442 ], [ -73.804708235577792, 40.861135625576729 ], [ -73.804721729169245, 40.861138212164022 ], [ -73.804732972974904, 40.861139939443191 ], [ -73.804752080896975, 40.861145950242403 ], [ -73.804763309656238, 40.861152802186773 ], [ -73.804775648777195, 40.861165634359523 ], [ -73.804791352241381, 40.861181889694976 ], [ -73.804801437744359, 40.861194719889923 ], [ -73.804807015783169, 40.861210957992917 ], [ -73.80480809362777, 40.861227188559241 ], [ -73.804805806028838, 40.861239995961434 ], [ -73.804803512310372, 40.861254511666381 ], [ -73.804801204533092, 40.861274153799968 ], [ -73.804804529969971, 40.861291242663739 ], [ -73.804808992447505, 40.86130406157956 ], [ -73.804817934738708, 40.861323721841075 ], [ -73.804823526436053, 40.861335688091543 ], [ -73.804829108184379, 40.861350217968614 ], [ -73.804833563039097, 40.861365599676525 ], [ -73.804836897301172, 40.861379273012695 ], [ -73.804841358385929, 40.861392946415009 ], [ -73.804845814545558, 40.861407472629061 ], [ -73.804849162559464, 40.861416875868734 ], [ -73.804865983083445, 40.861435694971625 ], [ -73.804874952983837, 40.861445959543545 ], [ -73.80488279849105, 40.861456223131633 ], [ -73.804889522202615, 40.861464775668338 ], [ -73.804901842754049, 40.861483588069177 ], [ -73.804913046331663, 40.861499835687155 ], [ -73.804926507512661, 40.861512669826872 ], [ -73.804938861766956, 40.861520377313539 ], [ -73.804960225016444, 40.86152382992433 ], [ -73.804988335672476, 40.861529003096955 ], [ -73.80501306804382, 40.861535876102494 ], [ -73.805023172344846, 40.861543155623657 ], [ -73.805025396043447, 40.861552127452796 ], [ -73.805021974143386, 40.861567494825827 ], [ -73.805011787130198, 40.861588830107856 ], [ -73.805006128949799, 40.861599927261324 ], [ -73.80499934889059, 40.861610164258423 ], [ -73.804993700737441, 40.86161784136781 ], [ -73.804986920557042, 40.861628080205399 ], [ -73.804976758571769, 40.861640876128433 ], [ -73.804972213470165, 40.86165624251958 ], [ -73.804975552715391, 40.861669058606296 ], [ -73.804983388327713, 40.861681884139948 ], [ -73.804997978994507, 40.861693866441364 ], [ -73.805005840874372, 40.861698150779795 ], [ -73.80501820268816, 40.861703295463187 ], [ -73.805029450199285, 40.861704169982922 ], [ -73.805049711468286, 40.861700786868013 ], [ -73.80506209851545, 40.861696537698556 ], [ -73.80507674546817, 40.86168887588672 ], [ -73.80509138752474, 40.861682921292804 ], [ -73.805104886063376, 40.861684652346518 ], [ -73.805122859957592, 40.861693223053294 ], [ -73.805138581155873, 40.861703499017473 ], [ -73.805155415638126, 40.861717194326275 ], [ -73.805175629344575, 40.861730041606179 ], [ -73.805186859540967, 40.861736038014136 ], [ -73.805205961373503, 40.861744613291862 ], [ -73.805228447633283, 40.861749774224641 ], [ -73.805245328389915, 40.861748096271803 ], [ -73.805259962827336, 40.861744704533372 ], [ -73.805268981574073, 40.861738740499419 ], [ -73.805274644906859, 40.861725083296406 ], [ -73.805279191045059, 40.861709716812925 ], [ -73.805285982439941, 40.86169563560658 ], [ -73.805313032475041, 40.861679023970744 ], [ -73.805350198250878, 40.861665421722378 ], [ -73.805373841389837, 40.861659482373959 ], [ -73.805383970903421, 40.861657792165595 ], [ -73.805394106526137, 40.861654390974522 ], [ -73.805408738434195, 40.861651853788253 ], [ -73.805418862759012, 40.861652726291545 ], [ -73.80543458789333, 40.861661293153844 ], [ -73.805449172310745, 40.861674985458279 ], [ -73.805454772934766, 40.861683535147364 ], [ -73.805459232954902, 40.861697208606799 ], [ -73.805463690476643, 40.861711736554675 ], [ -73.80547150861716, 40.861731395870443 ], [ -73.805477100651785, 40.861742507429668 ], [ -73.805481570670835, 40.861752766200205 ], [ -73.805490521931517, 40.861769862779312 ], [ -73.805497230684651, 40.861784394524328 ], [ -73.805507316417675, 40.861797223818648 ], [ -73.805521907204209, 40.861809206054872 ], [ -73.805545505409441, 40.861818641595789 ], [ -73.805564618595895, 40.861822943953932 ], [ -73.805576993145948, 40.861822964825869 ], [ -73.805591630004002, 40.861819573969541 ], [ -73.8056096425574, 40.861815332388581 ], [ -73.805626537100849, 40.861808527032508 ], [ -73.805643443934372, 40.861798307073748 ], [ -73.805662608336021, 40.861784673450977 ], [ -73.805679531534778, 40.861768473324823 ], [ -73.805691948398334, 40.861753974667067 ], [ -73.805702106483039, 40.861742886906754 ], [ -73.805714517168127, 40.861730951127086 ], [ -73.805720184002283, 40.86171644108925 ], [ -73.805722473945693, 40.861702777258735 ], [ -73.805722503895097, 40.861692527923132 ], [ -73.805723670722713, 40.861678008544409 ], [ -73.805732701890591, 40.861667776133793 ], [ -73.805740622430932, 40.861652413561217 ], [ -73.805750779274987, 40.861641327550728 ], [ -73.805764308061427, 40.861631953696673 ], [ -73.805776714900418, 40.861620871558905 ], [ -73.805793631720448, 40.861606378715415 ], [ -73.805804920463359, 40.861593587296561 ], [ -73.805813959095104, 40.861580791164705 ], [ -73.805827515262081, 40.8615611670416 ], [ -73.805835424498653, 40.861550078241343 ], [ -73.80584333252807, 40.861538987514592 ], [ -73.805853490733995, 40.861527046085541 ], [ -73.805861396257654, 40.861516810932457 ], [ -73.805872696125107, 40.861499747567557 ], [ -73.805882874087843, 40.861481827819311 ], [ -73.805890804548469, 40.861463047870039 ], [ -73.80589759564603, 40.861449393371373 ], [ -73.805903263806812, 40.861434029672147 ], [ -73.805907808499398, 40.861419516898678 ], [ -73.805914597276342, 40.861405861558673 ], [ -73.805921378456716, 40.861394769849092 ], [ -73.805929278972371, 40.86138624199463 ], [ -73.805940562563364, 40.86137515610762 ], [ -73.805947351330758, 40.861361500765575 ], [ -73.805954155971463, 40.861343575248121 ], [ -73.805964340258313, 40.861323095373308 ], [ -73.805968872651292, 40.861311997282733 ], [ -73.805975671262004, 40.861294926330416 ], [ -73.805982478488701, 40.861276148080194 ], [ -73.805992662654006, 40.861255665524716 ], [ -73.805997195032774, 40.861244569105487 ], [ -73.806004008517561, 40.861223226301931 ], [ -73.806006290902602, 40.86121212709952 ], [ -73.806009723807904, 40.861192487673215 ], [ -73.806012026303094, 40.861173701839867 ], [ -73.806010967821123, 40.861151490291071 ], [ -73.806011007691581, 40.86113782534337 ], [ -73.806009920683394, 40.861125012239668 ], [ -73.806008825170593, 40.861113906432266 ], [ -73.806007745642802, 40.86109853044983 ], [ -73.806008899938661, 40.861088281163831 ], [ -73.806010062735496, 40.861076326421582 ], [ -73.806007845331962, 40.861064364150636 ], [ -73.806006769400213, 40.861048133597393 ], [ -73.80600682422677, 40.861029343062242 ], [ -73.806006869079525, 40.861013970811953 ], [ -73.806010292008651, 40.860997746993419 ], [ -73.806010346836629, 40.860978955620489 ], [ -73.806005896904978, 40.860961009401692 ], [ -73.806001454260311, 40.860941359480712 ], [ -73.806000392078445, 40.860920002501402 ], [ -73.806000429457427, 40.860907192124401 ], [ -73.805994903607214, 40.860873015352425 ], [ -73.805991569122597, 40.86085934480996 ], [ -73.805988230941153, 40.860846526911367 ], [ -73.805984890262621, 40.860834564589048 ], [ -73.805981549588225, 40.860822601262761 ], [ -73.805978210131045, 40.860810637102091 ], [ -73.805974861985305, 40.860801234812911 ], [ -73.805968155649751, 40.860786704018565 ], [ -73.805964807506655, 40.860777301729044 ], [ -73.805956970484075, 40.860764478097856 ], [ -73.805945745551611, 40.860755918043559 ], [ -73.805933392536446, 40.86074821058326 ], [ -73.805925540750749, 40.860739655285727 ], [ -73.805919963797791, 40.860723418157697 ], [ -73.80591551622372, 40.860705471018413 ], [ -73.805908826148624, 40.860684962733409 ], [ -73.805905483005816, 40.86067385221952 ], [ -73.805902143452613, 40.860661889812533 ], [ -73.80589655654326, 40.860649067287987 ], [ -73.805892090304269, 40.860637102147109 ], [ -73.805887621500915, 40.860626846070247 ], [ -73.805883145298381, 40.860618294613793 ], [ -73.805877574633996, 40.86059949560628 ], [ -73.805877607051656, 40.86058839253235 ], [ -73.805875409456689, 40.860570451941662 ], [ -73.805870970591769, 40.860549944683555 ], [ -73.805867657388589, 40.860528584829254 ], [ -73.805864314255388, 40.860517476070235 ], [ -73.805861194658178, 40.86050694794681 ], [ -73.805858743607473, 40.860498676142733 ], [ -73.805853165300107, 40.86048329258012 ], [ -73.80584645033565, 40.860471321808184 ], [ -73.805830724327947, 40.860462755082168 ], [ -73.805817207091707, 40.86046871158311 ], [ -73.805807049115913, 40.860479797515801 ], [ -73.80579689253112, 40.86049002895686 ], [ -73.805785049298862, 40.86050111480855 ], [ -73.80576422624965, 40.860504495265978 ], [ -73.805751858216837, 40.860501913458464 ], [ -73.805735009056065, 40.860493342985301 ], [ -73.805719293044504, 40.860481357873887 ], [ -73.805710323037985, 40.860471092445607 ], [ -73.805704726192403, 40.860461688199166 ], [ -73.805701389367314, 40.860448016638124 ], [ -73.805698053684182, 40.86043519881936 ], [ -73.80569472178199, 40.860420673610925 ], [ -73.805690260586957, 40.860407000239221 ], [ -73.80568469499093, 40.860386491157712 ], [ -73.805681353111723, 40.860375381475102 ], [ -73.805676913102417, 40.860354876048248 ], [ -73.805676975511702, 40.860333522798236 ], [ -73.805677007967844, 40.860322417967474 ], [ -73.805675920928991, 40.860309604774834 ], [ -73.805675953382618, 40.86029850086409 ], [ -73.805674877836921, 40.860281415814285 ], [ -73.80567155223126, 40.860264326051109 ], [ -73.80566599274664, 40.860242109585059 ], [ -73.805661529071912, 40.860229290698094 ], [ -73.805657059124826, 40.860219032853145 ], [ -73.805653718537386, 40.860207070519934 ], [ -73.805652636613871, 40.860192547262926 ], [ -73.805652676557159, 40.860178882396838 ], [ -73.80565271400539, 40.86016607109952 ], [ -73.805652751461437, 40.860153257124438 ], [ -73.80565391078072, 40.860141302377869 ], [ -73.805653943240642, 40.860130197546738 ], [ -73.805653998166164, 40.860111407007416 ], [ -73.80565405309143, 40.860092616551817 ], [ -73.80565185307546, 40.860075530442913 ], [ -73.805649646781873, 40.860061006293684 ], [ -73.805648572347593, 40.860043922082376 ], [ -73.805646387317267, 40.860021710466285 ], [ -73.805645296695772, 40.860009749164441 ], [ -73.805644208561247, 40.859996937809079 ], [ -73.805643116656015, 40.859985831081879 ], [ -73.805643144124161, 40.859976434474419 ], [ -73.805643189065663, 40.859961060381281 ], [ -73.805643224014844, 40.859949104574923 ], [ -73.805644400816064, 40.859931168745824 ], [ -73.805646686924206, 40.859919215814955 ], [ -73.80565009618843, 40.85990726302132 ], [ -73.805655752900066, 40.85989616767101 ], [ -73.8056625451716, 40.859881658693958 ], [ -73.805673843527316, 40.859865448995563 ], [ -73.805682870865382, 40.8598560684799 ], [ -73.805694140538819, 40.859849255470159 ], [ -73.805709915086794, 40.859840740901234 ], [ -73.805724561489825, 40.859833931739871 ], [ -73.805742577382773, 40.859827983668282 ], [ -73.805762839436085, 40.859823746772371 ], [ -73.805777475847236, 40.859820354971106 ], [ -73.805792107337027, 40.859817817736591 ], [ -73.805808987489115, 40.859816136102573 ], [ -73.8058281164692, 40.859814461935848 ], [ -73.80584837583811, 40.859811933252836 ], [ -73.805868627901759, 40.859811113706478 ], [ -73.805887756776642, 40.859809436768174 ], [ -73.805904636916111, 40.859807757881669 ], [ -73.805922641530685, 40.859806080802173 ], [ -73.805944027753682, 40.859802698587714 ], [ -73.805969916518166, 40.859797618309898 ], [ -73.805993556446694, 40.859792532483659 ], [ -73.806017193985966, 40.859788302145589 ], [ -73.806036331533392, 40.859784064230631 ], [ -73.806054339915349, 40.859780676228041 ], [ -73.806075732311584, 40.859775588444847 ], [ -73.806097116088182, 40.859772207954293 ], [ -73.806112874454925, 40.859769671653325 ], [ -73.806127505921012, 40.859767134291182 ], [ -73.806147765439647, 40.859763751900324 ], [ -73.806164653037513, 40.859759508423892 ], [ -73.806187167360534, 40.859754421502814 ], [ -73.806201811202087, 40.859748467772242 ], [ -73.80622321499078, 40.859738253444668 ], [ -73.806241241981226, 40.859728888850249 ], [ -73.806257010174562, 40.859722937003909 ], [ -73.806270532199804, 40.859715271306435 ], [ -73.806282932342683, 40.859706750987826 ], [ -73.806295338670225, 40.859696523283425 ], [ -73.806303235409203, 40.8596879953935 ], [ -73.806314526115273, 40.859674346672243 ], [ -73.8063224313494, 40.859664111484143 ], [ -73.806332590279226, 40.859652171767088 ], [ -73.806343887336183, 40.859635960244141 ], [ -73.806352945498915, 40.859616331172937 ], [ -73.806358629432708, 40.859595840100603 ], [ -73.806365443838303, 40.859574499946547 ], [ -73.806363406660751, 40.859565384393576 ], [ -73.806370014624861, 40.859549737720656 ], [ -73.806372298173542, 40.859537782094051 ], [ -73.806376851476713, 40.859519854604649 ], [ -73.806384768022298, 40.859505346551515 ], [ -73.806398323527603, 40.859486578769683 ], [ -73.806408483636318, 40.859474636371132 ], [ -73.806416380161608, 40.859466962966003 ], [ -73.806424270430909, 40.859461853361843 ], [ -73.806442299810996, 40.859451632406383 ], [ -73.80646030541952, 40.859449954407111 ], [ -73.806478302356922, 40.859450838278583 ], [ -73.806495171343158, 40.859452576670847 ], [ -73.806512043925778, 40.859453458649561 ], [ -73.806535655248112, 40.859457768399871 ], [ -73.806554764056401, 40.859463780661947 ], [ -73.806580614106139, 40.859472364279377 ], [ -73.806595225616192, 40.859476658079288 ], [ -73.806621066833017, 40.859488660898059 ], [ -73.806634539197546, 40.859498077393063 ], [ -73.806649137019747, 40.859507498534533 ], [ -73.806663729878849, 40.859518627899632 ], [ -73.806676071716609, 40.859529751728566 ], [ -73.806688413446679, 40.859540875473527 ], [ -73.806701879475852, 40.859552857519574 ], [ -73.806714781020986, 40.859564836859818 ], [ -73.806724319310916, 40.85957339401191 ], [ -73.806742264090715, 40.859593069224253 ], [ -73.806754603361327, 40.859605047617222 ], [ -73.806765817172902, 40.859617024038393 ], [ -73.806777030815709, 40.859629855955184 ], [ -73.806784868964243, 40.859642679535085 ], [ -73.806793825289006, 40.859657216817617 ], [ -73.806803910895425, 40.859670898740106 ], [ -73.806812866074338, 40.859686288754617 ], [ -73.806819574798354, 40.859700819590344 ], [ -73.806826287495682, 40.859713642118741 ], [ -73.806831880680505, 40.859724756378327 ], [ -73.806837444095677, 40.859746118220734 ], [ -73.806841911713079, 40.859757229673491 ], [ -73.806845250065081, 40.85976919297309 ], [ -73.806853080791441, 40.859784581101266 ], [ -73.806858681435813, 40.859793131643819 ], [ -73.806871013426473, 40.859807673655958 ], [ -73.806886164852969, 40.859820083574348 ], [ -73.80690471165174, 40.859825665246433 ], [ -73.806920443982577, 40.859831670871067 ], [ -73.806935050572108, 40.859838529183648 ], [ -73.806955293980323, 40.859840271318681 ], [ -73.806971075640035, 40.859830047438294 ], [ -73.806981217290556, 40.859823231493948 ], [ -73.806994737981142, 40.859816421206553 ], [ -73.807012742571274, 40.859814743119351 ], [ -73.807031866401346, 40.859815629712315 ], [ -73.807049865924384, 40.859815659843235 ], [ -73.807070127893283, 40.85981142179763 ], [ -73.807093751768065, 40.859811461335219 ], [ -73.807116248635879, 40.859813208134575 ], [ -73.807142101258052, 40.859820937974192 ], [ -73.807158953023119, 40.859828652750245 ], [ -73.807203872688888, 40.859856061520723 ], [ -73.80722183380982, 40.859869757414408 ], [ -73.807231923223384, 40.859882585648343 ], [ -73.807244272540842, 40.859891147457724 ], [ -73.807257745071581, 40.8599005657208 ], [ -73.807268971240163, 40.859909125733246 ], [ -73.807282423856989, 40.85992537872707 ], [ -73.807293652676222, 40.85993222858523 ], [ -73.80731611867364, 40.85994422468417 ], [ -73.807340859377149, 40.859947682500049 ], [ -73.807356606627039, 40.859948562557896 ], [ -73.807373475656831, 40.859950299817612 ], [ -73.807386970325922, 40.85995288517563 ], [ -73.807400461474217, 40.859955468768526 ], [ -73.807418468453307, 40.859952937804124 ], [ -73.807440996435631, 40.859943579704932 ], [ -73.807456769570422, 40.859935064895247 ], [ -73.807473670706841, 40.859926551047359 ], [ -73.807495638988755, 40.85991591059868 ], [ -73.807509099826916, 40.85990958972382 ], [ -73.807516479095284, 40.859906124596471 ], [ -73.807532257110765, 40.859896755207721 ], [ -73.80754691086797, 40.859887383019675 ], [ -73.807561559653891, 40.85987801349922 ], [ -73.807577345029117, 40.859866934045343 ], [ -73.807590878180065, 40.859854999934605 ], [ -73.807604414902514, 40.859842211168875 ], [ -73.807616826160157, 40.859829417845383 ], [ -73.807628114141764, 40.859816626327522 ], [ -73.807638276549795, 40.859803830168637 ], [ -73.807651818198153, 40.859789331332941 ], [ -73.807665357359596, 40.859775690748663 ], [ -73.807678899108126, 40.85976119199367 ], [ -73.807692444418706, 40.859745840507564 ], [ -73.807705984831586, 40.859731341663327 ], [ -73.807719521616818, 40.859718552967742 ], [ -73.807733061969557, 40.859704909699616 ], [ -73.807744347492871, 40.859692114485775 ], [ -73.807754511063607, 40.859679320994807 ], [ -73.807763542916831, 40.859668230251451 ], [ -73.807772569921184, 40.859658853168384 ], [ -73.807784999498622, 40.859640081506839 ], [ -73.80779743647247, 40.859618748804579 ], [ -73.807806468300583, 40.859607660819243 ], [ -73.807815494096275, 40.859598278292751 ], [ -73.807822269791103, 40.859589749351265 ], [ -73.807838076096445, 40.859570131414344 ], [ -73.807856131068874, 40.85955136995905 ], [ -73.807871911424115, 40.859541145115429 ], [ -73.807886560155382, 40.859532629208751 ], [ -73.807902329416464, 40.859525821642379 ], [ -73.80791585488555, 40.859517303022415 ], [ -73.807927130423977, 40.859508780569321 ], [ -73.807936163579953, 40.859496838919036 ], [ -73.807942954098806, 40.85948233064088 ], [ -73.807946367822623, 40.859469522289494 ], [ -73.807948648608701, 40.859458423963176 ], [ -73.807949801317889, 40.859449030065868 ], [ -73.807949855599105, 40.859430237765366 ], [ -73.807946520784881, 40.859416567275829 ], [ -73.807939808056958, 40.859402890152772 ], [ -73.807929733296078, 40.859386645624205 ], [ -73.807925272973009, 40.859372115921339 ], [ -73.807919673438093, 40.859363566268243 ], [ -73.807899442535131, 40.859356698706648 ], [ -73.80788931601532, 40.859357534649085 ], [ -73.807866798270808, 40.859363478146172 ], [ -73.807849905837514, 40.859369429259871 ], [ -73.807830767272009, 40.859374520293187 ], [ -73.807805995757718, 40.859382167415887 ], [ -73.807793608212009, 40.859386418720135 ], [ -73.807769959794854, 40.859394919523233 ], [ -73.807746295449263, 40.859408545911194 ], [ -73.807733894334788, 40.859417067389387 ], [ -73.807721498000333, 40.859424734214855 ], [ -73.807709098091735, 40.8594332556099 ], [ -73.807697825015154, 40.859440921628845 ], [ -73.807686551881829, 40.859449444901252 ], [ -73.807676400521174, 40.859458824618564 ], [ -73.807665117555246, 40.85946990708274 ], [ -73.807653839514501, 40.859479285755675 ], [ -73.807643687048255, 40.859488663711844 ], [ -73.807630147935711, 40.859502306051972 ], [ -73.807618859844695, 40.859515954070027 ], [ -73.807605314561329, 40.859531306468185 ], [ -73.807592898529407, 40.859545806174083 ], [ -73.807586118963002, 40.859556044332017 ], [ -73.807575393303253, 40.859568838625187 ], [ -73.807565806565478, 40.859577363780794 ], [ -73.8075545420716, 40.859582469669618 ], [ -73.807539914428403, 40.859583300742962 ], [ -73.807528666031203, 40.859582426465693 ], [ -73.807513504512031, 40.859573859990199 ], [ -73.807514651718577, 40.859566388736695 ], [ -73.807509100060727, 40.859555396805021 ], [ -73.80750849934094, 40.859554207343429 ], [ -73.807502913477876, 40.859540529484278 ], [ -73.807500701896473, 40.859526861692771 ], [ -73.807500756304918, 40.859508069310301 ], [ -73.807499686346745, 40.859489277894063 ], [ -73.807500867587407, 40.859469632901437 ], [ -73.807503180544188, 40.859448285080255 ], [ -73.80750433953061, 40.859436326715702 ], [ -73.807505502185364, 40.859423519135817 ], [ -73.807505534335661, 40.859412414302668 ], [ -73.807506720508371, 40.859391064683273 ], [ -73.80750675266377, 40.85937995800861 ], [ -73.80750680211419, 40.859362877530202 ], [ -73.807509100238107, 40.859346651786012 ], [ -73.80751928979484, 40.859324460783874 ], [ -73.807523824255512, 40.859312511653187 ], [ -73.807528359980139, 40.859299706107286 ], [ -73.807532897019158, 40.85928690324117 ], [ -73.80753856198875, 40.859273246844843 ], [ -73.807544218331302, 40.859262151401879 ], [ -73.807548747798577, 40.859252762309744 ], [ -73.807557788295327, 40.859238257808776 ], [ -73.8075690725057, 40.859226319861001 ], [ -73.807579223686162, 40.85921779472816 ], [ -73.807593867441852, 40.859210987164921 ], [ -73.807606258698812, 40.859205027655662 ], [ -73.807618664884103, 40.859193946152644 ], [ -73.807619452888659, 40.859193052986143 ], [ -73.807627695320335, 40.859183710912404 ], [ -73.807631094415427, 40.85917517542488 ], [ -73.807630007131507, 40.859162361411819 ], [ -73.807621053046063, 40.859146971377541 ], [ -73.807614330522142, 40.859136711686112 ], [ -73.80760536420209, 40.859125590913273 ], [ -73.807595268624297, 40.859115326428288 ], [ -73.807582930559505, 40.859102491792896 ], [ -73.807570589909602, 40.859090514489075 ], [ -73.807559363841094, 40.859081953668429 ], [ -73.807545902646666, 40.859069118910305 ], [ -73.807535802149602, 40.859060559966629 ], [ -73.807521219019719, 40.859046016104777 ], [ -73.807515643081544, 40.859028924391595 ], [ -73.807512309588802, 40.859015253805502 ], [ -73.807506721295439, 40.859002431354419 ], [ -73.80750113300158, 40.858989609821812 ], [ -73.807497783469799, 40.858981062148665 ], [ -73.80749330590055, 40.858973368087263 ], [ -73.807484358077247, 40.858955417084005 ], [ -73.807473179029543, 40.858930629426609 ], [ -73.807461997522523, 40.858906694499439 ], [ -73.807449690415879, 40.858883610508883 ], [ -73.807436262589221, 40.858858819091033 ], [ -73.807423954285866, 40.858835736016864 ], [ -73.807415014028891, 40.858815223132027 ], [ -73.807408308840039, 40.858799838678948 ], [ -73.807406103473028, 40.858784459064928 ], [ -73.807407290883361, 40.858763107689853 ], [ -73.807410709670421, 40.858747737472676 ], [ -73.807413012736689, 40.858729806181962 ], [ -73.807411941606929, 40.858711013756476 ], [ -73.807411971297213, 40.858700763493566 ], [ -73.80741088037442, 40.85868880404697 ], [ -73.807410917485697, 40.858675991825557 ], [ -73.807412102418979, 40.858655495020329 ], [ -73.807413277459588, 40.858638412740056 ], [ -73.807415553359249, 40.858629021725775 ], [ -73.807417835419599, 40.858617922490268 ], [ -73.807423521415231, 40.85859657670504 ], [ -73.807431451085208, 40.858577801157999 ], [ -73.807435976990561, 40.858568412982031 ], [ -73.807441635715634, 40.858557317546747 ], [ -73.807451820221686, 40.858536836612096 ], [ -73.8074563521767, 40.858525738373743 ], [ -73.807463135277871, 40.85851379299995 ], [ -73.807469919596414, 40.85850184486624 ], [ -73.807477828191779, 40.858490757704907 ], [ -73.807486857455373, 40.858480521552494 ], [ -73.807498515965548, 40.85846915336748 ], [ -73.807507165970463, 40.858460055680702 ], [ -73.807519574351659, 40.858448972433038 ], [ -73.807530852278973, 40.858438741872199 ], [ -73.807545504498137, 40.858429371437488 ], [ -73.807559031053216, 40.858419998283999 ], [ -73.807571428320571, 40.858412331476444 ], [ -73.807597334933291, 40.858401271673777 ], [ -73.807610846647862, 40.858397022266452 ], [ -73.807637861500169, 40.858391944413654 ], [ -73.807662620199523, 40.858388568344942 ], [ -73.807684002299695, 40.858386042133155 ], [ -73.807713254578616, 40.858385236359346 ], [ -73.807727880849257, 40.858384407102058 ], [ -73.807756000165512, 40.858386162234851 ], [ -73.807777366082021, 40.858389613411553 ], [ -73.807796474855095, 40.858394770055916 ], [ -73.807817827214521, 40.858402493998945 ], [ -73.807829061977827, 40.858407636590719 ], [ -73.807842542798923, 40.858414491992193 ], [ -73.80785938923502, 40.858423916732278 ], [ -73.807873978490704, 40.85843589959488 ], [ -73.807887442048283, 40.858448733400117 ], [ -73.807898659434102, 40.858459856983963 ], [ -73.807907629403871, 40.858470120404164 ], [ -73.807917722570792, 40.858481240356177 ], [ -73.807925564517362, 40.858492358312382 ], [ -73.807935650179274, 40.85850604097508 ], [ -73.80794348967369, 40.858518009905161 ], [ -73.807951335308147, 40.858528274210016 ], [ -73.807964776698967, 40.858548794551837 ], [ -73.807972617515418, 40.858560767078558 ], [ -73.807981578899529, 40.858573592450675 ], [ -73.80799053776731, 40.858588129647146 ], [ -73.807999499154434, 40.858600955855415 ], [ -73.808009584959052, 40.858614637673938 ], [ -73.808018548773475, 40.858627465724865 ], [ -73.808027512591352, 40.858640293773746 ], [ -73.808035348440754, 40.858653117266932 ], [ -73.808044314729855, 40.8586650916642 ], [ -73.808053273783656, 40.858678771518569 ], [ -73.808063357033888, 40.858693307904971 ], [ -73.808072315938304, 40.85870784417471 ], [ -73.808081272428097, 40.858722378683311 ], [ -73.808089109458692, 40.858736059426803 ], [ -73.808096940356577, 40.85875144563196 ], [ -73.808105884638664, 40.858770252078052 ], [ -73.808112577662428, 40.858789906591205 ], [ -73.808119278080142, 40.858807000985578 ], [ -73.808123735987621, 40.85882152883822 ], [ -73.808127078153674, 40.85883349386517 ], [ -73.808131541003547, 40.858846310816553 ], [ -73.808134874607404, 40.858859984061631 ], [ -73.808138208173659, 40.858874510125837 ], [ -73.808142669766625, 40.858888184326737 ], [ -73.80814600212878, 40.8589027093848 ], [ -73.808152680495994, 40.858927490407481 ], [ -73.80815601024149, 40.858943725532249 ], [ -73.808157111313207, 40.858951413112024 ], [ -73.808160454745661, 40.858962523564109 ], [ -73.808162673874946, 40.858972775812887 ], [ -73.808164883102378, 40.858987300841093 ], [ -73.808168231471782, 40.858996701228371 ], [ -73.80817382114833, 40.859008668237543 ], [ -73.808180531458532, 40.859022346180204 ], [ -73.808187239313853, 40.859036876016269 ], [ -73.808193963161557, 40.859046283861126 ], [ -73.808205147570035, 40.859068510406132 ], [ -73.808216336764033, 40.859089882465994 ], [ -73.808221930134053, 40.859100994818021 ], [ -73.808228645392163, 40.859112964534596 ], [ -73.808236482543521, 40.85912578893516 ], [ -73.808244318444409, 40.859139468746378 ], [ -73.808252148318914, 40.859154856778254 ], [ -73.808258861125907, 40.859167680226903 ], [ -73.808266699504259, 40.859180503623492 ], [ -73.808273887352968, 40.859193053962549 ], [ -73.808274534205736, 40.859194183514248 ], [ -73.808282370120807, 40.85920786332273 ], [ -73.808291326686174, 40.859223251469274 ], [ -73.808300284612997, 40.859237786796797 ], [ -73.808308119331045, 40.859251465681304 ], [ -73.808318203967957, 40.859265150146882 ], [ -73.808327159297605, 40.859281392864077 ], [ -73.808334995386289, 40.859294217255751 ], [ -73.808343959244795, 40.859307045279699 ], [ -73.808350673295209, 40.859319868640938 ], [ -73.808358509397337, 40.859332692110854 ], [ -73.808367473373238, 40.859345521053143 ], [ -73.808374185016106, 40.859358341732452 ], [ -73.808380900431175, 40.859370313196209 ], [ -73.808389863212341, 40.859383139456909 ], [ -73.808398832126372, 40.859394259252277 ], [ -73.808407794919546, 40.859407083671407 ], [ -73.808418999002257, 40.859423330955039 ], [ -73.808429078768853, 40.859438722714742 ], [ -73.808439162324177, 40.85945325998533 ], [ -73.808448123872537, 40.859466942572539 ], [ -73.808455959901409, 40.859479765115289 ], [ -73.808464923918592, 40.859492593129602 ], [ -73.808471642936183, 40.859503707340366 ], [ -73.808479481532856, 40.859515679826657 ], [ -73.808487321243291, 40.859527649637812 ], [ -73.80849516829096, 40.859537913905889 ], [ -73.808508613761717, 40.859556725955819 ], [ -73.808515331594322, 40.859567414253561 ], [ -73.808522050607905, 40.859578956209717 ], [ -73.808532132993207, 40.859593493386043 ], [ -73.808537723999919, 40.859605459458308 ], [ -73.808547817326527, 40.859616582030625 ], [ -73.808560156927726, 40.859628559310465 ], [ -73.808569133287378, 40.859637114456262 ], [ -73.808582594901338, 40.859649950849054 ], [ -73.80859607113176, 40.859658515306684 ], [ -73.808616283673004, 40.859671359308727 ], [ -73.808627506416798, 40.859680773675265 ], [ -73.808639852172789, 40.859691042641792 ], [ -73.808653314915247, 40.859703878191731 ], [ -73.808669021444274, 40.859719277428475 ], [ -73.808681356277944, 40.859732964675921 ], [ -73.808690321619565, 40.859744938181123 ], [ -73.808699294334033, 40.859754349727545 ], [ -73.808706022037612, 40.859762046554977 ], [ -73.808716108050788, 40.8597757292289 ], [ -73.808723954064178, 40.859785992559104 ], [ -73.808734047457278, 40.859797112353277 ], [ -73.808741893404346, 40.859806520268947 ], [ -73.808754230578188, 40.859820208432282 ], [ -73.80876994221309, 40.859833045776853 ], [ -73.808786786652774, 40.859844178606217 ], [ -73.808801361547637, 40.859861283341964 ], [ -73.808814803459939, 40.859881807177871 ], [ -73.808821519019943, 40.859893774179461 ], [ -73.808830486860558, 40.859904894859689 ], [ -73.808839453498535, 40.859916012775649 ], [ -73.808847303112728, 40.859925419769901 ], [ -73.808860749965632, 40.859944234456002 ], [ -73.808867467878841, 40.85995534956092 ], [ -73.808874180993229, 40.859968173808504 ], [ -73.808879773335008, 40.859979286210013 ], [ -73.808887614382272, 40.859991255995013 ], [ -73.808896581005328, 40.860003230323308 ], [ -73.808913403455762, 40.860021193262249 ], [ -73.808928003070733, 40.860029758705075 ], [ -73.80894709877775, 40.860040040666746 ], [ -73.808963949561587, 40.860048610672457 ], [ -73.808979679573355, 40.860055467910954 ], [ -73.809002145913993, 40.860067464600171 ], [ -73.809016751668523, 40.860074322647158 ], [ -73.809039221726238, 40.860084608344096 ], [ -73.80904707386415, 40.860092308854028 ], [ -73.809054921074292, 40.860102570405303 ], [ -73.809059387982074, 40.860113682691164 ], [ -73.809067229077783, 40.860125652379949 ], [ -73.809077323819096, 40.86013591857251 ], [ -73.809088552714798, 40.860143624672503 ], [ -73.809104282867182, 40.8601504836505 ], [ -73.809124479697232, 40.860169308647009 ], [ -73.809130083147238, 40.860176149931917 ], [ -73.809141292437033, 40.860190689840572 ], [ -73.809152506641809, 40.860203519767651 ], [ -73.8091670916113, 40.86021721244358 ], [ -73.809181671561177, 40.860233463482828 ], [ -73.809199623520925, 40.860249722779592 ], [ -73.809214209623605, 40.860263411937233 ], [ -73.809225421426902, 40.860276242689345 ], [ -73.809236645460331, 40.860285657082557 ], [ -73.809251232923657, 40.860298493418576 ], [ -73.809270315271419, 40.860313899077831 ], [ -73.809280414970317, 40.86032245786717 ], [ -73.809289394102535, 40.860329304811806 ], [ -73.809306228959471, 40.860343852254836 ], [ -73.809325308879565, 40.860360113396368 ], [ -73.809336533078792, 40.860368673120739 ], [ -73.809346630344052, 40.860378086474313 ], [ -73.809364588365469, 40.860393489421746 ], [ -73.809382542864952, 40.860408894116887 ], [ -73.809399376553202, 40.860423440624082 ], [ -73.809417330935247, 40.860439698968896 ], [ -73.809436415942713, 40.860453396457537 ], [ -73.809456625198322, 40.860467951213124 ], [ -73.809475707768115, 40.860482505022958 ], [ -73.809493662187421, 40.860498762435647 ], [ -73.809510491023318, 40.86051501898924 ], [ -73.809528438250183, 40.860532985536707 ], [ -73.809536289269175, 40.860541537909718 ], [ -73.809554241268756, 40.860558650805586 ], [ -73.80956322032435, 40.860566353141472 ], [ -73.809580055430061, 40.860580047807595 ], [ -73.809595769716452, 40.860592885961957 ], [ -73.809610359651572, 40.860604867680344 ], [ -73.809621581349987, 40.860615136523229 ], [ -73.80963505070622, 40.860625408239365 ], [ -73.809646269967885, 40.860636530731114 ], [ -73.809659725765428, 40.860651926196731 ], [ -73.809670932937877, 40.860666466048926 ], [ -73.809683263133635, 40.860682715066162 ], [ -73.809692223902161, 40.860696393954036 ], [ -73.809700062728382, 40.860709220931497 ], [ -73.809710147877936, 40.860722903514308 ], [ -73.809719112310887, 40.860735728666945 ], [ -73.80972808407266, 40.860745994705155 ], [ -73.809738173022978, 40.860757968140909 ], [ -73.809751636193738, 40.860770803477948 ], [ -73.809765098146713, 40.860784489788905 ], [ -73.809777440728936, 40.860795615961521 ], [ -73.809790911251937, 40.860805886658454 ], [ -73.809802135457488, 40.860815300074471 ], [ -73.809816731570862, 40.860825576222098 ], [ -73.809832443653491, 40.860838411662129 ], [ -73.809845911723926, 40.860850393340712 ], [ -73.809857136075337, 40.860858952176116 ], [ -73.80986947979531, 40.860870076500454 ], [ -73.809879574774428, 40.860880341701474 ], [ -73.809889673405479, 40.860889755846344 ], [ -73.809899772045057, 40.860899167396298 ], [ -73.809909873125747, 40.8609077261317 ], [ -73.809924462072672, 40.8609205605431 ], [ -73.809935685099603, 40.860929975701623 ], [ -73.809946904460986, 40.860941098247331 ], [ -73.80995813238161, 40.860948804259635 ], [ -73.809970472594671, 40.860960781302374 ], [ -73.809980557838017, 40.860974463860998 ], [ -73.80998838698973, 40.860990706344637 ], [ -73.80999509543544, 40.861005237828387 ], [ -73.810001808871391, 40.861018062091823 ], [ -73.81001077450604, 40.861030886386679 ], [ -73.81001973915842, 40.861042860536692 ], [ -73.810030962221873, 40.861052274849435 ], [ -73.810044436486834, 40.861061691865757 ], [ -73.810060158424108, 40.861071112669279 ], [ -73.81007251074854, 40.861079674178278 ], [ -73.81008035459287, 40.861089937409794 ], [ -73.810083697230311, 40.861101900535239 ], [ -73.810083660627711, 40.861114714509846 ], [ -73.810085863046126, 40.861130945958088 ], [ -73.810090310558195, 40.861149742990925 ], [ -73.810097014161357, 40.861165982692185 ], [ -73.81010596653158, 40.861183078915275 ], [ -73.810116033653415, 40.861202742458893 ], [ -73.810122738484196, 40.861218981322885 ], [ -73.810130566487587, 40.861235223792903 ], [ -73.81014510421646, 40.861265995982329 ], [ -73.810150707844812, 40.861273692711748 ], [ -73.810160785965735, 40.861289937966696 ], [ -73.810173109095686, 40.861307895230802 ], [ -73.810183191977814, 40.861323286834974 ], [ -73.810192155369933, 40.861336112952714 ], [ -73.810203360342513, 40.861351504562563 ], [ -73.810213444463159, 40.861366042510788 ], [ -73.810224661507974, 40.861378018679851 ], [ -73.810233626250692, 40.861389991056157 ], [ -73.810242595746445, 40.861401109784325 ], [ -73.810258299388337, 40.861417365293441 ], [ -73.810269523763537, 40.861426778580551 ], [ -73.810280746924789, 40.861436193703391 ], [ -73.810290845707982, 40.861445603378101 ], [ -73.810309921436115, 40.861462718002471 ], [ -73.810316647058997, 40.861471269388744 ], [ -73.810334591098041, 40.861490944952408 ], [ -73.81034356062429, 40.861502063672546 ], [ -73.810351406989042, 40.861512325132523 ], [ -73.810356999699977, 40.86152344013594 ], [ -73.810363718025499, 40.861534554230637 ], [ -73.810373792469889, 40.861552506854196 ], [ -73.810381632862502, 40.861564479209072 ], [ -73.810390590228806, 40.861579868022766 ], [ -73.810398436610001, 40.86159012947936 ], [ -73.810402904943828, 40.861601241710893 ], [ -73.810410733063279, 40.861617483240749 ], [ -73.810418569710208, 40.861631161140771 ], [ -73.810426408789397, 40.861643987146728 ], [ -73.810436479731834, 40.861662793413828 ], [ -73.810442072472256, 40.861673907492765 ], [ -73.810447661561511, 40.861686727955664 ], [ -73.81045437991321, 40.861697843968692 ], [ -73.81045997509581, 40.861708103475443 ], [ -73.810466692237299, 40.861720071216958 ], [ -73.810472286202099, 40.861731184376261 ], [ -73.810479004570297, 40.861742297627551 ], [ -73.810490203581807, 40.861760253007901 ], [ -73.810495801207679, 40.861769659697963 ], [ -73.81050812329417, 40.861788470579292 ], [ -73.810518192950298, 40.861808130491731 ], [ -73.810526024886258, 40.861822664709081 ], [ -73.810534983536741, 40.861838052676575 ], [ -73.810542819011388, 40.861851734163437 ], [ -73.810551784981826, 40.861863704759472 ], [ -73.810560748510539, 40.861876533438746 ], [ -73.810571955970076, 40.861891926019013 ], [ -73.810587652628058, 40.861910740596699 ], [ -73.810602234507101, 40.861926140475106 ], [ -73.810622439600778, 40.861942402326449 ], [ -73.810633666670512, 40.861950106512246 ], [ -73.810648264378429, 40.861960380798344 ], [ -73.810661741355759, 40.861968089514818 ], [ -73.810671852536132, 40.861973231736172 ], [ -73.810687583171756, 40.861980091416108 ], [ -73.810702196711759, 40.861984384694921 ], [ -73.810724690880193, 40.861986131620732 ], [ -73.810739315357921, 40.86198701020853 ], [ -73.810756182674197, 40.861989599871954 ], [ -73.81077192426325, 40.861993041256277 ], [ -73.81078766220476, 40.86199733904779 ], [ -73.810805640559948, 40.862005054216077 ], [ -73.810819117554104, 40.86201361840935 ], [ -73.810834838496405, 40.862023893678803 ], [ -73.81084719121543, 40.86203160052851 ], [ -73.810861784114678, 40.862043583009765 ], [ -73.810873002609654, 40.862054704541272 ], [ -73.810883094273194, 40.86206667963441 ], [ -73.810894310349298, 40.862078654814894 ], [ -73.810904393624767, 40.86209319445679 ], [ -73.810913354830305, 40.862106874166592 ], [ -73.810924564842551, 40.862121412057093 ], [ -73.810930167423734, 40.862129107909226 ], [ -73.81093912863615, 40.862142789373316 ], [ -73.810946966772804, 40.862155615340967 ], [ -73.810954804692415, 40.862169294125195 ], [ -73.810962635556308, 40.862184680124962 ], [ -73.810969352828565, 40.862196650597738 ], [ -73.810976061611029, 40.862211181183824 ], [ -73.81098277525308, 40.86222400346476 ], [ -73.810990615728329, 40.862235974940383 ], [ -73.810997330587597, 40.862248797221085 ], [ -73.811002924684672, 40.862259911273711 ], [ -73.811008523756072, 40.862268461608757 ], [ -73.81101523861922, 40.86228128489217 ], [ -73.81102083029387, 40.862293252594952 ], [ -73.811028673220932, 40.862304366736474 ], [ -73.811035394156292, 40.862314629815984 ], [ -73.81104548831965, 40.862325749486899 ], [ -73.811057836264652, 40.862335164535914 ], [ -73.811073560961859, 40.862344585201804 ], [ -73.811093788140525, 40.862353159506803 ], [ -73.81111401786147, 40.862360026500959 ], [ -73.811142691443308, 40.862365625922827 ], [ -73.811163497937827, 40.86236779414817 ], [ -73.811184868942277, 40.862369539226428 ], [ -73.811207368108228, 40.862370430654636 ], [ -73.811227619562914, 40.862370463821065 ], [ -73.811251237076362, 40.862373064380904 ], [ -73.811273717952034, 40.862379934113058 ], [ -73.811295069682487, 40.862388511142569 ], [ -73.811309676078082, 40.862395367140145 ], [ -73.811320903187223, 40.86240392759111 ], [ -73.81133211455419, 40.862417610031805 ], [ -73.811341082054497, 40.862428729588927 ], [ -73.811350068841492, 40.862433868988639 ], [ -73.811366926493392, 40.862439874923091 ], [ -73.811383795155947, 40.862442466252958 ], [ -73.81139954415201, 40.862443345678123 ], [ -73.81141529799126, 40.862442517796353 ], [ -73.811436676410338, 40.862440843619574 ], [ -73.811451300997476, 40.86244172211709 ], [ -73.811473789179786, 40.862446029935569 ], [ -73.811492896985257, 40.862452039533032 ], [ -73.811513127989386, 40.862458906459111 ], [ -73.811535617398391, 40.862463212511138 ], [ -73.811560359258678, 40.862466669420996 ], [ -73.811588470831154, 40.862471840066178 ], [ -73.811603089370365, 40.862474427686045 ], [ -73.811618831223328, 40.86247701529841 ], [ -73.811636825422653, 40.862479606590483 ], [ -73.811654819616393, 40.862482199719878 ], [ -73.811669439484845, 40.862483930916966 ], [ -73.811682938459214, 40.862484808467435 ], [ -73.811707675609114, 40.862489117236613 ], [ -73.811731293076136, 40.862492573194459 ], [ -73.81175153609999, 40.862495169061653 ], [ -73.811770654831633, 40.862497761247909 ], [ -73.811794275924427, 40.862499509888735 ], [ -73.811819016710103, 40.862502966742603 ], [ -73.8118460086299, 40.862506428185746 ], [ -73.811861756548282, 40.862507306624657 ], [ -73.811878627552318, 40.862509044230897 ], [ -73.811896622978907, 40.86251077998795 ], [ -73.811914620927425, 40.862511663011361 ], [ -73.811934868796271, 40.862512550622817 ], [ -73.811953993465337, 40.862513437319819 ], [ -73.811970865798145, 40.862514317578089 ], [ -73.811986616021173, 40.862514343268757 ], [ -73.812001240630011, 40.862515221696583 ], [ -73.8120282350813, 40.86251697395101 ], [ -73.812052978199105, 40.862520430758465 ], [ -73.812076590968871, 40.862524740292955 ], [ -73.812105828230187, 40.862529911809489 ], [ -73.812120445588036, 40.862532500198157 ], [ -73.812131689725334, 40.862535079573234 ], [ -73.812160924571927, 40.862540250989412 ], [ -73.812169923498416, 40.862541121148418 ], [ -73.812185669012607, 40.862542855034299 ], [ -73.812199165600504, 40.86254458341525 ], [ -73.81220927929003, 40.862548871848844 ], [ -73.812228371501917, 40.862560006910485 ], [ -73.812247457599042, 40.862574558504186 ], [ -73.812263177698952, 40.862585686226005 ], [ -73.812280016171442, 40.862598527679907 ], [ -73.812295744823572, 40.86260623995485 ], [ -73.812308110976474, 40.862609676552417 ], [ -73.812328345626582, 40.86261568876607 ], [ -73.812339587378446, 40.862619121688169 ], [ -73.812357576912049, 40.862622569275288 ], [ -73.812376701618817, 40.862623026313813 ], [ -73.812391360101614, 40.862611520304803 ], [ -73.812406012449969, 40.862602147503232 ], [ -73.812419513854067, 40.862601316656288 ], [ -73.812438630226893, 40.862604764308124 ], [ -73.812450984340444, 40.862612471907291 ], [ -73.812458838385695, 40.862620172183739 ], [ -73.812456566666754, 40.862627855065504 ], [ -73.812445274316843, 40.862642356275558 ], [ -73.812437374387756, 40.862651740070739 ], [ -73.81242833929295, 40.862663683903193 ], [ -73.812428298332208, 40.862678202500774 ], [ -73.812430512225518, 40.862691017372441 ], [ -73.812436103082646, 40.862702986845484 ], [ -73.812446196348162, 40.862714958204769 ], [ -73.812459662843381, 40.862726940490596 ], [ -73.812474258587784, 40.862737211862687 ], [ -73.812491103277878, 40.862748344981675 ], [ -73.812504572202897, 40.862759470933383 ], [ -73.81251915602293, 40.862774015073057 ], [ -73.812533736136601, 40.862790266601124 ], [ -73.812549439477294, 40.862807373523758 ], [ -73.812566270851661, 40.862823631384984 ], [ -73.812580852277819, 40.86283817467644 ], [ -73.812593195628992, 40.862850151522387 ], [ -73.812604422982773, 40.862858710927767 ], [ -73.812619021287205, 40.862868131308197 ], [ -73.812634742709946, 40.862878406247205 ], [ -73.812653830181247, 40.862892104036149 ], [ -73.81267292018353, 40.862904945493298 ], [ -73.812692018507406, 40.862915226830943 ], [ -73.812713359643823, 40.862927220962071 ], [ -73.812736952168422, 40.862939214228852 ], [ -73.812759417753881, 40.862952065671891 ], [ -73.812779638213357, 40.862962347062577 ], [ -73.812795369323197, 40.862970059188946 ], [ -73.812809974787015, 40.862976915830281 ], [ -73.81282233512637, 40.862982060592877 ], [ -73.812841439493695, 40.862989780030539 ], [ -73.812854924163602, 40.862995781191458 ], [ -73.812872906624477, 40.863001787894738 ], [ -73.812887514527063, 40.863008644530154 ], [ -73.812902120003685, 40.863015502999936 ], [ -73.812916732721703, 40.863020650488131 ], [ -73.81293134550684, 40.863024090664737 ], [ -73.812947083855803, 40.863029241817308 ], [ -73.812962823490693, 40.863032682980865 ], [ -73.812979691066346, 40.863036127646232 ], [ -73.812998811187754, 40.863037866980953 ], [ -73.813016814009615, 40.863037896185119 ], [ -73.81303368877559, 40.863037923556824 ], [ -73.813052819717967, 40.863036246270191 ], [ -73.813073072566908, 40.863035424623448 ], [ -73.813087705700283, 40.86303288554592 ], [ -73.813106841439193, 40.863029500949565 ], [ -73.813121476972029, 40.863026107296641 ], [ -73.81313498446444, 40.86302356822835 ], [ -73.813151872556588, 40.863019323648196 ], [ -73.813168764117805, 40.863013372680093 ], [ -73.813191292224261, 40.863004011622955 ], [ -73.813205933834155, 40.862998058760802 ], [ -73.813222819404189, 40.862994668741152 ], [ -73.813232945227099, 40.862994685147946 ], [ -73.813248682378841, 40.862999836257416 ], [ -73.813265540451766, 40.863005842834227 ], [ -73.813282397235952, 40.863012702226364 ], [ -73.813298133296811, 40.863017852405918 ], [ -73.813319494973314, 40.863023013535575 ], [ -73.81333635786379, 40.863027309203396 ], [ -73.813352098615226, 40.863030751989584 ], [ -73.813368967399668, 40.863033341271148 ], [ -73.813392588841992, 40.863035087744692 ], [ -73.813409468401545, 40.863033406837985 ], [ -73.8134252200703, 40.86303343233444 ], [ -73.8134353278259, 40.863040282536495 ], [ -73.813440915289448, 40.863053103769111 ], [ -73.81344312699656, 40.86306677235531 ], [ -73.813443083856868, 40.863082146359666 ], [ -73.813444172348582, 40.863095815805721 ], [ -73.813443002365318, 40.863111188070057 ], [ -73.813440713965292, 40.863124850209303 ], [ -73.813439471800649, 40.863127892461605 ], [ -73.813436182700073, 40.863135947755076 ], [ -73.813435016242224, 40.863151319103537 ], [ -73.813434973098012, 40.863166694029047 ], [ -73.813433804431881, 40.863182066295217 ], [ -73.813432645243978, 40.863194022031919 ], [ -73.813435983768599, 40.863206839623132 ], [ -73.813441569949006, 40.863220516348242 ], [ -73.813444907293857, 40.863234186755754 ], [ -73.813448239848597, 40.863249565386567 ], [ -73.813451572397398, 40.863264946694969 ], [ -73.81345490255768, 40.86328117981278 ], [ -73.813459364325368, 40.863294854717182 ], [ -73.813463827286455, 40.863307672370595 ], [ -73.813469411118888, 40.863323055563733 ], [ -73.813483990479625, 40.863339307803443 ], [ -73.813494086385944, 40.863349575361703 ], [ -73.813505309152646, 40.863359841981996 ], [ -73.8135187783747, 40.863370965972742 ], [ -73.813528881513037, 40.863379523468346 ], [ -73.81354010075529, 40.863389792839691 ], [ -73.81355244677134, 40.863400916850985 ], [ -73.813570400659572, 40.863417174538945 ], [ -73.813584979987056, 40.863434280504123 ], [ -73.813591705018936, 40.863442831610961 ], [ -73.813597292463115, 40.863456508329939 ], [ -73.81360174230754, 40.863474450646962 ], [ -73.813602815258704, 40.863493244757244 ], [ -73.813602772150503, 40.863508620600641 ], [ -73.813612878900827, 40.86351546810706 ], [ -73.813627471522636, 40.863527450235111 ], [ -73.813645432533974, 40.86354114603531 ], [ -73.813666769291956, 40.863555700109345 ], [ -73.813683595247156, 40.863573664185623 ], [ -73.813692570370364, 40.863582219927025 ], [ -73.813701546712338, 40.863590774665873 ], [ -73.813704898485852, 40.863599322155444 ], [ -73.813708247865677, 40.863608724214636 ], [ -73.81371551962026, 40.863623682375952 ], [ -73.813721672916358, 40.863636075922159 ], [ -73.813728374160519, 40.86365317089485 ], [ -73.813739565901827, 40.863674542317263 ], [ -73.813746281401635, 40.863686511701395 ], [ -73.813748502795974, 40.86369761748989 ], [ -73.813751842581965, 40.86370958233929 ], [ -73.813756309232275, 40.863721546331497 ], [ -73.813763020062481, 40.863735224856725 ], [ -73.813769734430309, 40.863748900625751 ], [ -73.813777573196973, 40.863761724639794 ], [ -73.813783136782277, 40.863783943382622 ], [ -73.813786482585357, 40.863794196411753 ], [ -73.81379207845599, 40.86380445667335 ], [ -73.813796552295273, 40.863813858705903 ], [ -73.813805517932423, 40.863826684455688 ], [ -73.813818979017441, 40.863840373043089 ], [ -73.813830216263085, 40.863845515883916 ], [ -73.813841461864783, 40.863847242275256 ], [ -73.813862846699351, 40.863844714923196 ], [ -73.813872995356661, 40.863836188319588 ], [ -73.813886559190934, 40.863814004063286 ], [ -73.813892220927642, 40.863800347363295 ], [ -73.813896762831291, 40.863785832438793 ], [ -73.81390242687641, 40.863772176577001 ], [ -73.813906958212584, 40.863761080772036 ], [ -73.813911484659656, 40.863751692353631 ], [ -73.813917148702032, 40.863738034734652 ], [ -73.813918322123072, 40.863720100588445 ], [ -73.81393803327596, 40.863712016325756 ], [ -73.813954379586249, 40.863700512761 ], [ -73.813969034342875, 40.863690286110547 ], [ -73.813980312197202, 40.863680910341316 ], [ -73.813988219118514, 40.863669820064089 ], [ -73.81399725892625, 40.863655313313537 ], [ -73.814002918165556, 40.863643363913383 ], [ -73.814008572614767, 40.863633125412669 ], [ -73.814015351498199, 40.863622886048148 ], [ -73.814024387618517, 40.863610087519099 ], [ -73.814032306473649, 40.863594725218555 ], [ -73.814042489793493, 40.863573390065412 ], [ -73.814047020989051, 40.863562292497981 ], [ -73.814053805845447, 40.863550346751154 ], [ -73.814060597870537, 40.863535836285621 ], [ -73.814067389850834, 40.863520474088659 ], [ -73.814073055019406, 40.863505961888443 ], [ -73.814078720221531, 40.86349230417914 ], [ -73.81408550623857, 40.863479504777331 ], [ -73.814091170219655, 40.863465847985438 ], [ -73.814097955140312, 40.863453044900801 ], [ -73.814103614341718, 40.863441096415336 ], [ -73.814108147900811, 40.863429146030569 ], [ -73.814112679070448, 40.863418050300425 ], [ -73.814119483006905, 40.863399270654718 ], [ -73.814122893315513, 40.863386463045444 ], [ -73.814127410157695, 40.863380490141978 ], [ -73.814134203320322, 40.863365127943915 ], [ -73.814142125792941, 40.863348057409972 ], [ -73.814151179767592, 40.863329283230208 ], [ -73.814161365331344, 40.863307945392847 ], [ -73.814168147715904, 40.863295999551056 ], [ -73.814173806896477, 40.863284049220375 ], [ -73.814179466065596, 40.863272101650914 ], [ -73.814185120538468, 40.863261005888283 ], [ -73.814191906444293, 40.863249058294308 ], [ -73.814199824110986, 40.863233697819609 ], [ -73.814203268195854, 40.863227525498104 ], [ -73.814572097994329, 40.863477353965727 ], [ -73.814861092215196, 40.863673092157413 ], [ -73.814918226845208, 40.863711790212129 ], [ -73.814909482557042, 40.863729383014785 ], [ -73.814902674053499, 40.863749871765613 ], [ -73.814901522189231, 40.863760119297659 ], [ -73.814901491274526, 40.863771223288282 ], [ -73.814904800473215, 40.863794290169778 ], [ -73.81491483722489, 40.863825910007861 ], [ -73.814920430952498, 40.863837874844094 ], [ -73.814927150269654, 40.863848990508878 ], [ -73.814951800108517, 40.863885756655755 ], [ -73.814974207080809, 40.863919105496741 ], [ -73.814980919292509, 40.863932781191004 ], [ -73.814986509441553, 40.863945603354374 ], [ -73.81498985189603, 40.863957565409855 ], [ -73.814992068693542, 40.863969529338839 ], [ -73.814990820667802, 40.86401394056594 ], [ -73.814991804868313, 40.864064336399053 ], [ -73.814991785851433, 40.864071170209321 ], [ -73.814994014548404, 40.864078859441697 ], [ -73.81500070659807, 40.864100223601341 ], [ -73.815026403857814, 40.864164325016503 ], [ -73.815043120917409, 40.864221579012153 ], [ -73.815057630792211, 40.864263455393193 ], [ -73.815060983936704, 40.864271149189577 ], [ -73.815065460363726, 40.86427969668501 ], [ -73.815083396954165, 40.864302787025544 ], [ -73.815138331406359, 40.864372913739459 ], [ -73.81515401331572, 40.864397707763374 ], [ -73.815173041160151, 40.864432760293106 ], [ -73.81518199290015, 40.86445071060129 ], [ -73.815189809600795, 40.864472076551614 ], [ -73.815194253980096, 40.864491727946614 ], [ -73.815195322649487, 40.864512230259272 ], [ -73.815191893499005, 40.864531869029719 ], [ -73.815185090850548, 40.86455064957299 ], [ -73.815161345449525, 40.864593318253306 ], [ -73.815148883785781, 40.86462404741301 ], [ -73.815135264307884, 40.86466673056735 ], [ -73.815129567183504, 40.86469234671992 ], [ -73.815126132089702, 40.864714548282322 ], [ -73.815126072711223, 40.864735901521506 ], [ -73.815127119946268, 40.864763234126698 ], [ -73.815131469364943, 40.864817908139777 ], [ -73.815133635243726, 40.864847807100183 ], [ -73.815131314984086, 40.86487342691121 ], [ -73.815127842997242, 40.864907585102522 ], [ -73.815119847066228, 40.86495113452424 ], [ -73.815106151599153, 40.865021150147903 ], [ -73.815093626793399, 40.865074939924234 ], [ -73.815069736162528, 40.865168859007312 ], [ -73.815049312821102, 40.865231177254195 ], [ -73.815042486301323, 40.865258498060676 ], [ -73.815039026236391, 40.865288387073406 ], [ -73.815037857731525, 40.865304613840678 ], [ -73.815038940687074, 40.865319136911417 ], [ -73.815041157548805, 40.865331097240073 ], [ -73.815045626850491, 40.865343062940397 ], [ -73.815073613987892, 40.86539350208227 ], [ -73.815098250290546, 40.865434538361605 ], [ -73.815103840588733, 40.86544736043215 ], [ -73.815114997445605, 40.865481543924581 ], [ -73.815137349255124, 40.865535389634182 ], [ -73.815167542612684, 40.86560120727755 ], [ -73.815174251492394, 40.86561659218502 ], [ -73.815184999201179, 40.865625619723957 ], [ -73.815194499306543, 40.865618331036906 ], [ -73.815222713297331, 40.865587628048864 ], [ -73.815250930911731, 40.86555521590914 ], [ -73.815267868023241, 40.865533036067418 ], [ -73.815307420463782, 40.865469894781462 ], [ -73.815365045089408, 40.865382010714193 ], [ -73.815384252543211, 40.86535300148838 ], [ -73.815404574845047, 40.865327409667799 ], [ -73.815454236664408, 40.865271115595831 ], [ -73.815486974401367, 40.86523102406084 ], [ -73.81551633861929, 40.8651909280361 ], [ -73.81555921427865, 40.865146581586522 ], [ -73.815619015087989, 40.865085178138074 ], [ -73.8156528604583, 40.865051919488351 ], [ -73.815674303600744, 40.865028038478471 ], [ -73.815696880542063, 40.86500074281755 ], [ -73.81572736788371, 40.864960647613401 ], [ -73.815777045721632, 40.864898375081523 ], [ -73.815795101053908, 40.864878758748731 ], [ -73.815840225283821, 40.86483527044313 ], [ -73.815883107597472, 40.86478836023872 ], [ -73.815955294580618, 40.864722708959249 ], [ -73.816010568318035, 40.864670694722648 ], [ -73.816029738569824, 40.864655352086771 ], [ -73.816090623821481, 40.864607616880349 ], [ -73.816140250239641, 40.864563280143955 ], [ -73.816154454000468, 40.86454908071191 ], [ -73.816274030221692, 40.864630068820098 ], [ -73.815730733837228, 40.865118698592291 ], [ -73.81538509067164, 40.865702591331221 ], [ -73.81452922313423, 40.867169182162193 ], [ -73.814498571921547, 40.867547516093182 ], [ -73.813728764397666, 40.868609376009189 ], [ -73.813511598323998, 40.86856049109084 ], [ -73.812094189756223, 40.870913821349497 ], [ -73.812341935479168, 40.871034311768341 ], [ -73.803828800025641, 40.885563749121765 ], [ -73.803509949698579, 40.885479932515679 ], [ -73.803078187192668, 40.885373447886693 ] ] ], [ [ [ -73.782427856779719, 40.87500787669287 ], [ -73.782422185307581, 40.875021532735538 ], [ -73.782431139593982, 40.875036070112387 ], [ -73.782438970853349, 40.875049749793327 ], [ -73.78244342666612, 40.875064277762398 ], [ -73.782441123094301, 40.875080502961495 ], [ -73.782432066945759, 40.875096713662849 ], [ -73.782420774306431, 40.875108651791237 ], [ -73.78239993681072, 40.875115017633632 ], [ -73.782373497729481, 40.875113685414085 ], [ -73.782353243620065, 40.87511364718457 ], [ -73.782322871709226, 40.875110175235179 ], [ -73.782303755835741, 40.875106722689722 ], [ -73.782286891163295, 40.875101567000648 ], [ -73.78227002443748, 40.875098116019863 ], [ -73.782253164992156, 40.875092106680754 ], [ -73.782232938763102, 40.875083526423168 ], [ -73.782213837264791, 40.875074950126489 ], [ -73.782205965664389, 40.875073226109663 ], [ -73.782195816833308, 40.875080039851674 ], [ -73.782186794206609, 40.875086002066574 ], [ -73.782165364986483, 40.875101337476124 ], [ -73.782143944654379, 40.875113251925804 ], [ -73.782132668277612, 40.875120918105587 ], [ -73.782121389579615, 40.875128585199946 ], [ -73.782110109300461, 40.87513710418748 ], [ -73.78208980308537, 40.875153294438633 ], [ -73.782070626358987, 40.87516692410361 ], [ -73.78205827865456, 40.875158361382297 ], [ -73.782050449056612, 40.875143825264999 ], [ -73.782053849345715, 40.875136143286269 ], [ -73.782069636143632, 40.875125925513181 ], [ -73.782085411858816, 40.875119120576535 ], [ -73.782098941009068, 40.875111459578697 ], [ -73.782106840611476, 40.87510464159616 ], [ -73.782118126484704, 40.875094414390738 ], [ -73.782135064300832, 40.87507650862127 ], [ -73.782145232847085, 40.87506371474452 ], [ -73.782154275061018, 40.875051775989029 ], [ -73.782164439106595, 40.875040689408067 ], [ -73.782172361458066, 40.875026184897997 ], [ -73.782174641114565, 40.875017647143551 ], [ -73.782173995314949, 40.875007876255921 ], [ -73.782173568456386, 40.875001418247834 ], [ -73.782178108548436, 40.874989468308698 ], [ -73.782194468724384, 40.87497626105278 ], [ -73.782200705537662, 40.874961323768979 ], [ -73.782201890139007, 40.874943389151987 ], [ -73.782205322388208, 40.874926314190503 ], [ -73.782207612020329, 40.87491435999921 ], [ -73.782209907240954, 40.874900699347343 ], [ -73.782206589729157, 40.874882756142512 ], [ -73.78221000798932, 40.874869949509147 ], [ -73.782216801309829, 40.874857150169163 ], [ -73.782225845076127, 40.874844355080484 ], [ -73.782233764222141, 40.874831557782038 ], [ -73.782240553629848, 40.874819613928345 ], [ -73.782245103299118, 40.874805102959428 ], [ -73.782245142476256, 40.874793143595703 ], [ -73.782242931199747, 40.874781182743391 ], [ -73.782210528495668, 40.874711083106433 ], [ -73.782200434481652, 40.874700813667317 ], [ -73.782189219754684, 40.874689688540307 ], [ -73.782182492407856, 40.874681987425532 ], [ -73.782176921673198, 40.874664894620146 ], [ -73.782176972051985, 40.874649520578608 ], [ -73.782187117640092, 40.874644416900665 ], [ -73.782198371546244, 40.874643582665236 ], [ -73.782210741178645, 40.874646168832641 ], [ -73.782220853190807, 40.874651312615931 ], [ -73.78222869323551, 40.874661576792555 ], [ -73.782232045421182, 40.874669270693929 ], [ -73.782245559376094, 40.874665878839757 ], [ -73.782256835549575, 40.874658213484381 ], [ -73.782263612056255, 40.874650537874565 ], [ -73.782262530618425, 40.874637724580765 ], [ -73.78225806489759, 40.874626612204828 ], [ -73.782256986632817, 40.874612090606945 ], [ -73.782264884575625, 40.874606126262329 ], [ -73.782275010946918, 40.874606145384128 ], [ -73.782285131351713, 40.874608726376337 ], [ -73.782298613302345, 40.874614732009746 ], [ -73.782312093565892, 40.874621589453263 ], [ -73.782316558083068, 40.874632701908624 ], [ -73.782315092368123, 40.874650635076961 ], [ -73.782334487411234, 40.87465579821572 ], [ -73.782344605401676, 40.87465837919811 ], [ -73.782353015495644, 40.874667363123436 ], [ -73.782344535483602, 40.874679732460372 ], [ -73.782358042142718, 40.874678904301959 ], [ -73.782371564371516, 40.874672949646076 ], [ -73.782385110285389, 40.874660163878303 ], [ -73.782396969352746, 40.874646946341599 ], [ -73.782412142325526, 40.874651673752986 ], [ -73.78242111904062, 40.874659377258837 ], [ -73.782430133197224, 40.87465597873198 ], [ -73.782445365916487, 40.874643193462234 ], [ -73.782462801535587, 40.874644937347398 ], [ -73.782471783849942, 40.874650930792207 ], [ -73.782476241111155, 40.874664606028887 ], [ -73.782472817434908, 40.87467912088912 ], [ -73.7824727699183, 40.87469364119854 ], [ -73.782474975640014, 40.874707311268715 ], [ -73.782479440193441, 40.874718422712455 ], [ -73.782491779112547, 40.874730402749179 ], [ -73.782507495882967, 40.874741538096394 ], [ -73.782523221157348, 40.874750108980983 ], [ -73.782534449444171, 40.874757816724554 ], [ -73.782526513596167, 40.87477573953224 ], [ -73.782527873960348, 40.874789621419843 ], [ -73.782543385376215, 40.874778332397547 ], [ -73.782556928740917, 40.874765547525143 ], [ -73.782569640634691, 40.874749126695953 ], [ -73.782574963144114, 40.874756184898324 ], [ -73.782587330021798, 40.874759624673771 ], [ -73.78259632760809, 40.874760923040206 ], [ -73.782601903866009, 40.874776733597699 ], [ -73.782601861961226, 40.87478954660871 ], [ -73.782598428603094, 40.874806623336532 ], [ -73.782592746012043, 40.874823694985622 ], [ -73.782582552558068, 40.874844175422609 ], [ -73.782571234852199, 40.87486379832729 ], [ -73.782562192253224, 40.87487659344508 ], [ -73.782553150133381, 40.874888533152983 ], [ -73.782542971838453, 40.874904743505006 ], [ -73.782533929705579, 40.874916684967715 ], [ -73.782522634329752, 40.874929474997195 ], [ -73.782513589393858, 40.874942271028033 ], [ -73.782500577436409, 40.874964454368538 ], [ -73.782489889071712, 40.8749635797152 ], [ -73.782478668775454, 40.874954161915156 ], [ -73.782471946769718, 40.874945181182916 ], [ -73.78246180644679, 40.8749490053345 ], [ -73.782456145061076, 40.874959245861923 ], [ -73.782452745936737, 40.87496692609848 ], [ -73.782447082863769, 40.87497801843579 ], [ -73.782439169332548, 40.874989107446616 ], [ -73.782427856779719, 40.87500787669287 ] ] ], [ [ [ -73.785421062212009, 40.87535172225391 ], [ -73.78543684744767, 40.875341502178301 ], [ -73.785448114761522, 40.875337253955436 ], [ -73.785464992479874, 40.875337710346869 ], [ -73.785477330776246, 40.875350119564693 ], [ -73.785482912232993, 40.875363794933868 ], [ -73.785486248400503, 40.875376614229694 ], [ -73.785479402073904, 40.875405641447038 ], [ -73.785474862546906, 40.875417591516587 ], [ -73.78546807409279, 40.875428683746819 ], [ -73.785460149879356, 40.875443188561285 ], [ -73.785451113382777, 40.875454274767478 ], [ -73.785443214084552, 40.87546109214361 ], [ -73.785433093090433, 40.875459366839266 ], [ -73.785418494656156, 40.875449944879172 ], [ -73.785411775136268, 40.875439680246842 ], [ -73.785408438639735, 40.875427717279685 ], [ -73.785406237805276, 40.87541233913408 ], [ -73.785405154540115, 40.875399524950339 ], [ -73.785405204172804, 40.875384150909248 ], [ -73.785409748009542, 40.875370493543279 ], [ -73.785415410630463, 40.875359398301072 ], [ -73.785421062212009, 40.87535172225391 ] ] ], [ [ [ -73.802565837652779, 40.869588766245336 ], [ -73.802564684004508, 40.86959816090792 ], [ -73.802555660095337, 40.869605830267005 ], [ -73.802541018605154, 40.869610929876572 ], [ -73.802527517089757, 40.86961005217659 ], [ -73.802519655643223, 40.869605768598603 ], [ -73.802510688865681, 40.869593796472977 ], [ -73.802503972253348, 40.869582681019203 ], [ -73.802501762470797, 40.869569011403357 ], [ -73.80250854383965, 40.869558773562964 ], [ -73.802517570291684, 40.8695502478813 ], [ -73.802526587807634, 40.869545137720124 ], [ -73.802535592741862, 40.869543446756147 ], [ -73.802546840231514, 40.869545172408671 ], [ -73.80255919217521, 40.869552880133327 ], [ -73.802565837652779, 40.869588766245336 ] ] ], [ [ [ -73.802356145734194, 40.868591632341342 ], [ -73.802356191441689, 40.868576258273315 ], [ -73.802356226997233, 40.868564298888664 ], [ -73.802357402404709, 40.868547218612463 ], [ -73.802360818989783, 40.868533559471935 ], [ -73.80236761539922, 40.868518196976645 ], [ -73.80237666083373, 40.868502836579871 ], [ -73.802383454581232, 40.868489183312796 ], [ -73.802389122723753, 40.868474671700071 ], [ -73.802395906425389, 40.868463580214126 ], [ -73.802404931638762, 40.868455055457737 ], [ -73.802419585355352, 40.868446538421964 ], [ -73.80243421887981, 40.868443998939988 ], [ -73.802443213399258, 40.868446578914416 ], [ -73.802455557288212, 40.868457703180574 ], [ -73.802463407230746, 40.868466256857161 ], [ -73.802467882315028, 40.868474806675891 ], [ -73.802471207513321, 40.868491894664821 ], [ -73.802472291413565, 40.868505564196319 ], [ -73.802469998035818, 40.868520080675367 ], [ -73.802468835461127, 40.868532889105566 ], [ -73.802467664053822, 40.868548262081212 ], [ -73.802465375744646, 40.868561071343983 ], [ -73.802463089978559, 40.868573025031544 ], [ -73.802461918572732, 40.868588396250665 ], [ -73.802461888112063, 40.868598647414096 ], [ -73.802462965618943, 40.868614876977162 ], [ -73.802461804361343, 40.868626832675176 ], [ -73.802451305788637, 40.868752372999737 ], [ -73.802451277873658, 40.868761766915163 ], [ -73.802451244872074, 40.868772872565771 ], [ -73.802447806554952, 40.868794218240822 ], [ -73.802444379816237, 40.8688112956631 ], [ -73.802440963228847, 40.868824956561781 ], [ -73.802436433495771, 40.868835197338036 ], [ -73.802429649756021, 40.868846290581999 ], [ -73.802420612025131, 40.868858231776656 ], [ -73.802410445790372, 40.868871882026511 ], [ -73.802399152725911, 40.868885528586297 ], [ -73.802390113658689, 40.86889832343045 ], [ -73.802379950062246, 40.86891111910775 ], [ -73.802367257683557, 40.868922628209411 ], [ -73.802351811091086, 40.868914487411061 ], [ -73.802345094686544, 40.868902518208934 ], [ -73.802338383253542, 40.868889693602959 ], [ -73.802335041615819, 40.868877731106373 ], [ -73.802330579215294, 40.868864912197445 ], [ -73.802324994849243, 40.868851234028732 ], [ -73.802319416883208, 40.86883499674812 ], [ -73.80231382621956, 40.868823030394331 ], [ -73.802309356211211, 40.868812772434111 ], [ -73.802302644678591, 40.868799949583355 ], [ -73.802297051481972, 40.868788836962331 ], [ -73.802290343939006, 40.868774303211346 ], [ -73.802283631314779, 40.868761479519897 ], [ -73.802276916151683, 40.868749510315538 ], [ -73.802270204855361, 40.868735833808884 ], [ -73.802264623043442, 40.868721304747254 ], [ -73.802261292812247, 40.868705922212726 ], [ -73.802260206291919, 40.868693109927271 ], [ -73.802260249479517, 40.868678590513277 ], [ -73.802264793262069, 40.868664076978547 ], [ -73.802272700191665, 40.868653841080963 ], [ -73.802282857359344, 40.868643608205744 ], [ -73.802300889751479, 40.868633388834901 ], [ -73.802316664390304, 40.868625728394029 ], [ -73.802331313185363, 40.868618067778286 ], [ -73.802347104154151, 40.868605283592935 ], [ -73.802356145734194, 40.868591632341342 ] ] ], [ [ [ -73.803582011528377, 40.868015477171411 ], [ -73.803598891287777, 40.868014652275313 ], [ -73.803610132387789, 40.868018089640657 ], [ -73.80361619527423, 40.868024254078222 ], [ -73.80361686406917, 40.868024934109428 ], [ -73.803611189980145, 40.868041152161631 ], [ -73.803604393905132, 40.86805651473157 ], [ -73.803595365162948, 40.868065894150448 ], [ -73.803581819732273, 40.868080392402142 ], [ -73.803573932003033, 40.868084221411806 ], [ -73.803564943688627, 40.868080363647771 ], [ -73.803557109011706, 40.868065828968369 ], [ -73.80355489775252, 40.868053013021054 ], [ -73.803554938134667, 40.868039347171099 ], [ -73.803561733068236, 40.868024411513666 ], [ -73.803562090479971, 40.868024254006592 ], [ -73.803582011528377, 40.868015477171411 ] ] ], [ [ [ -73.784608438436891, 40.880270017156398 ], [ -73.784616344278092, 40.880260635299614 ], [ -73.784622104831897, 40.880254352584139 ], [ -73.784626508706566, 40.880249549432484 ], [ -73.784641164983896, 40.880241035674892 ], [ -73.784659187835132, 40.88023594641156 ], [ -73.784673834142296, 40.880230848163798 ], [ -73.78468960526898, 40.880225751093121 ], [ -73.784703118559023, 40.880223214444705 ], [ -73.784717744278595, 40.880224096325563 ], [ -73.784724482334354, 40.880228379930649 ], [ -73.784727809087258, 40.880243762017855 ], [ -73.784727775894837, 40.880254010477564 ], [ -73.784725481001161, 40.880267672922635 ], [ -73.784721900507208, 40.880278429260429 ], [ -73.784720935482511, 40.880281328490732 ], [ -73.784716394273957, 40.880293278516135 ], [ -73.784711849955244, 40.880306936762501 ], [ -73.78470841685693, 40.88032401269836 ], [ -73.784708369824685, 40.880338532993861 ], [ -73.784709458225464, 40.88035049352947 ], [ -73.784712793628088, 40.880362457423956 ], [ -73.784720647769092, 40.880370159565452 ], [ -73.784733000871967, 40.880377868348923 ], [ -73.784752109745256, 40.880384737845631 ], [ -73.784765594192493, 40.880390743104478 ], [ -73.784777955596795, 40.880395890938942 ], [ -73.784792567196121, 40.880401894701876 ], [ -73.784806055965561, 40.880406192740928 ], [ -73.784820667560751, 40.880412199260455 ], [ -73.784837527488762, 40.880418207295634 ], [ -73.784849891219835, 40.880423355042943 ], [ -73.784870122064234, 40.880431081186238 ], [ -73.784884737986971, 40.880435379480062 ], [ -73.784900484262124, 40.880437971652391 ], [ -73.784916230434092, 40.880440561983505 ], [ -73.784933098655699, 40.880444011738248 ], [ -73.784952219843376, 40.880447462011944 ], [ -73.78497697005497, 40.880449644139418 ], [ -73.784991619311754, 40.880443266297284 ], [ -73.784995019192152, 40.880436438811493 ], [ -73.784998435986722, 40.880423632104865 ], [ -73.785007485494617, 40.880409130352291 ], [ -73.785019900514229, 40.880398049568392 ], [ -73.785032301822355, 40.880391240619268 ], [ -73.785045819448101, 40.880386994793156 ], [ -73.785059324472797, 40.880387019967358 ], [ -73.78507055722126, 40.880393017479278 ], [ -73.785076159555388, 40.880400716319372 ], [ -73.785074992203178, 40.880413526300927 ], [ -73.785072716707987, 40.880421209537602 ], [ -73.78507945326001, 40.880426346855479 ], [ -73.785092944817279, 40.880429789373224 ], [ -73.785110964938582, 40.880425550090642 ], [ -73.785124479908291, 40.880422160579613 ], [ -73.785144740823753, 40.88042134375997 ], [ -73.785164413934524, 40.880426932923477 ], [ -73.785183907178435, 40.880488892375084 ], [ -73.785184987383289, 40.88050341661026 ], [ -73.78518605810666, 40.880520499110858 ], [ -73.785187144166244, 40.880532461393436 ], [ -73.785188215225062, 40.880548690240474 ], [ -73.785189298199356, 40.880562358151415 ], [ -73.785185878679741, 40.880576016669565 ], [ -73.785182455175658, 40.880590532514475 ], [ -73.785177918010561, 40.88060162623561 ], [ -73.785174508307591, 40.880611871080717 ], [ -73.785169961642751, 40.880625527498388 ], [ -73.785165420046056, 40.880638331277694 ], [ -73.785159747551077, 40.880651988358906 ], [ -73.785151821096079, 40.880667347625646 ], [ -73.785142793666452, 40.880675018282936 ], [ -73.785128132280676, 40.880684386750637 ], [ -73.785119119873613, 40.880687784568764 ], [ -73.785103368004869, 40.880686901561702 ], [ -73.785085378198218, 40.880681743355019 ], [ -73.785068525370235, 40.880673170813694 ], [ -73.785059550304595, 40.880664611950472 ], [ -73.785048341271263, 40.880650926166872 ], [ -73.785040500537292, 40.880639806700721 ], [ -73.785029293068703, 40.880625265341486 ], [ -73.785022580911146, 40.8806132961654 ], [ -73.785013618569181, 40.880600467217036 ], [ -73.785004654673727, 40.880588493841671 ], [ -73.784997930377187, 40.880579939253721 ], [ -73.78498671419301, 40.880568813490036 ], [ -73.784973249472174, 40.880555977981871 ], [ -73.784959782999579, 40.880543992526412 ], [ -73.784944060118889, 40.880534570177424 ], [ -73.78493170696909, 40.880526858824069 ], [ -73.78491822402961, 40.880519999851153 ], [ -73.784905870992176, 40.880512290167836 ], [ -73.784893512318689, 40.880506288782016 ], [ -73.784877773215584, 40.880501134742516 ], [ -73.784862036882714, 40.880495126131926 ], [ -73.784846299001615, 40.880489971170363 ], [ -73.78482943784833, 40.880483961292825 ], [ -73.784811449327094, 40.880478803966909 ], [ -73.784795712558633, 40.880473648079111 ], [ -73.784778847540125, 40.880468493764937 ], [ -73.784758598890463, 40.880465891330537 ], [ -73.784739476155124, 40.880463294675984 ], [ -73.784722599632204, 40.880462409517342 ], [ -73.784705720795927, 40.880461524268121 ], [ -73.784687708498311, 40.880464051678636 ], [ -73.78467306214381, 40.88046914900783 ], [ -73.784665164934367, 40.880475113513022 ], [ -73.784656126402922, 40.880486201484423 ], [ -73.784643698572509, 40.880501552394271 ], [ -73.784633527477496, 40.880514344634129 ], [ -73.784623361348153, 40.88052628331468 ], [ -73.784613194110591, 40.880538222827234 ], [ -73.784603028084575, 40.880550161421063 ], [ -73.784592860729347, 40.880562100931563 ], [ -73.784584948107934, 40.880573189244124 ], [ -73.784575917858916, 40.880581713504796 ], [ -73.784564624677472, 40.880593650910804 ], [ -73.784554476628784, 40.880600038028788 ], [ -73.784539849334678, 40.880599582951525 ], [ -73.78452973900545, 40.88059358572913 ], [ -73.784526391342183, 40.880585036501721 ], [ -73.784527568666292, 40.880568810093386 ], [ -73.784528738888397, 40.880555148226492 ], [ -73.784534414725186, 40.880539783876593 ], [ -73.784541224791582, 40.88052185968354 ], [ -73.784545759408175, 40.880511617878746 ], [ -73.784550311626191, 40.880496251428482 ], [ -73.784553736918213, 40.880480884628902 ], [ -73.784554923751756, 40.880462096358052 ], [ -73.78455611768085, 40.880440744296777 ], [ -73.784555056642859, 40.880421098089379 ], [ -73.784553986087218, 40.880404013827594 ], [ -73.784552914321935, 40.880386929478441 ], [ -73.784551840659518, 40.880371552516323 ], [ -73.784553011224403, 40.880357034320127 ], [ -73.784556436060441, 40.880342520251943 ], [ -73.784560973316033, 40.880331425718445 ], [ -73.784572270780856, 40.880317779175854 ], [ -73.784581304970658, 40.880308402104681 ], [ -73.78459033961434, 40.880298169625775 ], [ -73.78460051899448, 40.880282813683486 ], [ -73.784603232567008, 40.880278429015647 ], [ -73.784608438436891, 40.880270017156398 ] ] ], [ [ [ -73.78422811119718, 40.880257347607298 ], [ -73.784223561590608, 40.880271857719912 ], [ -73.784228581753013, 40.880278428463924 ], [ -73.784231404915673, 40.880282123594654 ], [ -73.7842460192103, 40.880287274699327 ], [ -73.784260635061045, 40.880291573070991 ], [ -73.784277496108402, 40.88029758478816 ], [ -73.784280848066928, 40.880304422206528 ], [ -73.7842774517583, 40.880311249678222 ], [ -73.784268428611199, 40.880317211129977 ], [ -73.784252661769017, 40.880320598082719 ], [ -73.784236912886229, 40.880318859469824 ], [ -73.784220039286595, 40.880317120590242 ], [ -73.784203164364271, 40.880315382540736 ], [ -73.784189667330963, 40.880313647299197 ], [ -73.784167172442636, 40.880309335927734 ], [ -73.784150301515069, 40.880306741548708 ], [ -73.784133411630066, 40.880309272731452 ], [ -73.7841198867457, 40.880316079479421 ], [ -73.784107460493146, 40.880330577518606 ], [ -73.784099545392422, 40.880341665710034 ], [ -73.784093877799478, 40.880354466418524 ], [ -73.784089346007306, 40.880363854558446 ], [ -73.784083682750349, 40.880374946128789 ], [ -73.78407576884392, 40.880386036997187 ], [ -73.784065605523637, 40.880397120140053 ], [ -73.784049812108591, 40.880409049987641 ], [ -73.784036343164274, 40.88039791899201 ], [ -73.784025093862198, 40.880397044270218 ], [ -73.784017168849189, 40.880411549810027 ], [ -73.784006443327328, 40.880422206907689 ], [ -73.783997997411731, 40.88042432613981 ], [ -73.783978880162778, 40.880420020138637 ], [ -73.783962009326544, 40.880417425732325 ], [ -73.783948493190678, 40.880420816945289 ], [ -73.783936115187032, 40.880420793752855 ], [ -73.783924880232121, 40.880414792528434 ], [ -73.783912538784264, 40.88040281357609 ], [ -73.783905814297896, 40.880395112575108 ], [ -73.783895731825126, 40.880380574134293 ], [ -73.783889010472606, 40.880371164912482 ], [ -73.783885661681765, 40.880362618425401 ], [ -73.783889071570584, 40.88035237361791 ], [ -73.783898090763117, 40.8803472675989 ], [ -73.783905814272899, 40.880341044901371 ], [ -73.783906553160548, 40.880340449632257 ], [ -73.783905814352437, 40.880339732128917 ], [ -73.783900384266445, 40.880334458819078 ], [ -73.783882379550874, 40.880333571423186 ], [ -73.783866632985777, 40.880331833684153 ], [ -73.783845268384582, 40.880325813465014 ], [ -73.783830661986897, 40.880318953178659 ], [ -73.783817749706671, 40.88030996277142 ], [ -73.783813851080367, 40.880297570131425 ], [ -73.783819519937353, 40.880284768601229 ], [ -73.783824689302023, 40.880278427763685 ], [ -73.783828558578264, 40.88027368153125 ], [ -73.783833090398119, 40.880264294322785 ], [ -73.783827503316331, 40.88025232626503 ], [ -73.783819661616704, 40.880241207632977 ], [ -73.783810699555374, 40.880228378589081 ], [ -73.783802865843811, 40.880215551745067 ], [ -73.783797285892803, 40.880201021735466 ], [ -73.783790574468654, 40.880188196994752 ], [ -73.78378160408306, 40.880177930816586 ], [ -73.783771511312878, 40.880167660692869 ], [ -73.783761415010815, 40.880157393239386 ], [ -73.783752444279742, 40.880147981631126 ], [ -73.783742346421135, 40.880138566989565 ], [ -73.783730006169293, 40.880126584420061 ], [ -73.783718786382565, 40.88011631577568 ], [ -73.783713177105454, 40.880111178734602 ], [ -73.783704198405459, 40.880103474414554 ], [ -73.783694107215652, 40.880092353311767 ], [ -73.783686259994937, 40.880082943805732 ], [ -73.783681790536974, 40.880073539716932 ], [ -73.783681826680493, 40.880062434011791 ], [ -73.783684108340182, 40.880052190691124 ], [ -73.783697635536541, 40.880045381320485 ], [ -73.78370890254844, 40.880041133269081 ], [ -73.783720190234277, 40.880030903242215 ], [ -73.783724733163737, 40.880018101361905 ], [ -73.783731517284181, 40.880007862887041 ], [ -73.783747293868586, 40.880001060489526 ], [ -73.783761926299135, 40.880000233357066 ], [ -73.783772055917083, 40.880000252352247 ], [ -73.7837805170698, 40.879993435312208 ], [ -73.783780574026991, 40.879975926244953 ], [ -73.783798022138967, 40.879974676640408 ], [ -73.783818259847621, 40.87997984018326 ], [ -73.783843006898636, 40.879983302190858 ], [ -73.783865512762148, 40.879984198031281 ], [ -73.783883512637402, 40.879985088097385 ], [ -73.783899268200841, 40.879985117625438 ], [ -73.783917273173003, 40.879985151366512 ], [ -73.783937533977507, 40.879984333002362 ], [ -73.78395666255193, 40.879984368842635 ], [ -73.783973540148509, 40.879985256792061 ], [ -73.78399040653899, 40.879989558578202 ], [ -73.784008394505818, 40.879995572362432 ], [ -73.784018526037229, 40.879993883113769 ], [ -73.784030931256808, 40.879986217948414 ], [ -73.78403434156354, 40.879975119483944 ], [ -73.78403211869616, 40.879966573269087 ], [ -73.784024283641472, 40.879953749113412 ], [ -73.78402320889613, 40.879938372142931 ], [ -73.784023239428947, 40.879928975574167 ], [ -73.784025523351204, 40.879918730493152 ], [ -73.78403456357978, 40.879906789756518 ], [ -73.784042460772312, 40.879900827135316 ], [ -73.784057100287995, 40.879897438098759 ], [ -73.784070594114098, 40.879900879820774 ], [ -73.784087453841877, 40.879906888802331 ], [ -73.784097555879157, 40.87991502118691 ], [ -73.784095251153573, 40.879931674149269 ], [ -73.784090716620483, 40.879941915017589 ], [ -73.784083920365148, 40.879955569022407 ], [ -73.784077122898793, 40.879969221269441 ], [ -73.784066942985319, 40.879985431737197 ], [ -73.784054515117177, 40.880000781664926 ], [ -73.784043224717351, 40.880011864452165 ], [ -73.7840358827426, 40.880020392753323 ], [ -73.784044303454252, 40.880026387776859 ], [ -73.784065678327522, 40.880028136033005 ], [ -73.784066770950545, 40.880038386600006 ], [ -73.784057729493668, 40.880050329092946 ], [ -73.784057704521388, 40.88005801560471 ], [ -73.7840633023783, 40.880067420956998 ], [ -73.784073385652334, 40.880080250239679 ], [ -73.784080101095, 40.880092223996556 ], [ -73.784094665749578, 40.88011189365281 ], [ -73.784108115233352, 40.880129001182191 ], [ -73.784117070578546, 40.880143538332533 ], [ -73.784123794829185, 40.88015209205259 ], [ -73.78413275971036, 40.88016406825971 ], [ -73.784146209560589, 40.880180322132311 ], [ -73.784152933710061, 40.880188875850394 ], [ -73.78415964399025, 40.880201700567767 ], [ -73.784165774002958, 40.880220075789154 ], [ -73.78418094248282, 40.880227363910983 ], [ -73.78420232805766, 40.880226550281847 ], [ -73.784222003638348, 40.880231710023764 ], [ -73.784228152788913, 40.880244535527133 ], [ -73.78422811119718, 40.880257347607298 ] ] ], [ [ [ -73.785427356993978, 40.879850454636234 ], [ -73.785439161399992, 40.879853893974527 ], [ -73.785451499159791, 40.87986672816821 ], [ -73.785463867132506, 40.87987016855255 ], [ -73.785479622671161, 40.879870197864847 ], [ -73.785495378541555, 40.879869372602663 ], [ -73.785508871332823, 40.879872814154524 ], [ -73.785518981634837, 40.879878813132045 ], [ -73.785525113428491, 40.879896333710896 ], [ -73.785517763560875, 40.879906995305497 ], [ -73.785503113095103, 40.879913800122061 ], [ -73.785487333836826, 40.879921459167463 ], [ -73.785471561410873, 40.879927409997656 ], [ -73.785456916783872, 40.879931651936793 ], [ -73.785441152512163, 40.879935040898118 ], [ -73.785426510640292, 40.879938428265639 ], [ -73.785412986400019, 40.879944383271308 ], [ -73.78539831925346, 40.879956314479706 ], [ -73.785388159307558, 40.879965690438745 ], [ -73.78537575358132, 40.879975063974562 ], [ -73.785362243022306, 40.879976744376208 ], [ -73.785350999733524, 40.879973307831065 ], [ -73.785333022346862, 40.87996473323367 ], [ -73.785327417254024, 40.879957890729571 ], [ -73.785321820442391, 40.879948484605642 ], [ -73.785313986803288, 40.879934804209945 ], [ -73.785308400590353, 40.879922834385013 ], [ -73.785307318815939, 40.879909166475848 ], [ -73.78530960529983, 40.879898066801552 ], [ -73.785314144057708, 40.87988611766766 ], [ -73.78532430554975, 40.879875887144969 ], [ -73.785386256181383, 40.879858064705907 ], [ -73.785405402031444, 40.879853831152644 ], [ -73.785427356993978, 40.879850454636234 ] ] ] ] } },
{ "type": "Feature", "properties": { "Borough": "BX", "Block": 5650, "Lot": 2, "CD": 228, "BCT2020": "2050400", "BCTCB2020": "20504001003", "CT2010": "504", "CB2010": "1005", "SchoolDist": "11", "Council": 13, "ZipCode": 10464, "FireComp": "L053", "PolicePrct": 45, "HealthCent": 24, "HealthArea": 710, "Sanitboro": null, "SanitDistr": null, "SanitSub": null, "Address": "3 PELHAM BAY PARK", "ZoneDist1": "PARK", "ZoneDist2": null, "ZoneDist3": null, "ZoneDist4": null, "Overlay1": null, "Overlay2": null, "SPDist1": null, "SPDist2": null, "SPDist3": null, "LtdHeight": null, "SplitZone": "N", "BldgClass": "Q1", "LandUse": "09", "Easements": 0, "OwnerType": "C", "OwnerName": "NYC DEPARTMENT OF PARKS AND RECREATION", "LotArea": 21000000, "BldgArea": 12150, "ComArea": 12150, "ResArea": 0, "OfficeArea": 0, "RetailArea": 0, "GarageArea": 12150, "StrgeArea": 0, "FactryArea": 0, "OtherArea": 0, "AreaSource": "2", "NumBldgs": 3, "NumFloors": 1.0, "UnitsRes": 0, "UnitsTotal": 1, "LotFront": 1500.0, "LotDepth": 1500.0, "BldgFront": 85.0, "BldgDepth": 30.0, "Ext": "E", "ProxCode": "0", "IrrLotCode": "Y", "LotType": "5", "BsmtCode": "0", "AssessLand": 27486450.0, "AssessTot": 32090850.0, "ExemptTot": 32090850.0, "YearBuilt": 1935, "YearAlter1": 0, "YearAlter2": 0, "HistDist": null, "Landmark": null, "BuiltFAR": 0.0, "ResidFAR": 0.0, "CommFAR": 0.0, "FacilFAR": 0.0, "BoroCode": 2, "BBL": 2056500002.0000002, "CondoNo": 0, "Tract2010": "0504", "XCoord": 1035573, "YCoord": 259452, "ZoneMap": "2d", "ZMCode": "Y", "Sanborn": "218 075", "TaxMap": "21810", "EDesigNum": null, "APPBBL": 0.0, "APPDate": null, "PLUTOMapID": "1", "FIRM07_FLA": "1", "PFIRM15_FL": "1", "Version": "25v4", "DCPEdited": "t", "Latitude": 40.8786608, "Longitude": -73.8144086, "Notes": null, "Shape_Leng": 0.0, "Shape_Area": 20396020.9476 }, "geometry": { "type": "MultiPolygon", "coordinates": [ [ [ [ -73.809448829902934, 40.886839087555217 ], [ -73.809216246565214, 40.886777784842394 ], [ -73.809137420112123, 40.886956169200936 ], [ -73.80905816388433, 40.886935414991243 ], [ -73.808857791107556, 40.886882942845183 ], [ -73.806727346139212, 40.886325011764505 ], [ -73.805788538621997, 40.886079136073974 ], [ -73.805218623117, 40.885929077192252 ], [ -73.804158594114952, 40.885650440622427 ], [ -73.807120270111042, 40.880624579761268 ], [ -73.807230658290749, 40.880658055480268 ], [ -73.814567445975101, 40.868188916002907 ], [ -73.81459658215249, 40.86814100303944 ], [ -73.814611394695831, 40.86814734243098 ], [ -73.814620389652532, 40.868149919700102 ], [ -73.814629383400515, 40.868152496045177 ], [ -73.814639508841211, 40.868153365980959 ], [ -73.814649633136526, 40.868153382259905 ], [ -73.814674387968253, 40.868152568405591 ], [ -73.81470928142258, 40.868147499810654 ], [ -73.814726170603791, 40.868143255004085 ], [ -73.814745310106545, 40.868139017407927 ], [ -73.814789232994698, 40.868123713005353 ], [ -73.814801627578916, 40.868117753656847 ], [ -73.814815150429212, 40.868110089647566 ], [ -73.814853486400565, 40.868081108573527 ], [ -73.814867012675336, 40.868071734578962 ], [ -73.814885039432241, 40.868063222382766 ], [ -73.814896300151759, 40.868059824844664 ], [ -73.814925570866478, 40.868053892580079 ], [ -73.814957085940705, 40.868049671220298 ], [ -73.814993094315042, 40.868048020785821 ], [ -73.815035848527302, 40.868048944889345 ], [ -73.815088721168266, 40.868051592516309 ], [ -73.815107845102958, 40.868053331419006 ], [ -73.815123587141073, 40.868056772204412 ], [ -73.815187677700578, 40.868072249116196 ], [ -73.815245010345237, 40.868089423306074 ], [ -73.815254002943817, 40.868092855096187 ], [ -73.815262993173505, 40.868097139699593 ], [ -73.815283212045813, 40.868109130621598 ], [ -73.815307915862093, 40.868127107067266 ], [ -73.815330358875883, 40.868148496427473 ], [ -73.815353919182996, 40.86817245029151 ], [ -73.815378028873454, 40.868201957549374 ], [ -73.815381380480787, 40.868210289727699 ], [ -73.815383042952845, 40.868219474778755 ], [ -73.815381898262629, 40.868226304019679 ], [ -73.815379624313323, 40.868234843363155 ], [ -73.815375102517237, 40.868242521853269 ], [ -73.815363803831829, 40.868259586965976 ], [ -73.815355900231864, 40.868268970946026 ], [ -73.815345750980256, 40.868277496752917 ], [ -73.815295015739423, 40.868314996590293 ], [ -73.815282038654175, 40.868328640790139 ], [ -73.815276954583183, 40.868336319212951 ], [ -73.815271292797917, 40.86834912415722 ], [ -73.815267879975849, 40.868362784602859 ], [ -73.815265584645957, 40.868379010477817 ], [ -73.815265522941729, 40.868401215596982 ], [ -73.815266543125759, 40.868438800188983 ], [ -73.815269840645698, 40.868466992627432 ], [ -73.815275399224333, 40.868491770476169 ], [ -73.815286019403061, 40.868516129606078 ], [ -73.815293309819708, 40.868524255604633 ], [ -73.815301169640875, 40.868530246621567 ], [ -73.815313527617718, 40.868536245682186 ], [ -73.815348370131701, 40.868549968248786 ], [ -73.815362690728705, 40.868558745743165 ], [ -73.815398893276125, 40.868589339429867 ], [ -73.815407869406968, 40.868597895868234 ], [ -73.815413472994052, 40.868606445984284 ], [ -73.8154199118338, 40.868617133413316 ], [ -73.815421289045744, 40.868627811901234 ], [ -73.815419582091565, 40.86863464208318 ], [ -73.815412234703047, 40.868646588002932 ], [ -73.815403206388368, 40.868656821998535 ], [ -73.815367101699621, 40.86869263982485 ], [ -73.815353557440091, 40.868707992189172 ], [ -73.815323069426768, 40.868747232693799 ], [ -73.815315158481809, 40.868760031358349 ], [ -73.815309495459204, 40.868772834461424 ], [ -73.815306659254276, 40.868781797970499 ], [ -73.815307172866497, 40.8687993088284 ], [ -73.815310506121037, 40.868814690986788 ], [ -73.815318330446544, 40.868832638625619 ], [ -73.815366454092157, 40.86892581664118 ], [ -73.815398343163437, 40.868989928752136 ], [ -73.815407316897009, 40.868999764746242 ], [ -73.815416863585071, 40.869006187041165 ], [ -73.815429220505081, 40.86901303890339 ], [ -73.815459562791943, 40.869026753309427 ], [ -73.815471923301956, 40.869032751435071 ], [ -73.815587642756611, 40.869094435768929 ], [ -73.815602243962417, 40.869103853002159 ], [ -73.81561459144298, 40.869114122207897 ], [ -73.81562356166458, 40.869125241421038 ], [ -73.81562803848594, 40.86913379064368 ], [ -73.815632489261006, 40.869151731944328 ], [ -73.815634693297355, 40.869167965021447 ], [ -73.815634645922856, 40.869185047314112 ], [ -73.815633474021482, 40.869202128645867 ], [ -73.815628927339858, 40.869219204578826 ], [ -73.815622125599177, 40.86923713156385 ], [ -73.815614202920472, 40.869254200257636 ], [ -73.815604028758585, 40.869271267271998 ], [ -73.815590474961084, 40.8692900352682 ], [ -73.815545309620177, 40.869347191967222 ], [ -73.815463965616061, 40.869467493520339 ], [ -73.815442492620363, 40.869501623797412 ], [ -73.815430049134775, 40.869525520996724 ], [ -73.815423235455981, 40.869547717057088 ], [ -73.815420954361088, 40.869558815593237 ], [ -73.815420925900867, 40.869569065838654 ], [ -73.815421999464718, 40.869587859910368 ], [ -73.815425317357153, 40.869608362290506 ], [ -73.81543980366277, 40.869659635180412 ], [ -73.815447575842242, 40.869696375076458 ], [ -73.815452042034792, 40.869709195320148 ], [ -73.815458757299126, 40.869722017322566 ], [ -73.815465487999234, 40.869729715584668 ], [ -73.815476714570778, 40.869738274781767 ], [ -73.815486827200161, 40.869743414732831 ], [ -73.815525041775118, 40.869758850867157 ], [ -73.815544148352629, 40.869765715274575 ], [ -73.815589117316179, 40.869779453129588 ], [ -73.815611036650779, 40.869787600666633 ], [ -73.815619461252638, 40.869792312919884 ], [ -73.815626195504137, 40.869798302949093 ], [ -73.81563628798483, 40.869810278529911 ], [ -73.815643009249072, 40.869821390545439 ], [ -73.815651941782406, 40.86984617644179 ], [ -73.815664156726655, 40.869905129642078 ], [ -73.815668607496136, 40.869922220882792 ], [ -73.815671929053948, 40.869941871279146 ], [ -73.815677328023099, 40.870023875121184 ], [ -73.815680654322335, 40.870041818216883 ], [ -73.815685111060844, 40.870057198559337 ], [ -73.815697407843814, 40.870086259940351 ], [ -73.815714209847229, 40.870113617616639 ], [ -73.815736640556111, 40.870140133395132 ], [ -73.815762455696458, 40.870163236196312 ], [ -73.815706161583421, 40.870175957549293 ], [ -73.815676880423382, 40.87018530552929 ], [ -73.815664487844117, 40.870191264973201 ], [ -73.815654344341141, 40.870197228932426 ], [ -73.815644753640029, 40.870206607553612 ], [ -73.815639669354397, 40.870214286909665 ], [ -73.815636547198949, 40.870224106298785 ], [ -73.815637358739068, 40.870235637447614 ], [ -73.815639587712042, 40.870243328583001 ], [ -73.815643504712057, 40.87025102141402 ], [ -73.815652199318677, 40.870260644447121 ], [ -73.815662587816291, 40.870267280557883 ], [ -73.815685630560338, 40.870275859462666 ], [ -73.815708120627036, 40.870281019267708 ], [ -73.815732863297669, 40.870284476196503 ], [ -73.815759864527905, 40.87028622758065 ], [ -73.815794747184654, 40.870285429671092 ], [ -73.815831882393766, 40.870283780775814 ], [ -73.815871272742157, 40.870280425400281 ], [ -73.815914042644337, 40.870275369941936 ], [ -73.815954566978235, 40.870268601649975 ], [ -73.815983843412468, 40.870260959979582 ], [ -73.815996232457366, 40.870256709644792 ], [ -73.816007501683728, 40.870250750213835 ], [ -73.816016515831208, 40.870245639831388 ], [ -73.816024411489678, 40.870238817763024 ], [ -73.816031182384975, 40.870231994735455 ], [ -73.816036831255929, 40.870223463445733 ], [ -73.816047009024075, 40.870205543668114 ], [ -73.816049281735388, 40.870197007074069 ], [ -73.81605382014132, 40.870183345729501 ], [ -73.816057267085228, 40.870157727722336 ], [ -73.816057288353818, 40.870150041189369 ], [ -73.816056190965426, 40.87013978914856 ], [ -73.816048425425691, 40.870099632850902 ], [ -73.816048451422375, 40.870090238012686 ], [ -73.816049603173639, 40.870080843215739 ], [ -73.81605758613965, 40.870042420274672 ], [ -73.816066695997293, 40.87000314455566 ], [ -73.816078056238041, 40.869963872427348 ], [ -73.816091668997913, 40.869923751156144 ], [ -73.816108673161764, 40.8698785086847 ], [ -73.81613246362663, 40.869819611292655 ], [ -73.816167563223033, 40.869740233105532 ], [ -73.816168519267777, 40.869738275843531 ], [ -73.816183403804686, 40.86970780102213 ], [ -73.816200367701967, 40.869677079876531 ], [ -73.816207139780417, 40.86966940318608 ], [ -73.816220676959716, 40.869656610754404 ], [ -73.816234205783175, 40.869647238362511 ], [ -73.816277031908854, 40.869621682194115 ], [ -73.816288308084651, 40.869613159943299 ], [ -73.816297333991301, 40.869604632265336 ], [ -73.816317653778682, 40.86957989478833 ], [ -73.816334595132716, 40.869556860237971 ], [ -73.816349284994274, 40.869533822014404 ], [ -73.816361727001521, 40.86951078020811 ], [ -73.816371922280098, 40.869485172939847 ], [ -73.816388970962862, 40.869423702867635 ], [ -73.816399169683677, 40.86939724010675 ], [ -73.816415005417269, 40.869367370785206 ], [ -73.816431949044883, 40.869343481649423 ], [ -73.816452253295253, 40.869324723383194 ], [ -73.81646352708961, 40.869316199270962 ], [ -73.816474796117177, 40.869310238871961 ], [ -73.816505214271402, 40.869296194556121 ], [ -73.816535624022578, 40.869284711264356 ], [ -73.816569402829359, 40.869276224796408 ], [ -73.816603176920026, 40.869269444698773 ], [ -73.816625689022786, 40.869266916788156 ], [ -73.816676326455081, 40.869264436281462 ], [ -73.816698837340525, 40.869261909274705 ], [ -73.816783246474614, 40.869253503239555 ], [ -73.816822645575769, 40.869246732017714 ], [ -73.816841788728624, 40.869241635909724 ], [ -73.81685868400514, 40.869234829838341 ], [ -73.816873330118696, 40.86922802111161 ], [ -73.816885730679502, 40.869219498748016 ], [ -73.816908294540596, 40.869197328453623 ], [ -73.816957952059582, 40.869142742913802 ], [ -73.817040315232717, 40.869060875767502 ], [ -73.817068514632908, 40.869035296088171 ], [ -73.817097832618941, 40.869011426489635 ], [ -73.817126024924406, 40.868988409588077 ], [ -73.817155338129197, 40.868967104525566 ], [ -73.817191409228442, 40.868943245614204 ], [ -73.817235360258451, 40.868917691791985 ], [ -73.817252804479253, 40.868907908280555 ], [ -73.817270292624116, 40.868898100241559 ], [ -73.817318744053665, 40.868873408932764 ], [ -73.81732775568031, 40.868869151344427 ], [ -73.817337890652723, 40.868866604600953 ], [ -73.817387424353257, 40.868856434544973 ], [ -73.817398683764026, 40.868853034167095 ], [ -73.817407695342155, 40.868849633740453 ], [ -73.8174245951502, 40.868841120201445 ], [ -73.817441499620898, 40.868831750336916 ], [ -73.817457281835203, 40.868820670462185 ], [ -73.817473070051705, 40.868807884208245 ], [ -73.817487733555623, 40.868794242433687 ], [ -73.8175012784491, 40.868778887059207 ], [ -73.817528371701755, 40.868745621708285 ], [ -73.817615349092407, 40.868621909222142 ], [ -73.817680023931487, 40.868526775544318 ], [ -73.817687634506669, 40.868521661055254 ], [ -73.817698335097916, 40.868516980118876 ], [ -73.817707903090692, 40.868515287021616 ], [ -73.817719157816967, 40.868514452084838 ], [ -73.817742780114145, 40.868516195823297 ], [ -73.817757397923756, 40.868520063137765 ], [ -73.81776863504804, 40.868525207429236 ], [ -73.81777537167028, 40.868529914097529 ], [ -73.817784346944805, 40.868540177739796 ], [ -73.817792188283519, 40.868552150412391 ], [ -73.817817916808295, 40.868606854560149 ], [ -73.817824635966929, 40.868618822862878 ], [ -73.8178324831146, 40.868629083715874 ], [ -73.817859401850143, 40.868659874450465 ], [ -73.817878479230487, 40.868678696110507 ], [ -73.817897567109227, 40.868693246668784 ], [ -73.817907677533896, 40.868699241899243 ], [ -73.817917788973602, 40.868704384397823 ], [ -73.817930150666101, 40.868709526768036 ], [ -73.817945894324694, 40.868712969010303 ], [ -73.817989654294081, 40.868719081036438 ], [ -73.818007752099376, 40.868721608747698 ], [ -73.818021246630451, 40.86872504475236 ], [ -73.818033616549315, 40.868727628839004 ], [ -73.818095438286889, 40.868749931707612 ], [ -73.818176359705234, 40.868782516636088 ], [ -73.818246046210092, 40.868809105537444 ], [ -73.818264027153333, 40.868816822294917 ], [ -73.818277511271546, 40.868823676466683 ], [ -73.818284246882953, 40.868829664587416 ], [ -73.818290264082748, 40.868840245781634 ], [ -73.818285507380494, 40.868848458008543 ], [ -73.818262777787083, 40.868862087169227 ], [ -73.81823687241338, 40.868872297537244 ], [ -73.818142275263156, 40.868902896538394 ], [ -73.818042053006067, 40.868933487419419 ], [ -73.818003760031885, 40.868947091960599 ], [ -73.817993995281711, 40.868952203070315 ], [ -73.817989654123494, 40.868955783002825 ], [ -73.817985725289347, 40.868959022927143 ], [ -73.817982334040408, 40.868964995911547 ], [ -73.817978940582449, 40.868970970733791 ], [ -73.81797779611901, 40.868978655494942 ], [ -73.817977751686598, 40.86899488321901 ], [ -73.817981073877334, 40.869014535393788 ], [ -73.817989654015363, 40.869035037810654 ], [ -73.817990015327325, 40.869035901070831 ], [ -73.81800232572391, 40.869060690364599 ], [ -73.81801801082149, 40.869084630409162 ], [ -73.818047157918897, 40.869123965756884 ], [ -73.818070711407955, 40.869151337348008 ], [ -73.818084182679399, 40.869162460794968 ], [ -73.818096533990243, 40.869171876002873 ], [ -73.818110014502679, 40.869179584761987 ], [ -73.81812349856321, 40.869186440791324 ], [ -73.818260611738381, 40.869243028744698 ], [ -73.818377510212642, 40.869286774269582 ], [ -73.818422466557649, 40.869304782869868 ], [ -73.818431079911832, 40.869309919365193 ], [ -73.818437064708789, 40.869315482143989 ], [ -73.81844154774079, 40.86932189437092 ], [ -73.818443781674759, 40.869327877149274 ], [ -73.818444888748402, 40.869334712726761 ], [ -73.818443718692336, 40.86935093867698 ], [ -73.818438044651487, 40.869368866598855 ], [ -73.818428987611327, 40.869389349317146 ], [ -73.818414298392085, 40.869412387806086 ], [ -73.818396222629644, 40.869437983761038 ], [ -73.818388320508191, 40.869448223358965 ], [ -73.818377038840438, 40.869459307772871 ], [ -73.818322905053051, 40.86950534655945 ], [ -73.818311617371165, 40.869518140105221 ], [ -73.818303707015374, 40.869530940730833 ], [ -73.818289006074281, 40.869557393800164 ], [ -73.818276552015348, 40.869586415890254 ], [ -73.818264086077889, 40.869618852660459 ], [ -73.818252733089878, 40.86965556313455 ], [ -73.818240224077158, 40.869704228544741 ], [ -73.818235957606291, 40.869738279132797 ], [ -73.818235623105821, 40.869740948742368 ], [ -73.818235578731034, 40.869757178220709 ], [ -73.818237786976468, 40.869772554920516 ], [ -73.818239997555423, 40.8697870778864 ], [ -73.818246704017653, 40.869803318092316 ], [ -73.818252308093335, 40.869811014416349 ], [ -73.818260727093687, 40.869818288349066 ], [ -73.818279260191048, 40.869829846579293 ], [ -73.818296120428414, 40.869836706989446 ], [ -73.818305114539712, 40.869839285725106 ], [ -73.818316360220166, 40.869841436748274 ], [ -73.818330424169815, 40.869841458913001 ], [ -73.818339432920894, 40.869839124557735 ], [ -73.818346474769299, 40.869835078037099 ], [ -73.81835239854783, 40.869829108112199 ], [ -73.81835805406763, 40.869818868575265 ], [ -73.818366573495396, 40.869788987460694 ], [ -73.8183694081482, 40.869781303519787 ], [ -73.818378440823636, 40.869769361910073 ], [ -73.818400993811068, 40.869751460583423 ], [ -73.818419674278701, 40.869738279454275 ], [ -73.818451722634379, 40.869715665768403 ], [ -73.81847427912632, 40.869696911616622 ], [ -73.81850473430535, 40.869668771502532 ], [ -73.818535203428553, 40.869636361207945 ], [ -73.818545364018817, 40.869623566786572 ], [ -73.818555531696418, 40.869609062390005 ], [ -73.81858379591506, 40.86955871359558 ], [ -73.818595097430858, 40.869540792682869 ], [ -73.818600740022589, 40.869534824060139 ], [ -73.818606381511671, 40.869528855434083 ], [ -73.818622167242651, 40.869516920834421 ], [ -73.818639073945874, 40.869505844410185 ], [ -73.818683021350765, 40.869481996505058 ], [ -73.818703312246996, 40.869468361588787 ], [ -73.818711207436507, 40.869460687437901 ], [ -73.818717980412487, 40.869453011521706 ], [ -73.818722504237599, 40.869444477410546 ], [ -73.818724775468368, 40.869436792656948 ], [ -73.818725924495041, 40.869428254158727 ], [ -73.818725950112835, 40.86941885940373 ], [ -73.818722625350844, 40.869400062659629 ], [ -73.818713676651683, 40.869380402581029 ], [ -73.818685689726536, 40.86932825789156 ], [ -73.818680107726991, 40.869312020482347 ], [ -73.818677897068696, 40.869297496519827 ], [ -73.818676584730412, 40.869275887487348 ], [ -73.818947617232809, 40.869619832943535 ], [ -73.820312195581579, 40.870293211707818 ], [ -73.820601706413001, 40.870436072732716 ], [ -73.821843177451086, 40.871048670919478 ], [ -73.821875209067031, 40.871944774519555 ], [ -73.821836893993961, 40.871987818793457 ], [ -73.821780481610688, 40.87204410410402 ], [ -73.821717315681994, 40.872102087252713 ], [ -73.821683485687231, 40.872129367570729 ], [ -73.821650794125034, 40.872152377607769 ], [ -73.821618112759126, 40.872170264893384 ], [ -73.821585440569692, 40.872185589298596 ], [ -73.821577558042151, 40.872188138060132 ], [ -73.821568552017268, 40.872189832347559 ], [ -73.821548293004156, 40.872192362953605 ], [ -73.821525790483477, 40.872191474380344 ], [ -73.821460540062176, 40.872186248658345 ], [ -73.821440285628086, 40.87218707278209 ], [ -73.821431279599821, 40.872188767058788 ], [ -73.82142339936145, 40.872190461322361 ], [ -73.82137948098719, 40.872203206367232 ], [ -73.82133893306883, 40.872218518499231 ], [ -73.821304006920442, 40.872234692984854 ], [ -73.821272451343063, 40.87225343373084 ], [ -73.821240881721025, 40.872276448151148 ], [ -73.821218320663476, 40.87229776655095 ], [ -73.821210417324053, 40.872308002738322 ], [ -73.821203636365283, 40.872319096243217 ], [ -73.821199109279959, 40.872329339505086 ], [ -73.82119597687651, 40.872342786133032 ], [ -73.821199608328257, 40.872352400972254 ], [ -73.821206904549513, 40.872359244278265 ], [ -73.821221427054553, 40.872369760113749 ], [ -73.821229364673556, 40.872375507814127 ], [ -73.82123890775344, 40.872383210095883 ], [ -73.821245351357106, 40.872393470372252 ], [ -73.821247282622068, 40.872407138348592 ], [ -73.821246124671404, 40.872419096822057 ], [ -73.821243841071208, 40.872431902769215 ], [ -73.821239305876432, 40.87244470974273 ], [ -73.821225727865112, 40.872472874061025 ], [ -73.821201998273978, 40.872509563770571 ], [ -73.82119296921914, 40.87251980013302 ], [ -73.821181689788858, 40.872530033757869 ], [ -73.8211681610738, 40.872539407646357 ], [ -73.821151260800278, 40.872547923484198 ], [ -73.821132114860887, 40.87255472576836 ], [ -73.821111844097999, 40.872560673569289 ], [ -73.821090453461679, 40.87256491056565 ], [ -73.821069068525063, 40.872567438336368 ], [ -73.821038685585151, 40.872568246667036 ], [ -73.821006062451232, 40.872564779563199 ], [ -73.820973450950021, 40.872557895093365 ], [ -73.820941970931884, 40.872548451328022 ], [ -73.820913873978512, 40.872535596438709 ], [ -73.820888035522216, 40.872520182166369 ], [ -73.820866698801041, 40.872503920392568 ], [ -73.820857723853436, 40.872494509816207 ], [ -73.820849872276526, 40.872485100983617 ], [ -73.820845386436488, 40.872479115677422 ], [ -73.820843154478879, 40.872472280135426 ], [ -73.820837572898171, 40.872456043677794 ], [ -73.820836490847213, 40.872439813376609 ], [ -73.820834352083537, 40.872398810671847 ], [ -73.820831028875205, 40.872379160431073 ], [ -73.820826553462283, 40.872369759521639 ], [ -73.820819829993965, 40.872359498786771 ], [ -73.82081253502956, 40.872352653618051 ], [ -73.820800738116901, 40.872345804128535 ], [ -73.82078724963813, 40.87234065580077 ], [ -73.820776004718539, 40.872338077275103 ], [ -73.820763630562013, 40.872336775799376 ], [ -73.820753501396169, 40.872337471400215 ], [ -73.820744738191138, 40.872341919711026 ], [ -73.820736563936507, 40.872359367495257 ], [ -73.820733493238222, 40.87236975940727 ], [ -73.820732022844169, 40.872374735483795 ], [ -73.82073085328814, 40.872390963206122 ], [ -73.820729683734768, 40.872407189086978 ], [ -73.820731891547666, 40.872423422143775 ], [ -73.820736349725109, 40.872438802202559 ], [ -73.820741934793688, 40.872454185017268 ], [ -73.820749771320962, 40.872468718515464 ], [ -73.820763226386461, 40.87248667628365 ], [ -73.820781185596061, 40.872502931988294 ], [ -73.82080140341094, 40.872516630157243 ], [ -73.82081263793323, 40.872522627796712 ], [ -73.820823879495734, 40.872526913620128 ], [ -73.820892449906196, 40.872551790853713 ], [ -73.820950911499665, 40.872570674093758 ], [ -73.821029618493071, 40.872592148694054 ], [ -73.821094839272888, 40.872607623139373 ], [ -73.821117331626937, 40.872611929991763 ], [ -73.821170206961099, 40.872616283055862 ], [ -73.821196076067764, 40.872620380797997 ], [ -73.821208999308908, 40.872626164843425 ], [ -73.821216293306563, 40.872633436812478 ], [ -73.82122189796516, 40.87264113214956 ], [ -73.821223833312047, 40.872653733903341 ], [ -73.821220711362045, 40.872664191838787 ], [ -73.821217319112804, 40.872670164996364 ], [ -73.821210550709154, 40.872676987408624 ], [ -73.821201531906325, 40.872682953596943 ], [ -73.821180126364325, 40.872693169757717 ], [ -73.821121551970322, 40.87271614141509 ], [ -73.821108027806162, 40.87272380699158 ], [ -73.821099573596271, 40.872729773127958 ], [ -73.821090551463186, 40.872737871678595 ], [ -73.82108207890451, 40.872750243867152 ], [ -73.821077547045064, 40.872761341690776 ], [ -73.82107526448624, 40.872773293982199 ], [ -73.821075234593877, 40.872784399713126 ], [ -73.821079138581808, 40.872797216097389 ], [ -73.821084178705718, 40.8728061937231 ], [ -73.821089789109834, 40.872811754022671 ], [ -73.821097646446873, 40.87281859912455 ], [ -73.821106635390265, 40.872823738676693 ], [ -73.821116745522971, 40.872829732699792 ], [ -73.821127987151513, 40.87283402117113 ], [ -73.821152722964896, 40.87284089245847 ], [ -73.821180839672735, 40.872846059920683 ], [ -73.821210093556402, 40.87284695894936 ], [ -73.821238228641505, 40.87284529518957 ], [ -73.821265245903007, 40.872840212400213 ], [ -73.821276510504703, 40.872835959756941 ], [ -73.821287773895364, 40.872831706190624 ], [ -73.821305878741612, 40.872822401876135 ], [ -73.821315943413268, 40.872817229465262 ], [ -73.821341871611693, 40.872799331801076 ], [ -73.82136555980253, 40.872778016966912 ], [ -73.821385876377434, 40.872754133264969 ], [ -73.821405081047047, 40.872725974886201 ], [ -73.821417517307736, 40.872704641687378 ], [ -73.821425444584975, 40.872685007974141 ], [ -73.821427721409634, 40.872675617548097 ], [ -73.821428875817205, 40.872664516319048 ], [ -73.821427204945579, 40.872658105807361 ], [ -73.82142104032873, 40.872649982869305 ], [ -73.821408691278009, 40.872638859801405 ], [ -73.821381734864318, 40.872620880186702 ], [ -73.821373877453766, 40.87261360919657 ], [ -73.821367428067404, 40.872605484892951 ], [ -73.821366326504091, 40.872597368792142 ], [ -73.82138870508804, 40.872538895909742 ], [ -73.821409069901179, 40.872497929001199 ], [ -73.821420371154971, 40.87248000782121 ], [ -73.821423760945478, 40.872474036492548 ], [ -73.821431279087633, 40.872468067963482 ], [ -73.821438977630521, 40.872464236606248 ], [ -73.821448550642174, 40.872461260886375 ], [ -73.821457554520265, 40.872460421178438 ], [ -73.821477811346298, 40.872459598895432 ], [ -73.821511557824223, 40.872463065765174 ], [ -73.821535178127348, 40.872466521549384 ], [ -73.821558791671308, 40.872472537359528 ], [ -73.821585770889499, 40.872481973907234 ], [ -73.821618364214004, 40.872496545658848 ], [ -73.821656561044975, 40.872518809956624 ], [ -73.821700386720835, 40.872540232054661 ], [ -73.821721741874725, 40.872549659871638 ], [ -73.821736356156876, 40.87255480715298 ], [ -73.82175322429319, 40.872558249774507 ], [ -73.821812840343839, 40.872565176604304 ], [ -73.821833084680762, 40.872569477165939 ], [ -73.821843205203692, 40.872572056528476 ], [ -73.821853322124653, 40.872575486777656 ], [ -73.821861187587245, 40.872579770880407 ], [ -73.82186792847979, 40.872584050484718 ], [ -73.821891501974363, 40.872604587560552 ], [ -73.821899105118447, 40.872613282830315 ], [ -73.821906786773511, 40.872828183057294 ], [ -73.821868269077001, 40.872876165897758 ], [ -73.821814035401658, 40.872959786385046 ], [ -73.821791452476972, 40.872988792258937 ], [ -73.821755339609652, 40.873028026654907 ], [ -73.821720365170719, 40.873062990935928 ], [ -73.82166623184051, 40.873108177610561 ], [ -73.821659468131557, 40.873113291828062 ], [ -73.821650453900375, 40.873117547070017 ], [ -73.821641441973696, 40.873121805995147 ], [ -73.821631307731963, 40.873124352196299 ], [ -73.821621175782624, 40.873126043825522 ], [ -73.821612171922595, 40.873126884467631 ], [ -73.821598390074584, 40.873125796992923 ], [ -73.821576187262082, 40.87311828672167 ], [ -73.821557085840027, 40.873108008714283 ], [ -73.821537986607979, 40.87309687604872 ], [ -73.821486319245267, 40.873061775094889 ], [ -73.821469467047734, 40.873052355965427 ], [ -73.821453734974781, 40.873044643198398 ], [ -73.82142113925056, 40.873031780462483 ], [ -73.821399774697454, 40.873025768109343 ], [ -73.821389654232789, 40.87302318879204 ], [ -73.821380653892106, 40.873023174846928 ], [ -73.821371651127265, 40.873023160897333 ], [ -73.821363770780735, 40.87302485867059 ], [ -73.821309723299166, 40.873038439886962 ], [ -73.821305878502969, 40.873039620208601 ], [ -73.821243279779196, 40.873058837443615 ], [ -73.821181349700396, 40.873074970097875 ], [ -73.821173465839053, 40.873077519749536 ], [ -73.821165578461816, 40.873080924888619 ], [ -73.821157123114872, 40.873086889185657 ], [ -73.82108099381189, 40.87315339484207 ], [ -73.821012191518605, 40.873213930728433 ], [ -73.820954671096686, 40.873263380996022 ], [ -73.820945646505294, 40.873271908114496 ], [ -73.820937741901346, 40.873282146119784 ], [ -73.820917405383881, 40.873312862701027 ], [ -73.820906106158276, 40.873329927501601 ], [ -73.820898200453442, 40.873341019155582 ], [ -73.820889173543932, 40.873350400004192 ], [ -73.820871130022553, 40.87336574693235 ], [ -73.820850831354448, 40.873381089433046 ], [ -73.820827162420159, 40.873396427695887 ], [ -73.82080124306114, 40.873410907798636 ], [ -73.820760676940807, 40.873432198114585 ], [ -73.820725753532571, 40.873447517854956 ], [ -73.820697597553988, 40.873456869774188 ], [ -73.820636788049228, 40.873473858453117 ], [ -73.820612012756783, 40.873481507384859 ], [ -73.820593990975198, 40.873488313168437 ], [ -73.820574838885051, 40.873496823576275 ], [ -73.820556806774277, 40.87350704403444 ], [ -73.820538773452085, 40.873518119898804 ], [ -73.820516220970291, 40.873536022552834 ], [ -73.820499290376901, 40.873554784932956 ], [ -73.820492512580955, 40.873565024745623 ], [ -73.820487984085119, 40.873575268812971 ], [ -73.820484580189515, 40.873585512957412 ], [ -73.820482304412792, 40.873594903281386 ], [ -73.820482281346727, 40.873603444465239 ], [ -73.820483380569868, 40.873612842804967 ], [ -73.820486733723996, 40.873621388241062 ], [ -73.820490086873235, 40.87362993643854 ], [ -73.820494566936276, 40.873637629139651 ], [ -73.82050017522127, 40.873644471700494 ], [ -73.820506912608067, 40.873649607707598 ], [ -73.82051477702214, 40.873654744716475 ], [ -73.820543994242826, 40.873668455098233 ], [ -73.820573220920167, 40.873679605446547 ], [ -73.82059008467202, 40.87368475553658 ], [ -73.820629443318083, 40.873694213411923 ], [ -73.820648556399007, 40.873700220562561 ], [ -73.820667658936657, 40.873709646909226 ], [ -73.820687880493224, 40.873721636036457 ], [ -73.82070697043747, 40.873736185197252 ], [ -73.8207271792878, 40.873753299898233 ], [ -73.820799007418699, 40.873822597150699 ], [ -73.820865229785966, 40.873885050061176 ], [ -73.820898908994394, 40.873913290518459 ], [ -73.820940459621511, 40.873944103231445 ], [ -73.820993252100664, 40.873979204412933 ], [ -73.821092120439303, 40.874036584118208 ], [ -73.821148273097307, 40.874076816042788 ], [ -73.821204433928074, 40.874114485990539 ], [ -73.821224655702338, 40.874126475859221 ], [ -73.821243759659311, 40.874135900354041 ], [ -73.821252754473846, 40.874138476181678 ], [ -73.821260624682566, 40.874141050263667 ], [ -73.821280871733578, 40.874143645374794 ], [ -73.821301123272931, 40.87414453042166 ], [ -73.821305877723333, 40.874144373821451 ], [ -73.821350638559892, 40.874142898938722 ], [ -73.821422653624452, 40.874143010516264 ], [ -73.821469918484567, 40.87414137457472 ], [ -73.821489055780347, 40.874137988677603 ], [ -73.821508198771909, 40.874132891797082 ], [ -73.821527349845994, 40.874125234886748 ], [ -73.821545379685759, 40.874115867091277 ], [ -73.821582578896169, 40.874091155756126 ], [ -73.82163443852923, 40.874054507664972 ], [ -73.821677286038806, 40.874021262064126 ], [ -73.821694204946979, 40.874005914192395 ], [ -73.821708873447548, 40.873991417328462 ], [ -73.821720165571989, 40.873976060750493 ], [ -73.821730343464736, 40.873957284990652 ], [ -73.821737146328346, 40.873938504094774 ], [ -73.821750771420753, 40.873892401950108 ], [ -73.821759836139478, 40.873869354441666 ], [ -73.821785844772293, 40.873821563211983 ], [ -73.821806192493241, 40.873786575471065 ], [ -73.821828782550881, 40.87375500772837 ], [ -73.821854455614684, 40.873727075449942 ], [ -73.821862625769285, 40.873722174047586 ], [ -73.821871637849725, 40.873719199266439 ], [ -73.821881770960857, 40.873716653042607 ], [ -73.821899777724695, 40.873714974393152 ], [ -73.82190934295545, 40.873715414239875 ], [ -73.821920586932961, 40.873717995246651 ], [ -73.821932102873646, 40.873724953109729 ], [ -73.821939516151346, 40.873743808766065 ], [ -73.821974287877239, 40.874716569317705 ], [ -73.82193881896977, 40.874683621786083 ], [ -73.821921975437022, 40.874669927195129 ], [ -73.821832108418519, 40.874612562121392 ], [ -73.821760218807, 40.874565474216311 ], [ -73.821699574729237, 40.874520965541016 ], [ -73.821688337386476, 40.874515822559339 ], [ -73.821672599142303, 40.874509819798888 ], [ -73.82165235894584, 40.874504663807066 ], [ -73.821628740090233, 40.874500355318332 ], [ -73.821608490724074, 40.874498618519631 ], [ -73.821556731619083, 40.874497683841106 ], [ -73.821533108187651, 40.874495083551828 ], [ -73.821516237386817, 40.874492495552659 ], [ -73.82147463218007, 40.874481327196904 ], [ -73.821456637858446, 40.874477881955976 ], [ -73.821427387730054, 40.874475275608283 ], [ -73.821368875039937, 40.874475184957028 ], [ -73.821342998886465, 40.874473436631298 ], [ -73.821305877439187, 40.874469107150176 ], [ -73.821275512001847, 40.874463083585461 ], [ -73.82124965193654, 40.874455355089559 ], [ -73.821222958800504, 40.874443355190664 ], [ -73.821214823507006, 40.87443565417405 ], [ -73.821195755015793, 40.874412562995651 ], [ -73.821189018576163, 40.874406575134444 ], [ -73.821167684797587, 40.874389458770437 ], [ -73.821145217111649, 40.874375759022008 ], [ -73.821122744952035, 40.874363765563189 ], [ -73.821098018745587, 40.874352623260215 ], [ -73.821087903898146, 40.874348336536166 ], [ -73.82107665862948, 40.874345757204338 ], [ -73.821053037564667, 40.8743423040873 ], [ -73.821027156982353, 40.874342263911224 ], [ -73.820957387533554, 40.874343863800966 ], [ -73.820937139341794, 40.87434212412596 ], [ -73.820920266185453, 40.874339534195727 ], [ -73.820887653804519, 40.874331796970637 ], [ -73.820859550304107, 40.874321503858489 ], [ -73.82083707821586, 40.874309510429022 ], [ -73.820828094791267, 40.874302665316335 ], [ -73.820817991419958, 40.874293680732414 ], [ -73.820812386609489, 40.87428555771438 ], [ -73.820804549850152, 40.874271025145234 ], [ -73.820785578279299, 40.874212913935807 ], [ -73.820777747229485, 40.874195819492861 ], [ -73.820771012293676, 40.874189296611753 ], [ -73.820760322942348, 40.874189100794943 ], [ -73.820752992404067, 40.874194926432246 ], [ -73.820747347423051, 40.874202605135643 ], [ -73.820745077353692, 40.874209435433436 ], [ -73.820743934320092, 40.874216266563586 ], [ -73.82074501977398, 40.874230787801871 ], [ -73.820750557715101, 40.874263254562663 ], [ -73.820756095787956, 40.874296574139947 ], [ -73.820778391744156, 40.874373479259617 ], [ -73.82078505094276, 40.874408510560265 ], [ -73.820785023312339, 40.874418759041873 ], [ -73.820784997981164, 40.874428154708966 ], [ -73.820780441827907, 40.87444779369843 ], [ -73.820772516344476, 40.874466571871181 ], [ -73.820760089973177, 40.874484488554891 ], [ -73.820745422369214, 40.874498985216292 ], [ -73.820704913162359, 40.874498922220873 ], [ -73.820690289309425, 40.874497194010054 ], [ -73.820676792396057, 40.874495462948701 ], [ -73.820630685356932, 40.874485142780252 ], [ -73.820575589206058, 40.874469682918281 ], [ -73.820522748135957, 40.874452515636868 ], [ -73.820478908943556, 40.874436220520394 ], [ -73.820449687767464, 40.874422508278187 ], [ -73.820409244428788, 40.874398530943608 ], [ -73.8203923954581, 40.874387399840408 ], [ -73.820376679348712, 40.874373708619288 ], [ -73.820362091259881, 40.87435916725839 ], [ -73.820348633614373, 40.874342063935188 ], [ -73.820338549923136, 40.874325819606668 ], [ -73.820321778492797, 40.874286502327159 ], [ -73.820311693604452, 40.874270257994255 ], [ -73.820281402139415, 40.8742368998088 ], [ -73.82027355395671, 40.874226637292338 ], [ -73.820250450234084, 40.874189100007577 ], [ -73.820238824039464, 40.874170210571094 ], [ -73.820222009911276, 40.874146269090971 ], [ -73.820180510319645, 40.874096665704265 ], [ -73.820164818536128, 40.874074431517236 ], [ -73.820156979521016, 40.874059898816022 ], [ -73.820150274467807, 40.874042806087694 ], [ -73.820138041034454, 40.87398983180082 ], [ -73.820130255192936, 40.87395565319126 ], [ -73.82012693673812, 40.873935150127473 ], [ -73.820126987591138, 40.873916356949174 ], [ -73.820129282026727, 40.873900133753828 ], [ -73.820133812793401, 40.873888183150889 ], [ -73.820140599922865, 40.873875381578635 ], [ -73.820172222612342, 40.873832725070351 ], [ -73.820182398608466, 40.87381480410005 ], [ -73.820198251953315, 40.873777246830151 ], [ -73.820202789748521, 40.873763586251172 ], [ -73.820205077231364, 40.873749924840119 ], [ -73.820205125748245, 40.873731987152134 ], [ -73.820200677944911, 40.873712336901562 ], [ -73.820195110285908, 40.87369097307986 ], [ -73.820180582571538, 40.873654223915629 ], [ -73.820167171333097, 40.873620036531669 ], [ -73.820153747339617, 40.87359097656816 ], [ -73.820140313012999, 40.873565332119597 ], [ -73.820124623788644, 40.87354224427559 ], [ -73.820109721329345, 40.873525201746418 ], [ -73.820108917066435, 40.873524282002769 ], [ -73.820089833040896, 40.873508024441286 ], [ -73.820067370499828, 40.873492615256595 ], [ -73.820042654151109, 40.873478057206277 ], [ -73.82000781843773, 40.873460919546552 ], [ -73.81998533633012, 40.873452342387395 ], [ -73.819963974193399, 40.873446330694044 ], [ -73.81995385261564, 40.873444606658872 ], [ -73.819943726300224, 40.873443736269948 ], [ -73.819837955961432, 40.873443571020758 ], [ -73.819731062023507, 40.873442549344347 ], [ -73.819716436118128, 40.873441672818018 ], [ -73.819700687931345, 40.873439941802772 ], [ -73.819645581279943, 40.873428750747252 ], [ -73.819623085212172, 40.873425298176372 ], [ -73.819592707600577, 40.873424397824813 ], [ -73.81952743878233, 40.873426003893464 ], [ -73.819516843261496, 40.873425637026244 ], [ -73.819501563194223, 40.873425107971713 ], [ -73.819490313396287, 40.873423383887065 ], [ -73.819476819158268, 40.87342079995576 ], [ -73.819421724157692, 40.873405339623972 ], [ -73.819408228718927, 40.873402753842612 ], [ -73.819395855434763, 40.873401028072557 ], [ -73.819368857585872, 40.873398423808958 ], [ -73.819345788801769, 40.873398813651946 ], [ -73.819330590221441, 40.873402206288148 ], [ -73.819320451150972, 40.873406034598169 ], [ -73.819291140105051, 40.873426486544133 ], [ -73.819250540975631, 40.873459734705094 ], [ -73.819195261352803, 40.873512605066935 ], [ -73.819181726398853, 40.873524541428999 ], [ -73.819169321793296, 40.873533917680227 ], [ -73.81914114807519, 40.873550100344211 ], [ -73.819078034214087, 40.873586729657887 ], [ -73.819049860446569, 40.873602914055795 ], [ -73.818999135970643, 40.873635290908339 ], [ -73.818956294350514, 40.87366597264301 ], [ -73.818942760432961, 40.87367705624402 ], [ -73.818933735524823, 40.87368558412448 ], [ -73.818928936057702, 40.873691555005088 ], [ -73.818926948187084, 40.873698383869801 ], [ -73.81892889883774, 40.8737052190057 ], [ -73.818934663205027, 40.873712158178471 ], [ -73.81896290014285, 40.873718940062361 ], [ -73.818995519082733, 40.873724116882386 ], [ -73.819055131250764, 40.873732750679586 ], [ -73.819083251706658, 40.873737064920675 ], [ -73.819111365028107, 40.87374351695756 ], [ -73.819124851286603, 40.873749943278888 ], [ -73.819132708642314, 40.873756788598612 ], [ -73.819143928122159, 40.873768336961895 ], [ -73.819148413944376, 40.873774750081509 ], [ -73.819158479782402, 40.873796973826956 ], [ -73.819163523273033, 40.873804241472598 ], [ -73.819173058188611, 40.873814932617229 ], [ -73.819183167072381, 40.873821782301363 ], [ -73.819194401773302, 40.873828633750279 ], [ -73.819206765729348, 40.873833776064934 ], [ -73.81922250480828, 40.873838926348668 ], [ -73.819238250753287, 40.873841511998648 ], [ -73.819257377628276, 40.873841969735039 ], [ -73.819267508591423, 40.87384070329761 ], [ -73.819301283508921, 40.873833924254654 ], [ -73.819330563338426, 40.873825428090733 ], [ -73.819382372938122, 40.873807575107264 ], [ -73.819425172693954, 40.873792266272474 ], [ -73.819458593174758, 40.873778368193555 ], [ -73.819467991088885, 40.873770979032265 ], [ -73.819487179403922, 40.873749656619239 ], [ -73.819493944561046, 40.873743688877134 ], [ -73.819516843121463, 40.873729197396038 ], [ -73.819542413723298, 40.873713014832731 ], [ -73.819588619730894, 40.8736866108462 ], [ -73.819648336441446, 40.873657661664772 ], [ -73.819658473104724, 40.873653834242411 ], [ -73.819677614931891, 40.873649167250754 ], [ -73.819694498351836, 40.873647485431846 ], [ -73.819711377025882, 40.873647511829482 ], [ -73.819728251069108, 40.873649246443854 ], [ -73.819743994779415, 40.873652687516056 ], [ -73.819758607939619, 40.873657834124892 ], [ -73.81976816150754, 40.873662121010085 ], [ -73.819849589527124, 40.873717767126301 ], [ -73.819943942886454, 40.87377941003507 ], [ -73.819952364884386, 40.873785831027433 ], [ -73.819959658763736, 40.873793102236597 ], [ -73.819963018797395, 40.873799086738991 ], [ -73.819969736555393, 40.873811908471623 ], [ -73.819973071146265, 40.873826433232104 ], [ -73.819974151800594, 40.873843517188504 ], [ -73.819972976303717, 40.873861453199957 ], [ -73.819969544557281, 40.873882801138095 ], [ -73.819962720379067, 40.873909269462231 ], [ -73.819953641153759, 40.873937440650195 ], [ -73.819937821127027, 40.87396303942942 ], [ -73.819928785836026, 40.87397498558127 ], [ -73.819919751767117, 40.873986072728258 ], [ -73.819908475308765, 40.87399545174177 ], [ -73.819897200063096, 40.874003975345239 ], [ -73.819866767736855, 40.874022719213606 ], [ -73.819835225899027, 40.874035480328899 ], [ -73.819820584754325, 40.87404058388455 ], [ -73.819804821328788, 40.87404397394247 ], [ -73.81979018833988, 40.87404566113684 ], [ -73.819775557669857, 40.874046492754672 ], [ -73.819740676614273, 40.874046438218933 ], [ -73.819703548557939, 40.87404467193214 ], [ -73.819615801506345, 40.874036846348055 ], [ -73.819603428216595, 40.874035117840393 ], [ -73.819591057129713, 40.874032536600488 ], [ -73.819539333197426, 40.874018789746557 ], [ -73.819516842890962, 40.874013630778421 ], [ -73.819505591889509, 40.874012759509213 ], [ -73.819494340895858, 40.874011885480023 ], [ -73.819483087564976, 40.874012724272745 ], [ -73.819472954209232, 40.874014416632491 ], [ -73.819424536950322, 40.874026297471467 ], [ -73.819337822910427, 40.874052641429991 ], [ -73.8192612490475, 40.874073873027044 ], [ -73.819217323257405, 40.874089179115977 ], [ -73.819208020035958, 40.874096209927359 ], [ -73.819202654189624, 40.874103676499111 ], [ -73.819199250172986, 40.874114774259183 ], [ -73.819199222295921, 40.874125023577186 ], [ -73.819201442519415, 40.874136130994053 ], [ -73.819210331618805, 40.874177142547275 ], [ -73.819214789446477, 40.874192524499868 ], [ -73.819229314518367, 40.874230983844917 ], [ -73.819231539400775, 40.874240381200586 ], [ -73.819232633912591, 40.874252342345997 ], [ -73.819231390741365, 40.874295047154881 ], [ -73.819223346381932, 40.874356532630003 ], [ -73.819218793305708, 40.874376168801945 ], [ -73.819206306017264, 40.874416294013649 ], [ -73.819201759896799, 40.874433370071436 ], [ -73.819199458246899, 40.874451304307236 ], [ -73.819199435013431, 40.874459846325784 ], [ -73.81920353266338, 40.87447029034395 ], [ -73.819212909339825, 40.87447075705682 ], [ -73.819221919797272, 40.874467568147168 ], [ -73.819229807335859, 40.874463309487339 ], [ -73.819246715300579, 40.874453086638816 ], [ -73.819290697054058, 40.874417279982296 ], [ -73.819310427080978, 40.874403219103392 ], [ -73.819318876960253, 40.874399389067399 ], [ -73.81934479005848, 40.874387473010167 ], [ -73.81935436809232, 40.874381933750406 ], [ -73.819421482604255, 40.874322675862004 ], [ -73.819472242083947, 40.874276633988508 ], [ -73.819497623123425, 40.874254038114813 ], [ -73.819508328041934, 40.874248503284335 ], [ -73.81951684267888, 40.874245288476921 ], [ -73.819533108271983, 40.874239147291597 ], [ -73.819572532126045, 40.874224687691438 ], [ -73.819587170893598, 40.874220441330785 ], [ -73.819600684060319, 40.874217045103613 ], [ -73.819620943655764, 40.874214514925484 ], [ -73.819643451581157, 40.874213695566155 ], [ -73.819735719358704, 40.874214694453734 ], [ -73.819829132695062, 40.874208007575817 ], [ -73.819870206341704, 40.874207218107735 ], [ -73.819883140875845, 40.874208946543497 ], [ -73.819892136862151, 40.874211521558998 ], [ -73.819900007022611, 40.874214096653766 ], [ -73.819907871347581, 40.874218379130156 ], [ -73.819914611061705, 40.87422266068554 ], [ -73.819921907353461, 40.874229504990559 ], [ -73.819953835865803, 40.874281656322395 ], [ -73.819994198007095, 40.874335531800043 ], [ -73.82001883835018, 40.874378275188292 ], [ -73.820031166680081, 40.874396231276307 ], [ -73.820045748859286, 40.87441333823196 ], [ -73.820061453352778, 40.874431299586689 ], [ -73.820079407305244, 40.874450116345287 ], [ -73.820109720667986, 40.874474933483249 ], [ -73.820182718549361, 40.874528005240549 ], [ -73.820242232384686, 40.874574221179273 ], [ -73.820260189828787, 40.874591331529928 ], [ -73.820275329806165, 40.874610145627706 ], [ -73.820279804191117, 40.874620402046155 ], [ -73.820281465708987, 40.874629801263957 ], [ -73.820280305247593, 40.874642609774462 ], [ -73.82027458505766, 40.87467762188885 ], [ -73.820274551573576, 40.874690006249047 ], [ -73.820275660082785, 40.874696414140743 ], [ -73.820306914744236, 40.874789563683045 ], [ -73.820330038889779, 40.874846505364779 ], [ -73.820338267497647, 40.874846411941064 ], [ -73.820346156280323, 40.874842580035661 ], [ -73.820352918064842, 40.874838321302761 ], [ -73.820374901858543, 40.874823406504291 ], [ -73.820381104683065, 40.874817865582351 ], [ -73.820387879109788, 40.87480933408424 ], [ -73.820405964788819, 40.874779467750287 ], [ -73.820412743820967, 40.874769228951862 ], [ -73.820422896816993, 40.874759850816751 ], [ -73.820429662007427, 40.874754734835079 ], [ -73.820437547190053, 40.874751331583774 ], [ -73.820445433593179, 40.874747925573615 ], [ -73.820465699254399, 40.874743687029337 ], [ -73.820489336462998, 40.874741162877591 ], [ -73.820521973265883, 40.874739503626458 ], [ -73.820607498687224, 40.87473792851722 ], [ -73.820669382064537, 40.874739733024967 ], [ -73.820704913012676, 40.874741407503876 ], [ -73.820725637626936, 40.874742384239774 ], [ -73.820795389081269, 40.874747616448502 ], [ -73.820838136159367, 40.87475195483642 ], [ -73.820934874588374, 40.874764061887468 ], [ -73.820977626412088, 40.874767545574215 ], [ -73.821027134061083, 40.874768476180584 ], [ -73.821117159187764, 40.874766908516783 ], [ -73.821154295681254, 40.874766112482035 ], [ -73.821224050576092, 40.874769636292022 ], [ -73.821284796685816, 40.874775709732461 ], [ -73.821305877238416, 40.874779623755266 ], [ -73.821321912627084, 40.874782601091688 ], [ -73.821357890061122, 40.874793759860964 ], [ -73.821393857242825, 40.874809190549549 ], [ -73.821427565789506, 40.874827177850861 ], [ -73.821454527832401, 40.874844301962121 ], [ -73.8214758572433, 40.874863126406893 ], [ -73.821493810382393, 40.874881946539865 ], [ -73.821507263960243, 40.874900756106868 ], [ -73.821543075193048, 40.874974268217166 ], [ -73.821555387989889, 40.874998204289234 ], [ -73.82161028067128, 40.875088826420892 ], [ -73.821614740460717, 40.875105062017141 ], [ -73.821616950741941, 40.875119585822745 ], [ -73.821615791741237, 40.875132394431262 ], [ -73.821614080669875, 40.875140933835802 ], [ -73.821607853848292, 40.875155443665768 ], [ -73.821599949122884, 40.875165680876549 ], [ -73.821590918554151, 40.875175918100858 ], [ -73.82158076675816, 40.875185298094813 ], [ -73.821552582652146, 40.875204897779824 ], [ -73.82151650851003, 40.875228758025081 ], [ -73.821487205420937, 40.875246651332226 ], [ -73.821443252922549, 40.875271352172696 ], [ -73.821415088306424, 40.875284119868105 ], [ -73.82138467634762, 40.875294323952311 ], [ -73.821354273806577, 40.875301963402826 ], [ -73.821322757999894, 40.875305331013983 ], [ -73.821313756138082, 40.875305317061688 ], [ -73.821303631837054, 40.875304446795873 ], [ -73.821294635650631, 40.875301870970844 ], [ -73.821284519565552, 40.875298436995877 ], [ -73.821266534087457, 40.875290722553935 ], [ -73.821224959496476, 40.875268451061999 ], [ -73.821204732777545, 40.875258170334611 ], [ -73.821182263693515, 40.87524446875365 ], [ -73.821096905568353, 40.875184548227111 ], [ -73.82107780714145, 40.875173414655194 ], [ -73.821058701588129, 40.875163989212503 ], [ -73.821028351959328, 40.875151984514908 ], [ -73.820996873005924, 40.875141686281694 ], [ -73.820963137917289, 40.875133946416241 ], [ -73.820929393509132, 40.87512876840529 ], [ -73.820895641094481, 40.875126154929951 ], [ -73.820863006421291, 40.875126957040742 ], [ -73.820832617704923, 40.875129473452802 ], [ -73.820803344293665, 40.875135406369751 ], [ -73.820727897789851, 40.875155786952504 ], [ -73.820690315458521, 40.875167130931487 ], [ -73.820671588870354, 40.875172783481375 ], [ -73.820609641645603, 40.875194039475183 ], [ -73.820574725403915, 40.875206797379683 ], [ -73.820551064970445, 40.875217864485059 ], [ -73.820526271662231, 40.875231492622142 ], [ -73.820451883890811, 40.875275789926803 ], [ -73.820398901429414, 40.875310728341624 ], [ -73.820334635364347, 40.875357605058689 ], [ -73.820289533542351, 40.8753917012138 ], [ -73.820274865635596, 40.875406197812922 ], [ -73.820262452812102, 40.875418988862556 ], [ -73.820251165708413, 40.875431784343782 ], [ -73.820243255022405, 40.87544458508728 ], [ -73.820237593600623, 40.875457385740972 ], [ -73.820234183844178, 40.875470195343446 ], [ -73.820229597434619, 40.875501790923963 ], [ -73.820219243321404, 40.875585478039312 ], [ -73.820207784120569, 40.875661479630651 ], [ -73.820199789019227, 40.875705026642187 ], [ -73.82019410786198, 40.875725519257614 ], [ -73.820183923556385, 40.875746853066453 ], [ -73.820169232433955, 40.875769893506735 ], [ -73.82014889941965, 40.875798902639914 ], [ -73.820111637515083, 40.875845822190634 ], [ -73.820072127278578, 40.87589188281077 ], [ -73.819966043051522, 40.876006172287276 ], [ -73.819942339383175, 40.87603346513206 ], [ -73.819923137766267, 40.876059914949181 ], [ -73.819906190269336, 40.876085511952475 ], [ -73.81989261898957, 40.876110261412592 ], [ -73.819877905649548, 40.876140986665185 ], [ -73.819845052857019, 40.876222078544288 ], [ -73.819833733239349, 40.876246830595491 ], [ -73.819803211886864, 40.876298029846168 ], [ -73.819793025043865, 40.876320220947662 ], [ -73.819788489306745, 40.876333026934923 ], [ -73.819787326398796, 40.876346691845796 ], [ -73.819788412890659, 40.876361213090632 ], [ -73.819791747568885, 40.876376592338694 ], [ -73.819797334951645, 40.876390268722396 ], [ -73.819805175269934, 40.876403945949463 ], [ -73.819814146078613, 40.876415917554901 ], [ -73.819826497884492, 40.876425331726395 ], [ -73.8198377307763, 40.876433036758712 ], [ -73.819853465784689, 40.876439893332154 ], [ -73.819916425671636, 40.87646049224967 ], [ -73.819929914924273, 40.876465638082884 ], [ -73.819942275900146, 40.87647163572003 ], [ -73.819962495851058, 40.876485334028104 ], [ -73.819981583011582, 40.876500738789268 ], [ -73.819997290290644, 40.876517846580697 ], [ -73.820008494367571, 40.876535799150602 ], [ -73.820015212297292, 40.876548622715561 ], [ -73.820018553974847, 40.876561439167816 ], [ -73.820020764068346, 40.876575962163926 ], [ -73.820020722441228, 40.876591336133743 ], [ -73.820016138159289, 40.876622079890311 ], [ -73.820001354167161, 40.876679282089626 ], [ -73.819995667250367, 40.876702336562339 ], [ -73.819994475409132, 40.876726250787172 ], [ -73.819995546976941, 40.876746750336046 ], [ -73.819998879293692, 40.876762130577134 ], [ -73.820004462242736, 40.876778367900883 ], [ -73.820012298023968, 40.876793753332443 ], [ -73.820022385535751, 40.876808288542286 ], [ -73.820033601109387, 40.876821974619659 ], [ -73.82004594840258, 40.876833949719128 ], [ -73.820060547302816, 40.876844224622715 ], [ -73.820077399048429, 40.876854499358821 ], [ -73.820089767680699, 40.876858147690008 ], [ -73.820104392605273, 40.876859666162183 ], [ -73.820116773479612, 40.876858831828237 ], [ -73.820141541945347, 40.87685459944597 ], [ -73.820198971352994, 40.876839313153134 ], [ -73.820212480284454, 40.876837627835627 ], [ -73.820223738703859, 40.876835937165701 ], [ -73.820237237132858, 40.876837237773778 ], [ -73.820245672313405, 40.87683938597862 ], [ -73.820255500024857, 40.876845593966003 ], [ -73.820395454285872, 40.877003614051453 ], [ -73.82048071953254, 40.877098555945274 ], [ -73.820543554627648, 40.877166129322084 ], [ -73.820553654934699, 40.877175539826965 ], [ -73.820567137474995, 40.877184102024948 ], [ -73.82058399047213, 40.877193524875679 ], [ -73.82060421998537, 40.877202952979424 ], [ -73.820625577570766, 40.877211528262087 ], [ -73.820649184595936, 40.877220105198816 ], [ -73.820672797443677, 40.877226974833206 ], [ -73.820696416009994, 40.877232135411369 ], [ -73.82071553690885, 40.877235582520186 ], [ -73.820733536658409, 40.87723731873578 ], [ -73.820748165714448, 40.877237341482505 ], [ -73.820757169564232, 40.877236715241878 ], [ -73.82076646097434, 40.877234166888137 ], [ -73.820772756064827, 40.877229264490396 ], [ -73.820775211295569, 40.877223289893792 ], [ -73.8207735427182, 40.877215600743455 ], [ -73.820764027676091, 40.877197222293084 ], [ -73.820752821096974, 40.877180121606351 ], [ -73.820737116859718, 40.877161305783488 ], [ -73.820687752596768, 40.877106563861247 ], [ -73.82067429771601, 40.877088606938401 ], [ -73.82066421582941, 40.877071509832263 ], [ -73.820581402659968, 40.876901407103247 ], [ -73.820535508322664, 40.87681165217414 ], [ -73.820515360859915, 40.876771476953394 ], [ -73.820507553856686, 40.876745840404169 ], [ -73.820503133554695, 40.876715939023732 ], [ -73.820503211973318, 40.876686899218903 ], [ -73.820506787916301, 40.87661344822115 ], [ -73.820509571203459, 40.876416147797002 ], [ -73.820508531773768, 40.876383689799063 ], [ -73.820508083508116, 40.876376593508041 ], [ -73.820506373527792, 40.876349521832111 ], [ -73.820496452057952, 40.876273486932426 ], [ -73.820494229236431, 40.876263235034003 ], [ -73.820489754816421, 40.876252978625757 ], [ -73.8204774340348, 40.876231606153958 ], [ -73.82045836771357, 40.876208513107258 ], [ -73.820412359851716, 40.876161464599207 ], [ -73.820393284214504, 40.876140937924518 ], [ -73.820378718929589, 40.876117853634149 ], [ -73.820373122102623, 40.876106739226827 ], [ -73.820369775759346, 40.876095631838531 ], [ -73.820367576049705, 40.876076837002323 ], [ -73.820367633754771, 40.876055483719895 ], [ -73.820372190137846, 40.876034989343339 ], [ -73.820380119323403, 40.876015359313676 ], [ -73.820391418038753, 40.875998294570032 ], [ -73.820404961413828, 40.875983795285642 ], [ -73.820411729036536, 40.875977825656989 ], [ -73.820419618980111, 40.875972714187867 ], [ -73.820428633684756, 40.875968456284177 ], [ -73.820437644862636, 40.875965054787294 ], [ -73.820455663929323, 40.875959958089389 ], [ -73.820475926332179, 40.875956572271434 ], [ -73.820497312394579, 40.875954897346567 ], [ -73.820516439945976, 40.875955781700135 ], [ -73.820534435822665, 40.875958372515825 ], [ -73.820542306223786, 40.87596094488962 ], [ -73.820550175404435, 40.875963519938729 ], [ -73.820559729354784, 40.875967806755419 ], [ -73.82057039757035, 40.875975937665196 ], [ -73.820577128342833, 40.875984063364783 ], [ -73.820581609666831, 40.875990902324418 ], [ -73.820589445594209, 40.876006289559314 ], [ -73.820603934981051, 40.876058412631934 ], [ -73.820610640351532, 40.876075506331539 ], [ -73.820618477279496, 40.876090038909176 ], [ -73.820624086765278, 40.876096027809751 ], [ -73.820629696369636, 40.876102014032483 ], [ -73.820690314734364, 40.876156774415357 ], [ -73.82074084101059, 40.876197849583463 ], [ -73.820814972838619, 40.876248359884606 ], [ -73.820840799025873, 40.876268897899955 ], [ -73.820872226649172, 40.876298841237606 ], [ -73.820928325983772, 40.876360427376149 ], [ -73.820943683094612, 40.876376594171226 ], [ -73.820951889030269, 40.876385232875968 ], [ -73.820978833050006, 40.876408338155727 ], [ -73.821037218666206, 40.876456259220568 ], [ -73.821061916841757, 40.876477650927256 ], [ -73.821094465926166, 40.876509304170447 ], [ -73.821125879972627, 40.876543517521327 ], [ -73.821155036768687, 40.876581146490402 ], [ -73.82118418890154, 40.876620480157264 ], [ -73.82118978590961, 40.876631593687968 ], [ -73.821195380612807, 40.876642704538348 ], [ -73.821198723618963, 40.876655523635712 ], [ -73.821200939668444, 40.876668338391134 ], [ -73.821201992013201, 40.876695671723148 ], [ -73.821197415169138, 40.876723850897278 ], [ -73.821181517901266, 40.87677678225031 ], [ -73.821165651698351, 40.876818608883553 ], [ -73.821146426274268, 40.876854454565454 ], [ -73.821135128802482, 40.876870665728255 ], [ -73.821123833626856, 40.876886022236988 ], [ -73.821115932130795, 40.876895405680372 ], [ -73.821105778906357, 40.876904783871453 ], [ -73.82105841320039, 40.876943147830055 ], [ -73.821042616965102, 40.876959351918245 ], [ -73.821012131906656, 40.876996887487287 ], [ -73.820996319427152, 40.877018214463476 ], [ -73.820985010510796, 40.877039552028407 ], [ -73.820978206037566, 40.877059183843727 ], [ -73.820973626769486, 40.877088218497597 ], [ -73.820971226708949, 40.877143734495341 ], [ -73.820968916262231, 40.877165937007838 ], [ -73.820952912875228, 40.87725815835887 ], [ -73.820947192818707, 40.877293169569924 ], [ -73.820947139902728, 40.877312813708407 ], [ -73.820949316807528, 40.877340150542558 ], [ -73.820957681844348, 40.877367922057559 ], [ -73.821016523784181, 40.877455561859612 ], [ -73.821036693538503, 40.877487196811977 ], [ -73.821053484725482, 40.877520532902871 ], [ -73.821055708821135, 40.877530359803188 ], [ -73.82105455539822, 40.877540180540919 ], [ -73.821051155985955, 40.877548716392873 ], [ -73.821045508345208, 40.8775572496763 ], [ -73.821038732511212, 40.877565780370517 ], [ -73.82102970855864, 40.877574307490619 ], [ -73.82102068447972, 40.877581980957267 ], [ -73.82098911926748, 40.877603285315132 ], [ -73.820935757913645, 40.877637052403728 ], [ -73.820892177565128, 40.877664630122922 ], [ -73.820880905212007, 40.877671446431791 ], [ -73.820852731236485, 40.877686778528009 ], [ -73.820840330821582, 40.877695299550076 ], [ -73.82083130901438, 40.877702973841629 ], [ -73.820823963904616, 40.877714063677175 ], [ -73.820793886424525, 40.877808826925822 ], [ -73.820777992091422, 40.877860904565615 ], [ -73.820774593726583, 40.877869441330695 ], [ -73.820770071900014, 40.877877120020116 ], [ -73.820755398935717, 40.877893327651748 ], [ -73.82073509898035, 40.87790952377312 ], [ -73.820702405334828, 40.877931680868208 ], [ -73.820687754294724, 40.877940200131015 ], [ -73.820673105453281, 40.877947862143742 ], [ -73.820657334227619, 40.877953815941268 ], [ -73.820640441718581, 40.877958061605959 ], [ -73.820630307915792, 40.877960606798574 ], [ -73.820619050414805, 40.877962299349626 ], [ -73.820567278308559, 40.877965636155203 ], [ -73.820554891521056, 40.877968177833374 ], [ -73.820544756493831, 40.877970725776784 ], [ -73.820494073360209, 40.877987728292588 ], [ -73.82044337502694, 40.878009001703958 ], [ -73.820407324473493, 40.878025174237962 ], [ -73.820382528986855, 40.87803880233519 ], [ -73.820363364013431, 40.878051584626554 ], [ -73.820319381534205, 40.878086535255463 ], [ -73.82031149254145, 40.878091647721405 ], [ -73.820301349350444, 40.878096756588128 ], [ -73.820258537786273, 40.878115482172163 ], [ -73.820249525102767, 40.878119737304253 ], [ -73.820240502591702, 40.878126769635792 ], [ -73.820233730694596, 40.878134233139178 ], [ -73.820230328839514, 40.87814362261485 ], [ -73.820229182160205, 40.878151308302051 ], [ -73.820229159057774, 40.878159850315058 ], [ -73.820230261848636, 40.878168392326003 ], [ -73.820233613985366, 40.878176938680603 ], [ -73.820238095530115, 40.878184634063693 ], [ -73.820250433864658, 40.878199172842876 ], [ -73.82028298571143, 40.878229973491273 ], [ -73.820294199275438, 40.878244511432342 ], [ -73.820337899007981, 40.878313763303318 ], [ -73.820362563020893, 40.878347968088583 ], [ -73.820393961518164, 40.878389015507231 ], [ -73.820399571182705, 40.878395002576134 ], [ -73.820405184368667, 40.878400135996493 ], [ -73.820420911880802, 40.878410409848996 ], [ -73.820438889959647, 40.878419833634595 ], [ -73.820492841605414, 40.878443833729314 ], [ -73.820507446650453, 40.878452397595971 ], [ -73.820519800032287, 40.878461812611654 ], [ -73.820537756302002, 40.878480631044887 ], [ -73.820553445739179, 40.878503716134183 ], [ -73.820565754233158, 40.878530214250432 ], [ -73.820572432176974, 40.878557556252254 ], [ -73.820575730245494, 40.878585748568462 ], [ -73.820575649549511, 40.878615642932189 ], [ -73.820572190082004, 40.878647240262133 ], [ -73.82056422253072, 40.878680537881607 ], [ -73.820559677558066, 40.878696760328971 ], [ -73.820551751493539, 40.878714685823333 ], [ -73.820511045975508, 40.878786369848676 ], [ -73.82050425040444, 40.878802587033292 ], [ -73.820499707718866, 40.87881795407278 ], [ -73.820491722863139, 40.878858086401209 ], [ -73.820490553139308, 40.878874312260535 ], [ -73.820491637515971, 40.878889688897225 ], [ -73.820492725298962, 40.878903355558023 ], [ -73.820497191871041, 40.878916175582233 ], [ -73.82050278787095, 40.8789281410359 ], [ -73.820512502640184, 40.878941112371102 ], [ -73.820520746383622, 40.878944826263357 ], [ -73.820531993669078, 40.878946979743922 ], [ -73.820559555357505, 40.878950331008248 ], [ -73.82057219865743, 40.878956543348082 ], [ -73.820572365519581, 40.878957568676903 ], [ -73.820575795559037, 40.878978649712934 ], [ -73.820576870624549, 40.878997442784801 ], [ -73.820573381160457, 40.879039288581914 ], [ -73.820564248575351, 40.879087960253642 ], [ -73.820551711687301, 40.879146022323944 ], [ -73.820546031557029, 40.879165657696845 ], [ -73.820536971514514, 40.879186998710637 ], [ -73.820524533766644, 40.879209186361422 ], [ -73.820505045508952, 40.87923744760797 ], [ -73.820495180214138, 40.879244159823237 ], [ -73.82048448490157, 40.87924627914181 ], [ -73.820471541291582, 40.879246684893559 ], [ -73.820452418729872, 40.87924409323616 ], [ -73.820436674866059, 40.879239796773192 ], [ -73.820418127289315, 40.879232936822802 ], [ -73.820409699879548, 40.879227798100104 ], [ -73.820396221678294, 40.879218381404264 ], [ -73.820384998585212, 40.87920725991173 ], [ -73.820374902604968, 40.87919528660565 ], [ -73.820364812459616, 40.879181604161673 ], [ -73.820346883757935, 40.879153390884952 ], [ -73.820320027785357, 40.87909697651034 ], [ -73.820307711262032, 40.879073894892635 ], [ -73.820292019350262, 40.879050808848454 ], [ -73.820276314803195, 40.879031992969225 ], [ -73.820220209307621, 40.878972971091095 ], [ -73.820202244968257, 40.878957568044655 ], [ -73.820186521868749, 40.878945586865697 ], [ -73.820178656972985, 40.87894130265547 ], [ -73.82017078854733, 40.878937874851758 ], [ -73.820161231939608, 40.878934870320897 ], [ -73.82015279308682, 40.878934429410002 ], [ -73.820144350712994, 40.8789356976392 ], [ -73.820134023803135, 40.878939810248568 ], [ -73.820122368920536, 40.878948903241358 ], [ -73.820115071561958, 40.878957567924594 ], [ -73.820114467042103, 40.878958285692484 ], [ -73.820087345366417, 40.879000096356371 ], [ -73.820079449315301, 40.879007769751745 ], [ -73.820069297925556, 40.879016296875584 ], [ -73.820060281693245, 40.879021405639172 ], [ -73.820028732777473, 40.879035877773966 ], [ -73.820013515481904, 40.879044822891466 ], [ -73.82000448645833, 40.879055059067724 ], [ -73.820002492173188, 40.879064238240083 ], [ -73.820010069603825, 40.879071295464406 ], [ -73.820024122949349, 40.87907644300045 ], [ -73.820035370027256, 40.879077739278877 ], [ -73.820075320892073, 40.879077801634303 ], [ -73.82008544569581, 40.879079099754229 ], [ -73.820095001108655, 40.879082104289374 ], [ -73.820102867343223, 40.87908638666714 ], [ -73.820118596072987, 40.879095806072648 ], [ -73.820133190862947, 40.879108642749053 ], [ -73.820156755799147, 40.879133448402143 ], [ -73.820167973011451, 40.879147132704993 ], [ -73.820178063113545, 40.879160814246184 ], [ -73.820184775619026, 40.879175345090928 ], [ -73.820189797626227, 40.879191153861555 ], [ -73.820188648612373, 40.87919969411562 ], [ -73.820185817129342, 40.879206094853949 ], [ -73.82018016813538, 40.879214627253049 ], [ -73.8201643607959, 40.879234249488789 ], [ -73.820158140148635, 40.879245770535178 ], [ -73.820156848843922, 40.879255163300407 ], [ -73.82016650047305, 40.879275250315281 ], [ -73.820177714189853, 40.879289788181168 ], [ -73.82019118434529, 40.879302620502877 ], [ -73.820205785029827, 40.879312892625315 ], [ -73.820268706178069, 40.879348864467751 ], [ -73.820340611450575, 40.879391682339609 ], [ -73.820346789368031, 40.879395963825836 ], [ -73.820353519247831, 40.879404088696582 ], [ -73.820359675239487, 40.879416483611863 ], [ -73.820366369349017, 40.879437845559977 ], [ -73.820376409970535, 40.87947031756547 ], [ -73.820384199986762, 40.879502787905032 ], [ -73.820387488795291, 40.879534394817689 ], [ -73.820387405704238, 40.879565143744784 ], [ -73.820386263636379, 40.879571977544153 ], [ -73.820383994561212, 40.879578806909954 ], [ -73.820380599577035, 40.879585633683945 ], [ -73.820374953980192, 40.879592457788974 ], [ -73.820361414597286, 40.879606102493881 ], [ -73.820338859891507, 40.879624005176467 ], [ -73.820307290083278, 40.879646162902745 ], [ -73.820275724758147, 40.879666613406613 ], [ -73.820245293477498, 40.879684501030333 ], [ -73.820213739778126, 40.879700680427547 ], [ -73.820200218701515, 40.879706640430378 ], [ -73.820184449217706, 40.879711739592388 ], [ -73.820118014870417, 40.879726154573525 ], [ -73.820103374914467, 40.879730404594753 ], [ -73.820089858455546, 40.879734652684434 ], [ -73.820076337368434, 40.879741465404898 ], [ -73.820061683427795, 40.879749982823817 ], [ -73.820049280205922, 40.879759360920197 ], [ -73.820040252192086, 40.879768742611091 ], [ -73.820035735989009, 40.879774712968555 ], [ -73.820033174077707, 40.879785385145922 ], [ -73.820037374422498, 40.879792224686923 ], [ -73.820063783749163, 40.879805504881901 ], [ -73.820091887125528, 40.879816654503195 ], [ -73.820190826854883, 40.879850118866429 ], [ -73.820227926924616, 40.879863844363427 ], [ -73.820285266539159, 40.879883578890151 ], [ -73.820303250830364, 40.879891293475261 ], [ -73.820313365375199, 40.879896433914432 ], [ -73.820321228094002, 40.87990156908694 ], [ -73.820329089707229, 40.879907561507181 ], [ -73.820335536780078, 40.879915900186468 ], [ -73.820338048384897, 40.87992423089252 ], [ -73.820337467505766, 40.879930636061005 ], [ -73.820333503213533, 40.879940026501721 ], [ -73.820328985810988, 40.879945996952387 ], [ -73.820322211948607, 40.879953674788403 ], [ -73.820289492969579, 40.879985226499869 ], [ -73.820270306636488, 40.880005694454915 ], [ -73.820215031624386, 40.880055147801421 ], [ -73.8202014850674, 40.880070500701102 ], [ -73.820190191439664, 40.880085003544487 ], [ -73.820182273146983, 40.880100366139686 ], [ -73.820176598657198, 40.880118294195711 ], [ -73.820173166646896, 40.88013878846202 ], [ -73.820171967995606, 40.880166117355465 ], [ -73.820171947197181, 40.88017380479539 ], [ -73.820170733462675, 40.880206260181012 ], [ -73.820172917076306, 40.880231034313312 ], [ -73.820177358261589, 40.880253248163633 ], [ -73.820185181722607, 40.880272906417595 ], [ -73.820188839585569, 40.880278487048074 ], [ -73.820191906008773, 40.880283165333601 ], [ -73.820200882033802, 40.880293427845899 ], [ -73.820235675063088, 40.880327649359721 ], [ -73.820249142027123, 40.880341336240463 ], [ -73.820278304503816, 40.880377256266605 ], [ -73.820291759945803, 40.880395212306247 ], [ -73.820299589292887, 40.880413160493966 ], [ -73.820301816836491, 40.88042170601144 ], [ -73.820302919670226, 40.880430248854466 ], [ -73.820300626252447, 40.880445620307576 ], [ -73.820294957482062, 40.880460985495652 ], [ -73.820291759802529, 40.880467382736633 ], [ -73.820268934732269, 40.880513047253835 ], [ -73.820261003758375, 40.880532679099133 ], [ -73.820223525529485, 40.880659034155286 ], [ -73.820212155685539, 40.880702574945033 ], [ -73.820191639739392, 40.880798206466096 ], [ -73.820182530837272, 40.880836627944291 ], [ -73.820172330657499, 40.880863945472306 ], [ -73.820159875196623, 40.880892111375729 ], [ -73.820142910260401, 40.880922834880671 ], [ -73.82011578439932, 40.880966350994626 ], [ -73.820093171370246, 40.881005606803917 ], [ -73.820078491827644, 40.881024376208494 ], [ -73.82007059310385, 40.881032051436712 ], [ -73.820059321310097, 40.881038866744113 ], [ -73.82004861928074, 40.881042906729526 ], [ -73.820021037963002, 40.881046493538918 ], [ -73.819997400693268, 40.881048164861397 ], [ -73.819892739561624, 40.881049709635498 ], [ -73.819797065845179, 40.881055539384043 ], [ -73.819764423722432, 40.881058903971656 ], [ -73.819736275854439, 40.881063131824376 ], [ -73.819717134158097, 40.881067371158167 ], [ -73.81969911265405, 40.881073323143767 ], [ -73.819681085301056, 40.881080982421466 ], [ -73.819661926163349, 40.881091200047074 ], [ -73.819628105976946, 40.881113355902968 ], [ -73.81955706200344, 40.88116705527667 ], [ -73.819544657240755, 40.881176430720416 ], [ -73.819532247834942, 40.881187514297174 ], [ -73.819494994065607, 40.881231018091761 ], [ -73.81947806927873, 40.881247220270531 ], [ -73.819460025616934, 40.881260856894755 ], [ -73.819449881979921, 40.881266820255767 ], [ -73.819439741769358, 40.881271075398516 ], [ -73.819430729710461, 40.881274476896259 ], [ -73.819420594138492, 40.881277023819202 ], [ -73.819399204121169, 40.88128040676434 ], [ -73.819376690378036, 40.881282079719689 ], [ -73.819312540879906, 40.881283687428095 ], [ -73.819294530892805, 40.881285368345658 ], [ -73.819277642090171, 40.881288758323173 ], [ -73.819216835566252, 40.881302328790817 ], [ -73.819187554642838, 40.881309970344837 ], [ -73.819161639925184, 40.881321033704545 ], [ -73.819150370311931, 40.881326995273113 ], [ -73.819138027568684, 40.881337081200478 ], [ -73.81913738149251, 40.881344268801499 ], [ -73.819141867189074, 40.881350470254063 ], [ -73.819148042953458, 40.881355176033374 ], [ -73.819160407187582, 40.881361175593057 ], [ -73.819175019669174, 40.88136717867885 ], [ -73.819190760537069, 40.881372326198814 ], [ -73.819206505936009, 40.8813757682599 ], [ -73.819227879838522, 40.881379217387668 ], [ -73.819251510274597, 40.881380108924319 ], [ -73.81935166706856, 40.881379411410599 ], [ -73.81937192320909, 40.881380297635538 ], [ -73.81939104645285, 40.881382890391322 ], [ -73.819436035671529, 40.881392356638621 ], [ -73.819472022108329, 40.881401807766899 ], [ -73.819503501469626, 40.881412960973414 ], [ -73.819530476071066, 40.881425814507764 ], [ -73.819539462524872, 40.881431808740707 ], [ -73.819549572607386, 40.881438657463484 ], [ -73.819587743736918, 40.881472029043913 ], [ -73.819605716784068, 40.881484868390707 ], [ -73.819643919209668, 40.881506280587935 ], [ -73.819723719493496, 40.881543989179278 ], [ -73.819756309692096, 40.881560266886375 ], [ -73.819775724816168, 40.881571541284849 ], [ -73.819779906676104, 40.881573969653552 ], [ -73.819798998674671, 40.881587666212383 ], [ -73.81981584815891, 40.88159965103808 ], [ -73.819829316289855, 40.881612483392928 ], [ -73.819840536167973, 40.881625313070622 ], [ -73.819848379423419, 40.881638138389889 ], [ -73.819852848378446, 40.881650101187816 ], [ -73.819855084061814, 40.881656084847535 ], [ -73.819855065542427, 40.881662917716952 ], [ -73.81985504470687, 40.881670605154689 ], [ -73.819852774294972, 40.881677434505484 ], [ -73.819849375726278, 40.881685971321197 ], [ -73.819844853531691, 40.881693649885172 ], [ -73.81983356076428, 40.881708152691125 ], [ -73.819796316060533, 40.881747383730577 ], [ -73.819788403318768, 40.881760185347389 ], [ -73.819782745903154, 40.881771277745891 ], [ -73.819774790363709, 40.881800307887033 ], [ -73.819764467119512, 40.881872038264689 ], [ -73.819758791155238, 40.881890819024186 ], [ -73.819751993866205, 40.881907037909649 ], [ -73.819747471642827, 40.881914717389556 ], [ -73.819740699826056, 40.881921541540343 ], [ -73.8197328080186, 40.881927507527493 ], [ -73.819722660776463, 40.881934324641875 ], [ -73.819699000014083, 40.881944536989813 ], [ -73.819668589489865, 40.881953885123885 ], [ -73.819642690823841, 40.881958970205851 ], [ -73.819613422468564, 40.881962339109634 ], [ -73.819581905843108, 40.881964852591032 ], [ -73.81949299687723, 40.881966422573015 ], [ -73.819465980305395, 40.881968942149257 ], [ -73.819442338162744, 40.881972322495784 ], [ -73.819414187567645, 40.881978255811582 ], [ -73.819387159494127, 40.8819850463723 ], [ -73.819362378565046, 40.881993548755055 ], [ -73.819339846108676, 40.882002909145207 ], [ -73.819318433630798, 40.882013980430031 ], [ -73.81930039790528, 40.882025055163098 ], [ -73.819284608107978, 40.882037843477626 ], [ -73.819271067900331, 40.882050633559977 ], [ -73.819267676210998, 40.882056606569272 ], [ -73.81926315502804, 40.882063433299891 ], [ -73.819260883428598, 40.882071117208739 ], [ -73.81925860950652, 40.882079655685821 ], [ -73.819257434782003, 40.882097588904507 ], [ -73.819260764978068, 40.882114676452126 ], [ -73.819262994770639, 40.882122367417352 ], [ -73.81926635284141, 40.882129205579254 ], [ -73.819273082917562, 40.882137757334355 ], [ -73.819285154990965, 40.882146958537831 ], [ -73.819296679125003, 40.882150892825585 ], [ -73.819307931065055, 40.882151478669918 ], [ -73.819316933853642, 40.882151492778902 ], [ -73.819334947713102, 40.882148959967068 ], [ -73.819355216704253, 40.882143866133731 ], [ -73.819399146678478, 40.882129413667641 ], [ -73.819418292124439, 40.882124319903383 ], [ -73.819438557783741, 40.882120934273985 ], [ -73.819447564094631, 40.882120096482815 ], [ -73.819456566878998, 40.882120110580885 ], [ -73.819489195733823, 40.88212272179009 ], [ -73.819567941387362, 40.882133948969795 ], [ -73.819602822045482, 40.882136566348557 ], [ -73.819639955726004, 40.882137478096148 ], [ -73.819656841192739, 40.882135796285766 ], [ -73.819673729852695, 40.882132977222525 ], [ -73.819681615235979, 40.882130284455357 ], [ -73.819697377008026, 40.882127319481796 ], [ -73.819714263681234, 40.882125637664899 ], [ -73.819771664214159, 40.882123163690615 ], [ -73.819782631584602, 40.882124997145809 ], [ -73.819792463220949, 40.882130882751369 ], [ -73.819799755735971, 40.882139436274834 ], [ -73.819804233969336, 40.882147985316912 ], [ -73.819807567731814, 40.882163363626397 ], [ -73.819808643954147, 40.882181303128363 ], [ -73.819808590695501, 40.882200948084957 ], [ -73.819805166520538, 40.882218877791672 ], [ -73.81979495902776, 40.882247903575951 ], [ -73.819781370238275, 40.882278631293801 ], [ -73.819762150654014, 40.882311058516301 ], [ -73.819737295524661, 40.8823468924518 ], [ -73.819716972005025, 40.882371630471106 ], [ -73.819665058479686, 40.88242535897632 ], [ -73.819653765436101, 40.882439862598822 ], [ -73.819644725525137, 40.882453515172898 ], [ -73.81963568450675, 40.88246802055869 ], [ -73.819630016514495, 40.882482532058262 ], [ -73.819625478011289, 40.882496190752661 ], [ -73.819624323127314, 40.882507292947466 ], [ -73.819624295312281, 40.882517542248571 ], [ -73.819626528583967, 40.882523524987931 ], [ -73.819631573883157, 40.882530794444882 ], [ -73.819638312112374, 40.882535927901927 ], [ -73.819650116500199, 40.882540645050845 ], [ -73.819662487956506, 40.882543227197701 ], [ -73.819716490114217, 40.882549289140954 ], [ -73.8197288637772, 40.882551018552412 ], [ -73.819740109283075, 40.882554450743392 ], [ -73.81976709012352, 40.8825647441098 ], [ -73.819782825468891, 40.882572456175758 ], [ -73.819795180618812, 40.882581016608199 ], [ -73.819801916597228, 40.882587433290624 ], [ -73.819814242918127, 40.882606669848215 ], [ -73.81982319604495, 40.882625473470149 ], [ -73.819828763230291, 40.88264769184525 ], [ -73.81983207034024, 40.88267246588719 ], [ -73.819833146582582, 40.882691257198907 ], [ -73.819831973094281, 40.882708340367905 ], [ -73.819830807882695, 40.88272371164458 ], [ -73.819827390629669, 40.882738225833982 ], [ -73.819819466312168, 40.882756151183308 ], [ -73.819810408970511, 40.882775782151242 ], [ -73.819799102012297, 40.882795407759588 ], [ -73.819784411518071, 40.882817592632485 ], [ -73.819777548189222, 40.88285858028803 ], [ -73.819771858246312, 40.882881632963333 ], [ -73.819763922207642, 40.882902974739807 ], [ -73.819754870676846, 40.882920896567043 ], [ -73.819708565522987, 40.882981468591339 ], [ -73.81966900573596, 40.883044612939692 ], [ -73.819623818338584, 40.883107746712128 ], [ -73.819583162451124, 40.883159786318593 ], [ -73.819576895874846, 40.88316811701953 ], [ -73.819569813004534, 40.883169118956644 ], [ -73.819512016399642, 40.883184336839356 ], [ -73.81948364031804, 40.883195345048556 ], [ -73.819468196534515, 40.883202562604055 ], [ -73.819456169072367, 40.883208266350515 ], [ -73.819443770443897, 40.883213493246416 ], [ -73.819270201798545, 40.883258855372603 ], [ -73.819168290966786, 40.883288282096636 ], [ -73.819043235104189, 40.883329177885294 ], [ -73.819011748509254, 40.883349157157056 ], [ -73.818975644818025, 40.883385387542617 ], [ -73.818932293398689, 40.883420148616949 ], [ -73.818888981805642, 40.883448125362669 ], [ -73.818859403399273, 40.883467935589614 ], [ -73.818843835356518, 40.883491090655845 ], [ -73.818839853830781, 40.883519266120814 ], [ -73.818849524720463, 40.883545876369404 ], [ -73.818873904618073, 40.883602456391131 ], [ -73.818802675503449, 40.883625828347242 ], [ -73.818756533157881, 40.883556632442627 ], [ -73.818738124442447, 40.883562418024134 ], [ -73.818721880113159, 40.883571174959201 ], [ -73.81857886111419, 40.88366385525233 ], [ -73.818538341856055, 40.883683232229913 ], [ -73.818478867998849, 40.883696710787966 ], [ -73.81843417309517, 40.883701489514117 ], [ -73.818398424241693, 40.883710178793955 ], [ -73.818355493548751, 40.883715839184589 ], [ -73.818313357010879, 40.883717440442098 ], [ -73.818273530017649, 40.883718343011523 ], [ -73.818163598740995, 40.883732999842792 ], [ -73.818052581329226, 40.883741738690027 ], [ -73.818012071231394, 40.883762044691345 ], [ -73.817976842124565, 40.88376719306023 ], [ -73.817941279159342, 40.883777280928548 ], [ -73.817904916657525, 40.883793818600026 ], [ -73.817881016242367, 40.883809325111045 ], [ -73.817858543469299, 40.883822992380594 ], [ -73.817832338821376, 40.883832058469451 ], [ -73.817802428435897, 40.88384074331924 ], [ -73.817774161708684, 40.883850658031555 ], [ -73.817745864915693, 40.883862409745781 ], [ -73.817719814174907, 40.883875032125481 ], [ -73.817687137080839, 40.883884091630158 ], [ -73.817653919871162, 40.883891940901634 ], [ -73.817576439581998, 40.883904110875335 ], [ -73.817554746812391, 40.883908057610775 ], [ -73.817532494531349, 40.883909229087955 ], [ -73.817481079817782, 40.883914583004909 ], [ -73.817434273280455, 40.883926055034514 ], [ -73.81738654319156, 40.883945484020991 ], [ -73.817349716747131, 40.883967548939495 ], [ -73.817278684723547, 40.884024623786289 ], [ -73.817224207956301, 40.884058355320512 ], [ -73.81716035705918, 40.884080689799568 ], [ -73.817085554040773, 40.884094662013766 ], [ -73.817054841632071, 40.884100261995776 ], [ -73.817022733231639, 40.884101833769897 ], [ -73.816991453506446, 40.88409929243879 ], [ -73.816960389463489, 40.884092562407609 ], [ -73.816855666428239, 40.884057520117011 ], [ -73.816820464756645, 40.884050505227762 ], [ -73.816781292921135, 40.884052583475267 ], [ -73.816744121333386, 40.884065005168459 ], [ -73.816718273967865, 40.884082964893949 ], [ -73.816652390770059, 40.884138714773357 ], [ -73.816618900979549, 40.884166601962413 ], [ -73.816589212042132, 40.884196865150628 ], [ -73.81647187999252, 40.884313557547507 ], [ -73.816436745673116, 40.884349970467895 ], [ -73.816421356048323, 40.884370007117191 ], [ -73.816412444128659, 40.884389782941383 ], [ -73.816408585498834, 40.884410027936738 ], [ -73.816410287061402, 40.884433631557556 ], [ -73.816422852378466, 40.884446844683474 ], [ -73.816442915283687, 40.884457435754904 ], [ -73.816465778543247, 40.884461935835951 ], [ -73.816487991383013, 40.884460511518206 ], [ -73.816538917257148, 40.88445664663832 ], [ -73.816559681058067, 40.88445832030267 ], [ -73.816577534255046, 40.884466538709951 ], [ -73.816602958692641, 40.884493578523987 ], [ -73.816621727635237, 40.884537974592384 ], [ -73.816622786439339, 40.884557175575935 ], [ -73.816611752847251, 40.884574473587918 ], [ -73.816559687659534, 40.884618874938681 ], [ -73.81649770763228, 40.884655211027543 ], [ -73.816477058410968, 40.884669545428615 ], [ -73.816453563188063, 40.884684621864437 ], [ -73.816418075014965, 40.884705162264652 ], [ -73.816377888769921, 40.884725554709249 ], [ -73.816288704098611, 40.88478171567521 ], [ -73.816203221819734, 40.884841102742584 ], [ -73.8161796074818, 40.884860144681269 ], [ -73.816151973817796, 40.884875111723979 ], [ -73.816026753174853, 40.884931771602133 ], [ -73.815961767000644, 40.884973724376607 ], [ -73.815916783543784, 40.885028301415765 ], [ -73.815899312830368, 40.885088033656366 ], [ -73.81590016470453, 40.885155283508865 ], [ -73.815928241656991, 40.885233096385676 ], [ -73.815946455579422, 40.885261883500007 ], [ -73.815980158988381, 40.885281000647531 ], [ -73.815980941225263, 40.885281306246 ], [ -73.816023031368658, 40.885297720958597 ], [ -73.816055239013636, 40.885303403066843 ], [ -73.816086851255392, 40.885303446299041 ], [ -73.816123765754881, 40.885307426835233 ], [ -73.816156911883951, 40.885314836704843 ], [ -73.816188190676797, 40.885325603230449 ], [ -73.816216191291659, 40.885350088955576 ], [ -73.816225251680692, 40.885385199989244 ], [ -73.816211553565353, 40.885419434566089 ], [ -73.81616873658291, 40.885498493218925 ], [ -73.816144099622989, 40.885543986260267 ], [ -73.81614111130294, 40.885565242054518 ], [ -73.816147712583685, 40.885586024156005 ], [ -73.816167446509098, 40.885615711395715 ], [ -73.816184430175994, 40.885629931140947 ], [ -73.816202542157114, 40.885643323291596 ], [ -73.816334273861813, 40.885711427365415 ], [ -73.816379731565732, 40.885735164587587 ], [ -73.816420364096345, 40.885763496582257 ], [ -73.816441978424166, 40.885775742544055 ], [ -73.816466095260083, 40.88578491184478 ], [ -73.816470882588277, 40.885787166198241 ], [ -73.816547588989678, 40.885823289875582 ], [ -73.816622309086313, 40.885868922986063 ], [ -73.816643127373723, 40.885878976793954 ], [ -73.816663293481, 40.885889768769303 ], [ -73.81672445485323, 40.885921358834565 ], [ -73.816780795148361, 40.88595775064983 ], [ -73.816822956794965, 40.88600184259797 ], [ -73.816863624730431, 40.88604673628511 ], [ -73.816889023340494, 40.88608469258574 ], [ -73.816901843532719, 40.886126135454582 ], [ -73.816925831576029, 40.886187331181929 ], [ -73.816935143483917, 40.886204542559916 ], [ -73.816948792274601, 40.886219997718911 ], [ -73.816975979409193, 40.88625659621686 ], [ -73.816981919321947, 40.886266879329249 ], [ -73.816985134951551, 40.886278479168006 ], [ -73.816965867630273, 40.886480225633825 ], [ -73.816942705732728, 40.886636432756113 ], [ -73.816562916787447, 40.889197852359985 ], [ -73.81656056589857, 40.889203947656981 ], [ -73.816557136357588, 40.889210513071298 ], [ -73.816548894635346, 40.889221579519443 ], [ -73.81653800869644, 40.889231545918065 ], [ -73.816527611820661, 40.889238419067944 ], [ -73.816518583642093, 40.889242980987611 ], [ -73.816510662721953, 40.889246135358796 ], [ -73.816503451488742, 40.889248419220237 ], [ -73.816497186735958, 40.889249992319471 ], [ -73.816492575449786, 40.889250923294817 ], [ -73.81648874458871, 40.889251556515099 ], [ -73.816194809003974, 40.88928131238967 ], [ -73.8157039905755, 40.889158528057706 ], [ -73.815453568613535, 40.889095879443332 ], [ -73.813694309328994, 40.888655747870708 ], [ -73.813753666184382, 40.888484393312595 ], [ -73.813844527036537, 40.888222098934584 ], [ -73.809371475393661, 40.887020358713528 ], [ -73.809448829902934, 40.886839087555217 ] ] ], [ [ [ -73.817330175289683, 40.867567267931307 ], [ -73.817901143367749, 40.868291837488236 ], [ -73.81788855305598, 40.868286664803193 ], [ -73.817872814263396, 40.868282369742687 ], [ -73.817857074373492, 40.868278073841971 ], [ -73.817821081030147, 40.8682728931988 ], [ -73.817780581516701, 40.868271120037598 ], [ -73.817724323387452, 40.868271885670367 ], [ -73.817689440595885, 40.868272685081934 ], [ -73.817659052556024, 40.868276052556183 ], [ -73.817633163722761, 40.868280282634487 ], [ -73.81760951932695, 40.86828622365001 ], [ -73.817596006132092, 40.868290473300192 ], [ -73.817581361506043, 40.868297283961923 ], [ -73.817521627727771, 40.868333915962282 ], [ -73.817506978314654, 40.868341581181063 ], [ -73.817492337038047, 40.868346682687267 ], [ -73.817458555344388, 40.868356877734669 ], [ -73.817427032146824, 40.868363660727915 ], [ -73.817397768445446, 40.868367031754246 ], [ -73.817369639962038, 40.868366987193994 ], [ -73.817359516766786, 40.868366117501466 ], [ -73.817348271523855, 40.86836439053468 ], [ -73.817328035766863, 40.868358380966427 ], [ -73.817307805959516, 40.868349806842815 ], [ -73.817298821472804, 40.86834381334377 ], [ -73.817290959149815, 40.868338675275339 ], [ -73.817271877333013, 40.868321563579251 ], [ -73.817252804884419, 40.868301889174944 ], [ -73.817235988624688, 40.868279653617023 ], [ -73.817220307372907, 40.868254005238683 ], [ -73.817214708284752, 40.868243745231382 ], [ -73.817210240669638, 40.868232636877913 ], [ -73.817199144553186, 40.868176245725088 ], [ -73.817194681686075, 40.868162571897017 ], [ -73.817189086056374, 40.868151459075989 ], [ -73.817182363464028, 40.868141198121485 ], [ -73.817173388411859, 40.868131789005957 ], [ -73.817122881005631, 40.868086441203161 ], [ -73.817112784958439, 40.86807531939845 ], [ -73.817104939125684, 40.868064204759499 ], [ -73.817093750338699, 40.868041979111908 ], [ -73.817084816404545, 40.868017194153644 ], [ -73.817079260752024, 40.867991562742645 ], [ -73.817075960030834, 40.867964224002186 ], [ -73.81707272621307, 40.867912971837832 ], [ -73.817072820223459, 40.867878806405656 ], [ -73.817077405366376, 40.867848065478029 ], [ -73.817085356923457, 40.867820744593374 ], [ -73.817095549282229, 40.867796844556416 ], [ -73.817127227312255, 40.867733689258309 ], [ -73.817164586681571, 40.867650043293843 ], [ -73.81718499601314, 40.867592849365423 ], [ -73.817190678501305, 40.867572358708699 ], [ -73.817192994468414, 40.867548446172385 ], [ -73.817192087192353, 40.86746900961775 ], [ -73.817193295096274, 40.867439118821856 ], [ -73.817197880047885, 40.867408376046697 ], [ -73.817199304680827, 40.867401181724688 ], [ -73.817330175289683, 40.867567267931307 ] ] ] ] } },
{ "type": "Feature", "properties": { "Borough": "BX", "Block": 5650, "Lot": 100, "CD": 228, "BCT2020": "2050400", "BCTCB2020": "20504001003", "CT2010": "504", "CB2010": "1005", "SchoolDist": "11", "Council": 13, "ZipCode": 10464, "FireComp": "L053", "PolicePrct": 45, "HealthCent": 24, "HealthArea": 710, "Sanitboro": null, "SanitDistr": null, "SanitSub": null, "Address": "PELHAM BAY PARK", "ZoneDist1": "PARK", "ZoneDist2": null, "ZoneDist3": null, "ZoneDist4": null, "Overlay1": null, "Overlay2": null, "SPDist1": null, "SPDist2": null, "SPDist3": null, "LtdHeight": null, "SplitZone": "N", "BldgClass": "U0", "LandUse": "07", "Easements": 0, "OwnerType": "X", "OwnerName": "PENN CENTRAL COMPANY", "LotArea": 1222120, "BldgArea": 0, "ComArea": 0, "ResArea": 0, "OfficeArea": 0, "RetailArea": 0, "GarageArea": 0, "StrgeArea": 0, "FactryArea": 0, "OtherArea": 0, "AreaSource": "7", "NumBldgs": 1, "NumFloors": 0.0, "UnitsRes": 0, "UnitsTotal": 0, "LotFront": 99.0, "LotDepth": 8000.0, "BldgFront": 0.0, "BldgDepth": 0.0, "Ext": "N", "ProxCode": "0", "IrrLotCode": "N", "LotType": "5", "BsmtCode": "0", "AssessLand": 0.0, "AssessTot": 0.0, "ExemptTot": 0.0, "YearBuilt": 0, "YearAlter1": 0, "YearAlter2": 0, "HistDist": null, "Landmark": null, "BuiltFAR": 0.0, "ResidFAR": 0.0, "CommFAR": 0.0, "FacilFAR": 0.0, "BoroCode": 2, "BBL": 2056500100.0, "CondoNo": 0, "Tract2010": "0504", "XCoord": 1036497, "YCoord": 257618, "ZoneMap": "2d", "ZMCode": "Y", "Sanborn": "218 075", "TaxMap": "21810", "EDesigNum": null, "APPBBL": 0.0, "APPDate": null, "PLUTOMapID": "1", "FIRM07_FLA": "1", "PFIRM15_FL": "1", "Version": "25v4", "DCPEdited": "t", "Latitude": 40.8736216, "Longitude": -73.8110816, "Notes": null, "Shape_Leng": 0.0, "Shape_Area": 1095466.6902600001 }, "geometry": { "type": "MultiPolygon", "coordinates": [ [ [ [ -73.812341935479168, 40.871034311768341 ], [ -73.812094189756223, 40.870913821349497 ], [ -73.813511598323998, 40.86856049109084 ], [ -73.813728764397666, 40.868609376009189 ], [ -73.814498571921547, 40.867547516093182 ], [ -73.81452922313423, 40.867169182162193 ], [ -73.81538509067164, 40.865702591331221 ], [ -73.815730733837228, 40.865118698592291 ], [ -73.816274030221692, 40.864630068820098 ], [ -73.816439540251025, 40.864506819088163 ], [ -73.816675078730299, 40.864367911152009 ], [ -73.816794624198408, 40.864322207560825 ], [ -73.816833800294816, 40.864314802932988 ], [ -73.816862953733803, 40.864311178888819 ], [ -73.816880071819142, 40.864310002066887 ], [ -73.81691962673618, 40.864311487683686 ], [ -73.816920502270847, 40.864311519358111 ], [ -73.816939713636373, 40.864325394237383 ], [ -73.816959921041772, 40.864340802236704 ], [ -73.81698124702875, 40.864359625792055 ], [ -73.81700256486549, 40.864381013892206 ], [ -73.817019381203664, 40.864402394005104 ], [ -73.817031699715002, 40.864422911482677 ], [ -73.81703951935458, 40.864443423573256 ], [ -73.817041728241094, 40.864458802988715 ], [ -73.817041688284164, 40.864473322503592 ], [ -73.817038277273269, 40.864486128437193 ], [ -73.817034315792057, 40.864494663299865 ], [ -73.817025850621278, 40.864504899241581 ], [ -73.817019080300994, 40.86451172233452 ], [ -73.816997668407396, 40.864524927438787 ], [ -73.816821656538323, 40.864706151163865 ], [ -73.816693031484704, 40.864838337056987 ], [ -73.816605029478012, 40.864927028043027 ], [ -73.816519865652651, 40.865006754498154 ], [ -73.816371551688832, 40.865139336433174 ], [ -73.816222687936616, 40.865266365867164 ], [ -73.816188847476795, 40.865297912863412 ], [ -73.816159517781941, 40.86532605242423 ], [ -73.81611100108627, 40.865375516543864 ], [ -73.816009442439594, 40.865483827781333 ], [ -73.815893229678366, 40.865602368583673 ], [ -73.815845834745275, 40.865653539932765 ], [ -73.815798430324932, 40.865707274051715 ], [ -73.81577704500495, 40.86573305238965 ], [ -73.81575101856221, 40.865764425434627 ], [ -73.815703597354897, 40.865824994161784 ], [ -73.815655040963279, 40.865888123021989 ], [ -73.815606467733531, 40.865958083832538 ], [ -73.815553376410691, 40.866034016655192 ], [ -73.81549236857326, 40.866125311850645 ], [ -73.815287844506912, 40.866441866680226 ], [ -73.815137561530221, 40.866673097333589 ], [ -73.814840387319919, 40.867127874230228 ], [ -73.814610995194045, 40.867483679895336 ], [ -73.814518357748639, 40.867619338643806 ], [ -73.814488977553353, 40.867664559980405 ], [ -73.814458453637215, 40.86771661338723 ], [ -73.814435816837303, 40.867764407447055 ], [ -73.814429008987119, 40.867784895319332 ], [ -73.814423285095359, 40.867819907184305 ], [ -73.814398146354094, 40.86795823543347 ], [ -73.814384507910162, 40.868006899463005 ], [ -73.814383351192589, 40.868018001548677 ], [ -73.814382200456151, 40.868027395414316 ], [ -73.814383298725303, 40.868036792986302 ], [ -73.814386095716173, 40.868042775830361 ], [ -73.814391139329885, 40.868049616867182 ], [ -73.814398439147141, 40.868054752386684 ], [ -73.814428779675481, 40.868068468904276 ], [ -73.814519243754873, 40.868107903928099 ], [ -73.81459658215249, 40.86814100303944 ], [ -73.814567445975101, 40.868188916002907 ], [ -73.807230658290749, 40.880658055480268 ], [ -73.807120270111042, 40.880624579761268 ], [ -73.804158594114952, 40.885650440622427 ], [ -73.803828800025641, 40.885563749121765 ], [ -73.812341935479168, 40.871034311768341 ] ] ] ] } },
{ "type": "Feature", "properties": { "Borough": "BX", "Block": 5651, "Lot": 10, "CD": 212, "BCT2020": "2045600", "BCTCB2020": "20456003000", "CT2010": "456", "CB2010": "3000", "SchoolDist": "11", "Council": 13, "ZipCode": 10464, "FireComp": "L053", "PolicePrct": 47, "HealthCent": 24, "HealthArea": 710, "Sanitboro": "2", "SanitDistr": "12", "SanitSub": "5E", "Address": "18 SHORE ROAD", "ZoneDist1": "R1-2", "ZoneDist2": null, "ZoneDist3": null, "ZoneDist4": null, "Overlay1": null, "Overlay2": null, "SPDist1": null, "SPDist2": null, "SPDist3": null, "LtdHeight": null, "SplitZone": "N", "BldgClass": "A1", "LandUse": "01", "Easements": 0, "OwnerType": null, "OwnerName": "KETELS, MARTY", "LotArea": 9787, "BldgArea": 2200, "ComArea": 0, "ResArea": 2200, "OfficeArea": 0, "RetailArea": 0, "GarageArea": 0, "StrgeArea": 0, "FactryArea": 0, "OtherArea": 0, "AreaSource": "2", "NumBldgs": 2, "NumFloors": 2.75, "UnitsRes": 1, "UnitsTotal": 1, "LotFront": 73.58, "LotDepth": 133.0, "BldgFront": 20.0, "BldgDepth": 40.0, "Ext": "G", "ProxCode": "1", "IrrLotCode": "N", "LotType": "2", "BsmtCode": "2", "AssessLand": 26340.0, "AssessTot": 76140.0, "ExemptTot": 2880.0, "YearBuilt": 1940, "YearAlter1": 0, "YearAlter2": 0, "HistDist": null, "Landmark": null, "BuiltFAR": 0.22, "ResidFAR": 0.75, "CommFAR": 0.0, "FacilFAR": 1.0, "BoroCode": 2, "BBL": 2056510010.0, "CondoNo": 0, "Tract2010": "0456", "XCoord": 1041155, "YCoord": 261094, "ZoneMap": "2d", "ZMCode": null, "Sanborn": "218 075", "TaxMap": "21810", "EDesigNum": null, "APPBBL": 0.0, "APPDate": null, "PLUTOMapID": "1", "FIRM07_FLA": null, "PFIRM15_FL": null, "Version": "25v4", "DCPEdited": null, "Latitude": 40.8831333, "Longitude": -73.7942094, "Notes": null, "Shape_Leng": 0.0, "Shape_Area": 9728.1293903999995 }, "geometry": { "type": "MultiPolygon", "coordinates": [ [ [ [ -73.794062808171077, 40.883293614736253 ], [ -73.793981202485199, 40.883253642955374 ], [ -73.794190043980251, 40.882936078985558 ], [ -73.794444836777686, 40.883005963080052 ], [ -73.794219932084161, 40.883329399783143 ], [ -73.794062808171077, 40.883293614736253 ] ] ] ] } },
{ "type": "Feature", "properties": { "Borough": "BX", "Block": 5651, "Lot": 42, "CD": 212, "BCT2020": "2045600", "BCTCB2020": "20456003001", "CT2010": "456", "CB2010": "3001", "SchoolDist": "11", "Council": 13, "ZipCode": 10464, "FireComp": "L053", "PolicePrct": 47, "HealthCent": 24, "HealthArea": 710, "Sanitboro": "2", "SanitDistr": "12", "SanitSub": "5E", "Address": "15 SHORE ROAD SVC RD E", "ZoneDist1": "R1-2", "ZoneDist2": null, "ZoneDist3": null, "ZoneDist4": null, "Overlay1": null, "Overlay2": null, "SPDist1": null, "SPDist2": null, "SPDist3": null, "LtdHeight": null, "SplitZone": "N", "BldgClass": "A2", "LandUse": "01", "Easements": 0, "OwnerType": null, "OwnerName": "BRUCE ALLEN EK", "LotArea": 5160, "BldgArea": 1512, "ComArea": 0, "ResArea": 1512, "OfficeArea": 0, "RetailArea": 0, "GarageArea": 0, "StrgeArea": 0, "FactryArea": 0, "OtherArea": 0, "AreaSource": "2", "NumBldgs": 2, "NumFloors": 1.0, "UnitsRes": 1, "UnitsTotal": 1, "LotFront": 43.58, "LotDepth": 111.17, "BldgFront": 27.0, "BldgDepth": 56.0, "Ext": "G", "ProxCode": "1", "IrrLotCode": "Y", "LotType": "3", "BsmtCode": "2", "AssessLand": 15060.0, "AssessTot": 41460.0, "ExemptTot": 1420.0, "YearBuilt": 1960, "YearAlter1": 0, "YearAlter2": 0, "HistDist": null, "Landmark": null, "BuiltFAR": 0.29, "ResidFAR": 0.75, "CommFAR": 0.0, "FacilFAR": 1.0, "BoroCode": 2, "BBL": 2056510042.0, "CondoNo": 0, "Tract2010": "0456", "XCoord": 1040995, "YCoord": 261130, "ZoneMap": "2d", "ZMCode": null, "Sanborn": "218 075", "TaxMap": "21810", "EDesigNum": null, "APPBBL": 0.0, "APPDate": null, "PLUTOMapID": "1", "FIRM07_FLA": null, "PFIRM15_FL": null, "Version": "25v4", "DCPEdited": null, "Latitude": 40.8832332, "Longitude": -73.7947877, "Notes": null, "Shape_Leng": 0.0, "Shape_Area": 13170.331768399999 }, "geometry": { "type": "MultiPolygon", "coordinates": [ [ [ [ -73.794476406004961, 40.883256650062606 ], [ -73.794550802549352, 40.883148948042084 ], [ -73.794616963490668, 40.88305317181181 ], [ -73.794769943899368, 40.883095129680193 ], [ -73.795112758141471, 40.883189153425342 ], [ -73.795134083651391, 40.883195001237688 ], [ -73.794948681179363, 40.883357614464458 ], [ -73.794909605473819, 40.883391885236236 ], [ -73.794869526793335, 40.8834270383975 ], [ -73.794476406004961, 40.883256650062606 ] ] ] ] } },
{ "type": "Feature", "properties": { "Borough": "BX", "Block": 5651, "Lot": 59, "CD": 212, "BCT2020": "2045600", "BCTCB2020": "20456003001", "CT2010": "456", "CB2010": "3001", "SchoolDist": "11", "Council": 13, "ZipCode": 10803, "FireComp": "L053", "PolicePrct": 47, "HealthCent": 24, "HealthArea": 710, "Sanitboro": "2", "SanitDistr": "12", "SanitSub": "5E", "Address": "1441 ROOSEVELT AVENUE", "ZoneDist1": "R1-2", "ZoneDist2": null, "ZoneDist3": null, "ZoneDist4": null, "Overlay1": null, "Overlay2": null, "SPDist1": null, "SPDist2": null, "SPDist3": null, "LtdHeight": null, "SplitZone": "N", "BldgClass": "A2", "LandUse": "01", "Easements": 0, "OwnerType": null, "OwnerName": "PERSICHILLI, ANNA", "LotArea": 13964, "BldgArea": 1477, "ComArea": 0, "ResArea": 1477, "OfficeArea": 0, "RetailArea": 0, "GarageArea": 0, "StrgeArea": 0, "FactryArea": 0, "OtherArea": 0, "AreaSource": "2", "NumBldgs": 1, "NumFloors": 1.0, "UnitsRes": 1, "UnitsTotal": 1, "LotFront": 82.12, "LotDepth": 111.25, "BldgFront": 48.0, "BldgDepth": 39.33, "Ext": "G", "ProxCode": "1", "IrrLotCode": "Y", "LotType": "5", "BsmtCode": "2", "AssessLand": 16620.0, "AssessTot": 69000.0, "ExemptTot": 1420.0, "YearBuilt": 1960, "YearAlter1": 0, "YearAlter2": 0, "HistDist": null, "Landmark": null, "BuiltFAR": 0.11, "ResidFAR": 0.75, "CommFAR": 0.0, "FacilFAR": 1.0, "BoroCode": 2, "BBL": 2056510059.0, "CondoNo": 0, "Tract2010": "0456", "XCoord": 1040770, "YCoord": 261221, "ZoneMap": "2d", "ZMCode": null, "Sanborn": "218 075", "TaxMap": "21810", "EDesigNum": null, "APPBBL": 0.0, "APPDate": null, "PLUTOMapID": "1", "FIRM07_FLA": null, "PFIRM15_FL": null, "Version": "25v4", "DCPEdited": null, "Latitude": 40.8834844, "Longitude": -73.7956006, "Notes": null, "Shape_Leng": 0.0, "Shape_Area": 16174.3664608 }, "geometry": { "type": "MultiPolygon", "coordinates": [ [ [ [ -73.795394578084, 40.883649201781239 ], [ -73.79534987137518, 40.883254183775513 ], [ -73.795822131324144, 40.883383706372534 ], [ -73.795909394730486, 40.883407638300952 ], [ -73.795765283182973, 40.883698097336811 ], [ -73.795725810808037, 40.883686985572169 ], [ -73.795677637337974, 40.883674937211445 ], [ -73.795667297886226, 40.883672356092639 ], [ -73.795603505346804, 40.883660743826105 ], [ -73.795539314556308, 40.883652864165235 ], [ -73.795441589670432, 40.883647820995286 ], [ -73.795394578084, 40.883649201781239 ] ] ] ] } },
{ "type": "Feature", "properties": { "Borough": "BX", "Block": 5651, "Lot": 63, "CD": 212, "BCT2020": "2045600", "BCTCB2020": "20456003001", "CT2010": "456", "CB2010": "3001", "SchoolDist": "11", "Council": 13, "ZipCode": 10803, "FireComp": "L053", "PolicePrct": 47, "HealthCent": 24, "HealthArea": 710, "Sanitboro": "2", "SanitDistr": "12", "SanitSub": "5E", "Address": "1439 ROOSEVELT AVENUE", "ZoneDist1": "R1-2", "ZoneDist2": null, "ZoneDist3": null, "ZoneDist4": null, "Overlay1": null, "Overlay2": null, "SPDist1": null, "SPDist2": null, "SPDist3": null, "LtdHeight": null, "SplitZone": "N", "BldgClass": "A2", "LandUse": "01", "Easements": 0, "OwnerType": null, "OwnerName": "GENOVESI, MARK", "LotArea": 10212, "BldgArea": 1456, "ComArea": 0, "ResArea": 1456, "OfficeArea": 0, "RetailArea": 0, "GarageArea": 0, "StrgeArea": 0, "FactryArea": 0, "OtherArea": 0, "AreaSource": "2", "NumBldgs": 1, "NumFloors": 1.0, "UnitsRes": 1, "UnitsTotal": 1, "LotFront": 92.8, "LotDepth": 154.06, "BldgFront": 64.0, "BldgDepth": 32.83, "Ext": "G", "ProxCode": "1", "IrrLotCode": "N", "LotType": "5", "BsmtCode": "2", "AssessLand": 19320.0, "AssessTot": 67500.0, "ExemptTot": 0.0, "YearBuilt": 1960, "YearAlter1": 0, "YearAlter2": 0, "HistDist": null, "Landmark": null, "BuiltFAR": 0.14, "ResidFAR": 0.75, "CommFAR": 0.0, "FacilFAR": 1.0, "BoroCode": 2, "BBL": 2056510063.0, "CondoNo": 0, "Tract2010": "0456", "XCoord": 1040636, "YCoord": 261280, "ZoneMap": "2d", "ZMCode": null, "Sanborn": "218 075", "TaxMap": "21810", "EDesigNum": null, "APPBBL": 0.0, "APPDate": null, "PLUTOMapID": "1", "FIRM07_FLA": null, "PFIRM15_FL": null, "Version": "25v4", "DCPEdited": null, "Latitude": 40.8836472, "Longitude": -73.7960847, "Notes": null, "Shape_Leng": 0.0, "Shape_Area": 20886.292893099999 }, "geometry": { "type": "MultiPolygon", "coordinates": [ [ [ [ -73.795748656689696, 40.883754135037314 ], [ -73.79578004024475, 40.883702878042463 ], [ -73.795765283182973, 40.883698097336811 ], [ -73.795909394730486, 40.883407638300952 ], [ -73.795992672606005, 40.883430478895818 ], [ -73.796530824599785, 40.883578069112815 ], [ -73.796100837574613, 40.883874708087255 ], [ -73.796042382390894, 40.883915034895416 ], [ -73.796018326215716, 40.883893808399748 ], [ -73.795956010748426, 40.883848894206913 ], [ -73.795890785748654, 40.883812204493523 ], [ -73.79584257445886, 40.883787344909045 ], [ -73.795783667049321, 40.883765890843385 ], [ -73.795748656689696, 40.883754135037314 ] ] ] ] } },
{ "type": "Feature", "properties": { "Borough": "BX", "Block": 5651, "Lot": 64, "CD": 212, "BCT2020": "2045600", "BCTCB2020": "20456003001", "CT2010": "456", "CB2010": "3001", "SchoolDist": "11", "Council": 13, "ZipCode": 10803, "FireComp": "L053", "PolicePrct": 47, "HealthCent": 24, "HealthArea": 710, "Sanitboro": "2", "SanitDistr": "12", "SanitSub": "5E", "Address": "1437 ROOSEVELT AVENUE", "ZoneDist1": "R1-2", "ZoneDist2": null, "ZoneDist3": null, "ZoneDist4": null, "Overlay1": null, "Overlay2": null, "SPDist1": null, "SPDist2": null, "SPDist3": null, "LtdHeight": null, "SplitZone": "N", "BldgClass": "A2", "LandUse": "01", "Easements": 0, "OwnerType": null, "OwnerName": "MOSCHETTA, ROBERT", "LotArea": 12450, "BldgArea": 2224, "ComArea": 0, "ResArea": 2224, "OfficeArea": 0, "RetailArea": 0, "GarageArea": 0, "StrgeArea": 0, "FactryArea": 0, "OtherArea": 0, "AreaSource": "2", "NumBldgs": 2, "NumFloors": 1.0, "UnitsRes": 1, "UnitsTotal": 1, "LotFront": 75.0, "LotDepth": 154.06, "BldgFront": 55.0, "BldgDepth": 32.0, "Ext": "EG", "ProxCode": "1", "IrrLotCode": "Y", "LotType": "5", "BsmtCode": "2", "AssessLand": 20520.0, "AssessTot": 88140.0, "ExemptTot": 0.0, "YearBuilt": 1960, "YearAlter1": 2005, "YearAlter2": 0, "HistDist": null, "Landmark": null, "BuiltFAR": 0.18, "ResidFAR": 0.75, "CommFAR": 0.0, "FacilFAR": 1.0, "BoroCode": 2, "BBL": 2056510064.0, "CondoNo": 0, "Tract2010": "0456", "XCoord": 1040554, "YCoord": 261347, "ZoneMap": "2d", "ZMCode": null, "Sanborn": "218 075", "TaxMap": "21810", "EDesigNum": null, "APPBBL": 0.0, "APPDate": null, "PLUTOMapID": "1", "FIRM07_FLA": null, "PFIRM15_FL": null, "Version": "25v4", "DCPEdited": null, "Latitude": 40.8838316, "Longitude": -73.7963807, "Notes": null, "Shape_Leng": 0.0, "Shape_Area": 14693.985366499999 }, "geometry": { "type": "MultiPolygon", "coordinates": [ [ [ [ -73.796050238308368, 40.883921967271348 ], [ -73.796042382390894, 40.883915034895416 ], [ -73.796100837574613, 40.883874708087255 ], [ -73.796530824599785, 40.883578069112815 ], [ -73.796597038970177, 40.883596227241561 ], [ -73.796650316081951, 40.883860197208513 ], [ -73.796245628395738, 40.884034230141147 ], [ -73.796169659045958, 40.884066898911932 ], [ -73.796146505196646, 40.884028825784981 ], [ -73.796099650784356, 40.88397073516866 ], [ -73.796067900013512, 40.883937549970959 ], [ -73.796050238308368, 40.883921967271348 ] ] ] ] } },
{ "type": "Feature", "properties": { "Borough": "BX", "Block": 5651, "Lot": 150, "CD": 212, "BCT2020": "2045600", "BCTCB2020": "20456003001", "CT2010": "456", "CB2010": "3001", "SchoolDist": "11", "Council": 13, "ZipCode": 10803, "FireComp": "L053", "PolicePrct": 47, "HealthCent": 24, "HealthArea": 710, "Sanitboro": "2", "SanitDistr": "12", "SanitSub": "5E", "Address": "1415 PARK LANE", "ZoneDist1": "R1-2", "ZoneDist2": null, "ZoneDist3": null, "ZoneDist4": null, "Overlay1": null, "Overlay2": null, "SPDist1": null, "SPDist2": null, "SPDist3": null, "LtdHeight": null, "SplitZone": "N", "BldgClass": "A3", "LandUse": "01", "Easements": 0, "OwnerType": null, "OwnerName": "THE RLR REVOCABLE TRUST", "LotArea": 34700, "BldgArea": 3900, "ComArea": 0, "ResArea": 3900, "OfficeArea": 0, "RetailArea": 0, "GarageArea": 0, "StrgeArea": 0, "FactryArea": 0, "OtherArea": 0, "AreaSource": "2", "NumBldgs": 1, "NumFloors": 2.5, "UnitsRes": 1, "UnitsTotal": 1, "LotFront": 325.0, "LotDepth": 170.0, "BldgFront": 16.0, "BldgDepth": 67.0, "Ext": "N", "ProxCode": "1", "IrrLotCode": "Y", "LotType": "5", "BsmtCode": "2", "AssessLand": 58620.0, "AssessTot": 148740.0, "ExemptTot": 0.0, "YearBuilt": 1925, "YearAlter1": 2004, "YearAlter2": 0, "HistDist": null, "Landmark": null, "BuiltFAR": 0.11, "ResidFAR": 0.75, "CommFAR": 0.0, "FacilFAR": 1.0, "BoroCode": 2, "BBL": 2056510150.0, "CondoNo": 0, "Tract2010": "0456", "XCoord": 1040172, "YCoord": 261484, "ZoneMap": "2d", "ZMCode": null, "Sanborn": "218 075", "TaxMap": "21810", "EDesigNum": null, "APPBBL": 0.0, "APPDate": null, "PLUTOMapID": "1", "FIRM07_FLA": null, "PFIRM15_FL": null, "Version": "25v4", "DCPEdited": null, "Latitude": 40.88421, "Longitude": -73.797761, "Notes": null, "Shape_Leng": 0.0, "Shape_Area": 35056.5317612 }, "geometry": { "type": "MultiPolygon", "coordinates": [ [ [ [ -73.797394527271663, 40.884486256272339 ], [ -73.797393908037705, 40.884478035477777 ], [ -73.797393817866862, 40.884415769162082 ], [ -73.797399042465784, 40.884360758438682 ], [ -73.797408764959798, 40.884303403473567 ], [ -73.797421548479434, 40.884252749999042 ], [ -73.797445432893326, 40.884184148503905 ], [ -73.797593850925537, 40.883869596943065 ], [ -73.798188643963385, 40.884032710561044 ], [ -73.798042991854103, 40.88433982336057 ], [ -73.797981854822169, 40.884468731259084 ], [ -73.797444779390162, 40.884499417881585 ], [ -73.797394527271663, 40.884486256272339 ] ] ] ] } },
{ "type": "Feature", "properties": { "Borough": "BX", "Block": 5654, "Lot": 1, "CD": 228, "BCT2020": "2050400", "BCTCB2020": "20504001015", "CT2010": "504", "CB2010": "1007", "SchoolDist": "11", "Council": 13, "ZipCode": 10464, "FireComp": "L053", "PolicePrct": 45, "HealthCent": 24, "HealthArea": 710, "Sanitboro": null, "SanitDistr": null, "SanitSub": null, "Address": "2521 PELHAM BAY PARK WEST", "ZoneDist1": "R3-2", "ZoneDist2": "PARK", "ZoneDist3": null, "ZoneDist4": null, "Overlay1": null, "Overlay2": null, "SPDist1": null, "SPDist2": null, "SPDist3": null, "LtdHeight": null, "SplitZone": "Y", "BldgClass": "V0", "LandUse": "11", "Easements": 0, "OwnerType": "C", "OwnerName": "NYC DEPARTMENT OF PARKS AND RECREATION", "LotArea": 101079, "BldgArea": 0, "ComArea": 0, "ResArea": 0, "OfficeArea": 0, "RetailArea": 0, "GarageArea": 0, "StrgeArea": 0, "FactryArea": 0, "OtherArea": 0, "AreaSource": "7", "NumBldgs": 0, "NumFloors": 0.0, "UnitsRes": 0, "UnitsTotal": 0, "LotFront": 60.0, "LotDepth": 150.0, "BldgFront": 0.0, "BldgDepth": 0.0, "Ext": null, "ProxCode": "0", "IrrLotCode": "Y", "LotType": "5", "BsmtCode": "5", "AssessLand": 304980.0, "AssessTot": 304980.0, "ExemptTot": 304980.0, "YearBuilt": 0, "YearAlter1": 0, "YearAlter2": 0, "HistDist": null, "Landmark": null, "BuiltFAR": 0.0, "ResidFAR": 0.75, "CommFAR": 0.0, "FacilFAR": 1.0, "BoroCode": 2, "BBL": 2056540001.0, "CondoNo": 0, "Tract2010": "0504", "XCoord": 1034987, "YCoord": 261911, "ZoneMap": "2d", "ZMCode": null, "Sanborn": "222 078", "TaxMap": "21810", "EDesigNum": null, "APPBBL": 0.0, "APPDate": null, "PLUTOMapID": "1", "FIRM07_FLA": "1", "PFIRM15_FL": "1", "Version": "25v4", "DCPEdited": "t", "Latitude": 40.8854134, "Longitude": -73.816509, "Notes": null, "Shape_Leng": 0.0, "Shape_Area": 72607.407621699997 }, "geometry": { "type": "MultiPolygon", "coordinates": [ [ [ [ -73.81649770763228, 40.884655211027543 ], [ -73.816529829268944, 40.884686361370257 ], [ -73.816665365363647, 40.884817794538918 ], [ -73.816797724697409, 40.884946149969146 ], [ -73.816758248141312, 40.884967762911963 ], [ -73.816719421140874, 40.884986980642921 ], [ -73.816687960787945, 40.884992590213947 ], [ -73.816631971254736, 40.885001817649893 ], [ -73.816624283058516, 40.885003389413022 ], [ -73.8166168365846, 40.885005525167713 ], [ -73.816591859061646, 40.885026251661969 ], [ -73.816576786530504, 40.885057766449229 ], [ -73.816556840861537, 40.88508757596675 ], [ -73.816534013694323, 40.885113326971094 ], [ -73.816510266353959, 40.885173236542954 ], [ -73.816501085508904, 40.885235409750329 ], [ -73.816512300569102, 40.885288663619853 ], [ -73.816540014535676, 40.885338321994389 ], [ -73.81658492775955, 40.8854384612616 ], [ -73.816618110980599, 40.885490558680658 ], [ -73.816649561883366, 40.885543962673694 ], [ -73.816724440604318, 40.885645990098936 ], [ -73.816827783395567, 40.885774157964931 ], [ -73.816969799734522, 40.8858551285998 ], [ -73.817115856042477, 40.885938405240076 ], [ -73.817270310848912, 40.886026468559429 ], [ -73.817286599347383, 40.886039063394755 ], [ -73.817316252347382, 40.886117904905227 ], [ -73.817190306901949, 40.886208908713144 ], [ -73.817188554466753, 40.886210174700018 ], [ -73.817174933719315, 40.886238442815056 ], [ -73.816985134951551, 40.886278479168006 ], [ -73.816981919321947, 40.886266879329249 ], [ -73.816975979409193, 40.88625659621686 ], [ -73.816948792274601, 40.886219997718911 ], [ -73.816935143483917, 40.886204542559916 ], [ -73.816925831576029, 40.886187331181929 ], [ -73.816901843532719, 40.886126135454582 ], [ -73.816889023340494, 40.88608469258574 ], [ -73.816863624730431, 40.88604673628511 ], [ -73.816822956794965, 40.88600184259797 ], [ -73.816780795148361, 40.88595775064983 ], [ -73.81672445485323, 40.885921358834565 ], [ -73.816663293481, 40.885889768769303 ], [ -73.816643127373723, 40.885878976793954 ], [ -73.816622309086313, 40.885868922986063 ], [ -73.816547588989678, 40.885823289875582 ], [ -73.816470882588277, 40.885787166198241 ], [ -73.816466095260083, 40.88578491184478 ], [ -73.816441978424166, 40.885775742544055 ], [ -73.816420364096345, 40.885763496582257 ], [ -73.816379731565732, 40.885735164587587 ], [ -73.816334273861813, 40.885711427365415 ], [ -73.816202542157114, 40.885643323291596 ], [ -73.816184430175994, 40.885629931140947 ], [ -73.816167446509098, 40.885615711395715 ], [ -73.816147712583685, 40.885586024156005 ], [ -73.81614111130294, 40.885565242054518 ], [ -73.816144099622989, 40.885543986260267 ], [ -73.81616873658291, 40.885498493218925 ], [ -73.816211553565353, 40.885419434566089 ], [ -73.816225251680692, 40.885385199989244 ], [ -73.816216191291659, 40.885350088955576 ], [ -73.816188190676797, 40.885325603230449 ], [ -73.816156911883951, 40.885314836704843 ], [ -73.816123765754881, 40.885307426835233 ], [ -73.816086851255392, 40.885303446299041 ], [ -73.816055239013636, 40.885303403066843 ], [ -73.816023031368658, 40.885297720958597 ], [ -73.815980941225263, 40.885281306246 ], [ -73.815980158988381, 40.885281000647531 ], [ -73.815946455579422, 40.885261883500007 ], [ -73.815928241656991, 40.885233096385676 ], [ -73.81590016470453, 40.885155283508865 ], [ -73.815899312830368, 40.885088033656366 ], [ -73.815916783543784, 40.885028301415765 ], [ -73.815961767000644, 40.884973724376607 ], [ -73.816026753174853, 40.884931771602133 ], [ -73.816151973817796, 40.884875111723979 ], [ -73.8161796074818, 40.884860144681269 ], [ -73.816203221819734, 40.884841102742584 ], [ -73.816288704098611, 40.88478171567521 ], [ -73.816377888769921, 40.884725554709249 ], [ -73.816418075014965, 40.884705162264652 ], [ -73.816453563188063, 40.884684621864437 ], [ -73.816477058410968, 40.884669545428615 ], [ -73.81649770763228, 40.884655211027543 ] ] ] ] } },
{ "type": "Feature", "properties": { "Borough": "BX", "Block": 5654, "Lot": 4, "CD": 228, "BCT2020": "2050400", "BCTCB2020": "20504001015", "CT2010": "504", "CB2010": "1007", "SchoolDist": "11", "Council": 13, "ZipCode": 10464, "FireComp": "L053", "PolicePrct": 45, "HealthCent": 24, "HealthArea": 710, "Sanitboro": null, "SanitDistr": null, "SanitSub": null, "Address": "HUGUENOT AVENUE", "ZoneDist1": "R3-2", "ZoneDist2": null, "ZoneDist3": null, "ZoneDist4": null, "Overlay1": null, "Overlay2": null, "SPDist1": null, "SPDist2": null, "SPDist3": null, "LtdHeight": null, "SplitZone": "N", "BldgClass": "V0", "LandUse": "11", "Easements": 0, "OwnerType": "C", "OwnerName": "NYC DEPARTMENT OF PARKS AND RECREATION", "LotArea": 28290, "BldgArea": 0, "ComArea": 0, "ResArea": 0, "OfficeArea": 0, "RetailArea": 0, "GarageArea": 0, "StrgeArea": 0, "FactryArea": 0, "OtherArea": 0, "AreaSource": "7", "NumBldgs": 0, "NumFloors": 0.0, "UnitsRes": 0, "UnitsTotal": 0, "LotFront": 190.0, "LotDepth": 173.0, "BldgFront": 0.0, "BldgDepth": 0.0, "Ext": null, "ProxCode": "0", "IrrLotCode": "Y", "LotType": "5", "BsmtCode": "5", "AssessLand": 85320.0, "AssessTot": 85320.0, "ExemptTot": 85320.0, "YearBuilt": 0, "YearAlter1": 0, "YearAlter2": 0, "HistDist": null, "Landmark": null, "BuiltFAR": 0.0, "ResidFAR": 0.75, "CommFAR": 0.0, "FacilFAR": 1.0, "BoroCode": 2, "BBL": 2056540004.0, "CondoNo": 0, "Tract2010": "0504", "XCoord": 1034904, "YCoord": 261865, "ZoneMap": "2d", "ZMCode": null, "Sanborn": "222 078", "TaxMap": "21810", "EDesigNum": null, "APPBBL": 0.0, "APPDate": null, "PLUTOMapID": "1", "FIRM07_FLA": "1", "PFIRM15_FL": "1", "Version": "25v4", "DCPEdited": "t", "Latitude": 40.8852876, "Longitude": -73.8168095, "Notes": null, "Shape_Leng": 0.0, "Shape_Area": 28525.292506599999 }, "geometry": { "type": "MultiPolygon", "coordinates": [ [ [ [ -73.816797724697409, 40.884946149969146 ], [ -73.817221107175158, 40.885356714737085 ], [ -73.816724440604318, 40.885645990098936 ], [ -73.816649561883366, 40.885543962673694 ], [ -73.816618110980599, 40.885490558680658 ], [ -73.81658492775955, 40.8854384612616 ], [ -73.816540014535676, 40.885338321994389 ], [ -73.816512300569102, 40.885288663619853 ], [ -73.816501085508904, 40.885235409750329 ], [ -73.816510266353959, 40.885173236542954 ], [ -73.816534013694323, 40.885113326971094 ], [ -73.816556840861537, 40.88508757596675 ], [ -73.816576786530504, 40.885057766449229 ], [ -73.816591859061646, 40.885026251661969 ], [ -73.8166168365846, 40.885005525167713 ], [ -73.816624283058516, 40.885003389413022 ], [ -73.816631971254736, 40.885001817649893 ], [ -73.816687960787945, 40.884992590213947 ], [ -73.816719421140874, 40.884986980642921 ], [ -73.816758248141312, 40.884967762911963 ], [ -73.816797724697409, 40.884946149969146 ] ] ] ] } },
{ "type": "Feature", "properties": { "Borough": "BX", "Block": 5654, "Lot": 12, "CD": 228, "BCT2020": "2050400", "BCTCB2020": "20504001015", "CT2010": "504", "CB2010": "1007", "SchoolDist": "11", "Council": 13, "ZipCode": 10464, "FireComp": "L053", "PolicePrct": 45, "HealthCent": 24, "HealthArea": 710, "Sanitboro": null, "SanitDistr": null, "SanitSub": null, "Address": "HUGUENOT AVENUE", "ZoneDist1": "R3-2", "ZoneDist2": null, "ZoneDist3": null, "ZoneDist4": null, "Overlay1": null, "Overlay2": null, "SPDist1": null, "SPDist2": null, "SPDist3": null, "LtdHeight": null, "SplitZone": "N", "BldgClass": "V0", "LandUse": "11", "Easements": 0, "OwnerType": "X", "OwnerName": "NYS DEPARTMENT OF ENVIRONMENTAL CONSERVATION", "LotArea": 17575, "BldgArea": 0, "ComArea": 0, "ResArea": 0, "OfficeArea": 0, "RetailArea": 0, "GarageArea": 0, "StrgeArea": 0, "FactryArea": 0, "OtherArea": 0, "AreaSource": "7", "NumBldgs": 0, "NumFloors": 0.0, "UnitsRes": 0, "UnitsTotal": 0, "LotFront": 100.0, "LotDepth": 173.0, "BldgFront": 0.0, "BldgDepth": 0.0, "Ext": null, "ProxCode": "0", "IrrLotCode": "Y", "LotType": "5", "BsmtCode": "5", "AssessLand": 53040.0, "AssessTot": 53040.0, "ExemptTot": 53040.0, "YearBuilt": 0, "YearAlter1": 0, "YearAlter2": 0, "HistDist": null, "Landmark": null, "BuiltFAR": 0.0, "ResidFAR": 0.75, "CommFAR": 0.0, "FacilFAR": 1.0, "BoroCode": 2, "BBL": 2056540012.0, "CondoNo": 0, "Tract2010": "0504", "XCoord": 1034828, "YCoord": 261983, "ZoneMap": "2d", "ZMCode": null, "Sanborn": "222 078", "TaxMap": "21810", "EDesigNum": null, "APPBBL": 0.0, "APPDate": null, "PLUTOMapID": "1", "FIRM07_FLA": "1", "PFIRM15_FL": "1", "Version": "25v4", "DCPEdited": "t", "Latitude": 40.8856119, "Longitude": -73.8170835, "Notes": null, "Shape_Leng": 0.0, "Shape_Area": 17781.257862499999 }, "geometry": { "type": "MultiPolygon", "coordinates": [ [ [ [ -73.816827783395567, 40.885774157964931 ], [ -73.816724440604318, 40.885645990098936 ], [ -73.817221107175158, 40.885356714737085 ], [ -73.817447917968437, 40.885576656522034 ], [ -73.816969799734522, 40.8858551285998 ], [ -73.816827783395567, 40.885774157964931 ] ] ] ] } },
{ "type": "Feature", "properties": { "Borough": "BX", "Block": 5654, "Lot": 16, "CD": 228, "BCT2020": "2050400", "BCTCB2020": "20504001015", "CT2010": "504", "CB2010": "1007", "SchoolDist": "11", "Council": 13, "ZipCode": 10464, "FireComp": "L053", "PolicePrct": 45, "HealthCent": 24, "HealthArea": 710, "Sanitboro": null, "SanitDistr": null, "SanitSub": null, "Address": "HUGUENOT AVENUE", "ZoneDist1": "R3-2", "ZoneDist2": null, "ZoneDist3": null, "ZoneDist4": null, "Overlay1": null, "Overlay2": null, "SPDist1": null, "SPDist2": null, "SPDist3": null, "LtdHeight": null, "SplitZone": "N", "BldgClass": "V0", "LandUse": "11", "Easements": 0, "OwnerType": "C", "OwnerName": "NYC DEPARTMENT OF PARKS AND RECREATION", "LotArea": 7850, "BldgArea": 0, "ComArea": 0, "ResArea": 0, "OfficeArea": 0, "RetailArea": 0, "GarageArea": 0, "StrgeArea": 0, "FactryArea": 0, "OtherArea": 0, "AreaSource": "7", "NumBldgs": 0, "NumFloors": 0.0, "UnitsRes": 0, "UnitsTotal": 0, "LotFront": 50.0, "LotDepth": 164.0, "BldgFront": 0.0, "BldgDepth": 0.0, "Ext": null, "ProxCode": "0", "IrrLotCode": "Y", "LotType": "5", "BsmtCode": "5", "AssessLand": 20820.0, "AssessTot": 20820.0, "ExemptTot": 20820.0, "YearBuilt": 0, "YearAlter1": 0, "YearAlter2": 0, "HistDist": null, "Landmark": null, "BuiltFAR": 0.0, "ResidFAR": 0.75, "CommFAR": 0.0, "FacilFAR": 1.0, "BoroCode": 2, "BBL": 2056540016.0, "CondoNo": 0, "Tract2010": "0504", "XCoord": 1034775, "YCoord": 262037, "ZoneMap": "2d", "ZMCode": null, "Sanborn": "222 078", "TaxMap": "21810", "EDesigNum": null, "APPBBL": 0.0, "APPDate": null, "PLUTOMapID": "1", "FIRM07_FLA": "1", "PFIRM15_FL": "1", "Version": "25v4", "DCPEdited": "t", "Latitude": 40.8857604, "Longitude": -73.8172747, "Notes": null, "Shape_Leng": 0.0, "Shape_Area": 7789.860113 }, "geometry": { "type": "MultiPolygon", "coordinates": [ [ [ [ -73.816969799734522, 40.8858551285998 ], [ -73.817447917968437, 40.885576656522034 ], [ -73.817556377317899, 40.885681830677683 ], [ -73.817115856042477, 40.885938405240076 ], [ -73.816969799734522, 40.8858551285998 ] ] ] ] } },
{ "type": "Feature", "properties": { "Borough": "BX", "Block": 5654, "Lot": 18, "CD": 228, "BCT2020": "2050400", "BCTCB2020": "20504001015", "CT2010": "504", "CB2010": "1007", "SchoolDist": "11", "Council": 13, "ZipCode": 10464, "FireComp": "L053", "PolicePrct": 45, "HealthCent": 24, "HealthArea": 710, "Sanitboro": null, "SanitDistr": null, "SanitSub": null, "Address": "HUGUENOT AVENUE", "ZoneDist1": "R3-2", "ZoneDist2": null, "ZoneDist3": null, "ZoneDist4": null, "Overlay1": null, "Overlay2": null, "SPDist1": null, "SPDist2": null, "SPDist3": null, "LtdHeight": null, "SplitZone": "N", "BldgClass": "V0", "LandUse": "11", "Easements": 0, "OwnerType": "C", "OwnerName": "NYC DEPARTMENT OF PARKS AND RECREATION", "LotArea": 7250, "BldgArea": 0, "ComArea": 0, "ResArea": 0, "OfficeArea": 0, "RetailArea": 0, "GarageArea": 0, "StrgeArea": 0, "FactryArea": 0, "OtherArea": 0, "AreaSource": "7", "NumBldgs": 0, "NumFloors": 0.0, "UnitsRes": 0, "UnitsTotal": 0, "LotFront": 50.0, "LotDepth": 150.0, "BldgFront": 0.0, "BldgDepth": 0.0, "Ext": null, "ProxCode": "0", "IrrLotCode": "Y", "LotType": "5", "BsmtCode": "5", "AssessLand": 19200.0, "AssessTot": 19200.0, "ExemptTot": 19200.0, "YearBuilt": 0, "YearAlter1": 0, "YearAlter2": 0, "HistDist": null, "Landmark": null, "BuiltFAR": 0.0, "ResidFAR": 0.75, "CommFAR": 0.0, "FacilFAR": 1.0, "BoroCode": 2, "BBL": 2056540018.0000002, "CondoNo": 0, "Tract2010": "0504", "XCoord": 1034739, "YCoord": 262073, "ZoneMap": "2d", "ZMCode": null, "Sanborn": "222 078", "TaxMap": "21810", "EDesigNum": null, "APPBBL": 0.0, "APPDate": null, "PLUTOMapID": "1", "FIRM07_FLA": "1", "PFIRM15_FL": "1", "Version": "25v4", "DCPEdited": "t", "Latitude": 40.8858594, "Longitude": -73.8174047, "Notes": null, "Shape_Leng": 0.0, "Shape_Area": 7544.0177931999997 }, "geometry": { "type": "MultiPolygon", "coordinates": [ [ [ [ -73.817556377317899, 40.885681830677683 ], [ -73.817671072346798, 40.885793051389058 ], [ -73.817270310848912, 40.886026468559429 ], [ -73.817115856042477, 40.885938405240076 ], [ -73.817556377317899, 40.885681830677683 ] ] ] ] } },
{ "type": "Feature", "properties": { "Borough": "BX", "Block": 5654, "Lot": 20, "CD": 228, "BCT2020": "2050400", "BCTCB2020": "20504001015", "CT2010": "504", "CB2010": "1007", "SchoolDist": "11", "Council": 13, "ZipCode": 10464, "FireComp": "L053", "PolicePrct": 45, "HealthCent": 24, "HealthArea": 710, "Sanitboro": null, "SanitDistr": null, "SanitSub": null, "Address": "HUGUENOT AVENUE", "ZoneDist1": "R3-2", "ZoneDist2": null, "ZoneDist3": null, "ZoneDist4": null, "Overlay1": null, "Overlay2": null, "SPDist1": null, "SPDist2": null, "SPDist3": null, "LtdHeight": null, "SplitZone": "N", "BldgClass": "V0", "LandUse": "11", "Easements": 0, "OwnerType": "X", "OwnerName": "NYS DEPARTMENT OF TRANSPORTATION", "LotArea": 7830, "BldgArea": 0, "ComArea": 0, "ResArea": 0, "OfficeArea": 0, "RetailArea": 0, "GarageArea": 0, "StrgeArea": 0, "FactryArea": 0, "OtherArea": 0, "AreaSource": "7", "NumBldgs": 0, "NumFloors": 0.0, "UnitsRes": 0, "UnitsTotal": 0, "LotFront": 50.0, "LotDepth": 200.0, "BldgFront": 0.0, "BldgDepth": 0.0, "Ext": null, "ProxCode": "0", "IrrLotCode": "Y", "LotType": "5", "BsmtCode": "5", "AssessLand": 20760.0, "AssessTot": 20760.0, "ExemptTot": 20760.0, "YearBuilt": 0, "YearAlter1": 0, "YearAlter2": 0, "HistDist": null, "Landmark": null, "BuiltFAR": 0.0, "ResidFAR": 0.75, "CommFAR": 0.0, "FacilFAR": 1.0, "BoroCode": 2, "BBL": 2056540020.0, "CondoNo": 0, "Tract2010": "0504", "XCoord": 1034713, "YCoord": 262118, "ZoneMap": "2d", "ZMCode": null, "Sanborn": "222 078", "TaxMap": "21810", "EDesigNum": null, "APPBBL": 0.0, "APPDate": null, "PLUTOMapID": "1", "FIRM07_FLA": "1", "PFIRM15_FL": "1", "Version": "25v4", "DCPEdited": "t", "Latitude": 40.8859831, "Longitude": -73.8174983, "Notes": null, "Shape_Leng": 0.0, "Shape_Area": 7601.4840366999997 }, "geometry": { "type": "MultiPolygon", "coordinates": [ [ [ [ -73.817188554466753, 40.886210174700018 ], [ -73.817190306901949, 40.886208908713144 ], [ -73.817316252347382, 40.886117904905227 ], [ -73.817286599347383, 40.886039063394755 ], [ -73.817270310848912, 40.886026468559429 ], [ -73.817671072346798, 40.885793051389058 ], [ -73.817778368027874, 40.885897096024522 ], [ -73.817210295050032, 40.886227961419898 ], [ -73.817202161385211, 40.886232699492396 ], [ -73.817174933719315, 40.886238442815056 ], [ -73.817188554466753, 40.886210174700018 ] ] ] ] } },
{ "type": "Feature", "properties": { "Borough": "BX", "Block": 5654, "Lot": 180, "CD": 228, "BCT2020": "2050400", "BCTCB2020": "20504001015", "CT2010": "504", "CB2010": "1007", "SchoolDist": "11", "Council": 13, "ZipCode": 10464, "FireComp": "L053", "PolicePrct": 45, "HealthCent": 24, "HealthArea": 710, "Sanitboro": null, "SanitDistr": null, "SanitSub": null, "Address": "HUTCHINSON RVR PKWY", "ZoneDist1": "R3-2", "ZoneDist2": "PARK", "ZoneDist3": null, "ZoneDist4": null, "Overlay1": null, "Overlay2": null, "SPDist1": null, "SPDist2": null, "SPDist3": null, "LtdHeight": null, "SplitZone": "Y", "BldgClass": "V0", "LandUse": "11", "Easements": 0, "OwnerType": "X", "OwnerName": "UNAVAILABLE OWNER", "LotArea": 568084, "BldgArea": 0, "ComArea": 0, "ResArea": 0, "OfficeArea": 0, "RetailArea": 0, "GarageArea": 0, "StrgeArea": 0, "FactryArea": 0, "OtherArea": 0, "AreaSource": "7", "NumBldgs": 0, "NumFloors": 0.0, "UnitsRes": 0, "UnitsTotal": 0, "LotFront": 676.0, "LotDepth": 260.0, "BldgFront": 0.0, "BldgDepth": 0.0, "Ext": null, "ProxCode": "0", "IrrLotCode": "Y", "LotType": "5", "BsmtCode": "5", "AssessLand": 1713900.0, "AssessTot": 1713900.0, "ExemptTot": 1713900.0, "YearBuilt": 0, "YearAlter1": 0, "YearAlter2": 0, "HistDist": null, "Landmark": null, "BuiltFAR": 0.0, "ResidFAR": 0.75, "CommFAR": 0.0, "FacilFAR": 1.0, "BoroCode": 2, "BBL": 2056540180.0, "CondoNo": 0, "Tract2010": "0504", "XCoord": 1034433, "YCoord": 261592, "ZoneMap": "2d", "ZMCode": null, "Sanborn": "222 078", "TaxMap": "21810", "EDesigNum": null, "APPBBL": 0.0, "APPDate": null, "PLUTOMapID": "1", "FIRM07_FLA": "1", "PFIRM15_FL": "1", "Version": "25v4", "DCPEdited": null, "Latitude": 40.884541, "Longitude": -73.8185149, "Notes": null, "Shape_Leng": 0.0, "Shape_Area": 457315.06888899999 }, "geometry": { "type": "MultiPolygon", "coordinates": [ [ [ [ -73.81649770763228, 40.884655211027543 ], [ -73.816559687659534, 40.884618874938681 ], [ -73.816611752847251, 40.884574473587918 ], [ -73.816622786439339, 40.884557175575935 ], [ -73.816621727635237, 40.884537974592384 ], [ -73.816602958692641, 40.884493578523987 ], [ -73.816577534255046, 40.884466538709951 ], [ -73.816559681058067, 40.88445832030267 ], [ -73.816538917257148, 40.88445664663832 ], [ -73.816487991383013, 40.884460511518206 ], [ -73.816465778543247, 40.884461935835951 ], [ -73.816442915283687, 40.884457435754904 ], [ -73.816422852378466, 40.884446844683474 ], [ -73.816410287061402, 40.884433631557556 ], [ -73.816408585498834, 40.884410027936738 ], [ -73.816412444128659, 40.884389782941383 ], [ -73.816421356048323, 40.884370007117191 ], [ -73.816436745673116, 40.884349970467895 ], [ -73.81647187999252, 40.884313557547507 ], [ -73.816589212042132, 40.884196865150628 ], [ -73.816618900979549, 40.884166601962413 ], [ -73.816652390770059, 40.884138714773357 ], [ -73.816718273967865, 40.884082964893949 ], [ -73.816744121333386, 40.884065005168459 ], [ -73.816781292921135, 40.884052583475267 ], [ -73.816820464756645, 40.884050505227762 ], [ -73.816855666428239, 40.884057520117011 ], [ -73.816960389463489, 40.884092562407609 ], [ -73.816991453506446, 40.88409929243879 ], [ -73.817022733231639, 40.884101833769897 ], [ -73.817054841632071, 40.884100261995776 ], [ -73.817085554040773, 40.884094662013766 ], [ -73.81716035705918, 40.884080689799568 ], [ -73.817224207956301, 40.884058355320512 ], [ -73.817278684723547, 40.884024623786289 ], [ -73.817349716747131, 40.883967548939495 ], [ -73.81738654319156, 40.883945484020991 ], [ -73.817434273280455, 40.883926055034514 ], [ -73.817481079817782, 40.883914583004909 ], [ -73.817532494531349, 40.883909229087955 ], [ -73.817554746812391, 40.883908057610775 ], [ -73.817576439581998, 40.883904110875335 ], [ -73.817653919871162, 40.883891940901634 ], [ -73.817687137080839, 40.883884091630158 ], [ -73.817719814174907, 40.883875032125481 ], [ -73.817745864915693, 40.883862409745781 ], [ -73.817774161708684, 40.883850658031555 ], [ -73.817802428435897, 40.88384074331924 ], [ -73.817832338821376, 40.883832058469451 ], [ -73.817858543469299, 40.883822992380594 ], [ -73.817881016242367, 40.883809325111045 ], [ -73.817904916657525, 40.883793818600026 ], [ -73.817941279159342, 40.883777280928548 ], [ -73.817976842124565, 40.88376719306023 ], [ -73.818012071231394, 40.883762044691345 ], [ -73.818052581329226, 40.883741738690027 ], [ -73.818163598740995, 40.883732999842792 ], [ -73.818273530017649, 40.883718343011523 ], [ -73.818313357010879, 40.883717440442098 ], [ -73.818355493548751, 40.883715839184589 ], [ -73.818398424241693, 40.883710178793955 ], [ -73.81843417309517, 40.883701489514117 ], [ -73.818478867998849, 40.883696710787966 ], [ -73.818538341856055, 40.883683232229913 ], [ -73.81857886111419, 40.88366385525233 ], [ -73.818721880113159, 40.883571174959201 ], [ -73.818738124442447, 40.883562418024134 ], [ -73.818756533157881, 40.883556632442627 ], [ -73.818802675503449, 40.883625828347242 ], [ -73.818873904618073, 40.883602456391131 ], [ -73.818849524720463, 40.883545876369404 ], [ -73.818839853830781, 40.883519266120814 ], [ -73.818843835356518, 40.883491090655845 ], [ -73.818859403399273, 40.883467935589614 ], [ -73.818888981805642, 40.883448125362669 ], [ -73.818932293398689, 40.883420148616949 ], [ -73.818975644818025, 40.883385387542617 ], [ -73.819011748509254, 40.883349157157056 ], [ -73.819043235104189, 40.883329177885294 ], [ -73.819168290966786, 40.883288282096636 ], [ -73.819270201798545, 40.883258855372603 ], [ -73.819443770443897, 40.883213493246416 ], [ -73.819456169072367, 40.883208266350515 ], [ -73.819468196534515, 40.883202562604055 ], [ -73.81948364031804, 40.883195345048556 ], [ -73.819512016399642, 40.883184336839356 ], [ -73.819569813004534, 40.883169118956644 ], [ -73.819576895874846, 40.88316811701953 ], [ -73.819554925564077, 40.883197324062714 ], [ -73.819549285430526, 40.883202438150725 ], [ -73.819543642862598, 40.883207554912431 ], [ -73.819519970125015, 40.883222893714922 ], [ -73.819510949744426, 40.883228857917757 ], [ -73.819471467292075, 40.883262960668077 ], [ -73.819450033657631, 40.883282571305543 ], [ -73.819443258142158, 40.883290248163199 ], [ -73.81943986408325, 40.883297075828054 ], [ -73.819430803122401, 40.883318416738597 ], [ -73.819419449543147, 40.883355126317149 ], [ -73.819404696246011, 40.88340122450424 ], [ -73.819395637479403, 40.883420856270291 ], [ -73.819374165415752, 40.883454134465403 ], [ -73.819367387660279, 40.883463518618207 ], [ -73.819351572005914, 40.883484847182935 ], [ -73.81934479424163, 40.883494232254428 ], [ -73.819341396727296, 40.883502768971752 ], [ -73.819337994473656, 40.883512157575474 ], [ -73.819334562024707, 40.883532653561623 ], [ -73.819335625318473, 40.883555715874593 ], [ -73.819340040909182, 40.883587324643344 ], [ -73.819348910348282, 40.883636025306508 ], [ -73.81935894999485, 40.883669351946793 ], [ -73.819361182171818, 40.883676188338598 ], [ -73.819365478614756, 40.883682695674601 ], [ -73.819430873275877, 40.883707046539499 ], [ -73.819444358005398, 40.88371389871179 ], [ -73.819455592084751, 40.883721603771356 ], [ -73.819463454076015, 40.883727595326405 ], [ -73.819467935910396, 40.883734437080051 ], [ -73.819472418854886, 40.883741276158823 ], [ -73.819489199235036, 40.883778884359437 ], [ -73.81950148508642, 40.883813923563885 ], [ -73.819519394919411, 40.883848969896498 ], [ -73.819546273002274, 40.883897697810291 ], [ -73.819563065064543, 40.883930180426233 ], [ -73.819573136111401, 40.883951549528582 ], [ -73.819577605162678, 40.883963515928606 ], [ -73.819587636807029, 40.883999404410353 ], [ -73.819602158391589, 40.884039570934135 ], [ -73.819615551689921, 40.884080589343448 ], [ -73.819621117828845, 40.884102805964503 ], [ -73.819627775078629, 40.884137836429829 ], [ -73.819629960940915, 40.884161754981356 ], [ -73.819633231073283, 40.884201049411253 ], [ -73.819633212530377, 40.884207882276101 ], [ -73.819633191668345, 40.884215569711522 ], [ -73.819626340899632, 40.884252289024801 ], [ -73.819626313086474, 40.884262537486322 ], [ -73.819628538247926, 40.884271083006936 ], [ -73.819636363234338, 40.884290740364179 ], [ -73.819658766748049, 40.884330064636664 ], [ -73.819667720058533, 40.884348016369614 ], [ -73.81968336654981, 40.884388183803544 ], [ -73.819697901079977, 40.884423224741923 ], [ -73.819705716832317, 40.884446300284516 ], [ -73.819712491275851, 40.884468470852624 ], [ -73.819723508427671, 40.884525446323742 ], [ -73.81972349598874, 40.884530032214123 ], [ -73.819722345718674, 40.884539427024954 ], [ -73.819720069458413, 40.884548818236354 ], [ -73.819716673046628, 40.884556499471856 ], [ -73.819712150636406, 40.884564179866651 ], [ -73.819699730138296, 40.884579536296961 ], [ -73.819683936402583, 40.88459317479338 ], [ -73.81966364340245, 40.884605956949358 ], [ -73.819642231359438, 40.884617025614205 ], [ -73.819588155652312, 40.884637442455173 ], [ -73.819543073771214, 40.884661287119819 ], [ -73.819522792327433, 40.884669796492503 ], [ -73.81946083930157, 40.884690199186679 ], [ -73.819361710557104, 40.884724209399415 ], [ -73.819324531330153, 40.884738670585229 ], [ -73.819311007935056, 40.884745482287492 ], [ -73.819298609435819, 40.884752294913532 ], [ -73.819289585394728, 40.884759968236331 ], [ -73.81928168264939, 40.884768925635179 ], [ -73.81927686969091, 40.884780021083145 ], [ -73.819274832686972, 40.884805215422595 ], [ -73.819274772299707, 40.884827423154277 ], [ -73.819276955736214, 40.884852195440999 ], [ -73.819280259429704, 40.884878677707718 ], [ -73.819288010061086, 40.884925669307314 ], [ -73.819301379016224, 40.884976081639159 ], [ -73.819304120164887, 40.885002137117958 ], [ -73.819300715501825, 40.885012381123424 ], [ -73.819292244580282, 40.885023899505143 ], [ -73.819282085207163, 40.885034987494677 ], [ -73.819255009311391, 40.885058860265111 ], [ -73.819192979268351, 40.885107449763147 ], [ -73.819167043264144, 40.8851261977889 ], [ -73.819143366227976, 40.885141536502985 ], [ -73.81911969726157, 40.885154311594235 ], [ -73.819097161373378, 40.885164526499089 ], [ -73.819007034941649, 40.885198548688088 ], [ -73.818927052700218, 40.885226610258307 ], [ -73.818895510017271, 40.885237663709923 ], [ -73.818875236395797, 40.885243612026386 ], [ -73.818859472593999, 40.885246147379711 ], [ -73.818841462621904, 40.885247828226767 ], [ -73.818781820315365, 40.885246025358612 ], [ -73.818715425503882, 40.885243360867968 ], [ -73.818690666574369, 40.885243321937097 ], [ -73.818631005627239, 40.88524835277439 ], [ -73.818612996771222, 40.885249178096082 ], [ -73.818542094582142, 40.88524906653258 ], [ -73.818476820004008, 40.885248963785536 ], [ -73.81839353768747, 40.885248832639384 ], [ -73.81837215679657, 40.885247945309409 ], [ -73.818359784889452, 40.885245362104051 ], [ -73.818336170661652, 40.885237638355051 ], [ -73.818295705164729, 40.885219636864861 ], [ -73.818277716227016, 40.88521277562014 ], [ -73.818219245367203, 40.885193893829936 ], [ -73.81816413977667, 40.885179286494399 ], [ -73.818147275749467, 40.885173279818432 ], [ -73.818127040607948, 40.885164705864419 ], [ -73.818075341040952, 40.885139002622601 ], [ -73.818056240259764, 40.885127868570329 ], [ -73.818031529273171, 40.885109891846547 ], [ -73.818007946749603, 40.885091064083497 ], [ -73.817992225050304, 40.885078226211064 ], [ -73.817982135596935, 40.885064546252934 ], [ -73.817977649168625, 40.885058559927494 ], [ -73.817974291082464, 40.885051721731763 ], [ -73.817970945908527, 40.885040612537665 ], [ -73.817965392050922, 40.885014124840943 ], [ -73.817931979790231, 40.8848859523073 ], [ -73.817915257381642, 40.884827845211205 ], [ -73.817907457372399, 40.884798792087608 ], [ -73.81790303189527, 40.884771453437281 ], [ -73.817899725317318, 40.884745823940513 ], [ -73.817898668395401, 40.884721053405777 ], [ -73.817900447605879, 40.884707179773983 ], [ -73.817900968325631, 40.884703119225961 ], [ -73.817905522498648, 40.884683483143363 ], [ -73.817912334566429, 40.884662138805503 ], [ -73.817922531551389, 40.884637384286506 ], [ -73.817934986323863, 40.88461007229089 ], [ -73.817947421272081, 40.884589592238619 ], [ -73.817974527744212, 40.884554616826854 ], [ -73.818002747389073, 40.884523913264665 ], [ -73.818069300347943, 40.884467644992213 ], [ -73.818102032023546, 40.884433532077296 ], [ -73.818139299055446, 40.884386614085436 ], [ -73.818194639964631, 40.884314953120722 ], [ -73.818227407661837, 40.884267174351976 ], [ -73.818278273634547, 40.884186111436961 ], [ -73.818294101497244, 40.884159657448386 ], [ -73.818305420699787, 40.884135760153853 ], [ -73.81831448336024, 40.884113567441723 ], [ -73.81831961269738, 40.884090085376549 ], [ -73.81831906892171, 40.884083679286952 ], [ -73.818316834503008, 40.88407769652347 ], [ -73.818310666784285, 40.884069573430885 ], [ -73.818298873893994, 40.88406058598158 ], [ -73.818285390339099, 40.884052878100881 ], [ -73.818269652377296, 40.88404601772416 ], [ -73.818251101414134, 40.884039584170367 ], [ -73.8182257991906, 40.884032283642007 ], [ -73.818207776747357, 40.884038235391237 ], [ -73.818195945326963, 40.884043341406894 ], [ -73.818189177075737, 40.884049167674107 ], [ -73.818185212951207, 40.884058699417828 ], [ -73.818183482522173, 40.884074069867054 ], [ -73.818171571640718, 40.884108217483977 ], [ -73.818152291195062, 40.884162851241399 ], [ -73.818133035104054, 40.8842080902647 ], [ -73.818114887512465, 40.884259309437972 ], [ -73.818104689535474, 40.884284916790463 ], [ -73.818094505486002, 40.884304546676631 ], [ -73.818082085884797, 40.884319899338934 ], [ -73.818061770408761, 40.884340366887862 ], [ -73.818009869254013, 40.884388969981693 ], [ -73.817976015110517, 40.884422227447239 ], [ -73.817943289374341, 40.88445463395167 ], [ -73.817924098570501, 40.884475957824726 ], [ -73.817893604814515, 40.884516053467209 ], [ -73.81784955830274, 40.884571930369681 ], [ -73.81784166351558, 40.884578324049471 ], [ -73.817815730913196, 40.884595364393547 ], [ -73.817793176178114, 40.884612410152307 ], [ -73.817771740462803, 40.884631595402418 ], [ -73.817766090655809, 40.884639700848169 ], [ -73.817762698701628, 40.884645672890272 ], [ -73.817760429181149, 40.884652503118069 ], [ -73.817758138582889, 40.88466702077887 ], [ -73.81775811984707, 40.884673853644081 ], [ -73.817759223552585, 40.884681542938701 ], [ -73.817767031638667, 40.884707179553374 ], [ -73.817777081153196, 40.884736235322187 ], [ -73.817794975033266, 40.884777261971593 ], [ -73.817801680669575, 40.884794355807344 ], [ -73.817809485211114, 40.884821698880899 ], [ -73.817813901398409, 40.884852453967213 ], [ -73.817819374453833, 40.884908834996999 ], [ -73.81783041648734, 40.884985726352085 ], [ -73.817842595245537, 40.885059200292218 ], [ -73.81785039170515, 40.885089107064594 ], [ -73.817859329349275, 40.885113037316273 ], [ -73.817870527164629, 40.885133552767684 ], [ -73.817883426301165, 40.88514980180917 ], [ -73.817895211134598, 40.88516177982703 ], [ -73.817908687959147, 40.885172049532692 ], [ -73.817944637684491, 40.88519516878246 ], [ -73.818032274097661, 40.885249116706831 ], [ -73.818073851525369, 40.885272242957299 ], [ -73.818105329022259, 40.885285104840108 ], [ -73.818142434053314, 40.885297122774084 ], [ -73.818213283777439, 40.885316877773107 ], [ -73.818258264929668, 40.885329763496294 ], [ -73.818363986599863, 40.885354698954011 ], [ -73.818442714789484, 40.885373611651325 ], [ -73.818474211064142, 40.885379641403851 ], [ -73.81847681981705, 40.885379918657229 ], [ -73.818506840245831, 40.885383109216811 ], [ -73.818541728462506, 40.885383164128875 ], [ -73.818575497665989, 40.885380654475391 ], [ -73.81869241229009, 40.885364712029038 ], [ -73.817982346379438, 40.885778291660941 ], [ -73.816730714886333, 40.884564265655712 ], [ -73.816529829268944, 40.884686361370257 ], [ -73.81649770763228, 40.884655211027543 ] ] ], [ [ [ -73.819242771727843, 40.885728090267399 ], [ -73.819150261914842, 40.885755600113768 ], [ -73.818729139384999, 40.885360116772574 ], [ -73.818816423175704, 40.885350284294169 ], [ -73.818939125565507, 40.88533937497435 ], [ -73.818969523782798, 40.885335151687848 ], [ -73.819001057310999, 40.88532751280728 ], [ -73.819033722492193, 40.885317314657705 ], [ -73.819066394746073, 40.885304554716932 ], [ -73.819097945632038, 40.885290083865954 ], [ -73.81912386766939, 40.885276458662588 ], [ -73.81914528931263, 40.885261971906601 ], [ -73.819162211659318, 40.885247477169855 ], [ -73.819192979159808, 40.885215393438322 ], [ -73.819218643335205, 40.885188631329761 ], [ -73.81928070605808, 40.885128084223489 ], [ -73.819288600707495, 40.885122120114808 ], [ -73.819297617832504, 40.885117008657268 ], [ -73.819307760962275, 40.885111898962379 ], [ -73.819317901764236, 40.885107645593386 ], [ -73.819341549677944, 40.885101703406285 ], [ -73.819353935526124, 40.885100013668385 ], [ -73.819366316732626, 40.885099179414709 ], [ -73.819471547917132, 40.885098062829734 ], [ -73.819502228236558, 40.885093413018282 ], [ -73.819513199916216, 40.885094283846364 ], [ -73.819521632648019, 40.885096858920711 ], [ -73.81952950408234, 40.885099434957368 ], [ -73.819550859428688, 40.885109718642759 ], [ -73.819595817630784, 40.885131995984658 ], [ -73.819645254175214, 40.885161967779602 ], [ -73.819654242364336, 40.885167959240022 ], [ -73.819664342546503, 40.885177370809828 ], [ -73.819685670240702, 40.885198757419026 ], [ -73.819703610665627, 40.885222700685418 ], [ -73.819708092624111, 40.885230396080573 ], [ -73.819711448469192, 40.885238088793329 ], [ -73.819715894574642, 40.885258595345675 ], [ -73.819723627033397, 40.885312417099883 ], [ -73.819725752619902, 40.885357690726515 ], [ -73.819731262094479, 40.885401257822863 ], [ -73.819736817899951, 40.885427746272427 ], [ -73.819747967809192, 40.885466199272585 ], [ -73.819752430047302, 40.885481580342081 ], [ -73.819756901554626, 40.88549183759266 ], [ -73.819761949415906, 40.88549825063081 ], [ -73.819769246927308, 40.885505095851741 ], [ -73.819777111420223, 40.885509805988043 ], [ -73.819784979391855, 40.885513232976471 ], [ -73.819810281193242, 40.885520959985719 ], [ -73.819824334561886, 40.88552610845835 ], [ -73.819843439397644, 40.88553638589395 ], [ -73.819855798630741, 40.885544092669569 ], [ -73.819861755265492, 40.885548632001743 ], [ -73.819242771727843, 40.885728090267399 ] ] ] ] } },
{ "type": "Feature", "properties": { "Borough": "BX", "Block": 5654, "Lot": 235, "CD": 228, "BCT2020": "2050400", "BCTCB2020": "20504001015", "CT2010": "504", "CB2010": "1007", "SchoolDist": "11", "Council": 13, "ZipCode": 10464, "FireComp": "L053", "PolicePrct": 45, "HealthCent": 24, "HealthArea": 710, "Sanitboro": null, "SanitDistr": null, "SanitSub": null, "Address": "EASTCHESTER PLACE", "ZoneDist1": "R3-2", "ZoneDist2": null, "ZoneDist3": null, "ZoneDist4": null, "Overlay1": null, "Overlay2": null, "SPDist1": null, "SPDist2": null, "SPDist3": null, "LtdHeight": null, "SplitZone": "N", "BldgClass": "V0", "LandUse": "11", "Easements": 0, "OwnerType": "X", "OwnerName": "NYS DEPARTMENT OF TRANSPORTATION", "LotArea": 17000, "BldgArea": 0, "ComArea": 0, "ResArea": 0, "OfficeArea": 0, "RetailArea": 0, "GarageArea": 0, "StrgeArea": 0, "FactryArea": 0, "OtherArea": 0, "AreaSource": "7", "NumBldgs": 0, "NumFloors": 0.0, "UnitsRes": 0, "UnitsTotal": 0, "LotFront": 200.0, "LotDepth": 120.0, "BldgFront": 0.0, "BldgDepth": 0.0, "Ext": null, "ProxCode": "0", "IrrLotCode": "Y", "LotType": "3", "BsmtCode": "5", "AssessLand": 46320.0, "AssessTot": 46320.0, "ExemptTot": 46320.0, "YearBuilt": 0, "YearAlter1": 0, "YearAlter2": 0, "HistDist": null, "Landmark": null, "BuiltFAR": 0.0, "ResidFAR": 0.75, "CommFAR": 0.0, "FacilFAR": 1.0, "BoroCode": 2, "BBL": 2056540235.0, "CondoNo": 0, "Tract2010": "0504", "XCoord": 1034429, "YCoord": 262052, "ZoneMap": "2d", "ZMCode": null, "Sanborn": "222 078", "TaxMap": "21810", "EDesigNum": null, "APPBBL": 0.0, "APPDate": null, "PLUTOMapID": "1", "FIRM07_FLA": "1", "PFIRM15_FL": "1", "Version": "25v4", "DCPEdited": "t", "Latitude": 40.8858035, "Longitude": -73.8185259, "Notes": null, "Shape_Leng": 0.0, "Shape_Area": 16761.332249300001 }, "geometry": { "type": "MultiPolygon", "coordinates": [ [ [ [ -73.818102692599837, 40.885903761213591 ], [ -73.818665140506909, 40.885562752108669 ], [ -73.818937800590064, 40.885818811503555 ], [ -73.818212853815552, 40.886007216573866 ], [ -73.818102692599837, 40.885903761213591 ] ] ] ] } },
{ "type": "Feature", "properties": { "Borough": "BX", "Block": 5654, "Lot": 295, "CD": 228, "BCT2020": "2050400", "BCTCB2020": "20504001015", "CT2010": "504", "CB2010": "1007", "SchoolDist": "11", "Council": 13, "ZipCode": 10464, "FireComp": "L053", "PolicePrct": 45, "HealthCent": 24, "HealthArea": 710, "Sanitboro": null, "SanitDistr": null, "SanitSub": null, "Address": "HUGUENOT AVENUE", "ZoneDist1": "R3-2", "ZoneDist2": null, "ZoneDist3": null, "ZoneDist4": null, "Overlay1": null, "Overlay2": null, "SPDist1": null, "SPDist2": null, "SPDist3": null, "LtdHeight": null, "SplitZone": "N", "BldgClass": "V0", "LandUse": "11", "Easements": 0, "OwnerType": "X", "OwnerName": "STATE OF NEW YORK", "LotArea": 690, "BldgArea": 0, "ComArea": 0, "ResArea": 0, "OfficeArea": 0, "RetailArea": 0, "GarageArea": 0, "StrgeArea": 0, "FactryArea": 0, "OtherArea": 0, "AreaSource": "7", "NumBldgs": 0, "NumFloors": 0.0, "UnitsRes": 0, "UnitsTotal": 0, "LotFront": 23.0, "LotDepth": 60.0, "BldgFront": 0.0, "BldgDepth": 0.0, "Ext": null, "ProxCode": "0", "IrrLotCode": "Y", "LotType": "5", "BsmtCode": "5", "AssessLand": 1620.0, "AssessTot": 1620.0, "ExemptTot": 1620.0, "YearBuilt": 0, "YearAlter1": 0, "YearAlter2": 0, "HistDist": null, "Landmark": null, "BuiltFAR": 0.0, "ResidFAR": 0.75, "CommFAR": 0.0, "FacilFAR": 1.0, "BoroCode": 2, "BBL": 2056540295.0, "CondoNo": 0, "Tract2010": "0504", "XCoord": 1034609, "YCoord": 262149, "ZoneMap": "2d", "ZMCode": null, "Sanborn": "222 078", "TaxMap": "21810", "EDesigNum": null, "APPBBL": 0.0, "APPDate": null, "PLUTOMapID": "1", "FIRM07_FLA": null, "PFIRM15_FL": null, "Version": "25v4", "DCPEdited": null, "Latitude": 40.8860688, "Longitude": -73.8178742, "Notes": null, "Shape_Leng": 0.0, "Shape_Area": 650.8891067 }, "geometry": { "type": "MultiPolygon", "coordinates": [ [ [ [ -73.817960730752532, 40.88607268230605 ], [ -73.817751155110571, 40.886116895795539 ], [ -73.817907121263147, 40.886022335117161 ], [ -73.817960730752532, 40.88607268230605 ] ] ] ] } },
{ "type": "Feature", "properties": { "Borough": "BX", "Block": 5135, "Lot": 100, "CD": 210, "BCT2020": "2030201", "BCTCB2020": "20302012002", "CT2010": "302", "CB2010": "1001", "SchoolDist": "11", "Council": 12, "ZipCode": 10475, "FireComp": "E066", "PolicePrct": 45, "HealthCent": 24, "HealthArea": 710, "Sanitboro": "2", "SanitDistr": "10", "SanitSub": "1D", "Address": "BOLLER AVENUE", "ZoneDist1": "R3-2", "ZoneDist2": "PARK", "ZoneDist3": null, "ZoneDist4": null, "Overlay1": null, "Overlay2": null, "SPDist1": null, "SPDist2": null, "SPDist3": null, "LtdHeight": null, "SplitZone": "Y", "BldgClass": "U6", "LandUse": "07", "Easements": 0, "OwnerType": "X", "OwnerName": "PENN CENTRAL COMPANY", "LotArea": 287729, "BldgArea": 0, "ComArea": 0, "ResArea": 0, "OfficeArea": 0, "RetailArea": 0, "GarageArea": 0, "StrgeArea": 0, "FactryArea": 0, "OtherArea": 0, "AreaSource": "7", "NumBldgs": 3, "NumFloors": 0.0, "UnitsRes": 0, "UnitsTotal": 0, "LotFront": 1461.0, "LotDepth": 149.5, "BldgFront": 0.0, "BldgDepth": 0.0, "Ext": "N", "ProxCode": "0", "IrrLotCode": "Y", "LotType": "5", "BsmtCode": "0", "AssessLand": 0.0, "AssessTot": 0.0, "ExemptTot": 0.0, "YearBuilt": 0, "YearAlter1": 0, "YearAlter2": 0, "HistDist": null, "Landmark": null, "BuiltFAR": 0.0, "ResidFAR": 0.75, "CommFAR": 0.0, "FacilFAR": 1.0, "BoroCode": 2, "BBL": 2051350100.0, "CondoNo": 0, "Tract2010": "0302", "XCoord": 1033736, "YCoord": 253122, "ZoneMap": "4c", "ZMCode": "Y", "Sanborn": "218 055", "TaxMap": "21710", "EDesigNum": null, "APPBBL": 0.0, "APPDate": null, "PLUTOMapID": "1", "FIRM07_FLA": "1", "PFIRM15_FL": "1", "Version": "25v4", "DCPEdited": "t", "Latitude": 40.8612974, "Longitude": -73.8210981, "Notes": null, "Shape_Leng": 0.0, "Shape_Area": 280543.48920200003 }, "geometry": { "type": "MultiPolygon", "coordinates": [ [ [ [ -73.819190631562421, 40.861868797881002 ], [ -73.819539786354127, 40.861656499961683 ], [ -73.819510215133676, 40.861631844146324 ], [ -73.819621116088015, 40.861568438421969 ], [ -73.819959214286683, 40.86137513859078 ], [ -73.820366646957311, 40.861184782378317 ], [ -73.82084609977592, 40.861007191266133 ], [ -73.821693549510357, 40.860736871629619 ], [ -73.82266419235367, 40.860429967286876 ], [ -73.823687349372534, 40.860108028409776 ], [ -73.824312018669943, 40.859846127354473 ], [ -73.824511837589782, 40.860194965939932 ], [ -73.82421558215114, 40.86030203876178 ], [ -73.823935446114746, 40.860382940092592 ], [ -73.823562111222614, 40.860490756242143 ], [ -73.822134416579061, 40.860965665736856 ], [ -73.821635390432661, 40.861149728861108 ], [ -73.82142436931295, 40.861240759881682 ], [ -73.820972967703526, 40.861448162708754 ], [ -73.820518179290715, 40.861688580492789 ], [ -73.82012627534084, 40.861915485420361 ], [ -73.820175374180366, 40.861962290448005 ], [ -73.819971515462498, 40.862108730054956 ], [ -73.819484472927087, 40.862501345063428 ], [ -73.819281617805999, 40.862694429517546 ], [ -73.81925957785495, 40.862686555288121 ], [ -73.819217988591546, 40.862672824223985 ], [ -73.819169651562888, 40.862658227064081 ], [ -73.819058350510531, 40.862629010559594 ], [ -73.81902012651959, 40.862619129835771 ], [ -73.81897740237541, 40.862608385533129 ], [ -73.818968410420823, 40.862605809525121 ], [ -73.818925692105694, 40.862592931158346 ], [ -73.818904338322298, 40.862585209194279 ], [ -73.8188874763093, 40.862580057088827 ], [ -73.818873993598217, 40.862574058393903 ], [ -73.818852641947046, 40.862564628192423 ], [ -73.818833543978144, 40.862554349715673 ], [ -73.81882231010691, 40.862548351871425 ], [ -73.818807712216199, 40.862538079542226 ], [ -73.818797608512597, 40.86253037699862 ], [ -73.818787508365503, 40.862520966313582 ], [ -73.818779660570343, 40.862511558247398 ], [ -73.818748267137366, 40.86247136400771 ], [ -73.818743785704058, 40.862464523954827 ], [ -73.818731462376348, 40.862445713120358 ], [ -73.818721397140195, 40.862423061626508 ], [ -73.818715810986873, 40.862408961006132 ], [ -73.818713593566329, 40.862396998985325 ], [ -73.818712508746799, 40.862382478617342 ], [ -73.818713675079863, 40.862367104535785 ], [ -73.81871709963508, 40.862349172957259 ], [ -73.818722783528656, 40.862327828555713 ], [ -73.818737559563047, 40.862272333672628 ], [ -73.818748888858124, 40.862243308808218 ], [ -73.818755678505568, 40.862228800822265 ], [ -73.818763586787114, 40.862216855643339 ], [ -73.818772617258844, 40.86220576404174 ], [ -73.818781645276374, 40.862195530609675 ], [ -73.818834644849446, 40.862150345268368 ], [ -73.818921470392539, 40.862077879433883 ], [ -73.819052271711385, 40.861968755994155 ], [ -73.819090676585574, 40.861938267400731 ], [ -73.819190631562421, 40.861868797881002 ] ] ] ] } },
{ "type": "Feature", "properties": { "Borough": "BX", "Block": 5651, "Lot": 1, "CD": 228, "BCT2020": "2045600", "BCTCB2020": "20456003000", "CT2010": "456", "CB2010": "3000", "SchoolDist": "11", "Council": 13, "ZipCode": 10464, "FireComp": "L053", "PolicePrct": 47, "HealthCent": 24, "HealthArea": 710, "Sanitboro": "2", "SanitDistr": "28", "SanitSub": null, "Address": "20 SHORE ROAD", "ZoneDist1": "R1-2", "ZoneDist2": null, "ZoneDist3": null, "ZoneDist4": null, "Overlay1": null, "Overlay2": null, "SPDist1": null, "SPDist2": null, "SPDist3": null, "LtdHeight": null, "SplitZone": "N", "BldgClass": "A7", "LandUse": "01", "Easements": 0, "OwnerType": null, "OwnerName": "20 SHORE ROAD REALTY, LLC", "LotArea": 32202, "BldgArea": 7122, "ComArea": 0, "ResArea": 7122, "OfficeArea": 0, "RetailArea": 0, "GarageArea": 0, "StrgeArea": 0, "FactryArea": 0, "OtherArea": 0, "AreaSource": "2", "NumBldgs": 1, "NumFloors": 2.75, "UnitsRes": 1, "UnitsTotal": 1, "LotFront": 217.58, "LotDepth": 148.0, "BldgFront": 38.0, "BldgDepth": 50.0, "Ext": "N", "ProxCode": "1", "IrrLotCode": "N", "LotType": "2", "BsmtCode": "2", "AssessLand": 27780.0, "AssessTot": 303540.0, "ExemptTot": 0.0, "YearBuilt": 1920, "YearAlter1": 0, "YearAlter2": 0, "HistDist": null, "Landmark": null, "BuiltFAR": 0.22, "ResidFAR": 0.75, "CommFAR": 0.0, "FacilFAR": 1.0, "BoroCode": 2, "BBL": 2056510001.0, "CondoNo": 0, "Tract2010": "0456", "XCoord": 1041522, "YCoord": 260972, "ZoneMap": "2d", "ZMCode": null, "Sanborn": "218 075", "TaxMap": "21810", "EDesigNum": null, "APPBBL": 0.0, "APPDate": null, "PLUTOMapID": "1", "FIRM07_FLA": "1", "PFIRM15_FL": "1", "Version": "25v4", "DCPEdited": null, "Latitude": 40.8827961, "Longitude": -73.7928832, "Notes": null, "Shape_Leng": 0.0, "Shape_Area": 38957.415514200002 }, "geometry": { "type": "MultiPolygon", "coordinates": [ [ [ [ -73.794190043980251, 40.882936078985558 ], [ -73.793981202485199, 40.883253642955374 ], [ -73.794062808171077, 40.883293614736253 ], [ -73.794219932084161, 40.883329399783143 ], [ -73.794190988347253, 40.883371024582146 ], [ -73.79326534704353, 40.88311713967974 ], [ -73.793123210637773, 40.88307815258802 ], [ -73.793124244275987, 40.883067518003344 ], [ -73.793126544070759, 40.883052147183889 ], [ -73.793129944921503, 40.88304361308024 ], [ -73.793136747609736, 40.883027396602728 ], [ -73.793141287488268, 40.883015447171758 ], [ -73.793146957440371, 40.883001790538181 ], [ -73.79315149344923, 40.882990693831971 ], [ -73.793159409140273, 40.882977897723656 ], [ -73.793165073772144, 40.882965948467735 ], [ -73.793170737175657, 40.882954003728528 ], [ -73.793176405679546, 40.882941198986607 ], [ -73.793185459064972, 40.88292498662522 ], [ -73.793189984426164, 40.882917308106265 ], [ -73.793195646382671, 40.88290621525767 ], [ -73.79320243841353, 40.882893414369484 ], [ -73.793206977053373, 40.882881466689831 ], [ -73.793212644327241, 40.882868662865157 ], [ -73.793219441771257, 40.882854154681148 ], [ -73.79322285444016, 40.882842204981664 ], [ -73.79322626711442, 40.882830252605586 ], [ -73.793231948875587, 40.882813179538218 ], [ -73.793236495485488, 40.882798666396972 ], [ -73.793242156206389, 40.882787575301343 ], [ -73.793245567428301, 40.882776477494296 ], [ -73.793251232029249, 40.882764528233714 ], [ -73.793256896957558, 40.882751727998908 ], [ -73.793260317247501, 40.882738068330823 ], [ -73.793264855877524, 40.882726117050765 ], [ -73.793272767416369, 40.882715029067491 ], [ -73.793280683933787, 40.882703083007527 ], [ -73.793296432403139, 40.882704821221225 ], [ -73.793318923724442, 40.882709985375165 ], [ -73.793334669309431, 40.882713431803033 ], [ -73.793354913682549, 40.882717736430465 ], [ -73.793378533621663, 40.882722051535765 ], [ -73.793389779234658, 40.882724632727687 ], [ -73.79340889267273, 40.882729792568007 ], [ -73.793426882465624, 40.882734949473452 ], [ -73.793436999233975, 40.88273923769929 ], [ -73.793452742525929, 40.882742681512937 ], [ -73.793461319034535, 40.882736204548848 ], [ -73.794190043980251, 40.882936078985558 ] ] ] ] } },
{ "type": "Feature", "properties": { "Borough": "BX", "Block": 5651, "Lot": 53, "CD": 212, "BCT2020": "2045600", "BCTCB2020": "20456003001", "CT2010": "456", "CB2010": "3001", "SchoolDist": "11", "Council": 13, "ZipCode": 10803, "FireComp": "L053", "PolicePrct": 47, "HealthCent": 24, "HealthArea": 710, "Sanitboro": "2", "SanitDistr": "12", "SanitSub": "5E", "Address": "1445 ROOSEVELT AVENUE", "ZoneDist1": "R1-2", "ZoneDist2": null, "ZoneDist3": null, "ZoneDist4": null, "Overlay1": null, "Overlay2": null, "SPDist1": null, "SPDist2": null, "SPDist3": null, "LtdHeight": null, "SplitZone": "N", "BldgClass": "A2", "LandUse": "01", "Easements": 0, "OwnerType": null, "OwnerName": "VITALE, THOMAS P", "LotArea": 12600, "BldgArea": 3761, "ComArea": 0, "ResArea": 2389, "OfficeArea": 0, "RetailArea": 0, "GarageArea": 0, "StrgeArea": 0, "FactryArea": 0, "OtherArea": 0, "AreaSource": "2", "NumBldgs": 1, "NumFloors": 1.0, "UnitsRes": 1, "UnitsTotal": 1, "LotFront": 75.0, "LotDepth": 145.67, "BldgFront": 64.0, "BldgDepth": 35.0, "Ext": "G", "ProxCode": "1", "IrrLotCode": "Y", "LotType": "5", "BsmtCode": "1", "AssessLand": 18420.0, "AssessTot": 133500.0, "ExemptTot": 0.0, "YearBuilt": 1960, "YearAlter1": 0, "YearAlter2": 0, "HistDist": null, "Landmark": null, "BuiltFAR": 0.3, "ResidFAR": 0.75, "CommFAR": 0.0, "FacilFAR": 1.0, "BoroCode": 2, "BBL": 2056510053.0, "CondoNo": 0, "Tract2010": "0456", "XCoord": 1040883, "YCoord": 261206, "ZoneMap": "2d", "ZMCode": null, "Sanborn": "218 075", "TaxMap": "21810", "EDesigNum": null, "APPBBL": 0.0, "APPDate": null, "PLUTOMapID": "1", "FIRM07_FLA": null, "PFIRM15_FL": null, "Version": "25v4", "DCPEdited": null, "Latitude": 40.8834425, "Longitude": -73.7951921, "Notes": null, "Shape_Leng": 0.0, "Shape_Area": 15411.9671784 }, "geometry": { "type": "MultiPolygon", "coordinates": [ [ [ [ -73.79534987137518, 40.883254183775513 ], [ -73.795394578084, 40.883649201781239 ], [ -73.795341836290461, 40.883650751575445 ], [ -73.795243398144734, 40.883661590725666 ], [ -73.795186743054657, 40.883672100612742 ], [ -73.795114110407965, 40.883690762975327 ], [ -73.794948681179363, 40.883357614464458 ], [ -73.795134083651391, 40.883195001237688 ], [ -73.79534987137518, 40.883254183775513 ] ] ] ] } },
{ "type": "Feature", "properties": { "Borough": "BX", "Block": 5651, "Lot": 70, "CD": 212, "BCT2020": "2045600", "BCTCB2020": "20456003001", "CT2010": "456", "CB2010": "3001", "SchoolDist": "11", "Council": 13, "ZipCode": 10803, "FireComp": "L053", "PolicePrct": 47, "HealthCent": 24, "HealthArea": 710, "Sanitboro": "2", "SanitDistr": "12", "SanitSub": "5E", "Address": "1424 PARK LANE", "ZoneDist1": "R1-2", "ZoneDist2": null, "ZoneDist3": null, "ZoneDist4": null, "Overlay1": null, "Overlay2": null, "SPDist1": null, "SPDist2": null, "SPDist3": null, "LtdHeight": null, "SplitZone": "N", "BldgClass": "A3", "LandUse": "01", "Easements": 0, "OwnerType": null, "OwnerName": "LORIA, NICHOLAS", "LotArea": 43000, "BldgArea": 4764, "ComArea": 0, "ResArea": 4764, "OfficeArea": 0, "RetailArea": 0, "GarageArea": 0, "StrgeArea": 0, "FactryArea": 0, "OtherArea": 0, "AreaSource": "2", "NumBldgs": 1, "NumFloors": 2.75, "UnitsRes": 1, "UnitsTotal": 1, "LotFront": 249.5, "LotDepth": 222.67, "BldgFront": 75.0, "BldgDepth": 25.0, "Ext": "N", "ProxCode": "1", "IrrLotCode": "Y", "LotType": "5", "BsmtCode": "2", "AssessLand": 28380.0, "AssessTot": 171960.0, "ExemptTot": 0.0, "YearBuilt": 1929, "YearAlter1": 2007, "YearAlter2": 0, "HistDist": null, "Landmark": null, "BuiltFAR": 0.11, "ResidFAR": 0.75, "CommFAR": 0.0, "FacilFAR": 1.0, "BoroCode": 2, "BBL": 2056510070.0, "CondoNo": 0, "Tract2010": "0456", "XCoord": 1040386, "YCoord": 261410, "ZoneMap": "2d", "ZMCode": null, "Sanborn": "218 075", "TaxMap": "21810", "EDesigNum": null, "APPBBL": 0.0, "APPDate": null, "PLUTOMapID": "1", "FIRM07_FLA": null, "PFIRM15_FL": null, "Version": "25v4", "DCPEdited": null, "Latitude": 40.8840056, "Longitude": -73.7969877, "Notes": null, "Shape_Leng": 0.0, "Shape_Area": 42724.207277000001 }, "geometry": { "type": "MultiPolygon", "coordinates": [ [ [ [ -73.797064091108751, 40.884399700967528 ], [ -73.796742185709789, 40.88431538122164 ], [ -73.796709061237181, 40.884151261661181 ], [ -73.796650316081951, 40.883860197208513 ], [ -73.796597038970177, 40.883596227241561 ], [ -73.797423342964294, 40.883822836805919 ], [ -73.797283841224782, 40.884146573477196 ], [ -73.797254809355067, 40.88422262555693 ], [ -73.797234536902835, 40.884290305842129 ], [ -73.797218426888506, 40.884359039759488 ], [ -73.797211580124738, 40.884402050480375 ], [ -73.797064091108751, 40.884399700967528 ] ] ] ] } },
{ "type": "Feature", "properties": { "Borough": "BX", "Block": 5651, "Lot": 165, "CD": 212, "BCT2020": "2045600", "BCTCB2020": "20456003001", "CT2010": "456", "CB2010": "3001", "SchoolDist": "11", "Council": 13, "ZipCode": 10803, "FireComp": "L053", "PolicePrct": 47, "HealthCent": 24, "HealthArea": 710, "Sanitboro": "2", "SanitDistr": "12", "SanitSub": "5E", "Address": "90 BEECH TREE LANE", "ZoneDist1": "R1-2", "ZoneDist2": null, "ZoneDist3": null, "ZoneDist4": null, "Overlay1": null, "Overlay2": null, "SPDist1": null, "SPDist2": null, "SPDist3": null, "LtdHeight": null, "SplitZone": "N", "BldgClass": "A2", "LandUse": "01", "Easements": 0, "OwnerType": null, "OwnerName": "CAROTENUTO, JANICE", "LotArea": 18540, "BldgArea": 3480, "ComArea": 0, "ResArea": 2400, "OfficeArea": 0, "RetailArea": 0, "GarageArea": 0, "StrgeArea": 0, "FactryArea": 0, "OtherArea": 0, "AreaSource": "2", "NumBldgs": 2, "NumFloors": 1.67, "UnitsRes": 1, "UnitsTotal": 1, "LotFront": 160.0, "LotDepth": 90.17, "BldgFront": 59.0, "BldgDepth": 46.0, "Ext": "G", "ProxCode": "1", "IrrLotCode": "Y", "LotType": "5", "BsmtCode": "1", "AssessLand": 29280.0, "AssessTot": 126540.0, "ExemptTot": 1420.0, "YearBuilt": 1970, "YearAlter1": 0, "YearAlter2": 0, "HistDist": null, "Landmark": null, "BuiltFAR": 0.19, "ResidFAR": 0.75, "CommFAR": 0.0, "FacilFAR": 1.0, "BoroCode": 2, "BBL": 2056510165.0, "CondoNo": 0, "Tract2010": "0456", "XCoord": 1039840, "YCoord": 261543, "ZoneMap": "2d", "ZMCode": null, "Sanborn": "218 075", "TaxMap": "21810", "EDesigNum": null, "APPBBL": 0.0, "APPDate": null, "PLUTOMapID": "1", "FIRM07_FLA": null, "PFIRM15_FL": null, "Version": "25v4", "DCPEdited": null, "Latitude": 40.8843741, "Longitude": -73.7989612, "Notes": null, "Shape_Leng": 0.0, "Shape_Area": 14261.484360599999 }, "geometry": { "type": "MultiPolygon", "coordinates": [ [ [ [ -73.798729429200534, 40.884181009213549 ], [ -73.799269382333904, 40.88432907607347 ], [ -73.799172154148167, 40.884549131444771 ], [ -73.799161342849104, 40.88457500711656 ], [ -73.798790287729361, 40.884475086634858 ], [ -73.798789440088598, 40.884467794813943 ], [ -73.798786939234063, 40.884457513161003 ], [ -73.798781199329241, 40.884444081298227 ], [ -73.79877229118101, 40.884430727731939 ], [ -73.798759951011675, 40.88441796240209 ], [ -73.798746884139817, 40.88440816927988 ], [ -73.798732903524538, 40.884400358356643 ], [ -73.798713183426642, 40.884392669761425 ], [ -73.798692651288576, 40.884387885709408 ], [ -73.79867311908599, 40.884385928130797 ], [ -73.798652353859453, 40.884386442931827 ], [ -73.798633661576005, 40.884389226155335 ], [ -73.798729429200534, 40.884181009213549 ] ] ] ] } },
{ "type": "Feature", "properties": { "Borough": "BX", "Block": 5652, "Lot": 1, "CD": 212, "BCT2020": "2045600", "BCTCB2020": "20456003003", "CT2010": "456", "CB2010": "3005", "SchoolDist": "11", "Council": 13, "ZipCode": 10464, "FireComp": "L053", "PolicePrct": 47, "HealthCent": 24, "HealthArea": 710, "Sanitboro": "2", "SanitDistr": "12", "SanitSub": "5E", "Address": "BUSINESS PLACE", "ZoneDist1": "R3-2", "ZoneDist2": "R2", "ZoneDist3": null, "ZoneDist4": null, "Overlay1": null, "Overlay2": null, "SPDist1": null, "SPDist2": null, "SPDist3": null, "LtdHeight": null, "SplitZone": "Y", "BldgClass": "U6", "LandUse": "07", "Easements": 0, "OwnerType": "X", "OwnerName": "PENN CENTRAL COMPANY", "LotArea": 28779, "BldgArea": 0, "ComArea": 0, "ResArea": 0, "OfficeArea": 0, "RetailArea": 0, "GarageArea": 0, "StrgeArea": 0, "FactryArea": 0, "OtherArea": 0, "AreaSource": "7", "NumBldgs": 0, "NumFloors": 0.0, "UnitsRes": 0, "UnitsTotal": 0, "LotFront": 143.0, "LotDepth": 150.42, "BldgFront": 0.0, "BldgDepth": 0.0, "Ext": "N", "ProxCode": "0", "IrrLotCode": "N", "LotType": "5", "BsmtCode": "0", "AssessLand": 0.0, "AssessTot": 0.0, "ExemptTot": 0.0, "YearBuilt": 0, "YearAlter1": 0, "YearAlter2": 0, "HistDist": null, "Landmark": null, "BuiltFAR": 0.0, "ResidFAR": 0.75, "CommFAR": 0.0, "FacilFAR": 1.0, "BoroCode": 2, "BBL": 2056520001.0, "CondoNo": 0, "Tract2010": "0456", "XCoord": 1038680, "YCoord": 262023, "ZoneMap": "2d", "ZMCode": null, "Sanborn": "218 075", "TaxMap": "21810", "EDesigNum": null, "APPBBL": 0.0, "APPDate": null, "PLUTOMapID": "1", "FIRM07_FLA": null, "PFIRM15_FL": null, "Version": "25v4", "DCPEdited": "t", "Latitude": 40.8856988, "Longitude": -73.8031523, "Notes": null, "Shape_Leng": 0.0, "Shape_Area": 28778.552420100001 }, "geometry": { "type": "MultiPolygon", "coordinates": [ [ [ [ -73.802755150102868, 40.885890244147866 ], [ -73.802759800727017, 40.885882805070693 ], [ -73.803078187192668, 40.885373447886693 ], [ -73.803509949698579, 40.885479932515679 ], [ -73.803274706722803, 40.886023542348795 ], [ -73.802755150102868, 40.885890244147866 ] ] ] ] } },
{ "type": "Feature", "properties": { "Borough": "BX", "Block": 5652, "Lot": 10, "CD": 212, "BCT2020": "2045600", "BCTCB2020": "20456003003", "CT2010": "456", "CB2010": "3005", "SchoolDist": "11", "Council": 13, "ZipCode": 10464, "FireComp": "L053", "PolicePrct": 47, "HealthCent": 24, "HealthArea": 710, "Sanitboro": "2", "SanitDistr": "12", "SanitSub": "5E", "Address": "BUSINESS PLACE", "ZoneDist1": "R2", "ZoneDist2": null, "ZoneDist3": null, "ZoneDist4": null, "Overlay1": null, "Overlay2": null, "SPDist1": null, "SPDist2": null, "SPDist3": null, "LtdHeight": null, "SplitZone": "N", "BldgClass": "V0", "LandUse": "11", "Easements": 0, "OwnerType": "X", "OwnerName": "STATE OF NEW YORK", "LotArea": 81753, "BldgArea": 0, "ComArea": 0, "ResArea": 0, "OfficeArea": 0, "RetailArea": 0, "GarageArea": 0, "StrgeArea": 0, "FactryArea": 0, "OtherArea": 0, "AreaSource": "7", "NumBldgs": 0, "NumFloors": 0.0, "UnitsRes": 0, "UnitsTotal": 0, "LotFront": 210.0, "LotDepth": 278.0, "BldgFront": 0.0, "BldgDepth": 0.0, "Ext": null, "ProxCode": "0", "IrrLotCode": "Y", "LotType": "5", "BsmtCode": "5", "AssessLand": 215640.0, "AssessTot": 215640.0, "ExemptTot": 215640.0, "YearBuilt": 0, "YearAlter1": 0, "YearAlter2": 0, "HistDist": null, "Landmark": null, "BuiltFAR": 0.0, "ResidFAR": 0.75, "CommFAR": 0.0, "FacilFAR": 1.0, "BoroCode": 2, "BBL": 2056520010.0, "CondoNo": 0, "Tract2010": "0456", "XCoord": 1038424, "YCoord": 262095, "ZoneMap": "2d", "ZMCode": null, "Sanborn": "218 075", "TaxMap": "21810", "EDesigNum": null, "APPBBL": 0.0, "APPDate": null, "PLUTOMapID": "1", "FIRM07_FLA": null, "PFIRM15_FL": null, "Version": "25v4", "DCPEdited": null, "Latitude": 40.8858979, "Longitude": -73.8040776, "Notes": null, "Shape_Leng": 0.0, "Shape_Area": 79170.087278299994 }, "geometry": { "type": "MultiPolygon", "coordinates": [ [ [ [ -73.803274706722803, 40.886023542348795 ], [ -73.803509949698579, 40.885479932515679 ], [ -73.803828800025641, 40.885563749121765 ], [ -73.804158594114952, 40.885650440622427 ], [ -73.805218623117, 40.885929077192252 ], [ -73.805160854321883, 40.885944969585424 ], [ -73.805026231376246, 40.885983653041102 ], [ -73.804917182658457, 40.88601670572001 ], [ -73.804735842278276, 40.886075166477987 ], [ -73.804516861154241, 40.88615177376758 ], [ -73.804387508958371, 40.886200234889643 ], [ -73.804327085696428, 40.886223712618111 ], [ -73.804223708169559, 40.886265107324299 ], [ -73.803274706722803, 40.886023542348795 ] ] ] ] } },
{ "type": "Feature", "properties": { "Borough": "BX", "Block": 5131, "Lot": 1, "CD": 210, "BCT2020": "2030201", "BCTCB2020": "20302011003", "CT2010": "302", "CB2010": "3012", "SchoolDist": "11", "Council": 12, "ZipCode": 10475, "FireComp": "E066", "PolicePrct": 45, "HealthCent": 24, "HealthArea": 710, "Sanitboro": "2", "SanitDistr": "10", "SanitSub": "1D", "Address": "BRADLEY STREET", "ZoneDist1": "R3-2", "ZoneDist2": null, "ZoneDist3": null, "ZoneDist4": null, "Overlay1": null, "Overlay2": null, "SPDist1": null, "SPDist2": null, "SPDist3": null, "LtdHeight": null, "SplitZone": "N", "BldgClass": "U1", "LandUse": "07", "Easements": 2, "OwnerType": "X", "OwnerName": "PENN CENTRAL COMPANY", "LotArea": 134225, "BldgArea": 0, "ComArea": 0, "ResArea": 0, "OfficeArea": 0, "RetailArea": 0, "GarageArea": 0, "StrgeArea": 0, "FactryArea": 0, "OtherArea": 0, "AreaSource": "7", "NumBldgs": 4, "NumFloors": 0.0, "UnitsRes": 0, "UnitsTotal": 0, "LotFront": 196.0, "LotDepth": 680.0, "BldgFront": 0.0, "BldgDepth": 0.0, "Ext": "N", "ProxCode": "0", "IrrLotCode": "Y", "LotType": "5", "BsmtCode": "0", "AssessLand": 0.0, "AssessTot": 0.0, "ExemptTot": 0.0, "YearBuilt": 0, "YearAlter1": 0, "YearAlter2": 0, "HistDist": null, "Landmark": null, "BuiltFAR": 0.0, "ResidFAR": 0.75, "CommFAR": 0.0, "FacilFAR": 1.0, "BoroCode": 2, "BBL": 2051310001.0, "CondoNo": 0, "Tract2010": "0302", "XCoord": 1032462, "YCoord": 252482, "ZoneMap": "4a", "ZMCode": null, "Sanborn": "218 056", "TaxMap": "21710", "EDesigNum": null, "APPBBL": 0.0, "APPDate": null, "PLUTOMapID": "1", "FIRM07_FLA": "1", "PFIRM15_FL": "1", "Version": "25v4", "DCPEdited": null, "Latitude": 40.8595479, "Longitude": -73.8257085, "Notes": null, "Shape_Leng": 0.0, "Shape_Area": 129918.054363 }, "geometry": { "type": "MultiPolygon", "coordinates": [ [ [ [ -73.824312018669943, 40.859846127354473 ], [ -73.824738713163072, 40.859667226731197 ], [ -73.825413550405713, 40.859360933275838 ], [ -73.826634562789266, 40.858956976185453 ], [ -73.826782010935148, 40.858903167357205 ], [ -73.82678444555242, 40.85890738801082 ], [ -73.826825545979034, 40.858978702233387 ], [ -73.82686846135897, 40.859053162816792 ], [ -73.82696987063737, 40.859229113921558 ], [ -73.82700443739364, 40.859289086416915 ], [ -73.826937303195834, 40.859310533488369 ], [ -73.826912598615991, 40.859318426166929 ], [ -73.82695917950592, 40.859401397316162 ], [ -73.826876066640565, 40.859428349461503 ], [ -73.826875121084612, 40.859426625420653 ], [ -73.825392920694824, 40.859907246605331 ], [ -73.825061075073407, 40.860014847603864 ], [ -73.824635718588368, 40.860153219378581 ], [ -73.824636398183415, 40.860154577443851 ], [ -73.824511837589782, 40.860194965939932 ], [ -73.824312018669943, 40.859846127354473 ] ] ] ] } },
{ "type": "Feature", "properties": { "Borough": "BX", "Block": 5411, "Lot": 176, "CD": 210, "BCT2020": "2027600", "BCTCB2020": "20276001027", "CT2010": "276", "CB2010": "1031", "SchoolDist": "08", "Council": 13, "ZipCode": 10465, "FireComp": "E089", "PolicePrct": 45, "HealthCent": 24, "HealthArea": 710, "Sanitboro": "2", "SanitDistr": "10", "SanitSub": "2E", "Address": "3170 MIDDLETOWN ROAD", "ZoneDist1": "R3A", "ZoneDist2": null, "ZoneDist3": null, "ZoneDist4": null, "Overlay1": null, "Overlay2": null, "SPDist1": null, "SPDist2": null, "SPDist3": null, "LtdHeight": null, "SplitZone": "N", "BldgClass": "A1", "LandUse": "01", "Easements": 0, "OwnerType": null, "OwnerName": "MACRINO, VINCENT J", "LotArea": 9891, "BldgArea": 1326, "ComArea": 0, "ResArea": 1326, "OfficeArea": 0, "RetailArea": 0, "GarageArea": 0, "StrgeArea": 0, "FactryArea": 0, "OtherArea": 0, "AreaSource": "2", "NumBldgs": 2, "NumFloors": 2.0, "UnitsRes": 1, "UnitsTotal": 1, "LotFront": 81.25, "LotDepth": 119.25, "BldgFront": 20.0, "BldgDepth": 30.0, "Ext": "E", "ProxCode": "1", "IrrLotCode": "Y", "LotType": "3", "BsmtCode": "2", "AssessLand": 17700.0, "AssessTot": 55440.0, "ExemptTot": 1420.0, "YearBuilt": 1925, "YearAlter1": 0, "YearAlter2": 0, "HistDist": null, "Landmark": null, "BuiltFAR": 0.13, "ResidFAR": 0.75, "CommFAR": 0.0, "FacilFAR": 1.0, "BoroCode": 2, "BBL": 2054110176.0, "CondoNo": 0, "Tract2010": "0276", "XCoord": 1032616, "YCoord": 247406, "ZoneMap": "4b", "ZMCode": null, "Sanborn": "221 009", "TaxMap": "21803", "EDesigNum": null, "APPBBL": 2054110176.0, "APPDate": "10/30/2009", "PLUTOMapID": "1", "FIRM07_FLA": null, "PFIRM15_FL": null, "Version": "25v4", "DCPEdited": null, "Latitude": 40.8456149, "Longitude": -73.8251884, "Notes": null, "Shape_Leng": 0.0, "Shape_Area": 10264.6456524 }, "geometry": { "type": "MultiPolygon", "coordinates": [ [ [ [ -73.825101330906946, 40.845525424142757 ], [ -73.825122243064285, 40.845154575966738 ], [ -73.825315745276328, 40.845670138458026 ], [ -73.825348818671102, 40.845778480362988 ], [ -73.825320160279389, 40.845793275290056 ], [ -73.825079210907873, 40.845917662677451 ], [ -73.825097476370033, 40.84559376954126 ], [ -73.825101330906946, 40.845525424142757 ] ] ] ] } },
{ "type": "Feature", "properties": { "Borough": "BX", "Block": 5649, "Lot": 150, "CD": 210, "BCT2020": "2050400", "BCTCB2020": "20504000004", "CT2010": "504", "CB2010": "0003", "SchoolDist": null, "Council": 13, "ZipCode": 0, "FireComp": null, "PolicePrct": 0, "HealthCent": 0, "HealthArea": 0, "Sanitboro": null, "SanitDistr": null, "SanitSub": null, "Address": "CHIMNEY SWEEP ISLAND", "ZoneDist1": "PARK", "ZoneDist2": null, "ZoneDist3": null, "ZoneDist4": null, "Overlay1": null, "Overlay2": null, "SPDist1": null, "SPDist2": null, "SPDist3": null, "LtdHeight": null, "SplitZone": "N", "BldgClass": "Q1", "LandUse": "09", "Easements": 0, "OwnerType": "C", "OwnerName": "NYC DEPARTMENT OF PARKS AND RECREATION", "LotArea": 250000, "BldgArea": 0, "ComArea": 0, "ResArea": 0, "OfficeArea": 0, "RetailArea": 0, "GarageArea": 0, "StrgeArea": 0, "FactryArea": 0, "OtherArea": 0, "AreaSource": "7", "NumBldgs": 0, "NumFloors": 0.0, "UnitsRes": 0, "UnitsTotal": 0, "LotFront": 625.0, "LotDepth": 400.0, "BldgFront": 0.0, "BldgDepth": 0.0, "Ext": "N", "ProxCode": "0", "IrrLotCode": "N", "LotType": "5", "BsmtCode": "0", "AssessLand": 293400.0, "AssessTot": 293400.0, "ExemptTot": 293400.0, "YearBuilt": 0, "YearAlter1": 0, "YearAlter2": 0, "HistDist": null, "Landmark": null, "BuiltFAR": 0.0, "ResidFAR": 0.0, "CommFAR": 0.0, "FacilFAR": 0.0, "BoroCode": 2, "BBL": 2056490150.0, "CondoNo": 0, "Tract2010": "0504", "XCoord": 1044184, "YCoord": 253591, "ZoneMap": "4c", "ZMCode": null, "Sanborn": "218 073", "TaxMap": "21810", "EDesigNum": null, "APPBBL": 0.0, "APPDate": null, "PLUTOMapID": "1", "FIRM07_FLA": "1", "PFIRM15_FL": "1", "Version": "25v4", "DCPEdited": "t", "Latitude": 40.8625199, "Longitude": -73.7833225, "Notes": null, "Shape_Leng": 0.0, "Shape_Area": 15904.7951538 }, "geometry": { "type": "MultiPolygon", "coordinates": [ [ [ [ -73.784192008427482, 40.86295508170771 ], [ -73.784180752656667, 40.862956768953055 ], [ -73.784169502320651, 40.862956747891396 ], [ -73.784150376330004, 40.862956712083239 ], [ -73.784137445202234, 40.862954551891967 ], [ -73.784113280377952, 40.862947246803841 ], [ -73.78410092792781, 40.862940389824793 ], [ -73.784095882444333, 40.862934829774375 ], [ -73.784092348458117, 40.86292585424966 ], [ -73.784071803624599, 40.862901046788153 ], [ -73.78405162398424, 40.862879226966811 ], [ -73.784048831330168, 40.862872815553459 ], [ -73.78404829131776, 40.862865981615045 ], [ -73.784049729952272, 40.862856161747963 ], [ -73.78405624041072, 40.862843789409489 ], [ -73.784063015851302, 40.862835260942553 ], [ -73.784081082410552, 40.862815647815644 ], [ -73.784088991438011, 40.862805414995563 ], [ -73.784095503038643, 40.862791974751559 ], [ -73.784093565136573, 40.862782787880811 ], [ -73.784090210445996, 40.862775949592503 ], [ -73.784084602774456, 40.862770386645742 ], [ -73.784075244207585, 40.862765672088017 ], [ -73.784060430909264, 40.862765644342325 ], [ -73.784035103369305, 40.862769440189339 ], [ -73.783995700432044, 40.862777908448138 ], [ -73.783948412208673, 40.862788922045134 ], [ -73.783904496857105, 40.862800797442013 ], [ -73.783895489926991, 40.862802490547473 ], [ -73.783886486991861, 40.862803327326453 ], [ -73.783860613590946, 40.862802425165818 ], [ -73.783843740462459, 40.862801538954884 ], [ -73.783830248449334, 40.862798949928951 ], [ -73.783819007971445, 40.862795939216454 ], [ -73.783802159661462, 40.862787794210647 ], [ -73.78379430047616, 40.862782653857145 ], [ -73.783787016100987, 40.862773673045581 ], [ -73.783783105831773, 40.862765550544623 ], [ -73.783780875242215, 40.86275956616953 ], [ -73.783777557906291, 40.862741624812237 ], [ -73.7837742529086, 40.862720263416513 ], [ -73.783774319569929, 40.862699766434197 ], [ -73.783777755133784, 40.862680980488676 ], [ -73.783785705860907, 40.862657934648439 ], [ -73.783794764333933, 40.86264001382343 ], [ -73.783804942974157, 40.862623805170905 ], [ -73.783810591241235, 40.862616127340111 ], [ -73.783817361992888, 40.862610161601459 ], [ -73.783828635585351, 40.862603350735327 ], [ -73.783838771525907, 40.862599525528736 ], [ -73.783853406890884, 40.862596990161272 ], [ -73.783865216483449, 40.862597866879263 ], [ -73.783911874373075, 40.862607775984479 ], [ -73.783956841840208, 40.862618111492914 ], [ -73.783965836424926, 40.862619836580784 ], [ -73.783983829584201, 40.86262243218502 ], [ -73.783991698655996, 40.862624155244397 ], [ -73.784022052174166, 40.862631898696193 ], [ -73.784055206786206, 40.86264199585996 ], [ -73.784080519885677, 40.86264225852716 ], [ -73.784104137643354, 40.862644865565663 ], [ -73.784112571415093, 40.862646162763433 ], [ -73.784119120043314, 40.862650158781953 ], [ -73.784123784148036, 40.86265771455502 ], [ -73.784133256190842, 40.86268591865786 ], [ -73.784141076921443, 40.862702161126158 ], [ -73.784151094545578, 40.862735490944765 ], [ -73.784159990120898, 40.862753124832459 ], [ -73.784173390849475, 40.862755321037298 ], [ -73.784183670904412, 40.862750926018187 ], [ -73.784187213367474, 40.862743032653633 ], [ -73.784178135136543, 40.862723583864472 ], [ -73.784161339380162, 40.86269920942857 ], [ -73.78415798728939, 40.862691943314744 ], [ -73.784155774686838, 40.862680408377585 ], [ -73.784157490242578, 40.862671871351402 ], [ -73.784163615333625, 40.862661631588196 ], [ -73.784177790007803, 40.862656677490484 ], [ -73.784218857690703, 40.862655328901006 ], [ -73.784234611913931, 40.862654506488298 ], [ -73.784248966868986, 40.862651008803475 ], [ -73.78425377940242, 40.862641727401368 ], [ -73.784260640367037, 40.862607575522802 ], [ -73.784268748703525, 40.862579405249491 ], [ -73.78427593812566, 40.862573819410457 ], [ -73.784285499099937, 40.862573883229821 ], [ -73.784295619133019, 40.862576038145079 ], [ -73.784305733797709, 40.862579474453412 ], [ -73.784320337451419, 40.862586333866354 ], [ -73.784337184491946, 40.862594907461649 ], [ -73.784345044806287, 40.862600045940283 ], [ -73.784352330964595, 40.862607747072495 ], [ -73.784355685845895, 40.862614158610356 ], [ -73.784356218957157, 40.862623129351938 ], [ -73.784355067301419, 40.8626308138628 ], [ -73.784352790664357, 40.862639350763764 ], [ -73.784335799642264, 40.862675193768894 ], [ -73.784323879370419, 40.862708055702655 ], [ -73.784323285301099, 40.862717877154672 ], [ -73.78432435152952, 40.862735815204822 ], [ -73.784329880252557, 40.862765720982459 ], [ -73.784333125694033, 40.862805871962372 ], [ -73.784333100759781, 40.862813558581905 ], [ -73.784330825778241, 40.862821242748524 ], [ -73.784328553573033, 40.862828071424673 ], [ -73.784325155742522, 40.862834897073562 ], [ -73.784302569319181, 40.862861332951127 ], [ -73.784273203932699, 40.862896297298455 ], [ -73.784246107499797, 40.862926142108805 ], [ -73.784239332769502, 40.862932962355302 ], [ -73.784231438817301, 40.862938925932397 ], [ -73.784222420794364, 40.862944033748278 ], [ -73.784212280666097, 40.862949140384522 ], [ -73.78420214256073, 40.862952536113532 ], [ -73.784192008427482, 40.86295508170771 ] ] ], [ [ [ -73.783143963066124, 40.862800224772229 ], [ -73.783125368572271, 40.862809584691348 ], [ -73.783085672840485, 40.862821255137419 ], [ -73.783074706422084, 40.862820379007481 ], [ -73.783061785626344, 40.862815442493371 ], [ -73.783051680917438, 40.862808592391481 ], [ -73.783045518086738, 40.86280089412751 ], [ -73.783041616455577, 40.862789780978574 ], [ -73.783032728894554, 40.862755598614271 ], [ -73.783030554810082, 40.862732320440827 ], [ -73.783034376725766, 40.862724604073975 ], [ -73.783049721440435, 40.862719544228547 ], [ -73.783147604970409, 40.862718233571776 ], [ -73.78317685666471, 40.862718288590621 ], [ -73.783186977154216, 40.862719589948412 ], [ -73.783197843000309, 40.862722883706539 ], [ -73.783208316911001, 40.862730732289307 ], [ -73.783222894022003, 40.862745707877437 ], [ -73.783231859658841, 40.862755973206269 ], [ -73.783239697618853, 40.862767947405466 ], [ -73.783241905893448, 40.862780761998479 ], [ -73.783240757988168, 40.862787593687351 ], [ -73.783237361253924, 40.862794421147967 ], [ -73.78323396209521, 40.862801248603894 ], [ -73.783225685765601, 40.862809488756632 ], [ -73.783214227707987, 40.86281572924986 ], [ -73.783205785389569, 40.862817423445662 ], [ -73.783193974554834, 40.862816546659232 ], [ -73.783182594166107, 40.862812789132889 ], [ -73.7831720724636, 40.862805400581784 ], [ -73.783165333663931, 40.862801545453003 ], [ -73.783153906526039, 40.862798675706827 ], [ -73.783143963066124, 40.862800224772229 ] ] ], [ [ [ -73.783058899259714, 40.862665111330166 ], [ -73.783030771077435, 40.862665341162945 ], [ -73.783030554874273, 40.862665376144157 ], [ -73.783011636052834, 40.86266843708907 ], [ -73.783000655348147, 40.862666510084907 ], [ -73.782994916107455, 40.862659153943774 ], [ -73.782997637750626, 40.862648766452132 ], [ -73.783004980904536, 40.862638958631464 ], [ -73.783015414769892, 40.862631076432166 ], [ -73.78302639428793, 40.862627894968043 ], [ -73.783030554939444, 40.862628077812531 ], [ -73.783036519868944, 40.862628339931575 ], [ -73.783045516116516, 40.86262921051874 ], [ -73.783059005170557, 40.86263265328661 ], [ -73.783081200140273, 40.862640167298295 ], [ -73.783099472455703, 40.862642979739519 ], [ -73.783111851040289, 40.862642148452593 ], [ -73.783138863922716, 40.862638781885472 ], [ -73.783159117019395, 40.862637965405781 ], [ -73.783168676390318, 40.86263926662987 ], [ -73.783179353482808, 40.862642654569292 ], [ -73.783186356331527, 40.862651363750203 ], [ -73.783184922100176, 40.862659795128259 ], [ -73.783180961766988, 40.862667049275885 ], [ -73.783175028403335, 40.86267515060662 ], [ -73.783169106283054, 40.862679837336003 ], [ -73.783160657197541, 40.86268323974825 ], [ -73.783148275832048, 40.862684922014289 ], [ -73.783135343208357, 40.862683618040947 ], [ -73.783122412522829, 40.862680604999724 ], [ -73.783104437028484, 40.86267330958789 ], [ -73.783088141001812, 40.862668581060078 ], [ -73.783076895180812, 40.862666853509246 ], [ -73.783058899259714, 40.862665111330166 ] ] ], [ [ [ -73.78305365939876, 40.86254723046607 ], [ -73.78303619784603, 40.862554029696327 ], [ -73.783030555027381, 40.862555420112244 ], [ -73.783005233193506, 40.86256165984063 ], [ -73.782991166440624, 40.862563339753812 ], [ -73.782979922042188, 40.8625611826075 ], [ -73.782973191350436, 40.862555191586544 ], [ -73.782967029944373, 40.862547067412315 ], [ -73.782964801857645, 40.862541083025789 ], [ -73.78296369593383, 40.862534675764856 ], [ -73.782964279048329, 40.862528271683665 ], [ -73.782968805598998, 40.862520164953636 ], [ -73.78297501608499, 40.862512915970399 ], [ -73.782986999734689, 40.862504076704923 ], [ -73.782999812232219, 40.862499296707888 ], [ -73.783007692306086, 40.862497603308974 ], [ -73.783019511264555, 40.862496344150181 ], [ -73.78303055502866, 40.86249592329937 ], [ -73.783051579389664, 40.86249512217762 ], [ -73.783083085486226, 40.862493473231595 ], [ -73.783098272085752, 40.862493931393864 ], [ -73.783109088835047, 40.862497366366689 ], [ -73.783116800912339, 40.862504642471549 ], [ -73.783120155851009, 40.862510626297265 ], [ -73.783122383592826, 40.862517463415635 ], [ -73.783123477166228, 40.862527289875757 ], [ -73.783125692372209, 40.862537970262601 ], [ -73.783125109270159, 40.86254437526464 ], [ -73.783116370925271, 40.86254991034906 ], [ -73.783101281503264, 40.862548742860234 ], [ -73.783090235688036, 40.862543169634563 ], [ -73.783078988264862, 40.862541939097859 ], [ -73.783063795081205, 40.862543833075456 ], [ -73.78305365939876, 40.86254723046607 ] ] ], [ [ [ -73.782970754620735, 40.862354039208824 ], [ -73.782979315273209, 40.862345514165405 ], [ -73.782987953447332, 40.8623412584666 ], [ -73.782995834891196, 40.8623391391627 ], [ -73.783007648427642, 40.862339161399042 ], [ -73.783018609786026, 40.86234152958351 ], [ -73.783025345913956, 40.862345815141239 ], [ -73.783030290115335, 40.862353297616181 ], [ -73.783028243558363, 40.862362901156253 ], [ -73.783022165477092, 40.862372500623991 ], [ -73.783014268185326, 40.862379103516595 ], [ -73.783002155597842, 40.862384206333182 ], [ -73.782986544131646, 40.862384925276011 ], [ -73.782976572174391, 40.862381381953568 ], [ -73.782971388277289, 40.862375393844118 ], [ -73.782967630808045, 40.862363000479164 ], [ -73.782970754620735, 40.862354039208824 ] ] ] ] } },
{ "type": "Feature", "properties": { "Borough": "BX", "Block": 5651, "Lot": 160, "CD": 212, "BCT2020": "2045600", "BCTCB2020": "20456003001", "CT2010": "456", "CB2010": "3001", "SchoolDist": "11", "Council": 13, "ZipCode": 10803, "FireComp": "L053", "PolicePrct": 47, "HealthCent": 24, "HealthArea": 710, "Sanitboro": "2", "SanitDistr": "12", "SanitSub": "5E", "Address": "88 BEECH TREE LANE", "ZoneDist1": "R1-2", "ZoneDist2": null, "ZoneDist3": null, "ZoneDist4": null, "Overlay1": null, "Overlay2": null, "SPDist1": null, "SPDist2": null, "SPDist3": null, "LtdHeight": null, "SplitZone": "N", "BldgClass": "A2", "LandUse": "01", "Easements": 0, "OwnerType": null, "OwnerName": "REYES, JIMMY", "LotArea": 19200, "BldgArea": 2000, "ComArea": 0, "ResArea": 2000, "OfficeArea": 0, "RetailArea": 0, "GarageArea": 0, "StrgeArea": 0, "FactryArea": 0, "OtherArea": 0, "AreaSource": "2", "NumBldgs": 1, "NumFloors": 1.0, "UnitsRes": 1, "UnitsTotal": 1, "LotFront": 160.0, "LotDepth": 120.08, "BldgFront": 64.33, "BldgDepth": 32.0, "Ext": "G", "ProxCode": "1", "IrrLotCode": "Y", "LotType": "5", "BsmtCode": "2", "AssessLand": 29880.0, "AssessTot": 82920.0, "ExemptTot": 0.0, "YearBuilt": 1975, "YearAlter1": 0, "YearAlter2": 0, "HistDist": null, "Landmark": null, "BuiltFAR": 0.1, "ResidFAR": 0.75, "CommFAR": 0.0, "FacilFAR": 1.0, "BoroCode": 2, "BBL": 2056510160.0, "CondoNo": 0, "Tract2010": "0456", "XCoord": 1039980, "YCoord": 261514, "ZoneMap": "2d", "ZMCode": null, "Sanborn": "218 075", "TaxMap": "21810", "EDesigNum": null, "APPBBL": 0.0, "APPDate": null, "PLUTOMapID": "1", "FIRM07_FLA": null, "PFIRM15_FL": null, "Version": "25v4", "DCPEdited": null, "Latitude": 40.8842936, "Longitude": -73.7984551, "Notes": null, "Shape_Leng": 0.0, "Shape_Area": 22104.808614400001 }, "geometry": { "type": "MultiPolygon", "coordinates": [ [ [ [ -73.799148581841635, 40.884606483094664 ], [ -73.798666760864194, 40.884476735018701 ], [ -73.798544462798702, 40.884477341777092 ], [ -73.798042991854103, 40.88433982336057 ], [ -73.798188643963385, 40.884032710561044 ], [ -73.798729429200534, 40.884181009213549 ], [ -73.798633661576005, 40.884389226155335 ], [ -73.798652353859453, 40.884386442931827 ], [ -73.79867311908599, 40.884385928130797 ], [ -73.798692651288576, 40.884387885709408 ], [ -73.798713183426642, 40.884392669761425 ], [ -73.798732903524538, 40.884400358356643 ], [ -73.798746884139817, 40.88440816927988 ], [ -73.798759951011675, 40.88441796240209 ], [ -73.79877229118101, 40.884430727731939 ], [ -73.798781199329241, 40.884444081298227 ], [ -73.798786939234063, 40.884457513161003 ], [ -73.798789440088598, 40.884467794813943 ], [ -73.798790287729361, 40.884475086634858 ], [ -73.799161342849104, 40.88457500711656 ], [ -73.799250264191173, 40.884598951945897 ], [ -73.79923736686483, 40.884630391723327 ], [ -73.799148581841635, 40.884606483094664 ] ] ] ] } }
]
}
