{
"type": "FeatureCollection",
"name": "pluto_Mount_Hebron_&_Cedar_Grove_Cemeteries",
"crs": { "type": "name", "properties": { "name": "urn:ogc:def:crs:OGC:1.3:CRS84" } },
"features": [
{ "type": "Feature", "properties": { "Borough": "QN", "Block": 6451, "Lot": 1, "CD": 407, "BCT2020": "4080302", "BCTCB2020": "40803021003", "CT2010": "803.02", "CB2010": "1004", "SchoolDist": "25", "Council": 20, "ZipCode": 11367, "FireComp": "E299", "PolicePrct": 109, "HealthCent": 43, "HealthArea": 2012, "Sanitboro": "4", "SanitDistr": "07", "SanitSub": "2C", "Address": "130-10 HORACE HARDING EXPWY", "ZoneDist1": "R3X", "ZoneDist2": null, "ZoneDist3": null, "ZoneDist4": null, "Overlay1": "C2-3", "Overlay2": null, "SPDist1": null, "SPDist2": null, "SPDist3": null, "LtdHeight": null, "SplitZone": "N", "BldgClass": "K1", "LandUse": "05", "Easements": 0, "OwnerType": null, "OwnerName": "130-30 HORACE HARDING LLC", "LotArea": 2755, "BldgArea": 577, "ComArea": 577, "ResArea": 0, "OfficeArea": 577, "RetailArea": 0, "GarageArea": 0, "StrgeArea": 0, "FactryArea": 0, "OtherArea": 0, "AreaSource": "2", "NumBldgs": 1, "NumFloors": 1.0, "UnitsRes": 0, "UnitsTotal": 1, "LotFront": 16.0, "LotDepth": 330.0, "BldgFront": 39.0, "BldgDepth": 13.0, "Ext": "N", "ProxCode": "0", "IrrLotCode": "Y", "LotType": "3", "BsmtCode": "0", "AssessLand": 18450.0, "AssessTot": 193950.0, "ExemptTot": 0.0, "YearBuilt": 1953, "YearAlter1": 1973, "YearAlter2": 0, "HistDist": null, "Landmark": null, "BuiltFAR": 0.21, "ResidFAR": 0.75, "CommFAR": 0.0, "FacilFAR": 1.0, "BoroCode": 4, "BBL": 4064510000.9999995, "CondoNo": 0, "Tract2010": "080302", "XCoord": 1029930, "YCoord": 210027, "ZoneMap": "10b", "ZMCode": null, "Sanborn": "424 109", "TaxMap": "43003", "EDesigNum": null, "APPBBL": 0.0, "APPDate": null, "PLUTOMapID": "1", "FIRM07_FLA": null, "PFIRM15_FL": null, "Version": "25v4", "DCPEdited": null, "Latitude": 40.7430342, "Longitude": -73.8351508, "Notes": null, "Shape_Leng": 0.0, "Shape_Area": 2466.8030607000001 }, "geometry": { "type": "MultiPolygon", "coordinates": [ [ [ [ -73.834788455695502, 40.743016299292023 ], [ -73.834799632505892, 40.742966628938547 ], [ -73.835478796038302, 40.743072152680021 ], [ -73.835859267590649, 40.743119577257787 ], [ -73.835888411749124, 40.743123210943054 ], [ -73.835887183005383, 40.743129361480392 ], [ -73.835551865463799, 40.743091337928007 ], [ -73.835459507304975, 40.743080995932317 ], [ -73.835284201997595, 40.743063378034769 ], [ -73.834788455695502, 40.743016299292023 ] ] ] ] } },
{ "type": "Feature", "properties": { "Borough": "QN", "Block": 6451, "Lot": 25, "CD": 407, "BCT2020": "4080302", "BCTCB2020": "40803021003", "CT2010": "803.02", "CB2010": "1004", "SchoolDist": "25", "Council": 20, "ZipCode": 11367, "FireComp": "E299", "PolicePrct": 109, "HealthCent": 43, "HealthArea": 2012, "Sanitboro": "4", "SanitDistr": "07", "SanitSub": "2C", "Address": "13052 HORACE HARDING EXPWY", "ZoneDist1": "R3X", "ZoneDist2": null, "ZoneDist3": null, "ZoneDist4": null, "Overlay1": null, "Overlay2": null, "SPDist1": null, "SPDist2": null, "SPDist3": null, "LtdHeight": null, "SplitZone": "N", "BldgClass": "C0", "LandUse": "02", "Easements": 0, "OwnerType": null, "OwnerName": "ROMERO NATIVIDAD", "LotArea": 5100, "BldgArea": 3564, "ComArea": 0, "ResArea": 2592, "OfficeArea": 0, "RetailArea": 0, "GarageArea": 0, "StrgeArea": 0, "FactryArea": 0, "OtherArea": 0, "AreaSource": "2", "NumBldgs": 1, "NumFloors": 2.0, "UnitsRes": 3, "UnitsTotal": 3, "LotFront": 100.0, "LotDepth": 51.0, "BldgFront": 27.0, "BldgDepth": 55.0, "Ext": "G", "ProxCode": "1", "IrrLotCode": "N", "LotType": "3", "BsmtCode": "1", "AssessLand": 17400.0, "AssessTot": 118260.0, "ExemptTot": 1420.0, "YearBuilt": 1965, "YearAlter1": 0, "YearAlter2": 0, "HistDist": null, "Landmark": null, "BuiltFAR": 0.7, "ResidFAR": 0.75, "CommFAR": 0.0, "FacilFAR": 1.0, "BoroCode": 4, "BBL": 4064510025.0, "CondoNo": 0, "Tract2010": "080302", "XCoord": 1030221, "YCoord": 209974, "ZoneMap": "10b", "ZMCode": null, "Sanborn": "424 109", "TaxMap": "43003", "EDesigNum": null, "APPBBL": 0.0, "APPDate": null, "PLUTOMapID": "1", "FIRM07_FLA": null, "PFIRM15_FL": null, "Version": "25v4", "DCPEdited": null, "Latitude": 40.7428872, "Longitude": -73.834101, "Notes": null, "Shape_Leng": 0.0, "Shape_Area": 4502.10855 }, "geometry": { "type": "MultiPolygon", "coordinates": [ [ [ [ -73.833914841085999, 40.742933409893034 ], [ -73.833946630453937, 40.742792138149781 ], [ -73.834294366039913, 40.742863277911319 ], [ -73.83427097951575, 40.742967201614512 ], [ -73.833914841085999, 40.742933409893034 ] ] ] ] } },
{ "type": "Feature", "properties": { "Borough": "QN", "Block": 6451, "Lot": 46, "CD": 407, "BCT2020": "4080302", "BCTCB2020": "40803021005", "CT2010": "803.02", "CB2010": "1006", "SchoolDist": "25", "Council": 20, "ZipCode": 11367, "FireComp": "E299", "PolicePrct": 109, "HealthCent": 43, "HealthArea": 2012, "Sanitboro": "4", "SanitDistr": "07", "SanitSub": "2C", "Address": "61-19 THOMPSON PLACE", "ZoneDist1": "R3X", "ZoneDist2": null, "ZoneDist3": null, "ZoneDist4": null, "Overlay1": null, "Overlay2": null, "SPDist1": null, "SPDist2": null, "SPDist3": null, "LtdHeight": null, "SplitZone": "N", "BldgClass": "A1", "LandUse": "01", "Easements": 0, "OwnerType": null, "OwnerName": "WONG, SHERMQN R", "LotArea": 4000, "BldgArea": 2116, "ComArea": 0, "ResArea": 2116, "OfficeArea": 0, "RetailArea": 0, "GarageArea": 0, "StrgeArea": 0, "FactryArea": 0, "OtherArea": 0, "AreaSource": "2", "NumBldgs": 2, "NumFloors": 2.0, "UnitsRes": 1, "UnitsTotal": 1, "LotFront": 40.0, "LotDepth": 100.0, "BldgFront": 16.0, "BldgDepth": 30.0, "Ext": "E", "ProxCode": "2", "IrrLotCode": "N", "LotType": "5", "BsmtCode": "2", "AssessLand": 15900.0, "AssessTot": 72780.0, "ExemptTot": 1420.0, "YearBuilt": 1930, "YearAlter1": 1995, "YearAlter2": 0, "HistDist": null, "Landmark": null, "BuiltFAR": 0.53, "ResidFAR": 0.75, "CommFAR": 0.0, "FacilFAR": 1.0, "BoroCode": 4, "BBL": 4064510046.0, "CondoNo": 0, "Tract2010": "080302", "XCoord": 1030618, "YCoord": 209881, "ZoneMap": "10b", "ZMCode": null, "Sanborn": "424 109", "TaxMap": "43003", "EDesigNum": null, "APPBBL": 4064510046.0, "APPDate": "12/12/1994", "PLUTOMapID": "1", "FIRM07_FLA": null, "PFIRM15_FL": null, "Version": "25v4", "DCPEdited": null, "Latitude": 40.7426299, "Longitude": -73.8326689, "Notes": null, "Shape_Leng": 0.0, "Shape_Area": 5907.3063684999997 }, "geometry": { "type": "MultiPolygon", "coordinates": [ [ [ [ -73.832858502435698, 40.742576250199093 ], [ -73.832822100476847, 40.742731253050586 ], [ -73.832484056696075, 40.742699174376042 ], [ -73.832508560577452, 40.742587476851696 ], [ -73.832524118808195, 40.7425165457351 ], [ -73.832858502435698, 40.742576250199093 ] ] ] ] } },
{ "type": "Feature", "properties": { "Borough": "QN", "Block": 6451, "Lot": 59, "CD": 407, "BCT2020": "4080302", "BCTCB2020": "40803021005", "CT2010": "803.02", "CB2010": "1006", "SchoolDist": "25", "Council": 20, "ZipCode": 11367, "FireComp": "E299", "PolicePrct": 109, "HealthCent": 43, "HealthArea": 2012, "Sanitboro": "4", "SanitDistr": "07", "SanitSub": "2C", "Address": "61-20 134 STREET", "ZoneDist1": "R3X", "ZoneDist2": null, "ZoneDist3": null, "ZoneDist4": null, "Overlay1": null, "Overlay2": null, "SPDist1": null, "SPDist2": null, "SPDist3": null, "LtdHeight": null, "SplitZone": "N", "BldgClass": "B2", "LandUse": "01", "Easements": 0, "OwnerType": null, "OwnerName": "GOSAL, KULDEEP", "LotArea": 2500, "BldgArea": 1300, "ComArea": 0, "ResArea": 1300, "OfficeArea": 0, "RetailArea": 0, "GarageArea": 0, "StrgeArea": 0, "FactryArea": 0, "OtherArea": 0, "AreaSource": "2", "NumBldgs": 2, "NumFloors": 1.75, "UnitsRes": 2, "UnitsTotal": 2, "LotFront": 33.0, "LotDepth": 100.0, "BldgFront": 20.0, "BldgDepth": 47.0, "Ext": "G", "ProxCode": "1", "IrrLotCode": "Y", "LotType": "5", "BsmtCode": "2", "AssessLand": 12060.0, "AssessTot": 63240.0, "ExemptTot": 1420.0, "YearBuilt": 1930, "YearAlter1": 0, "YearAlter2": 0, "HistDist": null, "Landmark": null, "BuiltFAR": 0.52, "ResidFAR": 0.75, "CommFAR": 0.0, "FacilFAR": 1.0, "BoroCode": 4, "BBL": 4064510059.0, "CondoNo": 0, "Tract2010": "080302", "XCoord": 1030711, "YCoord": 209844, "ZoneMap": "10b", "ZMCode": null, "Sanborn": "424 109", "TaxMap": "43003", "EDesigNum": null, "APPBBL": 0.0, "APPDate": null, "PLUTOMapID": "1", "FIRM07_FLA": null, "PFIRM15_FL": null, "Version": "25v4", "DCPEdited": null, "Latitude": 40.7425278, "Longitude": -73.8323336, "Notes": null, "Shape_Leng": 0.0, "Shape_Area": 3027.8984949000001 }, "geometry": { "type": "MultiPolygon", "coordinates": [ [ [ [ -73.832157251045999, 40.742554137894842 ], [ -73.832178261589306, 40.742458353545516 ], [ -73.832469178770566, 40.742506736666492 ], [ -73.832524118808195, 40.7425165457351 ], [ -73.832508560577452, 40.742587476851696 ], [ -73.832157251045999, 40.742554137894842 ] ] ] ] } },
{ "type": "Feature", "properties": { "Borough": "QN", "Block": 6501, "Lot": 16, "CD": 407, "BCT2020": "4080302", "BCTCB2020": "40803022007", "CT2010": "803.02", "CB2010": "2007", "SchoolDist": "25", "Council": 20, "ZipCode": 11367, "FireComp": "E299", "PolicePrct": 109, "HealthCent": 43, "HealthArea": 2012, "Sanitboro": "4", "SanitDistr": "07", "SanitSub": "2C", "Address": "63-38 136 STREET", "ZoneDist1": "R3-1", "ZoneDist2": null, "ZoneDist3": null, "ZoneDist4": null, "Overlay1": null, "Overlay2": null, "SPDist1": null, "SPDist2": null, "SPDist3": null, "LtdHeight": null, "SplitZone": "N", "BldgClass": "A5", "LandUse": "01", "Easements": 0, "OwnerType": null, "OwnerName": "LIN, HUANG", "LotArea": 2860, "BldgArea": 1216, "ComArea": 0, "ResArea": 1216, "OfficeArea": 0, "RetailArea": 0, "GarageArea": 0, "StrgeArea": 0, "FactryArea": 0, "OtherArea": 0, "AreaSource": "2", "NumBldgs": 2, "NumFloors": 2.0, "UnitsRes": 1, "UnitsTotal": 1, "LotFront": 25.42, "LotDepth": 110.0, "BldgFront": 16.0, "BldgDepth": 38.0, "Ext": "G", "ProxCode": "2", "IrrLotCode": "Y", "LotType": "5", "BsmtCode": "2", "AssessLand": 9420.0, "AssessTot": 50940.0, "ExemptTot": 0.0, "YearBuilt": 1950, "YearAlter1": 0, "YearAlter2": 0, "HistDist": null, "Landmark": null, "BuiltFAR": 0.43, "ResidFAR": 0.75, "CommFAR": 0.0, "FacilFAR": 1.0, "BoroCode": 4, "BBL": 4065010016.0, "CondoNo": 0, "Tract2010": "080302", "XCoord": 1031161, "YCoord": 208599, "ZoneMap": "10b", "ZMCode": null, "Sanborn": "424 109", "TaxMap": "43003", "EDesigNum": null, "APPBBL": 0.0, "APPDate": null, "PLUTOMapID": "1", "FIRM07_FLA": null, "PFIRM15_FL": null, "Version": "25v4", "DCPEdited": null, "Latitude": 40.7391082, "Longitude": -73.8307183, "Notes": null, "Shape_Leng": 0.0, "Shape_Area": 3155.6988799000001 }, "geometry": { "type": "MultiPolygon", "coordinates": [ [ [ [ -73.830928669145734, 40.739059861301271 ], [ -73.830915886145021, 40.739136427991582 ], [ -73.830503629295919, 40.739160592721412 ], [ -73.830516415083551, 40.739084026916636 ], [ -73.830928669145734, 40.739059861301271 ] ] ] ] } },
{ "type": "Feature", "properties": { "Borough": "QN", "Block": 6501, "Lot": 18, "CD": 407, "BCT2020": "4080302", "BCTCB2020": "40803022007", "CT2010": "803.02", "CB2010": "2007", "SchoolDist": "25", "Council": 20, "ZipCode": 11367, "FireComp": "E299", "PolicePrct": 109, "HealthCent": 43, "HealthArea": 2012, "Sanitboro": "4", "SanitDistr": "07", "SanitSub": "2C", "Address": "63-42 136 STREET", "ZoneDist1": "R3-1", "ZoneDist2": null, "ZoneDist3": null, "ZoneDist4": null, "Overlay1": null, "Overlay2": null, "SPDist1": null, "SPDist2": null, "SPDist3": null, "LtdHeight": null, "SplitZone": "N", "BldgClass": "A5", "LandUse": "01", "Easements": 0, "OwnerType": null, "OwnerName": "ELLIOTT, CAROLE A", "LotArea": 2796, "BldgArea": 1216, "ComArea": 0, "ResArea": 1216, "OfficeArea": 0, "RetailArea": 0, "GarageArea": 0, "StrgeArea": 0, "FactryArea": 0, "OtherArea": 0, "AreaSource": "2", "NumBldgs": 2, "NumFloors": 2.0, "UnitsRes": 1, "UnitsTotal": 1, "LotFront": 25.42, "LotDepth": 110.0, "BldgFront": 16.0, "BldgDepth": 38.0, "Ext": "G", "ProxCode": "2", "IrrLotCode": "N", "LotType": "5", "BsmtCode": "2", "AssessLand": 8880.0, "AssessTot": 51660.0, "ExemptTot": 32310.0, "YearBuilt": 1950, "YearAlter1": 0, "YearAlter2": 0, "HistDist": null, "Landmark": null, "BuiltFAR": 0.43, "ResidFAR": 0.75, "CommFAR": 0.0, "FacilFAR": 1.0, "BoroCode": 4, "BBL": 4065010018.0, "CondoNo": 0, "Tract2010": "080302", "XCoord": 1031155, "YCoord": 208548, "ZoneMap": "10b", "ZMCode": null, "Sanborn": "424 109", "TaxMap": "43003", "EDesigNum": null, "APPBBL": 0.0, "APPDate": null, "PLUTOMapID": "1", "FIRM07_FLA": null, "PFIRM15_FL": null, "Version": "25v4", "DCPEdited": null, "Latitude": 40.7389683, "Longitude": -73.8307403, "Notes": null, "Shape_Leng": 0.0, "Shape_Area": 3086.8022138000001 }, "geometry": { "type": "MultiPolygon", "coordinates": [ [ [ [ -73.830539693936672, 40.738944604849245 ], [ -73.830951948229412, 40.738920439152096 ], [ -73.830939444278314, 40.738995334054941 ], [ -73.830527187102405, 40.739019498867421 ], [ -73.830539693936672, 40.738944604849245 ] ] ] ] } },
{ "type": "Feature", "properties": { "Borough": "QN", "Block": 6501, "Lot": 19, "CD": 407, "BCT2020": "4080302", "BCTCB2020": "40803022007", "CT2010": "803.02", "CB2010": "2007", "SchoolDist": "25", "Council": 20, "ZipCode": 11367, "FireComp": "E299", "PolicePrct": 109, "HealthCent": 43, "HealthArea": 2012, "Sanitboro": "4", "SanitDistr": "07", "SanitSub": "2C", "Address": "63-44 136 STREET", "ZoneDist1": "R3-1", "ZoneDist2": null, "ZoneDist3": null, "ZoneDist4": null, "Overlay1": null, "Overlay2": null, "SPDist1": null, "SPDist2": null, "SPDist3": null, "LtdHeight": null, "SplitZone": "N", "BldgClass": "A5", "LandUse": "01", "Easements": 0, "OwnerType": null, "OwnerName": "PULATOV, ISAK", "LotArea": 2796, "BldgArea": 1411, "ComArea": 0, "ResArea": 1411, "OfficeArea": 0, "RetailArea": 0, "GarageArea": 0, "StrgeArea": 0, "FactryArea": 0, "OtherArea": 0, "AreaSource": "2", "NumBldgs": 2, "NumFloors": 2.0, "UnitsRes": 1, "UnitsTotal": 1, "LotFront": 25.42, "LotDepth": 110.0, "BldgFront": 16.0, "BldgDepth": 38.0, "Ext": "EG", "ProxCode": "2", "IrrLotCode": "N", "LotType": "5", "BsmtCode": "2", "AssessLand": 9480.0, "AssessTot": 58920.0, "ExemptTot": 0.0, "YearBuilt": 1950, "YearAlter1": 0, "YearAlter2": 0, "HistDist": null, "Landmark": null, "BuiltFAR": 0.5, "ResidFAR": 0.75, "CommFAR": 0.0, "FacilFAR": 1.0, "BoroCode": 4, "BBL": 4065010019.0, "CondoNo": 0, "Tract2010": "080302", "XCoord": 1031151, "YCoord": 208522, "ZoneMap": "10b", "ZMCode": null, "Sanborn": "424 109", "TaxMap": "43003", "EDesigNum": null, "APPBBL": 0.0, "APPDate": null, "PLUTOMapID": "1", "FIRM07_FLA": null, "PFIRM15_FL": null, "Version": "25v4", "DCPEdited": null, "Latitude": 40.738897, "Longitude": -73.8307549, "Notes": null, "Shape_Leng": 0.0, "Shape_Area": 2929.444195 }, "geometry": { "type": "MultiPolygon", "coordinates": [ [ [ [ -73.830551562337675, 40.738873527224435 ], [ -73.830963814970701, 40.738849363239389 ], [ -73.830951948229412, 40.738920439152096 ], [ -73.830539693936672, 40.738944604849245 ], [ -73.830551562337675, 40.738873527224435 ] ] ] ] } },
{ "type": "Feature", "properties": { "Borough": "QN", "Block": 6501, "Lot": 22, "CD": 407, "BCT2020": "4080302", "BCTCB2020": "40803022007", "CT2010": "803.02", "CB2010": "2007", "SchoolDist": "25", "Council": 20, "ZipCode": 11367, "FireComp": "E299", "PolicePrct": 109, "HealthCent": 43, "HealthArea": 2012, "Sanitboro": "4", "SanitDistr": "07", "SanitSub": "2C", "Address": "63-50 136 STREET", "ZoneDist1": "R3-1", "ZoneDist2": null, "ZoneDist3": null, "ZoneDist4": null, "Overlay1": null, "Overlay2": null, "SPDist1": null, "SPDist2": null, "SPDist3": null, "LtdHeight": null, "SplitZone": "N", "BldgClass": "A5", "LandUse": "01", "Easements": 0, "OwnerType": null, "OwnerName": "TAJES, JOSE", "LotArea": 2796, "BldgArea": 1216, "ComArea": 0, "ResArea": 1216, "OfficeArea": 0, "RetailArea": 0, "GarageArea": 0, "StrgeArea": 0, "FactryArea": 0, "OtherArea": 0, "AreaSource": "2", "NumBldgs": 1, "NumFloors": 2.0, "UnitsRes": 1, "UnitsTotal": 1, "LotFront": 25.42, "LotDepth": 110.0, "BldgFront": 16.0, "BldgDepth": 38.0, "Ext": "N", "ProxCode": "2", "IrrLotCode": "N", "LotType": "5", "BsmtCode": "2", "AssessLand": 8880.0, "AssessTot": 51660.0, "ExemptTot": 1420.0, "YearBuilt": 1950, "YearAlter1": 0, "YearAlter2": 0, "HistDist": null, "Landmark": null, "BuiltFAR": 0.43, "ResidFAR": 0.75, "CommFAR": 0.0, "FacilFAR": 1.0, "BoroCode": 4, "BBL": 4065010021.9999995, "CondoNo": 0, "Tract2010": "080302", "XCoord": 1031145, "YCoord": 208473, "ZoneMap": "10b", "ZMCode": null, "Sanborn": "424 109", "TaxMap": "43003", "EDesigNum": null, "APPBBL": 0.0, "APPDate": null, "PLUTOMapID": "1", "FIRM07_FLA": null, "PFIRM15_FL": null, "Version": "25v4", "DCPEdited": null, "Latitude": 40.7387625, "Longitude": -73.8307769, "Notes": null, "Shape_Leng": 0.0, "Shape_Area": 2629.635013 }, "geometry": { "type": "MultiPolygon", "coordinates": [ [ [ [ -73.830573397111621, 40.738742752407283 ], [ -73.830985650142082, 40.738718586589385 ], [ -73.830974997705042, 40.738782389105154 ], [ -73.830562744166031, 40.738806554884746 ], [ -73.830573397111621, 40.738742752407283 ] ] ] ] } },
{ "type": "Feature", "properties": { "Borough": "QN", "Block": 6501, "Lot": 24, "CD": 407, "BCT2020": "4080302", "BCTCB2020": "40803022007", "CT2010": "803.02", "CB2010": "2007", "SchoolDist": "25", "Council": 20, "ZipCode": 11367, "FireComp": "E299", "PolicePrct": 109, "HealthCent": 43, "HealthArea": 2012, "Sanitboro": "4", "SanitDistr": "07", "SanitSub": "2C", "Address": "64-02 136 STREET", "ZoneDist1": "R3-1", "ZoneDist2": null, "ZoneDist3": null, "ZoneDist4": null, "Overlay1": null, "Overlay2": null, "SPDist1": null, "SPDist2": null, "SPDist3": null, "LtdHeight": null, "SplitZone": "N", "BldgClass": "A5", "LandUse": "01", "Easements": 0, "OwnerType": null, "OwnerName": "GARCIA TRUST, DATED MARCH 12, 2021", "LotArea": 2796, "BldgArea": 1696, "ComArea": 0, "ResArea": 1696, "OfficeArea": 0, "RetailArea": 0, "GarageArea": 0, "StrgeArea": 0, "FactryArea": 0, "OtherArea": 0, "AreaSource": "2", "NumBldgs": 1, "NumFloors": 2.0, "UnitsRes": 1, "UnitsTotal": 1, "LotFront": 25.42, "LotDepth": 110.0, "BldgFront": 16.0, "BldgDepth": 38.0, "Ext": "E", "ProxCode": "2", "IrrLotCode": "N", "LotType": "5", "BsmtCode": "2", "AssessLand": 10380.0, "AssessTot": 65460.0, "ExemptTot": 0.0, "YearBuilt": 1950, "YearAlter1": 1993, "YearAlter2": 0, "HistDist": null, "Landmark": null, "BuiltFAR": 0.61, "ResidFAR": 0.75, "CommFAR": 0.0, "FacilFAR": 1.0, "BoroCode": 4, "BBL": 4065010024.0, "CondoNo": 0, "Tract2010": "080302", "XCoord": 1031142, "YCoord": 208447, "ZoneMap": "10b", "ZMCode": null, "Sanborn": "424 109", "TaxMap": "43003", "EDesigNum": null, "APPBBL": 0.0, "APPDate": null, "PLUTOMapID": "1", "FIRM07_FLA": null, "PFIRM15_FL": null, "Version": "25v4", "DCPEdited": null, "Latitude": 40.7386911, "Longitude": -73.8307879, "Notes": null, "Shape_Leng": 0.0, "Shape_Area": 3156.3856853000002 }, "geometry": { "type": "MultiPolygon", "coordinates": [ [ [ [ -73.830586183990306, 40.738666169525452 ], [ -73.830998436542515, 40.738642003661717 ], [ -73.830985650142082, 40.738718586589385 ], [ -73.830573397111621, 40.738742752407283 ], [ -73.830586183990306, 40.738666169525452 ] ] ] ] } },
{ "type": "Feature", "properties": { "Borough": "QN", "Block": 6501, "Lot": 25, "CD": 407, "BCT2020": "4080302", "BCTCB2020": "40803022007", "CT2010": "803.02", "CB2010": "2007", "SchoolDist": "25", "Council": 20, "ZipCode": 11367, "FireComp": "E299", "PolicePrct": 109, "HealthCent": 43, "HealthArea": 2012, "Sanitboro": "4", "SanitDistr": "07", "SanitSub": "2C", "Address": "64-04 136 STREET", "ZoneDist1": "R3-1", "ZoneDist2": null, "ZoneDist3": null, "ZoneDist4": null, "Overlay1": null, "Overlay2": null, "SPDist1": null, "SPDist2": null, "SPDist3": null, "LtdHeight": null, "SplitZone": "N", "BldgClass": "A5", "LandUse": "01", "Easements": 0, "OwnerType": null, "OwnerName": "GROUDAN, TRUSTEE, HOWARD", "LotArea": 2796, "BldgArea": 1216, "ComArea": 0, "ResArea": 1216, "OfficeArea": 0, "RetailArea": 0, "GarageArea": 0, "StrgeArea": 0, "FactryArea": 0, "OtherArea": 0, "AreaSource": "2", "NumBldgs": 1, "NumFloors": 2.0, "UnitsRes": 1, "UnitsTotal": 1, "LotFront": 25.42, "LotDepth": 110.0, "BldgFront": 16.0, "BldgDepth": 38.0, "Ext": "N", "ProxCode": "2", "IrrLotCode": "N", "LotType": "5", "BsmtCode": "2", "AssessLand": 8880.0, "AssessTot": 51660.0, "ExemptTot": 0.0, "YearBuilt": 1950, "YearAlter1": 0, "YearAlter2": 0, "HistDist": null, "Landmark": null, "BuiltFAR": 0.43, "ResidFAR": 0.75, "CommFAR": 0.0, "FacilFAR": 1.0, "BoroCode": 4, "BBL": 4065010025.0, "CondoNo": 0, "Tract2010": "080302", "XCoord": 1031139, "YCoord": 208422, "ZoneMap": "10b", "ZMCode": null, "Sanborn": "424 109", "TaxMap": "43003", "EDesigNum": null, "APPBBL": 0.0, "APPDate": null, "PLUTOMapID": "1", "FIRM07_FLA": null, "PFIRM15_FL": null, "Version": "25v4", "DCPEdited": null, "Latitude": 40.7386225, "Longitude": -73.8307989, "Notes": null, "Shape_Leng": 0.0, "Shape_Area": 2582.7468559 }, "geometry": { "type": "MultiPolygon", "coordinates": [ [ [ [ -73.830998436542515, 40.738642003661717 ], [ -73.830586183990306, 40.738666169525452 ], [ -73.830596643275484, 40.738603505040892 ], [ -73.831008897857345, 40.73857933914325 ], [ -73.830998436542515, 40.738642003661717 ] ] ] ] } },
{ "type": "Feature", "properties": { "Borough": "QN", "Block": 6501, "Lot": 26, "CD": 407, "BCT2020": "4080302", "BCTCB2020": "40803022007", "CT2010": "803.02", "CB2010": "2007", "SchoolDist": "25", "Council": 20, "ZipCode": 11367, "FireComp": "E299", "PolicePrct": 109, "HealthCent": 43, "HealthArea": 2012, "Sanitboro": "4", "SanitDistr": "07", "SanitSub": "2C", "Address": "64-08 136 STREET", "ZoneDist1": "R3-1", "ZoneDist2": null, "ZoneDist3": null, "ZoneDist4": null, "Overlay1": null, "Overlay2": null, "SPDist1": null, "SPDist2": null, "SPDist3": null, "LtdHeight": null, "SplitZone": "N", "BldgClass": "A5", "LandUse": "01", "Easements": 0, "OwnerType": null, "OwnerName": "JOHN SIDLAR", "LotArea": 3718, "BldgArea": 1216, "ComArea": 0, "ResArea": 1216, "OfficeArea": 0, "RetailArea": 0, "GarageArea": 0, "StrgeArea": 0, "FactryArea": 0, "OtherArea": 0, "AreaSource": "2", "NumBldgs": 1, "NumFloors": 2.0, "UnitsRes": 1, "UnitsTotal": 1, "LotFront": 25.42, "LotDepth": 149.5, "BldgFront": 16.0, "BldgDepth": 38.0, "Ext": "E", "ProxCode": "2", "IrrLotCode": "Y", "LotType": "5", "BsmtCode": "2", "AssessLand": 12660.0, "AssessTot": 51780.0, "ExemptTot": 0.0, "YearBuilt": 1950, "YearAlter1": 0, "YearAlter2": 0, "HistDist": null, "Landmark": null, "BuiltFAR": 0.33, "ResidFAR": 0.75, "CommFAR": 0.0, "FacilFAR": 1.0, "BoroCode": 4, "BBL": 4065010026.0, "CondoNo": 0, "Tract2010": "080302", "XCoord": 1031119, "YCoord": 208396, "ZoneMap": "10b", "ZMCode": null, "Sanborn": "424 109", "TaxMap": "43003", "EDesigNum": null, "APPBBL": 0.0, "APPDate": null, "PLUTOMapID": "1", "FIRM07_FLA": null, "PFIRM15_FL": null, "Version": "25v4", "DCPEdited": null, "Latitude": 40.7385513, "Longitude": -73.8308713, "Notes": null, "Shape_Leng": 0.0, "Shape_Area": 3963.6870407000001 }, "geometry": { "type": "MultiPolygon", "coordinates": [ [ [ [ -73.830609065720523, 40.738529123306087 ], [ -73.831116442576487, 40.738499380585587 ], [ -73.831155288892091, 40.738570758746029 ], [ -73.831008897857345, 40.73857933914325 ], [ -73.830596643275484, 40.738603505040892 ], [ -73.830609065720523, 40.738529123306087 ] ] ] ] } },
{ "type": "Feature", "properties": { "Borough": "QN", "Block": 6501, "Lot": 27, "CD": 407, "BCT2020": "4080302", "BCTCB2020": "40803022007", "CT2010": "803.02", "CB2010": "2007", "SchoolDist": "25", "Council": 20, "ZipCode": 11367, "FireComp": "E299", "PolicePrct": 109, "HealthCent": 43, "HealthArea": 2012, "Sanitboro": "4", "SanitDistr": "07", "SanitSub": "2C", "Address": "64-10 136 STREET", "ZoneDist1": "R3-1", "ZoneDist2": null, "ZoneDist3": null, "ZoneDist4": null, "Overlay1": null, "Overlay2": null, "SPDist1": null, "SPDist2": null, "SPDist3": null, "LtdHeight": null, "SplitZone": "N", "BldgClass": "A5", "LandUse": "01", "Easements": 0, "OwnerType": null, "OwnerName": "RAMIREZ, BETTYNA S", "LotArea": 3354, "BldgArea": 1904, "ComArea": 0, "ResArea": 1904, "OfficeArea": 0, "RetailArea": 0, "GarageArea": 0, "StrgeArea": 0, "FactryArea": 0, "OtherArea": 0, "AreaSource": "2", "NumBldgs": 1, "NumFloors": 2.0, "UnitsRes": 1, "UnitsTotal": 1, "LotFront": 25.42, "LotDepth": 136.17, "BldgFront": 16.0, "BldgDepth": 53.0, "Ext": "E", "ProxCode": "2", "IrrLotCode": "Y", "LotType": "5", "BsmtCode": "2", "AssessLand": 14160.0, "AssessTot": 72900.0, "ExemptTot": 1420.0, "YearBuilt": 1950, "YearAlter1": 2003, "YearAlter2": 0, "HistDist": null, "Landmark": null, "BuiltFAR": 0.57, "ResidFAR": 0.75, "CommFAR": 0.0, "FacilFAR": 1.0, "BoroCode": 4, "BBL": 4065010027.0, "CondoNo": 0, "Tract2010": "080302", "XCoord": 1031123, "YCoord": 208369, "ZoneMap": "10b", "ZMCode": null, "Sanborn": "424 109", "TaxMap": "43003", "EDesigNum": null, "APPBBL": 0.0, "APPDate": null, "PLUTOMapID": "1", "FIRM07_FLA": null, "PFIRM15_FL": null, "Version": "25v4", "DCPEdited": null, "Latitude": 40.7384772, "Longitude": -73.830857, "Notes": null, "Shape_Leng": 0.0, "Shape_Area": 3599.9123194 }, "geometry": { "type": "MultiPolygon", "coordinates": [ [ [ [ -73.830621549497096, 40.738454358077377 ], [ -73.831077397203316, 40.73842763652371 ], [ -73.831116442576487, 40.738499380585587 ], [ -73.830609065720523, 40.738529123306087 ], [ -73.830621221364169, 40.738456318925806 ], [ -73.830621549497096, 40.738454358077377 ] ] ] ] } },
{ "type": "Feature", "properties": { "Borough": "QN", "Block": 6501, "Lot": 28, "CD": 407, "BCT2020": "4080302", "BCTCB2020": "40803022007", "CT2010": "803.02", "CB2010": "2007", "SchoolDist": "25", "Council": 20, "ZipCode": 11367, "FireComp": "E299", "PolicePrct": 109, "HealthCent": 43, "HealthArea": 2012, "Sanitboro": "4", "SanitDistr": "07", "SanitSub": "2C", "Address": "64-12 136 STREET", "ZoneDist1": "R3-1", "ZoneDist2": null, "ZoneDist3": null, "ZoneDist4": null, "Overlay1": null, "Overlay2": null, "SPDist1": null, "SPDist2": null, "SPDist3": null, "LtdHeight": null, "SplitZone": "N", "BldgClass": "A5", "LandUse": "01", "Easements": 0, "OwnerType": null, "OwnerName": "WANG, NIKKI FANG", "LotArea": 4539, "BldgArea": 1424, "ComArea": 0, "ResArea": 1424, "OfficeArea": 0, "RetailArea": 0, "GarageArea": 0, "StrgeArea": 0, "FactryArea": 0, "OtherArea": 0, "AreaSource": "2", "NumBldgs": 1, "NumFloors": 2.0, "UnitsRes": 1, "UnitsTotal": 1, "LotFront": 37.0, "LotDepth": 122.67, "BldgFront": 16.0, "BldgDepth": 38.0, "Ext": "E", "ProxCode": "2", "IrrLotCode": "N", "LotType": "5", "BsmtCode": "2", "AssessLand": 17820.0, "AssessTot": 62640.0, "ExemptTot": 0.0, "YearBuilt": 1950, "YearAlter1": 0, "YearAlter2": 0, "HistDist": null, "Landmark": null, "BuiltFAR": 0.31, "ResidFAR": 0.75, "CommFAR": 0.0, "FacilFAR": 1.0, "BoroCode": 4, "BBL": 4065010028.0, "CondoNo": 0, "Tract2010": "080302", "XCoord": 1031127, "YCoord": 208336, "ZoneMap": "10b", "ZMCode": null, "Sanborn": "424 109", "TaxMap": "43003", "EDesigNum": null, "APPBBL": 0.0, "APPDate": null, "PLUTOMapID": "1", "FIRM07_FLA": null, "PFIRM15_FL": null, "Version": "25v4", "DCPEdited": null, "Latitude": 40.7383866, "Longitude": -73.8308428, "Notes": null, "Shape_Leng": 0.0, "Shape_Area": 4779.6697268999997 }, "geometry": { "type": "MultiPolygon", "coordinates": [ [ [ [ -73.830621549497096, 40.738454358077377 ], [ -73.830623164573154, 40.738441250886041 ], [ -73.83062430711675, 40.738418855116656 ], [ -73.830623644163211, 40.73839976152248 ], [ -73.830621788321309, 40.73838281306174 ], [ -73.830619266471672, 40.738368428228213 ], [ -73.830616447783996, 40.738356285220682 ], [ -73.831012328085905, 40.73830807232212 ], [ -73.831077397203316, 40.73842763652371 ], [ -73.830621549497096, 40.738454358077377 ] ] ] ] } },
{ "type": "Feature", "properties": { "Borough": "QN", "Block": 6501, "Lot": 30, "CD": 407, "BCT2020": "4080302", "BCTCB2020": "40803022007", "CT2010": "803.02", "CB2010": "2007", "SchoolDist": "25", "Council": 20, "ZipCode": 11367, "FireComp": "E299", "PolicePrct": 109, "HealthCent": 43, "HealthArea": 2012, "Sanitboro": "4", "SanitDistr": "07", "SanitSub": "2C", "Address": "64-14 136 STREET", "ZoneDist1": "R3-1", "ZoneDist2": null, "ZoneDist3": null, "ZoneDist4": null, "Overlay1": null, "Overlay2": null, "SPDist1": null, "SPDist2": null, "SPDist3": null, "LtdHeight": null, "SplitZone": "N", "BldgClass": "A5", "LandUse": "01", "Easements": 0, "OwnerType": null, "OwnerName": "DONNA M. ARMA", "LotArea": 3100, "BldgArea": 1392, "ComArea": 0, "ResArea": 1392, "OfficeArea": 0, "RetailArea": 0, "GarageArea": 0, "StrgeArea": 0, "FactryArea": 0, "OtherArea": 0, "AreaSource": "2", "NumBldgs": 2, "NumFloors": 2.0, "UnitsRes": 1, "UnitsTotal": 1, "LotFront": 22.33, "LotDepth": 106.33, "BldgFront": 16.0, "BldgDepth": 38.0, "Ext": "E", "ProxCode": "2", "IrrLotCode": "Y", "LotType": "5", "BsmtCode": "2", "AssessLand": 9480.0, "AssessTot": 58080.0, "ExemptTot": 0.0, "YearBuilt": 1950, "YearAlter1": 0, "YearAlter2": 0, "HistDist": null, "Landmark": null, "BuiltFAR": 0.45, "ResidFAR": 0.75, "CommFAR": 0.0, "FacilFAR": 1.0, "BoroCode": 4, "BBL": 4065010030.0, "CondoNo": 0, "Tract2010": "080302", "XCoord": 1031135, "YCoord": 208300, "ZoneMap": "10b", "ZMCode": null, "Sanborn": "424 109", "TaxMap": "43003", "EDesigNum": null, "APPBBL": 0.0, "APPDate": null, "PLUTOMapID": "1", "FIRM07_FLA": null, "PFIRM15_FL": null, "Version": "25v4", "DCPEdited": null, "Latitude": 40.7382877, "Longitude": -73.8308142, "Notes": null, "Shape_Leng": 0.0, "Shape_Area": 3304.3189862999998 }, "geometry": { "type": "MultiPolygon", "coordinates": [ [ [ [ -73.83059407883961, 40.738298257717915 ], [ -73.83095757250409, 40.738207460076687 ], [ -73.831012328085905, 40.73830807232212 ], [ -73.830616447783996, 40.738356285220682 ], [ -73.830612266155043, 40.73834188087698 ], [ -73.830606424331322, 40.738325285786736 ], [ -73.830600560217846, 40.738311444425449 ], [ -73.83059407883961, 40.738298257717915 ] ] ] ] } },
{ "type": "Feature", "properties": { "Borough": "QN", "Block": 6501, "Lot": 31, "CD": 407, "BCT2020": "4080302", "BCTCB2020": "40803022007", "CT2010": "803.02", "CB2010": "2007", "SchoolDist": "25", "Council": 20, "ZipCode": 11367, "FireComp": "E299", "PolicePrct": 109, "HealthCent": 43, "HealthArea": 2012, "Sanitboro": "4", "SanitDistr": "07", "SanitSub": "2C", "Address": "64-18 136 STREET", "ZoneDist1": "R3-1", "ZoneDist2": null, "ZoneDist3": null, "ZoneDist4": null, "Overlay1": null, "Overlay2": null, "SPDist1": null, "SPDist2": null, "SPDist3": null, "LtdHeight": null, "SplitZone": "N", "BldgClass": "A5", "LandUse": "01", "Easements": 0, "OwnerType": null, "OwnerName": "MARIANO, NORIEL", "LotArea": 2700, "BldgArea": 1216, "ComArea": 0, "ResArea": 1216, "OfficeArea": 0, "RetailArea": 0, "GarageArea": 0, "StrgeArea": 0, "FactryArea": 0, "OtherArea": 0, "AreaSource": "2", "NumBldgs": 2, "NumFloors": 2.0, "UnitsRes": 1, "UnitsTotal": 1, "LotFront": 24.75, "LotDepth": 100.25, "BldgFront": 16.0, "BldgDepth": 38.0, "Ext": "EG", "ProxCode": "2", "IrrLotCode": "Y", "LotType": "5", "BsmtCode": "2", "AssessLand": 8520.0, "AssessTot": 51840.0, "ExemptTot": 0.0, "YearBuilt": 1950, "YearAlter1": 0, "YearAlter2": 0, "HistDist": null, "Landmark": null, "BuiltFAR": 0.45, "ResidFAR": 0.75, "CommFAR": 0.0, "FacilFAR": 1.0, "BoroCode": 4, "BBL": 4065010031.0000005, "CondoNo": 0, "Tract2010": "080302", "XCoord": 1031149, "YCoord": 208273, "ZoneMap": "10b", "ZMCode": null, "Sanborn": "424 109", "TaxMap": "43003", "EDesigNum": null, "APPBBL": 0.0, "APPDate": null, "PLUTOMapID": "1", "FIRM07_FLA": null, "PFIRM15_FL": null, "Version": "25v4", "DCPEdited": null, "Latitude": 40.7382135, "Longitude": -73.8307639, "Notes": null, "Shape_Leng": 0.0, "Shape_Area": 3074.2803424 }, "geometry": { "type": "MultiPolygon", "coordinates": [ [ [ [ -73.83059407883961, 40.738298257717915 ], [ -73.830588440180037, 40.738287885495232 ], [ -73.830583006771136, 40.73827880671189 ], [ -73.830557274141313, 40.738231578557084 ], [ -73.830913733798255, 40.738126909105482 ], [ -73.83095757250409, 40.738207460076687 ], [ -73.83059407883961, 40.738298257717915 ] ] ] ] } },
{ "type": "Feature", "properties": { "Borough": "QN", "Block": 6501, "Lot": 33, "CD": 407, "BCT2020": "4080302", "BCTCB2020": "40803022007", "CT2010": "803.02", "CB2010": "2007", "SchoolDist": "25", "Council": 20, "ZipCode": 11367, "FireComp": "E299", "PolicePrct": 109, "HealthCent": 43, "HealthArea": 2012, "Sanitboro": "4", "SanitDistr": "07", "SanitSub": "2C", "Address": "64-20 136 STREET", "ZoneDist1": "R3-1", "ZoneDist2": null, "ZoneDist3": null, "ZoneDist4": null, "Overlay1": null, "Overlay2": null, "SPDist1": null, "SPDist2": null, "SPDist3": null, "LtdHeight": null, "SplitZone": "N", "BldgClass": "A5", "LandUse": "01", "Easements": 0, "OwnerType": null, "OwnerName": "MARIANO, NORIEL G.", "LotArea": 2500, "BldgArea": 1216, "ComArea": 0, "ResArea": 1216, "OfficeArea": 0, "RetailArea": 0, "GarageArea": 0, "StrgeArea": 0, "FactryArea": 0, "OtherArea": 0, "AreaSource": "2", "NumBldgs": 1, "NumFloors": 2.0, "UnitsRes": 1, "UnitsTotal": 1, "LotFront": 25.0, "LotDepth": 100.0, "BldgFront": 16.0, "BldgDepth": 38.0, "Ext": "N", "ProxCode": "2", "IrrLotCode": "N", "LotType": "5", "BsmtCode": "2", "AssessLand": 9300.0, "AssessTot": 52140.0, "ExemptTot": 1420.0, "YearBuilt": 1950, "YearAlter1": 0, "YearAlter2": 0, "HistDist": null, "Landmark": null, "BuiltFAR": 0.49, "ResidFAR": 0.75, "CommFAR": 0.0, "FacilFAR": 1.0, "BoroCode": 4, "BBL": 4065010032.9999995, "CondoNo": 0, "Tract2010": "080302", "XCoord": 1031160, "YCoord": 208248, "ZoneMap": "10b", "ZMCode": null, "Sanborn": "424 109", "TaxMap": "43003", "EDesigNum": null, "APPBBL": 0.0, "APPDate": null, "PLUTOMapID": "1", "FIRM07_FLA": null, "PFIRM15_FL": null, "Version": "25v4", "DCPEdited": null, "Latitude": 40.7381448, "Longitude": -73.8307244, "Notes": null, "Shape_Leng": 0.0, "Shape_Area": 2706.9306759000001 }, "geometry": { "type": "MultiPolygon", "coordinates": [ [ [ [ -73.830913733798255, 40.738126909105482 ], [ -73.830557274141313, 40.738231578557084 ], [ -73.830524536040258, 40.73817149161404 ], [ -73.830875857860264, 40.738057310818235 ], [ -73.830913733798255, 40.738126909105482 ] ] ] ] } },
{ "type": "Feature", "properties": { "Borough": "QN", "Block": 6501, "Lot": 34, "CD": 407, "BCT2020": "4080302", "BCTCB2020": "40803022007", "CT2010": "803.02", "CB2010": "2007", "SchoolDist": "25", "Council": 20, "ZipCode": 11367, "FireComp": "E299", "PolicePrct": 109, "HealthCent": 43, "HealthArea": 2012, "Sanitboro": "4", "SanitDistr": "07", "SanitSub": "2C", "Address": "64-22 136 STREET", "ZoneDist1": "R3-1", "ZoneDist2": null, "ZoneDist3": null, "ZoneDist4": null, "Overlay1": null, "Overlay2": null, "SPDist1": null, "SPDist2": null, "SPDist3": null, "LtdHeight": null, "SplitZone": "N", "BldgClass": "A5", "LandUse": "01", "Easements": 0, "OwnerType": null, "OwnerName": "ASTARITA, THOMASINA", "LotArea": 2500, "BldgArea": 1216, "ComArea": 0, "ResArea": 1216, "OfficeArea": 0, "RetailArea": 0, "GarageArea": 0, "StrgeArea": 0, "FactryArea": 0, "OtherArea": 0, "AreaSource": "2", "NumBldgs": 1, "NumFloors": 2.0, "UnitsRes": 1, "UnitsTotal": 1, "LotFront": 25.0, "LotDepth": 100.0, "BldgFront": 16.0, "BldgDepth": 38.0, "Ext": "N", "ProxCode": "2", "IrrLotCode": "N", "LotType": "5", "BsmtCode": "2", "AssessLand": 9300.0, "AssessTot": 52140.0, "ExemptTot": 4300.0, "YearBuilt": 1950, "YearAlter1": 0, "YearAlter2": 0, "HistDist": null, "Landmark": null, "BuiltFAR": 0.49, "ResidFAR": 0.75, "CommFAR": 0.0, "FacilFAR": 1.0, "BoroCode": 4, "BBL": 4065010034.0, "CondoNo": 0, "Tract2010": "080302", "XCoord": 1031171, "YCoord": 208225, "ZoneMap": "10b", "ZMCode": null, "Sanborn": "424 109", "TaxMap": "43003", "EDesigNum": null, "APPBBL": 0.0, "APPDate": null, "PLUTOMapID": "1", "FIRM07_FLA": null, "PFIRM15_FL": null, "Version": "25v4", "DCPEdited": null, "Latitude": 40.7380817, "Longitude": -73.8306848, "Notes": null, "Shape_Leng": 0.0, "Shape_Area": 2618.423016 }, "geometry": { "type": "MultiPolygon", "coordinates": [ [ [ [ -73.830490368671377, 40.738108782148451 ], [ -73.830841723358773, 40.737994588870883 ], [ -73.830875857860264, 40.738057310818235 ], [ -73.830524536040258, 40.73817149161404 ], [ -73.830490368671377, 40.738108782148451 ] ] ] ] } },
{ "type": "Feature", "properties": { "Borough": "QN", "Block": 6501, "Lot": 35, "CD": 407, "BCT2020": "4080302", "BCTCB2020": "40803022007", "CT2010": "803.02", "CB2010": "2007", "SchoolDist": "25", "Council": 20, "ZipCode": 11367, "FireComp": "E299", "PolicePrct": 109, "HealthCent": 43, "HealthArea": 2012, "Sanitboro": "4", "SanitDistr": "07", "SanitSub": "2C", "Address": "64-24 136 STREET", "ZoneDist1": "R3-1", "ZoneDist2": null, "ZoneDist3": null, "ZoneDist4": null, "Overlay1": null, "Overlay2": null, "SPDist1": null, "SPDist2": null, "SPDist3": null, "LtdHeight": null, "SplitZone": "N", "BldgClass": "A5", "LandUse": "01", "Easements": 0, "OwnerType": null, "OwnerName": "DISAMETO, JULIETA", "LotArea": 2500, "BldgArea": 1216, "ComArea": 0, "ResArea": 1216, "OfficeArea": 0, "RetailArea": 0, "GarageArea": 0, "StrgeArea": 0, "FactryArea": 0, "OtherArea": 0, "AreaSource": "2", "NumBldgs": 1, "NumFloors": 2.0, "UnitsRes": 1, "UnitsTotal": 1, "LotFront": 25.0, "LotDepth": 100.0, "BldgFront": 16.0, "BldgDepth": 38.0, "Ext": "E", "ProxCode": "2", "IrrLotCode": "N", "LotType": "5", "BsmtCode": "2", "AssessLand": 9300.0, "AssessTot": 52140.0, "ExemptTot": 1420.0, "YearBuilt": 1950, "YearAlter1": 0, "YearAlter2": 0, "HistDist": null, "Landmark": null, "BuiltFAR": 0.49, "ResidFAR": 0.75, "CommFAR": 0.0, "FacilFAR": 1.0, "BoroCode": 4, "BBL": 4065010035.0, "CondoNo": 0, "Tract2010": "080302", "XCoord": 1031180, "YCoord": 208203, "ZoneMap": "10b", "ZMCode": null, "Sanborn": "424 109", "TaxMap": "43003", "EDesigNum": null, "APPBBL": 0.0, "APPDate": null, "PLUTOMapID": "1", "FIRM07_FLA": null, "PFIRM15_FL": null, "Version": "25v4", "DCPEdited": null, "Latitude": 40.7380212, "Longitude": -73.8306525, "Notes": null, "Shape_Leng": 0.0, "Shape_Area": 2490.0097244 }, "geometry": { "type": "MultiPolygon", "coordinates": [ [ [ [ -73.830457879419058, 40.73804915216899 ], [ -73.830809266976317, 40.737934950003719 ], [ -73.830841723358773, 40.737994588870883 ], [ -73.830490368671377, 40.738108782148451 ], [ -73.830457879419058, 40.73804915216899 ] ] ] ] } },
{ "type": "Feature", "properties": { "Borough": "QN", "Block": 6501, "Lot": 37, "CD": 407, "BCT2020": "4080302", "BCTCB2020": "40803022007", "CT2010": "803.02", "CB2010": "2007", "SchoolDist": "25", "Council": 20, "ZipCode": 11367, "FireComp": "E299", "PolicePrct": 109, "HealthCent": 43, "HealthArea": 2012, "Sanitboro": "4", "SanitDistr": "07", "SanitSub": "2C", "Address": "64-28 136 STREET", "ZoneDist1": "R3-1", "ZoneDist2": null, "ZoneDist3": null, "ZoneDist4": null, "Overlay1": null, "Overlay2": null, "SPDist1": null, "SPDist2": null, "SPDist3": null, "LtdHeight": null, "SplitZone": "N", "BldgClass": "A5", "LandUse": "01", "Easements": 0, "OwnerType": null, "OwnerName": "MARTELLO, JOSEPH P.", "LotArea": 2500, "BldgArea": 1392, "ComArea": 0, "ResArea": 1392, "OfficeArea": 0, "RetailArea": 0, "GarageArea": 0, "StrgeArea": 0, "FactryArea": 0, "OtherArea": 0, "AreaSource": "2", "NumBldgs": 1, "NumFloors": 2.0, "UnitsRes": 1, "UnitsTotal": 1, "LotFront": 25.0, "LotDepth": 100.0, "BldgFront": 16.0, "BldgDepth": 38.0, "Ext": "E", "ProxCode": "2", "IrrLotCode": "N", "LotType": "5", "BsmtCode": "2", "AssessLand": 9480.0, "AssessTot": 59700.0, "ExemptTot": 1420.0, "YearBuilt": 1950, "YearAlter1": 0, "YearAlter2": 0, "HistDist": null, "Landmark": null, "BuiltFAR": 0.56, "ResidFAR": 0.75, "CommFAR": 0.0, "FacilFAR": 1.0, "BoroCode": 4, "BBL": 4065010037.0, "CondoNo": 0, "Tract2010": "080302", "XCoord": 1031190, "YCoord": 208180, "ZoneMap": "10b", "ZMCode": null, "Sanborn": "424 109", "TaxMap": "43003", "EDesigNum": null, "APPBBL": 0.0, "APPDate": null, "PLUTOMapID": "1", "FIRM07_FLA": null, "PFIRM15_FL": null, "Version": "25v4", "DCPEdited": null, "Latitude": 40.737958, "Longitude": -73.8306166, "Notes": null, "Shape_Leng": 0.0, "Shape_Area": 2829.9642075000002 }, "geometry": { "type": "MultiPolygon", "coordinates": [ [ [ [ -73.83077238332902, 40.737867174758854 ], [ -73.830809266976317, 40.737934950003719 ], [ -73.830457879419058, 40.73804915216899 ], [ -73.830420959412095, 40.737981387634633 ], [ -73.83077238332902, 40.737867174758854 ] ] ] ] } },
{ "type": "Feature", "properties": { "Borough": "QN", "Block": 6501, "Lot": 38, "CD": 407, "BCT2020": "4080302", "BCTCB2020": "40803022007", "CT2010": "803.02", "CB2010": "2007", "SchoolDist": "25", "Council": 20, "ZipCode": 11367, "FireComp": "E299", "PolicePrct": 109, "HealthCent": 43, "HealthArea": 2012, "Sanitboro": "4", "SanitDistr": "07", "SanitSub": "2C", "Address": "64-30 136 STREET", "ZoneDist1": "R3-1", "ZoneDist2": null, "ZoneDist3": null, "ZoneDist4": null, "Overlay1": null, "Overlay2": null, "SPDist1": null, "SPDist2": null, "SPDist3": null, "LtdHeight": null, "SplitZone": "N", "BldgClass": "A5", "LandUse": "01", "Easements": 0, "OwnerType": null, "OwnerName": "LYNN RUSSILLO", "LotArea": 2500, "BldgArea": 1392, "ComArea": 0, "ResArea": 1392, "OfficeArea": 0, "RetailArea": 0, "GarageArea": 0, "StrgeArea": 0, "FactryArea": 0, "OtherArea": 0, "AreaSource": "2", "NumBldgs": 1, "NumFloors": 2.0, "UnitsRes": 1, "UnitsTotal": 1, "LotFront": 25.0, "LotDepth": 100.0, "BldgFront": 16.0, "BldgDepth": 38.0, "Ext": "E", "ProxCode": "2", "IrrLotCode": "N", "LotType": "5", "BsmtCode": "2", "AssessLand": 9480.0, "AssessTot": 59700.0, "ExemptTot": 0.0, "YearBuilt": 1950, "YearAlter1": 0, "YearAlter2": 0, "HistDist": null, "Landmark": null, "BuiltFAR": 0.56, "ResidFAR": 0.75, "CommFAR": 0.0, "FacilFAR": 1.0, "BoroCode": 4, "BBL": 4065010038.0, "CondoNo": 0, "Tract2010": "080302", "XCoord": 1031200, "YCoord": 208157, "ZoneMap": "10b", "ZMCode": null, "Sanborn": "424 109", "TaxMap": "43003", "EDesigNum": null, "APPBBL": 0.0, "APPDate": null, "PLUTOMapID": "1", "FIRM07_FLA": null, "PFIRM15_FL": null, "Version": "25v4", "DCPEdited": null, "Latitude": 40.7378949, "Longitude": -73.8305807, "Notes": null, "Shape_Leng": 0.0, "Shape_Area": 2473.8242484000002 }, "geometry": { "type": "MultiPolygon", "coordinates": [ [ [ [ -73.830388688249229, 40.737922157769638 ], [ -73.830740142733006, 40.737807934244465 ], [ -73.83077238332902, 40.737867174758854 ], [ -73.830420959412095, 40.737981387634633 ], [ -73.830388688249229, 40.737922157769638 ] ] ] ] } },
{ "type": "Feature", "properties": { "Borough": "QN", "Block": 6501, "Lot": 39, "CD": 407, "BCT2020": "4080302", "BCTCB2020": "40803022007", "CT2010": "803.02", "CB2010": "2007", "SchoolDist": "25", "Council": 20, "ZipCode": 11367, "FireComp": "E299", "PolicePrct": 109, "HealthCent": 43, "HealthArea": 2012, "Sanitboro": "4", "SanitDistr": "07", "SanitSub": "2C", "Address": "64-32 136 STREET", "ZoneDist1": "R3-1", "ZoneDist2": null, "ZoneDist3": null, "ZoneDist4": null, "Overlay1": null, "Overlay2": null, "SPDist1": null, "SPDist2": null, "SPDist3": null, "LtdHeight": null, "SplitZone": "N", "BldgClass": "A5", "LandUse": "01", "Easements": 0, "OwnerType": null, "OwnerName": "NATANOV, ALBERT", "LotArea": 2500, "BldgArea": 1216, "ComArea": 0, "ResArea": 1216, "OfficeArea": 0, "RetailArea": 0, "GarageArea": 0, "StrgeArea": 0, "FactryArea": 0, "OtherArea": 0, "AreaSource": "2", "NumBldgs": 1, "NumFloors": 2.0, "UnitsRes": 1, "UnitsTotal": 1, "LotFront": 25.0, "LotDepth": 100.0, "BldgFront": 16.0, "BldgDepth": 38.0, "Ext": "N", "ProxCode": "2", "IrrLotCode": "N", "LotType": "5", "BsmtCode": "2", "AssessLand": 9300.0, "AssessTot": 52140.0, "ExemptTot": 0.0, "YearBuilt": 1950, "YearAlter1": 0, "YearAlter2": 0, "HistDist": null, "Landmark": null, "BuiltFAR": 0.49, "ResidFAR": 0.75, "CommFAR": 0.0, "FacilFAR": 1.0, "BoroCode": 4, "BBL": 4065010039.0, "CondoNo": 0, "Tract2010": "080302", "XCoord": 1031210, "YCoord": 208134, "ZoneMap": "10b", "ZMCode": null, "Sanborn": "424 109", "TaxMap": "43003", "EDesigNum": null, "APPBBL": 0.0, "APPDate": null, "PLUTOMapID": "1", "FIRM07_FLA": null, "PFIRM15_FL": null, "Version": "25v4", "DCPEdited": null, "Latitude": 40.7378317, "Longitude": -73.8305447, "Notes": null, "Shape_Leng": 0.0, "Shape_Area": 2785.2232023000001 }, "geometry": { "type": "MultiPolygon", "coordinates": [ [ [ [ -73.830351182682946, 40.737853320742424 ], [ -73.830705023425878, 40.737743400815617 ], [ -73.830740142733006, 40.737807934244465 ], [ -73.830388688249229, 40.737922157769638 ], [ -73.830351182682946, 40.737853320742424 ] ] ] ] } },
{ "type": "Feature", "properties": { "Borough": "QN", "Block": 6501, "Lot": 40, "CD": 407, "BCT2020": "4080302", "BCTCB2020": "40803022007", "CT2010": "803.02", "CB2010": "2007", "SchoolDist": "25", "Council": 20, "ZipCode": 11367, "FireComp": "E299", "PolicePrct": 109, "HealthCent": 43, "HealthArea": 2012, "Sanitboro": "4", "SanitDistr": "07", "SanitSub": "2C", "Address": "64-34 136 STREET", "ZoneDist1": "R3-1", "ZoneDist2": null, "ZoneDist3": null, "ZoneDist4": null, "Overlay1": null, "Overlay2": null, "SPDist1": null, "SPDist2": null, "SPDist3": null, "LtdHeight": null, "SplitZone": "N", "BldgClass": "A5", "LandUse": "01", "Easements": 0, "OwnerType": null, "OwnerName": "MANUEL SANTIAGO", "LotArea": 2700, "BldgArea": 1408, "ComArea": 0, "ResArea": 1408, "OfficeArea": 0, "RetailArea": 0, "GarageArea": 0, "StrgeArea": 0, "FactryArea": 0, "OtherArea": 0, "AreaSource": "2", "NumBldgs": 1, "NumFloors": 2.0, "UnitsRes": 1, "UnitsTotal": 1, "LotFront": 23.42, "LotDepth": 100.67, "BldgFront": 16.0, "BldgDepth": 38.0, "Ext": "E", "ProxCode": "2", "IrrLotCode": "Y", "LotType": "5", "BsmtCode": "2", "AssessLand": 9600.0, "AssessTot": 58980.0, "ExemptTot": 1420.0, "YearBuilt": 1950, "YearAlter1": 1994, "YearAlter2": 2018, "HistDist": null, "Landmark": null, "BuiltFAR": 0.52, "ResidFAR": 0.75, "CommFAR": 0.0, "FacilFAR": 1.0, "BoroCode": 4, "BBL": 4065010040.0, "CondoNo": 0, "Tract2010": "080302", "XCoord": 1031218, "YCoord": 208108, "ZoneMap": "10b", "ZMCode": "Y", "Sanborn": "424 109", "TaxMap": "43003", "EDesigNum": null, "APPBBL": 0.0, "APPDate": null, "PLUTOMapID": "1", "FIRM07_FLA": null, "PFIRM15_FL": null, "Version": "25v4", "DCPEdited": null, "Latitude": 40.7377603, "Longitude": -73.8305161, "Notes": null, "Shape_Leng": 0.0, "Shape_Area": 2947.1428231 }, "geometry": { "type": "MultiPolygon", "coordinates": [ [ [ [ -73.830334034892431, 40.737821847885563 ], [ -73.830324895796053, 40.737805845838459 ], [ -73.830315994052327, 40.737791960410739 ], [ -73.830661965347389, 40.737664281814915 ], [ -73.830705023425878, 40.737743400815617 ], [ -73.830351182682946, 40.737853320742424 ], [ -73.830334034892431, 40.737821847885563 ] ] ] ] } },
{ "type": "Feature", "properties": { "Borough": "QN", "Block": 6501, "Lot": 41, "CD": 407, "BCT2020": "4080302", "BCTCB2020": "40803022007", "CT2010": "803.02", "CB2010": "2007", "SchoolDist": "25", "Council": 20, "ZipCode": 11367, "FireComp": "E299", "PolicePrct": 109, "HealthCent": 43, "HealthArea": 2012, "Sanitboro": "4", "SanitDistr": "07", "SanitSub": "2C", "Address": "64-38 136 STREET", "ZoneDist1": "R3-1", "ZoneDist2": null, "ZoneDist3": null, "ZoneDist4": null, "Overlay1": null, "Overlay2": null, "SPDist1": null, "SPDist2": null, "SPDist3": null, "LtdHeight": null, "SplitZone": "N", "BldgClass": "A5", "LandUse": "01", "Easements": 0, "OwnerType": null, "OwnerName": "MARIANNE TERESA MIDGETT", "LotArea": 2526, "BldgArea": 1426, "ComArea": 0, "ResArea": 1426, "OfficeArea": 0, "RetailArea": 0, "GarageArea": 0, "StrgeArea": 0, "FactryArea": 0, "OtherArea": 0, "AreaSource": "2", "NumBldgs": 1, "NumFloors": 2.0, "UnitsRes": 1, "UnitsTotal": 1, "LotFront": 23.33, "LotDepth": 108.25, "BldgFront": 16.0, "BldgDepth": 38.0, "Ext": "N", "ProxCode": "2", "IrrLotCode": "N", "LotType": "5", "BsmtCode": "2", "AssessLand": 9540.0, "AssessTot": 59520.0, "ExemptTot": 31180.0, "YearBuilt": 1950, "YearAlter1": 0, "YearAlter2": 0, "HistDist": null, "Landmark": null, "BuiltFAR": 0.56, "ResidFAR": 0.75, "CommFAR": 0.0, "FacilFAR": 1.0, "BoroCode": 4, "BBL": 4065010041.0, "CondoNo": 0, "Tract2010": "080302", "XCoord": 1031227, "YCoord": 208078, "ZoneMap": "14a", "ZMCode": "Y", "Sanborn": "424 109", "TaxMap": "43003", "EDesigNum": null, "APPBBL": 0.0, "APPDate": null, "PLUTOMapID": "1", "FIRM07_FLA": null, "PFIRM15_FL": null, "Version": "25v4", "DCPEdited": null, "Latitude": 40.7376779, "Longitude": -73.8304838, "Notes": null, "Shape_Leng": 0.0, "Shape_Area": 3532.5594455 }, "geometry": { "type": "MultiPolygon", "coordinates": [ [ [ [ -73.830275914214766, 40.73774243907026 ], [ -73.830601238848431, 40.737552694158346 ], [ -73.830661965347389, 40.737664281814915 ], [ -73.830315994052327, 40.737791960410739 ], [ -73.830304244321724, 40.737775564655621 ], [ -73.830295219014587, 40.737764161663314 ], [ -73.830275914214766, 40.73774243907026 ] ] ] ] } },
{ "type": "Feature", "properties": { "Borough": "QN", "Block": 6501, "Lot": 42, "CD": 407, "BCT2020": "4080302", "BCTCB2020": "40803022007", "CT2010": "803.02", "CB2010": "2007", "SchoolDist": "25", "Council": 20, "ZipCode": 11367, "FireComp": "E299", "PolicePrct": 109, "HealthCent": 43, "HealthArea": 2012, "Sanitboro": "4", "SanitDistr": "07", "SanitSub": "2C", "Address": "64-40 136 STREET", "ZoneDist1": "R3-1", "ZoneDist2": null, "ZoneDist3": null, "ZoneDist4": null, "Overlay1": null, "Overlay2": null, "SPDist1": null, "SPDist2": null, "SPDist3": null, "LtdHeight": null, "SplitZone": "N", "BldgClass": "A5", "LandUse": "01", "Easements": 0, "OwnerType": null, "OwnerName": "SI, YUNING", "LotArea": 2526, "BldgArea": 1216, "ComArea": 0, "ResArea": 1216, "OfficeArea": 0, "RetailArea": 0, "GarageArea": 0, "StrgeArea": 0, "FactryArea": 0, "OtherArea": 0, "AreaSource": "2", "NumBldgs": 1, "NumFloors": 2.0, "UnitsRes": 1, "UnitsTotal": 1, "LotFront": 23.33, "LotDepth": 108.25, "BldgFront": 16.0, "BldgDepth": 38.0, "Ext": "N", "ProxCode": "2", "IrrLotCode": "N", "LotType": "5", "BsmtCode": "2", "AssessLand": 9420.0, "AssessTot": 51540.0, "ExemptTot": 0.0, "YearBuilt": 1950, "YearAlter1": 0, "YearAlter2": 0, "HistDist": null, "Landmark": null, "BuiltFAR": 0.48, "ResidFAR": 0.75, "CommFAR": 0.0, "FacilFAR": 1.0, "BoroCode": 4, "BBL": 4065010042.0000005, "CondoNo": 0, "Tract2010": "080302", "XCoord": 1031246, "YCoord": 208051, "ZoneMap": "14a", "ZMCode": "Y", "Sanborn": "424 109", "TaxMap": "43003", "EDesigNum": null, "APPBBL": 0.0, "APPDate": null, "PLUTOMapID": "1", "FIRM07_FLA": null, "PFIRM15_FL": null, "Version": "25v4", "DCPEdited": null, "Latitude": 40.7376037, "Longitude": -73.8304154, "Notes": null, "Shape_Leng": 0.0, "Shape_Area": 3783.252783 }, "geometry": { "type": "MultiPolygon", "coordinates": [ [ [ [ -73.830491232921801, 40.737474818259464 ], [ -73.830581530492452, 40.737516478210821 ], [ -73.830601238848431, 40.737552694158346 ], [ -73.830275914214766, 40.73774243907026 ], [ -73.830248228507202, 40.737715717118299 ], [ -73.830218188761279, 40.737691500408332 ], [ -73.830491232921801, 40.737474818259464 ] ] ] ] } },
{ "type": "Feature", "properties": { "Borough": "QN", "Block": 6501, "Lot": 44, "CD": 407, "BCT2020": "4080302", "BCTCB2020": "40803022007", "CT2010": "803.02", "CB2010": "2007", "SchoolDist": "25", "Council": 20, "ZipCode": 11367, "FireComp": "E299", "PolicePrct": 109, "HealthCent": 43, "HealthArea": 2012, "Sanitboro": "4", "SanitDistr": "07", "SanitSub": "2C", "Address": "136-02 64 ROAD", "ZoneDist1": "R3-1", "ZoneDist2": null, "ZoneDist3": null, "ZoneDist4": null, "Overlay1": null, "Overlay2": null, "SPDist1": null, "SPDist2": null, "SPDist3": null, "LtdHeight": null, "SplitZone": "N", "BldgClass": "A5", "LandUse": "01", "Easements": 0, "OwnerType": null, "OwnerName": "MORALES, KELLY E", "LotArea": 2431, "BldgArea": 1216, "ComArea": 0, "ResArea": 1216, "OfficeArea": 0, "RetailArea": 0, "GarageArea": 0, "StrgeArea": 0, "FactryArea": 0, "OtherArea": 0, "AreaSource": "2", "NumBldgs": 1, "NumFloors": 2.0, "UnitsRes": 1, "UnitsTotal": 1, "LotFront": 23.33, "LotDepth": 104.17, "BldgFront": 16.0, "BldgDepth": 38.0, "Ext": "N", "ProxCode": "2", "IrrLotCode": "N", "LotType": "5", "BsmtCode": "2", "AssessLand": 9240.0, "AssessTot": 52140.0, "ExemptTot": 1420.0, "YearBuilt": 1950, "YearAlter1": 0, "YearAlter2": 0, "HistDist": null, "Landmark": null, "BuiltFAR": 0.5, "ResidFAR": 0.75, "CommFAR": 0.0, "FacilFAR": 1.0, "BoroCode": 4, "BBL": 4065010043.9999995, "CondoNo": 0, "Tract2010": "080302", "XCoord": 1031272, "YCoord": 208029, "ZoneMap": "14a", "ZMCode": null, "Sanborn": "424 109", "TaxMap": "43003", "EDesigNum": null, "APPBBL": 0.0, "APPDate": null, "PLUTOMapID": "1", "FIRM07_FLA": null, "PFIRM15_FL": null, "Version": "25v4", "DCPEdited": null, "Latitude": 40.7375431, "Longitude": -73.8303218, "Notes": null, "Shape_Leng": 0.0, "Shape_Area": 3468.6756749000001 }, "geometry": { "type": "MultiPolygon", "coordinates": [ [ [ [ -73.830187273139572, 40.737671366276714 ], [ -73.830158889081588, 40.737655296242181 ], [ -73.830353280934787, 40.737411170577118 ], [ -73.830491232921801, 40.737474818259464 ], [ -73.830218188761279, 40.737691500408332 ], [ -73.830187273139572, 40.737671366276714 ] ] ] ] } },
{ "type": "Feature", "properties": { "Borough": "QN", "Block": 6501, "Lot": 45, "CD": 407, "BCT2020": "4080302", "BCTCB2020": "40803022007", "CT2010": "803.02", "CB2010": "2007", "SchoolDist": "25", "Council": 20, "ZipCode": 11367, "FireComp": "E299", "PolicePrct": 109, "HealthCent": 43, "HealthArea": 2012, "Sanitboro": "4", "SanitDistr": "07", "SanitSub": "2C", "Address": "136-04 64 ROAD", "ZoneDist1": "R3-1", "ZoneDist2": null, "ZoneDist3": null, "ZoneDist4": null, "Overlay1": null, "Overlay2": null, "SPDist1": null, "SPDist2": null, "SPDist3": null, "LtdHeight": null, "SplitZone": "N", "BldgClass": "A5", "LandUse": "01", "Easements": 0, "OwnerType": null, "OwnerName": "SANTOS, MARIA LIZA JAVIER", "LotArea": 2600, "BldgArea": 1216, "ComArea": 0, "ResArea": 1216, "OfficeArea": 0, "RetailArea": 0, "GarageArea": 0, "StrgeArea": 0, "FactryArea": 0, "OtherArea": 0, "AreaSource": "2", "NumBldgs": 1, "NumFloors": 2.0, "UnitsRes": 1, "UnitsTotal": 1, "LotFront": 25.0, "LotDepth": 100.0, "BldgFront": 16.0, "BldgDepth": 38.0, "Ext": "N", "ProxCode": "2", "IrrLotCode": "Y", "LotType": "5", "BsmtCode": "2", "AssessLand": 9660.0, "AssessTot": 51840.0, "ExemptTot": 1420.0, "YearBuilt": 1950, "YearAlter1": 0, "YearAlter2": 0, "HistDist": null, "Landmark": null, "BuiltFAR": 0.47, "ResidFAR": 0.75, "CommFAR": 0.0, "FacilFAR": 1.0, "BoroCode": 4, "BBL": 4065010045.0, "CondoNo": 0, "Tract2010": "080302", "XCoord": 1031300, "YCoord": 208019, "ZoneMap": "14a", "ZMCode": null, "Sanborn": "424 109", "TaxMap": "43003", "EDesigNum": null, "APPBBL": 0.0, "APPDate": null, "PLUTOMapID": "1", "FIRM07_FLA": null, "PFIRM15_FL": null, "Version": "25v4", "DCPEdited": null, "Latitude": 40.7375156, "Longitude": -73.8302208, "Notes": null, "Shape_Leng": 0.0, "Shape_Area": 2506.6062654000002 }, "geometry": { "type": "MultiPolygon", "coordinates": [ [ [ [ -73.830084531699043, 40.737620905902624 ], [ -73.830278875062504, 40.737376842450267 ], [ -73.830353280934787, 40.737411170577118 ], [ -73.830158889081588, 40.737655296242181 ], [ -73.830155007497311, 40.737653282330115 ], [ -73.830084531699043, 40.737620905902624 ] ] ] ] } },
{ "type": "Feature", "properties": { "Borough": "QN", "Block": 6501, "Lot": 46, "CD": 407, "BCT2020": "4080302", "BCTCB2020": "40803022007", "CT2010": "803.02", "CB2010": "2007", "SchoolDist": "25", "Council": 20, "ZipCode": 11367, "FireComp": "E299", "PolicePrct": 109, "HealthCent": 43, "HealthArea": 2012, "Sanitboro": "4", "SanitDistr": "07", "SanitSub": "2C", "Address": "136-08 64 ROAD", "ZoneDist1": "R3-1", "ZoneDist2": null, "ZoneDist3": null, "ZoneDist4": null, "Overlay1": null, "Overlay2": null, "SPDist1": null, "SPDist2": null, "SPDist3": null, "LtdHeight": null, "SplitZone": "N", "BldgClass": "A5", "LandUse": "01", "Easements": 0, "OwnerType": null, "OwnerName": "MENDEZ, PEDRO P", "LotArea": 2500, "BldgArea": 1216, "ComArea": 0, "ResArea": 1216, "OfficeArea": 0, "RetailArea": 0, "GarageArea": 0, "StrgeArea": 0, "FactryArea": 0, "OtherArea": 0, "AreaSource": "2", "NumBldgs": 2, "NumFloors": 2.0, "UnitsRes": 1, "UnitsTotal": 1, "LotFront": 25.0, "LotDepth": 100.0, "BldgFront": 16.0, "BldgDepth": 38.0, "Ext": "G", "ProxCode": "2", "IrrLotCode": "N", "LotType": "5", "BsmtCode": "2", "AssessLand": 9300.0, "AssessTot": 52140.0, "ExemptTot": 1420.0, "YearBuilt": 1950, "YearAlter1": 0, "YearAlter2": 0, "HistDist": null, "Landmark": null, "BuiltFAR": 0.49, "ResidFAR": 0.75, "CommFAR": 0.0, "FacilFAR": 1.0, "BoroCode": 4, "BBL": 4065010046.0, "CondoNo": 0, "Tract2010": "080302", "XCoord": 1031322, "YCoord": 208006, "ZoneMap": "14a", "ZMCode": null, "Sanborn": "424 109", "TaxMap": "43003", "EDesigNum": null, "APPBBL": 0.0, "APPDate": null, "PLUTOMapID": "1", "FIRM07_FLA": null, "PFIRM15_FL": null, "Version": "25v4", "DCPEdited": null, "Latitude": 40.7374798, "Longitude": -73.8301415, "Notes": null, "Shape_Leng": 0.0, "Shape_Area": 2785.3758164000001 }, "geometry": { "type": "MultiPolygon", "coordinates": [ [ [ [ -73.83000172335629, 40.737583016236655 ], [ -73.83019624986072, 40.737338720867307 ], [ -73.830278875062504, 40.737376842450267 ], [ -73.830084531699043, 40.737620905902624 ], [ -73.83000172335629, 40.737583016236655 ] ] ] ] } },
{ "type": "Feature", "properties": { "Borough": "QN", "Block": 6501, "Lot": 47, "CD": 407, "BCT2020": "4080302", "BCTCB2020": "40803022007", "CT2010": "803.02", "CB2010": "2007", "SchoolDist": "25", "Council": 20, "ZipCode": 11367, "FireComp": "E299", "PolicePrct": 109, "HealthCent": 43, "HealthArea": 2012, "Sanitboro": "4", "SanitDistr": "07", "SanitSub": "2C", "Address": "136-10 64 ROAD", "ZoneDist1": "R3-1", "ZoneDist2": null, "ZoneDist3": null, "ZoneDist4": null, "Overlay1": null, "Overlay2": null, "SPDist1": null, "SPDist2": null, "SPDist3": null, "LtdHeight": null, "SplitZone": "N", "BldgClass": "A5", "LandUse": "01", "Easements": 0, "OwnerType": null, "OwnerName": "MOORE, SHERRIE ANN", "LotArea": 2500, "BldgArea": 1216, "ComArea": 0, "ResArea": 1216, "OfficeArea": 0, "RetailArea": 0, "GarageArea": 0, "StrgeArea": 0, "FactryArea": 0, "OtherArea": 0, "AreaSource": "2", "NumBldgs": 1, "NumFloors": 2.0, "UnitsRes": 1, "UnitsTotal": 1, "LotFront": 25.0, "LotDepth": 100.0, "BldgFront": 16.0, "BldgDepth": 38.0, "Ext": "N", "ProxCode": "2", "IrrLotCode": "N", "LotType": "5", "BsmtCode": "2", "AssessLand": 10140.0, "AssessTot": 50040.0, "ExemptTot": 15820.0, "YearBuilt": 1950, "YearAlter1": 0, "YearAlter2": 0, "HistDist": null, "Landmark": null, "BuiltFAR": 0.49, "ResidFAR": 0.75, "CommFAR": 0.0, "FacilFAR": 1.0, "BoroCode": 4, "BBL": 4065010047.0, "CondoNo": 0, "Tract2010": "080302", "XCoord": 1031343, "YCoord": 207993, "ZoneMap": "14a", "ZMCode": null, "Sanborn": "424 109", "TaxMap": "43003", "EDesigNum": null, "APPBBL": 0.0, "APPDate": null, "PLUTOMapID": "1", "FIRM07_FLA": null, "PFIRM15_FL": null, "Version": "25v4", "DCPEdited": null, "Latitude": 40.737444, "Longitude": -73.8300658, "Notes": null, "Shape_Leng": 0.0, "Shape_Area": 2395.9319946000001 }, "geometry": { "type": "MultiPolygon", "coordinates": [ [ [ [ -73.829930555709765, 40.737550452212894 ], [ -73.830125240276871, 40.737305958167561 ], [ -73.83019624986072, 40.737338720867307 ], [ -73.83000172335629, 40.737583016236655 ], [ -73.829930555709765, 40.737550452212894 ] ] ] ] } },
{ "type": "Feature", "properties": { "Borough": "QN", "Block": 6501, "Lot": 48, "CD": 407, "BCT2020": "4080302", "BCTCB2020": "40803022007", "CT2010": "803.02", "CB2010": "2007", "SchoolDist": "25", "Council": 20, "ZipCode": 11367, "FireComp": "E299", "PolicePrct": 109, "HealthCent": 43, "HealthArea": 2012, "Sanitboro": "4", "SanitDistr": "07", "SanitSub": "2C", "Address": "136-12 64 ROAD", "ZoneDist1": "R3-1", "ZoneDist2": null, "ZoneDist3": null, "ZoneDist4": null, "Overlay1": null, "Overlay2": null, "SPDist1": null, "SPDist2": null, "SPDist3": null, "LtdHeight": null, "SplitZone": "N", "BldgClass": "A5", "LandUse": "01", "Easements": 0, "OwnerType": null, "OwnerName": "SINGH, AMRIT", "LotArea": 2500, "BldgArea": 1216, "ComArea": 0, "ResArea": 1216, "OfficeArea": 0, "RetailArea": 0, "GarageArea": 0, "StrgeArea": 0, "FactryArea": 0, "OtherArea": 0, "AreaSource": "2", "NumBldgs": 1, "NumFloors": 2.0, "UnitsRes": 1, "UnitsTotal": 1, "LotFront": 25.0, "LotDepth": 100.0, "BldgFront": 16.0, "BldgDepth": 38.0, "Ext": "N", "ProxCode": "2", "IrrLotCode": "N", "LotType": "5", "BsmtCode": "2", "AssessLand": 10140.0, "AssessTot": 50040.0, "ExemptTot": 0.0, "YearBuilt": 1950, "YearAlter1": 0, "YearAlter2": 0, "HistDist": null, "Landmark": null, "BuiltFAR": 0.49, "ResidFAR": 0.75, "CommFAR": 0.0, "FacilFAR": 1.0, "BoroCode": 4, "BBL": 4065010048.0, "CondoNo": 0, "Tract2010": "080302", "XCoord": 1031365, "YCoord": 207980, "ZoneMap": "14a", "ZMCode": null, "Sanborn": "424 109", "TaxMap": "43003", "EDesigNum": null, "APPBBL": 0.0, "APPDate": null, "PLUTOMapID": "1", "FIRM07_FLA": null, "PFIRM15_FL": null, "Version": "25v4", "DCPEdited": null, "Latitude": 40.7374082, "Longitude": -73.8299865, "Notes": null, "Shape_Leng": 0.0, "Shape_Area": 2789.646723 }, "geometry": { "type": "MultiPolygon", "coordinates": [ [ [ [ -73.829930555709765, 40.737550452212894 ], [ -73.829847765228337, 40.737512570660257 ], [ -73.830042635355866, 40.73726784553957 ], [ -73.830125240276871, 40.737305958167561 ], [ -73.829930555709765, 40.737550452212894 ] ] ] ] } },
{ "type": "Feature", "properties": { "Borough": "QN", "Block": 6501, "Lot": 50, "CD": 407, "BCT2020": "4080302", "BCTCB2020": "40803022007", "CT2010": "803.02", "CB2010": "2007", "SchoolDist": "25", "Council": 20, "ZipCode": 11367, "FireComp": "E299", "PolicePrct": 109, "HealthCent": 43, "HealthArea": 2012, "Sanitboro": "4", "SanitDistr": "07", "SanitSub": "2C", "Address": "136-14 64 ROAD", "ZoneDist1": "R3-1", "ZoneDist2": null, "ZoneDist3": null, "ZoneDist4": null, "Overlay1": null, "Overlay2": null, "SPDist1": null, "SPDist2": null, "SPDist3": null, "LtdHeight": null, "SplitZone": "N", "BldgClass": "A5", "LandUse": "01", "Easements": 0, "OwnerType": null, "OwnerName": "ADDUCI  GIUSEPPE", "LotArea": 2500, "BldgArea": 1216, "ComArea": 0, "ResArea": 1216, "OfficeArea": 0, "RetailArea": 0, "GarageArea": 0, "StrgeArea": 0, "FactryArea": 0, "OtherArea": 0, "AreaSource": "2", "NumBldgs": 1, "NumFloors": 2.0, "UnitsRes": 1, "UnitsTotal": 1, "LotFront": 25.0, "LotDepth": 100.0, "BldgFront": 16.0, "BldgDepth": 38.0, "Ext": "N", "ProxCode": "2", "IrrLotCode": "N", "LotType": "5", "BsmtCode": "2", "AssessLand": 10140.0, "AssessTot": 50040.0, "ExemptTot": 1420.0, "YearBuilt": 1950, "YearAlter1": 0, "YearAlter2": 0, "HistDist": null, "Landmark": null, "BuiltFAR": 0.49, "ResidFAR": 0.75, "CommFAR": 0.0, "FacilFAR": 1.0, "BoroCode": 4, "BBL": 4065010050.0, "CondoNo": 0, "Tract2010": "080302", "XCoord": 1031387, "YCoord": 207967, "ZoneMap": "14a", "ZMCode": null, "Sanborn": "424 109", "TaxMap": "43003", "EDesigNum": null, "APPBBL": 0.0, "APPDate": null, "PLUTOMapID": "1", "FIRM07_FLA": null, "PFIRM15_FL": null, "Version": "25v4", "DCPEdited": null, "Latitude": 40.7373724, "Longitude": -73.8299072, "Notes": null, "Shape_Leng": 0.0, "Shape_Area": 2641.1105106999998 }, "geometry": { "type": "MultiPolygon", "coordinates": [ [ [ [ -73.829964499063436, 40.737231796243215 ], [ -73.830042635355866, 40.73726784553957 ], [ -73.829847765228337, 40.737512570660257 ], [ -73.829769455407501, 40.737476739749233 ], [ -73.829964499063436, 40.737231796243215 ] ] ] ] } },
{ "type": "Feature", "properties": { "Borough": "QN", "Block": 6501, "Lot": 51, "CD": 407, "BCT2020": "4080302", "BCTCB2020": "40803022007", "CT2010": "803.02", "CB2010": "2007", "SchoolDist": "25", "Council": 20, "ZipCode": 11367, "FireComp": "E299", "PolicePrct": 109, "HealthCent": 43, "HealthArea": 2012, "Sanitboro": "4", "SanitDistr": "07", "SanitSub": "2C", "Address": "136-18 64 ROAD", "ZoneDist1": "R3-1", "ZoneDist2": null, "ZoneDist3": null, "ZoneDist4": null, "Overlay1": null, "Overlay2": null, "SPDist1": null, "SPDist2": null, "SPDist3": null, "LtdHeight": null, "SplitZone": "N", "BldgClass": "A5", "LandUse": "01", "Easements": 0, "OwnerType": null, "OwnerName": "CHEN , HAIMING", "LotArea": 2500, "BldgArea": 1216, "ComArea": 0, "ResArea": 1216, "OfficeArea": 0, "RetailArea": 0, "GarageArea": 0, "StrgeArea": 0, "FactryArea": 0, "OtherArea": 0, "AreaSource": "2", "NumBldgs": 1, "NumFloors": 2.0, "UnitsRes": 1, "UnitsTotal": 1, "LotFront": 25.0, "LotDepth": 100.0, "BldgFront": 16.0, "BldgDepth": 38.0, "Ext": "N", "ProxCode": "2", "IrrLotCode": "N", "LotType": "5", "BsmtCode": "2", "AssessLand": 9300.0, "AssessTot": 52140.0, "ExemptTot": 0.0, "YearBuilt": 1950, "YearAlter1": 0, "YearAlter2": 0, "HistDist": null, "Landmark": null, "BuiltFAR": 0.49, "ResidFAR": 0.75, "CommFAR": 0.0, "FacilFAR": 1.0, "BoroCode": 4, "BBL": 4065010051.0, "CondoNo": 0, "Tract2010": "080302", "XCoord": 1031408, "YCoord": 207954, "ZoneMap": "14a", "ZMCode": null, "Sanborn": "424 109", "TaxMap": "43003", "EDesigNum": null, "APPBBL": 0.0, "APPDate": null, "PLUTOMapID": "1", "FIRM07_FLA": null, "PFIRM15_FL": null, "Version": "25v4", "DCPEdited": null, "Latitude": 40.7373366, "Longitude": -73.8298315, "Notes": null, "Shape_Leng": 0.0, "Shape_Area": 2605.7493674000002 }, "geometry": { "type": "MultiPolygon", "coordinates": [ [ [ [ -73.829887477905928, 40.737196260042609 ], [ -73.829964499063436, 40.737231796243215 ], [ -73.829769455407501, 40.737476739749233 ], [ -73.829692263038112, 40.737441419259909 ], [ -73.829887477905928, 40.737196260042609 ] ] ] ] } },
{ "type": "Feature", "properties": { "Borough": "QN", "Block": 6501, "Lot": 52, "CD": 407, "BCT2020": "4080302", "BCTCB2020": "40803022007", "CT2010": "803.02", "CB2010": "2007", "SchoolDist": "25", "Council": 20, "ZipCode": 11367, "FireComp": "E299", "PolicePrct": 109, "HealthCent": 43, "HealthArea": 2012, "Sanitboro": "4", "SanitDistr": "07", "SanitSub": "2C", "Address": "136-20 64 ROAD", "ZoneDist1": "R3-1", "ZoneDist2": null, "ZoneDist3": null, "ZoneDist4": null, "Overlay1": null, "Overlay2": null, "SPDist1": null, "SPDist2": null, "SPDist3": null, "LtdHeight": null, "SplitZone": "N", "BldgClass": "A5", "LandUse": "01", "Easements": 0, "OwnerType": null, "OwnerName": "ALEKSANDR FAZYLOV", "LotArea": 2500, "BldgArea": 1216, "ComArea": 0, "ResArea": 1216, "OfficeArea": 0, "RetailArea": 0, "GarageArea": 0, "StrgeArea": 0, "FactryArea": 0, "OtherArea": 0, "AreaSource": "2", "NumBldgs": 2, "NumFloors": 2.0, "UnitsRes": 1, "UnitsTotal": 1, "LotFront": 25.0, "LotDepth": 100.0, "BldgFront": 16.0, "BldgDepth": 38.0, "Ext": "G", "ProxCode": "2", "IrrLotCode": "N", "LotType": "5", "BsmtCode": "2", "AssessLand": 9300.0, "AssessTot": 52140.0, "ExemptTot": 1420.0, "YearBuilt": 1950, "YearAlter1": 0, "YearAlter2": 0, "HistDist": null, "Landmark": null, "BuiltFAR": 0.49, "ResidFAR": 0.75, "CommFAR": 0.0, "FacilFAR": 1.0, "BoroCode": 4, "BBL": 4065010052.0000005, "CondoNo": 0, "Tract2010": "080302", "XCoord": 1031430, "YCoord": 207941, "ZoneMap": "14a", "ZMCode": null, "Sanborn": "424 109", "TaxMap": "43003", "EDesigNum": null, "APPBBL": 0.0, "APPDate": null, "PLUTOMapID": "1", "FIRM07_FLA": null, "PFIRM15_FL": null, "Version": "25v4", "DCPEdited": null, "Latitude": 40.7373008, "Longitude": -73.8297522, "Notes": null, "Shape_Leng": 0.0, "Shape_Area": 2568.3872795000002 }, "geometry": { "type": "MultiPolygon", "coordinates": [ [ [ [ -73.829616243814527, 40.737406635295955 ], [ -73.829811627571786, 40.737161263958789 ], [ -73.829887477905928, 40.737196260042609 ], [ -73.829692263038112, 40.737441419259909 ], [ -73.829616243814527, 40.737406635295955 ] ] ] ] } },
{ "type": "Feature", "properties": { "Borough": "QN", "Block": 6501, "Lot": 53, "CD": 407, "BCT2020": "4080302", "BCTCB2020": "40803022007", "CT2010": "803.02", "CB2010": "2007", "SchoolDist": "25", "Council": 20, "ZipCode": 11367, "FireComp": "E299", "PolicePrct": 109, "HealthCent": 43, "HealthArea": 2012, "Sanitboro": "4", "SanitDistr": "07", "SanitSub": "2C", "Address": "136-22 64 ROAD", "ZoneDist1": "R3-1", "ZoneDist2": null, "ZoneDist3": null, "ZoneDist4": null, "Overlay1": null, "Overlay2": null, "SPDist1": null, "SPDist2": null, "SPDist3": null, "LtdHeight": null, "SplitZone": "N", "BldgClass": "A5", "LandUse": "01", "Easements": 0, "OwnerType": null, "OwnerName": "ZHENG, YU", "LotArea": 2500, "BldgArea": 1216, "ComArea": 0, "ResArea": 1216, "OfficeArea": 0, "RetailArea": 0, "GarageArea": 0, "StrgeArea": 0, "FactryArea": 0, "OtherArea": 0, "AreaSource": "2", "NumBldgs": 1, "NumFloors": 2.0, "UnitsRes": 1, "UnitsTotal": 1, "LotFront": 25.0, "LotDepth": 100.0, "BldgFront": 16.0, "BldgDepth": 38.0, "Ext": "N", "ProxCode": "2", "IrrLotCode": "N", "LotType": "5", "BsmtCode": "2", "AssessLand": 9300.0, "AssessTot": 52140.0, "ExemptTot": 0.0, "YearBuilt": 1950, "YearAlter1": 2023, "YearAlter2": 0, "HistDist": null, "Landmark": null, "BuiltFAR": 0.49, "ResidFAR": 0.75, "CommFAR": 0.0, "FacilFAR": 1.0, "BoroCode": 4, "BBL": 4065010053.0000005, "CondoNo": 0, "Tract2010": "080302", "XCoord": 1031451, "YCoord": 207928, "ZoneMap": "14a", "ZMCode": null, "Sanborn": "424 109", "TaxMap": "43003", "EDesigNum": null, "APPBBL": 0.0, "APPDate": null, "PLUTOMapID": "1", "FIRM07_FLA": null, "PFIRM15_FL": null, "Version": "25v4", "DCPEdited": null, "Latitude": 40.737265, "Longitude": -73.8296765, "Notes": null, "Shape_Leng": 0.0, "Shape_Area": 2635.54723 }, "geometry": { "type": "MultiPolygon", "coordinates": [ [ [ [ -73.8295383043546, 40.737370973266323 ], [ -73.82973386284803, 40.737125384299532 ], [ -73.829811627571786, 40.737161263958789 ], [ -73.829616243814527, 40.737406635295955 ], [ -73.8295383043546, 40.737370973266323 ] ] ] ] } },
{ "type": "Feature", "properties": { "Borough": "QN", "Block": 6501, "Lot": 54, "CD": 407, "BCT2020": "4080302", "BCTCB2020": "40803022007", "CT2010": "803.02", "CB2010": "2007", "SchoolDist": "25", "Council": 20, "ZipCode": 11367, "FireComp": "E299", "PolicePrct": 109, "HealthCent": 43, "HealthArea": 2012, "Sanitboro": "4", "SanitDistr": "07", "SanitSub": "2C", "Address": "136-24 64 ROAD", "ZoneDist1": "R3-1", "ZoneDist2": null, "ZoneDist3": null, "ZoneDist4": null, "Overlay1": null, "Overlay2": null, "SPDist1": null, "SPDist2": null, "SPDist3": null, "LtdHeight": null, "SplitZone": "N", "BldgClass": "A5", "LandUse": "01", "Easements": 0, "OwnerType": null, "OwnerName": "ABDALE, JEFFREY", "LotArea": 2500, "BldgArea": 1216, "ComArea": 0, "ResArea": 1216, "OfficeArea": 0, "RetailArea": 0, "GarageArea": 0, "StrgeArea": 0, "FactryArea": 0, "OtherArea": 0, "AreaSource": "2", "NumBldgs": 1, "NumFloors": 2.0, "UnitsRes": 1, "UnitsTotal": 1, "LotFront": 25.0, "LotDepth": 100.0, "BldgFront": 16.0, "BldgDepth": 38.0, "Ext": "N", "ProxCode": "2", "IrrLotCode": "N", "LotType": "5", "BsmtCode": "2", "AssessLand": 9300.0, "AssessTot": 52140.0, "ExemptTot": 1420.0, "YearBuilt": 1950, "YearAlter1": 0, "YearAlter2": 0, "HistDist": null, "Landmark": null, "BuiltFAR": 0.49, "ResidFAR": 0.75, "CommFAR": 0.0, "FacilFAR": 1.0, "BoroCode": 4, "BBL": 4065010053.9999995, "CondoNo": 0, "Tract2010": "080302", "XCoord": 1031473, "YCoord": 207915, "ZoneMap": "14a", "ZMCode": null, "Sanborn": "424 109", "TaxMap": "43003", "EDesigNum": null, "APPBBL": 0.0, "APPDate": null, "PLUTOMapID": "1", "FIRM07_FLA": null, "PFIRM15_FL": null, "Version": "25v4", "DCPEdited": null, "Latitude": 40.7372292, "Longitude": -73.8295973, "Notes": null, "Shape_Leng": 0.0, "Shape_Area": 2806.7271903000001 }, "geometry": { "type": "MultiPolygon", "coordinates": [ [ [ [ -73.829455409246506, 40.737332976827958 ], [ -73.829651114018631, 40.737087206339233 ], [ -73.82973386284803, 40.737125384299532 ], [ -73.8295383043546, 40.737370973266323 ], [ -73.829455409246506, 40.737332976827958 ] ] ] ] } },
{ "type": "Feature", "properties": { "Borough": "QN", "Block": 6501, "Lot": 56, "CD": 407, "BCT2020": "4080302", "BCTCB2020": "40803022007", "CT2010": "803.02", "CB2010": "2007", "SchoolDist": "25", "Council": 20, "ZipCode": 11367, "FireComp": "E299", "PolicePrct": 109, "HealthCent": 43, "HealthArea": 2012, "Sanitboro": "4", "SanitDistr": "07", "SanitSub": "2C", "Address": "136-28 64 ROAD", "ZoneDist1": "R3-1", "ZoneDist2": null, "ZoneDist3": null, "ZoneDist4": null, "Overlay1": null, "Overlay2": null, "SPDist1": null, "SPDist2": null, "SPDist3": null, "LtdHeight": null, "SplitZone": "N", "BldgClass": "A5", "LandUse": "01", "Easements": 0, "OwnerType": null, "OwnerName": "GARRIDO, SANDRA", "LotArea": 3100, "BldgArea": 1216, "ComArea": 0, "ResArea": 1216, "OfficeArea": 0, "RetailArea": 0, "GarageArea": 0, "StrgeArea": 0, "FactryArea": 0, "OtherArea": 0, "AreaSource": "2", "NumBldgs": 1, "NumFloors": 2.0, "UnitsRes": 1, "UnitsTotal": 1, "LotFront": 24.08, "LotDepth": 102.58, "BldgFront": 16.0, "BldgDepth": 38.0, "Ext": "N", "ProxCode": "2", "IrrLotCode": "Y", "LotType": "5", "BsmtCode": "2", "AssessLand": 9840.0, "AssessTot": 50760.0, "ExemptTot": 1420.0, "YearBuilt": 1950, "YearAlter1": 2023, "YearAlter2": 0, "HistDist": null, "Landmark": null, "BuiltFAR": 0.39, "ResidFAR": 0.75, "CommFAR": 0.0, "FacilFAR": 1.0, "BoroCode": 4, "BBL": 4065010056.0, "CondoNo": 0, "Tract2010": "080302", "XCoord": 1031496, "YCoord": 207896, "ZoneMap": "14a", "ZMCode": null, "Sanborn": "424 109", "TaxMap": "43003", "EDesigNum": null, "APPBBL": 0.0, "APPDate": null, "PLUTOMapID": "1", "FIRM07_FLA": null, "PFIRM15_FL": null, "Version": "25v4", "DCPEdited": null, "Latitude": 40.7371769, "Longitude": -73.8295144, "Notes": null, "Shape_Leng": 0.0, "Shape_Area": 3214.9321008000002 }, "geometry": { "type": "MultiPolygon", "coordinates": [ [ [ [ -73.829529503205762, 40.737031096557516 ], [ -73.829651114018631, 40.737087206339233 ], [ -73.829455409246506, 40.737332976827958 ], [ -73.82943228839197, 40.737322261645893 ], [ -73.829414396719116, 40.737314732047842 ], [ -73.829386572825086, 40.737304244886204 ], [ -73.829529503205762, 40.737031096557516 ] ] ] ] } },
{ "type": "Feature", "properties": { "Borough": "QN", "Block": 6501, "Lot": 57, "CD": 407, "BCT2020": "4080302", "BCTCB2020": "40803022007", "CT2010": "803.02", "CB2010": "2007", "SchoolDist": "25", "Council": 20, "ZipCode": 11367, "FireComp": "E299", "PolicePrct": 109, "HealthCent": 43, "HealthArea": 2012, "Sanitboro": "4", "SanitDistr": "07", "SanitSub": "2C", "Address": "136-30 64 ROAD", "ZoneDist1": "R3-1", "ZoneDist2": null, "ZoneDist3": null, "ZoneDist4": null, "Overlay1": null, "Overlay2": null, "SPDist1": null, "SPDist2": null, "SPDist3": null, "LtdHeight": null, "SplitZone": "N", "BldgClass": "A5", "LandUse": "01", "Easements": 0, "OwnerType": null, "OwnerName": "GAROFALO, LEON B", "LotArea": 3939, "BldgArea": 1216, "ComArea": 0, "ResArea": 1216, "OfficeArea": 0, "RetailArea": 0, "GarageArea": 0, "StrgeArea": 0, "FactryArea": 0, "OtherArea": 0, "AreaSource": "2", "NumBldgs": 2, "NumFloors": 2.0, "UnitsRes": 1, "UnitsTotal": 1, "LotFront": 24.08, "LotDepth": 102.58, "BldgFront": 16.0, "BldgDepth": 38.0, "Ext": "G", "ProxCode": "2", "IrrLotCode": "Y", "LotType": "5", "BsmtCode": "2", "AssessLand": 10860.0, "AssessTot": 53040.0, "ExemptTot": 0.0, "YearBuilt": 1950, "YearAlter1": 0, "YearAlter2": 0, "HistDist": null, "Landmark": null, "BuiltFAR": 0.31, "ResidFAR": 0.75, "CommFAR": 0.0, "FacilFAR": 1.0, "BoroCode": 4, "BBL": 4065010057.0, "CondoNo": 0, "Tract2010": "080302", "XCoord": 1031524, "YCoord": 207882, "ZoneMap": "14a", "ZMCode": null, "Sanborn": "424 109", "TaxMap": "43003", "EDesigNum": null, "APPBBL": 0.0, "APPDate": null, "PLUTOMapID": "1", "FIRM07_FLA": null, "PFIRM15_FL": null, "Version": "25v4", "DCPEdited": null, "Latitude": 40.7371383, "Longitude": -73.8294135, "Notes": null, "Shape_Leng": 0.0, "Shape_Area": 3350.6397038 }, "geometry": { "type": "MultiPolygon", "coordinates": [ [ [ [ -73.82934990379475, 40.737292528932173 ], [ -73.829307998245071, 40.737281831795109 ], [ -73.829396692575372, 40.736999223420689 ], [ -73.829480403212884, 40.737008441796419 ], [ -73.829529503205762, 40.737031096557516 ], [ -73.829386572825086, 40.737304244886204 ], [ -73.82934990379475, 40.737292528932173 ] ] ] ] } },
{ "type": "Feature", "properties": { "Borough": "QN", "Block": 6501, "Lot": 59, "CD": 407, "BCT2020": "4080302", "BCTCB2020": "40803022007", "CT2010": "803.02", "CB2010": "2007", "SchoolDist": "25", "Council": 20, "ZipCode": 11367, "FireComp": "E299", "PolicePrct": 109, "HealthCent": 43, "HealthArea": 2012, "Sanitboro": "4", "SanitDistr": "07", "SanitSub": "2C", "Address": "137-02 64 ROAD", "ZoneDist1": "R3-1", "ZoneDist2": null, "ZoneDist3": null, "ZoneDist4": null, "Overlay1": null, "Overlay2": null, "SPDist1": null, "SPDist2": null, "SPDist3": null, "LtdHeight": null, "SplitZone": "N", "BldgClass": "A5", "LandUse": "01", "Easements": 0, "OwnerType": null, "OwnerName": "YOUNG, AMY", "LotArea": 3131, "BldgArea": 1216, "ComArea": 0, "ResArea": 1216, "OfficeArea": 0, "RetailArea": 0, "GarageArea": 0, "StrgeArea": 0, "FactryArea": 0, "OtherArea": 0, "AreaSource": "2", "NumBldgs": 2, "NumFloors": 2.0, "UnitsRes": 1, "UnitsTotal": 1, "LotFront": 24.08, "LotDepth": 101.25, "BldgFront": 16.0, "BldgDepth": 38.0, "Ext": "G", "ProxCode": "2", "IrrLotCode": "Y", "LotType": "5", "BsmtCode": "2", "AssessLand": 9900.0, "AssessTot": 50640.0, "ExemptTot": 0.0, "YearBuilt": 1950, "YearAlter1": 0, "YearAlter2": 0, "HistDist": null, "Landmark": null, "BuiltFAR": 0.39, "ResidFAR": 0.75, "CommFAR": 0.0, "FacilFAR": 1.0, "BoroCode": 4, "BBL": 4065010059.0, "CondoNo": 0, "Tract2010": "080302", "XCoord": 1031556, "YCoord": 207876, "ZoneMap": "14a", "ZMCode": null, "Sanborn": "424 109", "TaxMap": "43003", "EDesigNum": null, "APPBBL": 0.0, "APPDate": null, "PLUTOMapID": "1", "FIRM07_FLA": null, "PFIRM15_FL": null, "Version": "25v4", "DCPEdited": null, "Latitude": 40.7371217, "Longitude": -73.829298, "Notes": null, "Shape_Leng": 0.0, "Shape_Area": 3368.1548628 }, "geometry": { "type": "MultiPolygon", "coordinates": [ [ [ [ -73.829218713010064, 40.737267746783445 ], [ -73.829256366423095, 40.736985105165381 ], [ -73.8292698989043, 40.736985261193816 ], [ -73.829396692575372, 40.736999223420689 ], [ -73.829307998245071, 40.737281831795109 ], [ -73.829267091721135, 40.737273963675307 ], [ -73.829218713010064, 40.737267746783445 ] ] ] ] } },
{ "type": "Feature", "properties": { "Borough": "QN", "Block": 6501, "Lot": 60, "CD": 407, "BCT2020": "4080302", "BCTCB2020": "40803022007", "CT2010": "803.02", "CB2010": "2007", "SchoolDist": "25", "Council": 20, "ZipCode": 11367, "FireComp": "E299", "PolicePrct": 109, "HealthCent": 43, "HealthArea": 2012, "Sanitboro": "4", "SanitDistr": "07", "SanitSub": "2C", "Address": "137-04 64 ROAD", "ZoneDist1": "R3-1", "ZoneDist2": null, "ZoneDist3": null, "ZoneDist4": null, "Overlay1": null, "Overlay2": null, "SPDist1": null, "SPDist2": null, "SPDist3": null, "LtdHeight": null, "SplitZone": "N", "BldgClass": "B3", "LandUse": "01", "Easements": 0, "OwnerType": null, "OwnerName": "SAN PASCUAL, BERNARD", "LotArea": 3069, "BldgArea": 1296, "ComArea": 0, "ResArea": 1296, "OfficeArea": 0, "RetailArea": 0, "GarageArea": 0, "StrgeArea": 0, "FactryArea": 0, "OtherArea": 0, "AreaSource": "2", "NumBldgs": 1, "NumFloors": 2.0, "UnitsRes": 2, "UnitsTotal": 2, "LotFront": 24.08, "LotDepth": 99.25, "BldgFront": 16.0, "BldgDepth": 38.0, "Ext": "N", "ProxCode": "2", "IrrLotCode": "Y", "LotType": "5", "BsmtCode": "2", "AssessLand": 10500.0, "AssessTot": 56640.0, "ExemptTot": 1420.0, "YearBuilt": 1950, "YearAlter1": 0, "YearAlter2": 0, "HistDist": null, "Landmark": null, "BuiltFAR": 0.42, "ResidFAR": 0.75, "CommFAR": 0.0, "FacilFAR": 1.0, "BoroCode": 4, "BBL": 4065010060.0, "CondoNo": 0, "Tract2010": "080302", "XCoord": 1031589, "YCoord": 207873, "ZoneMap": "14a", "ZMCode": null, "Sanborn": "424 109", "TaxMap": "43003", "EDesigNum": null, "APPBBL": 0.0, "APPDate": null, "PLUTOMapID": "1", "FIRM07_FLA": null, "PFIRM15_FL": null, "Version": "25v4", "DCPEdited": null, "Latitude": 40.7371133, "Longitude": -73.829179, "Notes": null, "Shape_Leng": 0.0, "Shape_Area": 3368.1440701000001 }, "geometry": { "type": "MultiPolygon", "coordinates": [ [ [ [ -73.829112151393289, 40.736983353908037 ], [ -73.829256366423095, 40.736985105165381 ], [ -73.829218713010064, 40.737267746783445 ], [ -73.82919582038258, 40.737265930756479 ], [ -73.829165508106556, 40.737264617801735 ], [ -73.82912600406992, 40.737264756417957 ], [ -73.829112151393289, 40.736983353908037 ] ] ] ] } },
{ "type": "Feature", "properties": { "Borough": "QN", "Block": 6501, "Lot": 61, "CD": 407, "BCT2020": "4080302", "BCTCB2020": "40803022007", "CT2010": "803.02", "CB2010": "2007", "SchoolDist": "25", "Council": 20, "ZipCode": 11367, "FireComp": "E299", "PolicePrct": 109, "HealthCent": 43, "HealthArea": 2012, "Sanitboro": "4", "SanitDistr": "07", "SanitSub": "2C", "Address": "137-08 64 ROAD", "ZoneDist1": "R3-1", "ZoneDist2": null, "ZoneDist3": null, "ZoneDist4": null, "Overlay1": null, "Overlay2": null, "SPDist1": null, "SPDist2": null, "SPDist3": null, "LtdHeight": null, "SplitZone": "N", "BldgClass": "A5", "LandUse": "01", "Easements": 0, "OwnerType": null, "OwnerName": "ZANCA, JANE E", "LotArea": 2600, "BldgArea": 1424, "ComArea": 0, "ResArea": 1424, "OfficeArea": 0, "RetailArea": 0, "GarageArea": 0, "StrgeArea": 0, "FactryArea": 0, "OtherArea": 0, "AreaSource": "2", "NumBldgs": 1, "NumFloors": 2.0, "UnitsRes": 1, "UnitsTotal": 1, "LotFront": 23.75, "LotDepth": 100.0, "BldgFront": 16.0, "BldgDepth": 38.0, "Ext": "E", "ProxCode": "2", "IrrLotCode": "Y", "LotType": "5", "BsmtCode": "2", "AssessLand": 9060.0, "AssessTot": 59760.0, "ExemptTot": 1420.0, "YearBuilt": 1950, "YearAlter1": 0, "YearAlter2": 0, "HistDist": null, "Landmark": null, "BuiltFAR": 0.55, "ResidFAR": 0.75, "CommFAR": 0.0, "FacilFAR": 1.0, "BoroCode": 4, "BBL": 4065010061.0, "CondoNo": 0, "Tract2010": "080302", "XCoord": 1031618, "YCoord": 207875, "ZoneMap": "14a", "ZMCode": null, "Sanborn": "424 109", "TaxMap": "43003", "EDesigNum": null, "APPBBL": 0.0, "APPDate": null, "PLUTOMapID": "1", "FIRM07_FLA": null, "PFIRM15_FL": null, "Version": "25v4", "DCPEdited": null, "Latitude": 40.7371186, "Longitude": -73.8290743, "Notes": null, "Shape_Leng": 0.0, "Shape_Area": 2594.597512 }, "geometry": { "type": "MultiPolygon", "coordinates": [ [ [ [ -73.829112151393289, 40.736983353908037 ], [ -73.82912600406992, 40.737264756417957 ], [ -73.829094873106044, 40.737266511140461 ], [ -73.82904815485324, 40.737269731350111 ], [ -73.829008978460564, 40.736987349271004 ], [ -73.829084147775333, 40.736983013314315 ], [ -73.829112151393289, 40.736983353908037 ] ] ] ] } },
{ "type": "Feature", "properties": { "Borough": "QN", "Block": 6501, "Lot": 63, "CD": 407, "BCT2020": "4080302", "BCTCB2020": "40803022007", "CT2010": "803.02", "CB2010": "2007", "SchoolDist": "25", "Council": 20, "ZipCode": 11367, "FireComp": "E299", "PolicePrct": 109, "HealthCent": 43, "HealthArea": 2012, "Sanitboro": "4", "SanitDistr": "07", "SanitSub": "2C", "Address": "137-10 64 ROAD", "ZoneDist1": "R3-1", "ZoneDist2": null, "ZoneDist3": null, "ZoneDist4": null, "Overlay1": null, "Overlay2": null, "SPDist1": null, "SPDist2": null, "SPDist3": null, "LtdHeight": null, "SplitZone": "N", "BldgClass": "A5", "LandUse": "01", "Easements": 0, "OwnerType": null, "OwnerName": "YU, KA CHUN", "LotArea": 2500, "BldgArea": 1216, "ComArea": 0, "ResArea": 1216, "OfficeArea": 0, "RetailArea": 0, "GarageArea": 0, "StrgeArea": 0, "FactryArea": 0, "OtherArea": 0, "AreaSource": "2", "NumBldgs": 1, "NumFloors": 2.0, "UnitsRes": 1, "UnitsTotal": 1, "LotFront": 25.0, "LotDepth": 100.0, "BldgFront": 16.0, "BldgDepth": 38.0, "Ext": "N", "ProxCode": "2", "IrrLotCode": "N", "LotType": "5", "BsmtCode": "2", "AssessLand": 9300.0, "AssessTot": 52140.0, "ExemptTot": 0.0, "YearBuilt": 1950, "YearAlter1": 0, "YearAlter2": 0, "HistDist": null, "Landmark": null, "BuiltFAR": 0.49, "ResidFAR": 0.75, "CommFAR": 0.0, "FacilFAR": 1.0, "BoroCode": 4, "BBL": 4065010063.0000005, "CondoNo": 0, "Tract2010": "080302", "XCoord": 1031643, "YCoord": 207880, "ZoneMap": "14a", "ZMCode": null, "Sanborn": "424 109", "TaxMap": "43003", "EDesigNum": null, "APPBBL": 0.0, "APPDate": null, "PLUTOMapID": "1", "FIRM07_FLA": null, "PFIRM15_FL": null, "Version": "25v4", "DCPEdited": null, "Latitude": 40.7371322, "Longitude": -73.8289841, "Notes": null, "Shape_Leng": 0.0, "Shape_Area": 2751.6803368000001 }, "geometry": { "type": "MultiPolygon", "coordinates": [ [ [ [ -73.829008978460564, 40.736987349271004 ], [ -73.82904815485324, 40.737269731350111 ], [ -73.828952737560542, 40.737276311828069 ], [ -73.828913412757302, 40.73699285973202 ], [ -73.829008978460564, 40.736987349271004 ] ] ] ] } },
{ "type": "Feature", "properties": { "Borough": "QN", "Block": 6501, "Lot": 64, "CD": 407, "BCT2020": "4080302", "BCTCB2020": "40803022007", "CT2010": "803.02", "CB2010": "2007", "SchoolDist": "25", "Council": 20, "ZipCode": 11367, "FireComp": "E299", "PolicePrct": 109, "HealthCent": 43, "HealthArea": 2012, "Sanitboro": "4", "SanitDistr": "07", "SanitSub": "2C", "Address": "137-12 64 ROAD", "ZoneDist1": "R3-1", "ZoneDist2": null, "ZoneDist3": null, "ZoneDist4": null, "Overlay1": null, "Overlay2": null, "SPDist1": null, "SPDist2": null, "SPDist3": null, "LtdHeight": null, "SplitZone": "N", "BldgClass": "A5", "LandUse": "01", "Easements": 0, "OwnerType": null, "OwnerName": "MOLINA, CARLOS", "LotArea": 2500, "BldgArea": 1216, "ComArea": 0, "ResArea": 1216, "OfficeArea": 0, "RetailArea": 0, "GarageArea": 0, "StrgeArea": 0, "FactryArea": 0, "OtherArea": 0, "AreaSource": "2", "NumBldgs": 1, "NumFloors": 2.0, "UnitsRes": 1, "UnitsTotal": 1, "LotFront": 25.0, "LotDepth": 100.0, "BldgFront": 16.0, "BldgDepth": 38.0, "Ext": "N", "ProxCode": "2", "IrrLotCode": "N", "LotType": "5", "BsmtCode": "2", "AssessLand": 9300.0, "AssessTot": 52140.0, "ExemptTot": 1420.0, "YearBuilt": 1950, "YearAlter1": 0, "YearAlter2": 0, "HistDist": null, "Landmark": null, "BuiltFAR": 0.49, "ResidFAR": 0.75, "CommFAR": 0.0, "FacilFAR": 1.0, "BoroCode": 4, "BBL": 4065010063.9999995, "CondoNo": 0, "Tract2010": "080302", "XCoord": 1031668, "YCoord": 207882, "ZoneMap": "14a", "ZMCode": null, "Sanborn": "424 109", "TaxMap": "43003", "EDesigNum": null, "APPBBL": 0.0, "APPDate": null, "PLUTOMapID": "1", "FIRM07_FLA": null, "PFIRM15_FL": null, "Version": "25v4", "DCPEdited": null, "Latitude": 40.7371376, "Longitude": -73.8288938, "Notes": null, "Shape_Leng": 0.0, "Shape_Area": 2456.5756485000002 }, "geometry": { "type": "MultiPolygon", "coordinates": [ [ [ [ -73.828828400314904, 40.736997762625741 ], [ -73.828913412757302, 40.73699285973202 ], [ -73.828952737560542, 40.737276311828069 ], [ -73.828867854963562, 40.737282164071502 ], [ -73.828828400314904, 40.736997762625741 ] ] ] ] } },
{ "type": "Feature", "properties": { "Borough": "QN", "Block": 6501, "Lot": 65, "CD": 407, "BCT2020": "4080302", "BCTCB2020": "40803022007", "CT2010": "803.02", "CB2010": "2007", "SchoolDist": "25", "Council": 20, "ZipCode": 11367, "FireComp": "E299", "PolicePrct": 109, "HealthCent": 43, "HealthArea": 2012, "Sanitboro": "4", "SanitDistr": "07", "SanitSub": "2C", "Address": "137-14 64 ROAD", "ZoneDist1": "R3-1", "ZoneDist2": null, "ZoneDist3": null, "ZoneDist4": null, "Overlay1": null, "Overlay2": null, "SPDist1": null, "SPDist2": null, "SPDist3": null, "LtdHeight": null, "SplitZone": "N", "BldgClass": "A5", "LandUse": "01", "Easements": 0, "OwnerType": null, "OwnerName": "PRASAD, EKAMBARAM", "LotArea": 2500, "BldgArea": 1216, "ComArea": 0, "ResArea": 1216, "OfficeArea": 0, "RetailArea": 0, "GarageArea": 0, "StrgeArea": 0, "FactryArea": 0, "OtherArea": 0, "AreaSource": "2", "NumBldgs": 1, "NumFloors": 2.0, "UnitsRes": 1, "UnitsTotal": 1, "LotFront": 25.0, "LotDepth": 100.0, "BldgFront": 16.0, "BldgDepth": 38.0, "Ext": "N", "ProxCode": "2", "IrrLotCode": "N", "LotType": "5", "BsmtCode": "2", "AssessLand": 10140.0, "AssessTot": 50040.0, "ExemptTot": 0.0, "YearBuilt": 1950, "YearAlter1": 0, "YearAlter2": 0, "HistDist": null, "Landmark": null, "BuiltFAR": 0.49, "ResidFAR": 0.75, "CommFAR": 0.0, "FacilFAR": 1.0, "BoroCode": 4, "BBL": 4065010064.9999995, "CondoNo": 0, "Tract2010": "080302", "XCoord": 1031693, "YCoord": 207884, "ZoneMap": "14a", "ZMCode": null, "Sanborn": "424 109", "TaxMap": "43003", "EDesigNum": null, "APPBBL": 0.0, "APPDate": null, "PLUTOMapID": "1", "FIRM07_FLA": null, "PFIRM15_FL": null, "Version": "25v4", "DCPEdited": null, "Latitude": 40.7371429, "Longitude": -73.8288036, "Notes": null, "Shape_Leng": 0.0, "Shape_Area": 2741.5335905000002 }, "geometry": { "type": "MultiPolygon", "coordinates": [ [ [ [ -73.828733859910471, 40.737003214141666 ], [ -73.828828400314904, 40.736997762625741 ], [ -73.828867854963562, 40.737282164071502 ], [ -73.828773460583065, 40.737288673053406 ], [ -73.828733859910471, 40.737003214141666 ] ] ] ] } },
{ "type": "Feature", "properties": { "Borough": "QN", "Block": 6501, "Lot": 66, "CD": 407, "BCT2020": "4080302", "BCTCB2020": "40803022007", "CT2010": "803.02", "CB2010": "2007", "SchoolDist": "25", "Council": 20, "ZipCode": 11367, "FireComp": "E299", "PolicePrct": 109, "HealthCent": 43, "HealthArea": 2012, "Sanitboro": "4", "SanitDistr": "07", "SanitSub": "2C", "Address": "137-18 64 ROAD", "ZoneDist1": "R3-1", "ZoneDist2": null, "ZoneDist3": null, "ZoneDist4": null, "Overlay1": null, "Overlay2": null, "SPDist1": null, "SPDist2": null, "SPDist3": null, "LtdHeight": null, "SplitZone": "N", "BldgClass": "A5", "LandUse": "01", "Easements": 0, "OwnerType": null, "OwnerName": "SINGH, MANDEEP", "LotArea": 2500, "BldgArea": 1216, "ComArea": 0, "ResArea": 1216, "OfficeArea": 0, "RetailArea": 0, "GarageArea": 0, "StrgeArea": 0, "FactryArea": 0, "OtherArea": 0, "AreaSource": "2", "NumBldgs": 1, "NumFloors": 2.0, "UnitsRes": 1, "UnitsTotal": 1, "LotFront": 25.0, "LotDepth": 100.0, "BldgFront": 16.0, "BldgDepth": 38.0, "Ext": "N", "ProxCode": "2", "IrrLotCode": "N", "LotType": "5", "BsmtCode": "2", "AssessLand": 9300.0, "AssessTot": 52140.0, "ExemptTot": 0.0, "YearBuilt": 1950, "YearAlter1": 0, "YearAlter2": 0, "HistDist": null, "Landmark": null, "BuiltFAR": 0.49, "ResidFAR": 0.75, "CommFAR": 0.0, "FacilFAR": 1.0, "BoroCode": 4, "BBL": 4065010066.0, "CondoNo": 0, "Tract2010": "080302", "XCoord": 1031718, "YCoord": 207886, "ZoneMap": "14a", "ZMCode": null, "Sanborn": "424 109", "TaxMap": "43003", "EDesigNum": null, "APPBBL": 0.0, "APPDate": null, "PLUTOMapID": "1", "FIRM07_FLA": null, "PFIRM15_FL": null, "Version": "25v4", "DCPEdited": null, "Latitude": 40.7371483, "Longitude": -73.8287134, "Notes": null, "Shape_Leng": 0.0, "Shape_Area": 2503.5663581 }, "geometry": { "type": "MultiPolygon", "coordinates": [ [ [ [ -73.828647830471681, 40.737008175708503 ], [ -73.828733859910471, 40.737003214141666 ], [ -73.828773460583065, 40.737288673053406 ], [ -73.828687564466506, 40.73729459660715 ], [ -73.828647830471681, 40.737008175708503 ] ] ] ] } },
{ "type": "Feature", "properties": { "Borough": "QN", "Block": 6501, "Lot": 67, "CD": 407, "BCT2020": "4080302", "BCTCB2020": "40803022007", "CT2010": "803.02", "CB2010": "2007", "SchoolDist": "25", "Council": 20, "ZipCode": 11367, "FireComp": "E299", "PolicePrct": 109, "HealthCent": 43, "HealthArea": 2012, "Sanitboro": "4", "SanitDistr": "07", "SanitSub": "2C", "Address": "137-20 64 ROAD", "ZoneDist1": "R3-1", "ZoneDist2": null, "ZoneDist3": null, "ZoneDist4": null, "Overlay1": null, "Overlay2": null, "SPDist1": null, "SPDist2": null, "SPDist3": null, "LtdHeight": null, "SplitZone": "N", "BldgClass": "A5", "LandUse": "01", "Easements": 0, "OwnerType": null, "OwnerName": "TERENCE J CLARKE", "LotArea": 2500, "BldgArea": 1216, "ComArea": 0, "ResArea": 1216, "OfficeArea": 0, "RetailArea": 0, "GarageArea": 0, "StrgeArea": 0, "FactryArea": 0, "OtherArea": 0, "AreaSource": "2", "NumBldgs": 1, "NumFloors": 2.0, "UnitsRes": 1, "UnitsTotal": 1, "LotFront": 25.0, "LotDepth": 100.0, "BldgFront": 16.0, "BldgDepth": 38.0, "Ext": "N", "ProxCode": "2", "IrrLotCode": "N", "LotType": "5", "BsmtCode": "2", "AssessLand": 9300.0, "AssessTot": 52140.0, "ExemptTot": 6960.0, "YearBuilt": 1950, "YearAlter1": 0, "YearAlter2": 0, "HistDist": null, "Landmark": null, "BuiltFAR": 0.49, "ResidFAR": 0.75, "CommFAR": 0.0, "FacilFAR": 1.0, "BoroCode": 4, "BBL": 4065010067.0, "CondoNo": 0, "Tract2010": "080302", "XCoord": 1031743, "YCoord": 207888, "ZoneMap": "14a", "ZMCode": null, "Sanborn": "424 109", "TaxMap": "43003", "EDesigNum": null, "APPBBL": 0.0, "APPDate": null, "PLUTOMapID": "1", "FIRM07_FLA": null, "PFIRM15_FL": null, "Version": "25v4", "DCPEdited": null, "Latitude": 40.7371536, "Longitude": -73.8286232, "Notes": null, "Shape_Leng": 0.0, "Shape_Area": 2800.1186784000001 }, "geometry": { "type": "MultiPolygon", "coordinates": [ [ [ [ -73.828551950868203, 40.737013705227952 ], [ -73.828647830471681, 40.737008175708503 ], [ -73.828687564466506, 40.73729459660715 ], [ -73.828591834469776, 40.737301197067751 ], [ -73.828551950868203, 40.737013705227952 ] ] ] ] } },
{ "type": "Feature", "properties": { "Borough": "QN", "Block": 6501, "Lot": 68, "CD": 407, "BCT2020": "4080302", "BCTCB2020": "40803022007", "CT2010": "803.02", "CB2010": "2007", "SchoolDist": "25", "Council": 20, "ZipCode": 11367, "FireComp": "E299", "PolicePrct": 109, "HealthCent": 43, "HealthArea": 2012, "Sanitboro": "4", "SanitDistr": "07", "SanitSub": "2C", "Address": "137-22 64 ROAD", "ZoneDist1": "R3-1", "ZoneDist2": null, "ZoneDist3": null, "ZoneDist4": null, "Overlay1": null, "Overlay2": null, "SPDist1": null, "SPDist2": null, "SPDist3": null, "LtdHeight": null, "SplitZone": "N", "BldgClass": "A5", "LandUse": "01", "Easements": 0, "OwnerType": null, "OwnerName": "MAROUTSIS SANDRA", "LotArea": 3400, "BldgArea": 1216, "ComArea": 0, "ResArea": 1216, "OfficeArea": 0, "RetailArea": 0, "GarageArea": 0, "StrgeArea": 0, "FactryArea": 0, "OtherArea": 0, "AreaSource": "2", "NumBldgs": 2, "NumFloors": 2.0, "UnitsRes": 1, "UnitsTotal": 1, "LotFront": 22.5, "LotDepth": 104.0, "BldgFront": 16.0, "BldgDepth": 38.0, "Ext": "G", "ProxCode": "2", "IrrLotCode": "Y", "LotType": "5", "BsmtCode": "2", "AssessLand": 10860.0, "AssessTot": 57540.0, "ExemptTot": 1420.0, "YearBuilt": 1950, "YearAlter1": 0, "YearAlter2": 0, "HistDist": null, "Landmark": null, "BuiltFAR": 0.36, "ResidFAR": 0.75, "CommFAR": 0.0, "FacilFAR": 1.0, "BoroCode": 4, "BBL": 4065010068.0, "CondoNo": 0, "Tract2010": "080302", "XCoord": 1031774, "YCoord": 207885, "ZoneMap": "14a", "ZMCode": null, "Sanborn": "424 109", "TaxMap": "43003", "EDesigNum": null, "APPBBL": 0.0, "APPDate": null, "PLUTOMapID": "1", "FIRM07_FLA": null, "PFIRM15_FL": null, "Version": "25v4", "DCPEdited": null, "Latitude": 40.7371452, "Longitude": -73.8285113, "Notes": null, "Shape_Leng": 0.0, "Shape_Area": 3491.1940083 }, "geometry": { "type": "MultiPolygon", "coordinates": [ [ [ [ -73.828515017841497, 40.737312447033915 ], [ -73.828394209380619, 40.737022802065695 ], [ -73.828551950868203, 40.737013705227952 ], [ -73.828591834469776, 40.737301197067751 ], [ -73.82857745955485, 40.737302188697591 ], [ -73.828536466766465, 40.737307648616337 ], [ -73.828515017841497, 40.737312447033915 ] ] ] ] } },
{ "type": "Feature", "properties": { "Borough": "QN", "Block": 6501, "Lot": 74, "CD": 407, "BCT2020": "4080302", "BCTCB2020": "40803022007", "CT2010": "803.02", "CB2010": "2007", "SchoolDist": "25", "Council": 20, "ZipCode": 11367, "FireComp": "E299", "PolicePrct": 109, "HealthCent": 43, "HealthArea": 2012, "Sanitboro": "4", "SanitDistr": "07", "SanitSub": "2C", "Address": "64-51 138 STREET", "ZoneDist1": "R3-1", "ZoneDist2": null, "ZoneDist3": null, "ZoneDist4": null, "Overlay1": null, "Overlay2": null, "SPDist1": null, "SPDist2": null, "SPDist3": null, "LtdHeight": null, "SplitZone": "N", "BldgClass": "A5", "LandUse": "01", "Easements": 0, "OwnerType": null, "OwnerName": "RANDHIR BILLING", "LotArea": 3267, "BldgArea": 1216, "ComArea": 0, "ResArea": 1216, "OfficeArea": 0, "RetailArea": 0, "GarageArea": 0, "StrgeArea": 0, "FactryArea": 0, "OtherArea": 0, "AreaSource": "2", "NumBldgs": 1, "NumFloors": 2.0, "UnitsRes": 1, "UnitsTotal": 1, "LotFront": 21.17, "LotDepth": 108.67, "BldgFront": 16.0, "BldgDepth": 38.0, "Ext": "N", "ProxCode": "2", "IrrLotCode": "Y", "LotType": "5", "BsmtCode": "2", "AssessLand": 10020.0, "AssessTot": 50400.0, "ExemptTot": 1420.0, "YearBuilt": 1950, "YearAlter1": 0, "YearAlter2": 0, "HistDist": null, "Landmark": null, "BuiltFAR": 0.37, "ResidFAR": 0.75, "CommFAR": 0.0, "FacilFAR": 1.0, "BoroCode": 4, "BBL": 4065010074.0000005, "CondoNo": 0, "Tract2010": "080302", "XCoord": 1031880, "YCoord": 207977, "ZoneMap": "14a", "ZMCode": null, "Sanborn": "424 109", "TaxMap": "43003", "EDesigNum": null, "APPBBL": 0.0, "APPDate": null, "PLUTOMapID": "1", "FIRM07_FLA": null, "PFIRM15_FL": null, "Version": "25v4", "DCPEdited": null, "Latitude": 40.7373972, "Longitude": -73.8281282, "Notes": null, "Shape_Leng": 0.0, "Shape_Area": 3692.2531104999998 }, "geometry": { "type": "MultiPolygon", "coordinates": [ [ [ [ -73.828324159622611, 40.737478385452391 ], [ -73.827959016956399, 40.737427146891278 ], [ -73.827979742464052, 40.737292686054111 ], [ -73.828348048106093, 40.73742413307405 ], [ -73.828333150482862, 40.737452015832368 ], [ -73.828324159622611, 40.737478385452391 ] ] ] ] } },
{ "type": "Feature", "properties": { "Borough": "QN", "Block": 6501, "Lot": 76, "CD": 407, "BCT2020": "4080302", "BCTCB2020": "40803022007", "CT2010": "803.02", "CB2010": "2007", "SchoolDist": "25", "Council": 20, "ZipCode": 11367, "FireComp": "E299", "PolicePrct": 109, "HealthCent": 43, "HealthArea": 2012, "Sanitboro": "4", "SanitDistr": "07", "SanitSub": "2C", "Address": "64-49 138 STREET", "ZoneDist1": "R3-1", "ZoneDist2": "R3X", "ZoneDist3": null, "ZoneDist4": null, "Overlay1": null, "Overlay2": null, "SPDist1": null, "SPDist2": null, "SPDist3": null, "LtdHeight": null, "SplitZone": "Y", "BldgClass": "A5", "LandUse": "01", "Easements": 0, "OwnerType": null, "OwnerName": "ARIAS-ANTIGONE, FRANCES", "LotArea": 3000, "BldgArea": 1216, "ComArea": 0, "ResArea": 1216, "OfficeArea": 0, "RetailArea": 0, "GarageArea": 0, "StrgeArea": 0, "FactryArea": 0, "OtherArea": 0, "AreaSource": "2", "NumBldgs": 2, "NumFloors": 2.0, "UnitsRes": 1, "UnitsTotal": 1, "LotFront": 21.5, "LotDepth": 100.0, "BldgFront": 16.0, "BldgDepth": 38.0, "Ext": "G", "ProxCode": "2", "IrrLotCode": "Y", "LotType": "5", "BsmtCode": "2", "AssessLand": 9480.0, "AssessTot": 50760.0, "ExemptTot": 1420.0, "YearBuilt": 1950, "YearAlter1": 0, "YearAlter2": 0, "HistDist": null, "Landmark": null, "BuiltFAR": 0.41, "ResidFAR": 0.75, "CommFAR": 0.0, "FacilFAR": 1.0, "BoroCode": 4, "BBL": 4065010075.9999995, "CondoNo": 0, "Tract2010": "080302", "XCoord": 1031883, "YCoord": 208012, "ZoneMap": "14a", "ZMCode": null, "Sanborn": "424 109", "TaxMap": "43003", "EDesigNum": null, "APPBBL": 0.0, "APPDate": null, "PLUTOMapID": "1", "FIRM07_FLA": null, "PFIRM15_FL": null, "Version": "25v4", "DCPEdited": null, "Latitude": 40.7374932, "Longitude": -73.8281171, "Notes": null, "Shape_Leng": 0.0, "Shape_Area": 3120.3293205 }, "geometry": { "type": "MultiPolygon", "coordinates": [ [ [ [ -73.827959016956399, 40.737427146891278 ], [ -73.828324159622611, 40.737478385452391 ], [ -73.828321731506946, 40.73748941311085 ], [ -73.828319765402981, 40.737503059190885 ], [ -73.828318928910321, 40.737516643875963 ], [ -73.828319463352187, 40.73753387501619 ], [ -73.827947448150269, 40.737537576102568 ], [ -73.827946857155723, 40.737506042140922 ], [ -73.827959016956399, 40.737427146891278 ] ] ] ] } },
{ "type": "Feature", "properties": { "Borough": "QN", "Block": 6501, "Lot": 78, "CD": 407, "BCT2020": "4080302", "BCTCB2020": "40803022007", "CT2010": "803.02", "CB2010": "2007", "SchoolDist": "25", "Council": 20, "ZipCode": 11367, "FireComp": "E299", "PolicePrct": 109, "HealthCent": 43, "HealthArea": 2012, "Sanitboro": "4", "SanitDistr": "07", "SanitSub": "2C", "Address": "64-47 138 STREET", "ZoneDist1": "R3X", "ZoneDist2": null, "ZoneDist3": null, "ZoneDist4": null, "Overlay1": null, "Overlay2": null, "SPDist1": null, "SPDist2": null, "SPDist3": null, "LtdHeight": null, "SplitZone": "N", "BldgClass": "B3", "LandUse": "01", "Easements": 0, "OwnerType": null, "OwnerName": "HUANG, DAVID WEI W", "LotArea": 4000, "BldgArea": 2356, "ComArea": 0, "ResArea": 2356, "OfficeArea": 0, "RetailArea": 0, "GarageArea": 0, "StrgeArea": 0, "FactryArea": 0, "OtherArea": 0, "AreaSource": "2", "NumBldgs": 2, "NumFloors": 2.0, "UnitsRes": 2, "UnitsTotal": 2, "LotFront": 40.0, "LotDepth": 100.0, "BldgFront": 23.9, "BldgDepth": 49.0, "Ext": "G", "ProxCode": "1", "IrrLotCode": "N", "LotType": "5", "BsmtCode": "2", "AssessLand": 12360.0, "AssessTot": 81720.0, "ExemptTot": 0.0, "YearBuilt": 1950, "YearAlter1": 2024, "YearAlter2": 0, "HistDist": null, "Landmark": null, "BuiltFAR": 0.59, "ResidFAR": 0.75, "CommFAR": 0.0, "FacilFAR": 1.0, "BoroCode": 4, "BBL": 4065010078.0, "CondoNo": 0, "Tract2010": "080302", "XCoord": 1031878, "YCoord": 208047, "ZoneMap": "14a", "ZMCode": null, "Sanborn": "424 109", "TaxMap": "43003", "EDesigNum": null, "APPBBL": 0.0, "APPDate": null, "PLUTOMapID": "1", "FIRM07_FLA": null, "PFIRM15_FL": null, "Version": "25v4", "DCPEdited": null, "Latitude": 40.7375893, "Longitude": -73.8281349, "Notes": null, "Shape_Leng": 0.0, "Shape_Area": 4032.8111734 }, "geometry": { "type": "MultiPolygon", "coordinates": [ [ [ [ -73.827947448150269, 40.737537576102568 ], [ -73.828319463352187, 40.73753387501619 ], [ -73.82831957654227, 40.737641518400352 ], [ -73.82794946807563, 40.737645198914194 ], [ -73.827947448150269, 40.737537576102568 ] ] ] ] } },
{ "type": "Feature", "properties": { "Borough": "QN", "Block": 6501, "Lot": 118, "CD": 407, "BCT2020": "4080302", "BCTCB2020": "40803022007", "CT2010": "803.02", "CB2010": "2007", "SchoolDist": "25", "Council": 20, "ZipCode": 11367, "FireComp": "E299", "PolicePrct": 109, "HealthCent": 43, "HealthArea": 2012, "Sanitboro": "4", "SanitDistr": "07", "SanitSub": "2C", "Address": "138-42 64 AVENUE", "ZoneDist1": "R3-1", "ZoneDist2": null, "ZoneDist3": null, "ZoneDist4": null, "Overlay1": null, "Overlay2": null, "SPDist1": null, "SPDist2": null, "SPDist3": null, "LtdHeight": null, "SplitZone": "N", "BldgClass": "A5", "LandUse": "01", "Easements": 0, "OwnerType": null, "OwnerName": "RODRIGUEZ, MARTHA", "LotArea": 2196, "BldgArea": 1048, "ComArea": 0, "ResArea": 1048, "OfficeArea": 0, "RetailArea": 0, "GarageArea": 0, "StrgeArea": 0, "FactryArea": 0, "OtherArea": 0, "AreaSource": "2", "NumBldgs": 1, "NumFloors": 2.0, "UnitsRes": 1, "UnitsTotal": 1, "LotFront": 19.0, "LotDepth": 115.58, "BldgFront": 16.0, "BldgDepth": 29.67, "Ext": "E", "ProxCode": "2", "IrrLotCode": "N", "LotType": "5", "BsmtCode": "2", "AssessLand": 11400.0, "AssessTot": 49560.0, "ExemptTot": 0.0, "YearBuilt": 1950, "YearAlter1": 0, "YearAlter2": 0, "HistDist": null, "Landmark": null, "BuiltFAR": 0.48, "ResidFAR": 0.75, "CommFAR": 0.0, "FacilFAR": 1.0, "BoroCode": 4, "BBL": 4065010117.9999995, "CondoNo": 0, "Tract2010": "080302", "XCoord": 1032244, "YCoord": 208481, "ZoneMap": "10b", "ZMCode": null, "Sanborn": "424 109", "TaxMap": "43003", "EDesigNum": null, "APPBBL": 0.0, "APPDate": null, "PLUTOMapID": "1", "FIRM07_FLA": null, "PFIRM15_FL": null, "Version": "25v4", "DCPEdited": null, "Latitude": 40.7387786, "Longitude": -73.8268111, "Notes": null, "Shape_Leng": 0.0, "Shape_Area": 3889.309256 }, "geometry": { "type": "MultiPolygon", "coordinates": [ [ [ [ -73.826872038599262, 40.738622245588097 ], [ -73.826882323034937, 40.73893884829522 ], [ -73.826868539993114, 40.738940193647878 ], [ -73.826849636300338, 40.738942595704088 ], [ -73.826831732337681, 40.738945659258654 ], [ -73.826821147248339, 40.738947842424174 ], [ -73.826808735844153, 40.738950765659325 ], [ -73.826695262540099, 40.73869025249207 ], [ -73.826872038599262, 40.738622245588097 ] ] ] ] } },
{ "type": "Feature", "properties": { "Borough": "QN", "Block": 6501, "Lot": 121, "CD": 407, "BCT2020": "4080302", "BCTCB2020": "40803022007", "CT2010": "803.02", "CB2010": "2007", "SchoolDist": "25", "Council": 20, "ZipCode": 11367, "FireComp": "E299", "PolicePrct": 109, "HealthCent": 43, "HealthArea": 2012, "Sanitboro": "4", "SanitDistr": "07", "SanitSub": "2C", "Address": "138-44 64 AVENUE", "ZoneDist1": "R3-1", "ZoneDist2": null, "ZoneDist3": null, "ZoneDist4": null, "Overlay1": null, "Overlay2": null, "SPDist1": null, "SPDist2": null, "SPDist3": null, "LtdHeight": null, "SplitZone": "N", "BldgClass": "A5", "LandUse": "01", "Easements": 0, "OwnerType": null, "OwnerName": "YOUSSEF ELWARARI", "LotArea": 2126, "BldgArea": 928, "ComArea": 0, "ResArea": 928, "OfficeArea": 0, "RetailArea": 0, "GarageArea": 0, "StrgeArea": 0, "FactryArea": 0, "OtherArea": 0, "AreaSource": "2", "NumBldgs": 2, "NumFloors": 2.0, "UnitsRes": 1, "UnitsTotal": 1, "LotFront": 21.0, "LotDepth": 101.25, "BldgFront": 16.0, "BldgDepth": 29.67, "Ext": "G", "ProxCode": "2", "IrrLotCode": "N", "LotType": "5", "BsmtCode": "2", "AssessLand": 8280.0, "AssessTot": 42180.0, "ExemptTot": 1420.0, "YearBuilt": 1950, "YearAlter1": 0, "YearAlter2": 0, "HistDist": null, "Landmark": null, "BuiltFAR": 0.44, "ResidFAR": 0.75, "CommFAR": 0.0, "FacilFAR": 1.0, "BoroCode": 4, "BBL": 4065010121.0, "CondoNo": 0, "Tract2010": "080302", "XCoord": 1032275, "YCoord": 208499, "ZoneMap": "10b", "ZMCode": null, "Sanborn": "424 109", "TaxMap": "43003", "EDesigNum": null, "APPBBL": 0.0, "APPDate": null, "PLUTOMapID": "1", "FIRM07_FLA": null, "PFIRM15_FL": null, "Version": "25v4", "DCPEdited": null, "Latitude": 40.7388278, "Longitude": -73.8266991, "Notes": null, "Shape_Leng": 0.0, "Shape_Area": 2963.4135588 }, "geometry": { "type": "MultiPolygon", "coordinates": [ [ [ [ -73.82657275022369, 40.738737383343135 ], [ -73.826695262540099, 40.73869025249207 ], [ -73.826808735844153, 40.738950765659325 ], [ -73.826793856668957, 40.738954809071174 ], [ -73.826782669191005, 40.738958251082941 ], [ -73.826770871737835, 40.738962275705703 ], [ -73.826760276042634, 40.7389662508537 ], [ -73.826747830503692, 40.738971384754478 ], [ -73.826736079353793, 40.738976718811287 ], [ -73.82657275022369, 40.738737383343135 ] ] ] ] } },
{ "type": "Feature", "properties": { "Borough": "QN", "Block": 6501, "Lot": 123, "CD": 407, "BCT2020": "4080302", "BCTCB2020": "40803022007", "CT2010": "803.02", "CB2010": "2007", "SchoolDist": "25", "Council": 20, "ZipCode": 11367, "FireComp": "E299", "PolicePrct": 109, "HealthCent": 43, "HealthArea": 2012, "Sanitboro": "4", "SanitDistr": "07", "SanitSub": "2C", "Address": "138-48 64 AVENUE", "ZoneDist1": "R3-1", "ZoneDist2": null, "ZoneDist3": null, "ZoneDist4": null, "Overlay1": null, "Overlay2": null, "SPDist1": null, "SPDist2": null, "SPDist3": null, "LtdHeight": null, "SplitZone": "N", "BldgClass": "A5", "LandUse": "01", "Easements": 0, "OwnerType": null, "OwnerName": "ROY & DOLORES DELUCA", "LotArea": 2400, "BldgArea": 928, "ComArea": 0, "ResArea": 928, "OfficeArea": 0, "RetailArea": 0, "GarageArea": 0, "StrgeArea": 0, "FactryArea": 0, "OtherArea": 0, "AreaSource": "2", "NumBldgs": 1, "NumFloors": 2.0, "UnitsRes": 1, "UnitsTotal": 1, "LotFront": 25.0, "LotDepth": 96.0, "BldgFront": 16.0, "BldgDepth": 29.67, "Ext": "N", "ProxCode": "2", "IrrLotCode": "N", "LotType": "5", "BsmtCode": "2", "AssessLand": 9300.0, "AssessTot": 42780.0, "ExemptTot": 0.0, "YearBuilt": 1950, "YearAlter1": 2018, "YearAlter2": 0, "HistDist": null, "Landmark": null, "BuiltFAR": 0.39, "ResidFAR": 0.75, "CommFAR": 0.0, "FacilFAR": 1.0, "BoroCode": 4, "BBL": 4065010123.0, "CondoNo": 0, "Tract2010": "080302", "XCoord": 1032324, "YCoord": 208530, "ZoneMap": "10b", "ZMCode": null, "Sanborn": "424 109", "TaxMap": "43003", "EDesigNum": null, "APPBBL": 0.0, "APPDate": null, "PLUTOMapID": "1", "FIRM07_FLA": null, "PFIRM15_FL": null, "Version": "25v4", "DCPEdited": null, "Latitude": 40.7389126, "Longitude": -73.8265221, "Notes": null, "Shape_Leng": 0.0, "Shape_Area": 2393.0050446 }, "geometry": { "type": "MultiPolygon", "coordinates": [ [ [ [ -73.826651181555377, 40.739015266021724 ], [ -73.826577892565084, 40.739048541910762 ], [ -73.826391769857295, 40.738807005200208 ], [ -73.826468080415253, 40.73877764845021 ], [ -73.826651181555377, 40.739015266021724 ] ] ] ] } },
{ "type": "Feature", "properties": { "Borough": "QN", "Block": 6501, "Lot": 126, "CD": 407, "BCT2020": "4080302", "BCTCB2020": "40803022007", "CT2010": "803.02", "CB2010": "2007", "SchoolDist": "25", "Council": 20, "ZipCode": 11367, "FireComp": "E299", "PolicePrct": 109, "HealthCent": 43, "HealthArea": 2012, "Sanitboro": "4", "SanitDistr": "07", "SanitSub": "2C", "Address": "138-54 64 AVENUE", "ZoneDist1": "R3-1", "ZoneDist2": null, "ZoneDist3": null, "ZoneDist4": null, "Overlay1": null, "Overlay2": null, "SPDist1": null, "SPDist2": null, "SPDist3": null, "LtdHeight": null, "SplitZone": "N", "BldgClass": "A5", "LandUse": "01", "Easements": 0, "OwnerType": null, "OwnerName": "YEUNG, DAVID K", "LotArea": 2063, "BldgArea": 928, "ComArea": 0, "ResArea": 928, "OfficeArea": 0, "RetailArea": 0, "GarageArea": 0, "StrgeArea": 0, "FactryArea": 0, "OtherArea": 0, "AreaSource": "2", "NumBldgs": 2, "NumFloors": 2.0, "UnitsRes": 1, "UnitsTotal": 1, "LotFront": 21.0, "LotDepth": 98.25, "BldgFront": 16.0, "BldgDepth": 29.67, "Ext": "G", "ProxCode": "2", "IrrLotCode": "N", "LotType": "5", "BsmtCode": "2", "AssessLand": 9000.0, "AssessTot": 43980.0, "ExemptTot": 0.0, "YearBuilt": 1950, "YearAlter1": 0, "YearAlter2": 0, "HistDist": null, "Landmark": null, "BuiltFAR": 0.45, "ResidFAR": 0.75, "CommFAR": 0.0, "FacilFAR": 1.0, "BoroCode": 4, "BBL": 4065010126.0, "CondoNo": 0, "Tract2010": "080302", "XCoord": 1032390, "YCoord": 208564, "ZoneMap": "10b", "ZMCode": null, "Sanborn": "424 109", "TaxMap": "43003", "EDesigNum": null, "APPBBL": 0.0, "APPDate": null, "PLUTOMapID": "1", "FIRM07_FLA": null, "PFIRM15_FL": null, "Version": "25v4", "DCPEdited": null, "Latitude": 40.7390056, "Longitude": -73.8262836, "Notes": null, "Shape_Leng": 0.0, "Shape_Area": 2657.8876878000001 }, "geometry": { "type": "MultiPolygon", "coordinates": [ [ [ [ -73.826400335047381, 40.73912915872183 ], [ -73.82637272196726, 40.739141695388554 ], [ -73.826358643236929, 40.739148856632887 ], [ -73.826140504296191, 40.738921489271128 ], [ -73.826238145011331, 40.738875115598674 ], [ -73.82642038234448, 40.739120056020226 ], [ -73.826400335047381, 40.73912915872183 ] ] ] ] } },
{ "type": "Feature", "properties": { "Borough": "QN", "Block": 6501, "Lot": 127, "CD": 407, "BCT2020": "4080302", "BCTCB2020": "40803022007", "CT2010": "803.02", "CB2010": "2007", "SchoolDist": "25", "Council": 20, "ZipCode": 11367, "FireComp": "E299", "PolicePrct": 109, "HealthCent": 43, "HealthArea": 2012, "Sanitboro": "4", "SanitDistr": "07", "SanitSub": "2C", "Address": "138-56 64 AVENUE", "ZoneDist1": "R3-1", "ZoneDist2": null, "ZoneDist3": null, "ZoneDist4": null, "Overlay1": null, "Overlay2": null, "SPDist1": null, "SPDist2": null, "SPDist3": null, "LtdHeight": null, "SplitZone": "N", "BldgClass": "A5", "LandUse": "01", "Easements": 0, "OwnerType": null, "OwnerName": "TARATUNIO, JAMES", "LotArea": 2062, "BldgArea": 1049, "ComArea": 0, "ResArea": 1049, "OfficeArea": 0, "RetailArea": 0, "GarageArea": 0, "StrgeArea": 0, "FactryArea": 0, "OtherArea": 0, "AreaSource": "2", "NumBldgs": 2, "NumFloors": 2.0, "UnitsRes": 1, "UnitsTotal": 1, "LotFront": 21.0, "LotDepth": 98.17, "BldgFront": 16.0, "BldgDepth": 29.67, "Ext": "G", "ProxCode": "2", "IrrLotCode": "N", "LotType": "5", "BsmtCode": "2", "AssessLand": 10260.0, "AssessTot": 49860.0, "ExemptTot": 4080.0, "YearBuilt": 1950, "YearAlter1": 0, "YearAlter2": 0, "HistDist": null, "Landmark": null, "BuiltFAR": 0.51, "ResidFAR": 0.75, "CommFAR": 0.0, "FacilFAR": 1.0, "BoroCode": 4, "BBL": 4065010127.0000005, "CondoNo": 0, "Tract2010": "080302", "XCoord": 1032414, "YCoord": 208578, "ZoneMap": "10b", "ZMCode": null, "Sanborn": "424 109", "TaxMap": "43003", "EDesigNum": null, "APPBBL": 0.0, "APPDate": null, "PLUTOMapID": "1", "FIRM07_FLA": null, "PFIRM15_FL": null, "Version": "25v4", "DCPEdited": null, "Latitude": 40.7390439, "Longitude": -73.8261969, "Notes": null, "Shape_Leng": 0.0, "Shape_Area": 2934.3171941000001 }, "geometry": { "type": "MultiPolygon", "coordinates": [ [ [ [ -73.826025971914476, 40.738975885195593 ], [ -73.826140504296191, 40.738921489271128 ], [ -73.826358643236929, 40.739148856632887 ], [ -73.826347615903515, 40.739154893149731 ], [ -73.826333847168343, 40.739163004905848 ], [ -73.826322721262628, 40.73917005983558 ], [ -73.826305259056994, 40.739182142554867 ], [ -73.826025971914476, 40.738975885195593 ] ] ] ] } },
{ "type": "Feature", "properties": { "Borough": "QN", "Block": 6501, "Lot": 130, "CD": 407, "BCT2020": "4080302", "BCTCB2020": "40803022007", "CT2010": "803.02", "CB2010": "2007", "SchoolDist": "25", "Council": 20, "ZipCode": 11367, "FireComp": "E299", "PolicePrct": 109, "HealthCent": 43, "HealthArea": 2012, "Sanitboro": "4", "SanitDistr": "07", "SanitSub": "2C", "Address": "138-62 64 AVENUE", "ZoneDist1": "R3-1", "ZoneDist2": null, "ZoneDist3": null, "ZoneDist4": null, "Overlay1": null, "Overlay2": null, "SPDist1": null, "SPDist2": null, "SPDist3": null, "LtdHeight": null, "SplitZone": "N", "BldgClass": "A5", "LandUse": "01", "Easements": 0, "OwnerType": null, "OwnerName": "ZHUO, JIN XIN", "LotArea": 2567, "BldgArea": 928, "ComArea": 0, "ResArea": 928, "OfficeArea": 0, "RetailArea": 0, "GarageArea": 0, "StrgeArea": 0, "FactryArea": 0, "OtherArea": 0, "AreaSource": "2", "NumBldgs": 1, "NumFloors": 2.0, "UnitsRes": 1, "UnitsTotal": 1, "LotFront": 21.0, "LotDepth": 122.25, "BldgFront": 16.0, "BldgDepth": 29.67, "Ext": "E", "ProxCode": "2", "IrrLotCode": "N", "LotType": "5", "BsmtCode": "2", "AssessLand": 11400.0, "AssessTot": 43800.0, "ExemptTot": 0.0, "YearBuilt": 1950, "YearAlter1": 0, "YearAlter2": 0, "HistDist": null, "Landmark": null, "BuiltFAR": 0.36, "ResidFAR": 0.75, "CommFAR": 0.0, "FacilFAR": 1.0, "BoroCode": 4, "BBL": 4065010130.0, "CondoNo": 0, "Tract2010": "080302", "XCoord": 1032485, "YCoord": 208653, "ZoneMap": "10b", "ZMCode": null, "Sanborn": "424 109", "TaxMap": "43003", "EDesigNum": null, "APPBBL": 0.0, "APPDate": null, "PLUTOMapID": "1", "FIRM07_FLA": null, "PFIRM15_FL": null, "Version": "25v4", "DCPEdited": null, "Latitude": 40.7392493, "Longitude": -73.8259402, "Notes": null, "Shape_Leng": 0.0, "Shape_Area": 5682.4465241999997 }, "geometry": { "type": "MultiPolygon", "coordinates": [ [ [ [ -73.825689860451917, 40.739287902499385 ], [ -73.825813762474851, 40.739128321026385 ], [ -73.826214244649378, 40.739276967361263 ], [ -73.826207365244869, 40.739288175483949 ], [ -73.826198694143486, 40.739304089719354 ], [ -73.826190964951209, 40.739320650982151 ], [ -73.826186948154046, 40.739330544187041 ], [ -73.826185088199878, 40.739335527531821 ], [ -73.825689860451917, 40.739287902499385 ] ] ] ] } },
{ "type": "Feature", "properties": { "Borough": "QN", "Block": 6501, "Lot": 131, "CD": 407, "BCT2020": "4080302", "BCTCB2020": "40803022007", "CT2010": "803.02", "CB2010": "2007", "SchoolDist": "25", "Council": 20, "ZipCode": 11367, "FireComp": "E299", "PolicePrct": 109, "HealthCent": 43, "HealthArea": 2012, "Sanitboro": "4", "SanitDistr": "07", "SanitSub": "2C", "Address": "138-64 64 AVENUE", "ZoneDist1": "R3-1", "ZoneDist2": null, "ZoneDist3": null, "ZoneDist4": null, "Overlay1": null, "Overlay2": null, "SPDist1": null, "SPDist2": null, "SPDist3": null, "LtdHeight": null, "SplitZone": "N", "BldgClass": "A5", "LandUse": "01", "Easements": 0, "OwnerType": null, "OwnerName": "XIE, YONGCHAO", "LotArea": 3266, "BldgArea": 928, "ComArea": 0, "ResArea": 928, "OfficeArea": 0, "RetailArea": 0, "GarageArea": 0, "StrgeArea": 0, "FactryArea": 0, "OtherArea": 0, "AreaSource": "2", "NumBldgs": 2, "NumFloors": 2.0, "UnitsRes": 1, "UnitsTotal": 1, "LotFront": 24.0, "LotDepth": 136.08, "BldgFront": 16.0, "BldgDepth": 29.67, "Ext": "G", "ProxCode": "2", "IrrLotCode": "N", "LotType": "5", "BsmtCode": "2", "AssessLand": 12720.0, "AssessTot": 42960.0, "ExemptTot": 0.0, "YearBuilt": 1950, "YearAlter1": 0, "YearAlter2": 0, "HistDist": null, "Landmark": null, "BuiltFAR": 0.28, "ResidFAR": 0.75, "CommFAR": 0.0, "FacilFAR": 1.0, "BoroCode": 4, "BBL": 4065010131.0, "CondoNo": 0, "Tract2010": "080302", "XCoord": 1032490, "YCoord": 208687, "ZoneMap": "10b", "ZMCode": null, "Sanborn": "424 109", "TaxMap": "43003", "EDesigNum": null, "APPBBL": 0.0, "APPDate": null, "PLUTOMapID": "1", "FIRM07_FLA": null, "PFIRM15_FL": null, "Version": "25v4", "DCPEdited": null, "Latitude": 40.7393426, "Longitude": -73.8259219, "Notes": null, "Shape_Leng": 0.0, "Shape_Area": 3440.9069989 }, "geometry": { "type": "MultiPolygon", "coordinates": [ [ [ [ -73.825977054071984, 40.739382270949903 ], [ -73.825807366933347, 40.739365951856492 ], [ -73.825641635654364, 40.739350013137944 ], [ -73.825689860451917, 40.739287902499385 ], [ -73.826185088199878, 40.739335527531821 ], [ -73.826181995924486, 40.739344554910865 ], [ -73.826179184835382, 40.739353815122257 ], [ -73.826176148414277, 40.739365504571843 ], [ -73.826174343862988, 40.739373744142917 ], [ -73.826172102822085, 40.739386428092686 ], [ -73.826170333038675, 40.739400857824656 ], [ -73.825977054071984, 40.739382270949903 ] ] ] ] } },
{ "type": "Feature", "properties": { "Borough": "QN", "Block": 6501, "Lot": 145, "CD": 407, "BCT2020": "4080302", "BCTCB2020": "40803022007", "CT2010": "803.02", "CB2010": "2007", "SchoolDist": "25", "Council": 20, "ZipCode": 11367, "FireComp": "E299", "PolicePrct": 109, "HealthCent": 43, "HealthArea": 2012, "Sanitboro": "4", "SanitDistr": "07", "SanitSub": "2C", "Address": "138-84 63 AVENUE", "ZoneDist1": "R4", "ZoneDist2": null, "ZoneDist3": null, "ZoneDist4": null, "Overlay1": null, "Overlay2": null, "SPDist1": null, "SPDist2": null, "SPDist3": null, "LtdHeight": null, "SplitZone": "N", "BldgClass": "B1", "LandUse": "01", "Easements": 0, "OwnerType": null, "OwnerName": "BAISLEY, ANDREW", "LotArea": 2687, "BldgArea": 1600, "ComArea": 0, "ResArea": 1600, "OfficeArea": 0, "RetailArea": 0, "GarageArea": 0, "StrgeArea": 0, "FactryArea": 0, "OtherArea": 0, "AreaSource": "2", "NumBldgs": 1, "NumFloors": 2.0, "UnitsRes": 2, "UnitsTotal": 2, "LotFront": 53.0, "LotDepth": 47.0, "BldgFront": 45.0, "BldgDepth": 20.0, "Ext": "G", "ProxCode": "2", "IrrLotCode": "Y", "LotType": "3", "BsmtCode": "2", "AssessLand": 10500.0, "AssessTot": 63900.0, "ExemptTot": 0.0, "YearBuilt": 1950, "YearAlter1": 0, "YearAlter2": 0, "HistDist": null, "Landmark": null, "BuiltFAR": 0.6, "ResidFAR": 1.0, "CommFAR": 0.0, "FacilFAR": 2.0, "BoroCode": 4, "BBL": 4065010145.0, "CondoNo": 0, "Tract2010": "080302", "XCoord": 1032719, "YCoord": 208750, "ZoneMap": "10b", "ZMCode": null, "Sanborn": "424 109", "TaxMap": "43003", "EDesigNum": null, "APPBBL": 0.0, "APPDate": null, "PLUTOMapID": "1", "FIRM07_FLA": null, "PFIRM15_FL": null, "Version": "25v4", "DCPEdited": null, "Latitude": 40.7395143, "Longitude": -73.8250951, "Notes": null, "Shape_Leng": 0.0, "Shape_Area": 2990.9262551000002 }, "geometry": { "type": "MultiPolygon", "coordinates": [ [ [ [ -73.824981754099255, 40.739439308992949 ], [ -73.825218043436749, 40.739462001655696 ], [ -73.825195469570374, 40.739589672888201 ], [ -73.824987824736255, 40.739569702800686 ], [ -73.824973161734974, 40.739520650545629 ], [ -73.824981754099255, 40.739439308992949 ] ] ] ] } },
{ "type": "Feature", "properties": { "Borough": "QN", "Block": 6501, "Lot": 1160, "CD": 408, "BCT2020": "4079300", "BCTCB2020": "40793001000", "CT2010": "793", "CB2010": "1000", "SchoolDist": "25", "Council": 24, "ZipCode": 11367, "FireComp": "E299", "PolicePrct": 109, "HealthCent": 43, "HealthArea": 2012, "Sanitboro": "4", "SanitDistr": "07", "SanitSub": "2C", "Address": "136 STREET", "ZoneDist1": "R3-1", "ZoneDist2": null, "ZoneDist3": null, "ZoneDist4": null, "Overlay1": null, "Overlay2": null, "SPDist1": null, "SPDist2": null, "SPDist3": null, "LtdHeight": null, "SplitZone": "N", "BldgClass": "V0", "LandUse": "11", "Easements": 0, "OwnerType": null, "OwnerName": "CEDAR GROVE CEMETRY A", "LotArea": 16342, "BldgArea": 0, "ComArea": 0, "ResArea": 0, "OfficeArea": 0, "RetailArea": 0, "GarageArea": 0, "StrgeArea": 0, "FactryArea": 0, "OtherArea": 0, "AreaSource": "7", "NumBldgs": 1, "NumFloors": 0.0, "UnitsRes": 0, "UnitsTotal": 0, "LotFront": 204.42, "LotDepth": 39.5, "BldgFront": 0.0, "BldgDepth": 0.0, "Ext": null, "ProxCode": "0", "IrrLotCode": "Y", "LotType": "5", "BsmtCode": "5", "AssessLand": 96120.0, "AssessTot": 96120.0, "ExemptTot": 0.0, "YearBuilt": 0, "YearAlter1": 0, "YearAlter2": 0, "HistDist": null, "Landmark": null, "BuiltFAR": 0.0, "ResidFAR": 0.75, "CommFAR": 0.0, "FacilFAR": 1.0, "BoroCode": 4, "BBL": 4065011160.0, "CondoNo": 0, "Tract2010": "0793", "XCoord": 1031044, "YCoord": 208522, "ZoneMap": "10b", "ZMCode": null, "Sanborn": "424 109", "TaxMap": "43003", "EDesigNum": null, "APPBBL": 0.0, "APPDate": null, "PLUTOMapID": "1", "FIRM07_FLA": null, "PFIRM15_FL": null, "Version": "25v4", "DCPEdited": null, "Latitude": 40.7388975, "Longitude": -73.8311411, "Notes": null, "Shape_Leng": 0.0, "Shape_Area": 18824.618949600001 }, "geometry": { "type": "MultiPolygon", "coordinates": [ [ [ [ -73.830928669145734, 40.739059861301271 ], [ -73.830939444278314, 40.738995334054941 ], [ -73.830951948229412, 40.738920439152096 ], [ -73.830963814970701, 40.738849363239389 ], [ -73.830974997705042, 40.738782389105154 ], [ -73.830985650142082, 40.738718586589385 ], [ -73.830998436542515, 40.738642003661717 ], [ -73.831008897857345, 40.73857933914325 ], [ -73.831155288892091, 40.738570758746029 ], [ -73.831445135791753, 40.739103337250349 ], [ -73.83134697023165, 40.739109092639318 ], [ -73.831346844217336, 40.739111164552284 ], [ -73.830915886145021, 40.739136427991582 ], [ -73.830928669145734, 40.739059861301271 ] ] ] ] } },
{ "type": "Feature", "properties": { "Borough": "QN", "Block": 6384, "Lot": 1, "CD": 407, "BCT2020": "4080302", "BCTCB2020": "40803021012", "CT2010": "803.02", "CB2010": "1009", "SchoolDist": "25", "Council": 20, "ZipCode": 11367, "FireComp": "E299", "PolicePrct": 109, "HealthCent": 43, "HealthArea": 2012, "Sanitboro": "4", "SanitDistr": "07", "SanitSub": "2C", "Address": "135-02 61 ROAD", "ZoneDist1": "R3X", "ZoneDist2": null, "ZoneDist3": null, "ZoneDist4": null, "Overlay1": null, "Overlay2": null, "SPDist1": null, "SPDist2": null, "SPDist3": null, "LtdHeight": null, "SplitZone": "N", "BldgClass": "B3", "LandUse": "01", "Easements": 0, "OwnerType": null, "OwnerName": "ZHENG, ZHEN HUA", "LotArea": 3800, "BldgArea": 2304, "ComArea": 0, "ResArea": 2304, "OfficeArea": 0, "RetailArea": 0, "GarageArea": 0, "StrgeArea": 0, "FactryArea": 0, "OtherArea": 0, "AreaSource": "2", "NumBldgs": 2, "NumFloors": 2.0, "UnitsRes": 2, "UnitsTotal": 2, "LotFront": 44.0, "LotDepth": 95.0, "BldgFront": 24.0, "BldgDepth": 48.0, "Ext": "G", "ProxCode": "1", "IrrLotCode": "Y", "LotType": "3", "BsmtCode": "2", "AssessLand": 12600.0, "AssessTot": 81480.0, "ExemptTot": 0.0, "YearBuilt": 1930, "YearAlter1": 1999, "YearAlter2": 0, "HistDist": null, "Landmark": null, "BuiltFAR": 0.61, "ResidFAR": 0.75, "CommFAR": 0.0, "FacilFAR": 1.0, "BoroCode": 4, "BBL": 4063840001.0, "CondoNo": 0, "Tract2010": "080302", "XCoord": 1031052, "YCoord": 209692, "ZoneMap": "10b", "ZMCode": null, "Sanborn": "424 109", "TaxMap": "43001", "EDesigNum": null, "APPBBL": 0.0, "APPDate": null, "PLUTOMapID": "1", "FIRM07_FLA": null, "PFIRM15_FL": null, "Version": "25v4", "DCPEdited": null, "Latitude": 40.7421088, "Longitude": -73.831104, "Notes": null, "Shape_Leng": 0.0, "Shape_Area": 3742.4181758 }, "geometry": { "type": "MultiPolygon", "coordinates": [ [ [ [ -73.831051908258971, 40.741973324552873 ], [ -73.831056291405901, 40.741973760583164 ], [ -73.831182347925079, 40.741986306795354 ], [ -73.831169319400658, 40.742239052161665 ], [ -73.831008914045981, 40.74222522268456 ], [ -73.831051908258971, 40.741973324552873 ] ] ] ] } },
{ "type": "Feature", "properties": { "Borough": "QN", "Block": 6384, "Lot": 31, "CD": 407, "BCT2020": "4080302", "BCTCB2020": "40803021012", "CT2010": "803.02", "CB2010": "1009", "SchoolDist": "25", "Council": 20, "ZipCode": 11367, "FireComp": "E299", "PolicePrct": 109, "HealthCent": 43, "HealthArea": 2012, "Sanitboro": "4", "SanitDistr": "07", "SanitSub": "2C", "Address": "135-01 62 AVENUE", "ZoneDist1": "R3X", "ZoneDist2": null, "ZoneDist3": null, "ZoneDist4": null, "Overlay1": null, "Overlay2": null, "SPDist1": null, "SPDist2": null, "SPDist3": null, "LtdHeight": null, "SplitZone": "N", "BldgClass": "A1", "LandUse": "01", "Easements": 0, "OwnerType": null, "OwnerName": "ROMERO ORLANDO", "LotArea": 3000, "BldgArea": 1184, "ComArea": 0, "ResArea": 1184, "OfficeArea": 0, "RetailArea": 0, "GarageArea": 0, "StrgeArea": 0, "FactryArea": 0, "OtherArea": 0, "AreaSource": "2", "NumBldgs": 2, "NumFloors": 2.0, "UnitsRes": 1, "UnitsTotal": 1, "LotFront": 25.75, "LotDepth": 100.0, "BldgFront": 16.0, "BldgDepth": 34.0, "Ext": "G", "ProxCode": "1", "IrrLotCode": "N", "LotType": "3", "BsmtCode": "2", "AssessLand": 11460.0, "AssessTot": 61680.0, "ExemptTot": 1420.0, "YearBuilt": 1930, "YearAlter1": 0, "YearAlter2": 0, "HistDist": null, "Landmark": null, "BuiltFAR": 0.39, "ResidFAR": 0.75, "CommFAR": 0.0, "FacilFAR": 1.0, "BoroCode": 4, "BBL": 4063840031.0, "CondoNo": 0, "Tract2010": "080302", "XCoord": 1031044, "YCoord": 209598, "ZoneMap": "10b", "ZMCode": null, "Sanborn": "424 109", "TaxMap": "43001", "EDesigNum": null, "APPBBL": 0.0, "APPDate": null, "PLUTOMapID": "1", "FIRM07_FLA": null, "PFIRM15_FL": null, "Version": "25v4", "DCPEdited": null, "Latitude": 40.7418509, "Longitude": -73.8311336, "Notes": null, "Shape_Leng": 0.0, "Shape_Area": 3059.8220145 }, "geometry": { "type": "MultiPolygon", "coordinates": [ [ [ [ -73.831056291405901, 40.741973760583164 ], [ -73.831100664965135, 40.741713781532233 ], [ -73.831102531472638, 40.741702842178412 ], [ -73.831196476007491, 40.741712192186903 ], [ -73.831195915564152, 40.741723093885128 ], [ -73.831182347925079, 40.741986306795354 ], [ -73.831056291405901, 40.741973760583164 ] ] ] ] } },
{ "type": "Feature", "properties": { "Borough": "QN", "Block": 6451, "Lot": 12, "CD": 407, "BCT2020": "4080302", "BCTCB2020": "40803021003", "CT2010": "803.02", "CB2010": "1004", "SchoolDist": "25", "Council": 20, "ZipCode": 11367, "FireComp": "E299", "PolicePrct": 109, "HealthCent": 43, "HealthArea": 2012, "Sanitboro": "4", "SanitDistr": "07", "SanitSub": "2C", "Address": "130-38 HORACE HARDING EXPWY", "ZoneDist1": "R3X", "ZoneDist2": null, "ZoneDist3": null, "ZoneDist4": null, "Overlay1": "C2-3", "Overlay2": null, "SPDist1": null, "SPDist2": null, "SPDist3": null, "LtdHeight": null, "SplitZone": "N", "BldgClass": "K1", "LandUse": "05", "Easements": 0, "OwnerType": null, "OwnerName": "SANANDAJI, KAMRAN", "LotArea": 1357, "BldgArea": 1350, "ComArea": 1350, "ResArea": 0, "OfficeArea": 0, "RetailArea": 1350, "GarageArea": 0, "StrgeArea": 0, "FactryArea": 0, "OtherArea": 0, "AreaSource": "2", "NumBldgs": 1, "NumFloors": 1.0, "UnitsRes": 0, "UnitsTotal": 1, "LotFront": 25.0, "LotDepth": 64.0, "BldgFront": 64.0, "BldgDepth": 21.0, "Ext": "G", "ProxCode": "0", "IrrLotCode": "Y", "LotType": "5", "BsmtCode": "2", "AssessLand": 24300.0, "AssessTot": 127350.0, "ExemptTot": 0.0, "YearBuilt": 1959, "YearAlter1": 0, "YearAlter2": 0, "HistDist": null, "Landmark": null, "BuiltFAR": 0.99, "ResidFAR": 0.75, "CommFAR": 0.0, "FacilFAR": 1.0, "BoroCode": 4, "BBL": 4064510011.9999995, "CondoNo": 0, "Tract2010": "080302", "XCoord": 1030062, "YCoord": 210005, "ZoneMap": "10b", "ZMCode": null, "Sanborn": "424 109", "TaxMap": "43003", "EDesigNum": null, "APPBBL": 0.0, "APPDate": null, "PLUTOMapID": "1", "FIRM07_FLA": null, "PFIRM15_FL": null, "Version": "25v4", "DCPEdited": null, "Latitude": 40.7429731, "Longitude": -73.8346746, "Notes": null, "Shape_Leng": 0.0, "Shape_Area": 1454.7680262 }, "geometry": { "type": "MultiPolygon", "coordinates": [ [ [ [ -73.834559632000293, 40.742994589846148 ], [ -73.834576205991027, 40.742920935023577 ], [ -73.834799381593399, 40.7429665898444 ], [ -73.834799632505892, 40.742966628938547 ], [ -73.834788455695502, 40.743016299292023 ], [ -73.834559632000293, 40.742994589846148 ] ] ] ] } },
{ "type": "Feature", "properties": { "Borough": "QN", "Block": 6451, "Lot": 16, "CD": 407, "BCT2020": "4080302", "BCTCB2020": "40803021003", "CT2010": "803.02", "CB2010": "1004", "SchoolDist": "25", "Council": 20, "ZipCode": 11367, "FireComp": "E299", "PolicePrct": 109, "HealthCent": 43, "HealthArea": 2012, "Sanitboro": "4", "SanitDistr": "07", "SanitSub": "2C", "Address": "130-38A HORACE HARDING EXPWY", "ZoneDist1": "R3X", "ZoneDist2": null, "ZoneDist3": null, "ZoneDist4": null, "Overlay1": "C2-3", "Overlay2": null, "SPDist1": null, "SPDist2": null, "SPDist3": null, "LtdHeight": null, "SplitZone": "N", "BldgClass": "Z9", "LandUse": null, "Easements": 0, "OwnerType": null, "OwnerName": "SANANDAJI, KAMRAN", "LotArea": 1250, "BldgArea": 1100, "ComArea": 1100, "ResArea": 0, "OfficeArea": 0, "RetailArea": 1100, "GarageArea": 0, "StrgeArea": 0, "FactryArea": 0, "OtherArea": 0, "AreaSource": "2", "NumBldgs": 1, "NumFloors": 1.0, "UnitsRes": 0, "UnitsTotal": 1, "LotFront": 40.0, "LotDepth": 31.25, "BldgFront": 40.0, "BldgDepth": 27.5, "Ext": "N", "ProxCode": "0", "IrrLotCode": "N", "LotType": "5", "BsmtCode": "0", "AssessLand": 27445.0, "AssessTot": 38655.0, "ExemptTot": 0.0, "YearBuilt": 1996, "YearAlter1": 0, "YearAlter2": 0, "HistDist": null, "Landmark": null, "BuiltFAR": 0.88, "ResidFAR": 0.75, "CommFAR": 0.0, "FacilFAR": 1.0, "BoroCode": 4, "BBL": 4064510016.0, "CondoNo": 0, "Tract2010": "080302", "XCoord": 1030112, "YCoord": 209995, "ZoneMap": "10b", "ZMCode": null, "Sanborn": "424 109", "TaxMap": "43003", "EDesigNum": null, "APPBBL": 0.0, "APPDate": null, "PLUTOMapID": "1", "FIRM07_FLA": null, "PFIRM15_FL": null, "Version": "25v4", "DCPEdited": null, "Latitude": 40.7429454, "Longitude": -73.8344942, "Notes": null, "Shape_Leng": 0.0, "Shape_Area": 1254.082327 }, "geometry": { "type": "MultiPolygon", "coordinates": [ [ [ [ -73.834430463727443, 40.74289111941026 ], [ -73.834576205991027, 40.742920935023577 ], [ -73.834559632000293, 40.742994589846148 ], [ -73.834410367318142, 40.742980426240571 ], [ -73.834430463727443, 40.74289111941026 ] ] ] ] } },
{ "type": "Feature", "properties": { "Borough": "QN", "Block": 6451, "Lot": 18, "CD": 407, "BCT2020": "4080302", "BCTCB2020": "40803021003", "CT2010": "803.02", "CB2010": "1004", "SchoolDist": "25", "Council": 20, "ZipCode": 11367, "FireComp": "E299", "PolicePrct": 109, "HealthCent": 43, "HealthArea": 2012, "Sanitboro": "4", "SanitDistr": "07", "SanitSub": "2C", "Address": "HORACE HARDING EXPWY", "ZoneDist1": "R3X", "ZoneDist2": null, "ZoneDist3": null, "ZoneDist4": null, "Overlay1": "C2-3", "Overlay2": null, "SPDist1": null, "SPDist2": null, "SPDist3": null, "LtdHeight": null, "SplitZone": "N", "BldgClass": "V1", "LandUse": "11", "Easements": 0, "OwnerType": null, "OwnerName": "SANANDAJI, KAMRAN", "LotArea": 1250, "BldgArea": 0, "ComArea": 0, "ResArea": 0, "OfficeArea": 0, "RetailArea": 0, "GarageArea": 0, "StrgeArea": 0, "FactryArea": 0, "OtherArea": 0, "AreaSource": "7", "NumBldgs": 0, "NumFloors": 0.0, "UnitsRes": 0, "UnitsTotal": 0, "LotFront": 40.0, "LotDepth": 31.25, "BldgFront": 0.0, "BldgDepth": 0.0, "Ext": null, "ProxCode": "0", "IrrLotCode": "N", "LotType": "5", "BsmtCode": "5", "AssessLand": 55800.0, "AssessTot": 55800.0, "ExemptTot": 0.0, "YearBuilt": 0, "YearAlter1": 0, "YearAlter2": 0, "HistDist": null, "Landmark": null, "BuiltFAR": 0.0, "ResidFAR": 0.75, "CommFAR": 0.0, "FacilFAR": 1.0, "BoroCode": 4, "BBL": 4064510018.0, "CondoNo": 0, "Tract2010": "080302", "XCoord": 1030152, "YCoord": 209987, "ZoneMap": "10b", "ZMCode": null, "Sanborn": "424 109", "TaxMap": "43003", "EDesigNum": null, "APPBBL": 0.0, "APPDate": null, "PLUTOMapID": "1", "FIRM07_FLA": null, "PFIRM15_FL": null, "Version": "25v4", "DCPEdited": null, "Latitude": 40.7429232, "Longitude": -73.8343499, "Notes": null, "Shape_Leng": 0.0, "Shape_Area": 1388.6163892 }, "geometry": { "type": "MultiPolygon", "coordinates": [ [ [ [ -73.834294366039913, 40.742863277911319 ], [ -73.834430463727443, 40.74289111941026 ], [ -73.834410367318142, 40.742980426240571 ], [ -73.83427097951575, 40.742967201614512 ], [ -73.834294366039913, 40.742863277911319 ] ] ] ] } },
{ "type": "Feature", "properties": { "Borough": "QN", "Block": 6451, "Lot": 39, "CD": 407, "BCT2020": "4080302", "BCTCB2020": "40803021004", "CT2010": "803.02", "CB2010": "1005", "SchoolDist": "25", "Council": 20, "ZipCode": 11367, "FireComp": "E299", "PolicePrct": 109, "HealthCent": 43, "HealthArea": 2012, "Sanitboro": "4", "SanitDistr": "07", "SanitSub": "2C", "Address": "61-10 THOMPSON PLACE", "ZoneDist1": "R3X", "ZoneDist2": null, "ZoneDist3": null, "ZoneDist4": null, "Overlay1": null, "Overlay2": null, "SPDist1": null, "SPDist2": null, "SPDist3": null, "LtdHeight": null, "SplitZone": "N", "BldgClass": "C0", "LandUse": "02", "Easements": 0, "OwnerType": null, "OwnerName": "LEE PLAZA,AMELIA", "LotArea": 4300, "BldgArea": 3220, "ComArea": 0, "ResArea": 3220, "OfficeArea": 0, "RetailArea": 0, "GarageArea": 0, "StrgeArea": 0, "FactryArea": 0, "OtherArea": 0, "AreaSource": "2", "NumBldgs": 2, "NumFloors": 2.0, "UnitsRes": 3, "UnitsTotal": 3, "LotFront": 50.0, "LotDepth": 86.0, "BldgFront": 35.42, "BldgDepth": 46.42, "Ext": "N", "ProxCode": "1", "IrrLotCode": "N", "LotType": "3", "BsmtCode": "2", "AssessLand": 13020.0, "AssessTot": 108480.0, "ExemptTot": 1420.0, "YearBuilt": 1965, "YearAlter1": 2019, "YearAlter2": 0, "HistDist": null, "Landmark": null, "BuiltFAR": 0.75, "ResidFAR": 0.75, "CommFAR": 0.0, "FacilFAR": 1.0, "BoroCode": 4, "BBL": 4064510039.0, "CondoNo": 0, "Tract2010": "080302", "XCoord": 1030496, "YCoord": 209921, "ZoneMap": "10b", "ZMCode": null, "Sanborn": "424 109", "TaxMap": "43003", "EDesigNum": null, "APPBBL": 0.0, "APPDate": null, "PLUTOMapID": "1", "FIRM07_FLA": null, "PFIRM15_FL": null, "Version": "25v4", "DCPEdited": null, "Latitude": 40.7427403, "Longitude": -73.8331089, "Notes": null, "Shape_Leng": 0.0, "Shape_Area": 4257.2930975 }, "geometry": { "type": "MultiPolygon", "coordinates": [ [ [ [ -73.832990932288794, 40.742845741101405 ], [ -73.833044120750046, 40.742609392681175 ], [ -73.833116759287876, 40.742622361807776 ], [ -73.833221102672141, 40.742643709234414 ], [ -73.83317177618035, 40.742862901439786 ], [ -73.832990932288794, 40.742845741101405 ] ] ] ] } },
{ "type": "Feature", "properties": { "Borough": "QN", "Block": 6451, "Lot": 65, "CD": 407, "BCT2020": "4080302", "BCTCB2020": "40803021006", "CT2010": "803.02", "CB2010": "1007", "SchoolDist": "25", "Council": 20, "ZipCode": 11367, "FireComp": "E299", "PolicePrct": 109, "HealthCent": 43, "HealthArea": 2012, "Sanitboro": "4", "SanitDistr": "07", "SanitSub": "2C", "Address": "61-19 134 STREET", "ZoneDist1": "R3X", "ZoneDist2": null, "ZoneDist3": null, "ZoneDist4": null, "Overlay1": null, "Overlay2": null, "SPDist1": null, "SPDist2": null, "SPDist3": null, "LtdHeight": null, "SplitZone": "N", "BldgClass": "A1", "LandUse": "01", "Easements": 0, "OwnerType": null, "OwnerName": "PAKTIK, ISMAIL K", "LotArea": 3800, "BldgArea": 1276, "ComArea": 0, "ResArea": 1276, "OfficeArea": 0, "RetailArea": 0, "GarageArea": 0, "StrgeArea": 0, "FactryArea": 0, "OtherArea": 0, "AreaSource": "2", "NumBldgs": 2, "NumFloors": 2.0, "UnitsRes": 1, "UnitsTotal": 1, "LotFront": 38.0, "LotDepth": 100.0, "BldgFront": 22.0, "BldgDepth": 26.0, "Ext": "EG", "ProxCode": "1", "IrrLotCode": "N", "LotType": "5", "BsmtCode": "2", "AssessLand": 14940.0, "AssessTot": 60300.0, "ExemptTot": 0.0, "YearBuilt": 1920, "YearAlter1": 0, "YearAlter2": 0, "HistDist": null, "Landmark": null, "BuiltFAR": 0.34, "ResidFAR": 0.75, "CommFAR": 0.0, "FacilFAR": 1.0, "BoroCode": 4, "BBL": 4064510064.9999995, "CondoNo": 0, "Tract2010": "080302", "XCoord": 1030857, "YCoord": 209819, "ZoneMap": "10b", "ZMCode": null, "Sanborn": "424 109", "TaxMap": "43003", "EDesigNum": null, "APPBBL": 0.0, "APPDate": null, "PLUTOMapID": "1", "FIRM07_FLA": null, "PFIRM15_FL": null, "Version": "25v4", "DCPEdited": null, "Latitude": 40.7424584, "Longitude": -73.8318069, "Notes": null, "Shape_Leng": 0.0, "Shape_Area": 4395.9714069000001 }, "geometry": { "type": "MultiPolygon", "coordinates": [ [ [ [ -73.83162120241478, 40.742503264003858 ], [ -73.831652460013174, 40.742370905428103 ], [ -73.832001063654531, 40.742428883433483 ], [ -73.831975557098957, 40.742536894575089 ], [ -73.83162120241478, 40.742503264003858 ] ] ] ] } },
{ "type": "Feature", "properties": { "Borough": "QN", "Block": 6482, "Lot": 3, "CD": 408, "BCT2020": "4080900", "BCTCB2020": "40809001000", "CT2010": "809", "CB2010": "1000", "SchoolDist": "25", "Council": 24, "ZipCode": 11367, "FireComp": "E299", "PolicePrct": 107, "HealthCent": 43, "HealthArea": 2012, "Sanitboro": "4", "SanitDistr": "08", "SanitSub": "3C", "Address": "136-51 PARK DRIVE EAST", "ZoneDist1": "R3-2", "ZoneDist2": null, "ZoneDist3": null, "ZoneDist4": null, "Overlay1": null, "Overlay2": null, "SPDist1": null, "SPDist2": null, "SPDist3": null, "LtdHeight": null, "SplitZone": "N", "BldgClass": "C6", "LandUse": "02", "Easements": 0, "OwnerType": null, "OwnerName": "HYDE PARK OWNERS CORP", "LotArea": 292325, "BldgArea": 152470, "ComArea": 0, "ResArea": 152470, "OfficeArea": 0, "RetailArea": 0, "GarageArea": 0, "StrgeArea": 0, "FactryArea": 0, "OtherArea": 0, "AreaSource": "2", "NumBldgs": 106, "NumFloors": 2.0, "UnitsRes": 210, "UnitsTotal": 210, "LotFront": 285.17, "LotDepth": 726.58, "BldgFront": 90.0, "BldgDepth": 30.0, "Ext": "EG", "ProxCode": "0", "IrrLotCode": "Y", "LotType": "5", "BsmtCode": "0", "AssessLand": 1431000.0, "AssessTot": 6070500.0, "ExemptTot": 237965.0, "YearBuilt": 1950, "YearAlter1": 1983, "YearAlter2": 0, "HistDist": null, "Landmark": null, "BuiltFAR": 0.52, "ResidFAR": 0.75, "CommFAR": 0.0, "FacilFAR": 1.0, "BoroCode": 4, "BBL": 4064820003.0, "CondoNo": 0, "Tract2010": "0809", "XCoord": 1030887, "YCoord": 205477, "ZoneMap": "14a", "ZMCode": null, "Sanborn": "424 110", "TaxMap": "43003", "EDesigNum": null, "APPBBL": 0.0, "APPDate": null, "PLUTOMapID": "1", "FIRM07_FLA": null, "PFIRM15_FL": null, "Version": "25v4", "DCPEdited": null, "Latitude": 40.7305406, "Longitude": -73.8317287, "Notes": null, "Shape_Leng": 0.0, "Shape_Area": 301617.95575700002 }, "geometry": { "type": "MultiPolygon", "coordinates": [ [ [ [ -73.830122080907074, 40.730464076663154 ], [ -73.830222856227621, 40.730434021505097 ], [ -73.830242203995596, 40.730428252555676 ], [ -73.830266996569591, 40.730419441629486 ], [ -73.830290686802769, 40.730410263476315 ], [ -73.830313957098937, 40.730400499326436 ], [ -73.830336799249153, 40.730390133021373 ], [ -73.830359159837101, 40.730379195104675 ], [ -73.830381041264374, 40.730367693609601 ], [ -73.83040239854715, 40.730355628553944 ], [ -73.830423202022743, 40.730343032272692 ], [ -73.83046307614363, 40.730316300049743 ], [ -73.830500529925303, 40.73028757313179 ], [ -73.830518280692033, 40.730272508535933 ], [ -73.830535347290748, 40.73025701425351 ], [ -73.830582203903589, 40.730209975850876 ], [ -73.831088167549083, 40.729704285014883 ], [ -73.831585756103195, 40.729990569571989 ], [ -73.831630917301737, 40.730016315563127 ], [ -73.831644405021123, 40.730023311490882 ], [ -73.831680108522335, 40.730040940778466 ], [ -73.83171682512338, 40.730057743969049 ], [ -73.831754278046816, 40.73007358018971 ], [ -73.831792410565001, 40.730088440322127 ], [ -73.831831189528515, 40.730102299135822 ], [ -73.831870564158862, 40.730115144758393 ], [ -73.831910496668357, 40.730126959316003 ], [ -73.831950930115354, 40.730137731681204 ], [ -73.83199183261911, 40.730147456618866 ], [ -73.832074801090428, 40.730163677017408 ], [ -73.832116797212009, 40.730170175137097 ], [ -73.832159053142306, 40.730175566039762 ], [ -73.832201524733009, 40.730179868485187 ], [ -73.83224417441231, 40.730183065351603 ], [ -73.832286878932265, 40.730185142988965 ], [ -73.832324651370897, 40.730186061587325 ], [ -73.832400955563429, 40.730185301110318 ], [ -73.832456908013043, 40.730180146132639 ], [ -73.832511101870381, 40.730173802600156 ], [ -73.832564992551511, 40.730166132163603 ], [ -73.832618537337964, 40.730157154507147 ], [ -73.832671666268098, 40.730146874131272 ], [ -73.832724341497723, 40.730135296335824 ], [ -73.832773146947034, 40.730123270745416 ], [ -73.832811859868173, 40.730112181436724 ], [ -73.833043034788858, 40.730009648326565 ], [ -73.833099106277785, 40.730068822946471 ], [ -73.833173504560534, 40.730143194922277 ], [ -73.83329439904837, 40.730255154909095 ], [ -73.833384962298339, 40.730332694792786 ], [ -73.833472182431819, 40.73040283560956 ], [ -73.83352265337237, 40.73044155314026 ], [ -73.833569401922247, 40.730476270563138 ], [ -73.833674589619093, 40.730550603920697 ], [ -73.8337599828523, 40.730607361317666 ], [ -73.833652199125737, 40.730635357245951 ], [ -73.831230103676305, 40.731264447419044 ], [ -73.831109653813641, 40.730982468039038 ], [ -73.830492557819298, 40.731190656945515 ], [ -73.830122080907074, 40.730464076663154 ] ] ] ] } },
{ "type": "Feature", "properties": { "Borough": "QN", "Block": 6482, "Lot": 100, "CD": 408, "BCT2020": "4080900", "BCTCB2020": "40809001000", "CT2010": "809", "CB2010": "1000", "SchoolDist": "25", "Council": 24, "ZipCode": 11367, "FireComp": "E299", "PolicePrct": 107, "HealthCent": 43, "HealthArea": 2012, "Sanitboro": "4", "SanitDistr": "08", "SanitSub": "3C", "Address": "137-51 68 DRIVE", "ZoneDist1": "R3-2", "ZoneDist2": null, "ZoneDist3": null, "ZoneDist4": null, "Overlay1": null, "Overlay2": null, "SPDist1": null, "SPDist2": null, "SPDist3": null, "LtdHeight": null, "SplitZone": "N", "BldgClass": "C6", "LandUse": "02", "Easements": 0, "OwnerType": null, "OwnerName": "HYDE PARK OWNERS CORP.", "LotArea": 161300, "BldgArea": 68720, "ComArea": 0, "ResArea": 68720, "OfficeArea": 0, "RetailArea": 0, "GarageArea": 0, "StrgeArea": 0, "FactryArea": 0, "OtherArea": 0, "AreaSource": "2", "NumBldgs": 42, "NumFloors": 2.0, "UnitsRes": 80, "UnitsTotal": 80, "LotFront": 410.0, "LotDepth": 310.33, "BldgFront": 160.0, "BldgDepth": 30.0, "Ext": "G", "ProxCode": "0", "IrrLotCode": "Y", "LotType": "5", "BsmtCode": "0", "AssessLand": 787500.0, "AssessTot": 2470500.0, "ExemptTot": 98142.0, "YearBuilt": 1950, "YearAlter1": 1983, "YearAlter2": 0, "HistDist": null, "Landmark": null, "BuiltFAR": 0.43, "ResidFAR": 0.75, "CommFAR": 0.0, "FacilFAR": 1.0, "BoroCode": 4, "BBL": 4064820100.0000005, "CondoNo": 0, "Tract2010": "0809", "XCoord": 1031420, "YCoord": 205692, "ZoneMap": "14a", "ZMCode": null, "Sanborn": "424 110", "TaxMap": "43003", "EDesigNum": null, "APPBBL": 0.0, "APPDate": null, "PLUTOMapID": "1", "FIRM07_FLA": null, "PFIRM15_FL": null, "Version": "25v4", "DCPEdited": null, "Latitude": 40.7311279, "Longitude": -73.8298041, "Notes": null, "Shape_Leng": 0.0, "Shape_Area": 165016.12434899999 }, "geometry": { "type": "MultiPolygon", "coordinates": [ [ [ [ -73.828980729991656, 40.731663816541193 ], [ -73.82898959758829, 40.731660633810598 ], [ -73.829000782298053, 40.731655863303324 ], [ -73.829011200190919, 40.731650557652209 ], [ -73.829022406730076, 40.731643751216609 ], [ -73.829031800877601, 40.731636975298976 ], [ -73.829043543078214, 40.731626710718849 ], [ -73.829054222638007, 40.731614875926269 ], [ -73.829061959677333, 40.731603887671085 ], [ -73.829069673430354, 40.731588987588843 ], [ -73.829074874674731, 40.731572962640286 ], [ -73.829077061309079, 40.731558577557188 ], [ -73.82907715546196, 40.731546358680738 ], [ -73.829075637188964, 40.731534160832517 ], [ -73.829072775277353, 40.731522926346457 ], [ -73.829069163289745, 40.731513334169961 ], [ -73.829066107871867, 40.731506922499506 ], [ -73.82906141378426, 40.731498759643252 ], [ -73.829056085284336, 40.731491051457958 ], [ -73.829049588926168, 40.731483135313141 ], [ -73.829041208454257, 40.731474574360234 ], [ -73.82902875119423, 40.73146595054277 ], [ -73.829020267446651, 40.731461678533655 ], [ -73.829015550604964, 40.73145964091966 ], [ -73.829008807205255, 40.73145709590478 ], [ -73.828715593090465, 40.730883113691029 ], [ -73.830122080907074, 40.730464076663154 ], [ -73.830492557819298, 40.731190656945515 ], [ -73.831109653813641, 40.730982468039038 ], [ -73.831230103676305, 40.731264447419044 ], [ -73.830450057774144, 40.731467035327441 ], [ -73.829734201958388, 40.731608577473182 ], [ -73.828991117621712, 40.731684133927871 ], [ -73.828980729991656, 40.731663816541193 ] ] ] ] } },
{ "type": "Feature", "properties": { "Borough": "QN", "Block": 6484, "Lot": 2, "CD": 408, "BCT2020": "4080900", "BCTCB2020": "40809002000", "CT2010": "809", "CB2010": "2000", "SchoolDist": "25", "Council": 24, "ZipCode": 11367, "FireComp": "E299", "PolicePrct": 107, "HealthCent": 43, "HealthArea": 2012, "Sanitboro": "4", "SanitDistr": "08", "SanitSub": "3C", "Address": "138-40 JEWEL AVENUE", "ZoneDist1": "R3-2", "ZoneDist2": null, "ZoneDist3": null, "ZoneDist4": null, "Overlay1": null, "Overlay2": null, "SPDist1": null, "SPDist2": null, "SPDist3": null, "LtdHeight": null, "SplitZone": "N", "BldgClass": "C6", "LandUse": "02", "Easements": 0, "OwnerType": null, "OwnerName": "JOYCE EQUITIES INC", "LotArea": 143991, "BldgArea": 82296, "ComArea": 5500, "ResArea": 76796, "OfficeArea": 0, "RetailArea": 0, "GarageArea": 5500, "StrgeArea": 0, "FactryArea": 0, "OtherArea": 0, "AreaSource": "2", "NumBldgs": 27, "NumFloors": 3.0, "UnitsRes": 90, "UnitsTotal": 90, "LotFront": 490.0, "LotDepth": 305.0, "BldgFront": 100.0, "BldgDepth": 36.0, "Ext": "EG", "ProxCode": "0", "IrrLotCode": "Y", "LotType": "5", "BsmtCode": "0", "AssessLand": 702450.0, "AssessTot": 4177350.0, "ExemptTot": 114804.0, "YearBuilt": 1950, "YearAlter1": 0, "YearAlter2": 0, "HistDist": null, "Landmark": null, "BuiltFAR": 0.57, "ResidFAR": 0.75, "CommFAR": 0.0, "FacilFAR": 1.0, "BoroCode": 4, "BBL": 4064840002.0, "CondoNo": 0, "Tract2010": "0809", "XCoord": 1031986, "YCoord": 205829, "ZoneMap": "14a", "ZMCode": null, "Sanborn": "424 110", "TaxMap": "43003", "EDesigNum": null, "APPBBL": 0.0, "APPDate": null, "PLUTOMapID": "1", "FIRM07_FLA": null, "PFIRM15_FL": null, "Version": "25v4", "DCPEdited": null, "Latitude": 40.7315009, "Longitude": -73.8277609, "Notes": null, "Shape_Leng": 0.0, "Shape_Area": 173265.94995000001 }, "geometry": { "type": "MultiPolygon", "coordinates": [ [ [ [ -73.82650229041829, 40.73200632648274 ], [ -73.826474470485948, 40.731951738043897 ], [ -73.826445084171567, 40.731894074639335 ], [ -73.826414227996523, 40.73183352465059 ], [ -73.826443374216495, 40.731824782355744 ], [ -73.826505386551815, 40.731806182217184 ], [ -73.826566988869189, 40.731787704743901 ], [ -73.826632086098812, 40.731768178047446 ], [ -73.826687692653906, 40.73175149979388 ], [ -73.826775636814162, 40.731725121175892 ], [ -73.826863819080231, 40.731698670900286 ], [ -73.826702472155375, 40.731382071846724 ], [ -73.828554465569397, 40.730830002095104 ], [ -73.828980729991656, 40.731663816541193 ], [ -73.828991117621712, 40.731684133927871 ], [ -73.828624089079284, 40.731721452431934 ], [ -73.82822538487143, 40.731794906766659 ], [ -73.826551681298113, 40.73210324177272 ], [ -73.82650229041829, 40.73200632648274 ] ] ] ] } },
{ "type": "Feature", "properties": { "Borough": "QN", "Block": 6486, "Lot": 6, "CD": 408, "BCT2020": "4080900", "BCTCB2020": "40809003000", "CT2010": "809", "CB2010": "3000", "SchoolDist": "25", "Council": 24, "ZipCode": 11367, "FireComp": "E299", "PolicePrct": 107, "HealthCent": 43, "HealthArea": 2012, "Sanitboro": "4", "SanitDistr": "08", "SanitSub": "3C", "Address": "68-02 141 STREET", "ZoneDist1": "R4B", "ZoneDist2": null, "ZoneDist3": null, "ZoneDist4": null, "Overlay1": null, "Overlay2": null, "SPDist1": null, "SPDist2": null, "SPDist3": null, "LtdHeight": null, "SplitZone": "N", "BldgClass": "A5", "LandUse": "01", "Easements": 0, "OwnerType": null, "OwnerName": "JEFFREY M KRAMER", "LotArea": 4195, "BldgArea": 946, "ComArea": 0, "ResArea": 946, "OfficeArea": 0, "RetailArea": 0, "GarageArea": 0, "StrgeArea": 0, "FactryArea": 0, "OtherArea": 0, "AreaSource": "2", "NumBldgs": 1, "NumFloors": 1.0, "UnitsRes": 1, "UnitsTotal": 1, "LotFront": 32.67, "LotDepth": 105.58, "BldgFront": 22.33, "BldgDepth": 43.0, "Ext": "G", "ProxCode": "2", "IrrLotCode": "Y", "LotType": "5", "BsmtCode": "1", "AssessLand": 15240.0, "AssessTot": 54240.0, "ExemptTot": 0.0, "YearBuilt": 1940, "YearAlter1": 0, "YearAlter2": 0, "HistDist": null, "Landmark": null, "BuiltFAR": 0.23, "ResidFAR": 1.0, "CommFAR": 0.0, "FacilFAR": 2.0, "BoroCode": 4, "BBL": 4064860005.9999995, "CondoNo": 0, "Tract2010": "0809", "XCoord": 1032379, "YCoord": 206049, "ZoneMap": "14a", "ZMCode": null, "Sanborn": "424 103", "TaxMap": "43003", "EDesigNum": null, "APPBBL": 0.0, "APPDate": null, "PLUTOMapID": "1", "FIRM07_FLA": null, "PFIRM15_FL": null, "Version": "25v4", "DCPEdited": null, "Latitude": 40.7321026, "Longitude": -73.8263413, "Notes": null, "Shape_Leng": 0.0, "Shape_Area": 3587.5902209000001 }, "geometry": { "type": "MultiPolygon", "coordinates": [ [ [ [ -73.82650229041829, 40.73200632648274 ], [ -73.826551681298113, 40.73210324177272 ], [ -73.826082563837787, 40.732192286499313 ], [ -73.826073956378792, 40.732175578892516 ], [ -73.826082130420872, 40.732172867266542 ], [ -73.826087492379074, 40.732170851877633 ], [ -73.826096933470168, 40.732166584241895 ], [ -73.826105455533295, 40.732162082890909 ], [ -73.826113556111991, 40.732157136917245 ], [ -73.826121225751436, 40.732151744549007 ], [ -73.826128330369613, 40.732145997443247 ], [ -73.82613492587042, 40.732139882131889 ], [ -73.826140944599857, 40.732133405789767 ], [ -73.826148787764922, 40.732123215759955 ], [ -73.826153252791286, 40.732116039091757 ], [ -73.826156350892177, 40.732110087822385 ], [ -73.82650229041829, 40.73200632648274 ] ] ] ] } },
{ "type": "Feature", "properties": { "Borough": "QN", "Block": 6486, "Lot": 28, "CD": 408, "BCT2020": "4080900", "BCTCB2020": "40809003000", "CT2010": "809", "CB2010": "3000", "SchoolDist": "25", "Council": 24, "ZipCode": 11367, "FireComp": "E299", "PolicePrct": 107, "HealthCent": 43, "HealthArea": 2012, "Sanitboro": "4", "SanitDistr": "08", "SanitSub": "3C", "Address": "68-03 141 STREET", "ZoneDist1": "R4B", "ZoneDist2": null, "ZoneDist3": null, "ZoneDist4": null, "Overlay1": null, "Overlay2": null, "SPDist1": null, "SPDist2": null, "SPDist3": null, "LtdHeight": null, "SplitZone": "N", "BldgClass": "A5", "LandUse": "01", "Easements": 0, "OwnerType": null, "OwnerName": "MOSES, SOLOMON", "LotArea": 3057, "BldgArea": 2206, "ComArea": 0, "ResArea": 2206, "OfficeArea": 0, "RetailArea": 0, "GarageArea": 0, "StrgeArea": 0, "FactryArea": 0, "OtherArea": 0, "AreaSource": "2", "NumBldgs": 1, "NumFloors": 2.0, "UnitsRes": 1, "UnitsTotal": 1, "LotFront": 57.42, "LotDepth": 104.25, "BldgFront": 22.33, "BldgDepth": 49.4, "Ext": "G", "ProxCode": "2", "IrrLotCode": "N", "LotType": "5", "BsmtCode": "1", "AssessLand": 20880.0, "AssessTot": 72900.0, "ExemptTot": 0.0, "YearBuilt": 1940, "YearAlter1": 2003, "YearAlter2": 0, "HistDist": null, "Landmark": null, "BuiltFAR": 0.72, "ResidFAR": 1.0, "CommFAR": 0.0, "FacilFAR": 2.0, "BoroCode": 4, "BBL": 4064860027.9999995, "CondoNo": 0, "Tract2010": "0809", "XCoord": 1032535, "YCoord": 206088, "ZoneMap": "14a", "ZMCode": null, "Sanborn": "424 103", "TaxMap": "43003", "EDesigNum": null, "APPBBL": 0.0, "APPDate": null, "PLUTOMapID": "1", "FIRM07_FLA": null, "PFIRM15_FL": null, "Version": "25v4", "DCPEdited": null, "Latitude": 40.7322088, "Longitude": -73.8257782, "Notes": null, "Shape_Leng": 0.0, "Shape_Area": 3746.953374 }, "geometry": { "type": "MultiPolygon", "coordinates": [ [ [ [ -73.825537745261173, 40.732225800765519 ], [ -73.825879504260683, 40.732124256558372 ], [ -73.825883052089111, 40.732128779755058 ], [ -73.825889090680448, 40.732135539114999 ], [ -73.825895782177014, 40.732142017610649 ], [ -73.825903012282083, 40.732148099784432 ], [ -73.82591077602865, 40.732153792824477 ], [ -73.82591911496803, 40.732159104991901 ], [ -73.825927787930524, 40.732163904324267 ], [ -73.8259368964911, 40.732168250456262 ], [ -73.825946463129284, 40.732172127193969 ], [ -73.825956348469745, 40.732175504625815 ], [ -73.825966439937048, 40.732178324101511 ], [ -73.825976818157173, 40.732180623477056 ], [ -73.825987319699138, 40.732182362010832 ], [ -73.825998083195785, 40.732183557983085 ], [ -73.826014228170635, 40.732184277615211 ], [ -73.826024985800288, 40.732184057039582 ], [ -73.826035704667362, 40.732183266342304 ], [ -73.82604642393278, 40.732181902068525 ], [ -73.826056852166332, 40.732180001592866 ], [ -73.826067198938546, 40.732177540803406 ], [ -73.826073956378792, 40.732175578892516 ], [ -73.826082563837787, 40.732192286499313 ], [ -73.82568350717915, 40.732268029573838 ], [ -73.825570133680571, 40.732289549219665 ], [ -73.825537745261173, 40.732225800765519 ] ] ] ] } },
{ "type": "Feature", "properties": { "Borough": "QN", "Block": 6486, "Lot": 38, "CD": 408, "BCT2020": "4080900", "BCTCB2020": "40809003000", "CT2010": "809", "CB2010": "3000", "SchoolDist": "25", "Council": 24, "ZipCode": 11367, "FireComp": "E299", "PolicePrct": 107, "HealthCent": 43, "HealthArea": 2012, "Sanitboro": "4", "SanitDistr": "08", "SanitSub": "3C", "Address": "67-24 MAIN STREET", "ZoneDist1": "R3-2", "ZoneDist2": "R4", "ZoneDist3": null, "ZoneDist4": null, "Overlay1": "C1-2", "Overlay2": null, "SPDist1": null, "SPDist2": null, "SPDist3": null, "LtdHeight": null, "SplitZone": "Y", "BldgClass": "G4", "LandUse": "07", "Easements": 0, "OwnerType": null, "OwnerName": "GTY-CPG(QNS/BX)LEASING,INC.", "LotArea": 12130, "BldgArea": 3075, "ComArea": 3075, "ResArea": 0, "OfficeArea": 0, "RetailArea": 0, "GarageArea": 3075, "StrgeArea": 0, "FactryArea": 0, "OtherArea": 0, "AreaSource": "2", "NumBldgs": 1, "NumFloors": 1.0, "UnitsRes": 0, "UnitsTotal": 1, "LotFront": 226.94, "LotDepth": 107.6, "BldgFront": 67.0, "BldgDepth": 58.0, "Ext": "N", "ProxCode": "0", "IrrLotCode": "Y", "LotType": "5", "BsmtCode": "0", "AssessLand": 327600.0, "AssessTot": 851400.0, "ExemptTot": 0.0, "YearBuilt": 1949, "YearAlter1": 0, "YearAlter2": 0, "HistDist": null, "Landmark": null, "BuiltFAR": 0.25, "ResidFAR": 0.75, "CommFAR": 0.0, "FacilFAR": 1.0, "BoroCode": 4, "BBL": 4064860037.9999995, "CondoNo": 0, "Tract2010": "0809", "XCoord": 1032612, "YCoord": 206378, "ZoneMap": "14a", "ZMCode": null, "Sanborn": "424 103", "TaxMap": "43003", "EDesigNum": null, "APPBBL": 0.0, "APPDate": null, "PLUTOMapID": "1", "FIRM07_FLA": null, "PFIRM15_FL": null, "Version": "25v4", "DCPEdited": null, "Latitude": 40.7330043, "Longitude": -73.8254983, "Notes": null, "Shape_Leng": 0.0, "Shape_Area": 14153.2116415 }, "geometry": { "type": "MultiPolygon", "coordinates": [ [ [ [ -73.82526109540737, 40.732832524993277 ], [ -73.825646745811426, 40.732717942142038 ], [ -73.825585869021566, 40.73346295090461 ], [ -73.82526109540737, 40.732832524993277 ] ] ] ] } },
{ "type": "Feature", "properties": { "Borough": "QN", "Block": 6486, "Lot": 39, "CD": 408, "BCT2020": "4080900", "BCTCB2020": "40809003000", "CT2010": "809", "CB2010": "3000", "SchoolDist": "25", "Council": 24, "ZipCode": 11367, "FireComp": "E299", "PolicePrct": 107, "HealthCent": 43, "HealthArea": 2012, "Sanitboro": "4", "SanitDistr": "08", "SanitSub": "3C", "Address": "68-16 MAIN STREET", "ZoneDist1": "R4B", "ZoneDist2": "R4", "ZoneDist3": "R3-2", "ZoneDist4": null, "Overlay1": "C1-2", "Overlay2": null, "SPDist1": null, "SPDist2": null, "SPDist3": null, "LtdHeight": null, "SplitZone": "Y", "BldgClass": "K1", "LandUse": "05", "Easements": 0, "OwnerType": null, "OwnerName": "MAIN PROPERTIES DM, LLC", "LotArea": 42250, "BldgArea": 25518, "ComArea": 25518, "ResArea": 0, "OfficeArea": 0, "RetailArea": 25518, "GarageArea": 0, "StrgeArea": 0, "FactryArea": 0, "OtherArea": 0, "AreaSource": "2", "NumBldgs": 2, "NumFloors": 1.0, "UnitsRes": 0, "UnitsTotal": 15, "LotFront": 315.42, "LotDepth": 111.0, "BldgFront": 315.0, "BldgDepth": 107.0, "Ext": "N", "ProxCode": "0", "IrrLotCode": "Y", "LotType": "5", "BsmtCode": "0", "AssessLand": 1140750.0, "AssessTot": 3490650.0, "ExemptTot": 0.0, "YearBuilt": 1950, "YearAlter1": 2025, "YearAlter2": 0, "HistDist": null, "Landmark": null, "BuiltFAR": 0.6, "ResidFAR": 1.0, "CommFAR": 0.0, "FacilFAR": 2.0, "BoroCode": 4, "BBL": 4064860039.0, "CondoNo": 0, "Tract2010": "0809", "XCoord": 1032667, "YCoord": 206148, "ZoneMap": "14a", "ZMCode": null, "Sanborn": "424 103", "TaxMap": "43003", "EDesigNum": null, "APPBBL": 0.0, "APPDate": null, "PLUTOMapID": "1", "FIRM07_FLA": null, "PFIRM15_FL": null, "Version": "25v4", "DCPEdited": null, "Latitude": 40.7323728, "Longitude": -73.8253015, "Notes": null, "Shape_Leng": 0.0, "Shape_Area": 43900.757017600001 }, "geometry": { "type": "MultiPolygon", "coordinates": [ [ [ [ -73.825216630048629, 40.731912499040185 ], [ -73.825341717086118, 40.732155314060783 ], [ -73.825419440056905, 40.732132221447642 ], [ -73.825479830610718, 40.732114278560353 ], [ -73.825509999795557, 40.732173321116939 ], [ -73.825537745261173, 40.732225800765519 ], [ -73.825570133680571, 40.732289549219665 ], [ -73.82568350717915, 40.732268029573838 ], [ -73.825646745811426, 40.732717942142038 ], [ -73.82526109540737, 40.732832524993277 ], [ -73.824844150484779, 40.732023167966169 ], [ -73.825216630048629, 40.731912499040185 ] ] ] ] } },
{ "type": "Feature", "properties": { "Borough": "QN", "Block": 6501, "Lot": 17, "CD": 407, "BCT2020": "4080302", "BCTCB2020": "40803022007", "CT2010": "803.02", "CB2010": "2007", "SchoolDist": "25", "Council": 20, "ZipCode": 11367, "FireComp": "E299", "PolicePrct": 109, "HealthCent": 43, "HealthArea": 2012, "Sanitboro": "4", "SanitDistr": "07", "SanitSub": "2C", "Address": "63-40 136 STREET", "ZoneDist1": "R3-1", "ZoneDist2": null, "ZoneDist3": null, "ZoneDist4": null, "Overlay1": null, "Overlay2": null, "SPDist1": null, "SPDist2": null, "SPDist3": null, "LtdHeight": null, "SplitZone": "N", "BldgClass": "A5", "LandUse": "01", "Easements": 0, "OwnerType": null, "OwnerName": "HUANG, XIANG", "LotArea": 2796, "BldgArea": 1216, "ComArea": 0, "ResArea": 1216, "OfficeArea": 0, "RetailArea": 0, "GarageArea": 0, "StrgeArea": 0, "FactryArea": 0, "OtherArea": 0, "AreaSource": "2", "NumBldgs": 2, "NumFloors": 2.0, "UnitsRes": 1, "UnitsTotal": 1, "LotFront": 25.42, "LotDepth": 110.0, "BldgFront": 16.0, "BldgDepth": 38.0, "Ext": "G", "ProxCode": "2", "IrrLotCode": "N", "LotType": "5", "BsmtCode": "2", "AssessLand": 8880.0, "AssessTot": 57240.0, "ExemptTot": 0.0, "YearBuilt": 1950, "YearAlter1": 0, "YearAlter2": 0, "HistDist": null, "Landmark": null, "BuiltFAR": 0.43, "ResidFAR": 0.75, "CommFAR": 0.0, "FacilFAR": 1.0, "BoroCode": 4, "BBL": 4065010017.0, "CondoNo": 0, "Tract2010": "080302", "XCoord": 1031158, "YCoord": 208574, "ZoneMap": "10b", "ZMCode": null, "Sanborn": "424 109", "TaxMap": "43003", "EDesigNum": null, "APPBBL": 0.0, "APPDate": null, "PLUTOMapID": "1", "FIRM07_FLA": null, "PFIRM15_FL": null, "Version": "25v4", "DCPEdited": null, "Latitude": 40.7390396, "Longitude": -73.8307293, "Notes": null, "Shape_Leng": 0.0, "Shape_Area": 2659.5285276 }, "geometry": { "type": "MultiPolygon", "coordinates": [ [ [ [ -73.830527187102405, 40.739019498867421 ], [ -73.830939444278314, 40.738995334054941 ], [ -73.830928669145734, 40.739059861301271 ], [ -73.830516415083551, 40.739084026916636 ], [ -73.830527187102405, 40.739019498867421 ] ] ] ] } },
{ "type": "Feature", "properties": { "Borough": "QN", "Block": 6501, "Lot": 69, "CD": 407, "BCT2020": "4080302", "BCTCB2020": "40803022007", "CT2010": "803.02", "CB2010": "2007", "SchoolDist": "25", "Council": 20, "ZipCode": 11367, "FireComp": "E299", "PolicePrct": 109, "HealthCent": 43, "HealthArea": 2012, "Sanitboro": "4", "SanitDistr": "07", "SanitSub": "2C", "Address": "137-24 64 ROAD", "ZoneDist1": "R3-1", "ZoneDist2": null, "ZoneDist3": null, "ZoneDist4": null, "Overlay1": null, "Overlay2": null, "SPDist1": null, "SPDist2": null, "SPDist3": null, "LtdHeight": null, "SplitZone": "N", "BldgClass": "A5", "LandUse": "01", "Easements": 0, "OwnerType": null, "OwnerName": "ALAHAKONE, SENADHI L", "LotArea": 3990, "BldgArea": 1216, "ComArea": 0, "ResArea": 1216, "OfficeArea": 0, "RetailArea": 0, "GarageArea": 0, "StrgeArea": 0, "FactryArea": 0, "OtherArea": 0, "AreaSource": "2", "NumBldgs": 1, "NumFloors": 2.0, "UnitsRes": 1, "UnitsTotal": 1, "LotFront": 21.17, "LotDepth": 124.25, "BldgFront": 16.0, "BldgDepth": 38.0, "Ext": "N", "ProxCode": "2", "IrrLotCode": "Y", "LotType": "5", "BsmtCode": "2", "AssessLand": 11400.0, "AssessTot": 53040.0, "ExemptTot": 0.0, "YearBuilt": 1950, "YearAlter1": 0, "YearAlter2": 0, "HistDist": null, "Landmark": null, "BuiltFAR": 0.3, "ResidFAR": 0.75, "CommFAR": 0.0, "FacilFAR": 1.0, "BoroCode": 4, "BBL": 4065010069.0, "CondoNo": 0, "Tract2010": "080302", "XCoord": 1031812, "YCoord": 207888, "ZoneMap": "14a", "ZMCode": null, "Sanborn": "424 109", "TaxMap": "43003", "EDesigNum": null, "APPBBL": 0.0, "APPDate": null, "PLUTOMapID": "1", "FIRM07_FLA": null, "PFIRM15_FL": null, "Version": "25v4", "DCPEdited": null, "Latitude": 40.7371533, "Longitude": -73.8283742, "Notes": null, "Shape_Leng": 0.0, "Shape_Area": 4449.0127534000003 }, "geometry": { "type": "MultiPolygon", "coordinates": [ [ [ [ -73.828188003470373, 40.737034692620121 ], [ -73.828394209380619, 40.737022802065695 ], [ -73.828515017841497, 40.737312447033915 ], [ -73.828493650649946, 40.737318648467024 ], [ -73.828470856051723, 40.737326983868449 ], [ -73.828447160125734, 40.737337789750157 ], [ -73.828188003470373, 40.737034692620121 ] ] ] ] } },
{ "type": "Feature", "properties": { "Borough": "QN", "Block": 6501, "Lot": 72, "CD": 407, "BCT2020": "4080302", "BCTCB2020": "40803022007", "CT2010": "803.02", "CB2010": "2007", "SchoolDist": "25", "Council": 20, "ZipCode": 11367, "FireComp": "E299", "PolicePrct": 109, "HealthCent": 43, "HealthArea": 2012, "Sanitboro": "4", "SanitDistr": "07", "SanitSub": "2C", "Address": "64-53 138 STREET", "ZoneDist1": "R3-1", "ZoneDist2": null, "ZoneDist3": null, "ZoneDist4": null, "Overlay1": null, "Overlay2": null, "SPDist1": null, "SPDist2": null, "SPDist3": null, "LtdHeight": null, "SplitZone": "N", "BldgClass": "A5", "LandUse": "01", "Easements": 0, "OwnerType": null, "OwnerName": "KUNDU BANDANA", "LotArea": 4455, "BldgArea": 1696, "ComArea": 0, "ResArea": 1696, "OfficeArea": 0, "RetailArea": 0, "GarageArea": 0, "StrgeArea": 0, "FactryArea": 0, "OtherArea": 0, "AreaSource": "2", "NumBldgs": 1, "NumFloors": 2.0, "UnitsRes": 1, "UnitsTotal": 1, "LotFront": 21.17, "LotDepth": 126.25, "BldgFront": 16.0, "BldgDepth": 51.0, "Ext": "N", "ProxCode": "2", "IrrLotCode": "Y", "LotType": "5", "BsmtCode": "2", "AssessLand": 9960.0, "AssessTot": 62760.0, "ExemptTot": 32800.0, "YearBuilt": 1950, "YearAlter1": 2008, "YearAlter2": 2008, "HistDist": null, "Landmark": null, "BuiltFAR": 0.38, "ResidFAR": 0.75, "CommFAR": 0.0, "FacilFAR": 1.0, "BoroCode": 4, "BBL": 4065010072.0, "CondoNo": 0, "Tract2010": "080302", "XCoord": 1031873, "YCoord": 207937, "ZoneMap": "14a", "ZMCode": null, "Sanborn": "424 109", "TaxMap": "43003", "EDesigNum": null, "APPBBL": 0.0, "APPDate": null, "PLUTOMapID": "1", "FIRM07_FLA": null, "PFIRM15_FL": null, "Version": "25v4", "DCPEdited": null, "Latitude": 40.7372874, "Longitude": -73.8281537, "Notes": null, "Shape_Leng": 0.0, "Shape_Area": 4813.3853538000003 }, "geometry": { "type": "MultiPolygon", "coordinates": [ [ [ [ -73.827979742464052, 40.737292686054111 ], [ -73.82799528439989, 40.737191848741958 ], [ -73.828036713705771, 40.737131946711223 ], [ -73.828386958799086, 40.73737864610208 ], [ -73.828363534640886, 40.737402929377531 ], [ -73.828348048106093, 40.73742413307405 ], [ -73.827979742464052, 40.737292686054111 ] ] ] ] } },
{ "type": "Feature", "properties": { "Borough": "QN", "Block": 6501, "Lot": 80, "CD": 407, "BCT2020": "4080302", "BCTCB2020": "40803022007", "CT2010": "803.02", "CB2010": "2007", "SchoolDist": "25", "Council": 20, "ZipCode": 11367, "FireComp": "E299", "PolicePrct": 109, "HealthCent": 43, "HealthArea": 2012, "Sanitboro": "4", "SanitDistr": "07", "SanitSub": "2C", "Address": "64-43 138 STREET", "ZoneDist1": "R3X", "ZoneDist2": null, "ZoneDist3": null, "ZoneDist4": null, "Overlay1": null, "Overlay2": null, "SPDist1": null, "SPDist2": null, "SPDist3": null, "LtdHeight": null, "SplitZone": "N", "BldgClass": "A2", "LandUse": "01", "Easements": 0, "OwnerType": null, "OwnerName": "CARDONA, MARIA DEL PILAR", "LotArea": 4000, "BldgArea": 1100, "ComArea": 0, "ResArea": 1100, "OfficeArea": 0, "RetailArea": 0, "GarageArea": 0, "StrgeArea": 0, "FactryArea": 0, "OtherArea": 0, "AreaSource": "2", "NumBldgs": 2, "NumFloors": 1.67, "UnitsRes": 1, "UnitsTotal": 1, "LotFront": 40.0, "LotDepth": 100.0, "BldgFront": 23.67, "BldgDepth": 33.5, "Ext": "G", "ProxCode": "1", "IrrLotCode": "N", "LotType": "5", "BsmtCode": "2", "AssessLand": 13620.0, "AssessTot": 52020.0, "ExemptTot": 0.0, "YearBuilt": 1945, "YearAlter1": 0, "YearAlter2": 0, "HistDist": null, "Landmark": null, "BuiltFAR": 0.28, "ResidFAR": 0.75, "CommFAR": 0.0, "FacilFAR": 1.0, "BoroCode": 4, "BBL": 4065010080.0, "CondoNo": 0, "Tract2010": "080302", "XCoord": 1031877, "YCoord": 208086, "ZoneMap": "14a", "ZMCode": "Y", "Sanborn": "424 109", "TaxMap": "43003", "EDesigNum": null, "APPBBL": 0.0, "APPDate": null, "PLUTOMapID": "1", "FIRM07_FLA": null, "PFIRM15_FL": null, "Version": "25v4", "DCPEdited": null, "Latitude": 40.7376964, "Longitude": -73.8281382, "Notes": null, "Shape_Leng": 0.0, "Shape_Area": 4051.1643577999998 }, "geometry": { "type": "MultiPolygon", "coordinates": [ [ [ [ -73.827951506518176, 40.737753873529485 ], [ -73.82794946807563, 40.737645198914194 ], [ -73.82831957654227, 40.737641518400352 ], [ -73.828319691754572, 40.737750211722059 ], [ -73.827951506518176, 40.737753873529485 ] ] ] ] } },
{ "type": "Feature", "properties": { "Borough": "QN", "Block": 6501, "Lot": 82, "CD": 407, "BCT2020": "4080302", "BCTCB2020": "40803022007", "CT2010": "803.02", "CB2010": "2007", "SchoolDist": "25", "Council": 20, "ZipCode": 11367, "FireComp": "E299", "PolicePrct": 109, "HealthCent": 43, "HealthArea": 2012, "Sanitboro": "4", "SanitDistr": "07", "SanitSub": "2C", "Address": "64-39 138 STREET", "ZoneDist1": "R3X", "ZoneDist2": null, "ZoneDist3": null, "ZoneDist4": null, "Overlay1": null, "Overlay2": null, "SPDist1": null, "SPDist2": null, "SPDist3": null, "LtdHeight": null, "SplitZone": "N", "BldgClass": "A2", "LandUse": "01", "Easements": 0, "OwnerType": null, "OwnerName": "CHOY, KIM MING", "LotArea": 4000, "BldgArea": 1100, "ComArea": 0, "ResArea": 1100, "OfficeArea": 0, "RetailArea": 0, "GarageArea": 0, "StrgeArea": 0, "FactryArea": 0, "OtherArea": 0, "AreaSource": "2", "NumBldgs": 2, "NumFloors": 1.67, "UnitsRes": 1, "UnitsTotal": 1, "LotFront": 40.0, "LotDepth": 100.0, "BldgFront": 23.67, "BldgDepth": 33.5, "Ext": "E", "ProxCode": "1", "IrrLotCode": "N", "LotType": "5", "BsmtCode": "2", "AssessLand": 13620.0, "AssessTot": 52020.0, "ExemptTot": 0.0, "YearBuilt": 1945, "YearAlter1": 0, "YearAlter2": 0, "HistDist": null, "Landmark": null, "BuiltFAR": 0.28, "ResidFAR": 0.75, "CommFAR": 0.0, "FacilFAR": 1.0, "BoroCode": 4, "BBL": 4065010082.0, "CondoNo": 0, "Tract2010": "080302", "XCoord": 1031877, "YCoord": 208127, "ZoneMap": "10b", "ZMCode": null, "Sanborn": "424 109", "TaxMap": "43003", "EDesigNum": null, "APPBBL": 0.0, "APPDate": null, "PLUTOMapID": "1", "FIRM07_FLA": null, "PFIRM15_FL": null, "Version": "25v4", "DCPEdited": null, "Latitude": 40.7378089, "Longitude": -73.8281379, "Notes": null, "Shape_Leng": 0.0, "Shape_Area": 4273.2816192 }, "geometry": { "type": "MultiPolygon", "coordinates": [ [ [ [ -73.827951506518176, 40.737753873529485 ], [ -73.828319691754572, 40.737750211722059 ], [ -73.828319811345423, 40.737865484179608 ], [ -73.827953668869142, 40.73786912561787 ], [ -73.827951506518176, 40.737753873529485 ] ] ] ] } },
{ "type": "Feature", "properties": { "Borough": "QN", "Block": 6501, "Lot": 108, "CD": 407, "BCT2020": "4080302", "BCTCB2020": "40803022007", "CT2010": "803.02", "CB2010": "2007", "SchoolDist": "25", "Council": 20, "ZipCode": 11367, "FireComp": "E299", "PolicePrct": 109, "HealthCent": 43, "HealthArea": 2012, "Sanitboro": "4", "SanitDistr": "07", "SanitSub": "2C", "Address": "138-24 64 AVENUE", "ZoneDist1": "R3-1", "ZoneDist2": null, "ZoneDist3": null, "ZoneDist4": null, "Overlay1": null, "Overlay2": null, "SPDist1": null, "SPDist2": null, "SPDist3": null, "LtdHeight": null, "SplitZone": "N", "BldgClass": "A5", "LandUse": "01", "Easements": 0, "OwnerType": null, "OwnerName": "O''CONNOR, MARGARET L", "LotArea": 3619, "BldgArea": 1048, "ComArea": 0, "ResArea": 1048, "OfficeArea": 0, "RetailArea": 0, "GarageArea": 0, "StrgeArea": 0, "FactryArea": 0, "OtherArea": 0, "AreaSource": "2", "NumBldgs": 1, "NumFloors": 2.0, "UnitsRes": 1, "UnitsTotal": 1, "LotFront": 25.0, "LotDepth": 144.75, "BldgFront": 16.0, "BldgDepth": 29.67, "Ext": "E", "ProxCode": "2", "IrrLotCode": "N", "LotType": "5", "BsmtCode": "2", "AssessLand": 13080.0, "AssessTot": 49140.0, "ExemptTot": 0.0, "YearBuilt": 1950, "YearAlter1": 0, "YearAlter2": 0, "HistDist": null, "Landmark": null, "BuiltFAR": 0.29, "ResidFAR": 0.75, "CommFAR": 0.0, "FacilFAR": 1.0, "BoroCode": 4, "BBL": 4065010107.9999995, "CondoNo": 0, "Tract2010": "080302", "XCoord": 1032038, "YCoord": 208456, "ZoneMap": "10b", "ZMCode": null, "Sanborn": "424 109", "TaxMap": "43003", "EDesigNum": null, "APPBBL": 0.0, "APPDate": null, "PLUTOMapID": "1", "FIRM07_FLA": null, "PFIRM15_FL": null, "Version": "25v4", "DCPEdited": null, "Latitude": 40.7387111, "Longitude": -73.8275546, "Notes": null, "Shape_Leng": 0.0, "Shape_Area": 3739.6613256000001 }, "geometry": { "type": "MultiPolygon", "coordinates": [ [ [ [ -73.827498385679263, 40.73851486495537 ], [ -73.827591524423511, 40.738512563331327 ], [ -73.827604412094743, 40.738909164678532 ], [ -73.827511323398355, 40.738912991935479 ], [ -73.827498385679263, 40.73851486495537 ] ] ] ] } },
{ "type": "Feature", "properties": { "Borough": "QN", "Block": 6501, "Lot": 109, "CD": 407, "BCT2020": "4080302", "BCTCB2020": "40803022007", "CT2010": "803.02", "CB2010": "2007", "SchoolDist": "25", "Council": 20, "ZipCode": 11367, "FireComp": "E299", "PolicePrct": 109, "HealthCent": 43, "HealthArea": 2012, "Sanitboro": "4", "SanitDistr": "07", "SanitSub": "2C", "Address": "138-26 64 AVENUE", "ZoneDist1": "R3-1", "ZoneDist2": null, "ZoneDist3": null, "ZoneDist4": null, "Overlay1": null, "Overlay2": null, "SPDist1": null, "SPDist2": null, "SPDist3": null, "LtdHeight": null, "SplitZone": "N", "BldgClass": "A5", "LandUse": "01", "Easements": 0, "OwnerType": null, "OwnerName": "SHAMSI, FATMA", "LotArea": 3575, "BldgArea": 1048, "ComArea": 0, "ResArea": 1048, "OfficeArea": 0, "RetailArea": 0, "GarageArea": 0, "StrgeArea": 0, "FactryArea": 0, "OtherArea": 0, "AreaSource": "2", "NumBldgs": 2, "NumFloors": 2.0, "UnitsRes": 1, "UnitsTotal": 1, "LotFront": 25.0, "LotDepth": 143.0, "BldgFront": 16.0, "BldgDepth": 29.67, "Ext": "EG", "ProxCode": "2", "IrrLotCode": "N", "LotType": "5", "BsmtCode": "2", "AssessLand": 12960.0, "AssessTot": 47880.0, "ExemptTot": 0.0, "YearBuilt": 1950, "YearAlter1": 0, "YearAlter2": 0, "HistDist": null, "Landmark": null, "BuiltFAR": 0.29, "ResidFAR": 0.75, "CommFAR": 0.0, "FacilFAR": 1.0, "BoroCode": 4, "BBL": 4065010109.0, "CondoNo": 0, "Tract2010": "080302", "XCoord": 1032064, "YCoord": 208458, "ZoneMap": "10b", "ZMCode": null, "Sanborn": "424 109", "TaxMap": "43003", "EDesigNum": null, "APPBBL": 0.0, "APPDate": null, "PLUTOMapID": "1", "FIRM07_FLA": null, "PFIRM15_FL": null, "Version": "25v4", "DCPEdited": null, "Latitude": 40.7387164, "Longitude": -73.8274608, "Notes": null, "Shape_Leng": 0.0, "Shape_Area": 3576.3644574999998 }, "geometry": { "type": "MultiPolygon", "coordinates": [ [ [ [ -73.827409542074136, 40.738521329776198 ], [ -73.82745520729776, 40.738515932228431 ], [ -73.827498385679263, 40.73851486495537 ], [ -73.827511323398355, 40.738912991935479 ], [ -73.827422387104377, 40.738916651581697 ], [ -73.827409542074136, 40.738521329776198 ] ] ] ] } },
{ "type": "Feature", "properties": { "Borough": "QN", "Block": 6501, "Lot": 110, "CD": 407, "BCT2020": "4080302", "BCTCB2020": "40803022007", "CT2010": "803.02", "CB2010": "2007", "SchoolDist": "25", "Council": 20, "ZipCode": 11367, "FireComp": "E299", "PolicePrct": 109, "HealthCent": 43, "HealthArea": 2012, "Sanitboro": "4", "SanitDistr": "07", "SanitSub": "2C", "Address": "138-28 64 AVENUE", "ZoneDist1": "R3-1", "ZoneDist2": null, "ZoneDist3": null, "ZoneDist4": null, "Overlay1": null, "Overlay2": null, "SPDist1": null, "SPDist2": null, "SPDist3": null, "LtdHeight": null, "SplitZone": "N", "BldgClass": "A5", "LandUse": "01", "Easements": 0, "OwnerType": null, "OwnerName": "MALHOTRA, MUKTA", "LotArea": 3606, "BldgArea": 1168, "ComArea": 0, "ResArea": 1168, "OfficeArea": 0, "RetailArea": 0, "GarageArea": 0, "StrgeArea": 0, "FactryArea": 0, "OtherArea": 0, "AreaSource": "2", "NumBldgs": 2, "NumFloors": 2.0, "UnitsRes": 1, "UnitsTotal": 1, "LotFront": 25.0, "LotDepth": 144.25, "BldgFront": 16.0, "BldgDepth": 29.67, "Ext": "G", "ProxCode": "2", "IrrLotCode": "N", "LotType": "5", "BsmtCode": "2", "AssessLand": 13020.0, "AssessTot": 52320.0, "ExemptTot": 1420.0, "YearBuilt": 1950, "YearAlter1": 0, "YearAlter2": 0, "HistDist": null, "Landmark": null, "BuiltFAR": 0.32, "ResidFAR": 0.75, "CommFAR": 0.0, "FacilFAR": 1.0, "BoroCode": 4, "BBL": 4065010110.0, "CondoNo": 0, "Tract2010": "080302", "XCoord": 1032089, "YCoord": 208460, "ZoneMap": "10b", "ZMCode": null, "Sanborn": "424 109", "TaxMap": "43003", "EDesigNum": null, "APPBBL": 0.0, "APPDate": null, "PLUTOMapID": "1", "FIRM07_FLA": null, "PFIRM15_FL": null, "Version": "25v4", "DCPEdited": null, "Latitude": 40.7387218, "Longitude": -73.8273706, "Notes": null, "Shape_Leng": 0.0, "Shape_Area": 3805.8066984000002 }, "geometry": { "type": "MultiPolygon", "coordinates": [ [ [ [ -73.827313660543552, 40.738532661111563 ], [ -73.827409542074136, 40.738521329776198 ], [ -73.827422387104377, 40.738916651581697 ], [ -73.827326264779927, 40.738920605569298 ], [ -73.827313660543552, 40.738532661111563 ] ] ] ] } },
{ "type": "Feature", "properties": { "Borough": "QN", "Block": 6501, "Lot": 112, "CD": 407, "BCT2020": "4080302", "BCTCB2020": "40803022007", "CT2010": "803.02", "CB2010": "2007", "SchoolDist": "25", "Council": 20, "ZipCode": 11367, "FireComp": "E299", "PolicePrct": 109, "HealthCent": 43, "HealthArea": 2012, "Sanitboro": "4", "SanitDistr": "07", "SanitSub": "2C", "Address": "138-30 64 AVENUE", "ZoneDist1": "R3-1", "ZoneDist2": null, "ZoneDist3": null, "ZoneDist4": null, "Overlay1": null, "Overlay2": null, "SPDist1": null, "SPDist2": null, "SPDist3": null, "LtdHeight": null, "SplitZone": "N", "BldgClass": "A5", "LandUse": "01", "Easements": 0, "OwnerType": null, "OwnerName": "OLIER ZAPATIERO, HUGO N", "LotArea": 3492, "BldgArea": 1048, "ComArea": 0, "ResArea": 1048, "OfficeArea": 0, "RetailArea": 0, "GarageArea": 0, "StrgeArea": 0, "FactryArea": 0, "OtherArea": 0, "AreaSource": "2", "NumBldgs": 1, "NumFloors": 2.0, "UnitsRes": 1, "UnitsTotal": 1, "LotFront": 25.0, "LotDepth": 139.67, "BldgFront": 16.0, "BldgDepth": 29.67, "Ext": "E", "ProxCode": "2", "IrrLotCode": "N", "LotType": "5", "BsmtCode": "2", "AssessLand": 12780.0, "AssessTot": 48000.0, "ExemptTot": 0.0, "YearBuilt": 1950, "YearAlter1": 0, "YearAlter2": 0, "HistDist": null, "Landmark": null, "BuiltFAR": 0.3, "ResidFAR": 0.75, "CommFAR": 0.0, "FacilFAR": 1.0, "BoroCode": 4, "BBL": 4065010112.0, "CondoNo": 0, "Tract2010": "080302", "XCoord": 1032114, "YCoord": 208463, "ZoneMap": "10b", "ZMCode": null, "Sanborn": "424 109", "TaxMap": "43003", "EDesigNum": null, "APPBBL": 0.0, "APPDate": null, "PLUTOMapID": "1", "FIRM07_FLA": null, "PFIRM15_FL": null, "Version": "25v4", "DCPEdited": null, "Latitude": 40.7387299, "Longitude": -73.8272803, "Notes": null, "Shape_Leng": 0.0, "Shape_Area": 3345.3383629 }, "geometry": { "type": "MultiPolygon", "coordinates": [ [ [ [ -73.82722784645054, 40.7385428026071 ], [ -73.827313660543552, 40.738532661111563 ], [ -73.827326264779927, 40.738920605569298 ], [ -73.827240238869578, 40.738924144201519 ], [ -73.82722784645054, 40.7385428026071 ] ] ] ] } },
{ "type": "Feature", "properties": { "Borough": "QN", "Block": 6501, "Lot": 113, "CD": 407, "BCT2020": "4080302", "BCTCB2020": "40803022007", "CT2010": "803.02", "CB2010": "2007", "SchoolDist": "25", "Council": 20, "ZipCode": 11367, "FireComp": "E299", "PolicePrct": 109, "HealthCent": 43, "HealthArea": 2012, "Sanitboro": "4", "SanitDistr": "07", "SanitSub": "2C", "Address": "138-34 64 AVENUE", "ZoneDist1": "R3-1", "ZoneDist2": null, "ZoneDist3": null, "ZoneDist4": null, "Overlay1": null, "Overlay2": null, "SPDist1": null, "SPDist2": null, "SPDist3": null, "LtdHeight": null, "SplitZone": "N", "BldgClass": "A5", "LandUse": "01", "Easements": 0, "OwnerType": null, "OwnerName": "LEHE, EDWARD", "LotArea": 3525, "BldgArea": 1048, "ComArea": 0, "ResArea": 1048, "OfficeArea": 0, "RetailArea": 0, "GarageArea": 0, "StrgeArea": 0, "FactryArea": 0, "OtherArea": 0, "AreaSource": "2", "NumBldgs": 3, "NumFloors": 2.0, "UnitsRes": 1, "UnitsTotal": 1, "LotFront": 25.0, "LotDepth": 141.0, "BldgFront": 16.0, "BldgDepth": 29.67, "Ext": "G", "ProxCode": "2", "IrrLotCode": "N", "LotType": "5", "BsmtCode": "2", "AssessLand": 12840.0, "AssessTot": 47880.0, "ExemptTot": 0.0, "YearBuilt": 1950, "YearAlter1": 0, "YearAlter2": 0, "HistDist": null, "Landmark": null, "BuiltFAR": 0.3, "ResidFAR": 0.75, "CommFAR": 0.0, "FacilFAR": 1.0, "BoroCode": 4, "BBL": 4065010113.0, "CondoNo": 0, "Tract2010": "080302", "XCoord": 1032139, "YCoord": 208465, "ZoneMap": "10b", "ZMCode": null, "Sanborn": "424 109", "TaxMap": "43003", "EDesigNum": null, "APPBBL": 0.0, "APPDate": null, "PLUTOMapID": "1", "FIRM07_FLA": null, "PFIRM15_FL": null, "Version": "25v4", "DCPEdited": null, "Latitude": 40.7387352, "Longitude": -73.8271901, "Notes": null, "Shape_Leng": 0.0, "Shape_Area": 3403.9047581 }, "geometry": { "type": "MultiPolygon", "coordinates": [ [ [ [ -73.827138979212279, 40.738553305048995 ], [ -73.82722784645054, 40.7385428026071 ], [ -73.827240238869578, 40.738924144201519 ], [ -73.82715114854517, 40.738927809681485 ], [ -73.827138979212279, 40.738553305048995 ] ] ] ] } },
{ "type": "Feature", "properties": { "Borough": "QN", "Block": 6501, "Lot": 114, "CD": 407, "BCT2020": "4080302", "BCTCB2020": "40803022007", "CT2010": "803.02", "CB2010": "2007", "SchoolDist": "25", "Council": 20, "ZipCode": 11367, "FireComp": "E299", "PolicePrct": 109, "HealthCent": 43, "HealthArea": 2012, "Sanitboro": "4", "SanitDistr": "07", "SanitSub": "2C", "Address": "138-36 64 AVENUE", "ZoneDist1": "R3-1", "ZoneDist2": null, "ZoneDist3": null, "ZoneDist4": null, "Overlay1": null, "Overlay2": null, "SPDist1": null, "SPDist2": null, "SPDist3": null, "LtdHeight": null, "SplitZone": "N", "BldgClass": "A5", "LandUse": "01", "Easements": 0, "OwnerType": null, "OwnerName": "MINN, AUNG M", "LotArea": 3444, "BldgArea": 1048, "ComArea": 0, "ResArea": 1048, "OfficeArea": 0, "RetailArea": 0, "GarageArea": 0, "StrgeArea": 0, "FactryArea": 0, "OtherArea": 0, "AreaSource": "2", "NumBldgs": 2, "NumFloors": 2.0, "UnitsRes": 1, "UnitsTotal": 1, "LotFront": 25.0, "LotDepth": 137.75, "BldgFront": 16.0, "BldgDepth": 29.67, "Ext": "G", "ProxCode": "2", "IrrLotCode": "N", "LotType": "5", "BsmtCode": "2", "AssessLand": 12660.0, "AssessTot": 54240.0, "ExemptTot": 0.0, "YearBuilt": 1950, "YearAlter1": 0, "YearAlter2": 0, "HistDist": null, "Landmark": null, "BuiltFAR": 0.3, "ResidFAR": 0.75, "CommFAR": 0.0, "FacilFAR": 1.0, "BoroCode": 4, "BBL": 4065010114.0, "CondoNo": 0, "Tract2010": "080302", "XCoord": 1032163, "YCoord": 208468, "ZoneMap": "10b", "ZMCode": null, "Sanborn": "424 109", "TaxMap": "43003", "EDesigNum": null, "APPBBL": 0.0, "APPDate": null, "PLUTOMapID": "1", "FIRM07_FLA": null, "PFIRM15_FL": null, "Version": "25v4", "DCPEdited": null, "Latitude": 40.7387433, "Longitude": -73.8271035, "Notes": null, "Shape_Leng": 0.0, "Shape_Area": 3231.6508211 }, "geometry": { "type": "MultiPolygon", "coordinates": [ [ [ [ -73.82715114854517, 40.738927809681485 ], [ -73.827065034946429, 40.738931351649043 ], [ -73.827053081011584, 40.738563455322691 ], [ -73.827138979212279, 40.738553305048995 ], [ -73.82715114854517, 40.738927809681485 ] ] ] ] } },
{ "type": "Feature", "properties": { "Borough": "QN", "Block": 6501, "Lot": 116, "CD": 407, "BCT2020": "4080302", "BCTCB2020": "40803022007", "CT2010": "803.02", "CB2010": "2007", "SchoolDist": "25", "Council": 20, "ZipCode": 11367, "FireComp": "E299", "PolicePrct": 109, "HealthCent": 43, "HealthArea": 2012, "Sanitboro": "4", "SanitDistr": "07", "SanitSub": "2C", "Address": "138-38 64 AVENUE", "ZoneDist1": "R3-1", "ZoneDist2": null, "ZoneDist3": null, "ZoneDist4": null, "Overlay1": null, "Overlay2": null, "SPDist1": null, "SPDist2": null, "SPDist3": null, "LtdHeight": null, "SplitZone": "N", "BldgClass": "A5", "LandUse": "01", "Easements": 0, "OwnerType": null, "OwnerName": "PYNE, LUZ", "LotArea": 3390, "BldgArea": 1048, "ComArea": 0, "ResArea": 1048, "OfficeArea": 0, "RetailArea": 0, "GarageArea": 0, "StrgeArea": 0, "FactryArea": 0, "OtherArea": 0, "AreaSource": "2", "NumBldgs": 2, "NumFloors": 2.0, "UnitsRes": 1, "UnitsTotal": 1, "LotFront": 25.0, "LotDepth": 135.58, "BldgFront": 16.0, "BldgDepth": 29.67, "Ext": "N", "ProxCode": "2", "IrrLotCode": "N", "LotType": "5", "BsmtCode": "2", "AssessLand": 12600.0, "AssessTot": 47580.0, "ExemptTot": 1420.0, "YearBuilt": 1950, "YearAlter1": 0, "YearAlter2": 0, "HistDist": null, "Landmark": null, "BuiltFAR": 0.31, "ResidFAR": 0.75, "CommFAR": 0.0, "FacilFAR": 1.0, "BoroCode": 4, "BBL": 4065010116.0000005, "CondoNo": 0, "Tract2010": "080302", "XCoord": 1032188, "YCoord": 208471, "ZoneMap": "10b", "ZMCode": null, "Sanborn": "424 109", "TaxMap": "43003", "EDesigNum": null, "APPBBL": 0.0, "APPDate": null, "PLUTOMapID": "1", "FIRM07_FLA": null, "PFIRM15_FL": null, "Version": "25v4", "DCPEdited": null, "Latitude": 40.7387514, "Longitude": -73.8270132, "Notes": null, "Shape_Leng": 0.0, "Shape_Area": 3474.0327836000001 }, "geometry": { "type": "MultiPolygon", "coordinates": [ [ [ [ -73.826969618343682, 40.738935276700303 ], [ -73.826958368691692, 40.738589035052158 ], [ -73.827012344609471, 40.738568270317188 ], [ -73.827053081011584, 40.738563455322691 ], [ -73.827065034946429, 40.738931351649043 ], [ -73.826969618343682, 40.738935276700303 ] ] ] ] } },
{ "type": "Feature", "properties": { "Borough": "QN", "Block": 6501, "Lot": 117, "CD": 407, "BCT2020": "4080302", "BCTCB2020": "40803022007", "CT2010": "803.02", "CB2010": "2007", "SchoolDist": "25", "Council": 20, "ZipCode": 11367, "FireComp": "E299", "PolicePrct": 109, "HealthCent": 43, "HealthArea": 2012, "Sanitboro": "4", "SanitDistr": "07", "SanitSub": "2C", "Address": "138-40 64 AVENUE", "ZoneDist1": "R3-1", "ZoneDist2": null, "ZoneDist3": null, "ZoneDist4": null, "Overlay1": null, "Overlay2": null, "SPDist1": null, "SPDist2": null, "SPDist3": null, "LtdHeight": null, "SplitZone": "N", "BldgClass": "A5", "LandUse": "01", "Easements": 0, "OwnerType": null, "OwnerName": "MICHAEL AND BRENDA ANTREASSIAN IRREVOCAB LE TRUST", "LotArea": 3217, "BldgArea": 1048, "ComArea": 0, "ResArea": 1048, "OfficeArea": 0, "RetailArea": 0, "GarageArea": 0, "StrgeArea": 0, "FactryArea": 0, "OtherArea": 0, "AreaSource": "2", "NumBldgs": 2, "NumFloors": 2.0, "UnitsRes": 1, "UnitsTotal": 1, "LotFront": 25.0, "LotDepth": 128.67, "BldgFront": 16.0, "BldgDepth": 29.67, "Ext": "G", "ProxCode": "2", "IrrLotCode": "N", "LotType": "5", "BsmtCode": "2", "AssessLand": 12180.0, "AssessTot": 46800.0, "ExemptTot": 4080.0, "YearBuilt": 1950, "YearAlter1": 0, "YearAlter2": 0, "HistDist": null, "Landmark": null, "BuiltFAR": 0.33, "ResidFAR": 0.75, "CommFAR": 0.0, "FacilFAR": 1.0, "BoroCode": 4, "BBL": 4065010117.0000005, "CondoNo": 0, "Tract2010": "080302", "XCoord": 1032213, "YCoord": 208478, "ZoneMap": "10b", "ZMCode": null, "Sanborn": "424 109", "TaxMap": "43003", "EDesigNum": null, "APPBBL": 0.0, "APPDate": null, "PLUTOMapID": "1", "FIRM07_FLA": null, "PFIRM15_FL": null, "Version": "25v4", "DCPEdited": null, "Latitude": 40.7387705, "Longitude": -73.826923, "Notes": null, "Shape_Leng": 0.0, "Shape_Area": 2924.5125363000002 }, "geometry": { "type": "MultiPolygon", "coordinates": [ [ [ [ -73.826969618343682, 40.738935276700303 ], [ -73.826913522308232, 40.738937584102949 ], [ -73.826896437375609, 40.738938005986213 ], [ -73.826882323034937, 40.73893884829522 ], [ -73.826872038599262, 40.738622245588097 ], [ -73.826958368691692, 40.738589035052158 ], [ -73.826969618343682, 40.738935276700303 ] ] ] ] } },
{ "type": "Feature", "properties": { "Borough": "QN", "Block": 6501, "Lot": 122, "CD": 407, "BCT2020": "4080302", "BCTCB2020": "40803022007", "CT2010": "803.02", "CB2010": "2007", "SchoolDist": "25", "Council": 20, "ZipCode": 11367, "FireComp": "E299", "PolicePrct": 109, "HealthCent": 43, "HealthArea": 2012, "Sanitboro": "4", "SanitDistr": "07", "SanitSub": "2C", "Address": "138-46 64 AVENUE", "ZoneDist1": "R3-1", "ZoneDist2": null, "ZoneDist3": null, "ZoneDist4": null, "Overlay1": null, "Overlay2": null, "SPDist1": null, "SPDist2": null, "SPDist3": null, "LtdHeight": null, "SplitZone": "N", "BldgClass": "A5", "LandUse": "01", "Easements": 0, "OwnerType": null, "OwnerName": "MR FRANK RELLA", "LotArea": 2429, "BldgArea": 928, "ComArea": 0, "ResArea": 928, "OfficeArea": 0, "RetailArea": 0, "GarageArea": 0, "StrgeArea": 0, "FactryArea": 0, "OtherArea": 0, "AreaSource": "2", "NumBldgs": 1, "NumFloors": 2.0, "UnitsRes": 1, "UnitsTotal": 1, "LotFront": 25.0, "LotDepth": 97.17, "BldgFront": 16.0, "BldgDepth": 29.67, "Ext": "N", "ProxCode": "2", "IrrLotCode": "N", "LotType": "5", "BsmtCode": "2", "AssessLand": 9420.0, "AssessTot": 42660.0, "ExemptTot": 25150.0, "YearBuilt": 1950, "YearAlter1": 0, "YearAlter2": 0, "HistDist": null, "Landmark": null, "BuiltFAR": 0.38, "ResidFAR": 0.75, "CommFAR": 0.0, "FacilFAR": 1.0, "BoroCode": 4, "BBL": 4065010122.0, "CondoNo": 0, "Tract2010": "080302", "XCoord": 1032301, "YCoord": 208515, "ZoneMap": "10b", "ZMCode": null, "Sanborn": "424 109", "TaxMap": "43003", "EDesigNum": null, "APPBBL": 0.0, "APPDate": null, "PLUTOMapID": "1", "FIRM07_FLA": null, "PFIRM15_FL": null, "Version": "25v4", "DCPEdited": null, "Latitude": 40.7388716, "Longitude": -73.8266052, "Notes": null, "Shape_Leng": 0.0, "Shape_Area": 2971.3009877 }, "geometry": { "type": "MultiPolygon", "coordinates": [ [ [ [ -73.826736079353793, 40.738976718811287 ], [ -73.826700755956409, 40.738992756842862 ], [ -73.826651181555377, 40.739015266021724 ], [ -73.826468080415253, 40.73877764845021 ], [ -73.82657275022369, 40.738737383343135 ], [ -73.826736079353793, 40.738976718811287 ] ] ] ] } },
{ "type": "Feature", "properties": { "Borough": "QN", "Block": 6501, "Lot": 124, "CD": 407, "BCT2020": "4080302", "BCTCB2020": "40803022007", "CT2010": "803.02", "CB2010": "2007", "SchoolDist": "25", "Council": 20, "ZipCode": 11367, "FireComp": "E299", "PolicePrct": 109, "HealthCent": 43, "HealthArea": 2012, "Sanitboro": "4", "SanitDistr": "07", "SanitSub": "2C", "Address": "138-50 64 AVENUE", "ZoneDist1": "R3-1", "ZoneDist2": null, "ZoneDist3": null, "ZoneDist4": null, "Overlay1": null, "Overlay2": null, "SPDist1": null, "SPDist2": null, "SPDist3": null, "LtdHeight": null, "SplitZone": "N", "BldgClass": "A5", "LandUse": "01", "Easements": 0, "OwnerType": null, "OwnerName": "THOMAS W BOYLE", "LotArea": 2479, "BldgArea": 928, "ComArea": 0, "ResArea": 928, "OfficeArea": 0, "RetailArea": 0, "GarageArea": 0, "StrgeArea": 0, "FactryArea": 0, "OtherArea": 0, "AreaSource": "2", "NumBldgs": 2, "NumFloors": 2.0, "UnitsRes": 1, "UnitsTotal": 1, "LotFront": 25.0, "LotDepth": 99.17, "BldgFront": 16.0, "BldgDepth": 29.67, "Ext": "G", "ProxCode": "2", "IrrLotCode": "N", "LotType": "5", "BsmtCode": "2", "AssessLand": 9420.0, "AssessTot": 42660.0, "ExemptTot": 4300.0, "YearBuilt": 1950, "YearAlter1": 0, "YearAlter2": 0, "HistDist": null, "Landmark": null, "BuiltFAR": 0.37, "ResidFAR": 0.75, "CommFAR": 0.0, "FacilFAR": 1.0, "BoroCode": 4, "BBL": 4065010124.0, "CondoNo": 0, "Tract2010": "080302", "XCoord": 1032345, "YCoord": 208542, "ZoneMap": "10b", "ZMCode": null, "Sanborn": "424 109", "TaxMap": "43003", "EDesigNum": null, "APPBBL": 0.0, "APPDate": null, "PLUTOMapID": "1", "FIRM07_FLA": null, "PFIRM15_FL": null, "Version": "25v4", "DCPEdited": null, "Latitude": 40.7389454, "Longitude": -73.8264462, "Notes": null, "Shape_Leng": 0.0, "Shape_Area": 2675.7061011000001 }, "geometry": { "type": "MultiPolygon", "coordinates": [ [ [ [ -73.826497208423191, 40.739085174516632 ], [ -73.826309303091051, 40.738841319770188 ], [ -73.826338003292165, 40.738827688893188 ], [ -73.826391769857295, 40.738807005200208 ], [ -73.826577892565084, 40.739048541910762 ], [ -73.826497208423191, 40.739085174516632 ] ] ] ] } },
{ "type": "Feature", "properties": { "Borough": "QN", "Block": 6501, "Lot": 125, "CD": 407, "BCT2020": "4080302", "BCTCB2020": "40803022007", "CT2010": "803.02", "CB2010": "2007", "SchoolDist": "25", "Council": 20, "ZipCode": 11367, "FireComp": "E299", "PolicePrct": 109, "HealthCent": 43, "HealthArea": 2012, "Sanitboro": "4", "SanitDistr": "07", "SanitSub": "2C", "Address": "138-52 64 AVENUE", "ZoneDist1": "R3-1", "ZoneDist2": null, "ZoneDist3": null, "ZoneDist4": null, "Overlay1": null, "Overlay2": null, "SPDist1": null, "SPDist2": null, "SPDist3": null, "LtdHeight": null, "SplitZone": "N", "BldgClass": "A5", "LandUse": "01", "Easements": 0, "OwnerType": null, "OwnerName": "THE MIGNOLIA FAMILY IRREVOCABLE TRUST", "LotArea": 2485, "BldgArea": 928, "ComArea": 0, "ResArea": 928, "OfficeArea": 0, "RetailArea": 0, "GarageArea": 0, "StrgeArea": 0, "FactryArea": 0, "OtherArea": 0, "AreaSource": "2", "NumBldgs": 2, "NumFloors": 2.0, "UnitsRes": 1, "UnitsTotal": 1, "LotFront": 25.0, "LotDepth": 99.42, "BldgFront": 16.0, "BldgDepth": 29.67, "Ext": "G", "ProxCode": "2", "IrrLotCode": "N", "LotType": "5", "BsmtCode": "2", "AssessLand": 10680.0, "AssessTot": 44280.0, "ExemptTot": 1420.0, "YearBuilt": 1950, "YearAlter1": 0, "YearAlter2": 0, "HistDist": null, "Landmark": null, "BuiltFAR": 0.37, "ResidFAR": 0.75, "CommFAR": 0.0, "FacilFAR": 1.0, "BoroCode": 4, "BBL": 4065010125.0, "CondoNo": 0, "Tract2010": "080302", "XCoord": 1032366, "YCoord": 208555, "ZoneMap": "10b", "ZMCode": null, "Sanborn": "424 109", "TaxMap": "43003", "EDesigNum": null, "APPBBL": 0.0, "APPDate": null, "PLUTOMapID": "1", "FIRM07_FLA": null, "PFIRM15_FL": null, "Version": "25v4", "DCPEdited": null, "Latitude": 40.738981, "Longitude": -73.8263703, "Notes": null, "Shape_Leng": 0.0, "Shape_Area": 2467.4032558 }, "geometry": { "type": "MultiPolygon", "coordinates": [ [ [ [ -73.826309303091051, 40.738841319770188 ], [ -73.826497208423191, 40.739085174516632 ], [ -73.82642038234448, 40.739120056020226 ], [ -73.826238145011331, 40.738875115598674 ], [ -73.826309303091051, 40.738841319770188 ] ] ] ] } },
{ "type": "Feature", "properties": { "Borough": "QN", "Block": 6501, "Lot": 128, "CD": 407, "BCT2020": "4080302", "BCTCB2020": "40803022007", "CT2010": "803.02", "CB2010": "2007", "SchoolDist": "25", "Council": 20, "ZipCode": 11367, "FireComp": "E299", "PolicePrct": 109, "HealthCent": 43, "HealthArea": 2012, "Sanitboro": "4", "SanitDistr": "07", "SanitSub": "2C", "Address": "138-58 64 AVENUE", "ZoneDist1": "R3-1", "ZoneDist2": null, "ZoneDist3": null, "ZoneDist4": null, "Overlay1": null, "Overlay2": null, "SPDist1": null, "SPDist2": null, "SPDist3": null, "LtdHeight": null, "SplitZone": "N", "BldgClass": "A5", "LandUse": "01", "Easements": 0, "OwnerType": null, "OwnerName": "LEUNG, JAMES", "LotArea": 2175, "BldgArea": 1312, "ComArea": 0, "ResArea": 1312, "OfficeArea": 0, "RetailArea": 0, "GarageArea": 0, "StrgeArea": 0, "FactryArea": 0, "OtherArea": 0, "AreaSource": "2", "NumBldgs": 2, "NumFloors": 2.0, "UnitsRes": 1, "UnitsTotal": 1, "LotFront": 21.0, "LotDepth": 103.58, "BldgFront": 16.0, "BldgDepth": 41.0, "Ext": "G", "ProxCode": "2", "IrrLotCode": "N", "LotType": "5", "BsmtCode": "2", "AssessLand": 8640.0, "AssessTot": 54420.0, "ExemptTot": 0.0, "YearBuilt": 1950, "YearAlter1": 2008, "YearAlter2": 2008, "HistDist": null, "Landmark": null, "BuiltFAR": 0.6, "ResidFAR": 0.75, "CommFAR": 0.0, "FacilFAR": 1.0, "BoroCode": 4, "BBL": 4065010127.9999995, "CondoNo": 0, "Tract2010": "080302", "XCoord": 1032438, "YCoord": 208598, "ZoneMap": "10b", "ZMCode": null, "Sanborn": "424 109", "TaxMap": "43003", "EDesigNum": null, "APPBBL": 0.0, "APPDate": null, "PLUTOMapID": "1", "FIRM07_FLA": null, "PFIRM15_FL": null, "Version": "25v4", "DCPEdited": null, "Latitude": 40.7390986, "Longitude": -73.8261102, "Notes": null, "Shape_Leng": 0.0, "Shape_Area": 3424.4664644 }, "geometry": { "type": "MultiPolygon", "coordinates": [ [ [ [ -73.825916856340868, 40.739044956692418 ], [ -73.825975925118726, 40.738999654968048 ], [ -73.826025971914476, 40.738975885195593 ], [ -73.826305259056994, 40.739182142554867 ], [ -73.826289717566425, 40.739194066205457 ], [ -73.826277111930338, 40.739204675798518 ], [ -73.826266441953422, 40.739214415818559 ], [ -73.82625924915817, 40.739221425313531 ], [ -73.826252266624991, 40.739228617923168 ], [ -73.825916856340868, 40.739044956692418 ] ] ] ] } },
{ "type": "Feature", "properties": { "Borough": "QN", "Block": 6501, "Lot": 129, "CD": 407, "BCT2020": "4080302", "BCTCB2020": "40803022007", "CT2010": "803.02", "CB2010": "2007", "SchoolDist": "25", "Council": 20, "ZipCode": 11367, "FireComp": "E299", "PolicePrct": 109, "HealthCent": 43, "HealthArea": 2012, "Sanitboro": "4", "SanitDistr": "07", "SanitSub": "2C", "Address": "138-60 64 AVENUE", "ZoneDist1": "R3-1", "ZoneDist2": null, "ZoneDist3": null, "ZoneDist4": null, "Overlay1": null, "Overlay2": null, "SPDist1": null, "SPDist2": null, "SPDist3": null, "LtdHeight": null, "SplitZone": "N", "BldgClass": "A5", "LandUse": "01", "Easements": 0, "OwnerType": null, "OwnerName": "MCNAUGHTON, RAYMOND J", "LotArea": 2347, "BldgArea": 928, "ComArea": 0, "ResArea": 928, "OfficeArea": 0, "RetailArea": 0, "GarageArea": 0, "StrgeArea": 0, "FactryArea": 0, "OtherArea": 0, "AreaSource": "2", "NumBldgs": 1, "NumFloors": 2.0, "UnitsRes": 1, "UnitsTotal": 1, "LotFront": 21.0, "LotDepth": 111.75, "BldgFront": 16.0, "BldgDepth": 29.67, "Ext": "N", "ProxCode": "2", "IrrLotCode": "N", "LotType": "5", "BsmtCode": "2", "AssessLand": 10140.0, "AssessTot": 44400.0, "ExemptTot": 1420.0, "YearBuilt": 1950, "YearAlter1": 0, "YearAlter2": 0, "HistDist": null, "Landmark": null, "BuiltFAR": 0.4, "ResidFAR": 0.75, "CommFAR": 0.0, "FacilFAR": 1.0, "BoroCode": 4, "BBL": 4065010128.9999995, "CondoNo": 0, "Tract2010": "080302", "XCoord": 1032460, "YCoord": 208620, "ZoneMap": "10b", "ZMCode": null, "Sanborn": "424 109", "TaxMap": "43003", "EDesigNum": null, "APPBBL": 0.0, "APPDate": null, "PLUTOMapID": "1", "FIRM07_FLA": null, "PFIRM15_FL": null, "Version": "25v4", "DCPEdited": null, "Latitude": 40.7391589, "Longitude": -73.8260306, "Notes": null, "Shape_Leng": 0.0, "Shape_Area": 3645.379371 }, "geometry": { "type": "MultiPolygon", "coordinates": [ [ [ [ -73.826214244649378, 40.739276967361263 ], [ -73.825813762474851, 40.739128321026385 ], [ -73.825822019586766, 40.739117685909953 ], [ -73.825916856340868, 40.739044956692418 ], [ -73.826252266624991, 40.739228617923168 ], [ -73.826245513323443, 40.739235973011468 ], [ -73.826230078731399, 40.739254552409577 ], [ -73.82622070078331, 40.73926732907136 ], [ -73.826214244649378, 40.739276967361263 ] ] ] ] } },
{ "type": "Feature", "properties": { "Borough": "QN", "Block": 6501, "Lot": 140, "CD": 407, "BCT2020": "4080302", "BCTCB2020": "40803022007", "CT2010": "803.02", "CB2010": "2007", "SchoolDist": "25", "Council": 20, "ZipCode": 11367, "FireComp": "E299", "PolicePrct": 109, "HealthCent": 43, "HealthArea": 2012, "Sanitboro": "4", "SanitDistr": "07", "SanitSub": "2C", "Address": "63 AVENUE", "ZoneDist1": "R3-1", "ZoneDist2": null, "ZoneDist3": null, "ZoneDist4": null, "Overlay1": null, "Overlay2": null, "SPDist1": null, "SPDist2": null, "SPDist3": null, "LtdHeight": null, "SplitZone": "N", "BldgClass": "V0", "LandUse": "11", "Easements": 0, "OwnerType": null, "OwnerName": "VERIZON NEW YORK INC", "LotArea": 2300, "BldgArea": 0, "ComArea": 0, "ResArea": 0, "OfficeArea": 0, "RetailArea": 0, "GarageArea": 0, "StrgeArea": 0, "FactryArea": 0, "OtherArea": 0, "AreaSource": "7", "NumBldgs": 0, "NumFloors": 0.0, "UnitsRes": 0, "UnitsTotal": 0, "LotFront": 50.0, "LotDepth": 44.0, "BldgFront": 0.0, "BldgDepth": 0.0, "Ext": null, "ProxCode": "0", "IrrLotCode": "Y", "LotType": "5", "BsmtCode": "5", "AssessLand": 13920.0, "AssessTot": 13920.0, "ExemptTot": 0.0, "YearBuilt": 0, "YearAlter1": 0, "YearAlter2": 0, "HistDist": null, "Landmark": null, "BuiltFAR": 0.0, "ResidFAR": 0.75, "CommFAR": 0.0, "FacilFAR": 1.0, "BoroCode": 4, "BBL": 4065010139.9999995, "CondoNo": 0, "Tract2010": "080302", "XCoord": 1032607, "YCoord": 208758, "ZoneMap": "10b", "ZMCode": null, "Sanborn": "424 109", "TaxMap": "43003", "EDesigNum": null, "APPBBL": 0.0, "APPDate": null, "PLUTOMapID": "1", "FIRM07_FLA": null, "PFIRM15_FL": null, "Version": "25v4", "DCPEdited": null, "Latitude": 40.7395369, "Longitude": -73.8254992, "Notes": null, "Shape_Leng": 0.0, "Shape_Area": 2876.1861278000001 }, "geometry": { "type": "MultiPolygon", "coordinates": [ [ [ [ -73.825388347772773, 40.739608223570151 ], [ -73.825410926077296, 40.739480525201017 ], [ -73.825560848508729, 40.739454063336758 ], [ -73.825606538448781, 40.739395214988761 ], [ -73.825565857945961, 40.739625293524249 ], [ -73.825388347772773, 40.739608223570151 ] ] ] ] } },
{ "type": "Feature", "properties": { "Borough": "QN", "Block": 2209, "Lot": 95, "CD": 408, "BCT2020": "4079300", "BCTCB2020": "40793001000", "CT2010": "793", "CB2010": "1000", "SchoolDist": "25", "Council": 24, "ZipCode": 11367, "FireComp": "E299", "PolicePrct": 107, "HealthCent": 43, "HealthArea": 2012, "Sanitboro": "4", "SanitDistr": "08", "SanitSub": "3C", "Address": "GRAND CENTRL PARKWAY", "ZoneDist1": "R3-2", "ZoneDist2": null, "ZoneDist3": null, "ZoneDist4": null, "Overlay1": null, "Overlay2": null, "SPDist1": null, "SPDist2": null, "SPDist3": null, "LtdHeight": null, "SplitZone": "N", "BldgClass": "Q1", "LandUse": "09", "Easements": 0, "OwnerType": "C", "OwnerName": "NYC DEPARTMENT OF PARKS AND RECREATION", "LotArea": 364800, "BldgArea": 364800, "ComArea": 364800, "ResArea": 0, "OfficeArea": 0, "RetailArea": 0, "GarageArea": 0, "StrgeArea": 0, "FactryArea": 0, "OtherArea": 364800, "AreaSource": "2", "NumBldgs": 1, "NumFloors": 0.0, "UnitsRes": 0, "UnitsTotal": 0, "LotFront": 9999.0, "LotDepth": 50.0, "BldgFront": 0.0, "BldgDepth": 0.0, "Ext": "N", "ProxCode": "0", "IrrLotCode": "Y", "LotType": "5", "BsmtCode": "0", "AssessLand": 2470500.0, "AssessTot": 2470500.0, "ExemptTot": 2470500.0, "YearBuilt": 0, "YearAlter1": 0, "YearAlter2": 0, "HistDist": null, "Landmark": null, "BuiltFAR": 1.0, "ResidFAR": 0.75, "CommFAR": 0.0, "FacilFAR": 1.0, "BoroCode": 4, "BBL": 4022090095.0000005, "CondoNo": 0, "Tract2010": "0793", "XCoord": 1029411, "YCoord": 209539, "ZoneMap": "14a", "ZMCode": "Y", "Sanborn": "419 025", "TaxMap": "41203", "EDesigNum": null, "APPBBL": 0.0, "APPDate": null, "PLUTOMapID": "1", "FIRM07_FLA": "1", "PFIRM15_FL": "1", "Version": "25v4", "DCPEdited": "t", "Latitude": 40.7416974, "Longitude": -73.837027, "Notes": null, "Shape_Leng": 0.0, "Shape_Area": 354168.06374100002 }, "geometry": { "type": "MultiPolygon", "coordinates": [ [ [ [ -73.835452629160287, 40.733810558362407 ], [ -73.835246101979706, 40.733459185954267 ], [ -73.835142748090391, 40.733491724593598 ], [ -73.834888272688147, 40.733100600950337 ], [ -73.834871414289935, 40.733107201820303 ], [ -73.83444453833755, 40.732512709040762 ], [ -73.834494160942498, 40.732434468566822 ], [ -73.834522208605847, 40.73242632600558 ], [ -73.834503503580976, 40.732401548603029 ], [ -73.834574017072953, 40.732327282308376 ], [ -73.834710487168152, 40.7321835483244 ], [ -73.83465379755269, 40.732021612095551 ], [ -73.834618234372229, 40.731920023151368 ], [ -73.834610590393737, 40.731898185676521 ], [ -73.834603535683414, 40.731905575880958 ], [ -73.834466589558318, 40.732049021850692 ], [ -73.834273035134331, 40.731962270941246 ], [ -73.833995624764242, 40.731943772520303 ], [ -73.833788590457814, 40.731786286162425 ], [ -73.833861025526488, 40.731697727609259 ], [ -73.83408081429323, 40.731437785900745 ], [ -73.834113666081691, 40.731398933961358 ], [ -73.833692837444033, 40.730642979312634 ], [ -73.833874479807591, 40.730772493674152 ], [ -73.833985483310897, 40.730859521482564 ], [ -73.834053073599321, 40.730914755364665 ], [ -73.83412213668575, 40.730974671290419 ], [ -73.834171028840714, 40.73102973675617 ], [ -73.834243089589521, 40.731109611349233 ], [ -73.834303845268892, 40.731188649159712 ], [ -73.834381692151183, 40.731309633919743 ], [ -73.835577910280549, 40.733613431493374 ], [ -73.835918356594263, 40.734269067377568 ], [ -73.835979841741917, 40.734387474680645 ], [ -73.836031959143128, 40.734508894259314 ], [ -73.836059086523619, 40.734582952981199 ], [ -73.836089288254087, 40.73468164944186 ], [ -73.836126007633737, 40.734803181225686 ], [ -73.836148322287883, 40.734911219154966 ], [ -73.836165039507065, 40.735061259559593 ], [ -73.836181167334104, 40.735220851788142 ], [ -73.836182955682517, 40.735365934382003 ], [ -73.836171573598634, 40.735465293753329 ], [ -73.836151490450121, 40.735585759522358 ], [ -73.836123997694841, 40.735728723793315 ], [ -73.836091252536974, 40.7358566268204 ], [ -73.836033794229479, 40.736026841045216 ], [ -73.835972143585252, 40.736186017144611 ], [ -73.835809299398306, 40.736639661805221 ], [ -73.835766802016636, 40.73676068447292 ], [ -73.835711418512304, 40.73693188298391 ], [ -73.835686068550089, 40.737039717794218 ], [ -73.835663914002438, 40.737178189715799 ], [ -73.835659344766412, 40.73730605000965 ], [ -73.835658897625322, 40.737409071089509 ], [ -73.835666819367404, 40.737525510931924 ], [ -73.835681429710775, 40.737631054284279 ], [ -73.835713801591211, 40.737797187525075 ], [ -73.83576078100316, 40.737942475137146 ], [ -73.835808096991968, 40.738053132281074 ], [ -73.835876539163294, 40.7381866365427 ], [ -73.83593751885617, 40.738297307762714 ], [ -73.836036068059329, 40.73847691769739 ], [ -73.836526825752429, 40.739338124401989 ], [ -73.836585628918868, 40.73945416549607 ], [ -73.836618862740281, 40.739524627027869 ], [ -73.836678017328552, 40.739655868135841 ], [ -73.836687627113733, 40.739675718210698 ], [ -73.836749669151502, 40.739954423378983 ], [ -73.837048994349047, 40.741316283203979 ], [ -73.837024470668851, 40.741889750414948 ], [ -73.837000797318481, 40.741891733097127 ], [ -73.836818323511025, 40.741183198138692 ], [ -73.836807170334438, 40.741139893078575 ], [ -73.83670223347174, 40.740732419253142 ], [ -73.8366555244518, 40.740551042023995 ], [ -73.836627850242934, 40.740194769901876 ], [ -73.836588653754674, 40.739690161442198 ], [ -73.836239617766111, 40.739248415373524 ], [ -73.835774924772238, 40.738660279586767 ], [ -73.835756090062915, 40.738556117069407 ], [ -73.835752724035373, 40.738537496931386 ], [ -73.835652168237274, 40.738146982158327 ], [ -73.835624478401513, 40.738039445325022 ], [ -73.835580073434102, 40.737885798405067 ], [ -73.835302006174345, 40.737198903581891 ], [ -73.835399922939388, 40.736179798715014 ], [ -73.835755180349551, 40.735379460713688 ], [ -73.835669257708773, 40.734957895469073 ], [ -73.835794524765106, 40.734931286857957 ], [ -73.835915495648365, 40.734905590575607 ], [ -73.835853164823632, 40.734725733111318 ], [ -73.835843544701802, 40.734693198442145 ], [ -73.835712975303849, 40.734251583614089 ], [ -73.835630564616523, 40.734076502452908 ], [ -73.835452629160287, 40.733810558362407 ] ] ] ] } },
{ "type": "Feature", "properties": { "Borough": "QN", "Block": 6391, "Lot": 1, "CD": 407, "BCT2020": "4080302", "BCTCB2020": "40803022003", "CT2010": "803.02", "CB2010": "2003", "SchoolDist": "25", "Council": 20, "ZipCode": 11367, "FireComp": "E299", "PolicePrct": 109, "HealthCent": 43, "HealthArea": 2012, "Sanitboro": "4", "SanitDistr": "07", "SanitSub": "2C", "Address": "63 AVENUE", "ZoneDist1": "R3X", "ZoneDist2": null, "ZoneDist3": null, "ZoneDist4": null, "Overlay1": null, "Overlay2": null, "SPDist1": null, "SPDist2": null, "SPDist3": null, "LtdHeight": null, "SplitZone": "N", "BldgClass": "V0", "LandUse": "11", "Easements": 0, "OwnerType": "X", "OwnerName": "JOSEPH VITUCCI", "LotArea": 3600, "BldgArea": 0, "ComArea": 0, "ResArea": 0, "OfficeArea": 0, "RetailArea": 0, "GarageArea": 0, "StrgeArea": 0, "FactryArea": 0, "OtherArea": 0, "AreaSource": "7", "NumBldgs": 0, "NumFloors": 0.0, "UnitsRes": 0, "UnitsTotal": 0, "LotFront": 40.25, "LotDepth": 100.0, "BldgFront": 0.0, "BldgDepth": 0.0, "Ext": null, "ProxCode": "0", "IrrLotCode": "N", "LotType": "5", "BsmtCode": "5", "AssessLand": 20520.0, "AssessTot": 20520.0, "ExemptTot": 20520.0, "YearBuilt": 0, "YearAlter1": 0, "YearAlter2": 0, "HistDist": null, "Landmark": null, "BuiltFAR": 0.0, "ResidFAR": 0.75, "CommFAR": 0.0, "FacilFAR": 1.0, "BoroCode": 4, "BBL": 4063910000.9999995, "CondoNo": 0, "Tract2010": "080302", "XCoord": 1031020, "YCoord": 208945, "ZoneMap": "10b", "ZMCode": null, "Sanborn": "424 109", "TaxMap": "43001", "EDesigNum": null, "APPBBL": 0.0, "APPDate": null, "PLUTOMapID": "1", "FIRM07_FLA": null, "PFIRM15_FL": null, "Version": "25v4", "DCPEdited": null, "Latitude": 40.7400587, "Longitude": -73.8312247, "Notes": null, "Shape_Leng": 0.0, "Shape_Area": 3566.4991912 }, "geometry": { "type": "MultiPolygon", "coordinates": [ [ [ [ -73.831184349462077, 40.739911920204783 ], [ -73.831297523513385, 40.739923032790266 ], [ -73.83128081779148, 40.740198024307674 ], [ -73.831138596892615, 40.740184060445152 ], [ -73.831184349462077, 40.739911920204783 ] ] ] ] } },
{ "type": "Feature", "properties": { "Borough": "QN", "Block": 6391, "Lot": 24, "CD": 407, "BCT2020": "4080302", "BCTCB2020": "40803022003", "CT2010": "803.02", "CB2010": "2003", "SchoolDist": "25", "Council": 20, "ZipCode": 11367, "FireComp": "E299", "PolicePrct": 109, "HealthCent": 43, "HealthArea": 2012, "Sanitboro": "4", "SanitDistr": "07", "SanitSub": "2C", "Address": "63 ROAD", "ZoneDist1": "R3X", "ZoneDist2": null, "ZoneDist3": null, "ZoneDist4": null, "Overlay1": null, "Overlay2": null, "SPDist1": null, "SPDist2": null, "SPDist3": null, "LtdHeight": null, "SplitZone": "N", "BldgClass": "V0", "LandUse": "11", "Easements": 0, "OwnerType": "C", "OwnerName": "NYC DEPARTMENT OF CITYWIDE ADMINISTRATIVE SERVICES", "LotArea": 4700, "BldgArea": 0, "ComArea": 0, "ResArea": 0, "OfficeArea": 0, "RetailArea": 0, "GarageArea": 0, "StrgeArea": 0, "FactryArea": 0, "OtherArea": 0, "AreaSource": "7", "NumBldgs": 0, "NumFloors": 0.0, "UnitsRes": 0, "UnitsTotal": 0, "LotFront": 43.0, "LotDepth": 100.0, "BldgFront": 0.0, "BldgDepth": 0.0, "Ext": null, "ProxCode": "0", "IrrLotCode": "N", "LotType": "5", "BsmtCode": "5", "AssessLand": 26820.0, "AssessTot": 26820.0, "ExemptTot": 26820.0, "YearBuilt": 0, "YearAlter1": 0, "YearAlter2": 0, "HistDist": null, "Landmark": null, "BuiltFAR": 0.0, "ResidFAR": 0.75, "CommFAR": 0.0, "FacilFAR": 1.0, "BoroCode": 4, "BBL": 4063910024.0, "CondoNo": 0, "Tract2010": "080302", "XCoord": 1031021, "YCoord": 208844, "ZoneMap": "10b", "ZMCode": null, "Sanborn": "424 109", "TaxMap": "43001", "EDesigNum": null, "APPBBL": 0.0, "APPDate": null, "PLUTOMapID": "1", "FIRM07_FLA": null, "PFIRM15_FL": null, "Version": "25v4", "DCPEdited": "t", "Latitude": 40.7397814, "Longitude": -73.8312218, "Notes": null, "Shape_Leng": 0.0, "Shape_Area": 4689.8143062 }, "geometry": { "type": "MultiPolygon", "coordinates": [ [ [ [ -73.831184349462077, 40.739911920204783 ], [ -73.831115660989127, 40.739905175451781 ], [ -73.831114560257262, 40.73990506666776 ], [ -73.831116296024589, 40.739894742190152 ], [ -73.831160156508233, 40.739633852819004 ], [ -73.831314172286866, 40.739648975829283 ], [ -73.831297523513385, 40.739923032790266 ], [ -73.831184349462077, 40.739911920204783 ] ] ] ] } },
{ "type": "Feature", "properties": { "Borough": "QN", "Block": 6453, "Lot": 1000, "CD": 408, "BCT2020": "4080302", "BCTCB2020": "40803022007", "CT2010": "803.02", "CB2010": "2007", "SchoolDist": "25", "Council": 20, "ZipCode": 11367, "FireComp": "E299", "PolicePrct": 109, "HealthCent": 43, "HealthArea": 2012, "Sanitboro": "4", "SanitDistr": "08", "SanitSub": "2C", "Address": "134-16 HORACE HARDING EXPWY", "ZoneDist1": "R3-2", "ZoneDist2": null, "ZoneDist3": null, "ZoneDist4": null, "Overlay1": null, "Overlay2": null, "SPDist1": null, "SPDist2": null, "SPDist3": null, "LtdHeight": null, "SplitZone": "N", "BldgClass": "Z8", "LandUse": "09", "Easements": 0, "OwnerType": "X", "OwnerName": "JACK L TRUCTON", "LotArea": 8875000, "BldgArea": 18264, "ComArea": 18264, "ResArea": 0, "OfficeArea": 18264, "RetailArea": 0, "GarageArea": 0, "StrgeArea": 0, "FactryArea": 0, "OtherArea": 0, "AreaSource": "2", "NumBldgs": 10, "NumFloors": 2.0, "UnitsRes": 0, "UnitsTotal": 1, "LotFront": 232.83, "LotDepth": 261.58, "BldgFront": 37.0, "BldgDepth": 57.0, "Ext": "N", "ProxCode": "0", "IrrLotCode": "Y", "LotType": "5", "BsmtCode": "0", "AssessLand": 19968750.0, "AssessTot": 23670000.0, "ExemptTot": 23670000.0, "YearBuilt": 0, "YearAlter1": 2018, "YearAlter2": 0, "HistDist": null, "Landmark": null, "BuiltFAR": 0.0, "ResidFAR": 0.75, "CommFAR": 0.0, "FacilFAR": 1.0, "BoroCode": 4, "BBL": 4064531000.0, "CondoNo": 0, "Tract2010": "080302", "XCoord": 1030986, "YCoord": 207628, "ZoneMap": "14a", "ZMCode": "Y", "Sanborn": "424 093", "TaxMap": "43003", "EDesigNum": null, "APPBBL": 0.0, "APPDate": null, "PLUTOMapID": "1", "FIRM07_FLA": "1", "PFIRM15_FL": null, "Version": "25v4", "DCPEdited": null, "Latitude": 40.736444, "Longitude": -73.8313566, "Notes": null, "Shape_Leng": 0.0, "Shape_Area": 8950352.8595599998 }, "geometry": { "type": "MultiPolygon", "coordinates": [ [ [ [ -73.834799632505892, 40.742966628938547 ], [ -73.834799381593399, 40.7429665898444 ], [ -73.834576205991027, 40.742920935023577 ], [ -73.834430463727443, 40.74289111941026 ], [ -73.834294366039913, 40.742863277911319 ], [ -73.833946630453937, 40.742792138149781 ], [ -73.833732023582286, 40.742748234772442 ], [ -73.83339586247186, 40.742679461253381 ], [ -73.833314313049371, 40.74266277835153 ], [ -73.833221102672141, 40.742643709234414 ], [ -73.833116759287876, 40.742622361807776 ], [ -73.833044120750046, 40.742609392681175 ], [ -73.832858502435698, 40.742576250199093 ], [ -73.832524118808195, 40.7425165457351 ], [ -73.832469178770566, 40.742506736666492 ], [ -73.832178261589306, 40.742458353545516 ], [ -73.832001063654531, 40.742428883433483 ], [ -73.831652460013174, 40.742370905428103 ], [ -73.83162120241478, 40.742503264003858 ], [ -73.831594985631696, 40.742614278093214 ], [ -73.831572119816798, 40.742711095168076 ], [ -73.83120980398904, 40.742676707942422 ], [ -73.831267791099066, 40.742304007010347 ], [ -73.831166878774525, 40.742286412581315 ], [ -73.831169319400658, 40.742239052161665 ], [ -73.831182347925079, 40.741986306795354 ], [ -73.831195915564152, 40.741723093885128 ], [ -73.831196476007491, 40.741712192186903 ], [ -73.831197462561732, 40.74157007008008 ], [ -73.831214139368896, 40.741295562140138 ], [ -73.831230829516471, 40.741020856936693 ], [ -73.831238945446444, 40.740887250509999 ], [ -73.831239790468487, 40.740873337122373 ], [ -73.831255836864827, 40.740609214648245 ], [ -73.831271698933818, 40.740348117548855 ], [ -73.831272551347439, 40.740334103276659 ], [ -73.83128081779148, 40.740198024307674 ], [ -73.831297523513385, 40.739923032790266 ], [ -73.831314172286866, 40.739648975829283 ], [ -73.831323192159203, 40.739500497905716 ], [ -73.830459024921424, 40.739427735713853 ], [ -73.830503629295919, 40.739160592721412 ], [ -73.830915886145021, 40.739136427991582 ], [ -73.831346844217336, 40.739111164552284 ], [ -73.83134697023165, 40.739109092639318 ], [ -73.831445135791753, 40.739103337250349 ], [ -73.831155288892091, 40.738570758746029 ], [ -73.831116442576487, 40.738499380585587 ], [ -73.831077397203316, 40.73842763652371 ], [ -73.831012328085905, 40.73830807232212 ], [ -73.83095757250409, 40.738207460076687 ], [ -73.830913733798255, 40.738126909105482 ], [ -73.830875857860264, 40.738057310818235 ], [ -73.830841723358773, 40.737994588870883 ], [ -73.830809266976317, 40.737934950003719 ], [ -73.83077238332902, 40.737867174758854 ], [ -73.830740142733006, 40.737807934244465 ], [ -73.830705023425878, 40.737743400815617 ], [ -73.830661965347389, 40.737664281814915 ], [ -73.830601238848431, 40.737552694158346 ], [ -73.830581530492452, 40.737516478210821 ], [ -73.830491232921801, 40.737474818259464 ], [ -73.830353280934787, 40.737411170577118 ], [ -73.830278875062504, 40.737376842450267 ], [ -73.83019624986072, 40.737338720867307 ], [ -73.830125240276871, 40.737305958167561 ], [ -73.830042635355866, 40.73726784553957 ], [ -73.829964499063436, 40.737231796243215 ], [ -73.829887477905928, 40.737196260042609 ], [ -73.829811627571786, 40.737161263958789 ], [ -73.82973386284803, 40.737125384299532 ], [ -73.829651114018631, 40.737087206339233 ], [ -73.829529503205762, 40.737031096557516 ], [ -73.829480403212884, 40.737008441796419 ], [ -73.829396692575372, 40.736999223420689 ], [ -73.8292698989043, 40.736985261193816 ], [ -73.829256366423095, 40.736985105165381 ], [ -73.829112151393289, 40.736983353908037 ], [ -73.829084147775333, 40.736983013314315 ], [ -73.829008978460564, 40.736987349271004 ], [ -73.828913412757302, 40.73699285973202 ], [ -73.828828400314904, 40.736997762625741 ], [ -73.828733859910471, 40.737003214141666 ], [ -73.828647830471681, 40.737008175708503 ], [ -73.828551950868203, 40.737013705227952 ], [ -73.828394209380619, 40.737022802065695 ], [ -73.828188003470373, 40.737034692620121 ], [ -73.828098222871716, 40.737039869707168 ], [ -73.828036713705771, 40.737131946711223 ], [ -73.82799528439989, 40.737191848741958 ], [ -73.827979742464052, 40.737292686054111 ], [ -73.827959016956399, 40.737427146891278 ], [ -73.827946857155723, 40.737506042140922 ], [ -73.827947448150269, 40.737537576102568 ], [ -73.82794946807563, 40.737645198914194 ], [ -73.827951506518176, 40.737753873529485 ], [ -73.827953668869142, 40.73786912561787 ], [ -73.827955816679207, 40.73798362306573 ], [ -73.827957895728602, 40.738094468888576 ], [ -73.827959984354521, 40.738205740638051 ], [ -73.827962163328806, 40.738321934676293 ], [ -73.827964217550729, 40.738431414366538 ], [ -73.827965566160614, 40.738503313880052 ], [ -73.827866167820758, 40.738505771255305 ], [ -73.827774834663231, 40.738508030877881 ], [ -73.827679303199389, 40.738510392147404 ], [ -73.827591524423511, 40.738512563331327 ], [ -73.827498385679263, 40.73851486495537 ], [ -73.82745520729776, 40.738515932228431 ], [ -73.827409542074136, 40.738521329776198 ], [ -73.827313660543552, 40.738532661111563 ], [ -73.82722784645054, 40.7385428026071 ], [ -73.827138979212279, 40.738553305048995 ], [ -73.827053081011584, 40.738563455322691 ], [ -73.827012344609471, 40.738568270317188 ], [ -73.826958368691692, 40.738589035052158 ], [ -73.826872038599262, 40.738622245588097 ], [ -73.826695262540099, 40.73869025249207 ], [ -73.82657275022369, 40.738737383343135 ], [ -73.826468080415253, 40.73877764845021 ], [ -73.826391769857295, 40.738807005200208 ], [ -73.826338003292165, 40.738827688893188 ], [ -73.826309303091051, 40.738841319770188 ], [ -73.826238145011331, 40.738875115598674 ], [ -73.826140504296191, 40.738921489271128 ], [ -73.826025971914476, 40.738975885195593 ], [ -73.825975925118726, 40.738999654968048 ], [ -73.825916856340868, 40.739044956692418 ], [ -73.825822019586766, 40.739117685909953 ], [ -73.825813762474851, 40.739128321026385 ], [ -73.825689860451917, 40.739287902499385 ], [ -73.825641635654364, 40.739350013137944 ], [ -73.825606538448781, 40.739395214988761 ], [ -73.825560848508729, 40.739454063336758 ], [ -73.825410926077296, 40.739480525201017 ], [ -73.825218043436749, 40.739462001655696 ], [ -73.824981754099255, 40.739439308992949 ], [ -73.825390916328359, 40.735546632021936 ], [ -73.825480486543256, 40.735105123263651 ], [ -73.825451905156029, 40.735102373833428 ], [ -73.825504906139571, 40.73445376991522 ], [ -73.825585869021566, 40.73346295090461 ], [ -73.825646745811426, 40.732717942142038 ], [ -73.82568350717915, 40.732268029573838 ], [ -73.826082563837787, 40.732192286499313 ], [ -73.826551681298113, 40.73210324177272 ], [ -73.82822538487143, 40.731794906766659 ], [ -73.828624089079284, 40.731721452431934 ], [ -73.828991117621712, 40.731684133927871 ], [ -73.829734201958388, 40.731608577473182 ], [ -73.830450057774144, 40.731467035327441 ], [ -73.831230103676305, 40.731264447419044 ], [ -73.833652199125737, 40.730635357245951 ], [ -73.833692837444033, 40.730642979312634 ], [ -73.834113666081691, 40.731398933961358 ], [ -73.83408081429323, 40.731437785900745 ], [ -73.833861025526488, 40.731697727609259 ], [ -73.833788590457814, 40.731786286162425 ], [ -73.833995624764242, 40.731943772520303 ], [ -73.834273035134331, 40.731962270941246 ], [ -73.834466589558318, 40.732049021850692 ], [ -73.834603535683414, 40.731905575880958 ], [ -73.834610590393737, 40.731898185676521 ], [ -73.834618234372229, 40.731920023151368 ], [ -73.83465379755269, 40.732021612095551 ], [ -73.834710487168152, 40.7321835483244 ], [ -73.834574017072953, 40.732327282308376 ], [ -73.834503503580976, 40.732401548603029 ], [ -73.834522208605847, 40.73242632600558 ], [ -73.834494160942498, 40.732434468566822 ], [ -73.83444453833755, 40.732512709040762 ], [ -73.834871414289935, 40.733107201820303 ], [ -73.834888272688147, 40.733100600950337 ], [ -73.835142748090391, 40.733491724593598 ], [ -73.835246101979706, 40.733459185954267 ], [ -73.835452629160287, 40.733810558362407 ], [ -73.835630564616523, 40.734076502452908 ], [ -73.835712975303849, 40.734251583614089 ], [ -73.835843544701802, 40.734693198442145 ], [ -73.835853164823632, 40.734725733111318 ], [ -73.835915495648365, 40.734905590575607 ], [ -73.835794524765106, 40.734931286857957 ], [ -73.835669257708773, 40.734957895469073 ], [ -73.835755180349551, 40.735379460713688 ], [ -73.835399922939388, 40.736179798715014 ], [ -73.835302006174345, 40.737198903581891 ], [ -73.835580073434102, 40.737885798405067 ], [ -73.835624478401513, 40.738039445325022 ], [ -73.835652168237274, 40.738146982158327 ], [ -73.835752724035373, 40.738537496931386 ], [ -73.835756090062915, 40.738556117069407 ], [ -73.835774924772238, 40.738660279586767 ], [ -73.836239617766111, 40.739248415373524 ], [ -73.836588653754674, 40.739690161442198 ], [ -73.836627850242934, 40.740194769901876 ], [ -73.8366555244518, 40.740551042023995 ], [ -73.83670223347174, 40.740732419253142 ], [ -73.836807170334438, 40.741139893078575 ], [ -73.836818323511025, 40.741183198138692 ], [ -73.837000797318481, 40.741891733097127 ], [ -73.836800593827832, 40.741954741578844 ], [ -73.836727737660382, 40.741999137699644 ], [ -73.836646948894867, 40.742052700461379 ], [ -73.836572584743422, 40.742106497502306 ], [ -73.836508402799481, 40.742156829365676 ], [ -73.836448183145862, 40.742207764744684 ], [ -73.83639564819174, 40.742255513355623 ], [ -73.83631996803436, 40.742330582826767 ], [ -73.836265764968246, 40.742389723112346 ], [ -73.836217148004351, 40.742447344019546 ], [ -73.836192309209466, 40.742478723754274 ], [ -73.836170037487335, 40.742508122464457 ], [ -73.83615011606399, 40.742535531647206 ], [ -73.836126392755787, 40.742569690140684 ], [ -73.836092188627163, 40.742622268903133 ], [ -73.836063092972765, 40.742670639711392 ], [ -73.836029125466851, 40.742732369715505 ], [ -73.836006374032863, 40.742777658972607 ], [ -73.835981853949349, 40.742830987209082 ], [ -73.835963162658473, 40.742875630195762 ], [ -73.83593824592343, 40.742942371854006 ], [ -73.835919250013688, 40.743001068648873 ], [ -73.835903716590451, 40.743056657379555 ], [ -73.835888411749124, 40.743123210943054 ], [ -73.835859267590649, 40.743119577257787 ], [ -73.835478796038302, 40.743072152680021 ], [ -73.834799632505892, 40.742966628938547 ] ] ] ] } },
{ "type": "Feature", "properties": { "Borough": "QN", "Block": 6501, "Lot": 21, "CD": 407, "BCT2020": "4080302", "BCTCB2020": "40803022007", "CT2010": "803.02", "CB2010": "2007", "SchoolDist": "25", "Council": 20, "ZipCode": 11367, "FireComp": "E299", "PolicePrct": 109, "HealthCent": 43, "HealthArea": 2012, "Sanitboro": "4", "SanitDistr": "07", "SanitSub": "2C", "Address": "63-48 136 STREET", "ZoneDist1": "R3-1", "ZoneDist2": null, "ZoneDist3": null, "ZoneDist4": null, "Overlay1": null, "Overlay2": null, "SPDist1": null, "SPDist2": null, "SPDist3": null, "LtdHeight": null, "SplitZone": "N", "BldgClass": "A5", "LandUse": "01", "Easements": 0, "OwnerType": null, "OwnerName": "KAVOD, POLINA P", "LotArea": 2796, "BldgArea": 1216, "ComArea": 0, "ResArea": 1216, "OfficeArea": 0, "RetailArea": 0, "GarageArea": 0, "StrgeArea": 0, "FactryArea": 0, "OtherArea": 0, "AreaSource": "2", "NumBldgs": 2, "NumFloors": 2.0, "UnitsRes": 1, "UnitsTotal": 1, "LotFront": 25.42, "LotDepth": 110.0, "BldgFront": 16.0, "BldgDepth": 38.0, "Ext": "G", "ProxCode": "2", "IrrLotCode": "N", "LotType": "5", "BsmtCode": "2", "AssessLand": 8880.0, "AssessTot": 51660.0, "ExemptTot": 0.0, "YearBuilt": 1950, "YearAlter1": 0, "YearAlter2": 0, "HistDist": null, "Landmark": null, "BuiltFAR": 0.43, "ResidFAR": 0.75, "CommFAR": 0.0, "FacilFAR": 1.0, "BoroCode": 4, "BBL": 4065010021.0000005, "CondoNo": 0, "Tract2010": "080302", "XCoord": 1031148, "YCoord": 208497, "ZoneMap": "10b", "ZMCode": null, "Sanborn": "424 109", "TaxMap": "43003", "EDesigNum": null, "APPBBL": 0.0, "APPDate": null, "PLUTOMapID": "1", "FIRM07_FLA": null, "PFIRM15_FL": null, "Version": "25v4", "DCPEdited": "t", "Latitude": 40.7388283, "Longitude": -73.8307659, "Notes": null, "Shape_Leng": 0.0, "Shape_Area": 2760.317456 }, "geometry": { "type": "MultiPolygon", "coordinates": [ [ [ [ -73.830562744166031, 40.738806554884746 ], [ -73.830974997705042, 40.738782389105154 ], [ -73.830963814970701, 40.738849363239389 ], [ -73.830551562337675, 40.738873527224435 ], [ -73.830562744166031, 40.738806554884746 ] ] ] ] } },
{ "type": "Feature", "properties": { "Borough": "QN", "Block": 6501, "Lot": 70, "CD": 407, "BCT2020": "4080302", "BCTCB2020": "40803022007", "CT2010": "803.02", "CB2010": "2007", "SchoolDist": "25", "Council": 20, "ZipCode": 11367, "FireComp": "E299", "PolicePrct": 109, "HealthCent": 43, "HealthArea": 2012, "Sanitboro": "4", "SanitDistr": "07", "SanitSub": "2C", "Address": "64-55 138 STREET", "ZoneDist1": "R3-1", "ZoneDist2": null, "ZoneDist3": null, "ZoneDist4": null, "Overlay1": null, "Overlay2": null, "SPDist1": null, "SPDist2": null, "SPDist3": null, "LtdHeight": null, "SplitZone": "N", "BldgClass": "A5", "LandUse": "01", "Easements": 0, "OwnerType": null, "OwnerName": "HERREROS, FRANCISCO", "LotArea": 4712, "BldgArea": 2560, "ComArea": 0, "ResArea": 2560, "OfficeArea": 0, "RetailArea": 0, "GarageArea": 0, "StrgeArea": 0, "FactryArea": 0, "OtherArea": 0, "AreaSource": "2", "NumBldgs": 1, "NumFloors": 2.0, "UnitsRes": 1, "UnitsTotal": 1, "LotFront": 21.17, "LotDepth": 126.0, "BldgFront": 16.0, "BldgDepth": 67.33, "Ext": "E", "ProxCode": "2", "IrrLotCode": "Y", "LotType": "5", "BsmtCode": "2", "AssessLand": 17820.0, "AssessTot": 105240.0, "ExemptTot": 0.0, "YearBuilt": 1950, "YearAlter1": 2016, "YearAlter2": 0, "HistDist": null, "Landmark": null, "BuiltFAR": 0.54, "ResidFAR": 0.75, "CommFAR": 0.0, "FacilFAR": 1.0, "BoroCode": 4, "BBL": 4065010070.0, "CondoNo": 0, "Tract2010": "080302", "XCoord": 1031848, "YCoord": 207905, "ZoneMap": "14a", "ZMCode": null, "Sanborn": "424 109", "TaxMap": "43003", "EDesigNum": null, "APPBBL": 0.0, "APPDate": null, "PLUTOMapID": "1", "FIRM07_FLA": null, "PFIRM15_FL": null, "Version": "25v4", "DCPEdited": null, "Latitude": 40.7371997, "Longitude": -73.8282441, "Notes": null, "Shape_Leng": 0.0, "Shape_Area": 5049.2149053000003 }, "geometry": { "type": "MultiPolygon", "coordinates": [ [ [ [ -73.828036713705771, 40.737131946711223 ], [ -73.828188003470373, 40.737034692620121 ], [ -73.828447160125734, 40.737337789750157 ], [ -73.82843129991258, 40.737346436156635 ], [ -73.828410380362143, 40.737359931498382 ], [ -73.828386958799086, 40.73737864610208 ], [ -73.828036713705771, 40.737131946711223 ] ] ] ] } },
{ "type": "Feature", "properties": { "Borough": "QN", "Block": 6501, "Lot": 71, "CD": 408, "BCT2020": "4079300", "BCTCB2020": "40793001000", "CT2010": "793", "CB2010": "1000", "SchoolDist": "25", "Council": 24, "ZipCode": 11367, "FireComp": "E299", "PolicePrct": 107, "HealthCent": 43, "HealthArea": 2012, "Sanitboro": "4", "SanitDistr": "08", "SanitSub": "3C", "Address": "64 ROAD", "ZoneDist1": "R3-1", "ZoneDist2": null, "ZoneDist3": null, "ZoneDist4": null, "Overlay1": null, "Overlay2": null, "SPDist1": null, "SPDist2": null, "SPDist3": null, "LtdHeight": null, "SplitZone": "N", "BldgClass": "V0", "LandUse": "11", "Easements": 0, "OwnerType": null, "OwnerName": "CEDAR GROVE CEMETRY A", "LotArea": 450, "BldgArea": 0, "ComArea": 0, "ResArea": 0, "OfficeArea": 0, "RetailArea": 0, "GarageArea": 0, "StrgeArea": 0, "FactryArea": 0, "OtherArea": 0, "AreaSource": "7", "NumBldgs": 0, "NumFloors": 0.0, "UnitsRes": 0, "UnitsTotal": 0, "LotFront": 54.0, "LotDepth": 36.0, "BldgFront": 0.0, "BldgDepth": 0.0, "Ext": null, "ProxCode": "0", "IrrLotCode": "Y", "LotType": "5", "BsmtCode": "5", "AssessLand": 60.0, "AssessTot": 60.0, "ExemptTot": 0.0, "YearBuilt": 0, "YearAlter1": 0, "YearAlter2": 0, "HistDist": null, "Landmark": null, "BuiltFAR": 0.0, "ResidFAR": 0.75, "CommFAR": 0.0, "FacilFAR": 1.0, "BoroCode": 4, "BBL": 4065010071.0, "CondoNo": 0, "Tract2010": "0793", "XCoord": 1031885, "YCoord": 207857, "ZoneMap": "14a", "ZMCode": null, "Sanborn": "424 109", "TaxMap": "43003", "EDesigNum": null, "APPBBL": 0.0, "APPDate": null, "PLUTOMapID": "1", "FIRM07_FLA": null, "PFIRM15_FL": null, "Version": "25v4", "DCPEdited": null, "Latitude": 40.7370678, "Longitude": -73.828111, "Notes": null, "Shape_Leng": 0.0, "Shape_Area": 401.2548773 }, "geometry": { "type": "MultiPolygon", "coordinates": [ [ [ [ -73.828036713705771, 40.737131946711223 ], [ -73.828098222871716, 40.737039869707168 ], [ -73.828188003470373, 40.737034692620121 ], [ -73.828036713705771, 40.737131946711223 ] ] ] ] } },
{ "type": "Feature", "properties": { "Borough": "QN", "Block": 6501, "Lot": 137, "CD": 407, "BCT2020": "4080302", "BCTCB2020": "40803022007", "CT2010": "803.02", "CB2010": "2007", "SchoolDist": "25", "Council": 20, "ZipCode": 11367, "FireComp": "E299", "PolicePrct": 109, "HealthCent": 43, "HealthArea": 2012, "Sanitboro": "4", "SanitDistr": "07", "SanitSub": "2C", "Address": "138-70 63 AVENUE", "ZoneDist1": "R3-1", "ZoneDist2": null, "ZoneDist3": null, "ZoneDist4": null, "Overlay1": null, "Overlay2": null, "SPDist1": null, "SPDist2": null, "SPDist3": null, "LtdHeight": null, "SplitZone": "N", "BldgClass": "A0", "LandUse": "01", "Easements": 0, "OwnerType": null, "OwnerName": "ZHANG, TIEJUN", "LotArea": 5024, "BldgArea": 1150, "ComArea": 0, "ResArea": 1150, "OfficeArea": 0, "RetailArea": 0, "GarageArea": 0, "StrgeArea": 0, "FactryArea": 0, "OtherArea": 0, "AreaSource": "2", "NumBldgs": 1, "NumFloors": 1.67, "UnitsRes": 1, "UnitsTotal": 1, "LotFront": 50.0, "LotDepth": 100.0, "BldgFront": 30.0, "BldgDepth": 25.0, "Ext": "EG", "ProxCode": "1", "IrrLotCode": "Y", "LotType": "5", "BsmtCode": "2", "AssessLand": 12900.0, "AssessTot": 61980.0, "ExemptTot": 0.0, "YearBuilt": 1945, "YearAlter1": 0, "YearAlter2": 0, "HistDist": null, "Landmark": null, "BuiltFAR": 0.23, "ResidFAR": 0.75, "CommFAR": 0.0, "FacilFAR": 1.0, "BoroCode": 4, "BBL": 4065010137.0, "CondoNo": 0, "Tract2010": "080302", "XCoord": 1032554, "YCoord": 208743, "ZoneMap": "10b", "ZMCode": null, "Sanborn": "424 109", "TaxMap": "43003", "EDesigNum": null, "APPBBL": 0.0, "APPDate": null, "PLUTOMapID": "1", "FIRM07_FLA": null, "PFIRM15_FL": null, "Version": "25v4", "DCPEdited": null, "Latitude": 40.739496, "Longitude": -73.8256906, "Notes": null, "Shape_Leng": 0.0, "Shape_Area": 5423.0739841000004 }, "geometry": { "type": "MultiPolygon", "coordinates": [ [ [ [ -73.825565857945961, 40.739625293524249 ], [ -73.825606538448781, 40.739395214988761 ], [ -73.825641635654364, 40.739350013137944 ], [ -73.825807366933347, 40.739365951856492 ], [ -73.825758238005619, 40.739643795981287 ], [ -73.825565857945961, 40.739625293524249 ] ] ] ] } },
{ "type": "Feature", "properties": { "Borough": "QN", "Block": 6501, "Lot": 143, "CD": 407, "BCT2020": "4080302", "BCTCB2020": "40803022007", "CT2010": "803.02", "CB2010": "2007", "SchoolDist": "25", "Council": 20, "ZipCode": 11367, "FireComp": "E299", "PolicePrct": 109, "HealthCent": 43, "HealthArea": 2012, "Sanitboro": "4", "SanitDistr": "07", "SanitSub": "2C", "Address": "138-80 63 AVENUE", "ZoneDist1": "R4", "ZoneDist2": null, "ZoneDist3": null, "ZoneDist4": null, "Overlay1": null, "Overlay2": null, "SPDist1": null, "SPDist2": null, "SPDist3": null, "LtdHeight": null, "SplitZone": "N", "BldgClass": "B2", "LandUse": "01", "Easements": 0, "OwnerType": null, "OwnerName": "BLACK DIANA C", "LotArea": 2622, "BldgArea": 1600, "ComArea": 0, "ResArea": 1600, "OfficeArea": 0, "RetailArea": 0, "GarageArea": 0, "StrgeArea": 0, "FactryArea": 0, "OtherArea": 0, "AreaSource": "2", "NumBldgs": 1, "NumFloors": 2.0, "UnitsRes": 2, "UnitsTotal": 2, "LotFront": 57.0, "LotDepth": 45.0, "BldgFront": 45.0, "BldgDepth": 20.0, "Ext": "G", "ProxCode": "2", "IrrLotCode": "Y", "LotType": "5", "BsmtCode": "2", "AssessLand": 10680.0, "AssessTot": 63900.0, "ExemptTot": 0.0, "YearBuilt": 1950, "YearAlter1": 0, "YearAlter2": 0, "HistDist": null, "Landmark": null, "BuiltFAR": 0.61, "ResidFAR": 1.0, "CommFAR": 0.0, "FacilFAR": 2.0, "BoroCode": 4, "BBL": 4065010143.0, "CondoNo": 0, "Tract2010": "080302", "XCoord": 1032661, "YCoord": 208757, "ZoneMap": "10b", "ZMCode": null, "Sanborn": "424 109", "TaxMap": "43003", "EDesigNum": null, "APPBBL": 0.0, "APPDate": null, "PLUTOMapID": "1", "FIRM07_FLA": null, "PFIRM15_FL": null, "Version": "25v4", "DCPEdited": null, "Latitude": 40.7395338, "Longitude": -73.8253043, "Notes": null, "Shape_Leng": 0.0, "Shape_Area": 2528.7486316 }, "geometry": { "type": "MultiPolygon", "coordinates": [ [ [ [ -73.825195469570374, 40.739589672888201 ], [ -73.825218043436749, 40.739462001655696 ], [ -73.825410926077296, 40.739480525201017 ], [ -73.825388347772773, 40.739608223570151 ], [ -73.825195469570374, 40.739589672888201 ] ] ] ] } }
]
}
